{
"type": "FeatureCollection",
"name": "Мосты_туннели",
"crs": { "type": "name", "properties": { "name": "urn:ogc:def:crs:OGC:1.3:CRS84" } },
"features": [
{ "type": "Feature", "properties": { "full_id": "w22787798", "osm_id": "22787798", "Туман": "Мирзо Улуғбек", "Адрес": "Паркент кўчаси", "Тури": "Темир йўл кўприги", "xcoord": 69.312181706029165, "ycoord": 41.318591596774944, "Узунл": 73.19 }, "geometry": { "type": "MultiLineString", "coordinates": [ [ [ 69.3120672, 41.318271 ], [ 69.3122975, 41.3189067 ] ] ] } },
{ "type": "Feature", "properties": { "full_id": "w22788030", "osm_id": "22788030", "Туман": "Мирзо Улуғбек", "Адрес": "Мустақиллик шоҳкўчаси", "Тури": "Темир йўл кўприги", "xcoord": 69.313371648113204, "ycoord": 41.322410040755685, "Узунл": 109.66 }, "geometry": { "type": "MultiLineString", "coordinates": [ [ [ 69.3135202, 41.3228774 ], [ 69.3133848, 41.3224538 ], [ 69.3132202, 41.3219163 ] ] ] } },
{ "type": "Feature", "properties": { "full_id": "w22788040", "osm_id": "22788040", "Туман": "Мирзо Улуғбек", "Адрес": "Кичик ҳалқа йўли кўчаси", "Тури": "Темир йўл кўприги", "xcoord": 69.313587550750299, "ycoord": 41.332098860059617, "Узунл": 45.72 }, "geometry": { "type": "MultiLineString", "coordinates": [ [ [ 69.313718810406897, 41.331895145885291 ], [ 69.313479671011279, 41.332265276119635 ] ] ] } },
{ "type": "Feature", "properties": { "full_id": "w22795399", "osm_id": "22795399", "Туман": "Мирзо Улуғбек", "Адрес": "Мустақиллик шоҳ кўчаси", "Тури": "Автомобиль йўл ўтказгичлари", "xcoord": 69.293386372168726, "ycoord": 41.317109558768763, "Узунл": 107.19 }, "geometry": { "type": "MultiLineString", "coordinates": [ [ [ 69.293928838895951, 41.317352219294165 ], [ 69.29282793889594, 41.316859619294164 ] ] ] } },
{ "type": "Feature", "properties": { "full_id": "w22804150", "osm_id": "22804150", "Туман": "Бектемир", "Адрес": "Оҳангарон шоҳ кўчаси", "Тури": "Автомобиль кўприги", "xcoord": 69.375452132733429, "ycoord": 41.261566122167771, "Узунл": 109.13 }, "geometry": { "type": "MultiLineString", "coordinates": [ [ [ 69.375810034245561, 41.261147768536397 ], [ 69.375103134245563, 41.261972968536391 ] ] ] } },
{ "type": "Feature", "properties": { "full_id": "w22813408", "osm_id": "22813408", "Туман": "Юнусобод", "Адрес": "Aмир Темур шоҳ кўчаси", "Тури": "Автомобиль кўприги", "xcoord": 69.286648680886856, "ycoord": 41.345262939757269, "Узунл": 73.34 }, "geometry": { "type": "MultiLineString", "coordinates": [ [ [ 69.286707001325212, 41.345581952395591 ], [ 69.286643101325211, 41.345231852395592 ], [ 69.286587501325201, 41.344927752395591 ] ] ] } },
{ "type": "Feature", "properties": { "full_id": "w22819602", "osm_id": "22819602", "Туман": "Мирзо Улуғбек", "Адрес": "Кичик Ҳалқа йўли", "Тури": "Автомобиль йўл ўтказгичлари", "xcoord": 69.312568419538025, "ycoord": 41.322161895367159, "Узунл": 123.5 }, "geometry": { "type": "MultiLineString", "coordinates": [ [ [ 69.312768471507141, 41.322761397775068 ], [ 69.312407700862749, 41.32168315423538 ] ] ] } },
{ "type": "Feature", "properties": { "full_id": "w22819606", "osm_id": "22819606", "Туман": "Яшнобод", "Адрес": "Кичик Ҳалқа йўли кўчаси", "Тури": "Автомобиль йўл ўтказгичлари", "xcoord": 69.301668848616657, "ycoord": 41.307384431045357, "Узунл": 97.36 }, "geometry": { "type": "MultiLineString", "coordinates": [ [ [ 69.302124468585077, 41.307670800627044 ], [ 69.301231517758694, 41.307109468538634 ] ] ] } },
{ "type": "Feature", "properties": { "full_id": "w22871672", "osm_id": "22871672", "Туман": "Чилонзор", "Адрес": "Гавхар кўчаси", "Тури": "Автомобиль йўл ўтказгичлари", "xcoord": 69.192742210686049, "ycoord": 41.256211676710741, "Узунл": 272.64 }, "geometry": { "type": "MultiLineString", "coordinates": [ [ [ 69.193806175385902, 41.25523032856789 ], [ 69.191746175385902, 41.257130328567889 ] ] ] } },
{ "type": "Feature", "properties": { "full_id": "w22871682", "osm_id": "22871682", "Туман": "Чилонзор", "Адрес": "Бунёдкор шоҳ кўчаси", "Тури": "Автомобиль йўл ўтказгичлари", "xcoord": 69.167773810958849, "ycoord": 41.238572667826389, "Узунл": 60.27 }, "geometry": { "type": "MultiLineString", "coordinates": [ [ [ 69.168004619741538, 41.23880797488706 ], [ 69.167576619741538, 41.238371874887058 ] ] ] } },
{ "type": "Feature", "properties": { "full_id": "w22887841", "osm_id": "22887841", "Туман": "Юнусобод", "Адрес": "Катта ҳалқа йўли кўчаси", "Тури": "Автомобиль кўприги", "xcoord": 69.228247939945064, "ycoord": 41.394928229549926, "Узунл": 67.67 }, "geometry": { "type": "MultiLineString", "coordinates": [ [ [ 69.228566629530405, 41.395129657574245 ], [ 69.227945129530411, 41.394739457574246 ] ] ] } },
{ "type": "Feature", "properties": { "full_id": "w25889532", "osm_id": "25889532", "Туман": "Мирзо Улуғбек", "Адрес": "Кичик Ҳалқа йўли", "Тури": "Автомобиль йўл ўтказгичлари", "xcoord": 69.311478804831282, "ycoord": 41.318897677169574, "Узунл": 493.72 }, "geometry": { "type": "MultiLineString", "coordinates": [ [ [ 69.312169437759067, 41.320956871487688 ], [ 69.311113458349567, 41.317806838791974 ], [ 69.310983351948991, 41.317449740332016 ], [ 69.310891879292654, 41.317227726812639 ], [ 69.310747804383368, 41.316968620847838 ], [ 69.310571705062884, 41.316685541958812 ] ] ] } },
{ "type": "Feature", "properties": { "full_id": "w27656544", "osm_id": "27656544", "Туман": "Учтепа", "Адрес": "Кўкча Дарвоза кўчаси", "Тури": "Автомобиль кўприги", "xcoord": 69.148701740154863, "ycoord": 41.305795176300478, "Узунл": 76.24 }, "geometry": { "type": "MultiLineString", "coordinates": [ [ [ 69.148253587606362, 41.305805660578557 ], [ 69.149163387606364, 41.305782360578554 ] ] ] } },
{ "type": "Feature", "properties": { "full_id": "w30168905", "osm_id": "30168905", "Туман": "Яшнобод", "Адрес": "Фарғона йўли кўчаси", "Тури": "Автомобиль йўл ўтказгичлари", "xcoord": 69.293982, "ycoord": 41.2963549, "Узунл": 237.18 }, "geometry": { "type": "MultiLineString", "coordinates": [ [ [ 69.2928841, 41.2959107 ], [ 69.2933244, 41.2961576 ], [ 69.2934837, 41.2962413 ], [ 69.2935386, 41.2962637 ], [ 69.2935934, 41.2962821 ], [ 69.2936755, 41.2963055 ], [ 69.2937576, 41.2963243 ], [ 69.2938371, 41.2963379 ], [ 69.2939165, 41.2963481 ], [ 69.293982, 41.2963549 ], [ 69.2940475, 41.2963577 ], [ 69.2941184, 41.296359 ], [ 69.2941893, 41.2963569 ], [ 69.2942665, 41.2963502 ], [ 69.2943424, 41.2963415 ], [ 69.2944343, 41.2963203 ], [ 69.2945261, 41.2962961 ], [ 69.2946274, 41.2962562 ], [ 69.2947117, 41.2962164 ], [ 69.2947927, 41.2961688 ], [ 69.2950198, 41.2959984 ], [ 69.2952854, 41.2958012 ] ] ] } },
{ "type": "Feature", "properties": { "full_id": "w31742415", "osm_id": "31742415", "Туман": "Чилонзор", "Адрес": "Фурқат кўчаси", "Тури": "Автомобиль кўприги", "xcoord": 69.249036013595827, "ycoord": 41.300633818754861, "Узунл": 91.85 }, "geometry": { "type": "MultiLineString", "coordinates": [ [ [ 69.2491951, 41.3002426 ], [ 69.2490705, 41.3005479 ], [ 69.2488685, 41.3010321 ] ] ] } },
{ "type": "Feature", "properties": { "full_id": "w31742676", "osm_id": "31742676", "Туман": "Чилонзор", "Адрес": "Ислом Каримов кўчаси", "Тури": "Автомобиль кўприги", "xcoord": 69.259901423727058, "ycoord": 41.311088351815641, "Узунл": 68.39 }, "geometry": { "type": "MultiLineString", "coordinates": [ [ [ 69.26040800327273, 41.31104653544692 ], [ 69.259596109073811, 41.311113672784572 ] ] ] } },
{ "type": "Feature", "properties": { "full_id": "w31743156", "osm_id": "31743156", "Туман": "Учтепа", "Адрес": "Фарҳод кўчаси", "Тури": "Автомобиль кўприги", "xcoord": 69.175112482810519, "ycoord": 41.296948148423738, "Узунл": 146.85 }, "geometry": { "type": "MultiLineString", "coordinates": [ [ [ 69.174721299292059, 41.297448338303646 ], [ 69.175611599292068, 41.29630923830365 ] ] ] } },
{ "type": "Feature", "properties": { "full_id": "w31975576", "osm_id": "31975576", "Туман": "Юнусобод", "Адрес": "Бўзсув канали", "Тури": "Автомобиль кўприги", "xcoord": 69.272330161141113, "ycoord": 41.329769320689373, "Узунл": 143.83 }, "geometry": { "type": "MultiLineString", "coordinates": [ [ [ 69.271788660525758, 41.330162204518373 ], [ 69.273026660525758, 41.329264204518374 ] ] ] } },
{ "type": "Feature", "properties": { "full_id": "w32003442", "osm_id": "32003442", "Туман": "Юнусобод", "Адрес": "Бўзсув канали", "Тури": "Автомобиль кўприги", "xcoord": 69.267237149185902, "ycoord": 41.319894105785067, "Узунл": 47.45 }, "geometry": { "type": "MultiLineString", "coordinates": [ [ [ 69.267525431455752, 41.319828705581607 ], [ 69.266983414858345, 41.319953553562478 ] ] ] } },
{ "type": "Feature", "properties": { "full_id": "w32055662", "osm_id": "32055662", "Туман": "Чилонзор", "Адрес": "Бўзсув канали", "Тури": "Пиёдалар кўприги", "xcoord": 69.231713852624239, "ycoord": 41.299595135864038, "Узунл": 30.11 }, "geometry": { "type": "MultiLineString", "coordinates": [ [ [ 69.2316052, 41.2994864 ], [ 69.2318229, 41.2997022 ] ] ] } },
{ "type": "Feature", "properties": { "full_id": "w32055670", "osm_id": "32055670", "Туман": "Чилонзор", "Адрес": "Бўзсув канали", "Тури": "Пиёдалар кўприги", "xcoord": 69.230665209946082, "ycoord": 41.299916599558266, "Узунл": 32.45 }, "geometry": { "type": "MultiLineString", "coordinates": [ [ [ 69.230740119568623, 41.300049348049093 ], [ 69.230588769316995, 41.299780417048893 ] ] ] } },
{ "type": "Feature", "properties": { "full_id": "w32062441", "osm_id": "32062441", "Туман": "Мирзо Улуғбек", "Адрес": "Зиёлилар кўчаси", "Тури": "Темир йўл кўприги", "xcoord": 69.311800083882716, "ycoord": 41.334810934487429, "Узунл": 41.94 }, "geometry": { "type": "MultiLineString", "coordinates": [ [ [ 69.311695276138167, 41.334985933004752 ], [ 69.311901118381741, 41.334641674444015 ] ] ] } },
{ "type": "Feature", "properties": { "full_id": "w32082081", "osm_id": "32082081", "Туман": "Миробод", "Адрес": "Салор канали", "Тури": "Автомобиль кўприги", "xcoord": 69.284983664803192, "ycoord": 41.293515422132231, "Узунл": 39.68 }, "geometry": { "type": "MultiLineString", "coordinates": [ [ [ 69.284834139632295, 41.293644053673333 ], [ 69.2851464396323, 41.293375453673335 ] ] ] } },
{ "type": "Feature", "properties": { "full_id": "w32082260", "osm_id": "32082260", "Туман": "Миробод", "Адрес": "Aмир Темур шоҳ кўчаси", "Тури": "Автомобиль кўприги", "xcoord": 69.288607226135383, "ycoord": 41.294508612559184, "Узунл": 37.63 }, "geometry": { "type": "MultiLineString", "coordinates": [ [ [ 69.2887524, 41.2943752 ], [ 69.2884666, 41.2946366 ] ] ] } },
{ "type": "Feature", "properties": { "full_id": "w32082482", "osm_id": "32082482", "Туман": "Миробод", "Адрес": "Салор канали", "Тури": "Автомобиль кўприги", "xcoord": 69.284573337058205, "ycoord": 41.293255795358469, "Узунл": 34.6 }, "geometry": { "type": "MultiLineString", "coordinates": [ [ [ 69.284441389833404, 41.293373727736046 ], [ 69.284708392750233, 41.293136024443946 ] ] ] } },
{ "type": "Feature", "properties": { "full_id": "w32084890", "osm_id": "32084890", "Туман": "Юнусобод", "Адрес": "Кичик ҳалқа йўли кўчаси", "Тури": "Автомобиль йўл ўтказгичлари", "xcoord": 69.28438822089025, "ycoord": 41.333249331164353, "Узунл": 549.54 }, "geometry": { "type": "MultiLineString", "coordinates": [ [ [ 69.280966520264329, 41.334087772960167 ], [ 69.281505181752422, 41.333868779400781 ], [ 69.281729026252449, 41.333786029857279 ], [ 69.28214724809385, 41.33366098658253 ], [ 69.282831976352654, 41.333477717266838 ], [ 69.282961054575665, 41.333449617501124 ], [ 69.283208613005641, 41.333403181811832 ], [ 69.283441386050029, 41.333364801694657 ], [ 69.283706455868128, 41.333325768667436 ], [ 69.28400724980547, 41.33328779255578 ], [ 69.2841827262572, 41.333268742285597 ], [ 69.284324791771752, 41.333256361892175 ], [ 69.284642699707248, 41.333221778853684 ], [ 69.284893782072842, 41.333199676322074 ], [ 69.286092350241773, 41.333125385375041 ], [ 69.286396288409861, 41.333111740702257 ], [ 69.286690719084547, 41.333096400403171 ], [ 69.286818762936221, 41.333092930802522 ], [ 69.287316814276295, 41.333064478935391 ] ] ] } },
{ "type": "Feature", "properties": { "full_id": "w32140853", "osm_id": "32140853", "Туман": "Юнусобод", "Адрес": "Аҳмад Дониш кўчаси", "Тури": "Автомобиль йўл ўтказгичлари", "xcoord": 69.287635641893047, "ycoord": 41.364124579576, "Узунл": 459.5 }, "geometry": { "type": "MultiLineString", "coordinates": [ [ [ 69.290370791030682, 41.36533323842179 ], [ 69.285633591030688, 41.363240238421788 ] ] ] } },
{ "type": "Feature", "properties": { "full_id": "w32140954", "osm_id": "32140954", "Туман": "Олмазор", "Адрес": "Аҳмад Дониш кўчаси", "Тури": "Автомобиль йўл ўтказгичлари", "xcoord": 69.262849214356805, "ycoord": 41.349406411729518, "Узунл": 863.46 }, "geometry": { "type": "MultiLineString", "coordinates": [ [ [ 69.265314788898337, 41.351680065698496 ], [ 69.262567140364013, 41.349145462723122 ], [ 69.259291041301651, 41.346024249685996 ], [ 69.258870509955543, 41.345609025582874 ] ] ] } },
{ "type": "Feature", "properties": { "full_id": "w32141324", "osm_id": "32141324", "Туман": "Юнусобод", "Адрес": "Аҳмад Дониш кўчаси", "Тури": "Автомобиль йўл ўтказгичлари", "xcoord": 69.269516775259916, "ycoord": 41.355531554731925, "Узунл": 349.58 }, "geometry": { "type": "MultiLineString", "coordinates": [ [ [ 69.267879954710082, 41.354087707358268 ], [ 69.268316715929245, 41.35449351742168 ], [ 69.268995138248229, 41.355096088096083 ], [ 69.269580676619867, 41.355584701034147 ], [ 69.270247726412563, 41.356158775255714 ], [ 69.270408696050794, 41.356286362334345 ], [ 69.270628834449852, 41.356456559491519 ] ] ] } },
{ "type": "Feature", "properties": { "full_id": "w32205094", "osm_id": "32205094", "Туман": "Юнусобод", "Адрес": "Aмир Темур шоҳ кўчаси", "Тури": "Автомобиль кўприги", "xcoord": 69.28737579844514, "ycoord": 41.349163556918789, "Узунл": 61.34 }, "geometry": { "type": "MultiLineString", "coordinates": [ [ [ 69.287332641990474, 41.348893397434438 ], [ 69.287420941990462, 41.349441697434436 ] ] ] } },
{ "type": "Feature", "properties": { "full_id": "w81250898", "osm_id": "81250898", "Туман": "Яшнобод", "Адрес": "Қорасув канали", "Тури": "Автомобиль кўприги", "xcoord": 69.318554483505608, "ycoord": 41.286297383090115, "Узунл": 19.59 }, "geometry": { "type": "MultiLineString", "coordinates": [ [ [ 69.318491073212272, 41.286362983217941 ], [ 69.318630122122173, 41.286221107048128 ] ] ] } },
{ "type": "Feature", "properties": { "full_id": "w82101246", "osm_id": "82101246", "Туман": "Миробод", "Адрес": "Ҳайдар Алиев кўчаси", "Тури": "Темир йўл кўприги", "xcoord": 69.282728340210085, "ycoord": 41.288160162887458, "Узунл": 42.04 }, "geometry": { "type": "MultiLineString", "coordinates": [ [ [ 69.282940862056563, 41.288299157077155 ], [ 69.282560962056564, 41.288051757077156 ] ] ] } },
{ "type": "Feature", "properties": { "full_id": "w91896176", "osm_id": "91896176", "Туман": "Олмазор", "Адрес": "Дамаши канали", "Тури": "Автомобиль кўприги", "xcoord": 69.192989527079192, "ycoord": 41.368980174261161, "Узунл": 24.1 }, "geometry": { "type": "MultiLineString", "coordinates": [ [ [ 69.193117197687172, 41.369018992885692 ], [ 69.19284969768718, 41.368938492885697 ] ] ] } },
{ "type": "Feature", "properties": { "full_id": "w95664579", "osm_id": "95664579", "Туман": "Янгихает", "Адрес": "Чирчик", "Тури": "Автомобиль кўприги", "xcoord": 69.230965956256057, "ycoord": 41.170614318012206, "Узунл": 98.3 }, "geometry": { "type": "MultiLineString", "coordinates": [ [ [ 69.2304858, 41.1708842 ], [ 69.2314242, 41.1703545 ] ] ] } },
{ "type": "Feature", "properties": { "full_id": "w95933957", "osm_id": "95933957", "Туман": "Чилонзор", "Адрес": "Бунёдкор шоҳ кўчаси", "Тури": "Автомобиль йўл ўтказгичлари", "xcoord": 69.204611391328214, "ycoord": 41.274340993039544, "Узунл": 207.34 }, "geometry": { "type": "MultiLineString", "coordinates": [ [ [ 69.205251416416431, 41.275138253779602 ], [ 69.204063616416434, 41.273657453779599 ], [ 69.203975716416437, 41.273538553779602 ] ] ] } },
{ "type": "Feature", "properties": { "full_id": "w96786502", "osm_id": "96786502", "Туман": "Юнусобод", "Адрес": "Бўзсув канали", "Тури": "Автомобиль кўприги", "xcoord": 69.274850698580721, "ycoord": 41.337465224753387, "Узунл": 65.28 }, "geometry": { "type": "MultiLineString", "coordinates": [ [ [ 69.275150784992064, 41.337298528847406 ], [ 69.274522932928164, 41.337647166019714 ] ] ] } },
{ "type": "Feature", "properties": { "full_id": "w96925046", "osm_id": "96925046", "Туман": "Учтепа", "Адрес": "Бўзсув канали", "Тури": "Автомобиль кўприги", "xcoord": 69.193841977950257, "ycoord": 41.302809354144728, "Узунл": 127.87 }, "geometry": { "type": "MultiLineString", "coordinates": [ [ [ 69.193829230763626, 41.3032462146857 ], [ 69.193836130763614, 41.303008814685697 ], [ 69.193862630763618, 41.302095114685699 ] ] ] } },
{ "type": "Feature", "properties": { "full_id": "w98674869", "osm_id": "98674869", "Туман": "Миробод", "Адрес": "Чирчик дарёси", "Тури": "Пиёдалар кўприги", "xcoord": 69.300084955537898, "ycoord": 41.265189192033759, "Узунл": 32.0 }, "geometry": { "type": "MultiLineString", "coordinates": [ [ [ 69.300007933260048, 41.265321719240511 ], [ 69.300161223556145, 41.265057812422981 ] ] ] } },
{ "type": "Feature", "properties": { "full_id": "w99464392", "osm_id": "99464392", "Туман": "Мирзо Улуғбек", "Адрес": "Зиёлилар кўчаси", "Тури": "Автомобиль йўл ўтказгичлари", "xcoord": 69.311208183258884, "ycoord": 41.334762699794979, "Узунл": 80.63 }, "geometry": { "type": "MultiLineString", "coordinates": [ [ [ 69.3115769, 41.3344979 ], [ 69.3115033, 41.3345619 ], [ 69.3114267, 41.3346223 ], [ 69.3113407, 41.3346831 ], [ 69.3112558, 41.3347365 ], [ 69.3111649, 41.3347859 ], [ 69.3110741, 41.3348301 ], [ 69.3109798, 41.3348679 ], [ 69.3108862, 41.334901 ], [ 69.3108095, 41.334921 ] ] ] } },
{ "type": "Feature", "properties": { "full_id": "w99684210", "osm_id": "99684210", "Туман": "Юнусобод", "Адрес": "Бўзсув канали", "Тури": "Автомобиль кўприги", "xcoord": 69.330712557469624, "ycoord": 41.365098044790336, "Узунл": 62.8 }, "geometry": { "type": "MultiLineString", "coordinates": [ [ [ 69.330980956030629, 41.364889603767544 ], [ 69.330458358656415, 41.365295524802555 ] ] ] } },
{ "type": "Feature", "properties": { "full_id": "w100768619", "osm_id": "100768619", "Туман": "Миробод", "Адрес": "Корасув канали", "Тури": "Пиёдалар кўприги", "xcoord": 69.296997939176165, "ycoord": 41.266113385709296, "Узунл": 13.66 }, "geometry": { "type": "MultiLineString", "coordinates": [ [ [ 69.296925660772843, 41.266100611590858 ], [ 69.297084463800672, 41.266128557600439 ] ] ] } },
{ "type": "Feature", "properties": { "full_id": "w100768622", "osm_id": "100768622", "Туман": "Миробод", "Адрес": "Ески Сарикўл кўчаси", "Тури": "Автомобиль кўприги", "xcoord": 69.301880552668763, "ycoord": 41.272293031877261, "Узунл": 32.28 }, "geometry": { "type": "MultiLineString", "coordinates": [ [ [ 69.301801, 41.2724285 ], [ 69.3019569, 41.2721627 ] ] ] } },
{ "type": "Feature", "properties": { "full_id": "w102158510", "osm_id": "102158510", "Туман": "Яккасарой", "Адрес": "Абдулла Қодирий кўчаси", "Тури": "Автомобиль кўприги", "xcoord": 69.264652295266643, "ycoord": 41.272938687496882, "Узунл": 22.01 }, "geometry": { "type": "MultiLineString", "coordinates": [ [ [ 69.264614118714135, 41.273027279239493 ], [ 69.264695931436691, 41.272838912781275 ] ] ] } },
{ "type": "Feature", "properties": { "full_id": "w102520639", "osm_id": "102520639", "Туман": "Миробод", "Адрес": "Катта Толариқ", "Тури": "Автомобиль кўприги", "xcoord": 69.307313342910405, "ycoord": 41.248615365105394, "Узунл": 9.55 }, "geometry": { "type": "MultiLineString", "coordinates": [ [ [ 69.307312028896021, 41.248658904719051 ], [ 69.307314282789321, 41.248572972176994 ] ] ] } },
{ "type": "Feature", "properties": { "full_id": "w102520647", "osm_id": "102520647", "Туман": "Миробод", "Адрес": "Катта Толариқ", "Тури": "Автомобиль кўприги", "xcoord": 69.313548813062184, "ycoord": 41.249225674080499, "Узунл": 10.01 }, "geometry": { "type": "MultiLineString", "coordinates": [ [ [ 69.313545600170542, 41.249268073241431 ], [ 69.313552760312547, 41.249178117328675 ] ] ] } },
{ "type": "Feature", "properties": { "full_id": "w103381725", "osm_id": "103381725", "Туман": "Яккасарой", "Адрес": "Салор канали", "Тури": "Автомобиль кўприги", "xcoord": 69.245850559370183, "ycoord": 41.269124456133895, "Узунл": 18.9 }, "geometry": { "type": "MultiLineString", "coordinates": [ [ [ 69.24584168848908, 41.26919401223936 ], [ 69.245864388489068, 41.269024712239357 ] ] ] } },
{ "type": "Feature", "properties": { "full_id": "w103404890", "osm_id": "103404890", "Туман": "Сергели", "Адрес": "Чоштепа 1-ўтиш кўчаси", "Тури": "Автомобиль кўприги", "xcoord": 69.203475591740471, "ycoord": 41.243782351226749, "Узунл": 22.76 }, "geometry": { "type": "MultiLineString", "coordinates": [ [ [ 69.2033789, 41.2438371 ], [ 69.2035961, 41.2437141 ] ] ] } },
{ "type": "Feature", "properties": { "full_id": "w103404894", "osm_id": "103404894", "Туман": "Сергели", "Адрес": "Чоштепа 1-ўтиш кўчаси", "Тури": "Автомобиль кўприги", "xcoord": 69.204715419095351, "ycoord": 41.242587920664747, "Узунл": 22.99 }, "geometry": { "type": "MultiLineString", "coordinates": [ [ [ 69.2046472, 41.2426625 ], [ 69.2048025, 41.2424919 ] ] ] } },
{ "type": "Feature", "properties": { "full_id": "w103522405", "osm_id": "103522405", "Туман": "Учтепа", "Адрес": "Катта ҳалқа йўли кўчаси", "Тури": "Автомобиль йўл ўтказгичлари", "xcoord": 69.151725591245096, "ycoord": 41.305654421060339, "Узунл": 40.77 }, "geometry": { "type": "MultiLineString", "coordinates": [ [ [ 69.151748311375755, 41.305822625528592 ], [ 69.151699411375759, 41.305457425528594 ] ] ] } },
{ "type": "Feature", "properties": { "full_id": "w103528875", "osm_id": "103528875", "Туман": "Учтепа", "Адрес": "Кичик ҳалқа йўли кўчаси", "Тури": "Автомобиль йўл ўтказгичлари", "xcoord": 69.193258790059275, "ycoord": 41.317880997070773, "Узунл": 56.06 }, "geometry": { "type": "MultiLineString", "coordinates": [ [ [ 69.193255137775935, 41.318102075278993 ], [ 69.193263737775936, 41.317597375278993 ] ] ] } },
{ "type": "Feature", "properties": { "full_id": "w104107531", "osm_id": "104107531", "Туман": "Яккасарой", "Адрес": "Салор канали", "Тури": "Автомобиль кўприги", "xcoord": 69.240260598384666, "ycoord": 41.265546375161264, "Узунл": 21.06 }, "geometry": { "type": "MultiLineString", "coordinates": [ [ [ 69.240371880963878, 41.265555461447811 ], [ 69.240121980963877, 41.265535161447815 ] ] ] } },
{ "type": "Feature", "properties": { "full_id": "w104292776", "osm_id": "104292776", "Туман": "Яккасарой", "Адрес": "Салор канали", "Тури": "Пиёдалар кўприги", "xcoord": 69.247673580944735, "ycoord": 41.270060209140077, "Узунл": 14.93 }, "geometry": { "type": "MultiLineString", "coordinates": [ [ [ 69.24773670821088, 41.270007291323338 ], [ 69.247617501911833, 41.270107222233712 ] ] ] } },
{ "type": "Feature", "properties": { "full_id": "w105480852", "osm_id": "105480852", "Туман": "Миробод", "Адрес": "Катта Толариқ", "Тури": "Пиёдалар кўприги", "xcoord": 69.31000834128281, "ycoord": 41.248258849258796, "Узунл": 7.8 }, "geometry": { "type": "MultiLineString", "coordinates": [ [ [ 69.309999933494495, 41.248226363025552 ], [ 69.31001771678514, 41.248295342790335 ] ] ] } },
{ "type": "Feature", "properties": { "full_id": "w106220940", "osm_id": "106220940", "Туман": "Юнусобод", "Адрес": "Бўзсув канали", "Тури": "Пиёдалар кўприги", "xcoord": 69.309479268027331, "ycoord": 41.347571120568638, "Узунл": 38.64 }, "geometry": { "type": "MultiLineString", "coordinates": [ [ [ 69.30937428060129, 41.347713751989083 ], [ 69.309598037531771, 41.347409405256968 ] ] ] } },
{ "type": "Feature", "properties": { "full_id": "w106241348", "osm_id": "106241348", "Туман": "Миробод", "Адрес": "Салор канали", "Тури": "Пиёдалар кўприги", "xcoord": 69.273908067376169, "ycoord": 41.282991601450895, "Узунл": 15.21 }, "geometry": { "type": "MultiLineString", "coordinates": [ [ [ 69.273864272129487, 41.283051567453882 ], [ 69.273951862542901, 41.282931635430849 ] ] ] } },
{ "type": "Feature", "properties": { "full_id": "w106618170", "osm_id": "106618170", "Туман": "Яшнобод", "Адрес": "Қорасув канали", "Тури": "Автомобиль кўприги", "xcoord": 69.342136631631433, "ycoord": 41.301978029979189, "Узунл": 17.47 }, "geometry": { "type": "MultiLineString", "coordinates": [ [ [ 69.3420413, 41.301962 ], [ 69.3422451, 41.3019956 ] ] ] } },
{ "type": "Feature", "properties": { "full_id": "w107285066", "osm_id": "107285066", "Туман": "Янгихает", "Адрес": "Катта ҳалқа йўли кўчаси", "Тури": "Автомобиль кўприги", "xcoord": 69.185096873301518, "ycoord": 41.226517150075203, "Узунл": 32.58 }, "geometry": { "type": "MultiLineString", "coordinates": [ [ [ 69.185290578851223, 41.226451978640092 ], [ 69.184935178851219, 41.226570478640092 ] ] ] } },
{ "type": "Feature", "properties": { "full_id": "w107531038", "osm_id": "107531038", "Туман": "Мирзо Улуғбек", "Адрес": "Қорасув канали", "Тури": "Автомобиль кўприги", "xcoord": 69.411195066284165, "ycoord": 41.358328353078313, "Узунл": 14.04 }, "geometry": { "type": "MultiLineString", "coordinates": [ [ [ 69.411244535812315, 41.358276048625441 ], [ 69.411147106402453, 41.358378933621012 ] ] ] } },
{ "type": "Feature", "properties": { "full_id": "w107536992", "osm_id": "107536992", "Туман": "Сергели", "Адрес": "Салор канали", "Тури": "Пиёдалар кўприги", "xcoord": 69.220418295021858, "ycoord": 41.252669058137457, "Узунл": 20.12 }, "geometry": { "type": "MultiLineString", "coordinates": [ [ [ 69.22041008345758, 41.252573365004764 ], [ 69.220424883457582, 41.252754165004767 ] ] ] } },
{ "type": "Feature", "properties": { "full_id": "w108212704", "osm_id": "108212704", "Туман": "Юнусобод", "Адрес": "Бўзсув канали", "Тури": "Пиёдалар кўприги", "xcoord": 69.278573404382868, "ycoord": 41.339472796231171, "Узунл": 93.68 }, "geometry": { "type": "MultiLineString", "coordinates": [ [ [ 69.279025, 41.3392168 ], [ 69.2781296, 41.3397229 ] ] ] } },
{ "type": "Feature", "properties": { "full_id": "w108312277", "osm_id": "108312277", "Туман": "Мирзо Улуғбек", "Адрес": "Салор канали", "Тури": "Пиёдалар кўприги", "xcoord": 69.296621333964012, "ycoord": 41.308033684515934, "Узунл": 15.44 }, "geometry": { "type": "MultiLineString", "coordinates": [ [ [ 69.2966949, 41.3080705 ], [ 69.296541383068472, 41.307993505452522 ] ] ] } },
{ "type": "Feature", "properties": { "full_id": "w109043948", "osm_id": "109043948", "Туман": "Юнусобод", "Адрес": "Абдулла Қодирий кўчаси", "Тури": "Автомобиль кўприги", "xcoord": 69.269316661470654, "ycoord": 41.32330114477211, "Узунл": 245.98 }, "geometry": { "type": "MultiLineString", "coordinates": [ [ [ 69.270969636829406, 41.323036767988441 ], [ 69.26809615120618, 41.323498328745771 ] ] ] } },
{ "type": "Feature", "properties": { "full_id": "w109827543", "osm_id": "109827543", "Туман": "Янгихает", "Адрес": "СК-5 канал, Ўрмончи кўчаси", "Тури": "Автомобиль кўприги", "xcoord": 69.240690592047898, "ycoord": 41.171709642715392, "Узунл": 21.5 }, "geometry": { "type": "MultiLineString", "coordinates": [ [ [ 69.2406313, 41.1716227 ], [ 69.2407491, 41.1717946 ] ] ] } },
{ "type": "Feature", "properties": { "full_id": "w110920807", "osm_id": "110920807", "Туман": "Олмазор", "Адрес": "Дамаши канали", "Тури": "Автомобиль кўприги", "xcoord": 69.231766600452119, "ycoord": 41.355821867741, "Узунл": 22.4 }, "geometry": { "type": "MultiLineString", "coordinates": [ [ [ 69.2316294, 41.3558569 ], [ 69.2317329, 41.3558303 ], [ 69.2318814, 41.3557889 ] ] ] } },
{ "type": "Feature", "properties": { "full_id": "w110920819", "osm_id": "110920819", "Туман": "Олмазор", "Адрес": "Дамаши канали", "Тури": "Автомобиль кўприги", "xcoord": 69.225573996668373, "ycoord": 41.359687003448713, "Узунл": 37.29 }, "geometry": { "type": "MultiLineString", "coordinates": [ [ [ 69.225599471577823, 41.359501517272825 ], [ 69.225555533992832, 41.359835671732327 ] ] ] } },
{ "type": "Feature", "properties": { "full_id": "w129108098", "osm_id": "129108098", "Туман": "Миробод", "Адрес": "Салор канали", "Тури": "Автомобиль кўприги", "xcoord": 69.279439952007763, "ycoord": 41.286702572768256, "Узунл": 15.46 }, "geometry": { "type": "MultiLineString", "coordinates": [ [ [ 69.279530552839077, 41.286724536479326 ], [ 69.279354352839079, 41.286683036479332 ] ] ] } },
{ "type": "Feature", "properties": { "full_id": "w129108099", "osm_id": "129108099", "Туман": "Яккасарой", "Адрес": "Салор канали", "Тури": "Автомобиль кўприги", "xcoord": 69.271883518260125, "ycoord": 41.278428283618709, "Узунл": 33.21 }, "geometry": { "type": "MultiLineString", "coordinates": [ [ [ 69.2717326, 41.2785177 ], [ 69.2720451, 41.2783337 ] ] ] } },
{ "type": "Feature", "properties": { "full_id": "w129108186", "osm_id": "129108186", "Туман": "Яккасарой", "Адрес": "Салор канали", "Тури": "Пиёдалар кўприги", "xcoord": 69.23640447535675, "ycoord": 41.262837509267904, "Узунл": 28.34 }, "geometry": { "type": "MultiLineString", "coordinates": [ [ [ 69.236254690998038, 41.262810794777394 ], [ 69.236583590998038, 41.262870194777399 ] ] ] } },
{ "type": "Feature", "properties": { "full_id": "w129111248", "osm_id": "129111248", "Туман": "Сергели", "Адрес": "Салор канали", "Тури": "Автомобиль кўприги", "xcoord": 69.230785316214565, "ycoord": 41.256291814492606, "Узунл": 16.55 }, "geometry": { "type": "MultiLineString", "coordinates": [ [ [ 69.230886439377997, 41.256284021581592 ], [ 69.230689883243897, 41.256298736649228 ] ] ] } },
{ "type": "Feature", "properties": { "full_id": "w129111249", "osm_id": "129111249", "Туман": "Мирзо Улуғбек", "Адрес": "Aсака кўчаси", "Тури": "Автомобиль кўприги", "xcoord": 69.304951169824349, "ycoord": 41.315649986954483, "Узунл": 22.12 }, "geometry": { "type": "MultiLineString", "coordinates": [ [ [ 69.3050932, 41.3155993 ], [ 69.3048548, 41.3156852 ] ] ] } },
{ "type": "Feature", "properties": { "full_id": "w129111250", "osm_id": "129111250", "Туман": "Юнусобод", "Адрес": "Салор канали", "Тури": "Автомобиль кўприги", "xcoord": 69.325698531498944, "ycoord": 41.351205028267167, "Узунл": 37.38 }, "geometry": { "type": "MultiLineString", "coordinates": [ [ [ 69.325927361309425, 41.351206671790699 ], [ 69.325480730215844, 41.351204498765966 ] ] ] } },
{ "type": "Feature", "properties": { "full_id": "w129111798", "osm_id": "129111798", "Туман": "Юнусобод", "Адрес": "Салор канали", "Тури": "Автомобиль кўприги", "xcoord": 69.335659178176755, "ycoord": 41.361317693746891, "Узунл": 23.2 }, "geometry": { "type": "MultiLineString", "coordinates": [ [ [ 69.335565629946714, 41.361386133573241 ], [ 69.335764168168637, 41.361240364564956 ] ] ] } },
{ "type": "Feature", "properties": { "full_id": "w129303787", "osm_id": "129303787", "Туман": "Яккасарой", "Адрес": "Салор канали", "Тури": "Автомобиль кўприги", "xcoord": 69.259291116503306, "ycoord": 41.272609043529229, "Узунл": 33.26 }, "geometry": { "type": "MultiLineString", "coordinates": [ [ [ 69.259226348840201, 41.272760010614768 ], [ 69.259348248840197, 41.27247501061477 ] ] ] } },
{ "type": "Feature", "properties": { "full_id": "w130964442", "osm_id": "130964442", "Туман": "Миробод", "Адрес": "Қорасув канали", "Тури": "Темир йўл кўприги", "xcoord": 69.297433284067395, "ycoord": 41.264530287307402, "Узунл": 19.21 }, "geometry": { "type": "MultiLineString", "coordinates": [ [ [ 69.297561637875361, 41.264541126067513 ], [ 69.297333792506635, 41.264522238080382 ] ] ] } },
{ "type": "Feature", "properties": { "full_id": "w130988050", "osm_id": "130988050", "Туман": "Мирзо Улуғбек", "Адрес": "Қорасув бўйи кўчаси", "Тури": "Автомобиль кўприги", "xcoord": 69.342856193035701, "ycoord": 41.310896830445159, "Узунл": 13.46 }, "geometry": { "type": "MultiLineString", "coordinates": [ [ [ 69.3427713, 41.3108991 ], [ 69.3429319, 41.3108944 ] ] ] } },
{ "type": "Feature", "properties": { "full_id": "w131707359", "osm_id": "131707359", "Туман": "Чилонзор", "Адрес": "Анхор канали", "Тури": "Пиёдалар кўприги", "xcoord": 69.221020192433485, "ycoord": 41.286986769925925, "Узунл": 16.26 }, "geometry": { "type": "MultiLineString", "coordinates": [ [ [ 69.221079265068241, 41.286937821870417 ], [ 69.220948623481164, 41.287046053058759 ] ] ] } },
{ "type": "Feature", "properties": { "full_id": "w132783942", "osm_id": "132783942", "Туман": "Чилонзор", "Адрес": "Муқимий кўчаси", "Тури": "Автомобиль кўприги", "xcoord": 69.234961823237896, "ycoord": 41.284698969089121, "Узунл": 50.83 }, "geometry": { "type": "MultiLineString", "coordinates": [ [ [ 69.235191489241089, 41.284550560862648 ], [ 69.235071589241088, 41.284627460862644 ], [ 69.234938789241085, 41.284712560862644 ], [ 69.234729089241085, 41.284846960862644 ] ] ] } },
{ "type": "Feature", "properties": { "full_id": "w132789824", "osm_id": "132789824", "Туман": "Чилонзор", "Адрес": "Анхор канали", "Тури": "Автомобиль кўприги", "xcoord": 69.226080942096786, "ycoord": 41.290313019753953, "Узунл": 18.88 }, "geometry": { "type": "MultiLineString", "coordinates": [ [ [ 69.22600236392816, 41.29036218640163 ], [ 69.226175863928148, 41.290253686401634 ] ] ] } },
{ "type": "Feature", "properties": { "full_id": "w132790454", "osm_id": "132790454", "Туман": "Чилонзор", "Адрес": "Фурқат кўчаси", "Тури": "Автомобиль кўприги", "xcoord": 69.246566808851668, "ycoord": 41.305081174333431, "Узунл": 14.29 }, "geometry": { "type": "MultiLineString", "coordinates": [ [ [ 69.246516362728457, 41.305138961695427 ], [ 69.246609962728456, 41.305031361695427 ] ] ] } },
{ "type": "Feature", "properties": { "full_id": "w132791517", "osm_id": "132791517", "Туман": "Миробод", "Адрес": "Салор канали", "Тури": "Автомобиль кўприги", "xcoord": 69.283100524827134, "ycoord": 41.291348721180618, "Узунл": 14.69 }, "geometry": { "type": "MultiLineString", "coordinates": [ [ [ 69.283191967345815, 41.291348318723642 ], [ 69.283016567345811, 41.291349718723637 ] ] ] } },
{ "type": "Feature", "properties": { "full_id": "w132792430", "osm_id": "132792430", "Туман": "Мирзо Улуғбек", "Адрес": "Абдулла Қодирий кўчаси", "Тури": "Автомобиль кўприги", "xcoord": 69.296640115236244, "ycoord": 41.310438336521315, "Узунл": 38.4 }, "geometry": { "type": "MultiLineString", "coordinates": [ [ [ 69.296727378923663, 41.310268480123646 ], [ 69.296561699332415, 41.31059084172211 ] ] ] } },
{ "type": "Feature", "properties": { "full_id": "w132792434", "osm_id": "132792434", "Туман": "Мирзо Улуғбек", "Адрес": "Мовароуннаҳр кўчаси", "Тури": "Автомобиль кўприги", "xcoord": 69.29741538510423, "ycoord": 41.310534935665046, "Узунл": 39.91 }, "geometry": { "type": "MultiLineString", "coordinates": [ [ [ 69.297384303858109, 41.31071703505112 ], [ 69.297444981886557, 41.310360573406207 ] ] ] } },
{ "type": "Feature", "properties": { "full_id": "w134240812", "osm_id": "134240812", "Туман": "Бектемир", "Адрес": "Чирчиқ бўйи кўчаси", "Тури": "Автомобиль кўприги", "xcoord": 69.374472622265131, "ycoord": 41.258675601652321, "Узунл": 17.24 }, "geometry": { "type": "MultiLineString", "coordinates": [ [ [ 69.374454154025969, 41.258598757681618 ], [ 69.374491, 41.2587515 ] ] ] } },
{ "type": "Feature", "properties": { "full_id": "w134248725", "osm_id": "134248725", "Туман": "Чилонзор", "Адрес": "Гавхар кўчаси", "Тури": "Автомобиль кўприги", "xcoord": 69.216014518301208, "ycoord": 41.259529040001048, "Узунл": 52.83 }, "geometry": { "type": "MultiLineString", "coordinates": [ [ [ 69.2163809, 41.2595133 ], [ 69.2162731, 41.2595194 ], [ 69.216041, 41.2595287 ], [ 69.2158928, 41.2595297 ], [ 69.2157511, 41.2595304 ] ] ] } },
{ "type": "Feature", "properties": { "full_id": "w134248728", "osm_id": "134248728", "Туман": "Чилонзор", "Адрес": "Гавхар кўчаси", "Тури": "Автомобиль кўприги", "xcoord": 69.216007229319786, "ycoord": 41.259390425674617, "Узунл": 51.98 }, "geometry": { "type": "MultiLineString", "coordinates": [ [ [ 69.2157553, 41.2593867 ], [ 69.2158492, 41.2593887 ], [ 69.2159796, 41.2593915 ], [ 69.2160802, 41.2593864 ], [ 69.2161498, 41.2593743 ], [ 69.2162324, 41.2593419 ], [ 69.2162844, 41.2593133 ], [ 69.2163348, 41.259281 ] ] ] } },
{ "type": "Feature", "properties": { "full_id": "w136268238", "osm_id": "136268238", "Туман": "Яккасарой", "Адрес": "Салор канали", "Тури": "Пиёдалар кўприги", "xcoord": 69.26143549909456, "ycoord": 41.273119894504582, "Узунл": 23.16 }, "geometry": { "type": "MultiLineString", "coordinates": [ [ [ 69.2614351, 41.2732279 ], [ 69.261435477649087, 41.273019360891944 ] ] ] } },
{ "type": "Feature", "properties": { "full_id": "w139845666", "osm_id": "139845666", "Туман": "Олмазор", "Адрес": "Қоракамиш канали", "Тури": "Автомобиль кўприги", "xcoord": 69.190216994331493, "ycoord": 41.370089923158403, "Узунл": 30.43 }, "geometry": { "type": "MultiLineString", "coordinates": [ [ [ 69.190117, 41.3701881 ], [ 69.1903427, 41.3699732 ] ] ] } },
{ "type": "Feature", "properties": { "full_id": "w140356379", "osm_id": "140356379", "Туман": "Юнусобод", "Адрес": "Лайлакобод кўчаси", "Тури": "Пиёдалар кўприги", "xcoord": 69.302081297550373, "ycoord": 41.345243607314757, "Узунл": 29.61 }, "geometry": { "type": "MultiLineString", "coordinates": [ [ [ 69.301993, 41.3451082 ], [ 69.3021486, 41.3453476 ] ] ] } },
{ "type": "Feature", "properties": { "full_id": "w140356381", "osm_id": "140356381", "Туман": "Юнусобод", "Адрес": "Дарбозакент ариқ", "Тури": "Пиёдалар кўприги", "xcoord": 69.306932522495785, "ycoord": 41.346799960822011, "Узунл": 13.77 }, "geometry": { "type": "MultiLineString", "coordinates": [ [ [ 69.306985118432493, 41.346749984009094 ], [ 69.306883716443451, 41.34684763617016 ] ] ] } },
{ "type": "Feature", "properties": { "full_id": "w140487749", "osm_id": "140487749", "Туман": "Сергели", "Адрес": "Қорасув канали", "Тури": "Автомобиль кўприги", "xcoord": 69.307575038157509, "ycoord": 41.26455976778859, "Узунл": 31.47 }, "geometry": { "type": "MultiLineString", "coordinates": [ [ [ 69.3076724, 41.2644018 ], [ 69.3075135, 41.2646585 ] ] ] } },
{ "type": "Feature", "properties": { "full_id": "w140908738", "osm_id": "140908738", "Туман": "Юнусобод", "Адрес": "Бўзсув канали", "Тури": "Пиёдалар кўприги", "xcoord": 69.268212359128057, "ycoord": 41.32200252543921, "Узунл": 44.15 }, "geometry": { "type": "MultiLineString", "coordinates": [ [ [ 69.267997144721946, 41.322099549666518 ], [ 69.2684496, 41.3218954 ] ] ] } },
{ "type": "Feature", "properties": { "full_id": "w140909621", "osm_id": "140909621", "Туман": "Яшнобод", "Адрес": "Салор канали", "Тури": "Автомобиль кўприги", "xcoord": 69.297196683512823, "ycoord": 41.307169506920722, "Узунл": 64.65 }, "geometry": { "type": "MultiLineString", "coordinates": [ [ [ 69.297608795777066, 41.307248353049033 ], [ 69.296860605533212, 41.307104784199531 ] ] ] } },
{ "type": "Feature", "properties": { "full_id": "w141047044", "osm_id": "141047044", "Туман": "Шайхонтохур", "Адрес": "Сузукота кўчаси", "Тури": "Автомобиль кўприги", "xcoord": 69.219657150008587, "ycoord": 41.315293820718423, "Узунл": 47.28 }, "geometry": { "type": "MultiLineString", "coordinates": [ [ [ 69.2195518, 41.3151126 ], [ 69.2197778, 41.3155027 ] ] ] } },
{ "type": "Feature", "properties": { "full_id": "w141617855", "osm_id": "141617855", "Туман": "Олмазор", "Адрес": "Кичкина Кайковус канали", "Тури": "Пиёдалар кўприги", "xcoord": 69.241897844874146, "ycoord": 41.338498919019621, "Узунл": 8.03 }, "geometry": { "type": "MultiLineString", "coordinates": [ [ [ 69.241855690431478, 41.338489240321408 ], [ 69.241947424449364, 41.338510280752665 ] ] ] } },
{ "type": "Feature", "properties": { "full_id": "w141655427", "osm_id": "141655427", "Туман": "Мирзо Улуғбек", "Адрес": "Салор канали", "Тури": "Пиёдалар кўприги", "xcoord": 69.313248287283855, "ycoord": 41.33195457017343, "Узунл": 37.02 }, "geometry": { "type": "MultiLineString", "coordinates": [ [ [ 69.313136137914299, 41.332102380393671 ], [ 69.313355906526269, 41.331813073360841 ] ] ] } },
{ "type": "Feature", "properties": { "full_id": "w141921484", "osm_id": "141921484", "Туман": "Олмазор", "Адрес": "Дамаши канали", "Тури": "Автомобиль кўприги", "xcoord": 69.191384357413398, "ycoord": 41.371736186769702, "Узунл": 37.74 }, "geometry": { "type": "MultiLineString", "coordinates": [ [ [ 69.191547147382437, 41.37184136577028 ], [ 69.191203989848646, 41.371620811446867 ] ] ] } },
{ "type": "Feature", "properties": { "full_id": "w141921490", "osm_id": "141921490", "Туман": "Олмазор", "Адрес": "Катта ҳалқа йўли кўчаси", "Тури": "Автомобиль кўприги", "xcoord": 69.185302081849741, "ycoord": 41.367888694898035, "Узунл": 38.54 }, "geometry": { "type": "MultiLineString", "coordinates": [ [ [ 69.185490994422537, 41.36800525984826 ], [ 69.18513470723191, 41.367785252196896 ] ] ] } },
{ "type": "Feature", "properties": { "full_id": "w142018481", "osm_id": "142018481", "Туман": "Олмазор", "Адрес": "Кичкина Кайковус канали", "Тури": "Автомобиль кўприги", "xcoord": 69.241426685662134, "ycoord": 41.338890143364019, "Узунл": 11.17 }, "geometry": { "type": "MultiLineString", "coordinates": [ [ [ 69.2413569, 41.3388739 ], [ 69.2414844, 41.3389036 ] ] ] } },
{ "type": "Feature", "properties": { "full_id": "w142018490", "osm_id": "142018490", "Туман": "Олмазор", "Адрес": "Дамаши канали", "Тури": "Пиёдалар кўприги", "xcoord": 69.255407407807695, "ycoord": 41.339808771101225, "Узунл": 20.61 }, "geometry": { "type": "MultiLineString", "coordinates": [ [ [ 69.255305736236579, 41.33975761227186 ], [ 69.255509369016593, 41.339861910964935 ] ] ] } },
{ "type": "Feature", "properties": { "full_id": "w142883996", "osm_id": "142883996", "Туман": "Юнусобод", "Адрес": "Қорақамиш канали", "Тури": "Пиёдалар кўприги", "xcoord": 69.264260749080719, "ycoord": 41.372023200434676, "Узунл": 22.37 }, "geometry": { "type": "MultiLineString", "coordinates": [ [ [ 69.264182534006707, 41.372087567504735 ], [ 69.264362834006704, 41.371938867504731 ] ] ] } },
{ "type": "Feature", "properties": { "full_id": "w142889480", "osm_id": "142889480", "Туман": "Юнусобод", "Адрес": "Қорақамиш канали", "Тури": "Автомобиль кўприги", "xcoord": 69.283455039345611, "ycoord": 41.384088812621002, "Узунл": 27.39 }, "geometry": { "type": "MultiLineString", "coordinates": [ [ [ 69.283608905769768, 41.384042632675396 ], [ 69.283304705769766, 41.384133832675396 ] ] ] } },
{ "type": "Feature", "properties": { "full_id": "w144079873", "osm_id": "144079873", "Туман": "Чилонзор", "Адрес": "Бўзсув канали", "Тури": "Автомобиль кўприги", "xcoord": 69.210670351209686, "ycoord": 41.30083063106207, "Узунл": 26.73 }, "geometry": { "type": "MultiLineString", "coordinates": [ [ [ 69.210666813146432, 41.300942230979068 ], [ 69.210674313146441, 41.300701630979063 ] ] ] } },
{ "type": "Feature", "properties": { "full_id": "w149508551", "osm_id": "149508551", "Туман": "Олмазор", "Адрес": "Дамаши канали", "Тури": "Пиёдалар кўприги", "xcoord": 69.191901715194604, "ycoord": 41.370993846945346, "Узунл": 38.48 }, "geometry": { "type": "MultiLineString", "coordinates": [ [ [ 69.191701373220383, 41.370927093938178 ], [ 69.192122146817383, 41.371066955501163 ] ] ] } },
{ "type": "Feature", "properties": { "full_id": "w149534825", "osm_id": "149534825", "Туман": "Олмазор", "Адрес": "Дамаши канали", "Тури": "Пиёдалар кўприги", "xcoord": 69.235958894510787, "ycoord": 41.351537184084243, "Узунл": 16.06 }, "geometry": { "type": "MultiLineString", "coordinates": [ [ [ 69.236034484429695, 41.351582238567708 ], [ 69.235884670686488, 41.351491915408054 ] ] ] } },
{ "type": "Feature", "properties": { "full_id": "w149721050", "osm_id": "149721050", "Туман": "Олмазор", "Адрес": "Дамаши канали", "Тури": "Пиёдалар кўприги", "xcoord": 69.22982101401692, "ycoord": 41.360853041827397, "Узунл": 18.59 }, "geometry": { "type": "MultiLineString", "coordinates": [ [ [ 69.229816960179519, 41.360768860474842 ], [ 69.229825064130196, 41.360936161528421 ] ] ] } },
{ "type": "Feature", "properties": { "full_id": "w150001468", "osm_id": "150001468", "Туман": "Олмазор", "Адрес": "Дамаши канали", "Тури": "Пиёдалар кўприги", "xcoord": 69.208840401439886, "ycoord": 41.363558035165973, "Узунл": 31.94 }, "geometry": { "type": "MultiLineString", "coordinates": [ [ [ 69.208904763027903, 41.363697310587668 ], [ 69.208779663027897, 41.363425610587669 ] ] ] } },
{ "type": "Feature", "properties": { "full_id": "w150333480", "osm_id": "150333480", "Туман": "Олмазор", "Адрес": "Кичкина Кайковус канали", "Тури": "Пиёдалар кўприги", "xcoord": 69.240331999611158, "ycoord": 41.339740662852009, "Узунл": 10.61 }, "geometry": { "type": "MultiLineString", "coordinates": [ [ [ 69.24027651091842, 41.339718696148225 ], [ 69.240388617356331, 41.339763193390219 ] ] ] } },
{ "type": "Feature", "properties": { "full_id": "w150333481", "osm_id": "150333481", "Туман": "Олмазор", "Адрес": "Кичкина Кайковус канали", "Тури": "Пиёдалар кўприги", "xcoord": 69.240157827055938, "ycoord": 41.340031072297926, "Узунл": 15.57 }, "geometry": { "type": "MultiLineString", "coordinates": [ [ [ 69.2400648, 41.3400083 ], [ 69.2402419, 41.3400512 ] ] ] } },
{ "type": "Feature", "properties": { "full_id": "w150333482", "osm_id": "150333482", "Туман": "Олмазор", "Адрес": "Кичкина Кайковус канали", "Тури": "Пиёдалар кўприги", "xcoord": 69.240509368015978, "ycoord": 41.339566321434155, "Узунл": 9.08 }, "geometry": { "type": "MultiLineString", "coordinates": [ [ [ 69.2404638, 41.3395446 ], [ 69.2405555, 41.3395882 ] ] ] } },
{ "type": "Feature", "properties": { "full_id": "w150736928", "osm_id": "150736928", "Туман": "Юнусобод", "Адрес": "Чархпалак-1 тор кўчаси", "Тури": "Пиёдалар кўприги", "xcoord": 69.249222408024934, "ycoord": 41.37449856305124, "Узунл": 24.43 }, "geometry": { "type": "MultiLineString", "coordinates": [ [ [ 69.249120233994717, 41.374428281907171 ], [ 69.249335945726614, 41.374576496772882 ] ] ] } },
{ "type": "Feature", "properties": { "full_id": "w151215056", "osm_id": "151215056", "Туман": "Олмазор", "Адрес": "Дамаши канали", "Тури": "Автомобиль кўприги", "xcoord": 69.250890221551259, "ycoord": 41.347962509738345, "Узунл": 26.28 }, "geometry": { "type": "MultiLineString", "coordinates": [ [ [ 69.251051069597992, 41.34797574823402 ], [ 69.250739031925477, 41.347948978279234 ] ] ] } },
{ "type": "Feature", "properties": { "full_id": "w151342083", "osm_id": "151342083", "Туман": "Юнусобод", "Адрес": "Бўзсув канали", "Тури": "Пиёдалар кўприги", "xcoord": 69.283983893300061, "ycoord": 41.344467363301746, "Узунл": 31.95 }, "geometry": { "type": "MultiLineString", "coordinates": [ [ [ 69.283855154676175, 41.344556684984596 ], [ 69.284135934840336, 41.344361801382838 ] ] ] } },
{ "type": "Feature", "properties": { "full_id": "w151342084", "osm_id": "151342084", "Туман": "Юнусобод", "Адрес": "Бўзсув канали", "Тури": "Пиёдалар кўприги", "xcoord": 69.283983893300061, "ycoord": 41.344467363301746, "Узунл": 24.77 }, "geometry": { "type": "MultiLineString", "coordinates": [ [ [ 69.2844937, 41.3443854 ], [ 69.2846948, 41.3442218 ] ] ] } },
{ "type": "Feature", "properties": { "full_id": "w151342089", "osm_id": "151342089", "Туман": "Юнусобод", "Адрес": "Бўзсув канали", "Тури": "Пиёдалар кўприги", "xcoord": 69.282058812641168, "ycoord": 41.342361704290226, "Узунл": 51.63 }, "geometry": { "type": "MultiLineString", "coordinates": [ [ [ 69.2818343, 41.3425052 ], [ 69.282304405319849, 41.342204145546525 ] ] ] } },
{ "type": "Feature", "properties": { "full_id": "w151485935", "osm_id": "151485935", "Туман": "Юнусобод", "Адрес": "Салор канали", "Тури": "Автомобиль кўприги", "xcoord": 69.325536174110795, "ycoord": 41.34852364324869, "Узунл": 35.79 }, "geometry": { "type": "MultiLineString", "coordinates": [ [ [ 69.325331673206634, 41.348520784502689 ], [ 69.3257593, 41.3485269 ] ] ] } },
{ "type": "Feature", "properties": { "full_id": "w152599608", "osm_id": "152599608", "Туман": "Мирзо Улуғбек", "Адрес": "Қорасув канали", "Тури": "Автомобиль кўприги", "xcoord": 69.371917907602977, "ycoord": 41.332533329083311, "Узунл": 15.31 }, "geometry": { "type": "MultiLineString", "coordinates": [ [ [ 69.3719916, 41.3324883 ], [ 69.3718787, 41.3325562 ], [ 69.3718486, 41.3325743 ] ] ] } },
{ "type": "Feature", "properties": { "full_id": "w100768619", "osm_id": "152606192", "Туман": "Мирзо Улуғбек", "Адрес": "Қорасув канали", "Тури": "Автомобиль кўприги", "xcoord": 69.368596434555712, "ycoord": 41.330519902183106, "Узунл": 11.59 }, "geometry": { "type": "MultiLineString", "coordinates": [ [ [ 69.3685566, 41.3305489 ], [ 69.3686534, 41.3304743 ] ] ] } },
{ "type": "Feature", "properties": { "full_id": "w153334082", "osm_id": "153334082", "Туман": "Бектемир", "Адрес": "Ҳусайн Бойқаро-3 тор кўчаси", "Тури": "Автомобиль кўприги", "xcoord": 69.360943953755822, "ycoord": 41.245796661490935, "Узунл": 26.98 }, "geometry": { "type": "MultiLineString", "coordinates": [ [ [ 69.3608199, 41.2458707 ], [ 69.3610716, 41.2457193 ] ] ] } },
{ "type": "Feature", "properties": { "full_id": "w153334086", "osm_id": "153334086", "Туман": "Бектемир", "Адрес": "Бектемир канали", "Тури": "Автомобиль кўприги", "xcoord": 69.366979821680715, "ycoord": 41.250199604893837, "Узунл": 11.97 }, "geometry": { "type": "MultiLineString", "coordinates": [ [ [ 69.3669412, 41.2502422 ], [ 69.367021497788926, 41.250153071780311 ] ] ] } },
{ "type": "Feature", "properties": { "full_id": "w153335972", "osm_id": "153335972", "Туман": "Бектемир", "Адрес": "Бектемир канали", "Тури": "Автомобиль кўприги", "xcoord": 69.371713411102434, "ycoord": 41.25463182740328, "Узунл": 17.05 }, "geometry": { "type": "MultiLineString", "coordinates": [ [ [ 69.3717838, 41.2545763 ], [ 69.371642939549702, 41.25468704776447 ] ] ] } },
{ "type": "Feature", "properties": { "full_id": "w153529473", "osm_id": "153529473", "Туман": "Бектемир", "Адрес": "Бектемир канали", "Тури": "Автомобиль кўприги", "xcoord": 69.352252998012148, "ycoord": 41.239072860318487, "Узунл": 39.58 }, "geometry": { "type": "MultiLineString", "coordinates": [ [ [ 69.3521396, 41.239193 ], [ 69.3524132, 41.2389025 ] ] ] } },
{ "type": "Feature", "properties": { "full_id": "w153531345", "osm_id": "153531345", "Туман": "Бектемир", "Адрес": "Бектемир канали, Билол Нозим кўчаси", "Тури": "Пиёдалар кўприги", "xcoord": 69.351964633025631, "ycoord": 41.238934827420046, "Узунл": 18.64 }, "geometry": { "type": "MultiLineString", "coordinates": [ [ [ 69.3520351, 41.2388701 ], [ 69.3518943, 41.239 ] ] ] } },
{ "type": "Feature", "properties": { "full_id": "w153531356", "osm_id": "153531356", "Туман": "Бектемир", "Адрес": "Бектемир канали", "Тури": "Автомобиль кўприги", "xcoord": 69.356281446024411, "ycoord": 41.242990135001975, "Узунл": 14.42 }, "geometry": { "type": "MultiLineString", "coordinates": [ [ [ 69.356216323970614, 41.243029257799208 ], [ 69.356221923970608, 41.243026157799207 ], [ 69.356350123970614, 41.242947657799206 ] ] ] } },
{ "type": "Feature", "properties": { "full_id": "w153750572", "osm_id": "153750572", "Туман": "Бектемир", "Адрес": "Бектемир канали, Биллур-1 тор кўчаси", "Тури": "Автомобиль кўприги", "xcoord": 69.340667915618653, "ycoord": 41.228431825931075, "Узунл": 15.42 }, "geometry": { "type": "MultiLineString", "coordinates": [ [ [ 69.3405797, 41.2284164 ], [ 69.340759048948257, 41.228447166316727 ] ] ] } },
{ "type": "Feature", "properties": { "full_id": "w158666809", "osm_id": "158666809", "Туман": "Бектемир", "Адрес": "Чирчик дарёси", "Тури": "Пиёдалар кўприги", "xcoord": 69.332806585272039, "ycoord": 41.235538874142271, "Узунл": 157.19 }, "geometry": { "type": "MultiLineString", "coordinates": [ [ [ 69.3332884, 41.2349068 ], [ 69.3323511, 41.2361326 ] ] ] } },
{ "type": "Feature", "properties": { "full_id": "w164673263", "osm_id": "164673263", "Туман": "Бектемир", "Адрес": "Бектемир канали", "Тури": "Автомобиль кўприги", "xcoord": 69.346327258822313, "ycoord": 41.235095604405799, "Узунл": 20.28 }, "geometry": { "type": "MultiLineString", "coordinates": [ [ [ 69.346301619056405, 41.235180104485153 ], [ 69.34635550685563, 41.235002074172222 ] ] ] } },
{ "type": "Feature", "properties": { "full_id": "w164674402", "osm_id": "164674402", "Туман": "Бектемир", "Адрес": "Бектемир канили, Ялпиз-1 тор кўчаси", "Тури": "Автомобиль кўприги", "xcoord": 69.341493539241725, "ycoord": 41.230486897016291, "Узунл": 13.14 }, "geometry": { "type": "MultiLineString", "coordinates": [ [ [ 69.341538423573596, 41.230436067109608 ], [ 69.341448250110332, 41.230532858922459 ] ] ] } },
{ "type": "Feature", "properties": { "full_id": "w164794489", "osm_id": "164794489", "Туман": "Бектемир", "Адрес": "Пойдор-1 берк кўчаси", "Тури": "Автомобиль кўприги", "xcoord": 69.344304470402648, "ycoord": 41.230113910650935, "Узунл": 19.29 }, "geometry": { "type": "MultiLineString", "coordinates": [ [ [ 69.344207147220004, 41.230076393834793 ], [ 69.344412058386155, 41.230155406598655 ] ] ] } },
{ "type": "Feature", "properties": { "full_id": "w164933787", "osm_id": "164933787", "Туман": "Шайхонтохур", "Адрес": "Лабзак кўчаси", "Тури": "Автомобиль кўприги", "xcoord": 69.265533350870015, "ycoord": 41.335909957436762, "Узунл": 50.11 }, "geometry": { "type": "MultiLineString", "coordinates": [ [ [ 69.265713824306332, 41.336088838314758 ], [ 69.265352111429806, 41.335729359530241 ] ] ] } },
{ "type": "Feature", "properties": { "full_id": "w165486414", "osm_id": "165486414", "Туман": "Миробод", "Адрес": "Баратхожа ариқ", "Тури": "Пиёдалар кўприги", "xcoord": 69.31760065999174, "ycoord": 41.241936006660914, "Узунл": 7.02 }, "geometry": { "type": "MultiLineString", "coordinates": [ [ [ 69.317614, 41.2419643 ], [ 69.3175861, 41.2419047 ] ] ] } },
{ "type": "Feature", "properties": { "full_id": "w165519637", "osm_id": "165519637", "Туман": "Яшнобод", "Адрес": "Қорасув канали", "Тури": "Автомобиль кўприги", "xcoord": 69.317893803141232, "ycoord": 41.285353858360637, "Узунл": 17.5 }, "geometry": { "type": "MultiLineString", "coordinates": [ [ [ 69.317802864732442, 41.285393921801997 ], [ 69.317983225360791, 41.285314371874925 ] ] ] } },
{ "type": "Feature", "properties": { "full_id": "w165848262", "osm_id": "165848262", "Туман": "Сергели", "Адрес": "Катта Толариқ", "Тури": "Пиёдалар кўприги", "xcoord": 69.298092760649595, "ycoord": 41.250185567111743, "Узунл": 7.63 }, "geometry": { "type": "MultiLineString", "coordinates": [ [ [ 69.2980951, 41.2502218 ], [ 69.2980904, 41.2501532 ] ] ] } },
{ "type": "Feature", "properties": { "full_id": "w165848265", "osm_id": "165848265", "Туман": "Сергели", "Адрес": "Катта Толариқ", "Тури": "Автомобиль кўприги", "xcoord": 69.29541007071019, "ycoord": 41.250526234095496, "Узунл": 9.6 }, "geometry": { "type": "MultiLineString", "coordinates": [ [ [ 69.2954106, 41.250476 ], [ 69.29540947489042, 41.250562467969225 ] ] ] } },
{ "type": "Feature", "properties": { "full_id": "w165848268", "osm_id": "165848268", "Туман": "Сергели", "Адрес": "Катта Толариқ", "Тури": "Автомобиль кўприги", "xcoord": 69.298786178242693, "ycoord": 41.250111305110714, "Узунл": 20.89 }, "geometry": { "type": "MultiLineString", "coordinates": [ [ [ 69.2987855, 41.2500266 ], [ 69.2987859, 41.2502147 ] ] ] } },
{ "type": "Feature", "properties": { "full_id": "w165848280", "osm_id": "165848280", "Туман": "Яшнобод", "Адрес": "Катта Толариқ", "Тури": "Автомобиль кўприги", "xcoord": 69.343627326054815, "ycoord": 41.266057052114405, "Узунл": 15.38 }, "geometry": { "type": "MultiLineString", "coordinates": [ [ [ 69.3436812, 41.2659973 ], [ 69.3435777, 41.2661117 ] ] ] } },
{ "type": "Feature", "properties": { "full_id": "w166234133", "osm_id": "166234133", "Туман": "Сергели", "Адрес": "Қўшқўрғон-3 берк кўчаси", "Тури": "Автомобиль кўприги", "xcoord": 69.28301489654028, "ycoord": 41.252953536565776, "Узунл": 17.2 }, "geometry": { "type": "MultiLineString", "coordinates": [ [ [ 69.283029463579027, 41.252877169396072 ], [ 69.283000142175865, 41.253030477036305 ] ] ] } },
{ "type": "Feature", "properties": { "full_id": "w166263477", "osm_id": "166263477", "Туман": "Чилонзор", "Адрес": "Анхор канали", "Тури": "Пиёдалар кўприги", "xcoord": 69.246965177200593, "ycoord": 41.305312105034375, "Узунл": 19.98 }, "geometry": { "type": "MultiLineString", "coordinates": [ [ [ 69.246897391249888, 41.305383572174236 ], [ 69.247035891249894, 41.305237072174236 ] ] ] } },
{ "type": "Feature", "properties": { "full_id": "w166269295", "osm_id": "166269295", "Туман": "Мирзо Улуғбек", "Адрес": "Салор канали", "Тури": "Автомобиль кўприги", "xcoord": 69.313851636561537, "ycoord": 41.332176332249453, "Узунл": 12.13 }, "geometry": { "type": "MultiLineString", "coordinates": [ [ [ 69.31389205730126, 41.332126671783087 ], [ 69.313814982643294, 41.332219108409483 ] ] ] } },
{ "type": "Feature", "properties": { "full_id": "w166269296", "osm_id": "166269296", "Туман": "Мирзо Улуғбек", "Адрес": "Салор канали", "Тури": "Автомобиль кўприги", "xcoord": 69.305357230204038, "ycoord": 41.319689198924472, "Узунл": 26.95 }, "geometry": { "type": "MultiLineString", "coordinates": [ [ [ 69.305204938076898, 41.319701095364145 ], [ 69.305525093752678, 41.319676186884585 ] ] ] } },
{ "type": "Feature", "properties": { "full_id": "w166269304", "osm_id": "166269304", "Туман": "Мирзо Улуғбек", "Адрес": "Салор канали", "Тури": "Темир йўл кўприги", "xcoord": 69.313484716894294, "ycoord": 41.33204958994483, "Узунл": 49.09 }, "geometry": { "type": "MultiLineString", "coordinates": [ [ [ 69.313367054760974, 41.332236368191346 ], [ 69.313618214100927, 41.331836990843826 ] ] ] } },
{ "type": "Feature", "properties": { "full_id": "w166269308", "osm_id": "166269308", "Туман": "Мирзо Улуғбек", "Адрес": "Мустақиллик шоҳ кўчаси", "Тури": "Автомобиль кўприги", "xcoord": 69.305450802659308, "ycoord": 41.320852417150853, "Узунл": 51.64 }, "geometry": { "type": "MultiLineString", "coordinates": [ [ [ 69.305785722136207, 41.320830075278387 ], [ 69.305171261399096, 41.320870486924449 ] ] ] } },
{ "type": "Feature", "properties": { "full_id": "w166319137", "osm_id": "166319137", "Туман": "Сергели", "Адрес": "Қўшқўрғон кўчаси", "Тури": "Автомобиль кўприги", "xcoord": 69.27887126950084, "ycoord": 41.250792499127655, "Узунл": 12.65 }, "geometry": { "type": "MultiLineString", "coordinates": [ [ [ 69.27889886367349, 41.250721829330985 ], [ 69.2788559, 41.250831 ] ] ] } },
{ "type": "Feature", "properties": { "full_id": "w166322137", "osm_id": "166322137", "Туман": "Яшнобод", "Адрес": "Фарғона йўли кўчаси", "Тури": "Автомобиль йўл ўтказгичлари", "xcoord": 69.295095619112857, "ycoord": 41.296817222432267, "Узунл": 212.93 }, "geometry": { "type": "MultiLineString", "coordinates": [ [ [ 69.2954096, 41.2958835 ], [ 69.2952203, 41.2962024 ], [ 69.2951017, 41.2964338 ], [ 69.2950843, 41.2965003 ], [ 69.2950703, 41.2965729 ], [ 69.295067, 41.2966439 ], [ 69.2950693, 41.2967124 ], [ 69.2950869, 41.2967915 ], [ 69.2951137, 41.2968722 ], [ 69.2951619, 41.2969619 ], [ 69.2952147, 41.2970396 ], [ 69.2952847, 41.2971293 ], [ 69.2953623, 41.2972181 ], [ 69.2957545, 41.2975976 ] ] ] } },
{ "type": "Feature", "properties": { "full_id": "w166437240", "osm_id": "166437240", "Туман": "Миробод", "Адрес": "Қўйлиқ кўчаси", "Тури": "Пиёдалар кўприги", "xcoord": 69.319667502113191, "ycoord": 41.241693761062038, "Узунл": 7.5 }, "geometry": { "type": "MultiLineString", "coordinates": [ [ [ 69.3196935, 41.2417232 ], [ 69.3196442, 41.2416668 ] ] ] } },
{ "type": "Feature", "properties": { "full_id": "w166457498", "osm_id": "166457498", "Туман": "Сергели", "Адрес": "Катта Толариқ", "Тури": "Автомобиль кўприги", "xcoord": 69.286877778260688, "ycoord": 41.253311491431056, "Узунл": 18.5 }, "geometry": { "type": "MultiLineString", "coordinates": [ [ [ 69.286835957814716, 41.253230037073628 ], [ 69.286915580527008, 41.253385365612992 ] ] ] } },
{ "type": "Feature", "properties": { "full_id": "w166466827", "osm_id": "166466827", "Туман": "Сергели", "Адрес": "Салор канали", "Тури": "Пиёдалар кўприги", "xcoord": 69.227028756018555, "ycoord": 41.255567976909376, "Узунл": 14.16 }, "geometry": { "type": "MultiLineString", "coordinates": [ [ [ 69.227048787533676, 41.255503767020059 ], [ 69.22700968753368, 41.255627767020059 ] ] ] } },
{ "type": "Feature", "properties": { "full_id": "w166620909", "osm_id": "166620909", "Туман": "Чилонзор", "Адрес": "Бўзсув канали", "Тури": "Пиёдалар кўприги", "xcoord": 69.202601276004813, "ycoord": 41.300613330385325, "Узунл": 27.31 }, "geometry": { "type": "MultiLineString", "coordinates": [ [ [ 69.20259392880142, 41.300728724561772 ], [ 69.20260852880142, 41.300483024561778 ] ] ] } },
{ "type": "Feature", "properties": { "full_id": "w167086590", "osm_id": "167086590", "Туман": "Яшнобод", "Адрес": "Қорасув канали", "Тури": "Автомобиль кўприги", "xcoord": 69.341415431798879, "ycoord": 41.299297140916231, "Узунл": 9.73 }, "geometry": { "type": "MultiLineString", "coordinates": [ [ [ 69.3414728, 41.2992914 ], [ 69.3413576, 41.2993027 ] ] ] } },
{ "type": "Feature", "properties": { "full_id": "w167179953", "osm_id": "167179953", "Туман": "Сергели", "Адрес": "Шокирарик", "Тури": "Автомобиль кўприги", "xcoord": 69.213123570561521, "ycoord": 41.21874979543999, "Узунл": 6.52 }, "geometry": { "type": "MultiLineString", "coordinates": [ [ [ 69.2131053, 41.2187724 ], [ 69.2131456, 41.2187222 ] ] ] } },
{ "type": "Feature", "properties": { "full_id": "w167285845", "osm_id": "167285845", "Туман": "Сергели", "Адрес": "Шокир канали", "Тури": "Пиёдалар кўприги", "xcoord": 69.218671245604924, "ycoord": 41.223446619945797, "Узунл": 10.48 }, "geometry": { "type": "MultiLineString", "coordinates": [ [ [ 69.218645770005352, 41.223486051520112 ], [ 69.218700494728907, 41.223401166310126 ] ] ] } },
{ "type": "Feature", "properties": { "full_id": "w167285846", "osm_id": "167285846", "Туман": "Сергели", "Адрес": "Шокир канали", "Тури": "Автомобиль кўприги", "xcoord": 69.217163389706016, "ycoord": 41.222905985183814, "Узунл": 10.59 }, "geometry": { "type": "MultiLineString", "coordinates": [ [ [ 69.217134131682229, 41.222949003852129 ], [ 69.217192273073508, 41.222864399330959 ] ] ] } },
{ "type": "Feature", "properties": { "full_id": "w167437051", "osm_id": "167437051", "Туман": "Чилонзор", "Адрес": "Чилонзор йўли", "Тури": "Темир йўл кўприги", "xcoord": 69.232188186299666, "ycoord": 41.299369627258791, "Узунл": 387.97 }, "geometry": { "type": "MultiLineString", "coordinates": [ [ [ 69.233394027981078, 41.300630988530678 ], [ 69.231943627981082, 41.299113188530676 ], [ 69.230690927981072, 41.297794088530679 ] ] ] } },
{ "type": "Feature", "properties": { "full_id": "w169257339", "osm_id": "169257339", "Туман": "Олмазор", "Адрес": "Дамаши канали", "Тури": "Пиёдалар кўприги", "xcoord": 69.24713259365474, "ycoord": 41.348216272420693, "Узунл": 24.22 }, "geometry": { "type": "MultiLineString", "coordinates": [ [ [ 69.247176293205669, 41.348098688229499 ], [ 69.247098191019106, 41.348308639908545 ] ] ] } },
{ "type": "Feature", "properties": { "full_id": "w169306534", "osm_id": "169306534", "Туман": "Сергели", "Адрес": "Салор канали", "Тури": "Пиёдалар кўприги", "xcoord": 69.228373003189731, "ycoord": 41.255808490463778, "Узунл": 19.6 }, "geometry": { "type": "MultiLineString", "coordinates": [ [ [ 69.228392836237262, 41.255724048121593 ], [ 69.228352536237267, 41.255897848121592 ] ] ] } },
{ "type": "Feature", "properties": { "full_id": "w169306536", "osm_id": "169306536", "Туман": "Сергели", "Адрес": "Салор канали", "Тури": "Пиёдалар кўприги", "xcoord": 69.229155906484394, "ycoord": 41.255886560151858, "Узунл": 16.98 }, "geometry": { "type": "MultiLineString", "coordinates": [ [ [ 69.2291808, 41.2558071 ], [ 69.229134609665053, 41.255955988177 ] ] ] } },
{ "type": "Feature", "properties": { "full_id": "w170842052", "osm_id": "170842052", "Туман": "Яккасарой", "Адрес": "Кичик ҳалқа йўли кўчаси", "Тури": "Автомобиль йўл ўтказгичлари", "xcoord": 69.226092839663465, "ycoord": 41.260944352866765, "Узунл": 179.61 }, "geometry": { "type": "MultiLineString", "coordinates": [ [ [ 69.22695991387738, 41.260703148701737 ], [ 69.226684213877377, 41.260761948701735 ], [ 69.226473613877374, 41.260814948701736 ], [ 69.226228413877379, 41.260893048701739 ], [ 69.225981313877369, 41.260987948701739 ], [ 69.225703013877379, 41.261113648701738 ], [ 69.225570113877367, 41.261180548701738 ], [ 69.225346413877375, 41.261297048701735 ], [ 69.225084513877377, 41.261455148701735 ] ] ] } },
{ "type": "Feature", "properties": { "full_id": "w171028114", "osm_id": "171028114", "Туман": "Янгихает", "Адрес": "Райҳон кўчаси", "Тури": "Автомобиль кўприги", "xcoord": 69.236988238854281, "ycoord": 41.192273083343849, "Узунл": 13.38 }, "geometry": { "type": "MultiLineString", "coordinates": [ [ [ 69.236935659971451, 41.192308421772005 ], [ 69.237054432993986, 41.192227978425613 ] ] ] } },
{ "type": "Feature", "properties": { "full_id": "w171198980", "osm_id": "171198980", "Туман": "Олмазор", "Адрес": "Дамаши канали", "Тури": "Пиёдалар кўприги", "xcoord": 69.232732666159961, "ycoord": 41.357777035248965, "Узунл": 14.25 }, "geometry": { "type": "MultiLineString", "coordinates": [ [ [ 69.232815088804443, 41.357741922293698 ], [ 69.232666892181314, 41.357805072155827 ] ] ] } },
{ "type": "Feature", "properties": { "full_id": "w171316459", "osm_id": "171316459", "Туман": "Сергели", "Адрес": "Салор канали", "Тури": "Пиёдалар кўприги", "xcoord": 69.215758362874453, "ycoord": 41.249193275565283, "Узунл": 15.78 }, "geometry": { "type": "MultiLineString", "coordinates": [ [ [ 69.215680788213504, 41.24920401851675 ], [ 69.215865903601539, 41.249177893633437 ] ] ] } },
{ "type": "Feature", "properties": { "full_id": "w171360576", "osm_id": "171360576", "Туман": "Янгихает", "Адрес": "Чорток ариқ", "Тури": "Пиёдалар кўприги", "xcoord": 69.244781333927904, "ycoord": 41.199743349337659, "Узунл": 19.11 }, "geometry": { "type": "MultiLineString", "coordinates": [ [ [ 69.244718701000011, 41.199828836910825 ], [ 69.244829633124553, 41.19967851475797 ] ] ] } },
{ "type": "Feature", "properties": { "full_id": "w171545595", "osm_id": "171545595", "Туман": "Янгихает", "Адрес": "Жалойир кўчаси", "Тури": "Автомобиль кўприги", "xcoord": 69.275517517169988, "ycoord": 41.169988110746957, "Узунл": 17.43 }, "geometry": { "type": "MultiLineString", "coordinates": [ [ [ 69.2754929, 41.1699076 ], [ 69.2755398, 41.1700605 ] ] ] } },
{ "type": "Feature", "properties": { "full_id": "w171850480", "osm_id": "171850480", "Туман": "Янгихает", "Адрес": "Катта ҳалқа йўли кўчаси", "Тури": "Автомобиль кўприги", "xcoord": 69.18352730970804, "ycoord": 41.227035224035284, "Узунл": 52.92 }, "geometry": { "type": "MultiLineString", "coordinates": [ [ [ 69.183831102572753, 41.226934348133597 ], [ 69.183253531268278, 41.227126577042462 ] ] ] } },
{ "type": "Feature", "properties": { "full_id": "w171850483", "osm_id": "171850483", "Туман": "Янгихает", "Адрес": "Салор канали", "Тури": "Автомобиль кўприги", "xcoord": 69.192507360558707, "ycoord": 41.227054932561906, "Узунл": 44.85 }, "geometry": { "type": "MultiLineString", "coordinates": [ [ [ 69.192768048622, 41.227118046214926 ], [ 69.192258848622004, 41.226994246214929 ] ] ] } },
{ "type": "Feature", "properties": { "full_id": "w172070850", "osm_id": "172070850", "Туман": "Чилонзор", "Адрес": "Анхор канали", "Тури": "Пиёдалар кўприги", "xcoord": 69.246075402850906, "ycoord": 41.304829962196735, "Узунл": 13.1 }, "geometry": { "type": "MultiLineString", "coordinates": [ [ [ 69.246121296806706, 41.304780847161176 ], [ 69.246048496806708, 41.304858147161177 ], [ 69.246031796806705, 41.304877547161176 ] ] ] } },
{ "type": "Feature", "properties": { "full_id": "w174744746", "osm_id": "174744746", "Туман": "Олмазор", "Адрес": "Кичкина Кайковус канали", "Тури": "Пиёдалар кўприги", "xcoord": 69.244813672296985, "ycoord": 41.338741359620755, "Узунл": 12.91 }, "geometry": { "type": "MultiLineString", "coordinates": [ [ [ 69.2448289, 41.338793 ], [ 69.2447955, 41.3386795 ] ] ] } },
{ "type": "Feature", "properties": { "full_id": "w174744753", "osm_id": "174744753", "Туман": "Олмазор", "Адрес": "Кичкина Кайковус канали", "Тури": "Автомобиль кўприги", "xcoord": 69.243807960832456, "ycoord": 41.338696745920771, "Узунл": 14.88 }, "geometry": { "type": "MultiLineString", "coordinates": [ [ [ 69.2437756, 41.3387624 ], [ 69.2438372, 41.3386367 ] ] ] } },
{ "type": "Feature", "properties": { "full_id": "w174747679", "osm_id": "174747679", "Туман": "Олмазор", "Адрес": "Дамаши канали", "Тури": "Пиёдалар кўприги", "xcoord": 69.254830953614572, "ycoord": 41.341537442204739, "Узунл": 9.93 }, "geometry": { "type": "MultiLineString", "coordinates": [ [ [ 69.2547828, 41.3415107 ], [ 69.2548782, 41.3415638 ] ] ] } },
{ "type": "Feature", "properties": { "full_id": "w174873164", "osm_id": "174873164", "Туман": "Шайхонтохур", "Адрес": "Кўкча канали", "Тури": "Пиёдалар кўприги", "xcoord": 69.2176307466368, "ycoord": 41.325357795658874, "Узунл": 7.86 }, "geometry": { "type": "MultiLineString", "coordinates": [ [ [ 69.217649528116141, 41.325321385034755 ], [ 69.217615551794779, 41.325387325462025 ] ] ] } },
{ "type": "Feature", "properties": { "full_id": "w175049185", "osm_id": "175049185", "Туман": "Чилонзор", "Адрес": "Бўзсув канали", "Тури": "Автомобиль кўприги", "xcoord": 69.222010803581924, "ycoord": 41.302133245099974, "Узунл": 35.93 }, "geometry": { "type": "MultiLineString", "coordinates": [ [ [ 69.2221337, 41.3019811 ], [ 69.2219102, 41.3022573 ] ] ] } },
{ "type": "Feature", "properties": { "full_id": "w175385927", "osm_id": "175385927", "Туман": "Чилонзор", "Адрес": "Анхор канали", "Тури": "Автомобиль кўприги", "xcoord": 69.233160196573948, "ycoord": 41.295104593829123, "Узунл": 21.55 }, "geometry": { "type": "MultiLineString", "coordinates": [ [ [ 69.2332048, 41.2950137 ], [ 69.233115, 41.2951955 ] ] ] } },
{ "type": "Feature", "properties": { "full_id": "w175464182", "osm_id": "175464182", "Туман": "Мирзо Улуғбек", "Адрес": "Хуросон кўчаси", "Тури": "Автомобиль кўприги", "xcoord": 69.450448577616996, "ycoord": 41.399560497836127, "Узунл": 52.53 }, "geometry": { "type": "MultiLineString", "coordinates": [ [ [ 69.450394401856528, 41.399781053267084 ], [ 69.45050590185653, 41.39931555326708 ] ] ] } },
{ "type": "Feature", "properties": { "full_id": "w178305044", "osm_id": "178305044", "Туман": "Яшнобод", "Адрес": "Олот кўчаси", "Тури": "Автомобиль кўприги", "xcoord": 69.308478472890528, "ycoord": 41.278906951447553, "Узунл": 9.23 }, "geometry": { "type": "MultiLineString", "coordinates": [ [ [ 69.308437731393965, 41.278882428466069 ], [ 69.308523784041697, 41.278934326370816 ] ] ] } },
{ "type": "Feature", "properties": { "full_id": "w178751749", "osm_id": "178751749", "Туман": "Яшнобод", "Адрес": "Қорасув канали", "Тури": "Автомобиль кўприги", "xcoord": 69.335489664965863, "ycoord": 41.29754280403391, "Узунл": 14.6 }, "geometry": { "type": "MultiLineString", "coordinates": [ [ [ 69.3354038, 41.2975534 ], [ 69.3355757, 41.2975316 ] ] ] } },
{ "type": "Feature", "properties": { "full_id": "w178751752", "osm_id": "178751752", "Туман": "Яшнобод", "Адрес": "Қорасув канали", "Тури": "Автомобиль кўприги", "xcoord": 69.329593676457065, "ycoord": 41.295679463871394, "Узунл": 9.22 }, "geometry": { "type": "MultiLineString", "coordinates": [ [ [ 69.329609, 41.2956413 ], [ 69.3295768, 41.2957207 ] ] ] } },
{ "type": "Feature", "properties": { "full_id": "w178759559", "osm_id": "178759559", "Туман": "Яшнобод", "Адрес": "Қорасув канали", "Тури": "Автомобиль кўприги", "xcoord": 69.333818465053028, "ycoord": 41.296261323901497, "Узунл": 27.92 }, "geometry": { "type": "MultiLineString", "coordinates": [ [ [ 69.3339632, 41.2961626 ], [ 69.3337158, 41.2963311 ] ] ] } },
{ "type": "Feature", "properties": { "full_id": "w178759564", "osm_id": "178759564", "Туман": "Яшнобод", "Адрес": "Қорасув канали", "Тури": "Пиёдалар кўприги", "xcoord": 69.338043802609917, "ycoord": 41.298663579138925, "Узунл": 14.25 }, "geometry": { "type": "MultiLineString", "coordinates": [ [ [ 69.338013153501151, 41.298722528272542 ], [ 69.338075583641569, 41.298603194576579 ] ] ] } },
{ "type": "Feature", "properties": { "full_id": "w178759565", "osm_id": "178759565", "Туман": "Яшнобод", "Адрес": "Қорасув канали", "Тури": "Пиёдалар кўприги", "xcoord": 69.326939099603408, "ycoord": 41.295030775284623, "Узунл": 10.83 }, "geometry": { "type": "MultiLineString", "coordinates": [ [ [ 69.3269189, 41.2950807 ], [ 69.3269564, 41.2949874 ] ] ] } },
{ "type": "Feature", "properties": { "full_id": "w178759570", "osm_id": "178759570", "Туман": "Яшнобод", "Адрес": "Қорасув канали", "Тури": "Автомобиль кўприги", "xcoord": 69.332767080672468, "ycoord": 41.296083422544541, "Узунл": 12.98 }, "geometry": { "type": "MultiLineString", "coordinates": [ [ [ 69.3327909, 41.2961386 ], [ 69.3327432, 41.2960274 ] ] ] } },
{ "type": "Feature", "properties": { "full_id": "w179412816", "osm_id": "179412816", "Туман": "Мирзо Улуғбек", "Адрес": "Темур Малик кўчаси", "Тури": "Автомобиль кўприги", "xcoord": 69.343091422491511, "ycoord": 41.309229603167829, "Узунл": 35.58 }, "geometry": { "type": "MultiLineString", "coordinates": [ [ [ 69.343231005440316, 41.309353492721065 ], [ 69.342956226377368, 41.309109137395573 ] ] ] } },
{ "type": "Feature", "properties": { "full_id": "w180660006", "osm_id": "180660006", "Туман": "Юнусобод", "Адрес": "Салор канали", "Тури": "Пиёдалар кўприги", "xcoord": 69.331515227968396, "ycoord": 41.355848272519353, "Узунл": 14.51 }, "geometry": { "type": "MultiLineString", "coordinates": [ [ [ 69.3315882, 41.3558055 ], [ 69.3314515, 41.3558859 ] ] ] } },
{ "type": "Feature", "properties": { "full_id": "w180801750", "osm_id": "180801750", "Туман": "Юнусобод", "Адрес": "Бўзсув канали", "Тури": "Пиёдалар кўприги", "xcoord": 69.280316706736201, "ycoord": 41.341841244172848, "Узунл": 51.17 }, "geometry": { "type": "MultiLineString", "coordinates": [ [ [ 69.280125734295311, 41.34166427367699 ], [ 69.280513201313823, 41.342020635433038 ] ] ] } },
{ "type": "Feature", "properties": { "full_id": "w181419855", "osm_id": "181419855", "Туман": "Чилонзор", "Адрес": "Анхор канали", "Тури": "Пиёдалар кўприги", "xcoord": 69.240507845866929, "ycoord": 41.304684698950723, "Узунл": 14.77 }, "geometry": { "type": "MultiLineString", "coordinates": [ [ [ 69.24050722943052, 41.304740197634693 ], [ 69.240508629430522, 41.304607197634695 ] ] ] } },
{ "type": "Feature", "properties": { "full_id": "w181419856", "osm_id": "181419856", "Туман": "Чилонзор", "Адрес": "Анхор канали", "Тури": "Пиёдалар кўприги", "xcoord": 69.240043385512053, "ycoord": 41.303810558110534, "Узунл": 11.47 }, "geometry": { "type": "MultiLineString", "coordinates": [ [ [ 69.239976, 41.3038107 ], [ 69.2401129, 41.3038105 ] ] ] } },
{ "type": "Feature", "properties": { "full_id": "w181557216", "osm_id": "181557216", "Туман": "Юнусобод", "Адрес": "Бўзсув канали", "Тури": "Пиёдалар кўприги", "xcoord": 69.265299398270514, "ycoord": 41.316447819100752, "Узунл": 36.37 }, "geometry": { "type": "MultiLineString", "coordinates": [ [ [ 69.265093080979753, 41.316463546223382 ], [ 69.265525273761227, 41.316430471191879 ] ] ] } },
{ "type": "Feature", "properties": { "full_id": "w181579206", "osm_id": "181579206", "Туман": "Олмазор", "Адрес": "Кичкина Кайковус канали", "Тури": "Автомобиль кўприги", "xcoord": 69.245171194434135, "ycoord": 41.338705245271747, "Узунл": 12.1 }, "geometry": { "type": "MultiLineString", "coordinates": [ [ [ 69.245149121870753, 41.338641663372506 ], [ 69.245186329350773, 41.338746900940713 ] ] ] } },
{ "type": "Feature", "properties": { "full_id": "w181747235", "osm_id": "181747235", "Туман": "Юнусобод", "Адрес": "Оккургон ариқ", "Тури": "Автомобиль кўприги", "xcoord": 69.296024465430335, "ycoord": 41.326269223685117, "Узунл": 12.67 }, "geometry": { "type": "MultiLineString", "coordinates": [ [ [ 69.295994229908175, 41.326304817265047 ], [ 69.296075104281272, 41.326208372837939 ] ] ] } },
{ "type": "Feature", "properties": { "full_id": "w182052823", "osm_id": "182052823", "Туман": "Мирзо Улуғбек", "Адрес": "Салор канали", "Тури": "Пиёдалар кўприги", "xcoord": 69.299842729449878, "ycoord": 41.311902803544577, "Узунл": 7.27 }, "geometry": { "type": "MultiLineString", "coordinates": [ [ [ 69.2998805, 41.3118841 ], [ 69.2998073, 41.3119193 ] ] ] } },
{ "type": "Feature", "properties": { "full_id": "w182958489", "osm_id": "182958489", "Туман": "Олмазор", "Адрес": "Кичкина Кайковус канали", "Тури": "Автомобиль кўприги", "xcoord": 69.232667011690992, "ycoord": 41.338025125970027, "Узунл": 19.58 }, "geometry": { "type": "MultiLineString", "coordinates": [ [ [ 69.232712147562907, 41.337936279792999 ], [ 69.232627462878526, 41.338100654674925 ] ] ] } },
{ "type": "Feature", "properties": { "full_id": "w184465229", "osm_id": "184465229", "Туман": "Мирзо Улуғбек", "Адрес": "Чилонзор йўли", "Тури": "Темир йўл кўприги", "xcoord": 69.305551728668107, "ycoord": 41.321230364452553, "Узунл": 213.79 }, "geometry": { "type": "MultiLineString", "coordinates": [ [ [ 69.304403314099687, 41.321304064648473 ], [ 69.306946714099695, 41.32113356464847 ] ] ] } },
{ "type": "Feature", "properties": { "full_id": "w187989918", "osm_id": "187989918", "Туман": "Юнусобод", "Адрес": "Салор канали", "Тури": "Автомобиль кўприги", "xcoord": 69.324061288843595, "ycoord": 41.347420518407816, "Узунл": 106.04 }, "geometry": { "type": "MultiLineString", "coordinates": [ [ [ 69.324585716701691, 41.34709768095496 ], [ 69.324519034304458, 41.347140258681286 ], [ 69.324244679623106, 41.347306008011664 ], [ 69.323603539452904, 41.347700776314468 ] ] ] } },
{ "type": "Feature", "properties": { "full_id": "w198135652", "osm_id": "198135652", "Туман": "Мирзо Улуғбек", "Адрес": "Обиравон кўчаси", "Тури": "Автомобиль кўприги", "xcoord": 69.467011635101386, "ycoord": 41.405593175781853, "Узунл": 11.28 }, "geometry": { "type": "MultiLineString", "coordinates": [ [ [ 69.4669788, 41.4056374 ], [ 69.467044619906886, 41.4055487410442 ] ] ] } },
{ "type": "Feature", "properties": { "full_id": "w198135655", "osm_id": "198135655", "Туман": "Мирзо Улуғбек", "Адрес": "Обиравон кўчаси", "Тури": "Автомобиль кўприги", "xcoord": 69.462326162451063, "ycoord": 41.403801608665063, "Узунл": 16.03 }, "geometry": { "type": "MultiLineString", "coordinates": [ [ [ 69.462254894266593, 41.403849573653162 ], [ 69.462398467640327, 41.403753899294188 ] ] ] } },
{ "type": "Feature", "properties": { "full_id": "w198135660", "osm_id": "198135660", "Туман": "Мирзо Улуғбек", "Адрес": "Бозсув канали", "Тури": "Пиёдалар кўприги", "xcoord": 69.45081355078969, "ycoord": 41.399643253194419, "Узунл": 44.9 }, "geometry": { "type": "MultiLineString", "coordinates": [ [ [ 69.4507665, 41.3998693 ], [ 69.4508485, 41.3994698 ] ] ] } },
{ "type": "Feature", "properties": { "full_id": "w198135663", "osm_id": "198135663", "Туман": "Мирзо Улуғбек", "Адрес": "Обиравон кўчаси", "Тури": "Автомобиль кўприги", "xcoord": 69.459707285004725, "ycoord": 41.402442152277871, "Узунл": 13.22 }, "geometry": { "type": "MultiLineString", "coordinates": [ [ [ 69.459663921365603, 41.402483378537546 ], [ 69.459761959386299, 41.402389967979538 ] ] ] } },
{ "type": "Feature", "properties": { "full_id": "w201091606", "osm_id": "201091606", "Туман": "Яшнобод", "Адрес": "Янги Яшнобод кўчаси", "Тури": "Автомобиль кўприги", "xcoord": 69.423216298749139, "ycoord": 41.313381472721169, "Узунл": 18.86 }, "geometry": { "type": "MultiLineString", "coordinates": [ [ [ 69.4233236, 41.3133188 ], [ 69.4231454, 41.3134227 ] ] ] } },
{ "type": "Feature", "properties": { "full_id": "w201091700", "osm_id": "201091700", "Туман": "Яшнобод", "Адрес": "Чўлпон кўчаси", "Тури": "Автомобиль кўприги", "xcoord": 69.416731941185148, "ycoord": 41.303663900979551, "Узунл": 11.05 }, "geometry": { "type": "MultiLineString", "coordinates": [ [ [ 69.4167598, 41.3036203 ], [ 69.4167024, 41.3037099 ] ] ] } },
{ "type": "Feature", "properties": { "full_id": "w202767954", "osm_id": "202767954", "Туман": "Мирзо Улуғбек", "Адрес": "Парновот ариқ", "Тури": "Пиёдалар кўприги", "xcoord": 69.455280455721123, "ycoord": 41.335984970523995, "Узунл": 13.73 }, "geometry": { "type": "MultiLineString", "coordinates": [ [ [ 69.455222946581983, 41.336021286509478 ], [ 69.455348556991595, 41.335941738602394 ] ] ] } },
{ "type": "Feature", "properties": { "full_id": "w203083172", "osm_id": "203083172", "Туман": "Миробод", "Адрес": "Салор канали", "Тури": "Автомобиль кўприги", "xcoord": 69.281913544559373, "ycoord": 41.289244123392216, "Узунл": 26.2 }, "geometry": { "type": "MultiLineString", "coordinates": [ [ [ 69.282024641108066, 41.289201495201716 ], [ 69.281745609513166, 41.28930815377192 ] ] ] } },
{ "type": "Feature", "properties": { "full_id": "w203858093", "osm_id": "203858093", "Туман": "Учтепа", "Адрес": "Бўзсув канали", "Тури": "Автомобиль кўприги", "xcoord": 69.14767192252134, "ycoord": 41.280974014099705, "Узунл": 101.02 }, "geometry": { "type": "MultiLineString", "coordinates": [ [ [ 69.1475056, 41.2804583 ], [ 69.147789319889199, 41.281342343490856 ] ] ] } },
{ "type": "Feature", "properties": { "full_id": "w204719023", "osm_id": "204719023", "Туман": "Чилонзор", "Адрес": "Анхор канали", "Тури": "Автомобиль кўприги", "xcoord": 69.202271245792289, "ycoord": 41.267779357713117, "Узунл": 22.36 }, "geometry": { "type": "MultiLineString", "coordinates": [ [ [ 69.202186, 41.2678421 ], [ 69.2023767, 41.2677013 ] ] ] } },
{ "type": "Feature", "properties": { "full_id": "w206359541", "osm_id": "206359541", "Туман": "Бектемир", "Адрес": "Бектемир йўли кўчаси", "Тури": "Автомобиль кўприги", "xcoord": 69.334574858110003, "ycoord": 41.218225395191247, "Узунл": 26.65 }, "geometry": { "type": "MultiLineString", "coordinates": [ [ [ 69.334564817882523, 41.218339420780048 ], [ 69.334584081269355, 41.218099915046473 ] ] ] } },
{ "type": "Feature", "properties": { "full_id": "w207549087", "osm_id": "207549087", "Туман": "Янгихает", "Адрес": "Чоштепа кўчаси", "Тури": "Автомобиль йўл ўтказгичлари", "xcoord": 69.181382193823836, "ycoord": 41.227759549984583, "Узунл": 46.74 }, "geometry": { "type": "MultiLineString", "coordinates": [ [ [ 69.181586947559069, 41.227918828364771 ], [ 69.18119884755906, 41.227616728364772 ] ] ] } },
{ "type": "Feature", "properties": { "full_id": "w209507524", "osm_id": "209507524", "Туман": "Чилонзор", "Адрес": "Катта ҳалқа йўли кўчаси", "Тури": "Автомобиль йўл ўтказгичлари", "xcoord": 69.179821634390777, "ycoord": 41.228262235531091, "Узунл": 63.17 }, "geometry": { "type": "MultiLineString", "coordinates": [ [ [ 69.1800577, 41.2284975 ], [ 69.1796032, 41.2280439 ] ] ] } },
{ "type": "Feature", "properties": { "full_id": "w210212292", "osm_id": "210212292", "Туман": "Юнусобод", "Адрес": "Бўзсув канали", "Тури": "Темир йўл кўприги", "xcoord": 69.298560450907956, "ycoord": 41.347439498242665, "Узунл": 65.17 }, "geometry": { "type": "MultiLineString", "coordinates": [ [ [ 69.298875783546379, 41.347243916329688 ], [ 69.298276969665906, 41.347618957398943 ] ] ] } },
{ "type": "Feature", "properties": { "full_id": "w210239188", "osm_id": "210239188", "Туман": "Яшнобод", "Адрес": "Маҳтумқули шоҳкўчаси", "Тури": "Темир йўл кўприги", "xcoord": 69.302118562264909, "ycoord": 41.307296466704493, "Узунл": 70.41 }, "geometry": { "type": "MultiLineString", "coordinates": [ [ [ 69.301810364759916, 41.307101078263962 ], [ 69.302453432741501, 41.307509542199945 ] ] ] } },
{ "type": "Feature", "properties": { "full_id": "w210477558", "osm_id": "210477558", "Туман": "Мирзо Улуғбек", "Адрес": "Салор канали", "Тури": "Темир йўл кўприги", "xcoord": 69.314894392093677, "ycoord": 41.331399297400893, "Узунл": 110.62 }, "geometry": { "type": "MultiLineString", "coordinates": [ [ [ 69.315547069007891, 41.331164287442782 ], [ 69.315274969007888, 41.33124868744278 ], [ 69.315017469007898, 41.331342987442781 ], [ 69.314840469007891, 41.331420987442783 ], [ 69.314608669007896, 41.331532887442783 ], [ 69.314399769007892, 41.331650287442784 ] ] ] } },
{ "type": "Feature", "properties": { "full_id": "w210552075", "osm_id": "210552075", "Туман": "Янгихает", "Адрес": "СК-5 канал", "Тури": "Темир йўл кўприги", "xcoord": 69.259249886471153, "ycoord": 41.170822674960405, "Узунл": 13.51 }, "geometry": { "type": "MultiLineString", "coordinates": [ [ [ 69.259238286223905, 41.170758650405503 ], [ 69.259260081546884, 41.170879167304193 ] ] ] } },
{ "type": "Feature", "properties": { "full_id": "w210564847", "osm_id": "210564847", "Туман": "Миробод", "Адрес": "Қорасув канали", "Тури": "Темир йўл кўприги", "xcoord": 69.297442785721103, "ycoord": 41.264449205617893, "Узунл": 20.66 }, "geometry": { "type": "MultiLineString", "coordinates": [ [ [ 69.297587858436671, 41.264463724628087 ], [ 69.2973435, 41.2644393 ] ] ] } },
{ "type": "Feature", "properties": { "full_id": "w222685936", "osm_id": "222685936", "Туман": "Олмазор", "Адрес": "Дамаши канали", "Тури": "Пиёдалар кўприги", "xcoord": 69.25408610988255, "ycoord": 41.342489523121245, "Узунл": 18.32 }, "geometry": { "type": "MultiLineString", "coordinates": [ [ [ 69.253972721566925, 41.342505450576596 ], [ 69.25418785902518, 41.342475249140136 ] ] ] } },
{ "type": "Feature", "properties": { "full_id": "w223188441", "osm_id": "223188441", "Туман": "Миробод", "Адрес": "Салор канали", "Тури": "Пиёдалар кўприги", "xcoord": 69.28839222382129, "ycoord": 41.294378544073112, "Узунл": 33.37 }, "geometry": { "type": "MultiLineString", "coordinates": [ [ [ 69.2885294, 41.2942507 ], [ 69.2882787, 41.2944842 ] ] ] } },
{ "type": "Feature", "properties": { "full_id": "w253775295", "osm_id": "253775295", "Туман": "Юнусобод", "Адрес": "Дарбозакент ариқ", "Тури": "Пиёдалар кўприги", "xcoord": 69.289827364864919, "ycoord": 41.349673675617545, "Узунл": 51.9 }, "geometry": { "type": "MultiLineString", "coordinates": [ [ [ 69.2899125, 41.3494507 ], [ 69.289742, 41.3499 ] ] ] } },
{ "type": "Feature", "properties": { "full_id": "w265736876", "osm_id": "265736876", "Туман": "Мирзо Улуғбек", "Адрес": "Қорасув канали", "Тури": "Автомобиль кўприги", "xcoord": 69.411838026155834, "ycoord": 41.359164249978534, "Узунл": 11.42 }, "geometry": { "type": "MultiLineString", "coordinates": [ [ [ 69.4118087, 41.3592077 ], [ 69.4118706, 41.3591161 ] ] ] } },
{ "type": "Feature", "properties": { "full_id": "w272984746", "osm_id": "272984746", "Туман": "Мирзо Улуғбек", "Адрес": "Салор канали", "Тури": "Автомобиль кўприги", "xcoord": 69.305595490803739, "ycoord": 41.321672406267645, "Узунл": 13.14 }, "geometry": { "type": "MultiLineString", "coordinates": [ [ [ 69.3055184, 41.3216769 ], [ 69.3056748, 41.3216676 ] ] ] } },
{ "type": "Feature", "properties": { "full_id": "w274731193", "osm_id": "274731193", "Туман": "Яшнобод", "Адрес": "Маҳтумқули шоҳкўчаси", "Тури": "Автомобиль йўл ўтказгичлари", "xcoord": 69.298008385942424, "ycoord": 41.307329807888578, "Узунл": 33.17 }, "geometry": { "type": "MultiLineString", "coordinates": [ [ [ 69.298195776280451, 41.307366075950476 ], [ 69.297812476280441, 41.307290875950478 ] ] ] } },
{ "type": "Feature", "properties": { "full_id": "w305516646", "osm_id": "305516646", "Туман": "Шайхонтохур", "Адрес": "Абдулла Қодирий кўчаси", "Тури": "Автомобиль йўл ўтказгичлари", "xcoord": 69.264997576984499, "ycoord": 41.323918304328501, "Узунл": 439.89 }, "geometry": { "type": "MultiLineString", "coordinates": [ [ [ 69.267226822437721, 41.323623354632907 ], [ 69.265756722437715, 41.323826354632907 ], [ 69.26501962243772, 41.323915954632909 ], [ 69.264282422437716, 41.323978554632909 ], [ 69.262025622437719, 41.324170254632911 ] ] ] } },
{ "type": "Feature", "properties": { "full_id": "w307108802", "osm_id": "307108802", "Туман": "Мирзо Улуғбек", "Адрес": "Салор канали", "Тури": "Пиёдалар кўприги", "xcoord": 69.298272671714372, "ycoord": 41.310540128537674, "Узунл": 12.35 }, "geometry": { "type": "MultiLineString", "coordinates": [ [ [ 69.298269276607741, 41.310482817792121 ], [ 69.298275860904425, 41.310593931187 ] ] ] } },
{ "type": "Feature", "properties": { "full_id": "w307122382", "osm_id": "307122382", "Туман": "Мирзо Улуғбек", "Адрес": "Салор канили", "Тури": "Автомобиль кўприги", "xcoord": 69.315548231679443, "ycoord": 41.337300140869473, "Узунл": 18.45 }, "geometry": { "type": "MultiLineString", "coordinates": [ [ [ 69.315460746344655, 41.337283482065374 ], [ 69.3156744, 41.3373242 ] ] ] } },
{ "type": "Feature", "properties": { "full_id": "w334981679", "osm_id": "334981679", "Туман": "Сергели", "Адрес": "Хонободтепа шоҳкўчаси", "Тури": "Автомобиль йўл ўтказгичлари", "xcoord": 69.217514961148865, "ycoord": 41.243423934802493, "Узунл": 73.67 }, "geometry": { "type": "MultiLineString", "coordinates": [ [ [ 69.217972272806605, 41.243493993359515 ], [ 69.217111172806611, 41.243361193359519 ] ] ] } },
{ "type": "Feature", "properties": { "full_id": "w334986135", "osm_id": "334986135", "Туман": "Олмазор", "Адрес": "Келес йўли кўчаси", "Тури": "Автомобиль йўл ўтказгичлари", "xcoord": 69.213131140448652, "ycoord": 41.385417223143193, "Узунл": 72.2 }, "geometry": { "type": "MultiLineString", "coordinates": [ [ [ 69.2134235464884, 41.385191988845968 ], [ 69.212818785624108, 41.385655894666989 ] ] ] } },
{ "type": "Feature", "properties": { "full_id": "w338732206", "osm_id": "338732206", "Туман": "Янгихает", "Адрес": "Катта ҳалқа йўли кўчаси", "Тури": "Автомобиль кўприги", "xcoord": 69.229668093763777, "ycoord": 41.168128939804006, "Узунл": 313.3 }, "geometry": { "type": "MultiLineString", "coordinates": [ [ [ 69.231459373573571, 41.167580149955782 ], [ 69.22799997357356, 41.168640749955784 ] ] ] } },
{ "type": "Feature", "properties": { "full_id": "w338734812", "osm_id": "338734812", "Туман": "Янгихает", "Адрес": "Катта ҳалқа йўли кўчаси", "Тури": "Автомобиль кўприги", "xcoord": 69.258059110176205, "ycoord": 41.165010507128081, "Узунл": 179.75 }, "geometry": { "type": "MultiLineString", "coordinates": [ [ [ 69.259048334676166, 41.164903918339959 ], [ 69.256928034676164, 41.165132718339962 ] ] ] } },
{ "type": "Feature", "properties": { "full_id": "w338736610", "osm_id": "338736610", "Туман": "Янгихает", "Адрес": "Катта ҳалқа йўли кўчаси", "Тури": "Автомобиль кўприги", "xcoord": 69.286609495741203, "ycoord": 41.168944289080386, "Узунл": 38.19 }, "geometry": { "type": "MultiLineString", "coordinates": [ [ [ 69.286424680297685, 41.168828600136251 ], [ 69.286775003454693, 41.169048073138519 ] ] ] } },
{ "type": "Feature", "properties": { "full_id": "w340229097", "osm_id": "340229097", "Туман": "Олмазор", "Адрес": "Дамаши канали", "Тури": "Пиёдалар кўприги", "xcoord": 69.256080957750427, "ycoord": 41.339236950023661, "Узунл": 19.99 }, "geometry": { "type": "MultiLineString", "coordinates": [ [ [ 69.256178452516465, 41.339300715850769 ], [ 69.255998431470843, 41.339182493440717 ] ] ] } },
{ "type": "Feature", "properties": { "full_id": "w340816137", "osm_id": "340816137", "Туман": "Олмазор", "Адрес": "Дамаши канали", "Тури": "Автомобиль кўприги", "xcoord": 69.251940438520407, "ycoord": 41.346820028237779, "Узунл": 21.71 }, "geometry": { "type": "MultiLineString", "coordinates": [ [ [ 69.251924642329101, 41.346718072680197 ], [ 69.251954694368266, 41.346912219891884 ] ] ] } },
{ "type": "Feature", "properties": { "full_id": "w346500194", "osm_id": "346500194", "Туман": "Шайхонтохур", "Адрес": "Себзор кўчаси", "Тури": "Автомобиль йўл ўтказгичлари", "xcoord": 69.247913859823626, "ycoord": 41.328751106811346, "Узунл": 411.22 }, "geometry": { "type": "MultiLineString", "coordinates": [ [ [ 69.24916243165498, 41.330022342935045 ], [ 69.246239131654988, 41.327046742935046 ] ] ] } },
{ "type": "Feature", "properties": { "full_id": "w346508488", "osm_id": "346508488", "Туман": "Шайхонтохур", "Адрес": "Номсиз Ариқ", "Тури": "Пиёдалар кўприги", "xcoord": 69.243340551627099, "ycoord": 41.327562715053752, "Узунл": 14.57 }, "geometry": { "type": "MultiLineString", "coordinates": [ [ [ 69.2432992, 41.3276108 ], [ 69.2433939, 41.3275007 ] ] ] } },
{ "type": "Feature", "properties": { "full_id": "w348491305", "osm_id": "348491305", "Туман": "Бектемир", "Адрес": "Фарғона йўли кўчаси", "Тури": "Автомобиль кўприги", "xcoord": 69.332543734777673, "ycoord": 41.235428423195088, "Узунл": 165.14 }, "geometry": { "type": "MultiLineString", "coordinates": [ [ [ 69.332100089244292, 41.23600511008204 ], [ 69.333082989244289, 41.234716510082038 ] ] ] } },
{ "type": "Feature", "properties": { "full_id": "w378258921", "osm_id": "378258921", "Туман": "Мирзо Улуғбек", "Адрес": "Бозсув канали", "Тури": "Пиёдалар кўприги", "xcoord": 69.450667015953314, "ycoord": 41.400410323875093, "Узунл": 35.03 }, "geometry": { "type": "MultiLineString", "coordinates": [ [ [ 69.4506375, 41.4005509 ], [ 69.4507012, 41.4002392 ] ] ] } },
{ "type": "Feature", "properties": { "full_id": "w378258926", "osm_id": "378258926", "Туман": "Мирзо Улуғбек", "Адрес": "Хуросон кўчаси", "Тури": "Автомобиль кўприги", "xcoord": 69.450635000588989, "ycoord": 41.398773004414089, "Узунл": 16.84 }, "geometry": { "type": "MultiLineString", "coordinates": [ [ [ 69.45061778411258, 41.398845900608229 ], [ 69.450655684112576, 41.39869700060823 ] ] ] } },
{ "type": "Feature", "properties": { "full_id": "w378258927", "osm_id": "378258927", "Туман": "Мирзо Улуғбек", "Адрес": "Хуросон кўчаси", "Тури": "Автомобиль кўприги", "xcoord": 69.450310726057452, "ycoord": 41.400236333977816, "Узунл": 43.24 }, "geometry": { "type": "MultiLineString", "coordinates": [ [ [ 69.45028527240197, 41.400425023186465 ], [ 69.450336872401977, 41.400037623186464 ] ] ] } },
{ "type": "Feature", "properties": { "full_id": "w390002014", "osm_id": "390002014", "Туман": "Юнусобод", "Адрес": "Бозсув канали", "Тури": "Пиёдалар кўприги", "xcoord": 69.259995691245337, "ycoord": 41.311294646882295, "Узунл": 31.26 }, "geometry": { "type": "MultiLineString", "coordinates": [ [ [ 69.259818024782874, 41.311323117077762 ], [ 69.26018322954252, 41.311265008424435 ] ] ] } },
{ "type": "Feature", "properties": { "full_id": "w390002015", "osm_id": "390002015", "Туман": "Чилонзор", "Адрес": "Бўзсув канали", "Тури": "Пиёдалар кўприги", "xcoord": 69.259863117499762, "ycoord": 41.310816626855406, "Узунл": 27.12 }, "geometry": { "type": "MultiLineString", "coordinates": [ [ [ 69.259705960423204, 41.310843904901951 ], [ 69.260021796177867, 41.310789917994718 ] ] ] } },
{ "type": "Feature", "properties": { "full_id": "w395941287", "osm_id": "395941287", "Туман": "Чилонзор", "Адрес": "Анхор канали", "Тури": "Пиёдалар кўприги", "xcoord": 69.224398598274945, "ycoord": 41.288329702368337, "Узунл": 13.21 }, "geometry": { "type": "MultiLineString", "coordinates": [ [ [ 69.224343564882901, 41.288365755341822 ], [ 69.224462534761741, 41.28828761718885 ] ] ] } },
{ "type": "Feature", "properties": { "full_id": "w399880781", "osm_id": "399880781", "Туман": "Олмазор", "Адрес": "Дамаши канали", "Тури": "Автомобиль кўприги", "xcoord": 69.203827329617681, "ycoord": 41.363063532114971, "Узунл": 35.1 }, "geometry": { "type": "MultiLineString", "coordinates": [ [ [ 69.203858121592717, 41.363229538486998 ], [ 69.203800026068947, 41.362916523220605 ] ] ] } },
{ "type": "Feature", "properties": { "full_id": "w402607101", "osm_id": "402607101", "Туман": "Сергели", "Адрес": "Салор канали", "Тури": "Пиёдалар кўприги", "xcoord": 69.215862615907895, "ycoord": 41.249389708864875, "Узунл": 15.05 }, "geometry": { "type": "MultiLineString", "coordinates": [ [ [ 69.215782528029479, 41.249405265238714 ], [ 69.215956328029478, 41.249371165238713 ] ] ] } },
{ "type": "Feature", "properties": { "full_id": "w402607104", "osm_id": "402607104", "Туман": "Сергели", "Адрес": "Салор канали", "Тури": "Автомобиль кўприги", "xcoord": 69.212612754307642, "ycoord": 41.247427391778125, "Узунл": 16.74 }, "geometry": { "type": "MultiLineString", "coordinates": [ [ [ 69.21252942218922, 41.247476165773364 ], [ 69.2126871, 41.2473836 ] ] ] } },
{ "type": "Feature", "properties": { "full_id": "w411236898", "osm_id": "411236898", "Туман": "Мирзо Улуғбек", "Адрес": "Темур Малик кўчаси", "Тури": "Автомобиль кўприги", "xcoord": 69.378572582400054, "ycoord": 41.337757686023039, "Узунл": 13.25 }, "geometry": { "type": "MultiLineString", "coordinates": [ [ [ 69.3786, 41.3376978 ], [ 69.378549, 41.3378107 ] ] ] } },
{ "type": "Feature", "properties": { "full_id": "w411236904", "osm_id": "411236904", "Туман": "Мирзо Улуғбек", "Адрес": "Темур Малик кўчаси", "Тури": "Автомобиль кўприги", "xcoord": 69.378850802857556, "ycoord": 41.33796184515684, "Узунл": 14.54 }, "geometry": { "type": "MultiLineString", "coordinates": [ [ [ 69.3789254, 41.3379218 ], [ 69.378784, 41.3379978 ] ] ] } },
{ "type": "Feature", "properties": { "full_id": "w411241192", "osm_id": "411241192", "Туман": "Мирзо Улуғбек", "Адрес": "Буюк ипак йўли кўчаси", "Тури": "Автомобиль йўл ўтказгичлари", "xcoord": 69.349860514769532, "ycoord": 41.332018627943505, "Узунл": 42.03 }, "geometry": { "type": "MultiLineString", "coordinates": [ [ [ 69.349988839524812, 41.332139678802108 ], [ 69.349675664954773, 41.33184390219828 ] ] ] } },
{ "type": "Feature", "properties": { "full_id": "w418869538", "osm_id": "418869538", "Туман": "Чилонзор", "Адрес": "Бўзсув канали", "Тури": "Автомобиль кўприги", "xcoord": 69.256754449167218, "ycoord": 41.307513763850267, "Узунл": 60.58 }, "geometry": { "type": "MultiLineString", "coordinates": [ [ [ 69.256429962878812, 41.307607896090332 ], [ 69.257005162878812, 41.30744119609033 ], [ 69.257105162878815, 41.307412096090331 ] ] ] } },
{ "type": "Feature", "properties": { "full_id": "w420245075", "osm_id": "420245075", "Туман": "Шайхонтохур", "Адрес": "Кўкча канали", "Тури": "Пиёдалар кўприги", "xcoord": 69.220492181212592, "ycoord": 41.326967461787696, "Узунл": 7.21 }, "geometry": { "type": "MultiLineString", "coordinates": [ [ [ 69.2205107, 41.3269363 ], [ 69.220476, 41.3269957 ] ] ] } },
{ "type": "Feature", "properties": { "full_id": "w435418620", "osm_id": "435418620", "Туман": "Олмазор", "Адрес": "Кичкина Кайковус канали", "Тури": "Пиёдалар кўприги", "xcoord": 69.225452865984565, "ycoord": 41.337798415248521, "Узунл": 5.97 }, "geometry": { "type": "MultiLineString", "coordinates": [ [ [ 69.225435693147119, 41.337774809214039 ], [ 69.225470226163083, 41.337821879358387 ] ] ] } },
{ "type": "Feature", "properties": { "full_id": "w436512510", "osm_id": "436512510", "Туман": "Янгихает", "Адрес": "Катта ҳалқа йўли кўчаси", "Тури": "Автомобиль кўприги", "xcoord": 69.211772495570571, "ycoord": 41.17361520627351, "Узунл": 30.6 }, "geometry": { "type": "MultiLineString", "coordinates": [ [ [ 69.211939129577132, 41.173564033425713 ], [ 69.211601329577135, 41.17366773342571 ] ] ] } },
{ "type": "Feature", "properties": { "full_id": "w436516892", "osm_id": "436516892", "Туман": "Янгихает", "Адрес": "Тенглик кўчаси", "Тури": "Автомобиль кўприги", "xcoord": 69.187426710271041, "ycoord": 41.231654675681874, "Узунл": 22.21 }, "geometry": { "type": "MultiLineString", "coordinates": [ [ [ 69.1875007, 41.231579 ], [ 69.1873434, 41.2317399 ] ] ] } },
{ "type": "Feature", "properties": { "full_id": "w436822865", "osm_id": "436822865", "Туман": "Сергели", "Адрес": "Чоштепа кўчаси", "Тури": "Автомобиль кўприги", "xcoord": 69.215411946934665, "ycoord": 41.25268311596912, "Узунл": 23.62 }, "geometry": { "type": "MultiLineString", "coordinates": [ [ [ 69.215532417442262, 41.252748125212882 ], [ 69.215303217442255, 41.252624425212886 ] ] ] } },
{ "type": "Feature", "properties": { "full_id": "w437250592", "osm_id": "437250592", "Туман": "Олмазор", "Адрес": "Кичкина Кайковус канали", "Тури": "Автомобиль кўприги", "xcoord": 69.246929803423171, "ycoord": 41.339015454429422, "Узунл": 14.32 }, "geometry": { "type": "MultiLineString", "coordinates": [ [ [ 69.2469047, 41.339074 ], [ 69.246944, 41.3389828 ], [ 69.2469568, 41.3389512 ] ] ] } },
{ "type": "Feature", "properties": { "full_id": "w438520124", "osm_id": "438520124", "Туман": "Мирзо Улуғбек", "Адрес": "Қорасув канали", "Тури": "Пиёдалар кўприги", "xcoord": 69.380912932959873, "ycoord": 41.34678609228741, "Узунл": 14.77 }, "geometry": { "type": "MultiLineString", "coordinates": [ [ [ 69.380845, 41.3468172 ], [ 69.3809952, 41.3467474 ] ] ] } },
{ "type": "Feature", "properties": { "full_id": "w447342438", "osm_id": "447342438", "Туман": "Мирзо Улуғбек", "Адрес": "Салор канали", "Тури": "Пиёдалар кўприги", "xcoord": 69.308602603717105, "ycoord": 41.325308193314633, "Узунл": 7.22 }, "geometry": { "type": "MultiLineString", "coordinates": [ [ [ 69.3086366, 41.3252842 ], [ 69.308573538377189, 41.325328535307136 ] ] ] } },
{ "type": "Feature", "properties": { "full_id": "w447342439", "osm_id": "447342439", "Туман": "Мирзо Улуғбек", "Адрес": "Салор канали", "Тури": "Пиёдалар кўприги", "xcoord": 69.308304878786473, "ycoord": 41.325059449537363, "Узунл": 7.44 }, "geometry": { "type": "MultiLineString", "coordinates": [ [ [ 69.308337452174129, 41.32503773772919 ], [ 69.3082707896437, 41.325082024649632 ] ] ] } },
{ "type": "Feature", "properties": { "full_id": "w449567813", "osm_id": "449567813", "Туман": "Юнусобод", "Адрес": "Кумрак ариқ", "Тури": "Автомобиль кўприги", "xcoord": 69.314956014177341, "ycoord": 41.368420615316047, "Узунл": 10.45 }, "geometry": { "type": "MultiLineString", "coordinates": [ [ [ 69.314932445882221, 41.368460921230479 ], [ 69.314982977973287, 41.368374858203346 ] ] ] } },
{ "type": "Feature", "properties": { "full_id": "w449824718", "osm_id": "449824718", "Туман": "Мирзо Улуғбек", "Адрес": "Салом кўчаси", "Тури": "Автомобиль кўприги", "xcoord": 69.350713374984579, "ycoord": 41.321065638824578, "Узунл": 15.71 }, "geometry": { "type": "MultiLineString", "coordinates": [ [ [ 69.350651, 41.3211098 ], [ 69.350787, 41.3210124 ] ] ] } },
{ "type": "Feature", "properties": { "full_id": "w449843362", "osm_id": "449843362", "Туман": "Мирзо Улуғбек", "Адрес": "Қорасув канали", "Тури": "Автомобиль кўприги", "xcoord": 69.35368070481303, "ycoord": 41.32508939458485, "Узунл": 15.73 }, "geometry": { "type": "MultiLineString", "coordinates": [ [ [ 69.35361946511199, 41.32514715271541 ], [ 69.353734364118651, 41.325035096731035 ] ] ] } },
{ "type": "Feature", "properties": { "full_id": "w455439036", "osm_id": "455439036", "Туман": "Миробод", "Адрес": "Aбдурауф Фитрат кўчаси", "Тури": "Автомобиль кўприги", "xcoord": 69.299687387657954, "ycoord": 41.269500109501493, "Узунл": 14.73 }, "geometry": { "type": "MultiLineString", "coordinates": [ [ [ 69.2997645, 41.2695253 ], [ 69.2996032, 41.2694725 ] ] ] } },
{ "type": "Feature", "properties": { "full_id": "w455439038", "osm_id": "455439038", "Туман": "Миробод", "Адрес": "Чиноз кўчаси", "Тури": "Пиёдалар кўприги", "xcoord": 69.2977043566368, "ycoord": 41.267844589229256, "Узунл": 15.66 }, "geometry": { "type": "MultiLineString", "coordinates": [ [ [ 69.2976241, 41.267863 ], [ 69.2978031, 41.2678225 ] ] ] } },
{ "type": "Feature", "properties": { "full_id": "w455439040", "osm_id": "455439040", "Туман": "Миробод", "Адрес": "Қорасув канали", "Тури": "Пиёдалар кўприги", "xcoord": 69.297594329328675, "ycoord": 41.267541904986317, "Узунл": 16.49 }, "geometry": { "type": "MultiLineString", "coordinates": [ [ [ 69.297503, 41.2675603 ], [ 69.297693, 41.2675218 ] ] ] } },
{ "type": "Feature", "properties": { "full_id": "w455439041", "osm_id": "455439041", "Туман": "Миробод", "Адрес": "Қорасув канали", "Тури": "Пиёдалар кўприги", "xcoord": 69.297387660929502, "ycoord": 41.267115788372934, "Узунл": 18.54 }, "geometry": { "type": "MultiLineString", "coordinates": [ [ [ 69.2972814, 41.2671519 ], [ 69.2974833, 41.2670837 ] ] ] } },
{ "type": "Feature", "properties": { "full_id": "w455439042", "osm_id": "455439042", "Туман": "Миробод", "Адрес": "Қорасув канали", "Тури": "Пиёдалар кўприги", "xcoord": 69.297219081688993, "ycoord": 41.266924724587682, "Узунл": 21.61 }, "geometry": { "type": "MultiLineString", "coordinates": [ [ [ 69.2971257, 41.2669871 ], [ 69.2971505, 41.2669705 ], [ 69.2973188, 41.2668581 ] ] ] } },
{ "type": "Feature", "properties": { "full_id": "w456344567", "osm_id": "456344567", "Туман": "Мирзо Улуғбек", "Адрес": "Қорасув канали", "Тури": "Пиёдалар кўприги", "xcoord": 69.365389133467801, "ycoord": 41.3287062220123, "Узунл": 12.95 }, "geometry": { "type": "MultiLineString", "coordinates": [ [ [ 69.365358985910149, 41.328750998849607 ], [ 69.365429080038624, 41.328647093179143 ] ] ] } },
{ "type": "Feature", "properties": { "full_id": "w456344572", "osm_id": "456344572", "Туман": "Мирзо Улуғбек", "Адрес": "Қорасув канали", "Тури": "Автомобиль кўприги", "xcoord": 69.361280800683389, "ycoord": 41.328416160953985, "Узунл": 29.26 }, "geometry": { "type": "MultiLineString", "coordinates": [ [ [ 69.3611735, 41.328514 ], [ 69.3613962, 41.3283109 ] ] ] } },
{ "type": "Feature", "properties": { "full_id": "w456749499", "osm_id": "456749499", "Туман": "Яшнобод", "Адрес": "Қорасув канали", "Тури": "Пиёдалар кўприги", "xcoord": 69.32474935844921, "ycoord": 41.294236359607083, "Узунл": 13.79 }, "geometry": { "type": "MultiLineString", "coordinates": [ [ [ 69.324683192577581, 41.294257383255832 ], [ 69.324834861796234, 41.294209123338618 ] ] ] } },
{ "type": "Feature", "properties": { "full_id": "w459704557", "osm_id": "459704557", "Туман": "Бектемир", "Адрес": "Сарчашма-1 тор кўчаси", "Тури": "Автомобиль кўприги", "xcoord": 69.328657386341987, "ycoord": 41.21827723799921, "Узунл": 9.04 }, "geometry": { "type": "MultiLineString", "coordinates": [ [ [ 69.328648, 41.2183091 ], [ 69.3286708, 41.2182295 ] ] ] } },
{ "type": "Feature", "properties": { "full_id": "w459711827", "osm_id": "459711827", "Туман": "Миробод", "Адрес": "Баратҳоджа ариқ", "Тури": "Пиёдалар кўприги", "xcoord": 69.318699947716837, "ycoord": 41.241862411763435, "Узунл": 11.23 }, "geometry": { "type": "MultiLineString", "coordinates": [ [ [ 69.318712, 41.2419154 ], [ 69.3186899, 41.2418157 ] ] ] } },
{ "type": "Feature", "properties": { "full_id": "w459942081", "osm_id": "459942081", "Туман": "Бектемир", "Адрес": "Бектемир канали", "Тури": "Автомобиль кўприги", "xcoord": 69.362091017846438, "ycoord": 41.247037677648621, "Узунл": 25.78 }, "geometry": { "type": "MultiLineString", "coordinates": [ [ [ 69.362217152751526, 41.247110421164813 ], [ 69.361972752751527, 41.246969521164814 ] ] ] } },
{ "type": "Feature", "properties": { "full_id": "w460488990", "osm_id": "460488990", "Туман": "Мирзо Улуғбек", "Адрес": "Қорасув канали", "Тури": "Автомобиль кўприги", "xcoord": 69.378550764397232, "ycoord": 41.342193460955713, "Узунл": 22.51 }, "geometry": { "type": "MultiLineString", "coordinates": [ [ [ 69.378401830872548, 41.342201397551335 ], [ 69.378670061215871, 41.342186767346746 ] ] ] } },
{ "type": "Feature", "properties": { "full_id": "w462014632", "osm_id": "462014632", "Туман": "Мирзо Улуғбек", "Адрес": "Бозсув канали", "Тури": "Пиёдалар кўприги", "xcoord": 69.451974897445567, "ycoord": 41.400313993779122, "Узунл": 29.08 }, "geometry": { "type": "MultiLineString", "coordinates": [ [ [ 69.4520269, 41.4004177 ], [ 69.4519035, 41.4001729 ] ] ] } },
{ "type": "Feature", "properties": { "full_id": "w464768515", "osm_id": "464768515", "Туман": "Юнусобод", "Адрес": "Кумрак ариқ", "Тури": "Автомобиль кўприги", "xcoord": 69.317307093763432, "ycoord": 41.369281781645299, "Узунл": 4.13 }, "geometry": { "type": "MultiLineString", "coordinates": [ [ [ 69.317295858927466, 41.369297493882385 ], [ 69.317319272837537, 41.369264777932756 ] ] ] } },
{ "type": "Feature", "properties": { "full_id": "w465443618", "osm_id": "465443618", "Туман": "Юнусобод", "Адрес": "Қўнғроқ канали", "Тури": "Автомобиль кўприги", "xcoord": 69.315844057762391, "ycoord": 41.368751712604521, "Узунл": 10.11 }, "geometry": { "type": "MultiLineString", "coordinates": [ [ [ 69.315867426493654, 41.368709545351209 ], [ 69.315820686923487, 41.368793450234961 ] ] ] } },
{ "type": "Feature", "properties": { "full_id": "w466871713", "osm_id": "466871713", "Туман": "Сергели", "Адрес": "Йўлдош Охунбобоев кўчаси", "Тури": "Автомобиль кўприги", "xcoord": 69.227235792514421, "ycoord": 41.254525566411182, "Узунл": 9.5 }, "geometry": { "type": "MultiLineString", "coordinates": [ [ [ 69.2272779, 41.2544921 ], [ 69.2272, 41.2545542 ] ] ] } },
{ "type": "Feature", "properties": { "full_id": "w470899068", "osm_id": "470899068", "Туман": "Мирзо Улуғбек", "Адрес": "Пулемас ариқ", "Тури": "Автомобиль кўприги", "xcoord": 69.350079191443513, "ycoord": 41.309831309216605, "Узунл": 30.37 }, "geometry": { "type": "MultiLineString", "coordinates": [ [ [ 69.349897617344098, 41.30986680435106 ], [ 69.350248621467202, 41.309797998886637 ] ] ] } },
{ "type": "Feature", "properties": { "full_id": "w477801252", "osm_id": "477801252", "Туман": "Мирзо Улуғбек", "Адрес": "Номсиз Ариқ", "Тури": "Автомобиль кўприги", "xcoord": 69.425135433690571, "ycoord": 41.358845376233241, "Узунл": 15.74 }, "geometry": { "type": "MultiLineString", "coordinates": [ [ [ 69.4252201, 41.358813 ], [ 69.4250519, 41.3588765 ] ] ] } },
{ "type": "Feature", "properties": { "full_id": "w482612354", "osm_id": "482612354", "Туман": "Юнусобод", "Адрес": "Бозсув канали", "Тури": "Автомобиль кўприги", "xcoord": 69.315141415263795, "ycoord": 41.352855671794195, "Узунл": 94.79 }, "geometry": { "type": "MultiLineString", "coordinates": [ [ [ 69.3155377, 41.3526125 ], [ 69.3146526, 41.3531451 ] ] ] } },
{ "type": "Feature", "properties": { "full_id": "w509068690", "osm_id": "509068690", "Туман": "Чилонзор", "Адрес": "Анхор канали", "Тури": "Пиёдалар кўприги", "xcoord": 69.218962679943857, "ycoord": 41.284958264239194, "Узунл": 11.85 }, "geometry": { "type": "MultiLineString", "coordinates": [ [ [ 69.219037996996292, 41.284941222170076 ], [ 69.218902539996847, 41.284971840358757 ] ] ] } },
{ "type": "Feature", "properties": { "full_id": "w518458264", "osm_id": "518458264", "Туман": "Яшнобод", "Адрес": "Фарғона йўли кўчаси", "Тури": "Автомобиль йўл ўтказгичлари", "xcoord": 69.294927592471808, "ycoord": 41.296305518969376, "Узунл": 647.91 }, "geometry": { "type": "MultiLineString", "coordinates": [ [ [ 69.291945806869364, 41.297652838997521 ], [ 69.29198090686937, 41.297567638997521 ], [ 69.292022606869367, 41.297479538997521 ], [ 69.29206970686937, 41.297398438997526 ], [ 69.292124606869365, 41.29732313899752 ], [ 69.292198106869364, 41.297245238997526 ], [ 69.292275106869369, 41.297171838997521 ], [ 69.292356206869371, 41.297105538997521 ], [ 69.29243730686936, 41.297044138997521 ], [ 69.292531306869364, 41.296990438997526 ], [ 69.292625406869362, 41.296944638997523 ], [ 69.292724206869366, 41.296903838997522 ], [ 69.292820506869361, 41.296869838997523 ], [ 69.292927006869363, 41.296840138997524 ], [ 69.293030006869358, 41.296816538997525 ], [ 69.293136006869361, 41.296797638997525 ], [ 69.293241606869358, 41.296783938997521 ], [ 69.293851706869361, 41.29676373899752 ], [ 69.293920006869371, 41.296756238997524 ], [ 69.293988306869366, 41.296748038997521 ], [ 69.294061706869371, 41.296734838997523 ], [ 69.294135006869368, 41.296719638997523 ], [ 69.29419880686936, 41.296704538997524 ], [ 69.29426200686936, 41.296687838997521 ], [ 69.294326006869369, 41.296669338997525 ], [ 69.294388906869372, 41.29664583899752 ], [ 69.29444950686937, 41.296620238997519 ], [ 69.294510206869361, 41.296591438997524 ], [ 69.294570956976898, 41.296563798324378 ], [ 69.294630769630714, 41.296533504437072 ], [ 69.294698113355949, 41.296492408101805 ], [ 69.294756496882897, 41.29645081500054 ], [ 69.294840968051517, 41.296387718697808 ], [ 69.294921247359468, 41.296311901174107 ], [ 69.297248402759877, 41.293840998911094 ] ] ] } },
{ "type": "Feature", "properties": { "full_id": "w520953631", "osm_id": "520953631", "Туман": "Юнусобод", "Адрес": "Бўзсув канали", "Тури": "Пиёдалар кўприги", "xcoord": 69.288799086858816, "ycoord": 41.347409128001274, "Узунл": 90.77 }, "geometry": { "type": "MultiLineString", "coordinates": [ [ [ 69.289275455237799, 41.347113519818549 ], [ 69.288438555237803, 41.34763341981855 ] ] ] } },
{ "type": "Feature", "properties": { "full_id": "w531794794", "osm_id": "531794794", "Туман": "Чилонзор", "Адрес": "Чопонота", "Тури": "Автомобиль кўприги", "xcoord": 69.205722579040582, "ycoord": 41.287750410573231, "Узунл": 18.48 }, "geometry": { "type": "MultiLineString", "coordinates": [ [ [ 69.205787709432983, 41.287812733749057 ], [ 69.205650595612425, 41.287682371199985 ] ] ] } },
{ "type": "Feature", "properties": { "full_id": "w547466563", "osm_id": "547466563", "Туман": "Чилонзор", "Адрес": "Анхор канали", "Тури": "Автомобиль кўприги", "xcoord": 69.218489428866548, "ycoord": 41.283442685190344, "Узунл": 17.27 }, "geometry": { "type": "MultiLineString", "coordinates": [ [ [ 69.218395384271616, 41.283401459812495 ], [ 69.218573484271616, 41.283479759812494 ] ] ] } },
{ "type": "Feature", "properties": { "full_id": "w551186926", "osm_id": "551186926", "Туман": "Олмазор", "Адрес": "Сағбон канали", "Тури": "Пиёдалар кўприги", "xcoord": 69.194485153716585, "ycoord": 41.359469540866954, "Узунл": 17.55 }, "geometry": { "type": "MultiLineString", "coordinates": [ [ [ 69.1944382, 41.359404 ], [ 69.1945374, 41.3595432 ] ] ] } },
{ "type": "Feature", "properties": { "full_id": "w551188428", "osm_id": "551188428", "Туман": "Олмазор", "Адрес": "Сағбон канали", "Тури": "Пиёдалар кўприги", "xcoord": 69.190302326835678, "ycoord": 41.36549939646163, "Узунл": 67.67 }, "geometry": { "type": "MultiLineString", "coordinates": [ [ [ 69.190034462452658, 41.365332380381034 ], [ 69.190657161457381, 41.365721190920254 ] ] ] } },
{ "type": "Feature", "properties": { "full_id": "w551579358", "osm_id": "551579358", "Туман": "Чилонзор", "Адрес": "Бўзсув канали", "Тури": "Автомобиль кўприги", "xcoord": 69.248731664032988, "ycoord": 41.300501578192232, "Узунл": 102.03 }, "geometry": { "type": "MultiLineString", "coordinates": [ [ [ 69.248890941309298, 41.300075972002837 ], [ 69.2485548413093, 41.300958972002832 ] ] ] } },
{ "type": "Feature", "properties": { "full_id": "w552813255", "osm_id": "552813255", "Туман": "Мирзо Улуғбек", "Адрес": "Қорасув канали", "Тури": "Автомобиль кўприги", "xcoord": 69.36641973110919, "ycoord": 41.329133717693054, "Узунл": 20.38 }, "geometry": { "type": "MultiLineString", "coordinates": [ [ [ 69.366509646413334, 41.329041204971247 ], [ 69.366366087062318, 41.329189453454568 ] ] ] } },
{ "type": "Feature", "properties": { "full_id": "w564323053", "osm_id": "564323053", "Туман": "Чилонзор", "Адрес": "Анхор канали", "Тури": "Пиёдалар кўприги", "xcoord": 69.227336882691262, "ycoord": 41.291930966898128, "Узунл": 8.53 }, "geometry": { "type": "MultiLineString", "coordinates": [ [ [ 69.2273845, 41.2919154 ], [ 69.2272911, 41.2919459 ] ] ] } },
{ "type": "Feature", "properties": { "full_id": "w578464382", "osm_id": "578464382", "Туман": "Мирзо Улуғбек", "Адрес": "Қорасув канали", "Тури": "Автомобиль кўприги", "xcoord": 69.351981428318496, "ycoord": 41.323475053955555, "Узунл": 13.57 }, "geometry": { "type": "MultiLineString", "coordinates": [ [ [ 69.352058639449567, 41.323455198196548 ], [ 69.351905356944911, 41.323494906178141 ] ] ] } },
{ "type": "Feature", "properties": { "full_id": "w589840011", "osm_id": "589840011", "Туман": "Чилонзор", "Адрес": "Бунёдкор шоҳкўчаси", "Тури": "Автомобиль йўл ўтказгичлари", "xcoord": 69.212412534476485, "ycoord": 41.282182357313232, "Узунл": 473.94 }, "geometry": { "type": "MultiLineString", "coordinates": [ [ [ 69.214037144523985, 41.283644570672706 ], [ 69.210402944523992, 41.280374070672707 ] ] ] } },
{ "type": "Feature", "properties": { "full_id": "w590083107", "osm_id": "590083107", "Туман": "Сергели", "Адрес": "Бел канали", "Тури": "Автомобиль кўприги", "xcoord": 69.213354251128777, "ycoord": 41.226963273094135, "Узунл": 11.76 }, "geometry": { "type": "MultiLineString", "coordinates": [ [ [ 69.2133238, 41.2270048 ], [ 69.2133928, 41.2269126 ] ] ] } },
{ "type": "Feature", "properties": { "full_id": "w601588275", "osm_id": "601588275", "Туман": "Олмазор", "Адрес": "Дамаши канали", "Тури": "Пиёдалар кўприги", "xcoord": 69.199507617349497, "ycoord": 41.364205571123733, "Узунл": 15.03 }, "geometry": { "type": "MultiLineString", "coordinates": [ [ [ 69.199544598266556, 41.364249480839661 ], [ 69.199447298266563, 41.364135680839667 ] ] ] } },
{ "type": "Feature", "properties": { "full_id": "w606456338", "osm_id": "606456338", "Туман": "Чилонзор", "Адрес": "Бунёдкор шоҳ кўчаси", "Тури": "Автомобиль йўл ўтказгичлари", "xcoord": 69.223399954034733, "ycoord": 41.292017779243075, "Узунл": 601.87 }, "geometry": { "type": "MultiLineString", "coordinates": [ [ [ 69.225743781463763, 41.294125699805299 ], [ 69.221125481463758, 41.289973999805298 ] ] ] } },
{ "type": "Feature", "properties": { "full_id": "w611048436", "osm_id": "611048436", "Туман": "Олмазор", "Адрес": "Дамаши канали", "Тури": "Пиёдалар кўприги", "xcoord": 69.200076456569661, "ycoord": 41.363864994809127, "Узунл": 38.76 }, "geometry": { "type": "MultiLineString", "coordinates": [ [ [ 69.199890148257936, 41.363862034248825 ], [ 69.200353248257926, 41.363868934248828 ] ] ] } },
{ "type": "Feature", "properties": { "full_id": "w641531892", "osm_id": "641531892", "Туман": "Яшнобод", "Адрес": "Катта Толариқ", "Тури": "Автомобиль кўприги", "xcoord": 69.374315862785608, "ycoord": 41.272368880196645, "Узунл": 12.07 }, "geometry": { "type": "MultiLineString", "coordinates": [ [ [ 69.374262, 41.2723938 ], [ 69.3743846, 41.2723368 ] ] ] } },
{ "type": "Feature", "properties": { "full_id": "w642828045", "osm_id": "642828045", "Туман": "Олмазор", "Адрес": "Дамаши канали", "Тури": "Автомобиль кўприги", "xcoord": 69.241661049767714, "ycoord": 41.349104397563487, "Узунл": 16.75 }, "geometry": { "type": "MultiLineString", "coordinates": [ [ [ 69.241675049606812, 41.349181940097765 ], [ 69.241648197991381, 41.349032514800811 ] ] ] } },
{ "type": "Feature", "properties": { "full_id": "w657762482", "osm_id": "657762482", "Туман": "Олмазор", "Адрес": "Дамаши канали", "Тури": "Автомобиль кўприги", "xcoord": 69.2147566111381, "ycoord": 41.361273324509803, "Узунл": 28.31 }, "geometry": { "type": "MultiLineString", "coordinates": [ [ [ 69.214754316087792, 41.361383973909589 ], [ 69.21475961608779, 41.361129073909588 ] ] ] } },
{ "type": "Feature", "properties": { "full_id": "w663810546", "osm_id": "663810546", "Туман": "Юнусобод", "Адрес": "Қорақамиш канали", "Тури": "Автомобиль кўприги", "xcoord": 69.264083828289372, "ycoord": 41.371861399606289, "Узунл": 33.65 }, "geometry": { "type": "MultiLineString", "coordinates": [ [ [ 69.263949563142049, 41.371974185831576 ], [ 69.264066963142056, 41.37187608583158 ], [ 69.264216363142054, 41.371747485831577 ] ] ] } },
{ "type": "Feature", "properties": { "full_id": "w676005583", "osm_id": "676005583", "Туман": "Юнусобод", "Адрес": "Қорақамиш канали", "Тури": "Автомобиль кўприги", "xcoord": 69.266407753306098, "ycoord": 41.372890938768109, "Узунл": 11.85 }, "geometry": { "type": "MultiLineString", "coordinates": [ [ [ 69.266452702982349, 41.3728457526433 ], [ 69.266367837285941, 41.3729312015357 ] ] ] } },
{ "type": "Feature", "properties": { "full_id": "w692221881", "osm_id": "692221881", "Туман": "Олмазор", "Адрес": "Дамаши канали", "Тури": "Автомобиль кўприги", "xcoord": 69.238521842684719, "ycoord": 41.350045761045052, "Узунл": 34.75 }, "geometry": { "type": "MultiLineString", "coordinates": [ [ [ 69.238507391031789, 41.349869708971433 ], [ 69.23854008883454, 41.350181627547144 ] ] ] } },
{ "type": "Feature", "properties": { "full_id": "w695282298", "osm_id": "695282298", "Туман": "Яшнобод", "Адрес": "Қорасув канали", "Тури": "Автомобиль кўприги", "xcoord": 69.321355018123668, "ycoord": 41.289469409438048, "Узунл": 13.0 }, "geometry": { "type": "MultiLineString", "coordinates": [ [ [ 69.321411, 41.289423 ], [ 69.3213068, 41.2895097 ] ] ] } },
{ "type": "Feature", "properties": { "full_id": "w695295526", "osm_id": "695295526", "Туман": "Яшнобод", "Адрес": "Қорасув канали", "Тури": "Автомобиль кўприги", "xcoord": 69.322680691659329, "ycoord": 41.291680288824217, "Узунл": 10.46 }, "geometry": { "type": "MultiLineString", "coordinates": [ [ [ 69.322637236707308, 41.291707486082871 ], [ 69.3227328, 41.2916469 ] ] ] } },
{ "type": "Feature", "properties": { "full_id": "w703017802", "osm_id": "703017802", "Туман": "Янгихает", "Адрес": "Бел канали", "Тури": "Автомобиль кўприги", "xcoord": 69.201809138646368, "ycoord": 41.217698095940904, "Узунл": 9.65 }, "geometry": { "type": "MultiLineString", "coordinates": [ [ [ 69.201768060020598, 41.217723659622962 ], [ 69.201856842688954, 41.217668367488486 ] ] ] } },
{ "type": "Feature", "properties": { "full_id": "w705753173", "osm_id": "705753173", "Туман": "Олмазор", "Адрес": "Қорақамиш канали", "Тури": "Пиёдалар кўприги", "xcoord": 69.2323677058897, "ycoord": 41.36011757830223, "Узунл": 14.15 }, "geometry": { "type": "MultiLineString", "coordinates": [ [ [ 69.232292068942954, 41.360139955030036 ], [ 69.232449347917097, 41.360093207634655 ] ] ] } },
{ "type": "Feature", "properties": { "full_id": "w705753174", "osm_id": "705753174", "Туман": "Олмазор", "Адрес": "Дамаши канали", "Тури": "Пиёдалар кўприги", "xcoord": 69.234482209402273, "ycoord": 41.353049267852043, "Узунл": 18.41 }, "geometry": { "type": "MultiLineString", "coordinates": [ [ [ 69.234400819671038, 41.352980951411254 ], [ 69.23455004349907, 41.353102808952336 ] ] ] } },
{ "type": "Feature", "properties": { "full_id": "w729065768", "osm_id": "729065768", "Туман": "Юнусобод", "Адрес": "Қўнғроқ канали", "Тури": "Автомобиль кўприги", "xcoord": 69.320436712427934, "ycoord": 41.37037373370152, "Узунл": 23.54 }, "geometry": { "type": "MultiLineString", "coordinates": [ [ [ 69.3204996, 41.370275 ], [ 69.320378, 41.3704661 ] ] ] } },
{ "type": "Feature", "properties": { "full_id": "w731185484", "osm_id": "731185484", "Туман": "Юнусобод", "Адрес": "Қўрғон-1 тор кўчаси", "Тури": "Автомобиль кўприги", "xcoord": 69.30145334990118, "ycoord": 41.331720986928843, "Узунл": 6.72 }, "geometry": { "type": "MultiLineString", "coordinates": [ [ [ 69.301498139883762, 41.33171041536788 ], [ 69.301421464860198, 41.331728374083561 ] ] ] } },
{ "type": "Feature", "properties": { "full_id": "w732828645", "osm_id": "732828645", "Туман": "Мирзо Улуғбек", "Адрес": "Аэродром ариқ", "Тури": "Автомобиль кўприги", "xcoord": 69.345640739425065, "ycoord": 41.30725027063427, "Узунл": 9.36 }, "geometry": { "type": "MultiLineString", "coordinates": [ [ [ 69.3456457, 41.3072052 ], [ 69.3456363, 41.3072892 ] ] ] } },
{ "type": "Feature", "properties": { "full_id": "w734368178", "osm_id": "734368178", "Туман": "Мирзо Улуғбек", "Адрес": "Номсиз Ариқ", "Тури": "Автомобиль кўприги", "xcoord": 69.377849327578133, "ycoord": 41.318706101681499, "Узунл": 20.59 }, "geometry": { "type": "MultiLineString", "coordinates": [ [ [ 69.3779592, 41.3187626 ], [ 69.3777563, 41.3186578 ] ] ] } },
{ "type": "Feature", "properties": { "full_id": "w751977369", "osm_id": "751977369", "Туман": "Чилонзор", "Адрес": "Октепа канали", "Тури": "Пиёдалар кўприги", "xcoord": 69.228286050726965, "ycoord": 41.300715726532665, "Узунл": 29.5 }, "geometry": { "type": "MultiLineString", "coordinates": [ [ [ 69.228212166209815, 41.30060345341326 ], [ 69.228368718030254, 41.300841443890725 ] ] ] } },
{ "type": "Feature", "properties": { "full_id": "w753393635", "osm_id": "753393635", "Туман": "Сергели", "Адрес": "Салор канали", "Тури": "Пиёдалар кўприги", "xcoord": 69.236488218182302, "ycoord": 41.262270795991235, "Узунл": 13.25 }, "geometry": { "type": "MultiLineString", "coordinates": [ [ [ 69.2364202, 41.2622812 ], [ 69.2365752, 41.2622575 ] ] ] } },
{ "type": "Feature", "properties": { "full_id": "w771106520", "osm_id": "771106520", "Туман": "Чилонзор", "Адрес": "Қонкус канали", "Тури": "Автомобиль кўприги", "xcoord": 69.197277082310904, "ycoord": 41.260307558185715, "Узунл": 22.66 }, "geometry": { "type": "MultiLineString", "coordinates": [ [ [ 69.197153122453742, 41.260361188123461 ], [ 69.197387393719197, 41.260259393522027 ] ] ] } },
{ "type": "Feature", "properties": { "full_id": "w795251983", "osm_id": "795251983", "Туман": "Чилонзор", "Адрес": "Анхор канали", "Тури": "Пиёдалар кўприги", "xcoord": 69.238383692747831, "ycoord": 41.297737799074802, "Узунл": 57.04 }, "geometry": { "type": "MultiLineString", "coordinates": [ [ [ 69.238468237420179, 41.297951060213741 ], [ 69.238273131684295, 41.297458965841749 ] ] ] } },
{ "type": "Feature", "properties": { "full_id": "w799573733", "osm_id": "799573733", "Туман": "Янгихает", "Адрес": "Фидойилар кўчаси", "Тури": "Автомобиль кўприги", "xcoord": 69.289081889116162, "ycoord": 41.170940180567797, "Узунл": 11.04 }, "geometry": { "type": "MultiLineString", "coordinates": [ [ [ 69.2891238, 41.1709025 ], [ 69.2890392, 41.1709786 ] ] ] } },
{ "type": "Feature", "properties": { "full_id": "w808276613", "osm_id": "808276613", "Туман": "Мирзо Улуғбек", "Адрес": "Номсиз Ариқ", "Тури": "Автомобиль кўприги", "xcoord": 69.452361100209913, "ycoord": 41.333554491546693, "Узунл": 13.94 }, "geometry": { "type": "MultiLineString", "coordinates": [ [ [ 69.4523281, 41.3336019 ], [ 69.4524051, 41.3334906 ] ] ] } },
{ "type": "Feature", "properties": { "full_id": "w831869076", "osm_id": "831869076", "Туман": "Юнусобод", "Адрес": "Хасанбой ариқ", "Тури": "Автомобиль кўприги", "xcoord": 69.264769622148293, "ycoord": 41.39168737247067, "Узунл": 14.0 }, "geometry": { "type": "MultiLineString", "coordinates": [ [ [ 69.264848682959652, 41.391675161107642 ], [ 69.264684475949338, 41.391699597777261 ] ] ] } },
{ "type": "Feature", "properties": { "full_id": "w839394428", "osm_id": "839394428", "Туман": "Чилонзор", "Адрес": "Анхор канали", "Тури": "Пиёдалар кўприги", "xcoord": 69.253534256559561, "ycoord": 41.307666796069611, "Узунл": 19.33 }, "geometry": { "type": "MultiLineString", "coordinates": [ [ [ 69.2534531, 41.3076103 ], [ 69.2536229, 41.3077282 ] ] ] } },
{ "type": "Feature", "properties": { "full_id": "w839394429", "osm_id": "839394429", "Туман": "Чилонзор", "Адрес": "Анхор канали", "Тури": "Пиёдалар кўприги", "xcoord": 69.253522628472894, "ycoord": 41.307802870696293, "Узунл": 20.26 }, "geometry": { "type": "MultiLineString", "coordinates": [ [ [ 69.2536089, 41.3078629 ], [ 69.253431, 41.3077393 ] ] ] } },
{ "type": "Feature", "properties": { "full_id": "w839394451", "osm_id": "839394451", "Туман": "Чилонзор", "Адрес": "Анхор канали", "Тури": "Автомобиль кўприги", "xcoord": 69.252190615777835, "ycoord": 41.306898278013001, "Узунл": 8.79 }, "geometry": { "type": "MultiLineString", "coordinates": [ [ [ 69.252168905628054, 41.30693226622887 ], [ 69.252214280198501, 41.306860875252255 ] ] ] } },
{ "type": "Feature", "properties": { "full_id": "w841412441", "osm_id": "841412441", "Туман": "Янгихает", "Адрес": "Бел канали", "Тури": "Автомобиль кўприги", "xcoord": 69.20203623389115, "ycoord": 41.213466754082155, "Узунл": 14.07 }, "geometry": { "type": "MultiLineString", "coordinates": [ [ [ 69.2021133, 41.2134951 ], [ 69.201962565098142, 41.21343952982798 ] ] ] } },
{ "type": "Feature", "properties": { "full_id": "w841520967", "osm_id": "841520967", "Туман": "Мирзо Улуғбек", "Адрес": "Салор канали", "Тури": "Пиёдалар кўприги", "xcoord": 69.324534781087337, "ycoord": 41.347441095105808, "Узунл": 31.65 }, "geometry": { "type": "MultiLineString", "coordinates": [ [ [ 69.3244035, 41.3475184 ], [ 69.3247017, 41.3473431 ] ] ] } },
{ "type": "Feature", "properties": { "full_id": "w843397639", "osm_id": "843397639", "Туман": "Сергели", "Адрес": "Йўлдош Охунбобоев кўчаси", "Тури": "Автомобиль кўприги", "xcoord": 69.22495703043046, "ycoord": 41.25375312223332, "Узунл": 11.66 }, "geometry": { "type": "MultiLineString", "coordinates": [ [ [ 69.224938200919354, 41.253698174105303 ], [ 69.224972000919351, 41.253799974105306 ] ] ] } },
{ "type": "Feature", "properties": { "full_id": "w843397642", "osm_id": "843397642", "Туман": "Сергели", "Адрес": "Паризод кўчаси", "Тури": "Автомобиль кўприги", "xcoord": 69.224363205417205, "ycoord": 41.253630833130138, "Узунл": 7.57 }, "geometry": { "type": "MultiLineString", "coordinates": [ [ [ 69.224369, 41.253597 ], [ 69.2243575, 41.2536646 ] ] ] } },
{ "type": "Feature", "properties": { "full_id": "w847475934", "osm_id": "847475934", "Туман": "Янгихает", "Адрес": "Сергели йўли шоҳкўчаси", "Тури": "Автомобиль йўл ўтказгичлари", "xcoord": 69.2373638, "ycoord": 41.266142, "Узунл": 936.91 }, "geometry": { "type": "MultiLineString", "coordinates": [ [ [ 69.2389262, 41.2659566 ], [ 69.238542, 41.266162 ], [ 69.2384862, 41.2661893 ], [ 69.2384327, 41.2662152 ], [ 69.2383773, 41.266238 ], [ 69.2383045, 41.2662589 ], [ 69.2382358, 41.2662702 ], [ 69.238163, 41.2662743 ], [ 69.2380895, 41.2662718 ], [ 69.2379313, 41.2662555 ], [ 69.2376355, 41.266225 ], [ 69.2375521, 41.266214 ], [ 69.2375096, 41.266207 ], [ 69.2374691, 41.2661962 ], [ 69.2374298, 41.2661815 ], [ 69.2373936, 41.266163 ], [ 69.2373638, 41.266142 ], [ 69.237337, 41.2661183 ], [ 69.2373114, 41.2660842 ], [ 69.2372912, 41.2660486 ], [ 69.2372807, 41.2660131 ], [ 69.2372762, 41.2659773 ], [ 69.2372804, 41.265942 ], [ 69.2372908, 41.2659069 ], [ 69.2373055, 41.2658723 ], [ 69.2373253, 41.2658364 ], [ 69.2376388, 41.2653178 ], [ 69.2376829, 41.2652321 ], [ 69.2377123, 41.265165 ], [ 69.237733, 41.2650962 ], [ 69.237753, 41.2650006 ], [ 69.23843592189391, 41.259110045173898 ] ] ] } },
{ "type": "Feature", "properties": { "full_id": "w848714740", "osm_id": "848714740", "Туман": "Янгихает", "Адрес": "Бел канали", "Тури": "Автомобиль кўприги", "xcoord": 69.198693298613676, "ycoord": 41.209257090394907, "Узунл": 9.34 }, "geometry": { "type": "MultiLineString", "coordinates": [ [ [ 69.1987265, 41.2092238 ], [ 69.1986589, 41.2092906 ] ] ] } },
{ "type": "Feature", "properties": { "full_id": "w887450228", "osm_id": "887450228", "Туман": "Олмазор", "Адрес": "Қорақамиш канали", "Тури": "Автомобиль кўприги", "xcoord": 69.241936393468649, "ycoord": 41.362042639911735, "Узунл": 17.37 }, "geometry": { "type": "MultiLineString", "coordinates": [ [ [ 69.24192019573232, 41.36212279336592 ], [ 69.241950995732324, 41.361968093365917 ] ] ] } },
{ "type": "Feature", "properties": { "full_id": "w888893700", "osm_id": "888893700", "Туман": "Янгихает", "Адрес": "Чор Бакр кўчаси", "Тури": "Автомобиль кўприги", "xcoord": 69.204916024658502, "ycoord": 41.214262148678309, "Узунл": 8.3 }, "geometry": { "type": "MultiLineString", "coordinates": [ [ [ 69.204940953879031, 41.214228449523233 ], [ 69.204892795591576, 41.214293696624608 ] ] ] } },
{ "type": "Feature", "properties": { "full_id": "w891209963", "osm_id": "891209963", "Туман": "Сергели", "Адрес": "Джун канали", "Тури": "Пиёдалар кўприги", "xcoord": 69.196737588054077, "ycoord": 41.237088624237437, "Узунл": 26.29 }, "geometry": { "type": "MultiLineString", "coordinates": [ [ [ 69.1968263, 41.2369707 ], [ 69.196671829234248, 41.237176668325318 ] ] ] } },
{ "type": "Feature", "properties": { "full_id": "w900023327", "osm_id": "900023327", "Туман": "Мирзо Улуғбек", "Адрес": "Қорасув канали", "Тури": "Автомобиль кўприги", "xcoord": 69.408960732862099, "ycoord": 41.357562705264435, "Узунл": 12.32 }, "geometry": { "type": "MultiLineString", "coordinates": [ [ [ 69.4089925, 41.3575079 ], [ 69.4089335, 41.3576095 ] ] ] } },
{ "type": "Feature", "properties": { "full_id": "w940245882", "osm_id": "940245882", "Туман": "Олмазор", "Адрес": "Дамаши канали", "Тури": "Пиёдалар кўприги", "xcoord": 69.196401229534558, "ycoord": 41.365257708384874, "Узунл": 18.62 }, "geometry": { "type": "MultiLineString", "coordinates": [ [ [ 69.196325642905592, 41.365209142685323 ], [ 69.196494702184893, 41.36531813405589 ] ] ] } },
{ "type": "Feature", "properties": { "full_id": "w940384943", "osm_id": "940384943", "Туман": "Юнусобод", "Адрес": "Бўзсув канали", "Тури": "Пиёдалар кўприги", "xcoord": 69.269537205633952, "ycoord": 41.323021800452125, "Узунл": 25.0 }, "geometry": { "type": "MultiLineString", "coordinates": [ [ [ 69.269535935924196, 41.322898070773583 ], [ 69.269539903036872, 41.323123186167741 ] ] ] } },
{ "type": "Feature", "properties": { "full_id": "w942454613", "osm_id": "942454613", "Туман": "Юнусобод", "Адрес": "Бўзсув канали", "Тури": "Пиёдалар кўприги", "xcoord": 69.272118551262977, "ycoord": 41.324493071493499, "Узунл": 53.53 }, "geometry": { "type": "MultiLineString", "coordinates": [ [ [ 69.271825413355216, 41.324536726851235 ], [ 69.2724526, 41.3244432 ] ] ] } },
{ "type": "Feature", "properties": { "full_id": "w944556329", "osm_id": "944556329", "Туман": "Мирзо Улуғбек", "Адрес": "Салор канали", "Тури": "Пиёдалар кўприги", "xcoord": 69.319006497627001, "ycoord": 41.342532471477782, "Узунл": 8.32 }, "geometry": { "type": "MultiLineString", "coordinates": [ [ [ 69.319048, 41.3425519 ], [ 69.318963643134325, 41.342512254640802 ] ] ] } },
{ "type": "Feature", "properties": { "full_id": "w944562694", "osm_id": "944562694", "Туман": "Мирзо Улуғбек", "Адрес": "Салор канали", "Тури": "Пиёдалар кўприги", "xcoord": 69.308001842246824, "ycoord": 41.324731166602653, "Узунл": 6.48 }, "geometry": { "type": "MultiLineString", "coordinates": [ [ [ 69.307965789394515, 41.324740142027359 ], [ 69.308039222868871, 41.324721757986318 ] ] ] } },
{ "type": "Feature", "properties": { "full_id": "w961550406", "osm_id": "961550406", "Туман": "Мирзо Улуғбек", "Адрес": "Қорасув канали", "Тури": "Автомобиль кўприги", "xcoord": 69.374447822630287, "ycoord": 41.333912531640649, "Узунл": 12.7 }, "geometry": { "type": "MultiLineString", "coordinates": [ [ [ 69.3744224, 41.3339764 ], [ 69.3744662, 41.3338669 ] ] ] } },
{ "type": "Feature", "properties": { "full_id": "w961550407", "osm_id": "961550407", "Туман": "Мирзо Улуғбек", "Адрес": "Қорасув канали", "Тури": "Пиёдалар кўприги", "xcoord": 69.378218463314781, "ycoord": 41.337571533502597, "Узунл": 18.56 }, "geometry": { "type": "MultiLineString", "coordinates": [ [ [ 69.378161999298541, 41.337631938221165 ], [ 69.378289561255698, 41.337495256116547 ] ] ] } },
{ "type": "Feature", "properties": { "full_id": "w963767191", "osm_id": "963767191", "Туман": "Олмазор", "Адрес": "Дамаши канали", "Тури": "Пиёдалар кўприги", "xcoord": 69.254292915757404, "ycoord": 41.341995500282295, "Узунл": 7.32 }, "geometry": { "type": "MultiLineString", "coordinates": [ [ [ 69.254261228559514, 41.341973700075613 ], [ 69.254325827165943, 41.34201814710385 ] ] ] } },
{ "type": "Feature", "properties": { "full_id": "w969996229", "osm_id": "969996229", "Туман": "Мирзо Улуғбек", "Адрес": "Янги Ўзбекистон шоҳкўчаси", "Тури": "Автомобиль кўприги", "xcoord": 69.347719577752088, "ycoord": 41.307452809007849, "Узунл": 14.27 }, "geometry": { "type": "MultiLineString", "coordinates": [ [ [ 69.3477067, 41.3075177 ], [ 69.3477315, 41.3073906 ] ] ] } },
{ "type": "Feature", "properties": { "full_id": "w976138192", "osm_id": "976138192", "Туман": "Яшнобод", "Адрес": "Қорасув канали", "Тури": "Пиёдалар кўприги", "xcoord": 69.320073072603606, "ycoord": 41.288162753872179, "Узунл": 12.54 }, "geometry": { "type": "MultiLineString", "coordinates": [ [ [ 69.32014088906466, 41.288130772709735 ], [ 69.320013587772564, 41.288190129118767 ] ] ] } },
{ "type": "Feature", "properties": { "full_id": "w982894096", "osm_id": "982894096", "Туман": "Яшнобод", "Адрес": "Фарғона йўли кўчаси", "Тури": "Автомобиль йўл ўтказгичлари", "xcoord": 69.312803310112585, "ycoord": 41.269372242060832, "Узунл": 581.37 }, "geometry": { "type": "MultiLineString", "coordinates": [ [ [ 69.311497293888777, 41.271696488807201 ], [ 69.314207093888783, 41.266877488807204 ] ] ] } },
{ "type": "Feature", "properties": { "full_id": "w983164912", "osm_id": "983164912", "Туман": "Миробод", "Адрес": "Салор канали", "Тури": "Пиёдалар кўприги", "xcoord": 69.286328768019743, "ycoord": 41.29420264196596, "Узунл": 22.31 }, "geometry": { "type": "MultiLineString", "coordinates": [ [ [ 69.286412, 41.2941127 ], [ 69.2862598, 41.2942776 ] ] ] } },
{ "type": "Feature", "properties": { "full_id": "w987618687", "osm_id": "987618687", "Туман": "Мирзо Улуғбек", "Адрес": "Салор канали", "Тури": "Пиёдалар кўприги", "xcoord": 69.296004690062745, "ycoord": 41.30997532949285, "Узунл": 7.89 }, "geometry": { "type": "MultiLineString", "coordinates": [ [ [ 69.295968518661667, 41.309956662074441 ], [ 69.296046003827897, 41.309997134280742 ] ] ] } },
{ "type": "Feature", "properties": { "full_id": "w988100682", "osm_id": "988100682", "Туман": "Чилонзор", "Адрес": "Чўпонота кўчаси", "Тури": "Автомобиль кўприги", "xcoord": 69.225175063693754, "ycoord": 41.273999527586632, "Узунл": 26.51 }, "geometry": { "type": "MultiLineString", "coordinates": [ [ [ 69.225308130288212, 41.273914159019441 ], [ 69.225068130288207, 41.274069659019439 ] ] ] } },
{ "type": "Feature", "properties": { "full_id": "w991807597", "osm_id": "991807597", "Туман": "Чилонзор", "Адрес": "Анхор канали", "Тури": "Пиёдалар кўприги", "xcoord": 69.240028421069468, "ycoord": 41.302655818518936, "Узунл": 12.61 }, "geometry": { "type": "MultiLineString", "coordinates": [ [ [ 69.240104575580631, 41.302655946120588 ], [ 69.239953949272689, 41.302655916702641 ] ] ] } },
{ "type": "Feature", "properties": { "full_id": "w991807604", "osm_id": "991807604", "Туман": "Чилонзор", "Адрес": "Анхор канали", "Тури": "Пиёдалар кўприги", "xcoord": 69.240027263329594, "ycoord": 41.302527827318109, "Узунл": 12.57 }, "geometry": { "type": "MultiLineString", "coordinates": [ [ [ 69.239957938301302, 41.302527643332006 ], [ 69.240108038301301, 41.302528043332003 ] ] ] } },
{ "type": "Feature", "properties": { "full_id": "w997353125", "osm_id": "997353125", "Туман": "Сергели", "Адрес": "Хонободтепа шоҳкўчаси", "Тури": "Автомобиль йўл ўтказгичлари", "xcoord": 69.240415069496024, "ycoord": 41.244605788626195, "Узунл": 123.25 }, "geometry": { "type": "MultiLineString", "coordinates": [ [ [ 69.241187287685648, 41.244631673719383 ], [ 69.239718387685656, 41.244582973719389 ] ] ] } },
{ "type": "Feature", "properties": { "full_id": "w997754107", "osm_id": "997754107", "Туман": "Сергели", "Адрес": "Сергели йўли шоҳкўчаси", "Тури": "Автомобиль йўл ўтказгичлари", "xcoord": 69.240666843582957, "ycoord": 41.243474092754902, "Узунл": 233.27 }, "geometry": { "type": "MultiLineString", "coordinates": [ [ [ 69.240872843582949, 41.242152492754904 ], [ 69.240641243582957, 41.2432088927549 ], [ 69.240638643582955, 41.243240992754906 ], [ 69.240637843582959, 41.243273692754904 ], [ 69.240638543582961, 41.243306192754901 ], [ 69.240640543582956, 41.243339392754905 ], [ 69.240643543582962, 41.243372092754903 ], [ 69.240648043582951, 41.243404592754906 ], [ 69.240655843582957, 41.243438592754906 ], [ 69.240666843582957, 41.243474092754902 ], [ 69.240678443582951, 41.2435061927549 ], [ 69.240692043582953, 41.243536792754902 ], [ 69.240706243582949, 41.243567892754903 ], [ 69.240722243582951, 41.243599492754903 ], [ 69.240739943582952, 41.243630092754906 ], [ 69.24075984358295, 41.243659492754901 ], [ 69.240781243582958, 41.243687692754904 ], [ 69.240807043582961, 41.243716292754904 ], [ 69.240832243582958, 41.243741192754904 ], [ 69.240857943582952, 41.2437657927549 ], [ 69.24088414358296, 41.243790092754899 ], [ 69.240911543582953, 41.243814892754905 ], [ 69.240942043582962, 41.243838892754901 ], [ 69.240974043582952, 41.243861792754906 ], [ 69.241007443582959, 41.243882892754904 ], [ 69.241043343582959, 41.243902992754904 ], [ 69.241076343582961, 41.243920092754905 ], [ 69.241109843582962, 41.243935892754905 ], [ 69.24114434358296, 41.243948992754902 ], [ 69.241178843582958, 41.243960892754906 ], [ 69.241214743582958, 41.243972192754903 ], [ 69.241252043582961, 41.243982392754901 ], [ 69.241290343582961, 41.2439907927549 ], [ 69.241329243582953, 41.243997792754904 ] ] ] } },
{ "type": "Feature", "properties": { "full_id": "w998087966", "osm_id": "998087966", "Туман": "Сергели", "Адрес": "Қорасув канали", "Тури": "Пиёдалар кўприги", "xcoord": 69.297467505339711, "ycoord": 41.263706452049703, "Узунл": 13.23 }, "geometry": { "type": "MultiLineString", "coordinates": [ [ [ 69.297554246250343, 41.263707230380604 ], [ 69.297396327628832, 41.263705633453903 ] ] ] } },
{ "type": "Feature", "properties": { "full_id": "w998087983", "osm_id": "998087983", "Туман": "Миробод", "Адрес": "Қорасув канали", "Тури": "Пиёдалар кўприги", "xcoord": 69.297085549438449, "ycoord": 41.266715901272505, "Узунл": 13.33 }, "geometry": { "type": "MultiLineString", "coordinates": [ [ [ 69.2971156, 41.266657 ], [ 69.2970566, 41.2667685 ] ] ] } },
{ "type": "Feature", "properties": { "full_id": "w998087994", "osm_id": "998087994", "Туман": "Миробод", "Адрес": "Қорасув канали", "Тури": "Пиёдалар кўприги", "xcoord": 69.299118719717242, "ycoord": 41.268594967105791, "Узунл": 9.87 }, "geometry": { "type": "MultiLineString", "coordinates": [ [ [ 69.29914, 41.2685591 ], [ 69.2990923, 41.2686404 ] ] ] } },
{ "type": "Feature", "properties": { "full_id": "w998087999", "osm_id": "998087999", "Туман": "Миробод", "Адрес": "Қорасув канали", "Тури": "Пиёдалар кўприги", "xcoord": 69.298539235153854, "ycoord": 41.268394318864701, "Узунл": 4.8 }, "geometry": { "type": "MultiLineString", "coordinates": [ [ [ 69.2985515, 41.2683764 ], [ 69.2985249, 41.2684147 ] ] ] } },
{ "type": "Feature", "properties": { "full_id": "w998088000", "osm_id": "998088000", "Туман": "Миробод", "Адрес": "Қорасув канали", "Тури": "Пиёдалар кўприги", "xcoord": 69.299267807657827, "ycoord": 41.268663436177633, "Узунл": 9.23 }, "geometry": { "type": "MultiLineString", "coordinates": [ [ [ 69.2992948, 41.2686259 ], [ 69.2992421, 41.2686989 ] ] ] } },
{ "type": "Feature", "properties": { "full_id": "w998127384", "osm_id": "998127384", "Туман": "Яшнобод", "Адрес": "Янги Ўзбекистон шоҳ кўчаси", "Тури": "Автомобиль йўл ўтказгичлари", "xcoord": 69.339563163398537, "ycoord": 41.306147029787525, "Узунл": 613.1 }, "geometry": { "type": "MultiLineString", "coordinates": [ [ [ 69.343426588567112, 41.306575463181638 ], [ 69.343316388567104, 41.306563263181637 ], [ 69.33618358856711, 41.305771563181636 ] ] ] } },
{ "type": "Feature", "properties": { "full_id": "w998984607", "osm_id": "998984607", "Туман": "Янгихает", "Адрес": "Катта ҳалқа йўли кўчаси", "Тури": "Пиёдалар кўприги", "xcoord": 69.1948810320159, "ycoord": 41.215351043291818, "Узунл": 8.03 }, "geometry": { "type": "MultiLineString", "coordinates": [ [ [ 69.194924402611406, 41.215330490591256 ], [ 69.194843343447474, 41.215369008548763 ] ] ] } },
{ "type": "Feature", "properties": { "full_id": "w998984610", "osm_id": "998984610", "Туман": "Янгихает", "Адрес": "Катта ҳалқа йўли кўчаси", "Тури": "Пиёдалар кўприги", "xcoord": 69.19355113620999, "ycoord": 41.213736996753845, "Узунл": 8.02 }, "geometry": { "type": "MultiLineString", "coordinates": [ [ [ 69.193513259392645, 41.213755248320474 ], [ 69.193593176062208, 41.213715587514351 ] ] ] } },
{ "type": "Feature", "properties": { "full_id": "w1011381705", "osm_id": "1011381705", "Туман": "Бектемир", "Адрес": "Паркент йўли-2 тор кўчаси", "Тури": "Автомобиль кўприги", "xcoord": 69.336750860098604, "ycoord": 41.213052414741973, "Узунл": 13.24 }, "geometry": { "type": "MultiLineString", "coordinates": [ [ [ 69.336786355663946, 41.212995796116545 ], [ 69.336718777400634, 41.213103566773476 ] ] ] } },
{ "type": "Feature", "properties": { "full_id": "w1015684695", "osm_id": "1015684695", "Туман": "Олмазор", "Адрес": "Дамаши канали", "Тури": "Пиёдалар кўприги", "xcoord": 69.255296992858291, "ycoord": 41.340897431055083, "Узунл": 14.46 }, "geometry": { "type": "MultiLineString", "coordinates": [ [ [ 69.255212892996965, 41.340897334460742 ], [ 69.255385694438175, 41.340897517377357 ] ] ] } },
{ "type": "Feature", "properties": { "full_id": "w1017530085", "osm_id": "1017530085", "Туман": "Юнусобод", "Адрес": "Олой бозори берк кўчаси", "Тури": "Пиёдалар кўприги", "xcoord": 69.282629099373011, "ycoord": 41.32037540057005, "Узунл": 8.18 }, "geometry": { "type": "MultiLineString", "coordinates": [ [ [ 69.2826213, 41.320338 ], [ 69.2826365, 41.3204108 ] ] ] } },
{ "type": "Feature", "properties": { "full_id": "w1026136070", "osm_id": "1026136070", "Туман": "Бектемир", "Адрес": "Қозонокти ариқ", "Тури": "Автомобиль кўприги", "xcoord": 69.287143292708095, "ycoord": 41.205149270130114, "Узунл": 8.3 }, "geometry": { "type": "MultiLineString", "coordinates": [ [ [ 69.287115209460239, 41.205178831850269 ], [ 69.287173434553935, 41.205118404075748 ] ] ] } },
{ "type": "Feature", "properties": { "full_id": "w1026734122", "osm_id": "1026734122", "Туман": "Янгихает", "Адрес": "Жалойир кўчаси", "Тури": "Автомобиль кўприги", "xcoord": 69.284410534476109, "ycoord": 41.179849905611142, "Узунл": 6.3 }, "geometry": { "type": "MultiLineString", "coordinates": [ [ [ 69.2843891, 41.1798715 ], [ 69.2844341, 41.1798261 ] ] ] } },
{ "type": "Feature", "properties": { "full_id": "w1026734130", "osm_id": "1026734130", "Туман": "Бектемир", "Адрес": "Кипчок кўчаси", "Тури": "Автомобиль кўприги", "xcoord": 69.348656637414322, "ycoord": 41.213778440149838, "Узунл": 8.88 }, "geometry": { "type": "MultiLineString", "coordinates": [ [ [ 69.3486851, 41.2137431 ], [ 69.348629972602794, 41.213811390408537 ] ] ] } },
{ "type": "Feature", "properties": { "full_id": "w1044304665", "osm_id": "1044304665", "Туман": "Янгихает", "Адрес": "Номсиз Ариқ", "Тури": "Пиёдалар кўприги", "xcoord": 69.191906449255811, "ycoord": 41.21171974486321, "Узунл": 10.1 }, "geometry": { "type": "MultiLineString", "coordinates": [ [ [ 69.191958910945431, 41.211695597818263 ], [ 69.191855880643843, 41.211742743034655 ] ] ] } },
{ "type": "Feature", "properties": { "full_id": "w1044304669", "osm_id": "1044304669", "Туман": "Янгихает", "Адрес": "Бунёдкор шоҳкўчаси", "Тури": "Автомобиль кўприги", "xcoord": 69.233637158493124, "ycoord": 41.168481875990629, "Узунл": 7.37 }, "geometry": { "type": "MultiLineString", "coordinates": [ [ [ 69.2336508, 41.1684479 ], [ 69.2336247, 41.1685113 ] ] ] } },
{ "type": "Feature", "properties": { "full_id": "w1044706099", "osm_id": "1044706099", "Туман": "Яшнобод", "Адрес": "Қорасув канали", "Тури": "Пиёдалар кўприги", "xcoord": 69.314878774009642, "ycoord": 41.283170745399246, "Узунл": 14.49 }, "geometry": { "type": "MultiLineString", "coordinates": [ [ [ 69.3149219538778, 41.283109046986745 ], [ 69.314841251055384, 41.283224408564436 ] ] ] } },
{ "type": "Feature", "properties": { "full_id": "w1047468249", "osm_id": "1047468249", "Туман": "Бектемир", "Адрес": "Заминдор кўчаси", "Тури": "Автомобиль кўприги", "xcoord": 69.31672693411339, "ycoord": 41.216697594305664, "Узунл": 5.32 }, "geometry": { "type": "MultiLineString", "coordinates": [ [ [ 69.3167456, 41.2166786 ], [ 69.3167081, 41.2167172 ] ] ] } },
{ "type": "Feature", "properties": { "full_id": "w1047468251", "osm_id": "1047468251", "Туман": "Бектемир", "Адрес": "Ғурурли кўчаси", "Тури": "Автомобиль кўприги", "xcoord": 69.320594645095099, "ycoord": 41.217831868442005, "Узунл": 6.7 }, "geometry": { "type": "MultiLineString", "coordinates": [ [ [ 69.320567567760975, 41.217854030060565 ], [ 69.320621722410934, 41.217809706817036 ] ] ] } },
{ "type": "Feature", "properties": { "full_id": "w1050525622", "osm_id": "1050525622", "Туман": "Сергели", "Адрес": "Сергели йўли шоҳкўчаси", "Тури": "Автомобиль йўл ўтказгичлари", "xcoord": 69.240525696194979, "ycoord": 41.245046964461402, "Узунл": 245.0 }, "geometry": { "type": "MultiLineString", "coordinates": [ [ [ 69.241190596194983, 41.244727964461397 ], [ 69.24113829619499, 41.244735964461398 ], [ 69.241088396194982, 41.244746264461398 ], [ 69.241036996194978, 41.244760064461403 ], [ 69.240984396194989, 41.244776064461398 ], [ 69.240932496194986, 41.244794564461401 ], [ 69.240888996194982, 41.244812264461402 ], [ 69.240844496194981, 41.244832564461397 ], [ 69.240798496194984, 41.244854964461403 ], [ 69.240753196194987, 41.244879664461401 ], [ 69.240712596194982, 41.2449033644614 ], [ 69.240672596194983, 41.244928764461399 ], [ 69.240631896194984, 41.244957164461404 ], [ 69.240592496194992, 41.244986364461397 ], [ 69.240558496194978, 41.245015764461399 ], [ 69.240525696194979, 41.245046964461402 ], [ 69.240498596194982, 41.245075264461398 ], [ 69.240472196194986, 41.245104864461403 ], [ 69.240448496194986, 41.2451337644614 ], [ 69.240426596194979, 41.2451635644614 ], [ 69.24040629619499, 41.245194964461398 ], [ 69.240388196194985, 41.245226864461401 ], [ 69.240371296194979, 41.245258564461402 ], [ 69.240355596194988, 41.2452918644614 ], [ 69.240339796194988, 41.245327364461403 ], [ 69.240325296194982, 41.245363964461397 ], [ 69.240312496194989, 41.245400164461401 ], [ 69.240301796194984, 41.245437864461401 ], [ 69.24029379619499, 41.245477364461401 ], [ 69.240286396194989, 41.245517364461399 ], [ 69.240281096194991, 41.245556264461399 ], [ 69.240180747307775, 41.24660335585547 ] ] ] } },
{ "type": "Feature", "properties": { "full_id": "w1057615814", "osm_id": "1057615814", "Туман": "Сергели", "Адрес": "Сергели йўли шоҳкўчаси", "Тури": "Автомобиль йўл ўтказгичлари", "xcoord": 69.240458015815932, "ycoord": 41.244054049829181, "Узунл": 123.71 }, "geometry": { "type": "MultiLineString", "coordinates": [ [ [ 69.239771228415805, 41.244030923440931 ], [ 69.241245428415809, 41.244083023440929 ] ] ] } },
{ "type": "Feature", "properties": { "full_id": "w1061034612", "osm_id": "1061034612", "Туман": "Янгихает", "Адрес": "Янги Турон кўчаси", "Тури": "Автомобиль кўприги", "xcoord": 69.292759965080094, "ycoord": 41.173370011195175, "Узунл": 13.76 }, "geometry": { "type": "MultiLineString", "coordinates": [ [ [ 69.2928129, 41.173319 ], [ 69.2927113, 41.1734163 ] ] ] } },
{ "type": "Feature", "properties": { "full_id": "w1061034631", "osm_id": "1061034631", "Туман": "Янгихает", "Адрес": "Тошлоқ кўчаси", "Тури": "Автомобиль кўприги", "xcoord": 69.292318730867919, "ycoord": 41.186861759769634, "Узунл": 9.78 }, "geometry": { "type": "MultiLineString", "coordinates": [ [ [ 69.2923621, 41.1868299 ], [ 69.292278619300177, 41.186891353363002 ] ] ] } },
{ "type": "Feature", "properties": { "full_id": "w1077538077", "osm_id": "1077538077", "Туман": "Мирзо Улуғбек", "Адрес": "Қорасу канали", "Тури": "Автомобиль кўприги", "xcoord": 69.392581382917541, "ycoord": 41.351770768976046, "Узунл": 19.6 }, "geometry": { "type": "MultiLineString", "coordinates": [ [ [ 69.392523, 41.3518458 ], [ 69.3926393, 41.3516926 ] ] ] } },
{ "type": "Feature", "properties": { "full_id": "w1088612331", "osm_id": "1088612331", "Туман": "Мирзо Улуғбек", "Адрес": "Номсиз Ариқ", "Тури": "Автомобиль кўприги", "xcoord": 69.412870967850893, "ycoord": 41.338841601835462, "Узунл": 12.46 }, "geometry": { "type": "MultiLineString", "coordinates": [ [ [ 69.412888016194813, 41.338893382124006 ], [ 69.4128523, 41.3387845 ] ] ] } },
{ "type": "Feature", "properties": { "full_id": "w1093190965", "osm_id": "1093190965", "Туман": "Сергели", "Адрес": "Салор канали", "Тури": "Пиёдалар кўприги", "xcoord": 69.235699001816712, "ycoord": 41.258616196070271, "Узунл": 16.28 }, "geometry": { "type": "MultiLineString", "coordinates": [ [ [ 69.2357059, 41.2585382 ], [ 69.2356925, 41.2586844 ] ] ] } },
{ "type": "Feature", "properties": { "full_id": "w1103385832", "osm_id": "1103385832", "Туман": "Чилонзор", "Адрес": "Анхор канали", "Тури": "Пиёдалар кўприги", "xcoord": 69.236352272991169, "ycoord": 41.296802281067365, "Узунл": 14.21 }, "geometry": { "type": "MultiLineString", "coordinates": [ [ [ 69.2363068, 41.296858 ], [ 69.236396, 41.2967492 ] ] ] } },
{ "type": "Feature", "properties": { "full_id": "w1115917538", "osm_id": "1115917538", "Туман": "Олмазор", "Адрес": "Университет кўчаси", "Тури": "Пиёдалар кўприги", "xcoord": 69.206594466262715, "ycoord": 41.348031348602547, "Узунл": 20.31 }, "geometry": { "type": "MultiLineString", "coordinates": [ [ [ 69.206473868205222, 41.34803135268654 ], [ 69.206716562165781, 41.348029784600222 ] ] ] } },
{ "type": "Feature", "properties": { "full_id": "w1132595301", "osm_id": "1132595301", "Туман": "Шайхонтохур", "Адрес": "Қозиработ кўчаси", "Тури": "Автомобиль кўприги", "xcoord": 69.231037433247153, "ycoord": 41.303068542574309, "Узунл": 14.96 }, "geometry": { "type": "MultiLineString", "coordinates": [ [ [ 69.231034317292512, 41.303129594666089 ], [ 69.231040317292511, 41.302994994666086 ] ] ] } },
{ "type": "Feature", "properties": { "full_id": "w1138317895", "osm_id": "1138317895", "Туман": "Мирзо Улуғбек", "Адрес": "Салор канали", "Тури": "Пиёдалар кўприги", "xcoord": 69.308403527163733, "ycoord": 41.323942155174556, "Узунл": 7.0 }, "geometry": { "type": "MultiLineString", "coordinates": [ [ [ 69.308378145758937, 41.323917734439028 ], [ 69.30843005110647, 41.323967145678807 ] ] ] } },
{ "type": "Feature", "properties": { "full_id": "w1144192645", "osm_id": "1144192645", "Туман": "Олмазор", "Адрес": "Кичкина Кайковус канали", "Тури": "Пиёдалар кўприги", "xcoord": 69.237138252930208, "ycoord": 41.340104642666446, "Узунл": 6.68 }, "geometry": { "type": "MultiLineString", "coordinates": [ [ [ 69.237125022994803, 41.340133759445337 ], [ 69.237151112342673, 41.340076942197818 ] ] ] } },
{ "type": "Feature", "properties": { "full_id": "w1146162115", "osm_id": "1146162115", "Туман": "Мирзо Улуғбек", "Адрес": "Янги Тонг кўчаси", "Тури": "Автомобиль кўприги", "xcoord": 69.400184951995755, "ycoord": 41.329521071802723, "Узунл": 13.24 }, "geometry": { "type": "MultiLineString", "coordinates": [ [ [ 69.4002499, 41.3294845 ], [ 69.400123324272982, 41.329555942557249 ] ] ] } },
{ "type": "Feature", "properties": { "full_id": "w1146162116", "osm_id": "1146162116", "Туман": "Мирзо Улуғбек", "Адрес": "Алишеробод кўчаси", "Тури": "Автомобиль кўприги", "xcoord": 69.401097962388477, "ycoord": 41.33031477837892, "Узунл": 20.7 }, "geometry": { "type": "MultiLineString", "coordinates": [ [ [ 69.401008226825965, 41.330366932588333 ], [ 69.401204360349467, 41.330253400665761 ] ] ] } },
{ "type": "Feature", "properties": { "full_id": "w1146162119", "osm_id": "1146162119", "Туман": "Мирзо Улуғбек", "Адрес": "Номсиз Ариқ", "Тури": "Автомобиль кўприги", "xcoord": 69.404455277248914, "ycoord": 41.333201858509469, "Узунл": 13.38 }, "geometry": { "type": "MultiLineString", "coordinates": [ [ [ 69.4044076, 41.3332347 ], [ 69.4045249, 41.3331529 ] ] ] } },
{ "type": "Feature", "properties": { "full_id": "w1146162120", "osm_id": "1146162120", "Туман": "Мирзо Улуғбек", "Адрес": "Номсиз Ариқ", "Тури": "Автомобиль кўприги", "xcoord": 69.403477191162963, "ycoord": 41.332405614622488, "Узунл": 13.15 }, "geometry": { "type": "MultiLineString", "coordinates": [ [ [ 69.4034243, 41.3324442 ], [ 69.4035369, 41.3323616 ] ] ] } },
{ "type": "Feature", "properties": { "full_id": "w1146162123", "osm_id": "1146162123", "Туман": "Мирзо Улуғбек", "Адрес": "Жушкин кўчаси", "Тури": "Автомобиль кўприги", "xcoord": 69.402619432236364, "ycoord": 41.331677108743278, "Узунл": 18.99 }, "geometry": { "type": "MultiLineString", "coordinates": [ [ [ 69.4025248, 41.3317085 ], [ 69.4027327, 41.33164 ] ] ] } },
{ "type": "Feature", "properties": { "full_id": "w1148332518", "osm_id": "1148332518", "Туман": "Чилонзор", "Адрес": "Бўзсув канали", "Тури": "Пиёдалар кўприги", "xcoord": 69.244652967696126, "ycoord": 41.298384227501323, "Узунл": 35.45 }, "geometry": { "type": "MultiLineString", "coordinates": [ [ [ 69.244553141031659, 41.298501871599534 ], [ 69.24478077226064, 41.298232726327583 ] ] ] } },
{ "type": "Feature", "properties": { "full_id": "w1157484432", "osm_id": "1157484432", "Туман": "Юнусобод", "Адрес": "Бўзсув канали", "Тури": "Пиёдалар кўприги", "xcoord": 69.269378291227184, "ycoord": 41.323458816958926, "Узунл": 26.35 }, "geometry": { "type": "MultiLineString", "coordinates": [ [ [ 69.2695442, 41.3234325 ], [ 69.269236286495399, 41.323481489823095 ] ] ] } },
{ "type": "Feature", "properties": { "full_id": "w1160967763", "osm_id": "1160967763", "Туман": "Юнусобод", "Адрес": "Қўнғроқ канали", "Тури": "Автомобиль кўприги", "xcoord": 69.320436712427934, "ycoord": 41.37037373370152, "Узунл": 11.77 }, "geometry": { "type": "MultiLineString", "coordinates": [ [ [ 69.322335421155685, 41.371527573617662 ], [ 69.32226442115568, 41.371619073617666 ] ] ] } },
{ "type": "Feature", "properties": { "full_id": "w1160967770", "osm_id": "1160967770", "Туман": "Юнусобод", "Адрес": "Қўнғроқ канали", "Тури": "Автомобиль кўприги", "xcoord": 69.319287746837716, "ycoord": 41.369915511610593, "Узунл": 8.01 }, "geometry": { "type": "MultiLineString", "coordinates": [ [ [ 69.3192713, 41.369945 ], [ 69.3193088, 41.3698786 ] ] ] } },
{ "type": "Feature", "properties": { "full_id": "w1160967772", "osm_id": "1160967772", "Туман": "Юнусобод", "Адрес": "Қўнғроқ канали", "Тури": "Автомобиль кўприги", "xcoord": 69.318622333991925, "ycoord": 41.369711852619481, "Узунл": 9.23 }, "geometry": { "type": "MultiLineString", "coordinates": [ [ [ 69.318646277861205, 41.369670972088301 ], [ 69.318601783993174, 41.369746995435825 ] ] ] } },
{ "type": "Feature", "properties": { "full_id": "w1163967497", "osm_id": "1163967497", "Туман": "Чилонзор", "Адрес": "Анхор канали", "Тури": "Автомобиль кўприги", "xcoord": 69.216098756871361, "ycoord": 41.278226495409704, "Узунл": 10.04 }, "geometry": { "type": "MultiLineString", "coordinates": [ [ [ 69.216061057906487, 41.278250482282758 ], [ 69.2161523, 41.2781919 ] ] ] } },
{ "type": "Feature", "properties": { "full_id": "w1168884778", "osm_id": "1168884778", "Туман": "Миробод", "Адрес": "Салор канали", "Тури": "Автомобиль кўприги", "xcoord": 69.281127234084295, "ycoord": 41.288431931929011, "Узунл": 17.12 }, "geometry": { "type": "MultiLineString", "coordinates": [ [ [ 69.281206952265663, 41.288381470543086 ], [ 69.281050165316401, 41.288480381852253 ] ] ] } },
{ "type": "Feature", "properties": { "full_id": "w1184833941", "osm_id": "1184833941", "Туман": "Мирзо Улуғбек", "Адрес": "Аранчи кўчаси", "Тури": "Пиёдалар кўприги", "xcoord": 69.453398700465769, "ycoord": 41.336816992589881, "Узунл": 15.77 }, "geometry": { "type": "MultiLineString", "coordinates": [ [ [ 69.453350388555435, 41.336755030465284 ], [ 69.453446240533765, 41.336877239233928 ] ] ] } },
{ "type": "Feature", "properties": { "full_id": "w1184833960", "osm_id": "1184833960", "Туман": "Мирзо Улуғбек", "Адрес": "3-Фаровон кўчаси", "Тури": "Автомобиль кўприги", "xcoord": 69.415369623911573, "ycoord": 41.337698687142193, "Узунл": 13.8 }, "geometry": { "type": "MultiLineString", "coordinates": [ [ [ 69.4153238, 41.3376433 ], [ 69.4154129, 41.3377479 ] ] ] } },
{ "type": "Feature", "properties": { "full_id": "w1185085320", "osm_id": "1185085320", "Туман": "Мирзо Улуғбек", "Адрес": "Номсиз Ариқ", "Тури": "Автомобиль кўприги", "xcoord": 69.385409555662662, "ycoord": 41.32124590804343, "Узунл": 13.36 }, "geometry": { "type": "MultiLineString", "coordinates": [ [ [ 69.385365571643987, 41.321293027833804 ], [ 69.385456551976844, 41.321194195463185 ] ] ] } },
{ "type": "Feature", "properties": { "full_id": "w1186228732", "osm_id": "1186228732", "Туман": "Янгихает", "Адрес": "Чоштепа кўчаси", "Тури": "Автомобиль кўприги", "xcoord": 69.174970306346623, "ycoord": 41.21959058024499, "Узунл": 50.48 }, "geometry": { "type": "MultiLineString", "coordinates": [ [ [ 69.175041999183932, 41.219811299305576 ], [ 69.174899499183937, 41.219369699305574 ] ] ] } },
{ "type": "Feature", "properties": { "full_id": "w1186582684", "osm_id": "1186582684", "Туман": "Чилонзор", "Адрес": "Анхор канали", "Тури": "Пиёдалар кўприги", "xcoord": 69.225681745147526, "ycoord": 41.289903936098511, "Узунл": 11.8 }, "geometry": { "type": "MultiLineString", "coordinates": [ [ [ 69.22563000035808, 41.289930244952259 ], [ 69.225746376509775, 41.289870441453388 ] ] ] } },
{ "type": "Feature", "properties": { "full_id": "w1186587906", "osm_id": "1186587906", "Туман": "Яшнобод", "Адрес": "Зевак кўчаси", "Тури": "Автомобиль кўприги", "xcoord": 69.379764038954363, "ycoord": 41.276052589094768, "Узунл": 5.55 }, "geometry": { "type": "MultiLineString", "coordinates": [ [ [ 69.3797942, 41.2760369 ], [ 69.3797393, 41.2760649 ] ] ] } },
{ "type": "Feature", "properties": { "full_id": "w1186587910", "osm_id": "1186587910", "Туман": "Яшнобод", "Адрес": "Катта Толариқ", "Тури": "Автомобиль кўприги", "xcoord": 69.40348890564492, "ycoord": 41.291379529879677, "Узунл": 11.35 }, "geometry": { "type": "MultiLineString", "coordinates": [ [ [ 69.4035116, 41.2913346 ], [ 69.403463488852054, 41.291430100351889 ] ] ] } },
{ "type": "Feature", "properties": { "full_id": "w1190204295", "osm_id": "1190204295", "Туман": "Мирзо Улуғбек", "Адрес": "Қорасув канали", "Тури": "Автомобиль кўприги", "xcoord": 69.399639071683453, "ycoord": 41.355109576468067, "Узунл": 23.7 }, "geometry": { "type": "MultiLineString", "coordinates": [ [ [ 69.3995731, 41.3551988 ], [ 69.3997103, 41.3550121 ] ] ] } },
{ "type": "Feature", "properties": { "full_id": "w1190374625", "osm_id": "1190374625", "Туман": "Мирзо Улуғбек", "Адрес": "Қорасув канали", "Тури": "Пиёдалар кўприги", "xcoord": 69.405017436805394, "ycoord": 41.356823591254887, "Узунл": 18.46 }, "geometry": { "type": "MultiLineString", "coordinates": [ [ [ 69.404965424080928, 41.356895521491282 ], [ 69.405070575587587, 41.35674936570296 ] ] ] } },
{ "type": "Feature", "properties": { "full_id": "w1190374626", "osm_id": "1190374626", "Туман": "Мирзо Улуғбек", "Адрес": "Қорасув канали", "Тури": "Пиёдалар кўприги", "xcoord": 69.407339036685798, "ycoord": 41.357391236759561, "Узунл": 16.29 }, "geometry": { "type": "MultiLineString", "coordinates": [ [ [ 69.40731520117491, 41.357455120271148 ], [ 69.407367158808441, 41.357313733312111 ] ] ] } },
{ "type": "Feature", "properties": { "full_id": "w1190374629", "osm_id": "1190374629", "Туман": "Мирзо Улуғбек", "Адрес": "Қорасув канали", "Тури": "Пиёдалар кўприги", "xcoord": 69.407943595065703, "ycoord": 41.357520059047737, "Узунл": 16.97 }, "geometry": { "type": "MultiLineString", "coordinates": [ [ [ 69.407972779318897, 41.3574453442451 ], [ 69.407915533255832, 41.35759190570441 ] ] ] } },
{ "type": "Feature", "properties": { "full_id": "w1193497570", "osm_id": "1193497570", "Туман": "Шайхонтохур", "Адрес": "Кўкча канали", "Тури": "Пиёдалар кўприги", "xcoord": 69.222093413513008, "ycoord": 41.32855543565843, "Узунл": 14.57 }, "geometry": { "type": "MultiLineString", "coordinates": [ [ [ 69.22201236264948, 41.328576930164857 ], [ 69.222176361246468, 41.328533078179404 ] ] ] } },
{ "type": "Feature", "properties": { "full_id": "w1197555645", "osm_id": "1197555645", "Туман": "Юнусобод", "Адрес": "Оққўрғон-6 тор кўчаси", "Тури": "Автомобиль кўприги", "xcoord": 69.29987746053888, "ycoord": 41.330461858375095, "Узунл": 9.51 }, "geometry": { "type": "MultiLineString", "coordinates": [ [ [ 69.2999088, 41.3304231 ], [ 69.299848737225517, 41.330495730495407 ] ] ] } },
{ "type": "Feature", "properties": { "full_id": "w1201835800", "osm_id": "1201835800", "Туман": "Яккасарой", "Адрес": "Салор канали", "Тури": "Автомобиль кўприги", "xcoord": 69.238097732289177, "ycoord": 41.267409884371752, "Узунл": 14.99 }, "geometry": { "type": "MultiLineString", "coordinates": [ [ [ 69.238190382961875, 41.2674165668341 ], [ 69.238012295330762, 41.267403473343201 ] ] ] } },
{ "type": "Feature", "properties": { "full_id": "w1204818766", "osm_id": "1204818766", "Туман": "Мирзо Улуғбек", "Адрес": "Бозсув канали", "Тури": "Пиёдалар кўприги", "xcoord": 69.450495952812361, "ycoord": 41.400324470570979, "Узунл": 24.31 }, "geometry": { "type": "MultiLineString", "coordinates": [ [ [ 69.45047467382264, 41.40043462899223 ], [ 69.450516273822643, 41.400218028992228 ] ] ] } },
{ "type": "Feature", "properties": { "full_id": "w1210791905", "osm_id": "1210791905", "Туман": "Юнусобод", "Адрес": "Боғишамол кўчаси", "Тури": "Темир йўл кўприги", "xcoord": 69.305700127776049, "ycoord": 41.343486822195793, "Узунл": 78.78 }, "geometry": { "type": "MultiLineString", "coordinates": [ [ [ 69.306128119560199, 41.343185032979228 ], [ 69.305440963356631, 41.343669757773405 ] ] ] } },
{ "type": "Feature", "properties": { "full_id": "w1215453584", "osm_id": "1215453584", "Туман": "Яккасарой", "Адрес": "Шота Руставели кўчаси", "Тури": "Темир йўл кўприги", "xcoord": 69.21625886247584, "ycoord": 41.253716370354134, "Узунл": 70.62 }, "geometry": { "type": "MultiLineString", "coordinates": [ [ [ 69.216610991685215, 41.253915077387973 ], [ 69.215936191685216, 41.253534277387971 ] ] ] } },
{ "type": "Feature", "properties": { "full_id": "w1217206706", "osm_id": "1217206706", "Туман": "Чилонзор", "Адрес": "Бўзсув канали", "Тури": "Автомобиль кўприги", "xcoord": 69.23146512189777, "ycoord": 41.299713927491766, "Узунл": 120.99 }, "geometry": { "type": "MultiLineString", "coordinates": [ [ [ 69.231858196154519, 41.300125709006885 ], [ 69.231724296154525, 41.299986309006883 ], [ 69.231019896154521, 41.299238509006884 ] ] ] } },
{ "type": "Feature", "properties": { "full_id": "w1217978011", "osm_id": "1217978011", "Туман": "Мирзо Улуғбек", "Адрес": "Дўрмон йўли кўчаси", "Тури": "Автомобиль кўприги", "xcoord": 69.359087625825268, "ycoord": 41.326411083406583, "Узунл": 26.03 }, "geometry": { "type": "MultiLineString", "coordinates": [ [ [ 69.358970412024973, 41.326480905313389 ], [ 69.359214498241144, 41.326335789300977 ] ] ] } },
{ "type": "Feature", "properties": { "full_id": "w1225358590", "osm_id": "1225358590", "Туман": "Янгихает", "Адрес": "Чортоқ-6 берк кўчаси", "Тури": "Автомобиль кўприги", "xcoord": 69.226149806970597, "ycoord": 41.176457291357082, "Узунл": 5.84 }, "geometry": { "type": "MultiLineString", "coordinates": [ [ [ 69.226145, 41.1764827 ], [ 69.2261551, 41.1764307 ] ] ] } },
{ "type": "Feature", "properties": { "full_id": "w1225358592", "osm_id": "1225358592", "Туман": "Янгихает", "Адрес": "Чортоқ-6 берк кўчаси", "Тури": "Автомобиль кўприги", "xcoord": 69.226389910252479, "ycoord": 41.177073420557235, "Узунл": 14.16 }, "geometry": { "type": "MultiLineString", "coordinates": [ [ [ 69.226464807341756, 41.17705170658062 ], [ 69.2263073, 41.1770974 ] ] ] } },
{ "type": "Feature", "properties": { "full_id": "w1225668148", "osm_id": "1225668148", "Туман": "Чилонзор", "Адрес": "Бўзсув канали", "Тури": "Пиёдалар кўприги", "xcoord": 69.246268899740485, "ycoord": 41.299152932903127, "Узунл": 35.68 }, "geometry": { "type": "MultiLineString", "coordinates": [ [ [ 69.2464014, 41.2989969 ], [ 69.246171674219894, 41.299267458012132 ] ] ] } },
{ "type": "Feature", "properties": { "full_id": "w1227951702", "osm_id": "1227951702", "Туман": "Сергели", "Адрес": "Джун канали", "Тури": "Пиёдалар кўприги", "xcoord": 69.213056687597629, "ycoord": 41.248687043100382, "Узунл": 17.6 }, "geometry": { "type": "MultiLineString", "coordinates": [ [ [ 69.213063643719735, 41.248608693801536 ], [ 69.213049736111444, 41.248766824499285 ] ] ] } },
{ "type": "Feature", "properties": { "full_id": "w1236531392", "osm_id": "1236531392", "Туман": "Янгихает", "Адрес": "Қизилтепа кўчаси", "Тури": "Автомобиль кўприги", "xcoord": 69.207076071578911, "ycoord": 41.217442134712726, "Узунл": 9.82 }, "geometry": { "type": "MultiLineString", "coordinates": [ [ [ 69.2070248, 41.2174237 ], [ 69.2071318, 41.2174596 ] ] ] } },
{ "type": "Feature", "properties": { "full_id": "w1236531393", "osm_id": "1236531393", "Туман": "Янгихает", "Адрес": "Қизилтепа кўчаси", "Тури": "Автомобиль кўприги", "xcoord": 69.201367837520564, "ycoord": 41.215332829953262, "Узунл": 7.91 }, "geometry": { "type": "MultiLineString", "coordinates": [ [ [ 69.201391826397042, 41.215300994970107 ], [ 69.201345360604677, 41.21536294374544 ] ] ] } },
{ "type": "Feature", "properties": { "full_id": "w1237985246", "osm_id": "1237985246", "Туман": "Олмазор", "Адрес": "Дамаши канали", "Тури": "Пиёдалар кўприги", "xcoord": 69.244673302794169, "ycoord": 41.348470946194951, "Узунл": 29.38 }, "geometry": { "type": "MultiLineString", "coordinates": [ [ [ 69.24468951866362, 41.348587552735452 ], [ 69.244654720481421, 41.348324335097658 ] ] ] } },
{ "type": "Feature", "properties": { "full_id": "w1252831073", "osm_id": "1252831073", "Туман": "Сергели", "Адрес": "Катта Толариқ", "Тури": "Автомобиль кўприги", "xcoord": 69.301634881018217, "ycoord": 41.249587172807438, "Узунл": 18.23 }, "geometry": { "type": "MultiLineString", "coordinates": [ [ [ 69.301635963014732, 41.249492364380743 ], [ 69.301634251040355, 41.249656488515129 ] ] ] } },
{ "type": "Feature", "properties": { "full_id": "w1257430552", "osm_id": "1257430552", "Туман": "Сергели", "Адрес": "Ўзбекобод кўчаси", "Тури": "Автомобиль кўприги", "xcoord": 69.257075521246534, "ycoord": 41.235370054374293, "Узунл": 16.71 }, "geometry": { "type": "MultiLineString", "coordinates": [ [ [ 69.256978791905809, 41.235376571584105 ], [ 69.2571771, 41.2353618 ] ] ] } },
{ "type": "Feature", "properties": { "full_id": "w1266023342", "osm_id": "1266023342", "Туман": "Мирзо Улуғбек", "Адрес": "Ихлос кўчаси", "Тури": "Автомобиль кўприги", "xcoord": 69.399370603490254, "ycoord": 41.333835410760273, "Узунл": 10.24 }, "geometry": { "type": "MultiLineString", "coordinates": [ [ [ 69.3993411774469, 41.333870455751935 ], [ 69.39940606039967, 41.333792325152928 ] ] ] } },
{ "type": "Feature", "properties": { "full_id": "w1266399299", "osm_id": "1266399299", "Туман": "Мирзо Улуғбек", "Адрес": "Номсиз Ариқ", "Тури": "Автомобиль кўприги", "xcoord": 69.441802806126901, "ycoord": 41.417155864019811, "Узунл": 16.63 }, "geometry": { "type": "MultiLineString", "coordinates": [ [ [ 69.4417981, 41.417076 ], [ 69.4418064, 41.4172256 ] ] ] } },
{ "type": "Feature", "properties": { "full_id": "w1286107449", "osm_id": "1286107449", "Туман": "Мирзо Улуғбек", "Адрес": "Номсиз Ариқ", "Тури": "Пиёдалар кўприги", "xcoord": 69.345193788275282, "ycoord": 41.307202634217866, "Узунл": 8.02 }, "geometry": { "type": "MultiLineString", "coordinates": [ [ [ 69.3451937, 41.3071689 ], [ 69.3451927, 41.3072411 ] ] ] } },
{ "type": "Feature", "properties": { "full_id": "w1286107453", "osm_id": "1286107453", "Туман": "Мирзо Улуғбек", "Адрес": "Номсиз Ариқ", "Тури": "Пиёдалар кўприги", "xcoord": 69.34670621608808, "ycoord": 41.307394858466125, "Узунл": 16.79 }, "geometry": { "type": "MultiLineString", "coordinates": [ [ [ 69.3467134, 41.3073135 ], [ 69.3467011, 41.3074644 ] ] ] } },
{ "type": "Feature", "properties": { "full_id": "w1296102255", "osm_id": "1296102255", "Туман": "Яккасарой", "Адрес": "Салор канали", "Тури": "Пиёдалар кўприги", "xcoord": 69.244537309720926, "ycoord": 41.269076818855225, "Узунл": 8.22 }, "geometry": { "type": "MultiLineString", "coordinates": [ [ [ 69.244549965529416, 41.269111162485942 ], [ 69.24452350543973, 41.269039899873725 ] ] ] } },
{ "type": "Feature", "properties": { "full_id": "w1298590070", "osm_id": "1298590070", "Туман": "Миробод", "Адрес": "Салор канали", "Тури": "Пиёдалар кўприги", "xcoord": 69.291491552197087, "ycoord": 41.29624589050065, "Узунл": 15.71 }, "geometry": { "type": "MultiLineString", "coordinates": [ [ [ 69.2915824, 41.2962346 ], [ 69.2913974, 41.2962577 ] ] ] } },
{ "type": "Feature", "properties": { "full_id": "w1313067479", "osm_id": "1313067479", "Туман": "Яшнобод", "Адрес": "Қурувчилар кўчаси", "Тури": "Автомобиль кўприги", "xcoord": 69.344923188889439, "ycoord": 41.251334712282429, "Узунл": 8.18 }, "geometry": { "type": "MultiLineString", "coordinates": [ [ [ 69.3449405, 41.2512993 ], [ 69.3449068, 41.2513684 ] ] ] } },
{ "type": "Feature", "properties": { "full_id": "w1316510347", "osm_id": "1316510347", "Туман": "Яккасарой", "Адрес": "Бобур кўчаси", "Тури": "Автомобиль йўл ўтказгичлари", "xcoord": 69.2601207, "ycoord": 41.2696004, "Узунл": 118.74 }, "geometry": { "type": "MultiLineString", "coordinates": [ [ [ 69.259532241299354, 41.269338290764061 ], [ 69.259542263518796, 41.269376648568873 ], [ 69.259566488203603, 41.269406524937658 ], [ 69.259581938434962, 41.269425537091777 ], [ 69.259599847159237, 41.269442252333313 ], [ 69.259617364921723, 41.26945610424486 ], [ 69.259639809871018, 41.269467940096106 ], [ 69.25966092046734, 41.269478346848018 ], [ 69.259679737432421, 41.26948474887719 ], [ 69.2597014, 41.269491 ], [ 69.2600678, 41.2695916 ], [ 69.2601207, 41.2696004 ], [ 69.2601749, 41.2696057 ], [ 69.2602297, 41.2696081 ], [ 69.2602852, 41.2696075 ], [ 69.2603379, 41.2696027 ], [ 69.2603914, 41.2695938 ], [ 69.2604472, 41.269582 ], [ 69.2605007, 41.2695668 ], [ 69.2605516, 41.2695494 ], [ 69.2606026, 41.2695291 ], [ 69.2606507, 41.2695045 ], [ 69.260748283740142, 41.269433928666977 ] ] ] } },
{ "type": "Feature", "properties": { "full_id": "w1322375411", "osm_id": "1322375411", "Туман": "Янгихает", "Адрес": "Мирзо Турсунзода кўчаси", "Тури": "Автомобиль кўприги", "xcoord": 69.210626576435388, "ycoord": 41.217442283240437, "Узунл": 5.51 }, "geometry": { "type": "MultiLineString", "coordinates": [ [ [ 69.2106555, 41.2174538 ], [ 69.2105975, 41.2174305 ] ] ] } },
{ "type": "Feature", "properties": { "full_id": "w1322608587", "osm_id": "1322608587", "Туман": "Сергели", "Адрес": "Бел канали", "Тури": "Пиёдалар кўприги", "xcoord": 69.208661961271616, "ycoord": 41.224190702061165, "Узунл": 10.32 }, "geometry": { "type": "MultiLineString", "coordinates": [ [ [ 69.208606765923363, 41.224202625005717 ], [ 69.20872506592336, 41.224177025005716 ] ] ] } },
{ "type": "Feature", "properties": { "full_id": "w1324192226", "osm_id": "1324192226", "Туман": "Мирзо Улуғбек", "Адрес": "Анайбулок кўчаси", "Тури": "Автомобиль кўприги", "xcoord": 69.397698303573208, "ycoord": 41.327179349322861, "Узунл": 10.18 }, "geometry": { "type": "MultiLineString", "coordinates": [ [ [ 69.3976574, 41.3272051 ], [ 69.3977488, 41.3271447 ] ] ] } },
{ "type": "Feature", "properties": { "full_id": "w1328792948", "osm_id": "1328792948", "Туман": "Олмазор", "Адрес": "Дамаши канали", "Тури": "Пиёдалар кўприги", "xcoord": 69.232594723113777, "ycoord": 41.354512944447478, "Узунл": 20.76 }, "geometry": { "type": "MultiLineString", "coordinates": [ [ [ 69.232502155284138, 41.354447839478425 ], [ 69.23268352450448, 41.35457543819804 ] ] ] } },
{ "type": "Feature", "properties": { "full_id": "w1333792468", "osm_id": "1333792468", "Туман": "Мирзо Улуғбек", "Адрес": "Номсиз Ариқ", "Тури": "Автомобиль кўприги", "xcoord": 69.384111287039886, "ycoord": 41.326315544998273, "Узунл": 13.65 }, "geometry": { "type": "MultiLineString", "coordinates": [ [ [ 69.3840641, 41.3263394 ], [ 69.3841997, 41.3262712 ] ] ] } },
{ "type": "Feature", "properties": { "full_id": "w1364522211", "osm_id": "1364522211", "Туман": "Мирзо Улуғбек", "Адрес": "Қорасув канали", "Тури": "Пиёдалар кўприги", "xcoord": 69.370249176902789, "ycoord": 41.331897707151974, "Узунл": 9.53 }, "geometry": { "type": "MultiLineString", "coordinates": [ [ [ 69.3702252, 41.3319372 ], [ 69.3702708, 41.3318586 ] ] ] } },
{ "type": "Feature", "properties": { "full_id": "w1364739334", "osm_id": "1364739334", "Туман": "Мирзо Улуғбек", "Адрес": "Салор канали", "Тури": "Пиёдалар кўприги", "xcoord": 69.318987022650276, "ycoord": 41.341812616190317, "Узунл": 9.11 }, "geometry": { "type": "MultiLineString", "coordinates": [ [ [ 69.318951044373975, 41.341838493436363 ], [ 69.319029436459331, 41.341781565587134 ] ] ] } },
{ "type": "Feature", "properties": { "full_id": "w1366661817", "osm_id": "1366661817", "Туман": "Сергели", "Адрес": "Жанубий кўчаси", "Тури": "Автомобиль кўприги", "xcoord": 69.257112814421703, "ycoord": 41.23491369992356, "Узунл": 7.54 }, "geometry": { "type": "MultiLineString", "coordinates": [ [ [ 69.257154149284133, 41.234907879168496 ], [ 69.257065406508971, 41.234918961376579 ] ] ] } },
{ "type": "Feature", "properties": { "full_id": "w1374220275", "osm_id": "1374220275", "Туман": "Янгихает", "Адрес": "Ўрмончи кўчаси", "Тури": "Автомобиль кўприги", "xcoord": 69.240252891007245, "ycoord": 41.171631305196826, "Узунл": 18.5 }, "geometry": { "type": "MultiLineString", "coordinates": [ [ [ 69.2402005, 41.1717069 ], [ 69.240302, 41.171559 ] ] ] } },
{ "type": "Feature", "properties": { "full_id": "w1375105358", "osm_id": "1375105358", "Туман": "Чилонзор", "Адрес": "Анхор канали", "Тури": "Автомобиль кўприги", "xcoord": 69.232749084984832, "ycoord": 41.294890038164887, "Узунл": 8.75 }, "geometry": { "type": "MultiLineString", "coordinates": [ [ [ 69.2327187, 41.2949206 ], [ 69.2327814, 41.2948576 ] ] ] } },
{ "type": "Feature", "properties": { "full_id": "w1375105364", "osm_id": "1375105364", "Туман": "Чилонзор", "Адрес": "Новза канали", "Тури": "Автомобиль кўприги", "xcoord": 69.23180628391043, "ycoord": 41.294405027003357, "Узунл": 5.51 }, "geometry": { "type": "MultiLineString", "coordinates": [ [ [ 69.2317862, 41.2944211 ], [ 69.2318313, 41.294385 ] ] ] } },
{ "type": "Feature", "properties": { "full_id": "w1375105365", "osm_id": "1375105365", "Туман": "Чилонзор", "Адрес": "Новза канали", "Тури": "Автомобиль кўприги", "xcoord": 69.232717582560099, "ycoord": 41.295055652426711, "Узунл": 5.71 }, "geometry": { "type": "MultiLineString", "coordinates": [ [ [ 69.2327181, 41.2950811 ], [ 69.2327176, 41.2950297 ] ] ] } },
{ "type": "Feature", "properties": { "full_id": "w1376324547", "osm_id": "1376324547", "Туман": "Шайхонтохур", "Адрес": "Кўкча канали", "Тури": "Пиёдалар кўприги", "xcoord": 69.21795217412226, "ycoord": 41.325724662007424, "Узунл": 15.82 }, "geometry": { "type": "MultiLineString", "coordinates": [ [ [ 69.2178809, 41.3257699 ], [ 69.2180261, 41.3256788 ] ] ] } },
{ "type": "Feature", "properties": { "full_id": "w1376774736", "osm_id": "1376774736", "Туман": "Бектемир", "Адрес": "Бектемир канали", "Тури": "Автомобиль кўприги", "xcoord": 69.329854139161029, "ycoord": 41.218501663980611, "Узунл": 10.44 }, "geometry": { "type": "MultiLineString", "coordinates": [ [ [ 69.329839741537242, 41.218542806944846 ], [ 69.329870958502923, 41.218451778170497 ] ] ] } },
{ "type": "Feature", "properties": { "full_id": "w1383086019", "osm_id": "1383086019", "Туман": "Мирзо Улуғбек", "Адрес": "Буюк ипак йўли кўчаси", "Тури": "Автомобиль йўл ўтказгичлари", "xcoord": 69.362963129591023, "ycoord": 41.344265490807977, "Узунл": 84.31 }, "geometry": { "type": "MultiLineString", "coordinates": [ [ [ 69.363281763826762, 41.344564650275551 ], [ 69.362652131125131, 41.343972034716067 ] ] ] } },
{ "type": "Feature", "properties": { "full_id": "w1390272938", "osm_id": "1390272938", "Туман": "Янгихает", "Адрес": "Номсиз Ариқ", "Тури": "Пиёдалар кўприги", "xcoord": 69.189858859434423, "ycoord": 41.211664851527296, "Узунл": 5.52 }, "geometry": { "type": "MultiLineString", "coordinates": [ [ [ 69.1898942, 41.2116563 ], [ 69.1898314, 41.2116711 ] ] ] } },
{ "type": "Feature", "properties": { "full_id": "w1390588338", "osm_id": "1390588338", "Туман": "Янгихает", "Адрес": "Бел канали", "Тури": "Пиёдалар кўприги", "xcoord": 69.203284933394897, "ycoord": 41.218989561915606, "Узунл": 8.68 }, "geometry": { "type": "MultiLineString", "coordinates": [ [ [ 69.203247077109097, 41.21901454758418 ], [ 69.203325441442686, 41.218963425858313 ] ] ] } },
{ "type": "Feature", "properties": { "full_id": "w1391082951", "osm_id": "1391082951", "Туман": "Сергели", "Адрес": "Шокир ариқ", "Тури": "Пиёдалар кўприги", "xcoord": 69.212345999908948, "ycoord": 41.218359690899774, "Узунл": 9.47 }, "geometry": { "type": "MultiLineString", "coordinates": [ [ [ 69.212319197586666, 41.218399982827478 ], [ 69.212369781453873, 41.218323700889663 ] ] ] } },
{ "type": "Feature", "properties": { "full_id": "w1391923163", "osm_id": "1391923163", "Туман": "Мирзо Улуғбек", "Адрес": "Аранчи кўчаси", "Тури": "Автомобиль кўприги", "xcoord": 69.449407835610401, "ycoord": 41.338570621368277, "Узунл": 12.35 }, "geometry": { "type": "MultiLineString", "coordinates": [ [ [ 69.4494446, 41.3386187 ], [ 69.449370641655335, 41.338522433780554 ] ] ] } },
{ "type": "Feature", "properties": { "full_id": "w1394807859", "osm_id": "1394807859", "Туман": "Яшнобод", "Адрес": "Тузел-4 тор кўчаси", "Тури": "Автомобиль кўприги", "xcoord": 69.429962363449093, "ycoord": 41.318169151586275, "Узунл": 16.45 }, "geometry": { "type": "MultiLineString", "coordinates": [ [ [ 69.4299111, 41.3182144 ], [ 69.4300385, 41.3181016 ] ] ] } },
{ "type": "Feature", "properties": { "full_id": "w1396288688", "osm_id": "1396288688", "Туман": "Олмазор", "Адрес": "Гулсарой кўчаси", "Тури": "Автомобиль кўприги", "xcoord": 69.239022690476105, "ycoord": 41.361359235012308, "Узунл": 26.7 }, "geometry": { "type": "MultiLineString", "coordinates": [ [ [ 69.238973928389726, 41.361466435610801 ], [ 69.239077328389726, 41.361239035610801 ] ] ] } },
{ "type": "Feature", "properties": { "full_id": "w1413367998", "osm_id": "1413367998", "Туман": "Чилонзор", "Адрес": "Бўзсув канали", "Тури": "Пиёдалар кўприги", "xcoord": 69.243112713175066, "ycoord": 41.297634365131636, "Узунл": 34.0 }, "geometry": { "type": "MultiLineString", "coordinates": [ [ [ 69.243008022538376, 41.297757015975016 ], [ 69.243227725643251, 41.29749963367297 ] ] ] } },
{ "type": "Feature", "properties": { "full_id": "w1413800944", "osm_id": "1413800944", "Туман": "Янгихает", "Адрес": "Чортоқ ариқ", "Тури": "Автомобиль кўприги", "xcoord": 69.226341124727213, "ycoord": 41.173291280902546, "Узунл": 14.88 }, "geometry": { "type": "MultiLineString", "coordinates": [ [ [ 69.2264118, 41.1732485 ], [ 69.2262734, 41.1733322 ] ] ] } },
{ "type": "Feature", "properties": { "full_id": "w1413801616", "osm_id": "1413801616", "Туман": "Янгихает", "Адрес": "Чортоқ кўчаси", "Тури": "Автомобиль кўприги", "xcoord": 69.22414521050105, "ycoord": 41.171419527147293, "Узунл": 7.72 }, "geometry": { "type": "MultiLineString", "coordinates": [ [ [ 69.2241281, 41.171445 ], [ 69.2241698, 41.171383 ] ] ] } },
{ "type": "Feature", "properties": { "full_id": "w1414074580", "osm_id": "1414074580", "Туман": "Сергели", "Адрес": "Шоҳарик канали", "Тури": "Автомобиль кўприги", "xcoord": 69.22370852478268, "ycoord": 41.224536379927201, "Узунл": 6.74 }, "geometry": { "type": "MultiLineString", "coordinates": [ [ [ 69.2237271, 41.2245071 ], [ 69.223692488605678, 41.224561902745108 ] ] ] } },
{ "type": "Feature", "properties": { "full_id": "w1414074582", "osm_id": "1414074582", "Туман": "Сергели", "Адрес": "Шоҳарик канали", "Тури": "Пиёдалар кўприги", "xcoord": 69.228054462008373, "ycoord": 41.230429172517525, "Узунл": 7.0 }, "geometry": { "type": "MultiLineString", "coordinates": [ [ [ 69.228066029512775, 41.230400650528466 ], [ 69.228041198142051, 41.230460848516628 ] ] ] } },
{ "type": "Feature", "properties": { "full_id": "w1414824938", "osm_id": "1414824938", "Туман": "Сергели", "Адрес": "Паризод кўчаси", "Тури": "Автомобиль кўприги", "xcoord": 69.222408149198031, "ycoord": 41.252996764896743, "Узунл": 16.77 }, "geometry": { "type": "MultiLineString", "coordinates": [ [ [ 69.222325226347195, 41.2530157585309 ], [ 69.222516926347197, 41.252972358530897 ] ] ] } },
{ "type": "Feature", "properties": { "full_id": "w1415172170", "osm_id": "1415172170", "Туман": "Бектемир", "Адрес": "Ғурурли-3 берк кўчаси", "Тури": "Автомобиль кўприги", "xcoord": 69.319338364324977, "ycoord": 41.217145748651774, "Узунл": 5.58 }, "geometry": { "type": "MultiLineString", "coordinates": [ [ [ 69.3193582, 41.2171227 ], [ 69.3193216, 41.2171647 ] ] ] } },
{ "type": "Feature", "properties": { "full_id": "w1415175331", "osm_id": "1415175331", "Туман": "Бектемир", "Адрес": "Илтифот кўчаси", "Тури": "Автомобиль кўприги", "xcoord": 69.285622099326744, "ycoord": 41.204961421825395, "Узунл": 9.97 }, "geometry": { "type": "MultiLineString", "coordinates": [ [ [ 69.285617460577583, 41.205002357941105 ], [ 69.285628, 41.2049129 ] ] ] } },
{ "type": "Feature", "properties": { "full_id": "w1419986011", "osm_id": "1419986011", "Туман": "Сергели", "Адрес": "Оқсоқоллар кўчаси", "Тури": "Автомобиль кўприги", "xcoord": 69.259107507351345, "ycoord": 41.240208044319431, "Узунл": 6.64 }, "geometry": { "type": "MultiLineString", "coordinates": [ [ [ 69.259084831646163, 41.240231295552057 ], [ 69.259132074660329, 41.240183356713608 ] ] ] } },
{ "type": "Feature", "properties": { "full_id": "w1420329448", "osm_id": "1420329448", "Туман": "Юнусобод", "Адрес": "Қўнғроқ канали", "Тури": "Автомобиль кўприги", "xcoord": 69.315515913306214, "ycoord": 41.368627878689047, "Узунл": 10.0 }, "geometry": { "type": "MultiLineString", "coordinates": [ [ [ 69.315490813418478, 41.368665897589352 ], [ 69.315543651721057, 41.368585126688487 ], [ 69.315543651721057, 41.368585126688487 ] ] ] } },
{ "type": "Feature", "properties": { "full_id": "w1424970002", "osm_id": "1424970002", "Туман": "Мирзо Улуғбек", "Адрес": "Салор канали", "Тури": "Пиёдалар кўприги", "xcoord": 69.312404747555235, "ycoord": 41.329178826384904, "Узунл": 16.03 }, "geometry": { "type": "MultiLineString", "coordinates": [ [ [ 69.3123364, 41.3292247 ], [ 69.3124786, 41.329128 ] ] ] } },
{ "type": "Feature", "properties": { "full_id": "w1424987681", "osm_id": "1424987681", "Туман": "Сергели", "Адрес": "Шоҳарик канали", "Тури": "Пиёдалар кўприги", "xcoord": 69.224934437419975, "ycoord": 41.22710557043699, "Узунл": 7.67 }, "geometry": { "type": "MultiLineString", "coordinates": [ [ [ 69.224889812210577, 41.227119334299232 ], [ 69.2249745, 41.2270933 ] ] ] } },
{ "type": "Feature", "properties": { "full_id": "w1425589986", "osm_id": "1425589986", "Туман": "Мирзо Улуғбек", "Адрес": "Қорасув канали", "Тури": "Пиёдалар кўприги", "xcoord": 69.357081420445951, "ycoord": 41.326510553749848, "Узунл": 12.96 }, "geometry": { "type": "MultiLineString", "coordinates": [ [ [ 69.3570106, 41.3265151 ], [ 69.3571649, 41.326506 ] ] ] } },
{ "type": "Feature", "properties": { "full_id": "w1426390252", "osm_id": "1426390252", "Туман": "Учтепа", "Адрес": "Қоракамиш канали", "Тури": "Пиёдалар кўприги", "xcoord": 69.136640057831684, "ycoord": 41.291268069111752, "Узунл": 71.66 }, "geometry": { "type": "MultiLineString", "coordinates": [ [ [ 69.136986822886712, 41.291028368639545 ], [ 69.136358422886701, 41.291466268639546 ] ] ] } },
{ "type": "Feature", "properties": { "full_id": "w1426671083", "osm_id": "1426671083", "Туман": "Янгихает", "Адрес": "Бел канали", "Тури": "Пиёдалар кўприги", "xcoord": 69.196504476749084, "ycoord": 41.207863955825808, "Узунл": 7.0 }, "geometry": { "type": "MultiLineString", "coordinates": [ [ [ 69.196482920042115, 41.207884615142135 ], [ 69.196534352528658, 41.207834976009337 ] ] ] } },
{ "type": "Feature", "properties": { "full_id": "w1426695424", "osm_id": "1426695424", "Туман": "Мирзо Улуғбек", "Адрес": "Қорасув канали", "Тури": "Автомобиль кўприги", "xcoord": 69.3434783527685, "ycoord": 41.312657738144082, "Узунл": 14.57 }, "geometry": { "type": "MultiLineString", "coordinates": [ [ [ 69.343398493158574, 41.312641507354293 ], [ 69.343566577129323, 41.312675376004336 ] ] ] } },
{ "type": "Feature", "properties": { "full_id": "w1426845699", "osm_id": "1426845699", "Туман": "Чилонзор", "Адрес": "Бўзсув канали", "Тури": "Пиёдалар кўприги", "xcoord": 69.216785893141875, "ycoord": 41.300953965397404, "Узунл": 30.44 }, "geometry": { "type": "MultiLineString", "coordinates": [ [ [ 69.2167827, 41.3010961 ], [ 69.2167908, 41.3008221 ] ] ] } },
{ "type": "Feature", "properties": { "full_id": "w1426890941", "osm_id": "1426890941", "Туман": "Янгихает", "Адрес": "Салор канали", "Тури": "Пиёдалар кўприги", "xcoord": 69.194233173972989, "ycoord": 41.229683045421062, "Узунл": 16.93 }, "geometry": { "type": "MultiLineString", "coordinates": [ [ [ 69.194144483360574, 41.229712982981248 ], [ 69.194328686001356, 41.229650518473683 ] ] ] } },
{ "type": "Feature", "properties": { "full_id": "w1427095666", "osm_id": "1427095666", "Туман": "Янгихает", "Адрес": "Бел канали", "Тури": "Пиёдалар кўприги", "xcoord": 69.202765092984578, "ycoord": 41.21155563455401, "Узунл": 10.0 }, "geometry": { "type": "MultiLineString", "coordinates": [ [ [ 69.202737104348273, 41.211596606646509 ], [ 69.202791854860081, 41.211516597976107 ] ] ] } },
{ "type": "Feature", "properties": { "full_id": "w1427313996", "osm_id": "1427313996", "Туман": "Сергели", "Адрес": "Бел канали", "Тури": "Пиёдалар кўприги", "xcoord": 69.214860851869432, "ycoord": 41.227565110987747, "Узунл": 7.72 }, "geometry": { "type": "MultiLineString", "coordinates": [ [ [ 69.2148837, 41.2275329 ], [ 69.2148408, 41.2275944 ] ] ] } },
{ "type": "Feature", "properties": { "full_id": "w1427320731", "osm_id": "1427320731", "Туман": "Юнусобод", "Адрес": "Қорақамиш канали", "Тури": "Пиёдалар кўприги", "xcoord": 69.279838841550429, "ycoord": 41.380860204546927, "Узунл": 22.56 }, "geometry": { "type": "MultiLineString", "coordinates": [ [ [ 69.279754840187337, 41.380934903998629 ], [ 69.279929240187343, 41.380779903998622 ] ] ] } },
{ "type": "Feature", "properties": { "full_id": "w1427320733", "osm_id": "1427320733", "Туман": "Юнусобод", "Адрес": "Қорақамиш канали", "Тури": "Пиёдалар кўприги", "xcoord": 69.276976674808807, "ycoord": 41.379109296552166, "Узунл": 14.31 }, "geometry": { "type": "MultiLineString", "coordinates": [ [ [ 69.276926426372341, 41.379157250950392 ], [ 69.277032426372344, 41.379056150950397 ] ] ] } },
{ "type": "Feature", "properties": { "full_id": "w1427320757", "osm_id": "1427320757", "Туман": "Юнусобод", "Адрес": "Қорақамиш канали", "Тури": "Пиёдалар кўприги", "xcoord": 69.271431924392147, "ycoord": 41.375865787820494, "Узунл": 13.69 }, "geometry": { "type": "MultiLineString", "coordinates": [ [ [ 69.271480056703297, 41.375813042332844 ], [ 69.271387456703309, 41.375914642332845 ] ] ] } },
{ "type": "Feature", "properties": { "full_id": "w1427994827", "osm_id": "1427994827", "Туман": "Чилонзор", "Адрес": "Бешқўрғон 4-ўтиш кўчаси", "Тури": "Автомобиль кўприги", "xcoord": 69.170180876880579, "ycoord": 41.240448210872216, "Узунл": 19.8 }, "geometry": { "type": "MultiLineString", "coordinates": [ [ [ 69.1702451, 41.2403651 ], [ 69.1701257, 41.2405189 ] ] ] } },
{ "type": "Feature", "properties": { "full_id": "w1427994835", "osm_id": "1427994835", "Туман": "Чилонзор", "Адрес": "Анхор канали", "Тури": "Пиёдалар кўприги", "xcoord": 69.169023357927642, "ycoord": 41.238911540127447, "Узунл": 7.2 }, "geometry": { "type": "MultiLineString", "coordinates": [ [ [ 69.16906507032256, 41.238900952859389 ], [ 69.168983540926092, 41.238921408542303 ] ] ] } },
{ "type": "Feature", "properties": { "full_id": "w1427994837", "osm_id": "1427994837", "Туман": "Чилонзор", "Адрес": "Анхор канали", "Тури": "Пиёдалар кўприги", "xcoord": 69.168545684042442, "ycoord": 41.237973132064774, "Узунл": 9.53 }, "geometry": { "type": "MultiLineString", "coordinates": [ [ [ 69.168494289137726, 41.237980940693909 ], [ 69.168605803219037, 41.237964164947783 ] ] ] } },
{ "type": "Feature", "properties": { "full_id": "w1427994839", "osm_id": "1427994839", "Туман": "Чилонзор", "Адрес": "Анхор канали", "Тури": "Пиёдалар кўприги", "xcoord": 69.169424234797347, "ycoord": 41.239567431591915, "Узунл": 10.39 }, "geometry": { "type": "MultiLineString", "coordinates": [ [ [ 69.169381031951787, 41.239588762028482 ], [ 69.169484870663368, 41.239537626014389 ] ] ] } },
{ "type": "Feature", "properties": { "full_id": "w1428286901", "osm_id": "1428286901", "Туман": "Сергели", "Адрес": "Бел канали", "Тури": "Пиёдалар кўприги", "xcoord": 69.210660112891844, "ycoord": 41.225854620031726, "Узунл": 7.58 }, "geometry": { "type": "MultiLineString", "coordinates": [ [ [ 69.210636688851537, 41.225885168332901 ], [ 69.210680988851536, 41.225825668332902 ] ] ] } },
{ "type": "Feature", "properties": { "full_id": "w1430382243", "osm_id": "1430382243", "Туман": "Янгихает", "Адрес": "Шоликор шоҳкўчаси", "Тури": "Автомобиль кўприги", "xcoord": 69.248741853378476, "ycoord": 41.171348248391674, "Узунл": 13.99 }, "geometry": { "type": "MultiLineString", "coordinates": [ [ [ 69.248763741592015, 41.171407444737383 ], [ 69.248719953412106, 41.171285933981409 ] ] ] } },
{ "type": "Feature", "properties": { "full_id": "w1442427641", "osm_id": "1442427641", "Туман": "Чилонзор", "Адрес": "Бўзсув канали", "Тури": "Пиёдалар кўприги", "xcoord": 69.210937942046968, "ycoord": 41.300835153377726, "Узунл": 27.59 }, "geometry": { "type": "MultiLineString", "coordinates": [ [ [ 69.210942252418505, 41.300699454268688 ], [ 69.210934316984435, 41.300947794463326 ] ] ] } },
{ "type": "Feature", "properties": { "full_id": "w1444456270", "osm_id": "1444456270", "Туман": "Яшнобод", "Адрес": "Катта Толариқ", "Тури": "Пиёдалар кўприги\n", "xcoord": 69.396833046266138, "ycoord": 41.287494402389122, "Узунл": 18.85 }, "geometry": { "type": "MultiLineString", "coordinates": [ [ [ 69.396932948191264, 41.287468423431896 ], [ 69.3967201, 41.2875236 ] ] ] } },
{ "type": "Feature", "properties": { "full_id": "w1447674774", "osm_id": "1447674774", "Туман": "Бектемир", "Адрес": "Бектемир канали", "Тури": "Автомобиль кўприги", "xcoord": 69.339558916617591, "ycoord": 41.226040607740948, "Узунл": 11.3 }, "geometry": { "type": "MultiLineString", "coordinates": [ [ [ 69.3395097, 41.2260715 ], [ 69.339613370391262, 41.22600650605974 ] ] ] } },
{ "type": "Feature", "properties": { "full_id": "w1449622082", "osm_id": "1449622082", "Туман": "Юнусобод", "Адрес": "Хонариқ кўчаси", "Тури": "Автомобиль кўприги", "xcoord": 69.297741986315657, "ycoord": 41.330467115853573, "Узунл": 12.77 }, "geometry": { "type": "MultiLineString", "coordinates": [ [ [ 69.2977663, 41.3304068 ], [ 69.2977217, 41.3305168 ] ] ] } },
{ "type": "Feature", "properties": { "full_id": "w1454520370", "osm_id": "1454520370", "Туман": "Чилонзор", "Адрес": "Машраб кўчаси", "Тури": "Пиёдалар кўприги", "xcoord": 69.194527727584756, "ycoord": 41.262643563497925, "Узунл": 18.28 }, "geometry": { "type": "MultiLineString", "coordinates": [ [ [ 69.1945513, 41.2627281 ], [ 69.1945063, 41.262567 ] ] ] } },
{ "type": "Feature", "properties": { "full_id": "w1456030805", "osm_id": "1456030805", "Туман": "Сергели", "Адрес": "Катта Толариқ", "Тури": "Пиёдалар кўприги", "xcoord": 69.299728995691282, "ycoord": 41.249967075923067, "Узунл": 5.24 }, "geometry": { "type": "MultiLineString", "coordinates": [ [ [ 69.2997297, 41.2499883 ], [ 69.2997287, 41.2499411 ] ] ] } },
{ "type": "Feature", "properties": { "full_id": "w1456398626", "osm_id": "1456398626", "Туман": "Бектемир", "Адрес": "Боғдорчилик кўчаси", "Тури": "Автомобиль кўприги", "xcoord": 69.333321436727871, "ycoord": 41.205291013618137, "Узунл": 5.51 }, "geometry": { "type": "MultiLineString", "coordinates": [ [ [ 69.3333588, 41.2052887 ], [ 69.3332933, 41.2052928 ] ] ] } },
{ "type": "Feature", "properties": { "full_id": "w1468307044", "osm_id": "1468307044", "Туман": "Мирзо Улуғбек", "Адрес": "Янги Ўзбекистон шоҳкўчаси", "Тури": "Автомобиль кўприги", "xcoord": 69.449749674308734, "ycoord": 41.320503956289151, "Узунл": 270.27 }, "geometry": { "type": "MultiLineString", "coordinates": [ [ [ 69.451298995303034, 41.319952409856533 ], [ 69.448379973498476, 41.320991484003429 ] ] ] } },
{ "type": "Feature", "properties": { "full_id": "w1472845268", "osm_id": "1472845268", "Туман": "Мирзо Улуғбек", "Адрес": "Салор канали", "Тури": "Пиёдалар кўприги", "xcoord": 69.296648842343956, "ycoord": 41.30924201455187, "Узунл": 11.99 }, "geometry": { "type": "MultiLineString", "coordinates": [ [ [ 69.29658362725425, 41.309226715984352 ], [ 69.296720520181438, 41.309258442098702 ] ] ] } },
{ "type": "Feature", "properties": { "full_id": "w1472862989", "osm_id": "1472862989", "Туман": "Чилонзор", "Адрес": "Анхор канали", "Тури": "Пиёдалар кўприги", "xcoord": 69.239253376173608, "ycoord": 41.2995064610488, "Узунл": 10.19 }, "geometry": { "type": "MultiLineString", "coordinates": [ [ [ 69.239309336032832, 41.299483289167867 ], [ 69.239202736032837, 41.299527489167865 ] ] ] } },
{ "type": "Feature", "properties": { "full_id": "w1473785090", "osm_id": "1473785090", "Туман": "Яккасарой", "Адрес": "Салор канали", "Тури": "Пиёдалар кўприги", "xcoord": 69.2421400648863, "ycoord": 41.269256172757579, "Узунл": 9.06 }, "geometry": { "type": "MultiLineString", "coordinates": [ [ [ 69.24213487841881, 41.269297792316969 ], [ 69.242144678418811, 41.269216592316972 ] ] ] } },
{ "type": "Feature", "properties": { "full_id": "w1473785094", "osm_id": "1473785094", "Туман": "Яккасарой", "Адрес": "Салор канали", "Тури": "Пиёдалар кўприги", "xcoord": 69.239275564031558, "ycoord": 41.266467766661648, "Узунл": 12.08 }, "geometry": { "type": "MultiLineString", "coordinates": [ [ [ 69.239235087718669, 41.266428682691995 ], [ 69.239323850075678, 41.266514424541676 ] ] ] } },
{ "type": "Feature", "properties": { "full_id": "w1473785097", "osm_id": "1473785097", "Туман": "Яккасарой", "Адрес": "Салор канали", "Тури": "Пиёдалар кўприги", "xcoord": 69.238435557977652, "ycoord": 41.268913897953801, "Узунл": 8.55 }, "geometry": { "type": "MultiLineString", "coordinates": [ [ [ 69.238414233952895, 41.268949369911461 ], [ 69.238455733952904, 41.268879069911463 ] ] ] } },
{ "type": "Feature", "properties": { "full_id": "w1473785099", "osm_id": "1473785099", "Туман": "Яккасарой", "Адрес": "Салор канали", "Тури": "Пиёдалар кўприги", "xcoord": 69.240552799848501, "ycoord": 41.269140635410089, "Узунл": 11.6 }, "geometry": { "type": "MultiLineString", "coordinates": [ [ [ 69.240557294624281, 41.26908733118831 ], [ 69.24054829462429, 41.269191531188305 ] ] ] } },
{ "type": "Feature", "properties": { "full_id": "w1473785101", "osm_id": "1473785101", "Туман": "Яккасарой", "Адрес": "Салор канали", "Тури": "Пиёдалар кўприги", "xcoord": 69.244196803239248, "ycoord": 41.269387305818029, "Узунл": 5.83 }, "geometry": { "type": "MultiLineString", "coordinates": [ [ [ 69.244229579592968, 41.269397059259184 ], [ 69.24416507959296, 41.269377459259182 ] ] ] } },
{ "type": "Feature", "properties": { "full_id": "w1474183964", "osm_id": "1474183964", "Туман": "Шайхонтохур", "Адрес": "Кўкча канали", "Тури": "Пиёдалар кўприги", "xcoord": 69.221598951620365, "ycoord": 41.329473355936202, "Узунл": 10.52 }, "geometry": { "type": "MultiLineString", "coordinates": [ [ [ 69.2216584, 41.3294746 ], [ 69.221532831300266, 41.329472051126267 ] ] ] } },
{ "type": "Feature", "properties": { "full_id": "w1485516702", "osm_id": "1485516702", "Туман": "Бектемир", "Адрес": "Оҳангарон шоҳ кўчаси", "Тури": "Автомобиль кўприги", "xcoord": 69.374921639333024, "ycoord": 41.261328975894976, "Узунл": 190.39 }, "geometry": { "type": "MultiLineString", "coordinates": [ [ [ 69.375803217250677, 41.260648483544927 ], [ 69.374215717250678, 41.261874883544927 ] ] ] } },
{ "type": "Feature", "properties": { "full_id": "w1532280465", "osm_id": "1532280465", "Туман": "Бектемир", "Адрес": "Бектемир йўли кўчаси", "Тури": "Автомобиль кўприги", "xcoord": 69.332454733336036, "ycoord": 41.201988305563887, "Узунл": 35.34 }, "geometry": { "type": "MultiLineString", "coordinates": [ [ [ 69.332504887287953, 41.202399607229424 ], [ 69.332469987287965, 41.20208250722942 ] ] ] } },
{ "type": "Feature", "properties": { "full_id": "w100768619", "osm_id": "100768619", "Туман": "Олмазор", "Адрес": "Кичкина Кайковус канали", "Тури": "Автомобиль кўприги", "xcoord": 69.231786315941022, "ycoord": 41.338127123799133, "Узунл": 8.09 }, "geometry": { "type": "MultiLineString", "coordinates": [ [ [ 69.23177772297602, 41.338166794190428 ], [ 69.231793244715803, 41.338094853041241 ] ] ] } },
{ "type": "Feature", "properties": { "full_id": "w100768619", "osm_id": "100768619", "Туман": "Олмазор", "Адрес": "Нурафшон шоҳкўчаси", "Тури": "Автомобиль кўприги", "xcoord": 69.224459020912505, "ycoord": 41.338152263241518, "Узунл": 23.75 }, "geometry": { "type": "MultiLineString", "coordinates": [ [ [ 69.224352877945535, 41.338090186029255 ], [ 69.224577207770437, 41.338221111491123 ] ] ] } },
{ "type": "Feature", "properties": { "full_id": "w100768619", "osm_id": "100768619", "Туман": "Бектемир", "Адрес": "Бектемир шоҳкўчаси", "Тури": "Автомобиль кўприги", "xcoord": 69.332454733336036, "ycoord": 41.201988305563887, "Узунл": 88.8 }, "geometry": { "type": "MultiLineString", "coordinates": [ [ [ 69.332504887287953, 41.202399607229424 ], [ 69.332408060601765, 41.201603359199439 ] ] ] } },
{ "type": "Feature", "properties": { "full_id": "w100768619", "osm_id": "100768619", "Туман": "Яшнобод", "Адрес": "Фарғона йўли кўчаси", "Тури": "Автомобиль кўприги", "xcoord": 69.308051413456539, "ycoord": 41.27787497705129, "Узунл": 39.53 }, "geometry": { "type": "MultiLineString", "coordinates": [ [ [ 69.308150835870975, 41.277702285957758 ], [ 69.307961011121463, 41.27802816734652 ] ] ] } },
{ "type": "Feature", "properties": { "full_id": "w181419855", "osm_id": "181419855", "Туман": "Чилонзор", "Адрес": "Анхор канали", "Тури": "Пиёдалар кўприги", "xcoord": 69.241225062160353, "ycoord": 41.304678455393656, "Узунл": 14.77 }, "geometry": { "type": "MultiLineString", "coordinates": [ [ [ 69.241224496508011, 41.30473392321197 ], [ 69.241225896508013, 41.304600923211972 ] ] ] } },
{ "type": "Feature", "properties": { "full_id": "w181419855", "osm_id": "181419855", "Туман": "Чилонзор", "Адрес": "Анхор канали", "Тури": "Пиёдалар кўприги", "xcoord": 69.241951432364644, "ycoord": 41.30468808887516, "Узунл": 14.77 }, "geometry": { "type": "MultiLineString", "coordinates": [ [ [ 69.241951183880047, 41.304739361015557 ], [ 69.24195258388005, 41.304606361015558 ] ] ] } },
{ "type": "Feature", "properties": { "full_id": "w181419855", "osm_id": "181419855", "Туман": "Чилонзор", "Адрес": "Анхор канали", "Тури": "Пиёдалар кўприги", "xcoord": 69.244373195576827, "ycoord": 41.304681499824859, "Узунл": 14.77 }, "geometry": { "type": "MultiLineString", "coordinates": [ [ [ 69.244372480364561, 41.304746734027894 ], [ 69.244373880364563, 41.304613734027896 ] ] ] } },
{ "type": "Feature", "properties": { "full_id": "w100768619", "osm_id": "100768619", "Туман": "Чилонзор", "Адрес": "Анхор канали", "Тури": "Автомобиль кўприги", "xcoord": 69.254142048407218, "ycoord": 41.308457690650293, "Узунл": 19.18 }, "geometry": { "type": "MultiLineString", "coordinates": [ [ [ 69.254071616274189, 41.308514557079349 ], [ 69.254226101638935, 41.308387045986386 ] ] ] } },
{ "type": "Feature", "properties": { "full_id": "w100768619", "osm_id": "100768619", "Туман": "Чилонзор", "Адрес": "Бўрижар канали", "Тури": "Пиёдалар кўприги", "xcoord": 69.255062586083568, "ycoord": 41.305986543791121, "Узунл": 23.64 }, "geometry": { "type": "MultiLineString", "coordinates": [ [ [ 69.255020968730776, 41.306077645655144 ], [ 69.255112865313876, 41.305876375846346 ] ] ] } },
{ "type": "Feature", "properties": { "full_id": "w100768619", "osm_id": "100768619", "Туман": "Чилонзор", "Адрес": "Бўрижар канали", "Тури": "Пиёдалар кўприги", "xcoord": 69.254154893499702, "ycoord": 41.305560166968327, "Узунл": 12.7 }, "geometry": { "type": "MultiLineString", "coordinates": [ [ [ 69.254099326295602, 41.305598857760991 ], [ 69.254210697269571, 41.305521278713051 ] ] ] } },
{ "type": "Feature", "properties": { "full_id": "w371692695", "osm_id": "371692695", "Туман": "Чилонзор", "Адрес": "Анхор канали", "Тури": "Автомобиль кўприги", "xcoord": 69.23848601622143, "ycoord": 41.298289839756286, "Узунл": 11.01 }, "geometry": { "type": "MultiLineString", "coordinates": [ [ [ 69.238559470574003, 41.298280424385325 ], [ 69.238429870574009, 41.298296924385326 ] ] ] } },
{ "type": "Feature", "properties": { "full_id": "w427570905", "osm_id": "427570905", "Туман": "Яккасарой", "Адрес": "Муқимий кўчаси", "Тури": "Автомобиль йўл ўтказгичлари", "xcoord": 69.245593095802718, "ycoord": 41.278182651100373, "Узунл": 922.95 }, "geometry": { "type": "MultiLineString", "coordinates": [ [ [ 69.244751667648941, 41.278508625182859 ], [ 69.241835441808419, 41.280347593746548 ] ], [ [ 69.251525235307028, 41.279575264273191 ], [ 69.24666926764894, 41.278251625182847 ], [ 69.246574867648931, 41.27822882518285 ], [ 69.246527667648934, 41.278218325182849 ], [ 69.246480067648932, 41.278207925182848 ], [ 69.246433067648937, 41.278198325182849 ], [ 69.246386167648936, 41.27819052518285 ], [ 69.24633846764894, 41.278182625182851 ], [ 69.246290867648938, 41.278176125182846 ], [ 69.246236367648933, 41.278169625182848 ], [ 69.246128367648936, 41.278160325182846 ], [ 69.246020767648943, 41.278154725182851 ], [ 69.245911767648934, 41.278152625182848 ], [ 69.245802667648931, 41.27815762518285 ], [ 69.245694867648936, 41.278167925182849 ], [ 69.245588667648931, 41.278182825182846 ], [ 69.245482567648935, 41.278201325182849 ], [ 69.245382967648936, 41.278223625182846 ], [ 69.245283367648938, 41.278251525182846 ], [ 69.245187767648943, 41.278283925182848 ], [ 69.245093167648932, 41.278319825182848 ], [ 69.245001467648933, 41.278363325182852 ], [ 69.244912667648933, 41.27841122518285 ], [ 69.244831867648941, 41.27845922518285 ], [ 69.244751667648941, 41.278508625182852 ] ] ] } },
{ "type": "Feature", "properties": { "full_id": "w100768619", "osm_id": "100768619", "Туман": "Яккасарой", "Адрес": "Бобур кўчаси", "Тури": "Автомобиль йўл ўтказгичлари", "xcoord": 69.261823094623793, "ycoord": 41.268219642601771, "Узунл": 531.44 }, "geometry": { "type": "MultiLineString", "coordinates": [ [ [ 69.263942320100242, 41.265719504109114 ], [ 69.262595643728631, 41.267277276742362 ], [ 69.262078789995044, 41.267892540969271 ], [ 69.261281138749439, 41.268922032192521 ], [ 69.260951983603306, 41.269393654646706 ], [ 69.260674257061027, 41.269815895307033 ] ] ] } },
{ "type": "Feature", "properties": { "full_id": "w30271122", "osm_id": "30271122", "Туман": "Сергели", "Адрес": "Қумариқ кўчаси", "Тури": "Автомобиль йўл ўтказгичлари", "xcoord": 69.26220115469927, "ycoord": 41.26631121853692, "Узунл": 264.56 }, "geometry": { "type": "MultiLineString", "coordinates": [ [ [ 69.262388142246522, 41.267222358124137 ], [ 69.2623991, 41.2672003 ], [ 69.2624172, 41.2671549 ], [ 69.2624415, 41.2670772 ], [ 69.2624494, 41.2670406 ], [ 69.2624567, 41.2670016 ], [ 69.2624608, 41.2669648 ], [ 69.2624629, 41.2669275 ], [ 69.2624637, 41.2668906 ], [ 69.2624631, 41.2668533 ], [ 69.26246, 41.2668174 ], [ 69.2624551, 41.2667782 ], [ 69.2624488, 41.2667426 ], [ 69.2624405, 41.2667047 ], [ 69.26243, 41.2666682 ], [ 69.2624171, 41.2666309 ], [ 69.2624019, 41.2665948 ], [ 69.2623853, 41.2665604 ], [ 69.2623668, 41.2665255 ], [ 69.2623469, 41.2664906 ], [ 69.262325, 41.2664557 ], [ 69.2623001, 41.2664211 ], [ 69.2622751, 41.2663893 ], [ 69.2622477, 41.2663578 ], [ 69.262219, 41.2663272 ], [ 69.2621888, 41.2662974 ], [ 69.2621577, 41.2662678 ], [ 69.2621252, 41.266239 ], [ 69.2620901, 41.266211 ], [ 69.2620531, 41.2661841 ], [ 69.2620165, 41.2661605 ], [ 69.2619765, 41.266137 ], [ 69.2618938, 41.2660945 ], [ 69.2606556, 41.2655135 ] ] ] } },
{ "type": "Feature", "properties": { "full_id": "w1228955264", "osm_id": "1228955264", "Туман": "Яккасарой", "Адрес": "Бобур кўчаси", "Тури": "Автомобиль йўл ўтказгичлари", "xcoord": 69.261513171526971, "ycoord": 41.269846358370827, "Узунл": 117.15 }, "geometry": { "type": "MultiLineString", "coordinates": [ [ [ 69.261019298081877, 41.269526887331708 ], [ 69.261015728420219, 41.269587498783089 ], [ 69.261013728420224, 41.269611498783085 ], [ 69.261015628420225, 41.269636598783087 ], [ 69.26101882842022, 41.269661498783087 ], [ 69.261023228420228, 41.269677698783092 ], [ 69.261030528420221, 41.269693698783087 ], [ 69.261038528420215, 41.26970919878309 ], [ 69.261047028420222, 41.269724598783085 ], [ 69.261057628420218, 41.269739498783089 ], [ 69.261068828420221, 41.269753998783088 ], [ 69.261081328420218, 41.269767798783086 ], [ 69.261095028420215, 41.26978089878309 ], [ 69.261110728420221, 41.269792598783091 ], [ 69.261128028420217, 41.269803298783089 ], [ 69.261145228420219, 41.269813098783089 ], [ 69.261163728420229, 41.269821898783086 ], [ 69.261180728420229, 41.26982899878309 ], [ 69.261197828420222, 41.269834998783089 ], [ 69.261224528420229, 41.269843298783087 ], [ 69.261251428420223, 41.269850098783088 ], [ 69.261284828420216, 41.269855498783087 ], [ 69.26131922842022, 41.269858398783086 ], [ 69.261363228420223, 41.269858698783089 ], [ 69.261407228420225, 41.269856198783089 ], [ 69.261830582850308, 41.26981662145117 ], [ 69.261866261587528, 41.26980731862124 ], [ 69.261904503881041, 41.269789887768873 ], [ 69.261934268351524, 41.269773079837854 ], [ 69.261958644779028, 41.269753317530963 ], [ 69.261986578247985, 41.269729568056619 ], [ 69.262008306562024, 41.269704456785938 ], [ 69.262021676790482, 41.269677789218491 ] ] ] } },
{ "type": "Feature", "properties": { "full_id": "w100768619", "osm_id": "100768619", "Туман": "Сергели", "Адрес": "Джун канали", "Тури": "Темир йўл кўприги", "xcoord": 69.196879204763391, "ycoord": 41.237117024454271, "Узунл": 32.23 }, "geometry": { "type": "MultiLineString", "coordinates": [ [ [ 69.196787336925695, 41.237229172747931 ], [ 69.196989977140476, 41.236982502778645 ] ] ] } },
{ "type": "Feature", "properties": { "full_id": "w100768619", "osm_id": "100768619", "Туман": "Сергели", "Адрес": "Джун канали", "Тури": "Темир йўл кўприги", "xcoord": 69.196960123332715, "ycoord": 41.237149538253782, "Узунл": 31.53 }, "geometry": { "type": "MultiLineString", "coordinates": [ [ [ 69.196883076096427, 41.237269108260293 ], [ 69.197046226927156, 41.237013340182166 ] ] ] } },
{ "type": "Feature", "properties": { "full_id": "w100768619", "osm_id": "100768619", "Туман": "Сергели", "Адрес": "Қипчоқ шоҳкўчаси", "Тури": "Автомобиль йўл ўтказгичлари", "xcoord": 69.244770050975461, "ycoord": 41.215349653353037, "Узунл": 945.79 }, "geometry": { "type": "MultiLineString", "coordinates": [ [ [ 69.248876867039058, 41.217085231500114 ], [ 69.247654987436931, 41.216563137419932 ], [ 69.246582042937277, 41.216100287655394 ], [ 69.245311621995469, 41.215571398343371 ], [ 69.243962231219911, 41.215017456972291 ], [ 69.242245152696427, 41.214317624728132 ], [ 69.240795500918054, 41.21371573774266 ], [ 69.239297325296789, 41.213113933253219 ], [ 69.238993410291457, 41.212983955049765 ] ] ] } },
{ "type": "Feature", "properties": { "full_id": "w100768619", "osm_id": "100768619", "Туман": "Сергели", "Адрес": "Сергели йўли шоҳкўчаси", "Тури": "Автомобиль йўл ўтказгичлари", "xcoord": 69.24459255633829, "ycoord": 41.216475650525815, "Узунл": 256.95 }, "geometry": { "type": "MultiLineString", "coordinates": [ [ [ 69.244444262222757, 41.217541661661457 ], [ 69.244524062985235, 41.216968645206421 ], [ 69.244624472475365, 41.216226022113737 ], [ 69.244657340117826, 41.216088468975734 ], [ 69.244714577763489, 41.215976069316113 ], [ 69.244776550648112, 41.21591292441768 ], [ 69.244859794963944, 41.215857754118602 ], [ 69.244961263346184, 41.215807127772251 ], [ 69.2450688732971, 41.215775965070591 ], [ 69.245193237154481, 41.215761952012905 ], [ 69.24538289442296, 41.215761548043076 ], [ 69.245575744745665, 41.215803527642755 ] ] ] } },
{ "type": "Feature", "properties": { "full_id": "w100768619", "osm_id": "100768619", "Туман": "Сергели", "Адрес": "Салор канали", "Тури": "Автомобиль кўприги", "xcoord": 69.217270895395203, "ycoord": 41.252426855838813, "Узунл": 40.27 }, "geometry": { "type": "MultiLineString", "coordinates": [ [ [ 69.217201627787603, 41.252597693940196 ], [ 69.217270895395203, 41.252426855838813 ], [ 69.217311519865547, 41.252316793185756 ], [ 69.217326473118618, 41.252248023719659 ] ] ] } },
{ "type": "Feature", "properties": { "full_id": "w198135660", "osm_id": "198135660", "Туман": "Мирзо Улуғбек", "Адрес": "Бозсув канали", "Тури": "Пиёдалар кўприги", "xcoord": 69.450637933139134, "ycoord": 41.399597171829733, "Узунл": 44.9 }, "geometry": { "type": "MultiLineString", "coordinates": [ [ [ 69.450589530706935, 41.399827381188004 ], [ 69.450671530706941, 41.399427881188004 ] ] ] } },
{ "type": "Feature", "properties": { "full_id": "w411233683", "osm_id": "411233683", "Туман": "Юнусобод", "Адрес": "Хасанбой канали", "Тури": "Автомобиль кўприги", "xcoord": 69.266976502765047, "ycoord": 41.393931883287408, "Узунл": 12.35 }, "geometry": { "type": "MultiLineString", "coordinates": [ [ [ 69.267037443063543, 41.393894468214853 ], [ 69.266923443063547, 41.393965168214855 ] ] ] } },
{ "type": "Feature", "properties": { "full_id": "w100768619", "osm_id": "100768619", "Туман": "Юнусобод", "Адрес": "Бўзсув канали", "Тури": "Темир йўл кўприги", "xcoord": 69.286648680886856, "ycoord": 41.345262939757269, "Узунл": 92.82 }, "geometry": { "type": "MultiLineString", "coordinates": [ [ [ 69.286167549059371, 41.345691952256459 ], [ 69.286014972261171, 41.344864172277674 ] ] ] } },
{ "type": "Feature", "properties": { "full_id": "w100768619", "osm_id": "100768619", "Туман": "Чилонзор", "Адрес": "Кичкина Кайковус", "Тури": "Автомобиль кўприги", "xcoord": 69.241897844874146, "ycoord": 41.338498919019621, "Узунл": 18.11 }, "geometry": { "type": "MultiLineString", "coordinates": [ [ [ 69.242192279325465, 41.338387469618837 ], [ 69.242204087736397, 41.338224681272806 ] ] ] } },
{ "type": "Feature", "properties": { "full_id": "w100768619", "osm_id": "100768619", "Туман": "Мирзо Улуғбек", "Адрес": "Салор канали", "Тури": "Темир йўл кўприги", "xcoord": 69.313739580305949, "ycoord": 41.332184943859993, "Узунл": 23.77 }, "geometry": { "type": "MultiLineString", "coordinates": [ [ [ 69.313670394478933, 41.332252484662135 ], [ 69.313838346555613, 41.332079909061569 ] ] ] } },
{ "type": "Feature", "properties": { "full_id": "w100768619", "osm_id": "100768619", "Туман": "Мирзо Улуғбек", "Адрес": "Салор канали", "Тури": "Пиёдалар кўприги", "xcoord": 69.315548231679443, "ycoord": 41.337300140869473, "Узунл": 15.12 }, "geometry": { "type": "MultiLineString", "coordinates": [ [ [ 69.31696531066342, 41.334381210171685 ], [ 69.317040830050914, 41.334257526435017 ] ] ] } },
{ "type": "Feature", "properties": { "full_id": "w100768619", "osm_id": "100768619", "Туман": "Яккасарой", "Адрес": "Салор канали", "Тури": "Темир йўл кўприги", "xcoord": 69.23646997111004, "ycoord": 41.262669875580947, "Узунл": 28.58 }, "geometry": { "type": "MultiLineString", "coordinates": [ [ [ 69.236319457967241, 41.262643680630156 ], [ 69.236651908266467, 41.262700994734317 ] ] ] } },
{ "type": "Feature", "properties": { "full_id": "w100768619", "osm_id": "100768619", "Туман": "Сергели", "Адрес": "Салор канали", "Тури": "Темир йўл кўприги", "xcoord": 69.196960123332715, "ycoord": 41.237149538253782, "Узунл": 46.66 }, "geometry": { "type": "MultiLineString", "coordinates": [ [ [ 69.198746155496679, 41.234408647852 ], [ 69.199022625956118, 41.234043972479405 ] ] ] } },
{ "type": "Feature", "properties": { "full_id": "w100768619", "osm_id": "100768619", "Туман": "Яккасарой", "Адрес": "Салор канали", "Тури": "Пиёдалар кўприги", "xcoord": 69.259291116503306, "ycoord": 41.272609043529229, "Узунл": 9.07 }, "geometry": { "type": "MultiLineString", "coordinates": [ [ [ 69.258728740543745, 41.271805473155005 ], [ 69.25883702059879, 41.271804606146404 ] ] ] } },
{ "type": "Feature", "properties": { "full_id": "w100768619", "osm_id": "100768619", "Туман": "Яккасарой", "Адрес": "Салор канали", "Тури": "Пиёдалар кўприги", "xcoord": 69.259291116503306, "ycoord": 41.272609043529229, "Узунл": 14.28 }, "geometry": { "type": "MultiLineString", "coordinates": [ [ [ 69.254236054588134, 41.270698574578674 ], [ 69.254229770232627, 41.270570122282521 ] ] ] } },
{ "type": "Feature", "properties": { "full_id": "w102405401", "osm_id": "102405401", "Туман": "Яшнобод", "Адрес": "Хонободтепа шоҳкўчаси", "Тури": "Автомобиль йўл ўтказгичлари", "xcoord": 69.357011480492787, "ycoord": 41.253132966685726, "Узунл": 529.8 }, "geometry": { "type": "MultiLineString", "coordinates": [ [ [ 69.3594094, 41.2540113 ], [ 69.3592662, 41.2538472 ], [ 69.3591149, 41.2537014 ], [ 69.3589087, 41.253544 ], [ 69.3586917, 41.2534203 ], [ 69.3584513, 41.2533077 ], [ 69.3581812, 41.2532179 ], [ 69.3579243, 41.253159 ], [ 69.3576447, 41.2531176 ], [ 69.3573431, 41.2531083 ], [ 69.3570583, 41.253127 ], [ 69.3567814, 41.2531615 ], [ 69.3565321, 41.2532191 ], [ 69.356296, 41.2532948 ], [ 69.3560383, 41.2534072 ], [ 69.3557863, 41.2535446 ], [ 69.3554613, 41.2537427 ], [ 69.3551251, 41.2539444 ], [ 69.3548556, 41.2540818 ], [ 69.3545674, 41.2542121 ], [ 69.3540191, 41.2544242 ] ] ] } },
{ "type": "Feature", "properties": { "full_id": "w102405402", "osm_id": "102405402", "Туман": "Яшнобод", "Адрес": "Хонободтепа шоҳкўчаси", "Тури": "Автомобиль йўл ўтказгичлари", "xcoord": 69.356598265710502, "ycoord": 41.252662224815111, "Узунл": 774.48 }, "geometry": { "type": "MultiLineString", "coordinates": [ [ [ 69.3537974, 41.2544255 ], [ 69.3540837, 41.2543294 ], [ 69.354403, 41.2542045 ], [ 69.3546902, 41.2540831 ], [ 69.3549901, 41.2539348 ], [ 69.3552769, 41.2537712 ], [ 69.3556439, 41.2535229 ], [ 69.3559502, 41.2532908 ], [ 69.3561826, 41.2530943 ], [ 69.3564022, 41.2528714 ], [ 69.3566177, 41.2526407 ], [ 69.3567717, 41.2524047 ], [ 69.3589847, 41.2488921 ] ] ] } },
{ "type": "Feature", "properties": { "full_id": "w30168766", "osm_id": "30168766", "Туман": "Бектемир", "Адрес": "Фарғона йўли кўчаси", "Тури": "Автомобиль йўл ўтказгичлари", "xcoord": 69.330351998525941, "ycoord": 41.238068442071693, "Узунл": 362.82 }, "geometry": { "type": "MultiLineString", "coordinates": [ [ [ 69.3280488, 41.2372387 ], [ 69.3282713, 41.23728 ], [ 69.3284939, 41.2373289 ], [ 69.3287117, 41.2373816 ], [ 69.3289295, 41.2374382 ], [ 69.3291453, 41.2374952 ], [ 69.3293576, 41.2375568 ], [ 69.3295703, 41.2376204 ], [ 69.3297778, 41.2376898 ], [ 69.3298619, 41.2377173 ], [ 69.3299426, 41.2377447 ], [ 69.3300191, 41.2377732 ], [ 69.3300914, 41.2378039 ], [ 69.3301241, 41.2378229 ], [ 69.330155, 41.2378432 ], [ 69.3301825, 41.2378654 ], [ 69.3302088, 41.2378886 ], [ 69.3302363, 41.2379151 ], [ 69.330263, 41.2379426 ], [ 69.330286, 41.2379707 ], [ 69.3303076, 41.2379994 ], [ 69.330326, 41.2380262 ], [ 69.3303427, 41.2380531 ], [ 69.330358, 41.2380803 ], [ 69.3303718, 41.2381076 ], [ 69.3303827, 41.2381355 ], [ 69.3303928, 41.2381634 ], [ 69.3304012, 41.2381916 ], [ 69.330409, 41.2382208 ], [ 69.3304122, 41.2382485 ], [ 69.3304132, 41.2382762 ], [ 69.3304127, 41.2383057 ], [ 69.3304098, 41.2383345 ], [ 69.3304032, 41.2383648 ], [ 69.3303954, 41.2383937 ], [ 69.3303875, 41.2384219 ], [ 69.330379, 41.2384497 ], [ 69.330055, 41.2393119 ], [ 69.330055731261638, 41.239310634988719 ] ] ] } },
{ "type": "Feature", "properties": { "full_id": "w30168766", "osm_id": "30168766", "Туман": "Бектемир", "Адрес": "Фарғона йўли кўчаси", "Тури": "Автомобиль йўл ўтказгичлари", "xcoord": 69.330830697707995, "ycoord": 41.238103276135838, "Узунл": 313.58 }, "geometry": { "type": "MultiLineString", "coordinates": [ [ [ 69.3316421, 41.2367563 ], [ 69.3313189, 41.2373187 ], [ 69.3311663, 41.2375843 ], [ 69.3308715, 41.2380973 ], [ 69.3301464, 41.2393394 ], [ 69.33014927480761, 41.239335429955652 ] ] ] } },
{ "type": "Feature", "properties": { "full_id": "w1229029975", "osm_id": "1229029975", "Туман": "Яккасарой", "Адрес": "Кичик ҳалқа йўли кўчаси", "Тури": "Автомобиль йўл ўтказгичлари", "xcoord": 69.2601152, "ycoord": 41.2689533, "Узунл": 271.62 }, "geometry": { "type": "MultiLineString", "coordinates": [ [ [ 69.2583051, 41.2690812 ], [ 69.2584812, 41.2690531 ], [ 69.2586606, 41.2690274 ], [ 69.2588418, 41.2690035 ], [ 69.2590247, 41.2689847 ], [ 69.2592076, 41.2689696 ], [ 69.2593923, 41.2689583 ], [ 69.259546, 41.2689511 ], [ 69.2597027, 41.2689491 ], [ 69.2600203, 41.2689528 ], [ 69.2601152, 41.2689533 ], [ 69.2602101, 41.2689494 ], [ 69.2603041, 41.2689396 ], [ 69.2603986, 41.2689276 ], [ 69.2604924, 41.268911 ], [ 69.2605861, 41.2688895 ], [ 69.2606786, 41.2688641 ], [ 69.2607699, 41.2688357 ], [ 69.260861, 41.2688015 ], [ 69.260947, 41.2687632 ], [ 69.2610305, 41.2687232 ], [ 69.2611099, 41.2686776 ], [ 69.2611804, 41.2686295 ], [ 69.2612499, 41.2685804 ], [ 69.261351953769832, 41.268497395680328 ] ] ] } },
{ "type": "Feature", "properties": { "full_id": "w1523992462", "osm_id": "1523992462", "Туман": "Яккасарой", "Адрес": "Фарғона йўли кўчаси", "Тури": "Автомобиль йўл ўтказгичлари", "xcoord": 69.2619192, "ycoord": 41.2692049, "Узунл": 237.91 }, "geometry": { "type": "MultiLineString", "coordinates": [ [ [ 69.261733776815944, 41.268613486157165 ], [ 69.2617268, 41.2686466 ], [ 69.2617176, 41.2687116 ], [ 69.2617123, 41.2687733 ], [ 69.2617123, 41.2688033 ], [ 69.2617137, 41.2688333 ], [ 69.2617175, 41.2688628 ], [ 69.2617225, 41.2688921 ], [ 69.2617295, 41.2689222 ], [ 69.2617376, 41.2689523 ], [ 69.2617504, 41.2689822 ], [ 69.2617647, 41.2690116 ], [ 69.2617812, 41.2690414 ], [ 69.2617988, 41.2690709 ], [ 69.2618197, 41.2690992 ], [ 69.2618415, 41.2691269 ], [ 69.2618658, 41.2691539 ], [ 69.2618914, 41.2691804 ], [ 69.2619192, 41.2692049 ], [ 69.2619485, 41.2692287 ], [ 69.261981, 41.2692507 ], [ 69.2620147, 41.2692716 ], [ 69.2620492, 41.2692887 ], [ 69.2620844, 41.2693055 ], [ 69.2621209, 41.2693213 ], [ 69.262158, 41.2693366 ], [ 69.2623275, 41.2694015 ], [ 69.2624969, 41.269468 ], [ 69.2628383, 41.2695958 ], [ 69.2636847, 41.26991 ] ] ] } },
{ "type": "Feature", "properties": { "full_id": "w33278824", "osm_id": "33278824", "Туман": "Сергели", "Адрес": "Қумариқ кўчаси", "Тури": "Автомобиль йўл ўтказгичлари", "xcoord": 69.2637486, "ycoord": 41.2671046, "Узунл": 246.6 }, "geometry": { "type": "MultiLineString", "coordinates": [ [ [ 69.2654392, 41.2676396 ], [ 69.2648593, 41.2674276 ], [ 69.2645042, 41.2672982 ], [ 69.2644147, 41.267267 ], [ 69.264323, 41.2672379 ], [ 69.2641412, 41.2671837 ], [ 69.2640856, 41.2671673 ], [ 69.26403, 41.2671524 ], [ 69.2639752, 41.2671388 ], [ 69.2639199, 41.2671273 ], [ 69.2638624, 41.2671178 ], [ 69.263805, 41.2671094 ], [ 69.2637486, 41.2671046 ], [ 69.2636921, 41.2671015 ], [ 69.2636363, 41.2671033 ], [ 69.2635805, 41.2671062 ], [ 69.2635257, 41.2671104 ], [ 69.2634709, 41.2671164 ], [ 69.2634132, 41.2671252 ], [ 69.2633579, 41.2671358 ], [ 69.263304, 41.267147 ], [ 69.2632499, 41.2671595 ], [ 69.2631982, 41.2671742 ], [ 69.2631484, 41.2671899 ], [ 69.2630991, 41.2672082 ], [ 69.2630246, 41.2672402 ], [ 69.2629553, 41.2672717 ], [ 69.2628522, 41.2673247 ], [ 69.262784, 41.2673667 ], [ 69.262747234138843, 41.267394357201859 ] ] ] } },
{ "type": "Feature", "properties": { "full_id": "w30168766", "osm_id": "30168766", "Туман": "Бектемир", "Адрес": "Фарғона йўли кўчаси", "Тури": "Автомобиль йўл ўтказгичлари", "xcoord": 69.331850521340428, "ycoord": 41.237510420098971, "Узунл": 131.53 }, "geometry": { "type": "MultiLineString", "coordinates": [ [ [ 69.3311663, 41.2375843 ], [ 69.3312202, 41.2375314 ], [ 69.3312492, 41.2375078 ], [ 69.3312826, 41.2374857 ], [ 69.3313198, 41.2374665 ], [ 69.3313606, 41.2374484 ], [ 69.3314008, 41.2374339 ], [ 69.3314429, 41.2374223 ], [ 69.3314854, 41.2374147 ], [ 69.3315298, 41.2374105 ], [ 69.3315718, 41.23741 ], [ 69.3316135, 41.237413 ], [ 69.3316587, 41.23742 ], [ 69.3317037, 41.2374315 ], [ 69.3317477, 41.2374481 ], [ 69.3317882, 41.2374688 ], [ 69.331828, 41.2374928 ], [ 69.3318626, 41.2375204 ], [ 69.3318888, 41.2375498 ], [ 69.3319116, 41.2375835 ], [ 69.33193, 41.2376216 ], [ 69.3319419, 41.2376605 ], [ 69.331944, 41.2377003 ], [ 69.3319387, 41.2377393 ], [ 69.3319282, 41.2377802 ], [ 69.3319097, 41.2378189 ], [ 69.3318851, 41.2378551 ], [ 69.3318517, 41.2378882 ], [ 69.3318125, 41.2379174 ], [ 69.3317699, 41.237944 ], [ 69.3317236, 41.2379664 ], [ 69.3316754, 41.2379847 ] ] ] } },
{ "type": "Feature", "properties": { "full_id": "w30168766", "osm_id": "30168766", "Туман": "Бектемир", "Адрес": "Фарғона йўли кўчаси", "Тури": "Автомобиль йўл ўтказгичлари", "xcoord": 69.330588592680826, "ycoord": 41.23713390821689, "Узунл": 136.43 }, "geometry": { "type": "MultiLineString", "coordinates": [ [ [ 69.331070235595092, 41.237555537890522 ], [ 69.3310728, 41.2375511 ], [ 69.3310863, 41.2375099 ], [ 69.331094, 41.2374701 ], [ 69.3310955, 41.2374295 ], [ 69.3310899, 41.237389 ], [ 69.3310732, 41.237345 ], [ 69.3310493, 41.2373038 ], [ 69.33102, 41.2372677 ], [ 69.3309834, 41.2372343 ], [ 69.3309476, 41.2372068 ], [ 69.3309052, 41.237182 ], [ 69.3308619, 41.2371631 ], [ 69.3308135, 41.2371468 ], [ 69.3307685, 41.2371358 ], [ 69.3307205, 41.2371298 ], [ 69.3306739, 41.2371283 ], [ 69.3306283, 41.23713 ], [ 69.3305665, 41.2371372 ], [ 69.3305086, 41.2371508 ], [ 69.3304564, 41.2371692 ], [ 69.3304097, 41.2371921 ], [ 69.3303696, 41.2372201 ], [ 69.3303365, 41.2372508 ], [ 69.330309, 41.2372834 ], [ 69.3302869, 41.2373176 ], [ 69.3302725, 41.2373454 ], [ 69.3302624, 41.2373741 ], [ 69.3302574, 41.2374048 ], [ 69.3302569, 41.2374354 ], [ 69.3302607, 41.2374666 ], [ 69.3302682, 41.2374974 ], [ 69.3302801, 41.237528 ], [ 69.330295, 41.2375586 ] ] ] } },
{ "type": "Feature", "properties": { "full_id": "w30168766", "osm_id": "30168766", "Туман": "Бектемир", "Адрес": "Фарғона йўли кўчаси", "Тури": "Автомобиль йўл ўтказгичлари", "xcoord": 69.3311505, "ycoord": 41.2383383, "Узунл": 352.4 }, "geometry": { "type": "MultiLineString", "coordinates": [ [ [ 69.33014927480761, 41.239335429955652 ], [ 69.3303367, 41.2390766 ], [ 69.3306487, 41.2387408 ], [ 69.3308432, 41.2385481 ], [ 69.3308933, 41.2384986 ], [ 69.3309184, 41.2384744 ], [ 69.3309448, 41.2384509 ], [ 69.3309738, 41.238429 ], [ 69.3310054, 41.238408 ], [ 69.331039, 41.2383891 ], [ 69.3310728, 41.2383716 ], [ 69.3311111, 41.2383543 ], [ 69.3311505, 41.2383383 ], [ 69.3311929, 41.2383235 ], [ 69.3312359, 41.2383105 ], [ 69.3312824, 41.2383011 ], [ 69.3313293, 41.2382931 ], [ 69.3313775, 41.2382885 ], [ 69.3314259, 41.2382856 ], [ 69.3314777, 41.2382862 ], [ 69.3315291, 41.2382893 ], [ 69.3315793, 41.2382944 ], [ 69.3316295, 41.2383019 ], [ 69.3316774, 41.2383126 ], [ 69.3317253, 41.2383258 ], [ 69.3318174, 41.238354 ], [ 69.332023, 41.2384258 ], [ 69.3322311, 41.2385081 ], [ 69.3324305, 41.2385914 ], [ 69.3326291, 41.2386808 ], [ 69.3328198, 41.238774 ], [ 69.3330111, 41.2388754 ], [ 69.333196, 41.2389768 ], [ 69.3333716, 41.2390855 ] ] ] } },
{ "type": "Feature", "properties": { "full_id": "w30168766", "osm_id": "30168766", "Туман": "Бектемир", "Адрес": "Фарғона йўли кўчаси", "Тури": "Автомобиль йўл ўтказгичлари", "xcoord": 69.330830697707995, "ycoord": 41.238103276135838, "Узунл": 312.81 }, "geometry": { "type": "MultiLineString", "coordinates": [ [ [ 69.330055731261638, 41.239310634988719 ], [ 69.3309158, 41.2378228 ], [ 69.331070235595092, 41.237555537890522 ] ], [ [ 69.3310728, 41.2375511 ], [ 69.3315482, 41.2367238 ] ] ] } },
{ "type": "Feature", "properties": { "full_id": "w32011017", "osm_id": "32011017", "Туман": "Юнусобод", "Адрес": "А. Қодирий кўчасидан А.Темур кўчасига ўтувчи (Олой бозор) транспорт тоннели", "Тури": "Туннел", "xcoord": 69.281993162860957, "ycoord": 41.321559632095784, "Узунл": 159.09 }, "geometry": { "type": "MultiLineString", "coordinates": [ [ [ 69.282935361281147, 41.321448473193435 ], [ 69.281057561281145, 41.321667773193433 ] ] ] } },
{ "type": "Feature", "properties": { "full_id": "w32031749", "osm_id": "32031749", "Туман": "Шайхонтохур", "Адрес": "Себзор кўчасидан Хадра майдони бўйлаб ўтувчи транспорт тоннели", "Тури": "Туннел", "xcoord": 69.242842024965512, "ycoord": 41.322019614410699, "Узунл": 376.17 }, "geometry": { "type": "MultiLineString", "coordinates": [ [ [ 69.2427617, 41.3214038 ], [ 69.2428614, 41.322168 ], [ 69.2428796, 41.3222776 ], [ 69.2428934, 41.3223249 ], [ 69.242909, 41.3223715 ], [ 69.2429474, 41.3224584 ], [ 69.2429928, 41.3225467 ], [ 69.2430894, 41.3227266 ], [ 69.2431904, 41.3229054 ], [ 69.244129703217752, 41.324601019780992 ] ] ] } },
{ "type": "Feature", "properties": { "full_id": "w1061171979", "osm_id": "1061171979", "Туман": "Шайхонтохур", "Адрес": "Зарқайнар кўчасидан Хадра майдони бўйлаб ўтувчи транспорт тоннели", "Тури": "Туннел", "xcoord": 69.242660706505248, "ycoord": 41.322022871718971, "Узунл": 289.0 }, "geometry": { "type": "MultiLineString", "coordinates": [ [ [ 69.242419071880818, 41.323973359121098 ], [ 69.2425447, 41.3236672 ], [ 69.2425913, 41.3235535 ], [ 69.2426558, 41.3233307 ], [ 69.2426973, 41.323106 ], [ 69.2427162, 41.3228784 ], [ 69.2427234, 41.3226528 ], [ 69.2427102, 41.3224199 ], [ 69.2426842, 41.3221851 ], [ 69.2425717, 41.3214043 ] ] ] } },
{ "type": "Feature", "properties": { "full_id": "w31742449", "osm_id": "31742449", "Туман": "Чилонзор", "Адрес": "Бунёдкор ва Ислом Каримов кўчалари кесишмасидаги транспорт тоннели", "Тури": "Туннел", "xcoord": 69.240966002886324, "ycoord": 41.311342240126777, "Узунл": 244.72 }, "geometry": { "type": "MultiLineString", "coordinates": [ [ [ 69.241423002886322, 41.312100640126772 ], [ 69.241373002886334, 41.311998040126774 ], [ 69.241315202886327, 41.311887840126772 ], [ 69.241252302886323, 41.311775740126777 ], [ 69.241183802886326, 41.311664640126772 ], [ 69.241115302886328, 41.311555240126772 ], [ 69.241041102886328, 41.311445940126774 ], [ 69.240966002886324, 41.311342240126777 ], [ 69.240885202886332, 41.311241140126775 ], [ 69.240034002886333, 41.310166740126775 ] ] ] } },
{ "type": "Feature", "properties": { "full_id": "w31742449", "osm_id": "1429286410", "Туман": "Учтепа", "Адрес": "Кўкча Дарвоза кўчаси,транспорт тоннели", "Тури": "Туннел", "xcoord": 69.193248883953899, "ycoord": 41.317889892514103, "Узунл": 75.6 }, "geometry": { "type": "MultiLineString", "coordinates": [ [ [ 69.192838279769191, 41.317707121341606 ], [ 69.193615730428931, 41.318053266624965 ] ] ] } },
{ "type": "Feature", "properties": { "full_id": "w1429286410", "osm_id": "1429286410", "Туман": "Олмазор", "Адрес": "Қорасарой кўчаси, транспорт тоннели", "Тури": "Туннел", "xcoord": 69.242366716341678, "ycoord": 41.336198747998523, "Узунл": 438.0 }, "geometry": { "type": "MultiLineString", "coordinates": [ [ [ 69.242538003578076, 41.334046857242406 ], [ 69.24222522583068, 41.337983600431073 ] ] ] } },
{ "type": "Feature", "properties": { "full_id": "w245227738", "osm_id": "245227738", "Туман": "Миробод", "Адрес": "КХАЙ ва А.Темур (Шимолий вокзал) кўчалари кесишмасидаги транспорт тоннели", "Тури": "Туннел", "xcoord": 69.28605433403861, "ycoord": 41.29190680500276, "Узунл": 395.1 }, "geometry": { "type": "MultiLineString", "coordinates": [ [ [ 69.288032381708248, 41.293007442395549 ], [ 69.287079281708245, 41.292438842395548 ], [ 69.28675868170825, 41.292254642395548 ], [ 69.286387081708256, 41.29206814239555 ], [ 69.286010881708251, 41.291885842395551 ], [ 69.285223781708254, 41.291552442395549 ], [ 69.284127881708244, 41.291021642395549 ] ] ] } },
{ "type": "Feature", "properties": { "full_id": "w1082335262", "osm_id": "1082335262", "Туман": "Мирзо Улуғбек", "Адрес": "Янги Ўзбекистон шоҳкўчаси, транспорт тоннели", "Тури": "Туннел", "xcoord": 69.429149489004075, "ycoord": 41.326210711731655, "Узунл": 90.88 }, "geometry": { "type": "MultiLineString", "coordinates": [ [ [ 69.429690536107941, 41.326208066801115 ], [ 69.428605036107939, 41.326213366801113 ] ] ] } }
]
}
