{
"type": "FeatureCollection",
"name": "Велосипед дорожки",
"crs": { "type": "name", "properties": { "name": "urn:ogc:def:crs:OGC:1.3:CRS84" } },
"features": [
{ "type": "Feature", "properties": { "osm_id": "181384649", "class_label_ru": "Основная велодорожка", "Туман": "Яккасарой", "Длина": 633.74 }, "geometry": { "type": "MultiLineString", "coordinates": [ [ [ 69.256033, 41.289969 ], [ 69.256034, 41.289923 ], [ 69.255979, 41.289727 ], [ 69.255945, 41.289602 ], [ 69.255843, 41.289197 ], [ 69.255782, 41.288987 ], [ 69.25573, 41.288798 ], [ 69.255718, 41.288762 ], [ 69.25571, 41.288726 ], [ 69.255695, 41.288658 ], [ 69.255647, 41.288568 ], [ 69.255607, 41.288509 ], [ 69.255549, 41.288447 ], [ 69.255482, 41.288389 ], [ 69.255378, 41.288336 ], [ 69.25528, 41.288312 ], [ 69.255175, 41.288305 ], [ 69.25512, 41.288308 ], [ 69.255047, 41.288315 ], [ 69.254974, 41.288327 ], [ 69.254901, 41.28835 ], [ 69.254836, 41.288393 ], [ 69.254715, 41.288472 ], [ 69.25459, 41.288574 ], [ 69.254561, 41.288605 ], [ 69.254542, 41.288633 ], [ 69.254377, 41.288975 ], [ 69.254086, 41.289604 ], [ 69.254061, 41.28966 ], [ 69.254041, 41.289709 ], [ 69.253994, 41.289898 ], [ 69.253961, 41.290089 ], [ 69.253939, 41.290285 ], [ 69.253929, 41.290479 ], [ 69.253927, 41.290515 ], [ 69.253913, 41.290702 ], [ 69.253915, 41.290806 ], [ 69.253909, 41.290971 ], [ 69.253885, 41.291064 ], [ 69.253827, 41.291179 ], [ 69.253582, 41.291382 ], [ 69.2533, 41.291584 ] ] ] } },
{ "type": "Feature", "properties": { "osm_id": "341123100", "class_label_ru": "Основная велодорожка", "Туман": "Миробод", "Длина": 496.52 }, "geometry": { "type": "MultiLineString", "coordinates": [ [ [ 69.266119, 41.284264 ], [ 69.267463, 41.28488 ], [ 69.268928, 41.285578 ], [ 69.269398, 41.285823 ], [ 69.269461, 41.285851 ], [ 69.269479, 41.285859 ], [ 69.269977, 41.286093 ], [ 69.270472, 41.286326 ], [ 69.271154, 41.286621 ] ] ] } },
{ "type": "Feature", "properties": { "osm_id": "503065829", "class_label_ru": "Основная велодорожка", "Туман": "Чилонзор", "Длина": 74.1 }, "geometry": { "type": "MultiLineString", "coordinates": [ [ [ 69.218201, 41.283977 ], [ 69.218279, 41.283947 ], [ 69.218258, 41.283898 ], [ 69.218248, 41.283851 ], [ 69.218247, 41.283796 ], [ 69.218257, 41.283719 ], [ 69.218279, 41.283646 ], [ 69.218317, 41.283552 ], [ 69.218318, 41.283548 ], [ 69.218427, 41.283374 ] ] ] } },
{ "type": "Feature", "properties": { "osm_id": "531431786", "class_label_ru": "Основная велодорожка", "Туман": "Чилонзор", "Длина": 391.73 }, "geometry": { "type": "MultiLineString", "coordinates": [ [ [ 69.224159, 41.283747 ], [ 69.224856, 41.284384 ], [ 69.224883, 41.284408 ], [ 69.225453, 41.28493 ], [ 69.226135, 41.285549 ], [ 69.226377, 41.28576 ], [ 69.226671, 41.286015 ], [ 69.227087, 41.286377 ], [ 69.227166, 41.286448 ] ] ] } },
{ "type": "Feature", "properties": { "osm_id": "551579352", "class_label_ru": "Основная велодорожка", "Туман": "Чилонзор", "Длина": 674.6 }, "geometry": { "type": "MultiLineString", "coordinates": [ [ [ 69.233604, 41.291917 ], [ 69.234595, 41.292797 ], [ 69.23498, 41.293135 ], [ 69.235066, 41.293241 ], [ 69.235187, 41.293409 ], [ 69.235484, 41.29382 ], [ 69.235798, 41.294296 ], [ 69.236107, 41.294723 ], [ 69.236299, 41.294953 ], [ 69.236467, 41.295155 ], [ 69.236779, 41.295572 ], [ 69.237015, 41.295807 ], [ 69.237365, 41.296156 ], [ 69.238114, 41.296921 ] ] ] } },
{ "type": "Feature", "properties": { "osm_id": "564789908", "class_label_ru": "Совмещённая дорожка / тротуар", "Туман": "Яккасарой", "Длина": 97.39 }, "geometry": { "type": "MultiLineString", "coordinates": [ [ [ 69.266037, 41.284229 ], [ 69.265504, 41.283986 ], [ 69.265328, 41.283905 ], [ 69.265044, 41.283773 ] ] ] } },
{ "type": "Feature", "properties": { "osm_id": "564789924", "class_label_ru": "Основная велодорожка", "Туман": "Яккасарой", "Длина": 443.39 }, "geometry": { "type": "MultiLineString", "coordinates": [ [ [ 69.255352, 41.280829 ], [ 69.255343, 41.280851 ], [ 69.255026, 41.281584 ], [ 69.25448, 41.282784 ], [ 69.25393, 41.283999 ], [ 69.253665, 41.284613 ] ] ] } },
{ "type": "Feature", "properties": { "osm_id": "564800255", "class_label_ru": "Основная велодорожка", "Туман": "Шайхонтохур", "Длина": 1334.98 }, "geometry": { "type": "MultiLineString", "coordinates": [ [ [ 69.232703, 41.315842 ], [ 69.232574, 41.315895 ], [ 69.232349, 41.316012 ], [ 69.232137, 41.316124 ], [ 69.231884, 41.316269 ], [ 69.23186, 41.316283 ], [ 69.231266, 41.316626 ], [ 69.230723, 41.316952 ], [ 69.230647, 41.316952 ], [ 69.230457, 41.316932 ], [ 69.230167, 41.316746 ], [ 69.229872, 41.316591 ], [ 69.229768, 41.316564 ], [ 69.229734, 41.316548 ], [ 69.229192, 41.3164 ], [ 69.22889, 41.316282 ], [ 69.228583, 41.316136 ], [ 69.228536, 41.31611 ], [ 69.228414, 41.316026 ], [ 69.228229, 41.315881 ], [ 69.22804, 41.315687 ], [ 69.227893, 41.315478 ], [ 69.227707, 41.315152 ], [ 69.227433, 41.314738 ], [ 69.227375, 41.314636 ], [ 69.227167, 41.314396 ], [ 69.22686, 41.314075 ], [ 69.22655, 41.313732 ], [ 69.226237, 41.313408 ], [ 69.226202, 41.31337 ], [ 69.226148, 41.313313 ], [ 69.225965, 41.313173 ], [ 69.225781, 41.313062 ], [ 69.225605, 41.312973 ], [ 69.225273, 41.312824 ], [ 69.224935, 41.312691 ], [ 69.22449, 41.312489 ], [ 69.224281, 41.312361 ], [ 69.224159, 41.312271 ], [ 69.224042, 41.312188 ], [ 69.223891, 41.312076 ], [ 69.223687, 41.311907 ], [ 69.223519, 41.311726 ], [ 69.223338, 41.311506 ], [ 69.223203, 41.311299 ], [ 69.223076, 41.311121 ], [ 69.222475, 41.31025 ], [ 69.222234, 41.309976 ], [ 69.222029, 41.309789 ], [ 69.221981, 41.30973 ], [ 69.221959, 41.309683 ] ] ] } },
{ "type": "Feature", "properties": { "osm_id": "564800262", "class_label_ru": "Основная велодорожка", "Туман": "Яккасарой", "Длина": 322.66 }, "geometry": { "type": "MultiLineString", "coordinates": [ [ [ 69.247837, 41.293269 ], [ 69.249383, 41.29328 ], [ 69.250469, 41.293287 ], [ 69.250464, 41.293799 ], [ 69.250462, 41.293822 ], [ 69.250461, 41.293936 ], [ 69.250452, 41.294207 ] ] ] } },
{ "type": "Feature", "properties": { "osm_id": "565260577", "class_label_ru": "Основная велодорожка", "Туман": "Яккасарой", "Длина": 287.84 }, "geometry": { "type": "MultiLineString", "coordinates": [ [ [ 69.24998, 41.296774 ], [ 69.249989, 41.296719 ], [ 69.249995, 41.296685 ], [ 69.250039, 41.296441 ], [ 69.250124, 41.295956 ], [ 69.250272, 41.295116 ], [ 69.250345, 41.294736 ], [ 69.250446, 41.294257 ], [ 69.250452, 41.294207 ] ] ] } },
{ "type": "Feature", "properties": { "osm_id": "565260583", "class_label_ru": "Основная велодорожка", "Туман": "Яккасарой", "Длина": 370.49 }, "geometry": { "type": "MultiLineString", "coordinates": [ [ [ 69.257024, 41.289834 ], [ 69.256037, 41.290551 ], [ 69.2557, 41.290799 ], [ 69.255392, 41.291026 ], [ 69.25476, 41.291491 ], [ 69.254452, 41.291722 ], [ 69.253884, 41.292141 ], [ 69.253865, 41.292167 ] ] ] } },
{ "type": "Feature", "properties": { "osm_id": "589226932", "class_label_ru": "Совмещённая дорожка / тротуар", "Туман": "Чилонзор", "Длина": 78.8 }, "geometry": { "type": "MultiLineString", "coordinates": [ [ [ 69.223067, 41.290943 ], [ 69.222989, 41.291002 ], [ 69.223393, 41.291368 ], [ 69.223426, 41.291398 ], [ 69.223519, 41.291484 ] ] ] } },
{ "type": "Feature", "properties": { "osm_id": "614436885", "class_label_ru": "Основная велодорожка", "Туман": "Чилонзор", "Длина": 330.21 }, "geometry": { "type": "MultiLineString", "coordinates": [ [ [ 69.229051, 41.288202 ], [ 69.228833, 41.288332 ], [ 69.228423, 41.28859 ], [ 69.228151, 41.288761 ], [ 69.227393, 41.289238 ], [ 69.227165, 41.289381 ], [ 69.226737, 41.28965 ], [ 69.226044, 41.290087 ], [ 69.226019, 41.290102 ] ] ] } },
{ "type": "Feature", "properties": { "osm_id": "640513733", "class_label_ru": "Основная велодорожка", "Туман": "Яккасарой", "Длина": 416.11 }, "geometry": { "type": "MultiLineString", "coordinates": [ [ [ 69.251696, 41.289104 ], [ 69.251936, 41.288575 ], [ 69.252168, 41.288067 ], [ 69.252807, 41.286565 ], [ 69.252826, 41.286518 ], [ 69.252859, 41.28645 ], [ 69.253248, 41.285545 ] ] ] } },
{ "type": "Feature", "properties": { "osm_id": "655506433", "class_label_ru": "Основная велодорожка", "Туман": "Чилонзор", "Длина": 673.27 }, "geometry": { "type": "MultiLineString", "coordinates": [ [ [ 69.218981, 41.300802 ], [ 69.216884, 41.300753 ], [ 69.216792, 41.30075 ], [ 69.216679, 41.300747 ], [ 69.216149, 41.300734 ], [ 69.213622, 41.300688 ], [ 69.212355, 41.300654 ], [ 69.21218, 41.300696 ], [ 69.211601, 41.300684 ], [ 69.210954, 41.300685 ] ] ] } },
{ "type": "Feature", "properties": { "osm_id": "1073249872", "class_label_ru": "Основная велодорожка", "Туман": "Чилонзор", "Длина": 1058.0 }, "geometry": { "type": "MultiLineString", "coordinates": [ [ [ 69.231672, 41.299117 ], [ 69.232086, 41.299001 ], [ 69.232321, 41.298925 ], [ 69.232909, 41.298735 ], [ 69.233563, 41.298524 ], [ 69.233863, 41.298426 ], [ 69.234135, 41.298339 ], [ 69.234707, 41.298154 ], [ 69.236209, 41.297677 ], [ 69.236518, 41.297579 ], [ 69.236889, 41.297484 ], [ 69.237693, 41.297338 ], [ 69.2378, 41.297303 ], [ 69.237834, 41.297277 ], [ 69.237868, 41.297241 ], [ 69.23789, 41.297196 ], [ 69.237904, 41.297148 ], [ 69.237913, 41.297097 ], [ 69.237913, 41.297036 ], [ 69.237898, 41.296987 ], [ 69.237852, 41.296919 ], [ 69.237789, 41.296844 ], [ 69.237386, 41.296441 ], [ 69.237177, 41.296218 ], [ 69.236638, 41.295659 ], [ 69.236467, 41.295534 ], [ 69.236101, 41.295075 ], [ 69.23579, 41.29465 ], [ 69.235333, 41.29402 ], [ 69.234934, 41.293432 ] ] ] } },
{ "type": "Feature", "properties": { "osm_id": "1088267088", "class_label_ru": "Основная велодорожка", "Туман": "Чилонзор", "Длина": 509.35 }, "geometry": { "type": "MultiLineString", "coordinates": [ [ [ 69.221133, 41.286889 ], [ 69.221045, 41.286821 ], [ 69.221005, 41.2868 ], [ 69.220952, 41.286788 ], [ 69.220895, 41.286788 ], [ 69.220838, 41.286795 ], [ 69.220795, 41.286808 ], [ 69.220757, 41.286827 ], [ 69.220671, 41.286892 ], [ 69.220646, 41.286905 ], [ 69.220621, 41.286913 ], [ 69.220587, 41.286918 ], [ 69.220553, 41.286918 ], [ 69.220514, 41.286915 ], [ 69.220472, 41.286909 ], [ 69.220438, 41.286905 ], [ 69.220405, 41.286899 ], [ 69.220371, 41.286892 ], [ 69.220338, 41.286884 ], [ 69.220297, 41.28687 ], [ 69.220253, 41.28685 ], [ 69.220217, 41.286832 ], [ 69.220182, 41.286811 ], [ 69.220115, 41.286769 ], [ 69.219984, 41.286671 ], [ 69.219919, 41.286622 ], [ 69.21985, 41.286567 ], [ 69.219819, 41.286538 ], [ 69.21979, 41.286509 ], [ 69.219737, 41.286451 ], [ 69.219571, 41.286241 ], [ 69.219422, 41.28609 ], [ 69.219312, 41.285989 ], [ 69.219251, 41.285935 ], [ 69.219197, 41.285874 ], [ 69.219177, 41.285849 ], [ 69.219163, 41.285828 ], [ 69.219154, 41.285796 ], [ 69.219151, 41.285768 ], [ 69.219154, 41.285603 ], [ 69.219157, 41.285421 ], [ 69.219177, 41.285311 ], [ 69.219188, 41.285236 ], [ 69.219194, 41.285162 ], [ 69.219162, 41.28507 ], [ 69.219084, 41.284921 ], [ 69.219027, 41.284656 ], [ 69.219005, 41.284541 ], [ 69.218983, 41.284482 ], [ 69.218961, 41.284424 ], [ 69.218939, 41.284382 ], [ 69.218926, 41.28436 ], [ 69.21891, 41.284339 ], [ 69.218821, 41.284249 ], [ 69.218723, 41.28416 ], [ 69.218689, 41.284121 ], [ 69.218656, 41.28408 ], [ 69.218596, 41.28399 ], [ 69.218559, 41.28393 ], [ 69.218528, 41.283871 ], [ 69.218509, 41.283809 ], [ 69.218504, 41.283753 ], [ 69.218511, 41.283674 ], [ 69.218531, 41.283597 ], [ 69.218544, 41.283558 ], [ 69.218558, 41.28352 ], [ 69.218583, 41.283479 ], [ 69.218605, 41.283452 ] ] ] } },
{ "type": "Feature", "properties": { "osm_id": "1088267089", "class_label_ru": "Основная велодорожка", "Туман": "Чилонзор", "Длина": 465.06 }, "geometry": { "type": "MultiLineString", "coordinates": [ [ [ 69.218279, 41.283947 ], [ 69.218326, 41.284014 ], [ 69.218571, 41.284328 ], [ 69.218727, 41.284511 ], [ 69.218751, 41.284552 ], [ 69.21877, 41.284594 ], [ 69.218923, 41.284956 ], [ 69.218981, 41.285081 ], [ 69.218986, 41.285132 ], [ 69.218985, 41.28517 ], [ 69.218977, 41.285206 ], [ 69.218923, 41.285356 ], [ 69.218891, 41.285467 ], [ 69.218895, 41.285646 ], [ 69.218918, 41.2858 ], [ 69.218938, 41.285854 ], [ 69.218963, 41.285894 ], [ 69.218978, 41.285914 ], [ 69.218995, 41.285935 ], [ 69.219027, 41.285972 ], [ 69.219069, 41.28601 ], [ 69.219176, 41.286107 ], [ 69.219265, 41.28619 ], [ 69.219358, 41.286293 ], [ 69.219478, 41.286438 ], [ 69.219623, 41.286609 ], [ 69.219691, 41.28668 ], [ 69.219766, 41.286742 ], [ 69.219922, 41.286855 ], [ 69.220038, 41.286942 ], [ 69.220106, 41.286969 ], [ 69.22018, 41.286991 ], [ 69.220278, 41.287019 ], [ 69.220361, 41.287043 ], [ 69.220451, 41.287062 ], [ 69.220542, 41.287073 ], [ 69.220679, 41.287078 ], [ 69.220812, 41.286994 ], [ 69.220828, 41.286986 ], [ 69.220844, 41.286983 ], [ 69.220859, 41.286985 ], [ 69.220871, 41.28699 ], [ 69.220881, 41.286996 ], [ 69.220945, 41.287049 ] ] ] } },
{ "type": "Feature", "properties": { "osm_id": "1148745995", "class_label_ru": "Основная велодорожка", "Туман": "Яккасарой", "Длина": 153.35 }, "geometry": { "type": "MultiLineString", "coordinates": [ [ [ 69.255746, 41.289967 ], [ 69.255881, 41.290045 ], [ 69.255934, 41.290106 ], [ 69.255969, 41.290157 ], [ 69.255298, 41.290646 ], [ 69.254893, 41.290932 ] ] ] } },
{ "type": "Feature", "properties": { "osm_id": "1150245124", "class_label_ru": "Основная велодорожка", "Туман": "Яккасарой", "Длина": 20.81 }, "geometry": { "type": "MultiLineString", "coordinates": [ [ [ 69.25459, 41.288574 ], [ 69.254356, 41.288511 ] ] ] } },
{ "type": "Feature", "properties": { "osm_id": "1186582681", "class_label_ru": "Основная велодорожка", "Туман": "Чилонзор", "Длина": 344.46 }, "geometry": { "type": "MultiLineString", "coordinates": [ [ [ 69.220945, 41.287049 ], [ 69.221145, 41.287231 ], [ 69.22121, 41.287286 ], [ 69.221251, 41.287315 ], [ 69.221304, 41.287347 ], [ 69.221371, 41.287383 ], [ 69.221429, 41.287413 ], [ 69.221519, 41.287452 ], [ 69.221649, 41.287494 ], [ 69.221691, 41.287503 ], [ 69.221728, 41.287509 ], [ 69.221766, 41.287511 ], [ 69.221804, 41.287511 ], [ 69.221848, 41.287504 ], [ 69.22189, 41.287492 ], [ 69.221962, 41.287463 ], [ 69.222038, 41.287441 ], [ 69.222084, 41.287436 ], [ 69.222129, 41.287432 ], [ 69.222182, 41.287436 ], [ 69.222233, 41.287445 ], [ 69.222292, 41.28746 ], [ 69.222349, 41.287481 ], [ 69.222484, 41.287577 ], [ 69.222568, 41.287626 ], [ 69.222839, 41.28772 ], [ 69.223053, 41.287787 ], [ 69.223206, 41.287838 ], [ 69.223389, 41.28787 ], [ 69.223716, 41.287916 ], [ 69.224014, 41.288029 ], [ 69.224161, 41.288096 ], [ 69.224215, 41.288147 ], [ 69.224288, 41.288258 ], [ 69.224379, 41.288375 ] ] ] } },
{ "type": "Feature", "properties": { "osm_id": "1186582683", "class_label_ru": "Основная велодорожка", "Туман": "Чилонзор", "Длина": 259.09 }, "geometry": { "type": "MultiLineString", "coordinates": [ [ [ 69.224379, 41.288375 ], [ 69.224463, 41.28845 ], [ 69.224568, 41.288502 ], [ 69.224699, 41.288527 ], [ 69.224785, 41.28858 ], [ 69.225637, 41.289262 ], [ 69.225656, 41.289306 ], [ 69.225656, 41.289354 ], [ 69.225651, 41.289607 ], [ 69.225573, 41.289725 ], [ 69.225557, 41.289762 ], [ 69.225556, 41.289784 ], [ 69.225557, 41.289807 ], [ 69.225562, 41.289825 ], [ 69.225568, 41.289842 ], [ 69.225577, 41.289858 ], [ 69.225589, 41.289872 ], [ 69.225595, 41.289879 ], [ 69.225614, 41.289901 ], [ 69.22564, 41.289925 ], [ 69.225643, 41.289928 ], [ 69.2259, 41.290176 ] ] ] } },
{ "type": "Feature", "properties": { "osm_id": "1186827611", "class_label_ru": "Основная велодорожка", "Туман": "Чилонзор", "Длина": 1024.85 }, "geometry": { "type": "MultiLineString", "coordinates": [ [ [ 69.242178, 41.302208 ], [ 69.24227, 41.30213 ], [ 69.242348, 41.302069 ], [ 69.242513, 41.301901 ], [ 69.242523, 41.301893 ], [ 69.24265, 41.301791 ], [ 69.242679, 41.301761 ], [ 69.242696, 41.301727 ], [ 69.242701, 41.301677 ], [ 69.242667, 41.301509 ], [ 69.242644, 41.301363 ], [ 69.242629, 41.301278 ], [ 69.242608, 41.301162 ], [ 69.242572, 41.301107 ], [ 69.242538, 41.301093 ], [ 69.242416, 41.30106 ], [ 69.242339, 41.301023 ], [ 69.242296, 41.300973 ], [ 69.242291, 41.300917 ], [ 69.242304, 41.300877 ], [ 69.242313, 41.300856 ], [ 69.242323, 41.300833 ], [ 69.242344, 41.300782 ], [ 69.24239, 41.300727 ], [ 69.242417, 41.300665 ], [ 69.2424, 41.300613 ], [ 69.242359, 41.300575 ], [ 69.242279, 41.300522 ], [ 69.242237, 41.30048 ], [ 69.242232, 41.300419 ], [ 69.242231, 41.300341 ], [ 69.242226, 41.300322 ], [ 69.242203, 41.30031 ], [ 69.242172, 41.300271 ], [ 69.242017, 41.300133 ], [ 69.24185, 41.300041 ], [ 69.241748, 41.299979 ], [ 69.241695, 41.299922 ], [ 69.241644, 41.299738 ], [ 69.241621, 41.29967 ], [ 69.241533, 41.29952 ], [ 69.241433, 41.299425 ], [ 69.241273, 41.299332 ], [ 69.241099, 41.299268 ], [ 69.240962, 41.299236 ], [ 69.240597, 41.299225 ], [ 69.240291, 41.299198 ], [ 69.240173, 41.299256 ], [ 69.240059, 41.299311 ], [ 69.240041, 41.299325 ], [ 69.239975, 41.299367 ], [ 69.239959, 41.299378 ], [ 69.239683, 41.299549 ], [ 69.239667, 41.299569 ], [ 69.239696, 41.299604 ], [ 69.240025, 41.299897 ], [ 69.240273, 41.300093 ], [ 69.240321, 41.300157 ], [ 69.240332, 41.300239 ], [ 69.240285, 41.300428 ], [ 69.240236, 41.300522 ], [ 69.24015, 41.300619 ], [ 69.240077, 41.300691 ], [ 69.240037, 41.300747 ], [ 69.240001, 41.300834 ], [ 69.239963, 41.300912 ], [ 69.239962, 41.301063 ], [ 69.240014, 41.301225 ], [ 69.240034, 41.30129 ], [ 69.240049, 41.30134 ], [ 69.240092, 41.301539 ], [ 69.240149, 41.301819 ], [ 69.240181, 41.3019 ], [ 69.240215, 41.301941 ], [ 69.240217, 41.301978 ], [ 69.240197, 41.302035 ], [ 69.240175, 41.302098 ], [ 69.240169, 41.302276 ], [ 69.240233, 41.30236 ], [ 69.240264, 41.302403 ], [ 69.240321, 41.302495 ], [ 69.240336, 41.30255 ], [ 69.240361, 41.302614 ], [ 69.240446, 41.302706 ], [ 69.240562, 41.302802 ], [ 69.240784, 41.302918 ], [ 69.240921, 41.302949 ], [ 69.24109, 41.302961 ], [ 69.241222, 41.302952 ], [ 69.241355, 41.302931 ], [ 69.241425, 41.302914 ], [ 69.241484, 41.302856 ] ] ] } },
{ "type": "Feature", "properties": { "osm_id": "1225724136", "class_label_ru": "Основная велодорожка", "Туман": "Шайхонтохур", "Длина": 235.99 }, "geometry": { "type": "MultiLineString", "coordinates": [ [ [ 69.217894, 41.307255 ], [ 69.217871, 41.307263 ], [ 69.217781, 41.307293 ], [ 69.216793, 41.30763 ], [ 69.216361, 41.307811 ], [ 69.216021, 41.307991 ], [ 69.215505, 41.308348 ] ] ] } },
{ "type": "Feature", "properties": { "osm_id": "1227636690", "class_label_ru": "Основная велодорожка", "Туман": "Чилонзор", "Длина": 558.89 }, "geometry": { "type": "MultiLineString", "coordinates": [ [ [ 69.217423, 41.279294 ], [ 69.217753, 41.279533 ], [ 69.21779, 41.279564 ], [ 69.217822, 41.279597 ], [ 69.217854, 41.279642 ], [ 69.217872, 41.279679 ], [ 69.217885, 41.279716 ], [ 69.217901, 41.27976 ], [ 69.217925, 41.279801 ], [ 69.218026, 41.279891 ], [ 69.218081, 41.279957 ], [ 69.218225, 41.280169 ], [ 69.218341, 41.280342 ], [ 69.218406, 41.280458 ], [ 69.218419, 41.280496 ], [ 69.218427, 41.280532 ], [ 69.218426, 41.280556 ], [ 69.218422, 41.280578 ], [ 69.218352, 41.280719 ], [ 69.218348, 41.280738 ], [ 69.218358, 41.280756 ], [ 69.218393, 41.280777 ], [ 69.218445, 41.2808 ], [ 69.218512, 41.280821 ], [ 69.218798, 41.280846 ], [ 69.218933, 41.280866 ], [ 69.218984, 41.280874 ], [ 69.219025, 41.280885 ], [ 69.219063, 41.280901 ], [ 69.219082, 41.280911 ], [ 69.219106, 41.280933 ], [ 69.21918, 41.28106 ], [ 69.219188, 41.281095 ], [ 69.219193, 41.281151 ], [ 69.219178, 41.281383 ], [ 69.219176, 41.2814 ], [ 69.219183, 41.281495 ], [ 69.219187, 41.281518 ], [ 69.219193, 41.281541 ], [ 69.219202, 41.281564 ], [ 69.21922, 41.281595 ], [ 69.219245, 41.28163 ], [ 69.219258, 41.281651 ], [ 69.219271, 41.281674 ], [ 69.219285, 41.281721 ], [ 69.219293, 41.281766 ], [ 69.219296, 41.281791 ], [ 69.219295, 41.281815 ], [ 69.219289, 41.28186 ], [ 69.219278, 41.281894 ], [ 69.219256, 41.281926 ], [ 69.21923, 41.281957 ], [ 69.219218, 41.281975 ], [ 69.219208, 41.281993 ], [ 69.219202, 41.28201 ], [ 69.219201, 41.282027 ], [ 69.219211, 41.282109 ], [ 69.219215, 41.282131 ], [ 69.219224, 41.282153 ], [ 69.219235, 41.282174 ], [ 69.219252, 41.282196 ], [ 69.219268, 41.282213 ], [ 69.219278, 41.282227 ], [ 69.219306, 41.282269 ], [ 69.219315, 41.282291 ], [ 69.219318, 41.282313 ], [ 69.219298, 41.282443 ], [ 69.219282, 41.282504 ], [ 69.219265, 41.28255 ], [ 69.219249, 41.282587 ], [ 69.219225, 41.282622 ], [ 69.218953, 41.283028 ], [ 69.218605, 41.283452 ] ] ] } },
{ "type": "Feature", "properties": { "osm_id": "1409156662", "class_label_ru": "Основная велодорожка", "Туман": "Чилонзор", "Длина": 122.83 }, "geometry": { "type": "MultiLineString", "coordinates": [ [ [ 69.234241, 41.292783 ], [ 69.234192, 41.292746 ], [ 69.233485, 41.292103 ], [ 69.233327, 41.29192 ] ] ] } },
{ "type": "Feature", "properties": { "osm_id": "1409520534", "class_label_ru": "Основная велодорожка", "Туман": "Юнусобод", "Длина": 198.79 }, "geometry": { "type": "MultiLineString", "coordinates": [ [ [ 69.270295, 41.312319 ], [ 69.270239, 41.312191 ], [ 69.269696, 41.310955 ], [ 69.269548, 41.31062 ] ] ] } },
{ "type": "Feature", "properties": { "osm_id": "1412295997", "class_label_ru": "Основная велодорожка", "Туман": "Яккасарой", "Длина": 40.51 }, "geometry": { "type": "MultiLineString", "coordinates": [ [ [ 69.254356, 41.288511 ], [ 69.253898, 41.288394 ] ] ] } },
{ "type": "Feature", "properties": { "osm_id": "1451418678", "class_label_ru": "Основная велодорожка", "Туман": "Яккасарой", "Длина": 136.49 }, "geometry": { "type": "MultiLineString", "coordinates": [ [ [ 69.244878, 41.277111 ], [ 69.24494, 41.277236 ], [ 69.24502, 41.277329 ], [ 69.245338, 41.277606 ], [ 69.245445, 41.277694 ], [ 69.245596, 41.277769 ], [ 69.246046, 41.277896 ] ] ] } },
{ "type": "Feature", "properties": { "osm_id": "1451418679", "class_label_ru": "Основная велодорожка", "Туман": "Яккасарой", "Длина": 915.1 }, "geometry": { "type": "MultiLineString", "coordinates": [ [ [ 69.246269, 41.278493 ], [ 69.246582, 41.278777 ], [ 69.247705, 41.279804 ], [ 69.247869, 41.279955 ], [ 69.248655, 41.280655 ], [ 69.24879, 41.28078 ], [ 69.249301, 41.281236 ], [ 69.250346, 41.282171 ], [ 69.251163, 41.282895 ], [ 69.251493, 41.283186 ], [ 69.251984, 41.283618 ], [ 69.25273, 41.284289 ], [ 69.253195, 41.284723 ], [ 69.253325, 41.28477 ] ] ] } },
{ "type": "Feature", "properties": { "osm_id": "1451418680", "class_label_ru": "Основная велодорожка", "Туман": "Яккасарой", "Длина": 1036.58 }, "geometry": { "type": "MultiLineString", "coordinates": [ [ [ 69.245589, 41.278454 ], [ 69.24624, 41.278981 ], [ 69.246501, 41.279225 ], [ 69.247514, 41.280142 ], [ 69.248416, 41.280945 ], [ 69.248946, 41.281426 ], [ 69.250747, 41.283037 ], [ 69.250829, 41.283107 ], [ 69.251696, 41.283904 ], [ 69.252314, 41.284459 ], [ 69.252383, 41.284511 ], [ 69.253005, 41.285067 ], [ 69.253312, 41.285342 ], [ 69.253361, 41.285395 ], [ 69.253377, 41.285437 ], [ 69.253388, 41.285492 ], [ 69.253373, 41.285597 ], [ 69.253359, 41.285637 ] ] ] } },
{ "type": "Feature", "properties": { "osm_id": "1451418686", "class_label_ru": "Основная велодорожка", "Туман": "Яккасарой", "Длина": 1335.31 }, "geometry": { "type": "MultiLineString", "coordinates": [ [ [ 69.245118, 41.278047 ], [ 69.24502, 41.277952 ], [ 69.244432, 41.277427 ], [ 69.244302, 41.277258 ], [ 69.243718, 41.276722 ], [ 69.24313, 41.276193 ], [ 69.243076, 41.276144 ], [ 69.24287, 41.275951 ], [ 69.242374, 41.275488 ], [ 69.240979, 41.274267 ], [ 69.240755, 41.274069 ], [ 69.240671, 41.27399 ], [ 69.240063, 41.273447 ], [ 69.239749, 41.273165 ], [ 69.239333, 41.27279 ], [ 69.239144, 41.27262 ], [ 69.238713, 41.27223 ], [ 69.237717, 41.271332 ], [ 69.237531, 41.271166 ], [ 69.236984, 41.270676 ], [ 69.235876, 41.269682 ], [ 69.234992, 41.268888 ], [ 69.234869, 41.268898 ] ] ] } },
{ "type": "Feature", "properties": { "osm_id": "1458347885", "class_label_ru": "Основная велодорожка", "Туман": "Яккасарой", "Длина": 1608.95 }, "geometry": { "type": "MultiLineString", "coordinates": [ [ [ 69.267602, 41.295458 ], [ 69.267346, 41.295244 ], [ 69.267077, 41.295047 ], [ 69.266754, 41.294777 ], [ 69.266328, 41.294541 ], [ 69.265451, 41.294117 ], [ 69.264737, 41.293789 ], [ 69.264626, 41.293737 ], [ 69.263897, 41.293391 ], [ 69.263415, 41.293179 ], [ 69.262885, 41.29291 ], [ 69.261681, 41.292334 ], [ 69.261601, 41.292293 ], [ 69.260787, 41.291891 ], [ 69.260592, 41.291778 ], [ 69.260411, 41.291668 ], [ 69.260314, 41.291604 ], [ 69.260071, 41.291421 ], [ 69.260034, 41.291392 ], [ 69.259326, 41.290766 ], [ 69.258486, 41.290009 ], [ 69.257789, 41.289373 ], [ 69.257658, 41.289251 ], [ 69.257602, 41.289201 ], [ 69.257492, 41.289103 ], [ 69.256691, 41.288389 ], [ 69.255105, 41.286974 ], [ 69.254995, 41.286871 ], [ 69.25426, 41.286208 ], [ 69.253849, 41.285837 ], [ 69.253799, 41.285799 ], [ 69.253743, 41.285792 ], [ 69.253684, 41.285796 ], [ 69.253663, 41.285808 ], [ 69.25363, 41.285829 ] ] ] } },
{ "type": "Feature", "properties": { "osm_id": "1462415362", "class_label_ru": "Основная велодорожка", "Туман": "Яккасарой", "Длина": 33.77 }, "geometry": { "type": "MultiLineString", "coordinates": [ [ [ 69.253373, 41.285597 ], [ 69.253404, 41.285617 ], [ 69.253557, 41.28573 ], [ 69.253609, 41.285766 ], [ 69.253663, 41.285808 ] ] ] } },
{ "type": "Feature", "properties": { "osm_id": "1462415411", "class_label_ru": "Основная велодорожка", "Туман": "Яккасарой", "Длина": 352.77 }, "geometry": { "type": "MultiLineString", "coordinates": [ [ [ 69.234135, 41.268257 ], [ 69.234163, 41.268239 ], [ 69.234166, 41.268218 ], [ 69.234159, 41.268143 ], [ 69.234077, 41.268072 ], [ 69.233956, 41.267951 ], [ 69.233911, 41.267893 ], [ 69.233256, 41.267302 ], [ 69.23183, 41.266016 ], [ 69.231706, 41.265905 ], [ 69.231578, 41.265794 ] ] ] } },
{ "type": "Feature", "properties": { "osm_id": "1463525649", "class_label_ru": "Основная велодорожка", "Туман": "Яккасарой", "Длина": 1620.83 }, "geometry": { "type": "MultiLineString", "coordinates": [ [ [ 69.253907, 41.285266 ], [ 69.2539, 41.28533 ], [ 69.253939, 41.285381 ], [ 69.255013, 41.286341 ], [ 69.255358, 41.286656 ], [ 69.255459, 41.286746 ], [ 69.256783, 41.287979 ], [ 69.257786, 41.288894 ], [ 69.257908, 41.288967 ], [ 69.25798, 41.289025 ], [ 69.258067, 41.289147 ], [ 69.25896, 41.289927 ], [ 69.260024, 41.290888 ], [ 69.260247, 41.29109 ], [ 69.260471, 41.291294 ], [ 69.260735, 41.291472 ], [ 69.261831, 41.292021 ], [ 69.26365, 41.292846 ], [ 69.26378, 41.292907 ], [ 69.264861, 41.293451 ], [ 69.265263, 41.293653 ], [ 69.266535, 41.294265 ], [ 69.266966, 41.294544 ], [ 69.26727, 41.294739 ], [ 69.267858, 41.295115 ] ] ] } },
{ "type": "Feature", "properties": { "osm_id": "1463525653", "class_label_ru": "Основная велодорожка", "Туман": "Яккасарой", "Длина": 15.0 }, "geometry": { "type": "MultiLineString", "coordinates": [ [ [ 69.253325, 41.28477 ], [ 69.253421, 41.284824 ], [ 69.253465, 41.284854 ] ] ] } },
{ "type": "Feature", "properties": { "osm_id": "1463525676", "class_label_ru": "Основная велодорожка", "Туман": "Яккасарой", "Длина": 1284.14 }, "geometry": { "type": "MultiLineString", "coordinates": [ [ [ 69.244516, 41.276944 ], [ 69.244473, 41.276952 ], [ 69.244461, 41.276954 ], [ 69.243439, 41.275997 ], [ 69.241289, 41.27408 ], [ 69.241167, 41.273966 ], [ 69.240985, 41.273795 ], [ 69.240304, 41.273181 ], [ 69.239894, 41.272802 ], [ 69.23967, 41.2726 ], [ 69.238988, 41.271987 ], [ 69.238578, 41.271617 ], [ 69.238047, 41.27113 ], [ 69.237607, 41.27074 ], [ 69.236318, 41.269585 ], [ 69.235338, 41.268689 ], [ 69.234751, 41.268175 ], [ 69.234734, 41.268158 ], [ 69.234782, 41.268105 ] ] ] } },
{ "type": "Feature", "properties": { "osm_id": "1463525696", "class_label_ru": "Основная велодорожка", "Туман": "Яккасарой", "Длина": 832.62 }, "geometry": { "type": "MultiLineString", "coordinates": [ [ [ 69.234, 41.267402 ], [ 69.233923, 41.267401 ], [ 69.233554, 41.267065 ], [ 69.232579, 41.266185 ], [ 69.232203, 41.265834 ], [ 69.232173, 41.265806 ], [ 69.231932, 41.265591 ], [ 69.23186, 41.265527 ], [ 69.23132, 41.265047 ], [ 69.230088, 41.26395 ], [ 69.229191, 41.26315 ], [ 69.22882, 41.262819 ], [ 69.228619, 41.26264 ], [ 69.227574, 41.26171 ] ] ] } },
{ "type": "Feature", "properties": { "osm_id": "1473705476", "class_label_ru": "Основная велодорожка", "Туман": "Чилонзор", "Длина": 36.62 }, "geometry": { "type": "MultiLineString", "coordinates": [ [ [ 69.241737, 41.302589 ], [ 69.241744, 41.302582 ], [ 69.241958, 41.302397 ], [ 69.241988, 41.302372 ], [ 69.242022, 41.302339 ] ] ] } },
{ "type": "Feature", "properties": { "osm_id": "1473705477", "class_label_ru": "Основная велодорожка", "Туман": "Чилонзор", "Длина": 36.45 }, "geometry": { "type": "MultiLineString", "coordinates": [ [ [ 69.241484, 41.302856 ], [ 69.241737, 41.302589 ] ] ] } },
{ "type": "Feature", "properties": { "osm_id": "1473705478", "class_label_ru": "Основная велодорожка", "Туман": "Чилонзор", "Длина": 19.55 }, "geometry": { "type": "MultiLineString", "coordinates": [ [ [ 69.242022, 41.302339 ], [ 69.242178, 41.302208 ] ] ] } },
{ "type": "Feature", "properties": { "osm_id": "1496729600", "class_label_ru": "Основная велодорожка", "Туман": "Яккасарой", "Длина": 12.7 }, "geometry": { "type": "MultiLineString", "coordinates": [ [ [ 69.244663, 41.276916 ], [ 69.244516, 41.276944 ] ] ] } },
{ "type": "Feature", "properties": { "osm_id": "1496729603", "class_label_ru": "Основная велодорожка", "Туман": "Яккасарой", "Длина": 14.3 }, "geometry": { "type": "MultiLineString", "coordinates": [ [ [ 69.244878, 41.277111 ], [ 69.244857, 41.277009 ], [ 69.244833, 41.276991 ] ] ] } },
{ "type": "Feature", "properties": { "osm_id": "1504012778", "class_label_ru": "Основная велодорожка", "Туман": "Шайхонтохур", "Длина": 452.04 }, "geometry": { "type": "MultiLineString", "coordinates": [ [ [ 69.221851, 41.309591 ], [ 69.221808, 41.309557 ], [ 69.221395, 41.309226 ], [ 69.221223, 41.309086 ], [ 69.221186, 41.30905 ], [ 69.220269, 41.308323 ], [ 69.220177, 41.308243 ], [ 69.220014, 41.308126 ], [ 69.219706, 41.307942 ], [ 69.219282, 41.30776 ], [ 69.219084, 41.307692 ], [ 69.218774, 41.307549 ], [ 69.218482, 41.307392 ], [ 69.218275, 41.307247 ], [ 69.218091, 41.307119 ], [ 69.21784, 41.306914 ] ] ] } },
{ "type": "Feature", "properties": { "osm_id": "182199792", "class_label_ru": "Основная велодорожка", "Туман": "Мирзо Улуғбек", "Длина": 51.6 }, "geometry": { "type": "MultiLineString", "coordinates": [ [ [ 69.305812, 41.320995 ], [ 69.305198, 41.321035 ] ] ] } },
{ "type": "Feature", "properties": { "osm_id": "182202007", "class_label_ru": "Основная велодорожка", "Туман": "Мирзо Улуғбек", "Длина": 352.95 }, "geometry": { "type": "MultiLineString", "coordinates": [ [ [ 69.309907, 41.321382 ], [ 69.309398, 41.321268 ], [ 69.308967, 41.321127 ], [ 69.308507, 41.321031 ], [ 69.308066, 41.320998 ], [ 69.307581, 41.320975 ], [ 69.306993, 41.321001 ], [ 69.30628, 41.321052 ], [ 69.305907, 41.321022 ], [ 69.305904, 41.320995 ], [ 69.305812, 41.320995 ] ] ] } },
{ "type": "Feature", "properties": { "osm_id": "224337327", "class_label_ru": "Основная велодорожка", "Туман": "Мирзо Улуғбек", "Длина": 91.0 }, "geometry": { "type": "MultiLineString", "coordinates": [ [ [ 69.325359, 41.326882 ], [ 69.32628, 41.326692 ], [ 69.326335, 41.326665 ], [ 69.326398, 41.326649 ] ] ] } },
{ "type": "Feature", "properties": { "osm_id": "241106499", "class_label_ru": "Основная велодорожка", "Туман": "Мирзо Улуғбек", "Длина": 26.14 }, "geometry": { "type": "MultiLineString", "coordinates": [ [ [ 69.350061, 41.349246 ], [ 69.349963, 41.349143 ], [ 69.349875, 41.349057 ] ] ] } },
{ "type": "Feature", "properties": { "osm_id": "241106501", "class_label_ru": "Основная велодорожка", "Туман": "Мирзо Улуғбек", "Длина": 669.75 }, "geometry": { "type": "MultiLineString", "coordinates": [ [ [ 69.349875, 41.349057 ], [ 69.349307, 41.348536 ], [ 69.348428, 41.347737 ], [ 69.34829, 41.347627 ], [ 69.348177, 41.347533 ], [ 69.348073, 41.347432 ], [ 69.347848, 41.347214 ], [ 69.346717, 41.346117 ], [ 69.346509, 41.345917 ], [ 69.344882, 41.344346 ] ] ] } },
{ "type": "Feature", "properties": { "osm_id": "241106504", "class_label_ru": "Основная велодорожка", "Туман": "Мирзо Улуғбек", "Длина": 231.0 }, "geometry": { "type": "MultiLineString", "coordinates": [ [ [ 69.350061, 41.349246 ], [ 69.350809, 41.349973 ], [ 69.35165, 41.350749 ], [ 69.351782, 41.350872 ] ] ] } },
{ "type": "Feature", "properties": { "osm_id": "355386001", "class_label_ru": "Основная велодорожка", "Туман": "Мирзо Улуғбек", "Длина": 53.78 }, "geometry": { "type": "MultiLineString", "coordinates": [ [ [ 69.346731, 41.35393 ], [ 69.34709, 41.353705 ], [ 69.347228, 41.353623 ] ] ] } },
{ "type": "Feature", "properties": { "osm_id": "385231440", "class_label_ru": "Основная велодорожка", "Туман": "Мирзо Улуғбек", "Длина": 965.98 }, "geometry": { "type": "MultiLineString", "coordinates": [ [ [ 69.294635, 41.311958 ], [ 69.294497, 41.31185 ], [ 69.294395, 41.311641 ], [ 69.294297, 41.311484 ], [ 69.294416, 41.311216 ], [ 69.294529, 41.310996 ], [ 69.294552, 41.310951 ], [ 69.294661, 41.310695 ], [ 69.294685, 41.310609 ], [ 69.294695, 41.310409 ], [ 69.294589, 41.30992 ], [ 69.294504, 41.309524 ], [ 69.29448, 41.309334 ], [ 69.294522, 41.309212 ], [ 69.294676, 41.309057 ], [ 69.294827, 41.308953 ], [ 69.294899, 41.308908 ], [ 69.295102, 41.308834 ], [ 69.295701, 41.308652 ], [ 69.295773, 41.30862 ], [ 69.29582, 41.308558 ], [ 69.295859, 41.308504 ], [ 69.295935, 41.3084 ], [ 69.296017, 41.308323 ], [ 69.296049, 41.308293 ], [ 69.296153, 41.308242 ], [ 69.296244, 41.308232 ], [ 69.296255, 41.308234 ], [ 69.296301, 41.308244 ], [ 69.296356, 41.308287 ], [ 69.296405, 41.308336 ], [ 69.296425, 41.30841 ], [ 69.296442, 41.308472 ], [ 69.296499, 41.308676 ], [ 69.296572, 41.308751 ], [ 69.296652, 41.308822 ], [ 69.296672, 41.308923 ], [ 69.29666, 41.309029 ], [ 69.296569, 41.309223 ], [ 69.29656, 41.309242 ], [ 69.296423, 41.309449 ], [ 69.296273, 41.309607 ], [ 69.296056, 41.309785 ], [ 69.296014, 41.30984 ], [ 69.295944, 41.309933 ], [ 69.295734, 41.309953 ], [ 69.295687, 41.309954 ], [ 69.295649, 41.309984 ], [ 69.295694, 41.310724 ], [ 69.29576, 41.311197 ], [ 69.295726, 41.311266 ], [ 69.2955, 41.311492 ], [ 69.295264, 41.31173 ], [ 69.295252, 41.31175 ], [ 69.295254, 41.311774 ] ] ] } },
{ "type": "Feature", "properties": { "osm_id": "422648666", "class_label_ru": "Основная велодорожка", "Туман": "Мирзо Улуғбек", "Длина": 213.96 }, "geometry": { "type": "MultiLineString", "coordinates": [ [ [ 69.290453, 41.316017 ], [ 69.28984, 41.315741 ], [ 69.28929, 41.315512 ], [ 69.288237, 41.315058 ] ] ] } },
{ "type": "Feature", "properties": { "osm_id": "422649756", "class_label_ru": "Основная велодорожка", "Туман": "Мирзо Улуғбек", "Длина": 255.54 }, "geometry": { "type": "MultiLineString", "coordinates": [ [ [ 69.286386, 41.314352 ], [ 69.285735, 41.315017 ], [ 69.285423, 41.315304 ], [ 69.285084, 41.315557 ], [ 69.28446, 41.315968 ], [ 69.284363, 41.316022 ], [ 69.284333070886177, 41.316038710421893 ] ] ] } },
{ "type": "Feature", "properties": { "osm_id": "422656013", "class_label_ru": "Основная велодорожка", "Туман": "Мирзо Улуғбек", "Длина": 191.61 }, "geometry": { "type": "MultiLineString", "coordinates": [ [ [ 69.290453, 41.316017 ], [ 69.29137, 41.316436 ], [ 69.292198, 41.31681 ], [ 69.292232, 41.316812 ], [ 69.292418, 41.316896 ] ] ] } },
{ "type": "Feature", "properties": { "osm_id": "422656015", "class_label_ru": "Основная велодорожка", "Туман": "Мирзо Улуғбек", "Длина": 151.46 }, "geometry": { "type": "MultiLineString", "coordinates": [ [ [ 69.30349, 41.321345 ], [ 69.303576, 41.321272 ], [ 69.303632, 41.321241 ], [ 69.30369, 41.321224 ], [ 69.304185, 41.321212 ], [ 69.304607, 41.321184 ], [ 69.305058, 41.321087 ], [ 69.305138, 41.321072 ], [ 69.305198, 41.321035 ] ] ] } },
{ "type": "Feature", "properties": { "osm_id": "475764049", "class_label_ru": "Основная велодорожка", "Туман": "Мирзо Улуғбек", "Длина": 1372.83 }, "geometry": { "type": "MultiLineString", "coordinates": [ [ [ 69.33729, 41.336272 ], [ 69.335429, 41.334512 ], [ 69.335062, 41.334165 ], [ 69.333644, 41.332824 ], [ 69.332781, 41.332009 ], [ 69.331573, 41.330866 ], [ 69.330912, 41.330241 ], [ 69.330637, 41.329981 ], [ 69.330506, 41.329857 ], [ 69.330077, 41.329451 ], [ 69.32988, 41.329265 ], [ 69.328543, 41.328001 ], [ 69.328436, 41.327897 ], [ 69.328445, 41.327743 ], [ 69.328161, 41.327471 ], [ 69.32791, 41.327431 ], [ 69.327789, 41.327324 ], [ 69.327451, 41.327002 ], [ 69.327282, 41.326852 ], [ 69.327117, 41.326682 ] ] ] } },
{ "type": "Feature", "properties": { "osm_id": "480220789", "class_label_ru": "Основная велодорожка", "Туман": "Юнусобод", "Длина": 314.75 }, "geometry": { "type": "MultiLineString", "coordinates": [ [ [ 69.287475, 41.348403 ], [ 69.287472, 41.348384 ], [ 69.287378, 41.347909 ], [ 69.287261, 41.347243 ], [ 69.287223, 41.347037 ], [ 69.287212, 41.346967 ], [ 69.287127, 41.346359 ], [ 69.286997, 41.345708 ], [ 69.28693, 41.345605 ] ] ] } },
{ "type": "Feature", "properties": { "osm_id": "480220918", "class_label_ru": "Велопереход", "Туман": "Юнусобод", "Длина": 9.54 }, "geometry": { "type": "MultiLineString", "coordinates": [ [ [ 69.287475, 41.348403 ], [ 69.287485, 41.348448 ], [ 69.287491, 41.348488 ] ] ] } },
{ "type": "Feature", "properties": { "osm_id": "480221095", "class_label_ru": "Основная велодорожка", "Туман": "Юнусобод", "Длина": 184.43 }, "geometry": { "type": "MultiLineString", "coordinates": [ [ [ 69.287596, 41.349436 ], [ 69.287623, 41.349549 ], [ 69.287679, 41.349585 ], [ 69.287733, 41.349649 ], [ 69.287789, 41.350076 ], [ 69.28787, 41.350419 ], [ 69.287985, 41.351026 ], [ 69.288, 41.351047 ] ] ] } },
{ "type": "Feature", "properties": { "osm_id": "480222306", "class_label_ru": "Основная велодорожка", "Туман": "Мирзо Улуғбек", "Длина": 667.9 }, "geometry": { "type": "MultiLineString", "coordinates": [ [ [ 69.294541, 41.317352 ], [ 69.294818, 41.317491 ], [ 69.294916, 41.317537 ], [ 69.295379, 41.317753 ], [ 69.29562, 41.317874 ], [ 69.296192, 41.318125 ], [ 69.296949, 41.318446 ], [ 69.297415, 41.318643 ], [ 69.298188, 41.318952 ], [ 69.298224, 41.319011 ], [ 69.299345, 41.319522 ], [ 69.301271, 41.320396 ], [ 69.301377, 41.320421 ] ] ] } },
{ "type": "Feature", "properties": { "osm_id": "480222521", "class_label_ru": "Основная велодорожка", "Туман": "Мирзо Улуғбек", "Длина": 296.86 }, "geometry": { "type": "MultiLineString", "coordinates": [ [ [ 69.301521, 41.320441 ], [ 69.301741, 41.320477 ], [ 69.302194, 41.320579 ], [ 69.302861, 41.320689 ], [ 69.303109, 41.320714 ], [ 69.303493, 41.320715 ], [ 69.303682, 41.320712 ], [ 69.304045, 41.320705 ], [ 69.304413, 41.320689 ], [ 69.304811, 41.320671 ], [ 69.30502, 41.320694 ] ] ] } },
{ "type": "Feature", "properties": { "osm_id": "481044980", "class_label_ru": "Совмещённая дорожка / тротуар", "Туман": "Мирзо Улуғбек", "Длина": 218.47 }, "geometry": { "type": "MultiLineString", "coordinates": [ [ [ 69.287311, 41.311422 ], [ 69.287252, 41.31097 ], [ 69.287207, 41.31065 ], [ 69.287152, 41.310428 ], [ 69.287034, 41.309959 ], [ 69.286973, 41.309826 ], [ 69.286822, 41.309498 ] ] ] } },
{ "type": "Feature", "properties": { "osm_id": "481044982", "class_label_ru": "Совмещённая дорожка / тротуар", "Туман": "Мирзо Улуғбек", "Длина": 673.25 }, "geometry": { "type": "MultiLineString", "coordinates": [ [ [ 69.286926, 41.309348 ], [ 69.287234, 41.309256 ], [ 69.288854, 41.308776 ], [ 69.288909, 41.309037 ], [ 69.289018, 41.309549 ], [ 69.289069, 41.309798 ], [ 69.2892, 41.311022 ], [ 69.289231, 41.31137 ], [ 69.289266, 41.311644 ], [ 69.288294, 41.311583 ], [ 69.287493, 41.311561 ], [ 69.287311, 41.311558 ], [ 69.287311, 41.311422 ] ] ] } },
{ "type": "Feature", "properties": { "osm_id": "481044983", "class_label_ru": "Совмещённая дорожка / тротуар", "Туман": "Мирзо Улуғбек", "Длина": 856.87 }, "geometry": { "type": "MultiLineString", "coordinates": [ [ [ 69.2867, 41.313902 ], [ 69.286746, 41.313823 ], [ 69.286765, 41.313783 ], [ 69.287083, 41.313133 ], [ 69.28717, 41.312828 ], [ 69.28725, 41.31248 ], [ 69.287286, 41.312139 ], [ 69.287308, 41.311743 ], [ 69.287498, 41.311743 ], [ 69.287796, 41.311754 ], [ 69.289223, 41.311867 ], [ 69.289172, 41.311934 ], [ 69.28911, 41.312119 ], [ 69.289015, 41.312419 ], [ 69.28892, 41.31264 ], [ 69.288879, 41.312747 ], [ 69.288732, 41.313078 ], [ 69.28851, 41.313498 ], [ 69.288148, 41.314251 ], [ 69.287966, 41.31455 ], [ 69.287622, 41.314403 ], [ 69.287016, 41.314146 ], [ 69.287029, 41.314127 ], [ 69.286905, 41.313986 ], [ 69.2867, 41.313902 ] ] ] } },
{ "type": "Feature", "properties": { "osm_id": "481044986", "class_label_ru": "Велопереход", "Туман": "Мирзо Улуғбек", "Длина": 41.03 }, "geometry": { "type": "MultiLineString", "coordinates": [ [ [ 69.2859, 41.314065 ], [ 69.286014, 41.314112 ], [ 69.286121, 41.314188 ], [ 69.286176, 41.314226 ], [ 69.286275, 41.314299 ] ] ] } },
{ "type": "Feature", "properties": { "osm_id": "481044988", "class_label_ru": "Совмещённая дорожка / тротуар", "Туман": "Мирзо Улуғбек", "Длина": 167.23 }, "geometry": { "type": "MultiLineString", "coordinates": [ [ [ 69.285936, 41.314012 ], [ 69.284524, 41.313381 ], [ 69.284386, 41.31339 ], [ 69.284202, 41.313303 ] ] ] } },
{ "type": "Feature", "properties": { "osm_id": "484509863", "class_label_ru": "Велопереход", "Туман": "Мирзо Улуғбек", "Длина": 8.83 }, "geometry": { "type": "MultiLineString", "coordinates": [ [ [ 69.30502, 41.320694 ], [ 69.305079, 41.320689 ], [ 69.305125, 41.320687 ] ] ] } },
{ "type": "Feature", "properties": { "osm_id": "520953633", "class_label_ru": "Основная велодорожка", "Туман": "Юнусобод", "Длина": 311.83 }, "geometry": { "type": "MultiLineString", "coordinates": [ [ [ 69.287472, 41.348384 ], [ 69.287841, 41.348371 ], [ 69.288008, 41.348366 ], [ 69.288184, 41.348362 ], [ 69.288314, 41.348365 ], [ 69.28841, 41.348379 ], [ 69.288505, 41.348405 ], [ 69.288638, 41.34845 ], [ 69.288884, 41.348537 ], [ 69.289001, 41.348586 ], [ 69.289136, 41.348645 ], [ 69.289271, 41.348714 ], [ 69.289374, 41.348783 ], [ 69.289434, 41.348818 ], [ 69.289469, 41.348848 ], [ 69.289481, 41.348852 ], [ 69.289498, 41.34884 ], [ 69.289503, 41.348791 ], [ 69.289502, 41.348738 ], [ 69.289496, 41.348686 ], [ 69.289483, 41.348645 ], [ 69.289452, 41.348605 ], [ 69.289403, 41.348569 ], [ 69.289368, 41.348545 ], [ 69.289318, 41.348523 ], [ 69.289248, 41.348496 ], [ 69.28914, 41.348467 ], [ 69.289049, 41.348439 ], [ 69.288925, 41.348404 ], [ 69.288814, 41.34837 ], [ 69.288713, 41.348327 ], [ 69.288632, 41.348286 ], [ 69.288556, 41.348244 ], [ 69.288465, 41.348179 ], [ 69.288432, 41.348165 ] ] ] } },
{ "type": "Feature", "properties": { "osm_id": "534855222", "class_label_ru": "Основная велодорожка", "Туман": "Яшнобод", "Длина": 263.4 }, "geometry": { "type": "MultiLineString", "coordinates": [ [ [ 69.308478, 41.306826 ], [ 69.309137, 41.307282 ], [ 69.310801, 41.308425 ] ] ] } },
{ "type": "Feature", "properties": { "osm_id": "539428191", "class_label_ru": "Основная велодорожка", "Туман": "Мирзо Улуғбек", "Длина": 14.99 }, "geometry": { "type": "MultiLineString", "coordinates": [ [ [ 69.302809, 41.32134 ], [ 69.302956, 41.321263 ] ] ] } },
{ "type": "Feature", "properties": { "osm_id": "563810634", "class_label_ru": "Основная велодорожка", "Туман": "Мирзо Улуғбек", "Длина": 709.85 }, "geometry": { "type": "MultiLineString", "coordinates": [ [ [ 69.309907, 41.321382 ], [ 69.312351, 41.322209 ], [ 69.312939, 41.3224 ], [ 69.313002, 41.322415 ], [ 69.313042, 41.322424 ], [ 69.313969, 41.322715 ], [ 69.314017, 41.322865 ], [ 69.315384, 41.323339 ], [ 69.315717, 41.323453 ], [ 69.317506, 41.324079 ] ] ] } },
{ "type": "Feature", "properties": { "osm_id": "563810635", "class_label_ru": "Велопереход", "Туман": "Мирзо Улуғбек", "Длина": 9.56 }, "geometry": { "type": "MultiLineString", "coordinates": [ [ [ 69.317506, 41.324079 ], [ 69.317612, 41.324111 ] ] ] } },
{ "type": "Feature", "properties": { "osm_id": "563810636", "class_label_ru": "Основная велодорожка", "Туман": "Мирзо Улуғбек", "Длина": 554.28 }, "geometry": { "type": "MultiLineString", "coordinates": [ [ [ 69.317612, 41.324111 ], [ 69.318829, 41.32445 ], [ 69.319849, 41.324727 ], [ 69.321166, 41.325071 ], [ 69.322204, 41.325339 ], [ 69.323322, 41.325517 ], [ 69.323914, 41.325612 ] ] ] } },
{ "type": "Feature", "properties": { "osm_id": "563810639", "class_label_ru": "Основная велодорожка", "Туман": "Мирзо Улуғбек", "Длина": 575.91 }, "geometry": { "type": "MultiLineString", "coordinates": [ [ [ 69.312073, 41.321638 ], [ 69.312847, 41.321923 ], [ 69.315748, 41.322996 ], [ 69.316064, 41.323112 ], [ 69.316338, 41.323208 ], [ 69.317827, 41.32373 ], [ 69.318272, 41.323885 ] ] ] } },
{ "type": "Feature", "properties": { "osm_id": "563810641", "class_label_ru": "Основная велодорожка", "Туман": "Мирзо Улуғбек", "Длина": 475.19 }, "geometry": { "type": "MultiLineString", "coordinates": [ [ [ 69.31852, 41.323953 ], [ 69.319237, 41.324179 ], [ 69.320008, 41.324403 ], [ 69.320054, 41.324415 ], [ 69.321114, 41.324698 ], [ 69.321734, 41.324879 ], [ 69.322261, 41.325019 ], [ 69.323128, 41.325155 ], [ 69.323905, 41.325263 ] ] ] } },
{ "type": "Feature", "properties": { "osm_id": "563810642", "class_label_ru": "Основная велодорожка", "Туман": "Мирзо Улуғбек", "Длина": 27.69 }, "geometry": { "type": "MultiLineString", "coordinates": [ [ [ 69.323905, 41.325263 ], [ 69.324225, 41.325326 ] ] ] } },
{ "type": "Feature", "properties": { "osm_id": "564582914", "class_label_ru": "Основная велодорожка", "Туман": "Мирзо Улуғбек", "Длина": 107.19 }, "geometry": { "type": "MultiLineString", "coordinates": [ [ [ 69.3706, 41.341034 ], [ 69.370464, 41.340276 ], [ 69.370434, 41.340077 ] ] ] } },
{ "type": "Feature", "properties": { "osm_id": "564582927", "class_label_ru": "Совмещённая дорожка / тротуар", "Туман": "Мирзо Улуғбек", "Длина": 1141.24 }, "geometry": { "type": "MultiLineString", "coordinates": [ [ [ 69.354331, 41.353061 ], [ 69.353572, 41.352355 ], [ 69.353522, 41.352308 ], [ 69.35278, 41.351575 ], [ 69.352216, 41.35108 ], [ 69.352147, 41.351093 ], [ 69.352064, 41.351107 ], [ 69.351167, 41.351667 ], [ 69.351115, 41.3517 ], [ 69.350979, 41.351788 ], [ 69.350314, 41.352203 ], [ 69.349952, 41.352416 ], [ 69.349305, 41.352811 ], [ 69.348306, 41.353438 ], [ 69.347453, 41.353945 ], [ 69.347115, 41.35415 ], [ 69.346895, 41.35428 ], [ 69.346374, 41.354595 ], [ 69.346169, 41.354724 ], [ 69.345349, 41.355219 ], [ 69.344397, 41.355792 ], [ 69.344333, 41.355833 ], [ 69.34421909668967, 41.355906872074456 ] ] ] } },
{ "type": "Feature", "properties": { "osm_id": "564582932", "class_label_ru": "Основная велодорожка", "Туман": "Мирзо Улуғбек", "Длина": 685.04 }, "geometry": { "type": "MultiLineString", "coordinates": [ [ [ 69.354004, 41.349414 ], [ 69.353606, 41.349654 ], [ 69.353209, 41.349899 ], [ 69.352929, 41.350071 ], [ 69.352281, 41.350447 ], [ 69.352221, 41.350403 ], [ 69.351574, 41.349798 ], [ 69.351347, 41.349606 ], [ 69.350556, 41.348835 ], [ 69.349959, 41.348253 ], [ 69.349917, 41.348212 ], [ 69.348697, 41.347063 ], [ 69.348549, 41.346924 ] ] ] } },
{ "type": "Feature", "properties": { "osm_id": "564596186", "class_label_ru": "Совмещённая дорожка / тротуар", "Туман": "Юнусобод", "Длина": 341.95 }, "geometry": { "type": "MultiLineString", "coordinates": [ [ [ 69.336334, 41.360593 ], [ 69.33709, 41.360023 ], [ 69.337294, 41.359863 ], [ 69.337348, 41.359822 ], [ 69.337478, 41.359721 ], [ 69.337521, 41.359596 ], [ 69.33755, 41.359462 ], [ 69.337466, 41.359327 ], [ 69.337349, 41.359136 ], [ 69.337178, 41.358857 ], [ 69.337003, 41.358602 ], [ 69.336938, 41.358509 ], [ 69.33664, 41.35803 ] ] ] } },
{ "type": "Feature", "properties": { "osm_id": "564789854", "class_label_ru": "Велопереход", "Туман": "Мирзо Улуғбек", "Длина": 31.09 }, "geometry": { "type": "MultiLineString", "coordinates": [ [ [ 69.33869, 41.338476 ], [ 69.338795, 41.338591 ], [ 69.338883, 41.338664 ], [ 69.33892, 41.338695 ] ] ] } },
{ "type": "Feature", "properties": { "osm_id": "564789855", "class_label_ru": "Основная велодорожка", "Туман": "Мирзо Улуғбек", "Длина": 1492.36 }, "geometry": { "type": "MultiLineString", "coordinates": [ [ [ 69.342364, 41.341088 ], [ 69.342267, 41.340994 ], [ 69.341079, 41.339852 ], [ 69.340889, 41.339663 ], [ 69.340766, 41.339547 ], [ 69.340406, 41.339202 ], [ 69.340014, 41.338853 ], [ 69.339645, 41.338517 ], [ 69.339564, 41.338442 ], [ 69.340265, 41.338031 ], [ 69.34085, 41.337675 ], [ 69.341463, 41.33731 ], [ 69.342092, 41.336936 ], [ 69.343583, 41.336033 ], [ 69.34431, 41.335586 ], [ 69.345792, 41.334676 ], [ 69.346492, 41.334275 ], [ 69.347811, 41.333487 ], [ 69.347862, 41.333456 ], [ 69.349213, 41.332657 ], [ 69.349264, 41.332655 ], [ 69.349319, 41.332646 ], [ 69.350034, 41.332234 ] ] ] } },
{ "type": "Feature", "properties": { "osm_id": "564789856", "class_label_ru": "Основная велодорожка", "Туман": "Мирзо Улуғбек", "Длина": 419.68 }, "geometry": { "type": "MultiLineString", "coordinates": [ [ [ 69.340527, 41.3402 ], [ 69.34013, 41.33982 ], [ 69.339644, 41.339366 ], [ 69.33954, 41.339274 ], [ 69.339151, 41.338903 ], [ 69.339099, 41.338851 ], [ 69.339029, 41.338787 ], [ 69.338746, 41.338944 ], [ 69.338327, 41.339161 ], [ 69.337979, 41.339366 ], [ 69.337909, 41.339413 ], [ 69.337815, 41.339475 ], [ 69.337482, 41.339717 ], [ 69.337262, 41.339852 ], [ 69.336979, 41.340004 ] ] ] } },
{ "type": "Feature", "properties": { "osm_id": "564789857", "class_label_ru": "Совмещённая дорожка / тротуар", "Туман": "Мирзо Улуғбек", "Длина": 971.07 }, "geometry": { "type": "MultiLineString", "coordinates": [ [ [ 69.329274, 41.329528 ], [ 69.329966, 41.330186 ], [ 69.331398, 41.331573 ], [ 69.332769, 41.332854 ], [ 69.33313, 41.333134 ], [ 69.334388, 41.334369 ], [ 69.334879, 41.33485 ], [ 69.33649, 41.336371 ] ] ] } },
{ "type": "Feature", "properties": { "osm_id": "564789858", "class_label_ru": "Основная велодорожка", "Туман": "Мирзо Улуғбек", "Длина": 1369.77 }, "geometry": { "type": "MultiLineString", "coordinates": [ [ [ 69.33729, 41.336272 ], [ 69.338109, 41.337048 ], [ 69.338178, 41.337115 ], [ 69.33894, 41.337853 ], [ 69.339248, 41.338142 ], [ 69.34024, 41.337543 ], [ 69.340563, 41.337356 ], [ 69.341788, 41.336607 ], [ 69.342148, 41.336395 ], [ 69.343744, 41.33544 ], [ 69.344001, 41.335279 ], [ 69.344939, 41.334711 ], [ 69.345207, 41.334544 ], [ 69.345974, 41.334065 ], [ 69.347148, 41.333318 ], [ 69.349518, 41.331889 ] ] ] } },
{ "type": "Feature", "properties": { "osm_id": "564789859", "class_label_ru": "Основная велодорожка", "Туман": "Мирзо Улуғбек", "Длина": 92.94 }, "geometry": { "type": "MultiLineString", "coordinates": [ [ [ 69.353719, 41.329443 ], [ 69.354514, 41.328973 ], [ 69.354564, 41.328946 ], [ 69.354595, 41.328929 ] ] ] } },
{ "type": "Feature", "properties": { "osm_id": "564789860", "class_label_ru": "Основная велодорожка", "Туман": "Мирзо Улуғбек", "Длина": 574.62 }, "geometry": { "type": "MultiLineString", "coordinates": [ [ [ 69.35906, 41.326275 ], [ 69.359073, 41.326228 ], [ 69.359507, 41.325945 ], [ 69.359774, 41.325788 ], [ 69.360136, 41.325577 ], [ 69.363405, 41.323629 ], [ 69.364096, 41.323219 ], [ 69.364316, 41.32306 ], [ 69.364332, 41.323002 ] ] ] } },
{ "type": "Feature", "properties": { "osm_id": "564789889", "class_label_ru": "Основная велодорожка", "Туман": "Мирзо Улуғбек", "Длина": 374.56 }, "geometry": { "type": "MultiLineString", "coordinates": [ [ [ 69.344561, 41.344052 ], [ 69.344546, 41.344037 ], [ 69.344367, 41.343868 ], [ 69.343656, 41.343197 ], [ 69.342759, 41.342297 ], [ 69.341794, 41.341402 ] ] ] } },
{ "type": "Feature", "properties": { "osm_id": "564789890", "class_label_ru": "Основная велодорожка", "Туман": "Мирзо Улуғбек", "Длина": 236.21 }, "geometry": { "type": "MultiLineString", "coordinates": [ [ [ 69.343371, 41.342044 ], [ 69.343858, 41.342452 ], [ 69.344782, 41.34336 ], [ 69.345043, 41.343607 ], [ 69.345136, 41.343702 ] ] ] } },
{ "type": "Feature", "properties": { "osm_id": "564789891", "class_label_ru": "Основная велодорожка", "Туман": "Мирзо Улуғбек", "Длина": 188.57 }, "geometry": { "type": "MultiLineString", "coordinates": [ [ [ 69.345339, 41.343896 ], [ 69.345271, 41.343943 ], [ 69.345398, 41.344058 ], [ 69.345803, 41.344447 ], [ 69.346341, 41.344944 ], [ 69.346618, 41.345216 ] ] ] } },
{ "type": "Feature", "properties": { "osm_id": "564789895", "class_label_ru": "Велопереход", "Туман": "Мирзо Улуғбек", "Длина": 42.29 }, "geometry": { "type": "MultiLineString", "coordinates": [ [ [ 69.344561, 41.344052 ], [ 69.344675, 41.344155 ], [ 69.344762, 41.344238 ], [ 69.344882, 41.344346 ] ] ] } },
{ "type": "Feature", "properties": { "osm_id": "564789896", "class_label_ru": "Основная велодорожка", "Туман": "Мирзо Улуғбек", "Длина": 305.75 }, "geometry": { "type": "MultiLineString", "coordinates": [ [ [ 69.344882, 41.344346 ], [ 69.344791, 41.34436 ], [ 69.34467, 41.344405 ], [ 69.344512, 41.344493 ], [ 69.34379, 41.344926 ], [ 69.343287, 41.345235 ], [ 69.342614, 41.345623 ], [ 69.341966, 41.345989 ] ] ] } },
{ "type": "Feature", "properties": { "osm_id": "564789897", "class_label_ru": "Основная велодорожка", "Туман": "Мирзо Улуғбек", "Длина": 164.97 }, "geometry": { "type": "MultiLineString", "coordinates": [ [ [ 69.344561, 41.344052 ], [ 69.343962, 41.344403 ], [ 69.343021, 41.344979 ] ] ] } },
{ "type": "Feature", "properties": { "osm_id": "585616528", "class_label_ru": "Совмещённая дорожка / тротуар", "Туман": "Мирзо Улуғбек", "Длина": 224.89 }, "geometry": { "type": "MultiLineString", "coordinates": [ [ [ 69.286741, 41.311471 ], [ 69.286538, 41.310449 ], [ 69.286488, 41.310304 ], [ 69.286241, 41.309622 ], [ 69.286079, 41.309565 ] ] ] } },
{ "type": "Feature", "properties": { "osm_id": "614770716", "class_label_ru": "Велопереход", "Туман": "Мирзо Улуғбек", "Длина": 18.21 }, "geometry": { "type": "MultiLineString", "coordinates": [ [ [ 69.323914, 41.325612 ], [ 69.323987, 41.325624 ], [ 69.324127, 41.325645 ] ] ] } },
{ "type": "Feature", "properties": { "osm_id": "614770720", "class_label_ru": "Основная велодорожка", "Туман": "Мирзо Улуғбек", "Длина": 73.32 }, "geometry": { "type": "MultiLineString", "coordinates": [ [ [ 69.324225, 41.325326 ], [ 69.324406, 41.324878 ], [ 69.324598, 41.324752 ] ] ] } },
{ "type": "Feature", "properties": { "osm_id": "614770724", "class_label_ru": "Основная велодорожка", "Туман": "Мирзо Улуғбек", "Длина": 130.79 }, "geometry": { "type": "MultiLineString", "coordinates": [ [ [ 69.325111, 41.326916 ], [ 69.3252, 41.326486 ], [ 69.325206, 41.32645 ], [ 69.325207, 41.326431 ], [ 69.325206, 41.326413 ], [ 69.325202, 41.326397 ], [ 69.325197, 41.32638 ], [ 69.325189, 41.326363 ], [ 69.32518, 41.326347 ], [ 69.324715, 41.32586 ] ] ] } },
{ "type": "Feature", "properties": { "osm_id": "614830740", "class_label_ru": "Основная велодорожка", "Туман": "Мирзо Улуғбек", "Длина": 51.57 }, "geometry": { "type": "MultiLineString", "coordinates": [ [ [ 69.294884, 41.314693 ], [ 69.29548, 41.31481 ] ] ] } },
{ "type": "Feature", "properties": { "osm_id": "619975817", "class_label_ru": "Основная велодорожка", "Туман": "Юнусобод", "Длина": 619.51 }, "geometry": { "type": "MultiLineString", "coordinates": [ [ [ 69.30607, 41.365955 ], [ 69.305983, 41.365983 ], [ 69.305836, 41.365886 ], [ 69.3057, 41.365743 ], [ 69.305503, 41.365576 ], [ 69.305349, 41.365359 ], [ 69.305515, 41.365141 ], [ 69.305663, 41.365017 ], [ 69.305842, 41.364933 ], [ 69.306027, 41.364966 ], [ 69.306236, 41.365109 ], [ 69.306273, 41.365229 ], [ 69.306131, 41.365363 ], [ 69.305953, 41.365484 ], [ 69.305854, 41.365521 ], [ 69.305805, 41.365428 ], [ 69.30586, 41.365294 ], [ 69.305934, 41.365137 ], [ 69.305897, 41.365081 ], [ 69.305731, 41.365123 ], [ 69.305571, 41.365313 ], [ 69.305614, 41.365488 ], [ 69.305768, 41.365599 ], [ 69.305891, 41.365664 ], [ 69.306088, 41.365595 ], [ 69.306286, 41.365414 ], [ 69.306421, 41.365308 ], [ 69.306532, 41.365363 ], [ 69.306643, 41.365484 ], [ 69.306742, 41.365585 ], [ 69.306828, 41.365645 ], [ 69.306822, 41.36571 ], [ 69.306735, 41.365719 ], [ 69.306612, 41.365664 ], [ 69.306421, 41.365595 ], [ 69.306236, 41.365599 ], [ 69.306131, 41.365655 ], [ 69.306107, 41.365784 ], [ 69.30607, 41.365955 ] ] ] } },
{ "type": "Feature", "properties": { "osm_id": "628555394", "class_label_ru": "Основная велодорожка", "Туман": "Юнусобод", "Длина": 63.96 }, "geometry": { "type": "MultiLineString", "coordinates": [ [ [ 69.286966, 41.348373 ], [ 69.286986, 41.348416 ], [ 69.287042, 41.348683 ], [ 69.287099, 41.348732 ], [ 69.287135, 41.348925 ] ] ] } },
{ "type": "Feature", "properties": { "osm_id": "628555395", "class_label_ru": "Велопереход", "Туман": "Юнусобод", "Длина": 41.16 }, "geometry": { "type": "MultiLineString", "coordinates": [ [ [ 69.28689, 41.348007 ], [ 69.286927, 41.348157 ], [ 69.286957, 41.348314 ], [ 69.286966, 41.348373 ] ] ] } },
{ "type": "Feature", "properties": { "osm_id": "631818781", "class_label_ru": "Основная велодорожка", "Туман": "Мирзо Улуғбек", "Длина": 317.1 }, "geometry": { "type": "MultiLineString", "coordinates": [ [ [ 69.296833, 41.310357 ], [ 69.297112, 41.310381 ], [ 69.297128, 41.310474 ], [ 69.297128, 41.31071 ], [ 69.297032, 41.311394 ], [ 69.296887, 41.311909 ], [ 69.296709, 41.312404 ], [ 69.296699, 41.31243 ], [ 69.296439, 41.312954 ] ] ] } },
{ "type": "Feature", "properties": { "osm_id": "633817915", "class_label_ru": "Основная велодорожка", "Туман": "Юнусобод", "Длина": 345.62 }, "geometry": { "type": "MultiLineString", "coordinates": [ [ [ 69.28059, 41.316578 ], [ 69.279229, 41.316873 ], [ 69.277178, 41.317342 ], [ 69.276793, 41.317427 ], [ 69.276632, 41.317461 ] ] ] } },
{ "type": "Feature", "properties": { "osm_id": "633826978", "class_label_ru": "Основная велодорожка", "Туман": "Юнусобод", "Длина": 1.36 }, "geometry": { "type": "MultiLineString", "coordinates": [ [ [ 69.281259, 41.316929 ], [ 69.281262, 41.316941 ] ] ] } },
{ "type": "Feature", "properties": { "osm_id": "633826980", "class_label_ru": "Велопереход", "Туман": "Юнусобод", "Длина": 39.7 }, "geometry": { "type": "MultiLineString", "coordinates": [ [ [ 69.280798, 41.317014 ], [ 69.28091, 41.316995 ], [ 69.281128, 41.316964 ], [ 69.281237, 41.316946 ], [ 69.281262, 41.316941 ] ] ] } },
{ "type": "Feature", "properties": { "osm_id": "633827280", "class_label_ru": "Велопереход", "Туман": "Юнусобод", "Длина": 54.45 }, "geometry": { "type": "MultiLineString", "coordinates": [ [ [ 69.281259, 41.316929 ], [ 69.281202, 41.316777 ], [ 69.281146, 41.316621 ], [ 69.281093, 41.316455 ] ] ] } },
{ "type": "Feature", "properties": { "osm_id": "633827281", "class_label_ru": "Велопереход", "Туман": "Юнусобод", "Длина": 35.17 }, "geometry": { "type": "MultiLineString", "coordinates": [ [ [ 69.281093, 41.316455 ], [ 69.281072, 41.316462 ], [ 69.281018, 41.31648 ], [ 69.280816, 41.316539 ], [ 69.280697, 41.316557 ] ] ] } },
{ "type": "Feature", "properties": { "osm_id": "633827282", "class_label_ru": "Основная велодорожка", "Туман": "Юнусобод", "Длина": 9.26 }, "geometry": { "type": "MultiLineString", "coordinates": [ [ [ 69.280697, 41.316557 ], [ 69.28059, 41.316578 ] ] ] } },
{ "type": "Feature", "properties": { "osm_id": "633827283", "class_label_ru": "Велопереход", "Туман": "Юнусобод", "Длина": 51.21 }, "geometry": { "type": "MultiLineString", "coordinates": [ [ [ 69.28059, 41.316578 ], [ 69.280636, 41.316736 ], [ 69.28068, 41.316889 ], [ 69.28071, 41.31703 ] ] ] } },
{ "type": "Feature", "properties": { "osm_id": "633828423", "class_label_ru": "Основная велодорожка", "Туман": "Юнусобод", "Длина": 142.77 }, "geometry": { "type": "MultiLineString", "coordinates": [ [ [ 69.280401, 41.315291 ], [ 69.280595, 41.316129 ], [ 69.280697, 41.316557 ] ] ] } },
{ "type": "Feature", "properties": { "osm_id": "653499126", "class_label_ru": "Основная велодорожка", "Туман": "Юнусобод", "Длина": 92.54 }, "geometry": { "type": "MultiLineString", "coordinates": [ [ [ 69.283275, 41.328611 ], [ 69.283145, 41.327966 ], [ 69.283109, 41.327917 ], [ 69.283072, 41.327895 ], [ 69.283027, 41.327887 ], [ 69.282993, 41.327883 ], [ 69.282986, 41.327855 ] ] ] } },
{ "type": "Feature", "properties": { "osm_id": "653499127", "class_label_ru": "Основная велодорожка", "Туман": "Юнусобод", "Длина": 106.39 }, "geometry": { "type": "MultiLineString", "coordinates": [ [ [ 69.283224, 41.326533 ], [ 69.283432, 41.327478 ] ] ] } },
{ "type": "Feature", "properties": { "osm_id": "732166145", "class_label_ru": "Основная велодорожка", "Туман": "Мирзо Улуғбек", "Длина": 837.06 }, "geometry": { "type": "MultiLineString", "coordinates": [ [ [ 69.294169, 41.317678 ], [ 69.294348, 41.317764 ], [ 69.294861, 41.317972 ], [ 69.294995, 41.318069 ], [ 69.295689, 41.318344 ], [ 69.296723, 41.318767 ], [ 69.297092, 41.318924 ], [ 69.29863, 41.319628 ], [ 69.29909, 41.319821 ], [ 69.299181, 41.319861 ], [ 69.300191, 41.32031 ], [ 69.300742, 41.320573 ], [ 69.301119, 41.320721 ], [ 69.301276, 41.320771 ], [ 69.302403, 41.321127 ], [ 69.302636, 41.321242 ], [ 69.302809, 41.32134 ], [ 69.302837, 41.321384 ] ] ] } },
{ "type": "Feature", "properties": { "osm_id": "791448428", "class_label_ru": "Совмещённая дорожка / тротуар", "Туман": "Мирзо Улуғбек", "Длина": 39.61 }, "geometry": { "type": "MultiLineString", "coordinates": [ [ [ 69.312867, 41.318673 ], [ 69.312595, 41.318806 ], [ 69.312508152988528, 41.318748618938848 ] ], [ [ 69.312508152891951, 41.318748618875034 ], [ 69.312483, 41.318732 ] ] ] } },
{ "type": "Feature", "properties": { "osm_id": "847332386", "class_label_ru": "Велопереход", "Туман": "Мирзо Улуғбек", "Длина": 49.02 }, "geometry": { "type": "MultiLineString", "coordinates": [ [ [ 69.330425, 41.329912 ], [ 69.330349, 41.329958 ], [ 69.33019, 41.330054 ], [ 69.329966, 41.330186 ] ] ] } },
{ "type": "Feature", "properties": { "osm_id": "849576705", "class_label_ru": "Основная велодорожка", "Туман": "Юнусобод", "Длина": 256.5 }, "geometry": { "type": "MultiLineString", "coordinates": [ [ [ 69.28689, 41.348007 ], [ 69.286843, 41.347665 ], [ 69.286835, 41.347588 ], [ 69.28679, 41.347303 ], [ 69.286655, 41.346679 ], [ 69.286571, 41.346165 ], [ 69.286498, 41.345717 ] ] ] } },
{ "type": "Feature", "properties": { "osm_id": "852140053", "class_label_ru": "Основная велодорожка", "Туман": "Мирзо Улуғбек", "Длина": 2.5 }, "geometry": { "type": "MultiLineString", "coordinates": [ [ [ 69.288237, 41.315058 ], [ 69.288211, 41.315047 ] ] ] } },
{ "type": "Feature", "properties": { "osm_id": "852140054", "class_label_ru": "Велопереход", "Туман": "Мирзо Улуғбек", "Длина": 10.42 }, "geometry": { "type": "MultiLineString", "coordinates": [ [ [ 69.288211, 41.315047 ], [ 69.288139, 41.315016 ], [ 69.288105, 41.314998 ] ] ] } },
{ "type": "Feature", "properties": { "osm_id": "852140055", "class_label_ru": "Велопереход", "Туман": "Мирзо Улуғбек", "Длина": 19.14 }, "geometry": { "type": "MultiLineString", "coordinates": [ [ [ 69.287959, 41.314929 ], [ 69.287848, 41.314881 ], [ 69.287754, 41.314854 ] ] ] } },
{ "type": "Feature", "properties": { "osm_id": "852140056", "class_label_ru": "Основная велодорожка", "Туман": "Мирзо Улуғбек", "Длина": 14.43 }, "geometry": { "type": "MultiLineString", "coordinates": [ [ [ 69.288105, 41.314998 ], [ 69.28804, 41.314967 ], [ 69.287959, 41.314929 ] ] ] } },
{ "type": "Feature", "properties": { "osm_id": "852140057", "class_label_ru": "Совмещённая дорожка / тротуар", "Туман": "Мирзо Улуғбек", "Длина": 11.0 }, "geometry": { "type": "MultiLineString", "coordinates": [ [ [ 69.286386, 41.314352 ], [ 69.286363, 41.314341 ], [ 69.286275, 41.314299 ] ] ] } },
{ "type": "Feature", "properties": { "osm_id": "852159624", "class_label_ru": "Основная велодорожка", "Туман": "Мирзо Улуғбек", "Длина": 16.89 }, "geometry": { "type": "MultiLineString", "coordinates": [ [ [ 69.302837, 41.321384 ], [ 69.303033, 41.321348 ] ] ] } },
{ "type": "Feature", "properties": { "osm_id": "852159625", "class_label_ru": "Основная велодорожка", "Туман": "Мирзо Улуғбек", "Длина": 3.36 }, "geometry": { "type": "MultiLineString", "coordinates": [ [ [ 69.303456, 41.321329 ], [ 69.30349, 41.321345 ] ] ] } },
{ "type": "Feature", "properties": { "osm_id": "915518604", "class_label_ru": "Основная велодорожка", "Туман": "Мирзо Улуғбек", "Длина": 11.32 }, "geometry": { "type": "MultiLineString", "coordinates": [ [ [ 69.335986, 41.340081 ], [ 69.33586, 41.340118 ] ] ] } },
{ "type": "Feature", "properties": { "osm_id": "942518198", "class_label_ru": "Основная велодорожка", "Туман": "Мирзо Улуғбек", "Длина": 51.55 }, "geometry": { "type": "MultiLineString", "coordinates": [ [ [ 69.305166, 41.320734 ], [ 69.30578, 41.320699 ] ] ] } },
{ "type": "Feature", "properties": { "osm_id": "942518199", "class_label_ru": "Основная велодорожка", "Туман": "Мирзо Улуғбек", "Длина": 8.45 }, "geometry": { "type": "MultiLineString", "coordinates": [ [ [ 69.305125, 41.320687 ], [ 69.305132, 41.320737 ], [ 69.305166, 41.320734 ] ] ] } },
{ "type": "Feature", "properties": { "osm_id": "961278726", "class_label_ru": "Основная велодорожка", "Туман": "Мирзо Улуғбек", "Длина": 877.85 }, "geometry": { "type": "MultiLineString", "coordinates": [ [ [ 69.29764, 41.310372 ], [ 69.297616, 41.310683 ], [ 69.297584, 41.310836 ], [ 69.297398, 41.31165 ], [ 69.297211, 41.312279 ], [ 69.296906, 41.312888 ], [ 69.296567, 41.313411 ], [ 69.296058, 41.314225 ], [ 69.296039, 41.314265 ], [ 69.295854, 41.314658 ], [ 69.29598, 41.314685 ], [ 69.296149, 41.314721 ], [ 69.296371, 41.314768 ], [ 69.296724, 41.314842 ], [ 69.297349, 41.314975 ], [ 69.298422, 41.315202 ], [ 69.298672, 41.315278 ], [ 69.299092, 41.315506 ], [ 69.299924, 41.315953 ] ] ] } },
{ "type": "Feature", "properties": { "osm_id": "961485857", "class_label_ru": "Основная велодорожка", "Туман": "Мирзо Улуғбек", "Длина": 821.81 }, "geometry": { "type": "MultiLineString", "coordinates": [ [ [ 69.3706, 41.341034 ], [ 69.370657, 41.341177 ], [ 69.370803, 41.341161 ], [ 69.372634, 41.34077 ], [ 69.37316, 41.340671 ], [ 69.373739, 41.34058 ], [ 69.374331, 41.340474 ], [ 69.37487, 41.340342 ], [ 69.375325, 41.34021 ], [ 69.375411, 41.340176 ], [ 69.375816, 41.340004 ], [ 69.376086, 41.339874 ], [ 69.376347, 41.339721 ], [ 69.376608, 41.339565 ], [ 69.377032, 41.33929 ], [ 69.377472, 41.338915 ], [ 69.377775, 41.33861 ], [ 69.377986, 41.338271 ], [ 69.378122, 41.338076 ], [ 69.378215, 41.337943 ], [ 69.378217, 41.337889 ], [ 69.378203, 41.337841 ], [ 69.378185, 41.337808 ], [ 69.378155, 41.337779 ], [ 69.378079, 41.337737 ], [ 69.377935, 41.337653 ] ] ] } },
{ "type": "Feature", "properties": { "osm_id": "978399814", "class_label_ru": "Велопереход", "Туман": "Мирзо Улуғбек", "Длина": 29.75 }, "geometry": { "type": "MultiLineString", "coordinates": [ [ [ 69.335583, 41.34037 ], [ 69.33562, 41.340406 ], [ 69.335655, 41.34044 ], [ 69.335763, 41.340519 ], [ 69.335809, 41.340575 ] ] ] } },
{ "type": "Feature", "properties": { "osm_id": "1010234663", "class_label_ru": "Совмещённая дорожка / тротуар", "Туман": "Мирзо Улуғбек", "Длина": 6.61 }, "geometry": { "type": "MultiLineString", "coordinates": [ [ [ 69.2859, 41.314065 ], [ 69.285936, 41.314012 ] ] ] } },
{ "type": "Feature", "properties": { "osm_id": "1010234664", "class_label_ru": "Основная велодорожка", "Туман": "Мирзо Улуғбек", "Длина": 67.53 }, "geometry": { "type": "MultiLineString", "coordinates": [ [ [ 69.287754, 41.314854 ], [ 69.287559, 41.314773 ], [ 69.287233, 41.31463 ], [ 69.287054, 41.314552 ] ] ] } },
{ "type": "Feature", "properties": { "osm_id": "1010234665", "class_label_ru": "Основная велодорожка", "Туман": "Мирзо Улуғбек", "Длина": 78.15 }, "geometry": { "type": "MultiLineString", "coordinates": [ [ [ 69.287054, 41.314552 ], [ 69.286997, 41.314445 ], [ 69.286493, 41.314233 ], [ 69.286467, 41.314233 ], [ 69.286451, 41.314246 ], [ 69.286363, 41.314341 ] ] ] } },
{ "type": "Feature", "properties": { "osm_id": "1020478780", "class_label_ru": "Основная велодорожка", "Туман": "Яшнобод", "Длина": 200.74 }, "geometry": { "type": "MultiLineString", "coordinates": [ [ [ 69.311253, 41.308879 ], [ 69.311935, 41.309985 ], [ 69.311976, 41.310038 ], [ 69.312258, 41.310465 ], [ 69.312285, 41.31051 ] ] ] } },
{ "type": "Feature", "properties": { "osm_id": "1056632081", "class_label_ru": "Основная велодорожка", "Туман": "Мирзо Улуғбек", "Длина": 1850.27 }, "geometry": { "type": "MultiLineString", "coordinates": [ [ [ 69.441918, 41.331345 ], [ 69.441906, 41.331396 ], [ 69.441874, 41.33153 ], [ 69.441814, 41.331676 ], [ 69.441712, 41.331848 ], [ 69.441564, 41.332008 ], [ 69.441377, 41.332151 ], [ 69.44131, 41.332202 ], [ 69.441105, 41.332307 ], [ 69.440912, 41.332389 ], [ 69.440673, 41.332451 ], [ 69.44064, 41.332459 ], [ 69.440395, 41.332504 ], [ 69.440151, 41.332515 ], [ 69.439919, 41.332491 ], [ 69.439908, 41.332489 ], [ 69.439722, 41.332453 ], [ 69.439493, 41.332388 ], [ 69.439291, 41.332283 ], [ 69.439277, 41.332273 ], [ 69.439127, 41.332165 ], [ 69.438977, 41.331984 ], [ 69.438843, 41.331829 ], [ 69.43871, 41.331704 ], [ 69.438581, 41.331606 ], [ 69.438443, 41.331522 ], [ 69.438297, 41.331441 ], [ 69.438159, 41.331379 ], [ 69.43802, 41.331336 ], [ 69.437977, 41.331319 ], [ 69.437771, 41.331277 ], [ 69.437684, 41.331258 ], [ 69.4376, 41.331252 ], [ 69.437393, 41.331238 ], [ 69.437115, 41.331243 ], [ 69.436893, 41.33126 ], [ 69.436828, 41.331268 ], [ 69.436753, 41.331288 ], [ 69.436724, 41.331295 ], [ 69.436631, 41.331321 ], [ 69.43653, 41.331353 ], [ 69.436275, 41.331451 ], [ 69.436057, 41.33156 ], [ 69.43592, 41.331604 ], [ 69.435794, 41.331648 ], [ 69.435533, 41.331693 ], [ 69.435319, 41.331695 ], [ 69.435108, 41.331679 ], [ 69.43496, 41.331653 ], [ 69.434769, 41.331619 ], [ 69.434671, 41.33159 ], [ 69.434592, 41.331553 ], [ 69.434438, 41.33146 ], [ 69.434299, 41.331347 ], [ 69.434184, 41.331248 ], [ 69.43407, 41.331109 ], [ 69.434025, 41.331044 ], [ 69.433992, 41.330996 ], [ 69.433947, 41.330863 ], [ 69.433921, 41.330694 ], [ 69.433917, 41.330497 ], [ 69.433951, 41.330374 ], [ 69.43396, 41.330351 ], [ 69.433986, 41.330281 ], [ 69.434051, 41.330108 ], [ 69.434058, 41.330089 ], [ 69.434057, 41.330031 ], [ 69.434056, 41.329932 ], [ 69.434014, 41.329785 ], [ 69.433991, 41.329751 ], [ 69.433907, 41.329629 ], [ 69.433744, 41.329495 ], [ 69.433721, 41.329476 ], [ 69.433489, 41.329366 ], [ 69.43345, 41.329348 ], [ 69.433177, 41.329223 ], [ 69.432879, 41.329087 ], [ 69.432643, 41.328969 ], [ 69.432571, 41.328938 ], [ 69.432352, 41.328813 ], [ 69.432267, 41.328733 ], [ 69.432246, 41.328716 ], [ 69.432232, 41.328705 ], [ 69.432178, 41.328662 ], [ 69.432066, 41.328533 ], [ 69.431942, 41.328354 ], [ 69.431857, 41.328175 ], [ 69.431814, 41.328 ], [ 69.431809, 41.327937 ], [ 69.431802, 41.32784 ], [ 69.431809, 41.327733 ], [ 69.431843, 41.327578 ], [ 69.431887, 41.32744 ], [ 69.431891, 41.327432 ], [ 69.431931, 41.327346 ], [ 69.432013, 41.327201 ], [ 69.432108, 41.327099 ], [ 69.432213, 41.326987 ], [ 69.432283, 41.326927 ], [ 69.432321, 41.326895 ], [ 69.432364, 41.326865 ], [ 69.432401, 41.32684 ], [ 69.432561, 41.326736 ], [ 69.432641, 41.326685 ], [ 69.432863, 41.326592 ], [ 69.433181, 41.326495 ], [ 69.433525, 41.326425 ], [ 69.433961, 41.326371 ], [ 69.434372, 41.326358 ], [ 69.43465, 41.326364 ], [ 69.434831, 41.326372 ], [ 69.434996, 41.326389 ], [ 69.435139, 41.326397 ], [ 69.435268, 41.326395 ], [ 69.435418, 41.326383 ], [ 69.435535, 41.326373 ], [ 69.435671, 41.326347 ], [ 69.435891, 41.326285 ], [ 69.43607, 41.326214 ], [ 69.436235, 41.32612 ], [ 69.436407, 41.326003 ], [ 69.436618, 41.325819 ], [ 69.43681, 41.325688 ], [ 69.436947, 41.325616 ], [ 69.43717, 41.32551 ], [ 69.437334, 41.325453 ] ] ] } },
{ "type": "Feature", "properties": { "osm_id": "1060958524", "class_label_ru": "Основная велодорожка", "Туман": "Мирзо Улуғбек", "Длина": 435.77 }, "geometry": { "type": "MultiLineString", "coordinates": [ [ [ 69.442321, 41.32467 ], [ 69.442061, 41.324609 ], [ 69.441874, 41.324576 ], [ 69.441562, 41.324569 ], [ 69.441337, 41.32458 ], [ 69.441125, 41.32462 ], [ 69.440859, 41.324672 ], [ 69.440705, 41.32473 ], [ 69.440495, 41.324806 ], [ 69.440333, 41.3249 ], [ 69.440175, 41.325013 ], [ 69.440088, 41.325065 ], [ 69.44, 41.325123 ], [ 69.439805, 41.325216 ], [ 69.439677, 41.325263 ], [ 69.439583, 41.325293 ], [ 69.439526, 41.325305 ], [ 69.439323, 41.325353 ], [ 69.439121, 41.325376 ], [ 69.438937, 41.325381 ], [ 69.438694, 41.325373 ], [ 69.438485, 41.325352 ], [ 69.438258, 41.325327 ], [ 69.43799, 41.325333 ], [ 69.437749, 41.32536 ], [ 69.437591, 41.325388 ], [ 69.437436, 41.325422 ] ] ] } },
{ "type": "Feature", "properties": { "osm_id": "1060959956", "class_label_ru": "Основная велодорожка", "Туман": "Мирзо Улуғбек", "Длина": 1123.88 }, "geometry": { "type": "MultiLineString", "coordinates": [ [ [ 69.433936, 41.332711 ], [ 69.433456, 41.331951 ], [ 69.433064, 41.331452 ], [ 69.432727, 41.331015 ], [ 69.432627, 41.330899 ], [ 69.432547, 41.330797 ], [ 69.432264, 41.330442 ], [ 69.431854, 41.32992 ], [ 69.431294, 41.329223 ], [ 69.43114, 41.32896 ], [ 69.430726, 41.32842 ], [ 69.430438, 41.328063 ], [ 69.429815, 41.327281 ], [ 69.429661, 41.327104 ], [ 69.429621, 41.327044 ], [ 69.429594, 41.326986 ], [ 69.429567, 41.326853 ], [ 69.429578, 41.326806 ], [ 69.429603, 41.326744 ], [ 69.429628, 41.32669 ], [ 69.429688, 41.326625 ], [ 69.429829, 41.32653 ], [ 69.429942, 41.326503 ], [ 69.430248, 41.326464 ], [ 69.431308, 41.326385 ], [ 69.432569, 41.326232 ], [ 69.433743, 41.32605 ] ] ] } },
{ "type": "Feature", "properties": { "osm_id": "1065518534", "class_label_ru": "Основная велодорожка", "Туман": "Мирзо Улуғбек", "Длина": 447.86 }, "geometry": { "type": "MultiLineString", "coordinates": [ [ [ 69.377746, 41.336617 ], [ 69.377087, 41.336455 ], [ 69.376853, 41.33639 ], [ 69.376652, 41.33634 ], [ 69.376393, 41.336279 ], [ 69.375317, 41.335999 ], [ 69.3752, 41.335968 ], [ 69.374776, 41.335875 ], [ 69.373385, 41.335572 ], [ 69.372643, 41.335409 ] ] ] } },
{ "type": "Feature", "properties": { "osm_id": "1077773814", "class_label_ru": "Основная велодорожка", "Туман": "Юнусобод", "Длина": 149.15 }, "geometry": { "type": "MultiLineString", "coordinates": [ [ [ 69.3038, 41.360007 ], [ 69.304351, 41.359695 ], [ 69.304887, 41.35937 ], [ 69.305202, 41.359178 ] ] ] } },
{ "type": "Feature", "properties": { "osm_id": "1078114013", "class_label_ru": "Основная велодорожка", "Туман": "Мирзо Улуғбек", "Длина": 17.08 }, "geometry": { "type": "MultiLineString", "coordinates": [ [ [ 69.442512, 41.324724 ], [ 69.442321, 41.32467 ] ] ] } },
{ "type": "Feature", "properties": { "osm_id": "1078132887", "class_label_ru": "Основная велодорожка", "Туман": "Мирзо Улуғбек", "Длина": 612.47 }, "geometry": { "type": "MultiLineString", "coordinates": [ [ [ 69.442218, 41.32989 ], [ 69.442361, 41.329854 ], [ 69.442499, 41.32982 ], [ 69.442957, 41.329715 ], [ 69.443482, 41.329498 ], [ 69.443621, 41.329416 ], [ 69.443822, 41.329287 ], [ 69.443899, 41.329211 ], [ 69.444014, 41.329102 ], [ 69.444059, 41.329054 ], [ 69.444202, 41.328883 ], [ 69.444243, 41.328834 ], [ 69.444301, 41.328723 ], [ 69.444321, 41.328623 ], [ 69.444318, 41.328449 ], [ 69.444279, 41.328266 ], [ 69.444262, 41.328191 ], [ 69.444272, 41.328098 ], [ 69.444286, 41.328042 ], [ 69.444349, 41.327904 ], [ 69.44438, 41.327795 ], [ 69.444367, 41.327679 ], [ 69.444371, 41.327654 ], [ 69.444377, 41.327629 ], [ 69.444384, 41.327609 ], [ 69.444407, 41.327573 ], [ 69.444417, 41.327558 ], [ 69.444443, 41.327516 ], [ 69.444469, 41.327467 ], [ 69.444466, 41.327408 ], [ 69.444452, 41.32737 ], [ 69.4444, 41.327293 ], [ 69.444315, 41.327194 ], [ 69.444182, 41.326987 ], [ 69.444149, 41.326917 ], [ 69.44412, 41.326789 ], [ 69.444096, 41.326699 ], [ 69.444059, 41.32663 ], [ 69.444028, 41.326546 ], [ 69.444026, 41.326506 ], [ 69.444036, 41.326461 ], [ 69.444044, 41.326452 ], [ 69.444119, 41.326361 ], [ 69.444161, 41.326295 ], [ 69.444186, 41.32622 ], [ 69.444179, 41.326112 ], [ 69.444137, 41.325989 ], [ 69.444047, 41.32585 ], [ 69.443919, 41.32574 ], [ 69.443785, 41.325666 ], [ 69.443636, 41.325615 ], [ 69.443596, 41.325593 ], [ 69.443582, 41.325576 ] ] ] } },
{ "type": "Feature", "properties": { "osm_id": "1078132889", "class_label_ru": "Основная велодорожка", "Туман": "Мирзо Улуғбек", "Длина": 29.39 }, "geometry": { "type": "MultiLineString", "coordinates": [ [ [ 69.443582, 41.325576 ], [ 69.443406, 41.325347 ] ] ] } },
{ "type": "Feature", "properties": { "osm_id": "1078132890", "class_label_ru": "Основная велодорожка", "Туман": "Мирзо Улуғбек", "Длина": 103.29 }, "geometry": { "type": "MultiLineString", "coordinates": [ [ [ 69.443406, 41.325347 ], [ 69.443294, 41.325271 ], [ 69.443179, 41.32515 ], [ 69.443035, 41.325002 ], [ 69.442732, 41.324817 ], [ 69.442512, 41.324724 ] ] ] } },
{ "type": "Feature", "properties": { "osm_id": "1078132900", "class_label_ru": "Основная велодорожка", "Туман": "Мирзо Улуғбек", "Длина": 180.02 }, "geometry": { "type": "MultiLineString", "coordinates": [ [ [ 69.442218, 41.32989 ], [ 69.442077, 41.329943 ], [ 69.441929, 41.330049 ], [ 69.441867, 41.330111 ], [ 69.44177, 41.330259 ], [ 69.44174, 41.330389 ], [ 69.441734, 41.330415 ], [ 69.441733, 41.330462 ], [ 69.441739, 41.330516 ], [ 69.441746, 41.330573 ], [ 69.441835, 41.330798 ], [ 69.441901, 41.330989 ], [ 69.441922, 41.331216 ], [ 69.441918, 41.331345 ] ] ] } },
{ "type": "Feature", "properties": { "osm_id": "1080192239", "class_label_ru": "Основная велодорожка", "Туман": "Мирзо Улуғбек", "Длина": 170.49 }, "geometry": { "type": "MultiLineString", "coordinates": [ [ [ 69.340527, 41.3402 ], [ 69.340868, 41.340519 ], [ 69.341709, 41.341322 ], [ 69.341794, 41.341402 ] ] ] } },
{ "type": "Feature", "properties": { "osm_id": "1082490833", "class_label_ru": "Основная велодорожка", "Туман": "Мирзо Улуғбек", "Длина": 2320.75 }, "geometry": { "type": "MultiLineString", "coordinates": [ [ [ 69.412557, 41.324583 ], [ 69.413229, 41.324695 ], [ 69.414797, 41.324949 ], [ 69.41637, 41.325192 ], [ 69.41889, 41.325549 ], [ 69.420463, 41.325773 ], [ 69.421265, 41.325888 ], [ 69.421498, 41.325905 ], [ 69.421663, 41.325929 ], [ 69.421878, 41.325961 ], [ 69.422098, 41.325993 ], [ 69.422554, 41.326056 ], [ 69.422804, 41.32612 ], [ 69.423001, 41.326153 ], [ 69.423168, 41.326174 ], [ 69.423332, 41.326163 ], [ 69.42343, 41.326176 ], [ 69.42418, 41.326274 ], [ 69.424333, 41.326294 ], [ 69.424429, 41.326312 ], [ 69.424811, 41.326356 ], [ 69.425203, 41.326397 ], [ 69.426308, 41.32647 ], [ 69.426385, 41.326475 ], [ 69.426455, 41.326477 ], [ 69.426522, 41.32648 ], [ 69.427205, 41.326514 ], [ 69.427665, 41.326524 ], [ 69.428603, 41.326543 ], [ 69.428659, 41.326554 ], [ 69.428712, 41.326569 ], [ 69.428753, 41.326583 ], [ 69.428779, 41.326594 ], [ 69.428801, 41.326608 ], [ 69.428825, 41.326627 ], [ 69.428847, 41.32665 ], [ 69.428918, 41.32673 ], [ 69.428991, 41.326826 ], [ 69.430361, 41.328566 ], [ 69.430439, 41.328659 ], [ 69.430775, 41.329092 ], [ 69.431008, 41.329327 ], [ 69.431889, 41.330424 ], [ 69.432224, 41.330834 ], [ 69.433347, 41.332301 ], [ 69.433477, 41.332479 ], [ 69.433791, 41.332907 ], [ 69.434179, 41.333535 ], [ 69.434205, 41.333602 ], [ 69.434201, 41.333635 ], [ 69.434119, 41.333706 ], [ 69.434099, 41.333769 ], [ 69.434072, 41.333851 ], [ 69.434049, 41.333921 ] ] ] } },
{ "type": "Feature", "properties": { "osm_id": "1085890224", "class_label_ru": "Основная велодорожка", "Туман": "Мирзо Улуғбек", "Длина": 8.41 }, "geometry": { "type": "MultiLineString", "coordinates": [ [ [ 69.352152, 41.350458 ], [ 69.352221, 41.350403 ] ] ] } },
{ "type": "Feature", "properties": { "osm_id": "1093395112", "class_label_ru": "Основная велодорожка", "Туман": "Мирзо Улуғбек", "Длина": 124.1 }, "geometry": { "type": "MultiLineString", "coordinates": [ [ [ 69.343021, 41.344979 ], [ 69.342187, 41.345479 ], [ 69.341867, 41.345671 ], [ 69.341861, 41.345675 ] ] ] } },
{ "type": "Feature", "properties": { "osm_id": "1152249173", "class_label_ru": "Основная велодорожка", "Туман": "Мирзо Улуғбек", "Длина": 392.92 }, "geometry": { "type": "MultiLineString", "coordinates": [ [ [ 69.32628, 41.326692 ], [ 69.326605, 41.326991 ], [ 69.327024, 41.327389 ], [ 69.329188, 41.329446 ], [ 69.329203, 41.32946 ] ] ] } },
{ "type": "Feature", "properties": { "osm_id": "1160687377", "class_label_ru": "Основная велодорожка", "Туман": "Юнусобод", "Длина": 61.34 }, "geometry": { "type": "MultiLineString", "coordinates": [ [ [ 69.287495, 41.348889 ], [ 69.287596, 41.349436 ] ] ] } },
{ "type": "Feature", "properties": { "osm_id": "1160687378", "class_label_ru": "Основная велодорожка", "Туман": "Юнусобод", "Длина": 45.41 }, "geometry": { "type": "MultiLineString", "coordinates": [ [ [ 69.287491, 41.348488 ], [ 69.287502, 41.348582 ], [ 69.287458, 41.348675 ], [ 69.287493, 41.348875 ], [ 69.287495, 41.348889 ] ] ] } },
{ "type": "Feature", "properties": { "osm_id": "1160687379", "class_label_ru": "Основная велодорожка", "Туман": "Юнусобод", "Длина": 123.87 }, "geometry": { "type": "MultiLineString", "coordinates": [ [ [ 69.287236, 41.349472 ], [ 69.287255, 41.349592 ], [ 69.287227, 41.349751 ], [ 69.287349, 41.35058 ] ] ] } },
{ "type": "Feature", "properties": { "osm_id": "1160687380", "class_label_ru": "Основная велодорожка", "Туман": "Юнусобод", "Длина": 61.34 }, "geometry": { "type": "MultiLineString", "coordinates": [ [ [ 69.287135, 41.348925 ], [ 69.287148, 41.348995 ], [ 69.287236, 41.349472 ] ] ] } },
{ "type": "Feature", "properties": { "osm_id": "1184456621", "class_label_ru": "Совмещённая дорожка / тротуар", "Туман": "Мирзо Улуғбек", "Длина": 34.16 }, "geometry": { "type": "MultiLineString", "coordinates": [ [ [ 69.436539, 41.325444 ], [ 69.436918, 41.32533 ] ] ] } },
{ "type": "Feature", "properties": { "osm_id": "1184456622", "class_label_ru": "Основная велодорожка", "Туман": "Мирзо Улуғбек", "Длина": 32.16 }, "geometry": { "type": "MultiLineString", "coordinates": [ [ [ 69.437604, 41.325121 ], [ 69.437953, 41.325 ] ] ] } },
{ "type": "Feature", "properties": { "osm_id": "1184456638", "class_label_ru": "Основная велодорожка", "Туман": "Мирзо Улуғбек", "Длина": 203.07 }, "geometry": { "type": "MultiLineString", "coordinates": [ [ [ 69.438134, 41.324928 ], [ 69.438309, 41.324866 ], [ 69.43849, 41.324852 ], [ 69.438619, 41.324807 ], [ 69.439948, 41.324337 ], [ 69.440137, 41.324213 ], [ 69.440309, 41.324153 ] ] ] } },
{ "type": "Feature", "properties": { "osm_id": "1184456640", "class_label_ru": "Основная велодорожка", "Туман": "Мирзо Улуғбек", "Длина": 76.41 }, "geometry": { "type": "MultiLineString", "coordinates": [ [ [ 69.44048, 41.324102 ], [ 69.441283, 41.323832 ], [ 69.441313, 41.323821 ] ] ] } },
{ "type": "Feature", "properties": { "osm_id": "1187617239", "class_label_ru": "Основная велодорожка", "Туман": "Мирзо Улуғбек", "Длина": 194.3 }, "geometry": { "type": "MultiLineString", "coordinates": [ [ [ 69.434176, 41.325968 ], [ 69.434395, 41.325966 ], [ 69.434517, 41.325943 ], [ 69.435975, 41.325628 ], [ 69.436127, 41.325581 ], [ 69.436201, 41.325537 ], [ 69.436273, 41.325497 ], [ 69.436377, 41.325467 ] ] ] } },
{ "type": "Feature", "properties": { "osm_id": "1211745207", "class_label_ru": "Основная велодорожка", "Туман": "Мирзо Улуғбек", "Длина": 92.67 }, "geometry": { "type": "MultiLineString", "coordinates": [ [ [ 69.34697, 41.349563 ], [ 69.345963, 41.349216 ] ] ] } },
{ "type": "Feature", "properties": { "osm_id": "1211745209", "class_label_ru": "Основная велодорожка", "Туман": "Мирзо Улуғбек", "Длина": 29.71 }, "geometry": { "type": "MultiLineString", "coordinates": [ [ [ 69.346756, 41.350201 ], [ 69.346976, 41.350411 ] ] ] } },
{ "type": "Feature", "properties": { "osm_id": "1211745210", "class_label_ru": "Основная велодорожка", "Туман": "Мирзо Улуғбек", "Длина": 73.67 }, "geometry": { "type": "MultiLineString", "coordinates": [ [ [ 69.346756, 41.350201 ], [ 69.347424, 41.349769 ] ] ] } },
{ "type": "Feature", "properties": { "osm_id": "1211745212", "class_label_ru": "Основная велодорожка", "Туман": "Мирзо Улуғбек", "Длина": 6.09 }, "geometry": { "type": "MultiLineString", "coordinates": [ [ [ 69.346691, 41.350189 ], [ 69.34662, 41.350177 ] ] ] } },
{ "type": "Feature", "properties": { "osm_id": "1211775838", "class_label_ru": "Совмещённая дорожка / тротуар", "Туман": "Мирзо Улуғбек", "Длина": 55.19 }, "geometry": { "type": "MultiLineString", "coordinates": [ [ [ 69.324655, 41.3258 ], [ 69.324671, 41.325721 ], [ 69.324127, 41.325645 ] ] ] } },
{ "type": "Feature", "properties": { "osm_id": "1212085495", "class_label_ru": "Основная велодорожка", "Туман": "Мирзо Улуғбек", "Длина": 34.07 }, "geometry": { "type": "MultiLineString", "coordinates": [ [ [ 69.346792, 41.349899 ], [ 69.34662, 41.350177 ] ] ] } },
{ "type": "Feature", "properties": { "osm_id": "1212338456", "class_label_ru": "Основная велодорожка", "Туман": "Мирзо Улуғбек", "Длина": 294.69 }, "geometry": { "type": "MultiLineString", "coordinates": [ [ [ 69.295752, 41.314861 ], [ 69.295377, 41.315616 ], [ 69.295144, 41.316097 ], [ 69.294964, 41.316477 ], [ 69.294776, 41.316874 ], [ 69.294752, 41.316921 ], [ 69.294617, 41.317175 ], [ 69.294569, 41.317278 ], [ 69.294541, 41.317352 ] ] ] } },
{ "type": "Feature", "properties": { "osm_id": "1212350412", "class_label_ru": "Основная велодорожка", "Туман": "Мирзо Улуғбек", "Длина": 897.48 }, "geometry": { "type": "MultiLineString", "coordinates": [ [ [ 69.341966, 41.345989 ], [ 69.341876, 41.346043 ], [ 69.340523, 41.346858 ], [ 69.339201, 41.347642 ], [ 69.33837, 41.348137 ], [ 69.338364, 41.348193 ], [ 69.338187, 41.348292 ], [ 69.337097, 41.348903 ], [ 69.336551, 41.34924 ], [ 69.336462, 41.349295 ], [ 69.335821, 41.349669 ], [ 69.33515, 41.350047 ], [ 69.333981, 41.350762 ], [ 69.333836, 41.35085 ], [ 69.333715, 41.350924 ], [ 69.333587, 41.351002 ] ] ] } },
{ "type": "Feature", "properties": { "osm_id": "1213864957", "class_label_ru": "Основная велодорожка", "Туман": "Мирзо Улуғбек", "Длина": 252.84 }, "geometry": { "type": "MultiLineString", "coordinates": [ [ [ 69.348549, 41.346924 ], [ 69.348517, 41.346896 ], [ 69.347921, 41.346359 ], [ 69.347408, 41.345866 ], [ 69.34733, 41.345816 ], [ 69.347202, 41.34581 ], [ 69.346744, 41.34534 ], [ 69.346618, 41.345216 ] ] ] } },
{ "type": "Feature", "properties": { "osm_id": "1213864958", "class_label_ru": "Основная велодорожка", "Туман": "Мирзо Улуғбек", "Длина": 135.56 }, "geometry": { "type": "MultiLineString", "coordinates": [ [ [ 69.343371, 41.342044 ], [ 69.342364, 41.341088 ] ] ] } },
{ "type": "Feature", "properties": { "osm_id": "1213872382", "class_label_ru": "Основная велодорожка", "Туман": "Мирзо Улуғбек", "Длина": 488.99 }, "geometry": { "type": "MultiLineString", "coordinates": [ [ [ 69.351782, 41.350872 ], [ 69.351506, 41.351036 ], [ 69.351159, 41.351243 ], [ 69.350725, 41.351529 ], [ 69.349766, 41.352134 ], [ 69.348759, 41.35273 ], [ 69.348225, 41.353057 ], [ 69.348056, 41.35316 ], [ 69.347443, 41.353536 ], [ 69.347307, 41.35358 ], [ 69.347228, 41.353623 ] ] ] } },
{ "type": "Feature", "properties": { "osm_id": "1215231829", "class_label_ru": "Основная велодорожка", "Туман": "Мирзо Улуғбек", "Длина": 14.64 }, "geometry": { "type": "MultiLineString", "coordinates": [ [ [ 69.335981, 41.340565 ], [ 69.335934, 41.340558 ], [ 69.335809, 41.340575 ] ] ] } },
{ "type": "Feature", "properties": { "osm_id": "1216033841", "class_label_ru": "Основная велодорожка", "Туман": "Мирзо Улуғбек", "Длина": 288.81 }, "geometry": { "type": "MultiLineString", "coordinates": [ [ [ 69.294309, 41.317256 ], [ 69.294754, 41.316325 ], [ 69.29548, 41.31481 ] ] ] } },
{ "type": "Feature", "properties": { "osm_id": "1217978010", "class_label_ru": "Основная велодорожка", "Туман": "Мирзо Улуғбек", "Длина": 447.62 }, "geometry": { "type": "MultiLineString", "coordinates": [ [ [ 69.354697, 41.328867 ], [ 69.354724, 41.32885 ], [ 69.354761, 41.328829 ], [ 69.355293, 41.328531 ], [ 69.357185, 41.327366 ], [ 69.357777, 41.327019 ], [ 69.358335, 41.326673 ], [ 69.358427, 41.326616 ], [ 69.358891, 41.326369 ] ] ] } },
{ "type": "Feature", "properties": { "osm_id": "1217978012", "class_label_ru": "Основная велодорожка", "Туман": "Мирзо Улуғбек", "Длина": 414.94 }, "geometry": { "type": "MultiLineString", "coordinates": [ [ [ 69.353719, 41.329443 ], [ 69.352644, 41.330051 ], [ 69.351624, 41.330628 ], [ 69.351158, 41.330898 ], [ 69.351004, 41.330992 ], [ 69.350444, 41.33133 ], [ 69.349806, 41.331735 ] ] ] } },
{ "type": "Feature", "properties": { "osm_id": "1308300274", "class_label_ru": "Совмещённая дорожка / тротуар", "Туман": "Мирзо Улуғбек", "Длина": 201.45 }, "geometry": { "type": "MultiLineString", "coordinates": [ [ [ 69.333951, 41.341728 ], [ 69.334769, 41.34122 ], [ 69.335809, 41.340575 ] ] ] } },
{ "type": "Feature", "properties": { "osm_id": "1308300277", "class_label_ru": "Совмещённая дорожка / тротуар", "Туман": "Мирзо Улуғбек", "Длина": 579.63 }, "geometry": { "type": "MultiLineString", "coordinates": [ [ [ 69.336535, 41.336414 ], [ 69.33805, 41.337846 ], [ 69.338255, 41.338039 ], [ 69.338545, 41.338331 ], [ 69.33869, 41.338476 ], [ 69.338393, 41.338653 ], [ 69.338068, 41.338846 ], [ 69.337843, 41.338979 ], [ 69.337155, 41.339387 ], [ 69.336398, 41.339836 ], [ 69.335986, 41.340081 ] ] ] } },
{ "type": "Feature", "properties": { "osm_id": "1343966486", "class_label_ru": "Совмещённая дорожка / тротуар", "Туман": "Мирзо Улуғбек", "Длина": 5.67 }, "geometry": { "type": "MultiLineString", "coordinates": [ [ [ 69.286668, 41.313947 ], [ 69.2867, 41.313902 ] ] ] } },
{ "type": "Feature", "properties": { "osm_id": "1427320732", "class_label_ru": "Основная велодорожка", "Туман": "Юнусобод", "Длина": 1415.88 }, "geometry": { "type": "MultiLineString", "coordinates": [ [ [ 69.271229, 41.37583 ], [ 69.271344, 41.37576 ], [ 69.271437, 41.375745 ], [ 69.271516, 41.37579 ], [ 69.272312, 41.376238 ], [ 69.272667, 41.376438 ], [ 69.273195, 41.376747 ], [ 69.273921, 41.377154 ], [ 69.274246, 41.377355 ], [ 69.274501, 41.377491 ], [ 69.275149, 41.377886 ], [ 69.275245, 41.377899 ], [ 69.275298, 41.377916 ], [ 69.275338, 41.377952 ], [ 69.275368, 41.37801 ], [ 69.27606, 41.378415 ], [ 69.277069, 41.37904 ], [ 69.278098, 41.379655 ], [ 69.278173, 41.379672 ], [ 69.278215, 41.379695 ], [ 69.278251, 41.379747 ], [ 69.27883, 41.380106 ], [ 69.279534, 41.38054 ], [ 69.279655, 41.38061 ], [ 69.279827, 41.380618 ], [ 69.279942, 41.380787 ], [ 69.280071, 41.380866 ], [ 69.280521, 41.38113 ], [ 69.281171, 41.381519 ], [ 69.281892, 41.381952 ], [ 69.281979, 41.381996 ], [ 69.282685, 41.382402 ], [ 69.282813, 41.38256 ], [ 69.282894, 41.382757 ], [ 69.282931, 41.382848 ], [ 69.283108, 41.383281 ], [ 69.283208, 41.383504 ], [ 69.283404, 41.383671 ], [ 69.283457, 41.38373 ], [ 69.283549, 41.383895 ], [ 69.28356, 41.38393 ], [ 69.283536, 41.383961 ] ] ] } },
{ "type": "Feature", "properties": { "osm_id": "1427320752", "class_label_ru": "Основная велодорожка", "Туман": "Юнусобод", "Длина": 384.69 }, "geometry": { "type": "MultiLineString", "coordinates": [ [ [ 69.280259, 41.38062 ], [ 69.280601, 41.380307 ], [ 69.281372, 41.379602 ], [ 69.282762, 41.378287 ], [ 69.282929, 41.378137 ], [ 69.28306, 41.378018 ], [ 69.283052, 41.377984 ], [ 69.283106, 41.377916 ] ] ] } },
{ "type": "Feature", "properties": { "osm_id": "1427320754", "class_label_ru": "Основная велодорожка", "Туман": "Юнусобод", "Длина": 408.4 }, "geometry": { "type": "MultiLineString", "coordinates": [ [ [ 69.279939, 41.380523 ], [ 69.280004, 41.380473 ], [ 69.280108, 41.380381 ], [ 69.280155, 41.380338 ], [ 69.280957, 41.379613 ], [ 69.281496, 41.379129 ], [ 69.282371, 41.3783 ], [ 69.282433, 41.378245 ], [ 69.28267, 41.377985 ], [ 69.282869, 41.377781 ], [ 69.282941, 41.377707 ], [ 69.282876, 41.377666 ] ] ] } },
{ "type": "Feature", "properties": { "osm_id": "1454535169", "class_label_ru": "Основная велодорожка", "Туман": "Мирзо Улуғбек", "Длина": 308.53 }, "geometry": { "type": "MultiLineString", "coordinates": [ [ [ 69.343868, 41.355643 ], [ 69.343938, 41.355644 ], [ 69.344015, 41.355629 ], [ 69.344071, 41.355603 ], [ 69.344566, 41.355307 ], [ 69.344777, 41.355171 ], [ 69.344892, 41.355102 ], [ 69.346037, 41.354415 ], [ 69.346256, 41.354215 ], [ 69.346731, 41.35393 ] ] ] } },
{ "type": "Feature", "properties": { "osm_id": "1454535173", "class_label_ru": "Основная велодорожка", "Туман": "Юнусобод", "Длина": 105.03 }, "geometry": { "type": "MultiLineString", "coordinates": [ [ [ 69.342709, 41.356455 ], [ 69.343541, 41.35599 ], [ 69.34358, 41.355954 ], [ 69.343675613321693, 41.355859604682415 ] ] ] } },
{ "type": "Feature", "properties": { "osm_id": "1454535195", "class_label_ru": "Основная велодорожка", "Туман": "Юнусобод", "Длина": 202.41 }, "geometry": { "type": "MultiLineString", "coordinates": [ [ [ 69.339272, 41.358981 ], [ 69.339285320964706, 41.35897938714777 ] ], [ [ 69.339809361128886, 41.358662226039506 ], [ 69.339817, 41.358637 ], [ 69.340227, 41.358376 ], [ 69.340989, 41.357904 ], [ 69.341106, 41.3578 ], [ 69.341365, 41.357655 ], [ 69.341403415585646, 41.357691814936246 ] ], [ [ 69.343651399232826, 41.35631694113281 ], [ 69.343657, 41.35626 ], [ 69.343713, 41.356232 ], [ 69.343796, 41.356206 ], [ 69.343844, 41.356198 ] ] ] } },
{ "type": "Feature", "properties": { "osm_id": "1454920801", "class_label_ru": "Основная велодорожка", "Туман": "Юнусобод", "Длина": 5.05 }, "geometry": { "type": "MultiLineString", "coordinates": [ [ [ 69.280264, 41.380693 ], [ 69.280304, 41.380659 ] ] ] } },
{ "type": "Feature", "properties": { "osm_id": "1454920802", "class_label_ru": "Основная велодорожка", "Туман": "Юнусобод", "Длина": 244.97 }, "geometry": { "type": "MultiLineString", "coordinates": [ [ [ 69.280199, 41.380585 ], [ 69.280259, 41.38062 ], [ 69.280304, 41.380659 ], [ 69.2824, 41.381919 ], [ 69.28248, 41.381967 ] ] ] } },
{ "type": "Feature", "properties": { "osm_id": "1454920805", "class_label_ru": "Основная велодорожка", "Туман": "Юнусобод", "Длина": 172.77 }, "geometry": { "type": "MultiLineString", "coordinates": [ [ [ 69.283176, 41.38239 ], [ 69.283751, 41.382738 ], [ 69.283875, 41.382822 ], [ 69.284128, 41.383012 ], [ 69.284273, 41.383056 ], [ 69.284362, 41.383161 ], [ 69.284425, 41.383246 ], [ 69.284441, 41.383367 ], [ 69.284504, 41.383453 ], [ 69.284545, 41.383487 ] ] ] } },
{ "type": "Feature", "properties": { "osm_id": "1454920809", "class_label_ru": "Основная велодорожка", "Туман": "Юнусобод", "Длина": 217.9 }, "geometry": { "type": "MultiLineString", "coordinates": [ [ [ 69.283549, 41.383895 ], [ 69.283902, 41.383769 ], [ 69.283939, 41.383742 ], [ 69.28409, 41.383597 ], [ 69.284116, 41.383551 ], [ 69.28412, 41.383481 ], [ 69.284081, 41.383398 ], [ 69.283717, 41.382967 ], [ 69.283697, 41.382952 ], [ 69.283568, 41.382861 ], [ 69.28346, 41.382836 ], [ 69.283329, 41.382762 ], [ 69.283202, 41.382688 ], [ 69.282894, 41.382757 ] ] ] } },
{ "type": "Feature", "properties": { "osm_id": "1455775703", "class_label_ru": "Основная велодорожка", "Туман": "Мирзо Улуғбек", "Длина": 36.84 }, "geometry": { "type": "MultiLineString", "coordinates": [ [ [ 69.429166, 41.326552 ], [ 69.429392, 41.326805 ], [ 69.429412, 41.326827 ] ] ] } },
{ "type": "Feature", "properties": { "osm_id": "1468616907", "class_label_ru": "Основная велодорожка", "Туман": "Юнусобод", "Длина": 6.35 }, "geometry": { "type": "MultiLineString", "coordinates": [ [ [ 69.283117, 41.382354 ], [ 69.283176, 41.38239 ] ] ] } },
{ "type": "Feature", "properties": { "osm_id": "1507843410", "class_label_ru": "Велопереход", "Туман": "Мирзо Улуғбек", "Длина": 4.28 }, "geometry": { "type": "MultiLineString", "coordinates": [ [ [ 69.335581, 41.340297 ], [ 69.335575, 41.3403 ], [ 69.33554, 41.34032 ] ] ] } },
{ "type": "Feature", "properties": { "osm_id": "1508201077", "class_label_ru": "Велопереход", "Туман": "Юнусобод", "Длина": 7.58 }, "geometry": { "type": "MultiLineString", "coordinates": [ [ [ 69.28071, 41.31703 ], [ 69.280798, 41.317014 ] ] ] } },
{ "type": "Feature", "properties": { "osm_id": "1524745089", "class_label_ru": "Основная велодорожка", "Туман": "Мирзо Улуғбек", "Длина": 17.73 }, "geometry": { "type": "MultiLineString", "coordinates": [ [ [ 69.339255, 41.338743 ], [ 69.339099, 41.338851 ] ] ] } },
{ "type": "Feature", "properties": { "osm_id": "1524745090", "class_label_ru": "Основная велодорожка", "Туман": "Мирзо Улуғбек", "Длина": 13.7 }, "geometry": { "type": "MultiLineString", "coordinates": [ [ [ 69.33892, 41.338695 ], [ 69.339029, 41.338787 ] ] ] } },
{ "type": "Feature", "properties": { "osm_id": "422649756", "class_label_ru": "Основная велодорожка", "Туман": "Юнусобод", "Длина": 276.59 }, "geometry": { "type": "MultiLineString", "coordinates": [ [ [ 69.284332857392911, 41.316038829622293 ], [ 69.284243, 41.316089 ], [ 69.284098, 41.31615 ], [ 69.28365, 41.316306 ], [ 69.283236, 41.31644 ], [ 69.283182, 41.316457 ], [ 69.28308, 41.316491 ], [ 69.281259, 41.316929 ] ] ] } },
{ "type": "Feature", "properties": { "osm_id": "1454535173", "class_label_ru": "Основная велодорожка", "Туман": "Мирзо Улуғбек", "Длина": 34.45 }, "geometry": { "type": "MultiLineString", "coordinates": [ [ [ 69.343675613321693, 41.355859604682415 ], [ 69.343737, 41.355799 ], [ 69.343783, 41.355787 ], [ 69.34385, 41.355759 ], [ 69.343917, 41.355712 ], [ 69.343934, 41.35568 ], [ 69.343938, 41.355644 ] ] ] } },
{ "type": "Feature", "properties": { "osm_id": "564582927", "class_label_ru": "Совмещённая дорожка / тротуар", "Туман": "Юнусобод", "Длина": 0.04 }, "geometry": { "type": "MultiLineString", "coordinates": [ [ [ 69.344213297746109, 41.355910632983502 ], [ 69.344212929884279, 41.35591087156056 ] ] ] } },
{ "type": "Feature", "properties": { "osm_id": "564582927", "class_label_ru": "Совмещённая дорожка / тротуар", "Туман": "Юнусобод", "Длина": 45.46 }, "geometry": { "type": "MultiLineString", "coordinates": [ [ [ 69.344212929884279, 41.35591087156056 ], [ 69.344057, 41.356012 ], [ 69.34386, 41.356143 ], [ 69.343844, 41.356198 ] ] ] } },
{ "type": "Feature", "properties": { "osm_id": "564582927", "class_label_ru": "Совмещённая дорожка / тротуар", "Туман": "Мирзо Улуғбек", "Длина": 0.64 }, "geometry": { "type": "MultiLineString", "coordinates": [ [ [ 69.34421909668967, 41.355906872074456 ], [ 69.344213297746109, 41.355910632983502 ] ] ] } },
{ "type": "Feature", "properties": { "osm_id": "422649756", "class_label_ru": "Основная велодорожка", "Туман": "Мирзо Улуғбек", "Длина": 0.02 }, "geometry": { "type": "MultiLineString", "coordinates": [ [ [ 69.284333070886177, 41.316038710421893 ], [ 69.284332857392911, 41.316038829622293 ] ] ] } },
{ "type": "Feature", "properties": { "osm_id": "199296746", "class_label_ru": "Основная велодорожка", "Туман": "Шайхонтохур", "Длина": 443.31 }, "geometry": { "type": "MultiLineString", "coordinates": [ [ [ 69.254245, 41.315726 ], [ 69.254224, 41.315537 ], [ 69.25422, 41.315503 ], [ 69.254197, 41.315287 ], [ 69.254082, 41.314352 ], [ 69.254077, 41.314307 ], [ 69.254071, 41.314262 ], [ 69.253952, 41.313293 ], [ 69.253921, 41.313056 ], [ 69.253874, 41.312658 ], [ 69.253792, 41.312057 ], [ 69.253749, 41.311752 ] ] ] } },
{ "type": "Feature", "properties": { "osm_id": "240272805", "class_label_ru": "Основная велодорожка", "Туман": "Шайхонтохур", "Длина": 207.03 }, "geometry": { "type": "MultiLineString", "coordinates": [ [ [ 69.235965, 41.321598 ], [ 69.236182, 41.321762 ], [ 69.236461, 41.321953 ], [ 69.236561, 41.322016 ], [ 69.23665, 41.322063 ], [ 69.236835, 41.322111 ], [ 69.237014, 41.322126 ], [ 69.237111, 41.3221 ], [ 69.23749, 41.322089 ], [ 69.237552, 41.322114 ], [ 69.237711, 41.32207 ], [ 69.237772, 41.322064 ], [ 69.23799, 41.322054 ], [ 69.238162, 41.322052 ] ] ] } },
{ "type": "Feature", "properties": { "osm_id": "240274824", "class_label_ru": "Основная велодорожка", "Туман": "Шайхонтохур", "Длина": 550.66 }, "geometry": { "type": "MultiLineString", "coordinates": [ [ [ 69.235487, 41.32122 ], [ 69.235119, 41.320927 ], [ 69.234928, 41.32076 ], [ 69.234787, 41.320637 ], [ 69.23451, 41.320396 ], [ 69.234082, 41.320043 ], [ 69.234042, 41.320009 ], [ 69.233783, 41.319784 ], [ 69.233458, 41.3195 ], [ 69.233366, 41.319416 ], [ 69.232092, 41.318265 ], [ 69.231395, 41.317666 ], [ 69.231389, 41.317623 ], [ 69.231221, 41.317458 ] ] ] } },
{ "type": "Feature", "properties": { "osm_id": "240951383", "class_label_ru": "Основная велодорожка", "Туман": "Шайхонтохур", "Длина": 232.58 }, "geometry": { "type": "MultiLineString", "coordinates": [ [ [ 69.240899, 41.321945 ], [ 69.240066, 41.32201 ], [ 69.239358, 41.322068 ], [ 69.239066, 41.322081 ], [ 69.238945, 41.322094 ], [ 69.238637, 41.322115 ], [ 69.238523, 41.322127 ], [ 69.238372, 41.322136 ], [ 69.238162, 41.322052 ] ] ] } },
{ "type": "Feature", "properties": { "osm_id": "241226203", "class_label_ru": "Основная велодорожка", "Туман": "Шайхонтохур", "Длина": 43.07 }, "geometry": { "type": "MultiLineString", "coordinates": [ [ [ 69.233621, 41.315735 ], [ 69.233699, 41.315691 ], [ 69.234039, 41.315509 ] ] ] } },
{ "type": "Feature", "properties": { "osm_id": "423066335", "class_label_ru": "Основная велодорожка", "Туман": "Шайхонтохур", "Длина": 532.29 }, "geometry": { "type": "MultiLineString", "coordinates": [ [ [ 69.254245, 41.315726 ], [ 69.254254, 41.315822 ], [ 69.254267, 41.315937 ], [ 69.254426, 41.317258 ], [ 69.254445, 41.317415 ], [ 69.254467, 41.317574 ], [ 69.254536, 41.3181 ], [ 69.2546, 41.318618 ], [ 69.254745, 41.320011 ], [ 69.254783, 41.320324 ], [ 69.254805, 41.3205 ] ] ] } },
{ "type": "Feature", "properties": { "osm_id": "480194041", "class_label_ru": "Основная велодорожка", "Туман": "Юнусобод", "Длина": 479.86 }, "geometry": { "type": "MultiLineString", "coordinates": [ [ [ 69.274446, 41.363729 ], [ 69.27491, 41.363337 ], [ 69.274938, 41.363313 ], [ 69.275199, 41.363089 ], [ 69.275588, 41.362716 ], [ 69.27563, 41.36268 ], [ 69.275891, 41.362392 ], [ 69.276439, 41.361666 ], [ 69.276676, 41.361355 ], [ 69.277126, 41.360834 ], [ 69.277669, 41.360171 ] ] ] } },
{ "type": "Feature", "properties": { "osm_id": "480195458", "class_label_ru": "Основная велодорожка", "Туман": "Юнусобод", "Длина": 1345.44 }, "geometry": { "type": "MultiLineString", "coordinates": [ [ [ 69.275138, 41.372258 ], [ 69.275106, 41.372264 ], [ 69.274888, 41.372465 ], [ 69.274874, 41.372515 ], [ 69.274825, 41.372562 ], [ 69.274751, 41.372632 ], [ 69.274627, 41.372688 ], [ 69.274231, 41.373103 ], [ 69.273109, 41.374206 ], [ 69.273044, 41.37427 ], [ 69.272858, 41.374452 ], [ 69.271807, 41.375442 ], [ 69.2718, 41.375454 ], [ 69.271826, 41.375546 ], [ 69.274596, 41.377172 ], [ 69.27544, 41.377696 ], [ 69.276129, 41.378111 ], [ 69.276277, 41.378208 ], [ 69.276942, 41.378619 ], [ 69.277296, 41.378826 ], [ 69.278457, 41.379508 ], [ 69.278799, 41.379724 ], [ 69.280004, 41.380473 ], [ 69.280051, 41.380503 ] ] ] } },
{ "type": "Feature", "properties": { "osm_id": "482012872", "class_label_ru": "Основная велодорожка", "Туман": "Шайхонтохур", "Длина": 286.54 }, "geometry": { "type": "MultiLineString", "coordinates": [ [ [ 69.242631, 41.312086 ], [ 69.242761, 41.312051 ], [ 69.243318, 41.312041 ], [ 69.243436, 41.312039 ], [ 69.243972, 41.312002 ], [ 69.246038, 41.3119 ] ] ] } },
{ "type": "Feature", "properties": { "osm_id": "484539028", "class_label_ru": "Основная велодорожка", "Туман": "Шайхонтохур", "Длина": 281.64 }, "geometry": { "type": "MultiLineString", "coordinates": [ [ [ 69.247161, 41.311841 ], [ 69.247618, 41.311823 ], [ 69.247842, 41.311811 ], [ 69.248164, 41.311794 ], [ 69.249481, 41.311744 ], [ 69.249705, 41.311731 ], [ 69.249894, 41.311725 ], [ 69.250452, 41.311703 ], [ 69.250519, 41.3117 ] ] ] } },
{ "type": "Feature", "properties": { "osm_id": "484539032", "class_label_ru": "Основная велодорожка", "Туман": "Шайхонтохур", "Длина": 210.19 }, "geometry": { "type": "MultiLineString", "coordinates": [ [ [ 69.253308, 41.312338 ], [ 69.253316, 41.312425 ], [ 69.253363, 41.31283 ], [ 69.2533, 41.312895 ], [ 69.253363, 41.313365 ], [ 69.253455, 41.314108 ], [ 69.253442, 41.314138 ], [ 69.253363, 41.314171 ] ] ] } },
{ "type": "Feature", "properties": { "osm_id": "484539036", "class_label_ru": "Основная велодорожка", "Туман": "Шайхонтохур", "Длина": 416.55 }, "geometry": { "type": "MultiLineString", "coordinates": [ [ [ 69.253371, 41.314256 ], [ 69.25338, 41.314333 ], [ 69.253395, 41.314445 ], [ 69.253421, 41.314678 ], [ 69.253548, 41.315781 ], [ 69.253454, 41.31588 ], [ 69.253492, 41.316188 ], [ 69.253536, 41.316501 ], [ 69.253647, 41.31657 ], [ 69.253675, 41.316807 ], [ 69.253811, 41.317876 ], [ 69.253785, 41.317926 ] ] ] } },
{ "type": "Feature", "properties": { "osm_id": "563978387", "class_label_ru": "Совмещённая дорожка / тротуар", "Туман": "Шайхонтохур", "Длина": 873.07 }, "geometry": { "type": "MultiLineString", "coordinates": [ [ [ 69.229598, 41.323218 ], [ 69.229554, 41.323177 ], [ 69.228779, 41.322446 ], [ 69.228579, 41.322315 ], [ 69.228526, 41.322263 ], [ 69.228362, 41.322087 ], [ 69.228226, 41.321941 ], [ 69.227894, 41.321653 ], [ 69.227226, 41.32138 ], [ 69.226727, 41.321176 ], [ 69.225338, 41.320636 ], [ 69.225315, 41.320634 ], [ 69.225228, 41.320686 ], [ 69.224792, 41.320936 ], [ 69.224772, 41.320957 ], [ 69.224643, 41.321034 ], [ 69.224335, 41.32123 ], [ 69.223774, 41.321552 ], [ 69.223523, 41.321674 ], [ 69.223265, 41.321784 ], [ 69.222949, 41.321886 ], [ 69.222485, 41.322021 ], [ 69.222021, 41.322146 ], [ 69.221789, 41.322208 ], [ 69.221532, 41.322265 ], [ 69.221273, 41.322308 ], [ 69.221125, 41.322322 ] ] ] } },
{ "type": "Feature", "properties": { "osm_id": "564606239", "class_label_ru": "Основная велодорожка", "Туман": "Олмазор", "Длина": 494.47 }, "geometry": { "type": "MultiLineString", "coordinates": [ [ [ 69.258876, 41.346383 ], [ 69.258511, 41.346646 ], [ 69.258144, 41.346865 ], [ 69.257942, 41.347023 ], [ 69.257644, 41.347315 ], [ 69.257288, 41.347561 ], [ 69.256948, 41.347712 ], [ 69.256591, 41.347874 ], [ 69.255969, 41.348066 ], [ 69.255188, 41.34817 ], [ 69.254607, 41.348237 ], [ 69.254553, 41.348243 ], [ 69.2538, 41.348234 ] ] ] } },
{ "type": "Feature", "properties": { "osm_id": "564765915", "class_label_ru": "Совмещённая дорожка / тротуар", "Туман": "Юнусобод", "Длина": 60.42 }, "geometry": { "type": "MultiLineString", "coordinates": [ [ [ 69.277727, 41.3602 ], [ 69.277669, 41.360171 ], [ 69.277419, 41.360048 ], [ 69.277271, 41.359975 ], [ 69.277098, 41.359947 ] ] ] } },
{ "type": "Feature", "properties": { "osm_id": "564800256", "class_label_ru": "Велопереход", "Туман": "Шайхонтохур", "Длина": 31.69 }, "geometry": { "type": "MultiLineString", "coordinates": [ [ [ 69.230337, 41.317246 ], [ 69.230385, 41.317211 ], [ 69.230547, 41.317111 ], [ 69.230626, 41.317062 ] ] ] } },
{ "type": "Feature", "properties": { "osm_id": "574421454", "class_label_ru": "Основная велодорожка", "Туман": "Олмазор", "Длина": 347.81 }, "geometry": { "type": "MultiLineString", "coordinates": [ [ [ 69.257794, 41.339541 ], [ 69.257774, 41.339488 ], [ 69.257753, 41.339432 ], [ 69.257812, 41.339295 ], [ 69.257836, 41.339239 ], [ 69.257808, 41.339234 ], [ 69.25778, 41.339226 ], [ 69.257755, 41.339213 ], [ 69.257732, 41.339195 ], [ 69.257713, 41.339174 ], [ 69.257698, 41.339153 ], [ 69.257685, 41.339132 ], [ 69.257674, 41.33911 ], [ 69.257619, 41.338972 ], [ 69.257476, 41.338594 ], [ 69.257259, 41.33815 ], [ 69.257273, 41.338119 ], [ 69.257449, 41.338076 ], [ 69.257459439278421, 41.338074600921452 ] ], [ [ 69.257459444114204, 41.338074600273352 ], [ 69.257546, 41.338063 ], [ 69.257598, 41.338063 ], [ 69.257633, 41.338068 ], [ 69.257667, 41.338082 ], [ 69.257697, 41.338105 ], [ 69.257724, 41.338132 ], [ 69.257854236590262, 41.338269739932912 ] ], [ [ 69.257854243635435, 41.338269747383976 ], [ 69.257967, 41.338389 ], [ 69.258448, 41.338845 ], [ 69.258456, 41.338864 ], [ 69.258459, 41.338881 ], [ 69.258456, 41.338895 ], [ 69.258423, 41.338919 ], [ 69.258465, 41.338959 ], [ 69.258507, 41.339001 ], [ 69.258532, 41.339023 ], [ 69.258551, 41.339015 ], [ 69.258578, 41.339011 ], [ 69.25861, 41.339022 ], [ 69.258637, 41.339043 ] ] ] } },
{ "type": "Feature", "properties": { "osm_id": "574421455", "class_label_ru": "Основная велодорожка", "Туман": "Олмазор", "Длина": 745.69 }, "geometry": { "type": "MultiLineString", "coordinates": [ [ [ 69.257794, 41.339541 ], [ 69.257784, 41.33956 ], [ 69.257777, 41.339579 ], [ 69.257771, 41.339602 ], [ 69.257768, 41.339625 ], [ 69.257766, 41.339919 ], [ 69.257731, 41.340305 ], [ 69.257673, 41.34082 ], [ 69.257639, 41.341121 ], [ 69.257625, 41.34125 ], [ 69.257598, 41.34156 ], [ 69.257571, 41.341945 ], [ 69.257566, 41.342278 ], [ 69.257568, 41.342404 ], [ 69.257579, 41.342534 ], [ 69.257596, 41.34272 ], [ 69.257631, 41.342883 ], [ 69.257661, 41.343011 ], [ 69.257694, 41.34311 ], [ 69.257908, 41.34353 ], [ 69.25806, 41.343673 ], [ 69.25825, 41.343852 ], [ 69.2584, 41.343994 ], [ 69.25846, 41.344119 ], [ 69.258661, 41.344316 ], [ 69.258905, 41.34458 ], [ 69.259788, 41.345487 ], [ 69.260001, 41.345688 ] ] ] } },
{ "type": "Feature", "properties": { "osm_id": "624740740", "class_label_ru": "Совмещённая дорожка / тротуар", "Туман": "Юнусобод", "Длина": 366.82 }, "geometry": { "type": "MultiLineString", "coordinates": [ [ [ 69.275026, 41.358222 ], [ 69.275414, 41.358393 ], [ 69.276024, 41.35862 ], [ 69.276552, 41.358823 ], [ 69.277344, 41.359164 ], [ 69.278032, 41.359457 ], [ 69.278771, 41.358997 ] ] ] } },
{ "type": "Feature", "properties": { "osm_id": "628621110", "class_label_ru": "Основная велодорожка", "Туман": "Шайхонтохур", "Длина": 169.96 }, "geometry": { "type": "MultiLineString", "coordinates": [ [ [ 69.254639, 41.324344 ], [ 69.254582, 41.323833 ], [ 69.254575, 41.323773 ], [ 69.25457, 41.32372 ], [ 69.254485, 41.322964 ], [ 69.254469, 41.322819 ] ] ] } },
{ "type": "Feature", "properties": { "osm_id": "628704159", "class_label_ru": "Совмещённая дорожка / тротуар", "Туман": "Шайхонтохур", "Длина": 159.92 }, "geometry": { "type": "MultiLineString", "coordinates": [ [ [ 69.240899, 41.321945 ], [ 69.240903, 41.321868 ], [ 69.241288, 41.32183 ], [ 69.241386, 41.321856 ], [ 69.241509, 41.321806 ], [ 69.241819, 41.321689 ], [ 69.241931, 41.321704 ], [ 69.241969, 41.321607 ], [ 69.241976, 41.321574 ], [ 69.241953, 41.321237 ], [ 69.241935, 41.321171 ] ] ] } },
{ "type": "Feature", "properties": { "osm_id": "628712796", "class_label_ru": "Основная велодорожка", "Туман": "Шайхонтохур", "Длина": 795.88 }, "geometry": { "type": "MultiLineString", "coordinates": [ [ [ 69.264483, 41.320723 ], [ 69.264424, 41.320701 ], [ 69.263607, 41.320758 ], [ 69.263198, 41.320786 ], [ 69.262334, 41.320846 ], [ 69.261244, 41.320922 ], [ 69.261068, 41.320934 ], [ 69.260981, 41.320941 ], [ 69.260743, 41.320957 ], [ 69.260194, 41.320999 ], [ 69.259531, 41.321049 ], [ 69.257301, 41.321208 ], [ 69.257027, 41.321223 ], [ 69.256916, 41.321231 ], [ 69.256454, 41.321266 ], [ 69.255436, 41.32134 ], [ 69.255191, 41.321358 ], [ 69.255031, 41.321391 ] ] ] } },
{ "type": "Feature", "properties": { "osm_id": "633817911", "class_label_ru": "Совмещённая дорожка / тротуар", "Туман": "Юнусобод", "Длина": 610.97 }, "geometry": { "type": "MultiLineString", "coordinates": [ [ [ 69.269348, 41.312959 ], [ 69.269464, 41.313211 ], [ 69.269532, 41.313357 ], [ 69.269603, 41.313512 ], [ 69.269719, 41.313764 ], [ 69.269799, 41.313924 ], [ 69.269823, 41.313983 ], [ 69.270368, 41.315104 ], [ 69.270461, 41.315295 ], [ 69.270884, 41.316204 ], [ 69.271243, 41.316975 ], [ 69.271734, 41.318074 ], [ 69.271766, 41.318149 ] ] ] } },
{ "type": "Feature", "properties": { "osm_id": "633817913", "class_label_ru": "Основная велодорожка", "Туман": "Юнусобод", "Длина": 267.24 }, "geometry": { "type": "MultiLineString", "coordinates": [ [ [ 69.276392, 41.317513 ], [ 69.275878, 41.317615 ], [ 69.275354, 41.317738 ], [ 69.274835, 41.31786 ], [ 69.274326, 41.317979 ], [ 69.273822, 41.318097 ], [ 69.273338, 41.318211 ] ] ] } },
{ "type": "Feature", "properties": { "osm_id": "633891187", "class_label_ru": "Совмещённая дорожка / тротуар", "Туман": "Юнусобод", "Длина": 108.12 }, "geometry": { "type": "MultiLineString", "coordinates": [ [ [ 69.271912, 41.318522 ], [ 69.272012, 41.318503 ], [ 69.272211, 41.318459 ], [ 69.272553, 41.318395 ], [ 69.272858, 41.318323 ], [ 69.273153, 41.318254 ] ] ] } },
{ "type": "Feature", "properties": { "osm_id": "635123766", "class_label_ru": "Велопереход", "Туман": "Шайхонтохур", "Длина": 31.15 }, "geometry": { "type": "MultiLineString", "coordinates": [ [ [ 69.230703, 41.317064 ], [ 69.230757, 41.317108 ], [ 69.230836, 41.317172 ], [ 69.230893, 41.317223 ], [ 69.230946, 41.317276 ] ] ] } },
{ "type": "Feature", "properties": { "osm_id": "635123767", "class_label_ru": "Основная велодорожка", "Туман": "Шайхонтохур", "Длина": 129.8 }, "geometry": { "type": "MultiLineString", "coordinates": [ [ [ 69.231221, 41.317458 ], [ 69.231254, 41.317256 ], [ 69.231271, 41.317184 ], [ 69.231501, 41.317046 ], [ 69.23208, 41.316708 ], [ 69.232185, 41.31662 ] ] ] } },
{ "type": "Feature", "properties": { "osm_id": "635123769", "class_label_ru": "Основная велодорожка", "Туман": "Шайхонтохур", "Длина": 12.78 }, "geometry": { "type": "MultiLineString", "coordinates": [ [ [ 69.230949, 41.317311 ], [ 69.230972, 41.317314 ], [ 69.231014, 41.317314 ], [ 69.231043, 41.317316 ], [ 69.231078, 41.317351 ] ] ] } },
{ "type": "Feature", "properties": { "osm_id": "635123770", "class_label_ru": "Основная велодорожка", "Туман": "Шайхонтохур", "Длина": 16.87 }, "geometry": { "type": "MultiLineString", "coordinates": [ [ [ 69.231078, 41.317351 ], [ 69.231221, 41.317458 ] ] ] } },
{ "type": "Feature", "properties": { "osm_id": "635131203", "class_label_ru": "Велопереход", "Туман": "Шайхонтохур", "Длина": 33.4 }, "geometry": { "type": "MultiLineString", "coordinates": [ [ [ 69.230624, 41.317531 ], [ 69.230706, 41.317484 ], [ 69.230864, 41.317385 ], [ 69.230932, 41.31734 ] ] ] } },
{ "type": "Feature", "properties": { "osm_id": "635131211", "class_label_ru": "Велопереход", "Туман": "Шайхонтохур", "Длина": 10.22 }, "geometry": { "type": "MultiLineString", "coordinates": [ [ [ 69.230337, 41.317246 ], [ 69.230294, 41.317266 ], [ 69.230224, 41.317277 ] ] ] } },
{ "type": "Feature", "properties": { "osm_id": "635131212", "class_label_ru": "Велопереход", "Туман": "Шайхонтохур", "Длина": 31.01 }, "geometry": { "type": "MultiLineString", "coordinates": [ [ [ 69.230324, 41.317288 ], [ 69.230366, 41.317335 ], [ 69.230431, 41.317397 ], [ 69.230506, 41.317468 ], [ 69.23055, 41.317509 ] ] ] } },
{ "type": "Feature", "properties": { "osm_id": "635131213", "class_label_ru": "Велопереход", "Туман": "Шайхонтохур", "Длина": 3.5 }, "geometry": { "type": "MultiLineString", "coordinates": [ [ [ 69.230324, 41.317288 ], [ 69.230294, 41.317266 ] ] ] } },
{ "type": "Feature", "properties": { "osm_id": "657043475", "class_label_ru": "Основная велодорожка", "Туман": "Шайхонтохур", "Длина": 352.82 }, "geometry": { "type": "MultiLineString", "coordinates": [ [ [ 69.237199, 41.313855 ], [ 69.237291, 41.313807 ], [ 69.237553, 41.313659 ], [ 69.237803, 41.313468 ], [ 69.238651, 41.312753 ], [ 69.238989, 41.312491 ], [ 69.23919, 41.312335 ], [ 69.239327, 41.31229 ], [ 69.239555, 41.312251 ], [ 69.239859, 41.312225 ], [ 69.240206, 41.312209 ], [ 69.240346, 41.312202 ], [ 69.240491, 41.312194 ], [ 69.240541, 41.312189 ] ] ] } },
{ "type": "Feature", "properties": { "osm_id": "657043479", "class_label_ru": "Основная велодорожка", "Туман": "Шайхонтохур", "Длина": 227.51 }, "geometry": { "type": "MultiLineString", "coordinates": [ [ [ 69.238861, 41.311995 ], [ 69.237247, 41.313297 ], [ 69.236975, 41.313467 ] ] ] } },
{ "type": "Feature", "properties": { "osm_id": "672666321", "class_label_ru": "Основная велодорожка", "Туман": "Шайхонтохур", "Длина": 312.83 }, "geometry": { "type": "MultiLineString", "coordinates": [ [ [ 69.234039, 41.315509 ], [ 69.234357, 41.315334 ], [ 69.234859, 41.315053 ], [ 69.235349, 41.314751 ], [ 69.235375, 41.314737 ], [ 69.23569, 41.31456 ], [ 69.23575, 41.314527 ], [ 69.23609, 41.314365 ], [ 69.236199, 41.314313 ], [ 69.236644, 41.314108 ], [ 69.236974, 41.313953 ], [ 69.2371, 41.313901 ] ] ] } },
{ "type": "Feature", "properties": { "osm_id": "681334169", "class_label_ru": "Основная велодорожка", "Туман": "Шайхонтохур", "Длина": 938.58 }, "geometry": { "type": "MultiLineString", "coordinates": [ [ [ 69.24343, 41.322192 ], [ 69.243694, 41.322172 ], [ 69.244, 41.322149 ], [ 69.244389, 41.322122 ], [ 69.244557, 41.32211 ], [ 69.244643, 41.322104 ], [ 69.245739, 41.322021 ], [ 69.246258, 41.321985 ], [ 69.246814, 41.321941 ], [ 69.248124, 41.321844 ], [ 69.248319, 41.32183 ], [ 69.248356, 41.321827 ], [ 69.2486, 41.321812 ], [ 69.249565, 41.321737 ], [ 69.249855, 41.321716 ], [ 69.250104, 41.321697 ], [ 69.251176, 41.321634 ], [ 69.251315, 41.321625 ], [ 69.252188, 41.321562 ], [ 69.253028, 41.321506 ], [ 69.25393, 41.321441 ], [ 69.254403, 41.321407 ], [ 69.254504, 41.321402 ], [ 69.254569, 41.321445 ] ] ] } },
{ "type": "Feature", "properties": { "osm_id": "790949340", "class_label_ru": "Основная велодорожка", "Туман": "Шайхонтохур", "Длина": 154.31 }, "geometry": { "type": "MultiLineString", "coordinates": [ [ [ 69.247203, 41.318383 ], [ 69.247047, 41.318382 ], [ 69.246959, 41.318378 ], [ 69.246694, 41.318343 ], [ 69.246401, 41.318239 ], [ 69.246378, 41.318227 ], [ 69.2463, 41.318169 ], [ 69.246284, 41.318159 ], [ 69.246184, 41.318096 ], [ 69.246094, 41.317997 ], [ 69.24604, 41.317926 ], [ 69.245929, 41.317754 ], [ 69.245892, 41.317609 ] ] ] } },
{ "type": "Feature", "properties": { "osm_id": "790949341", "class_label_ru": "Основная велодорожка", "Туман": "Шайхонтохур", "Длина": 172.41 }, "geometry": { "type": "MultiLineString", "coordinates": [ [ [ 69.245892, 41.317609 ], [ 69.245892, 41.31741 ], [ 69.245932, 41.317292 ], [ 69.245936, 41.317265 ], [ 69.245951, 41.317229 ], [ 69.245967, 41.317176 ], [ 69.246144, 41.316835 ], [ 69.246217, 41.316745 ], [ 69.246352, 41.316592 ], [ 69.246521, 41.316418 ], [ 69.246668, 41.316291 ], [ 69.246734, 41.316238 ] ] ] } },
{ "type": "Feature", "properties": { "osm_id": "790949342", "class_label_ru": "Основная велодорожка", "Туман": "Шайхонтохур", "Длина": 19.14 }, "geometry": { "type": "MultiLineString", "coordinates": [ [ [ 69.247003, 41.316052 ], [ 69.247192, 41.315955 ] ] ] } },
{ "type": "Feature", "properties": { "osm_id": "790949356", "class_label_ru": "Основная велодорожка", "Туман": "Шайхонтохур", "Длина": 71.25 }, "geometry": { "type": "MultiLineString", "coordinates": [ [ [ 69.24947, 41.317441 ], [ 69.249451, 41.317465 ], [ 69.249445, 41.317472 ], [ 69.249295, 41.317602 ], [ 69.249259, 41.317628 ], [ 69.249205, 41.317667 ], [ 69.249055, 41.317769 ], [ 69.248871, 41.317894 ] ] ] } },
{ "type": "Feature", "properties": { "osm_id": "790949357", "class_label_ru": "Основная велодорожка", "Туман": "Шайхонтохур", "Длина": 36.24 }, "geometry": { "type": "MultiLineString", "coordinates": [ [ [ 69.24947, 41.317441 ], [ 69.249707, 41.317168 ] ] ] } },
{ "type": "Feature", "properties": { "osm_id": "790949358", "class_label_ru": "Основная велодорожка", "Туман": "Шайхонтохур", "Длина": 124.42 }, "geometry": { "type": "MultiLineString", "coordinates": [ [ [ 69.249707, 41.317168 ], [ 69.249853, 41.316963 ], [ 69.249903, 41.316882 ], [ 69.249945, 41.316772 ], [ 69.250014, 41.316495 ], [ 69.250024, 41.316417 ], [ 69.250024, 41.316393 ], [ 69.250022, 41.316377 ], [ 69.249981, 41.316136 ], [ 69.249972, 41.316096 ] ] ] } },
{ "type": "Feature", "properties": { "osm_id": "800402587", "class_label_ru": "Основная велодорожка", "Туман": "Шайхонтохур", "Длина": 802.85 }, "geometry": { "type": "MultiLineString", "coordinates": [ [ [ 69.228869, 41.318027 ], [ 69.228842, 41.31808 ], [ 69.228109, 41.318508 ], [ 69.227989, 41.318578 ], [ 69.227551, 41.31882 ], [ 69.227229, 41.319006 ], [ 69.225925, 41.319758 ], [ 69.225572, 41.319956 ], [ 69.225407, 41.320051 ], [ 69.224872, 41.320347 ], [ 69.224308, 41.320679 ], [ 69.224198, 41.320731 ], [ 69.223202, 41.321283 ], [ 69.222781, 41.321453 ], [ 69.222028, 41.321692 ], [ 69.221876, 41.321744 ], [ 69.221756, 41.3218 ], [ 69.221279, 41.321887 ], [ 69.221157, 41.321906 ], [ 69.220924, 41.321918 ] ] ] } },
{ "type": "Feature", "properties": { "osm_id": "839394434", "class_label_ru": "Основная велодорожка", "Туман": "Шайхонтохур", "Длина": 304.88 }, "geometry": { "type": "MultiLineString", "coordinates": [ [ [ 69.250611, 41.311697 ], [ 69.250928, 41.311679 ], [ 69.251049, 41.311713 ], [ 69.252187, 41.311667 ], [ 69.252281, 41.311623 ], [ 69.252829, 41.3116 ], [ 69.253098, 41.311589 ], [ 69.253134, 41.311601 ], [ 69.253165, 41.311634 ], [ 69.253186, 41.311802 ], [ 69.253156, 41.311853 ], [ 69.253152, 41.311874 ], [ 69.253167, 41.31205 ], [ 69.253177, 41.312064 ], [ 69.253224, 41.312104 ], [ 69.253231, 41.312204 ], [ 69.253241, 41.31234 ], [ 69.253308, 41.312338 ] ] ] } },
{ "type": "Feature", "properties": { "osm_id": "863559499", "class_label_ru": "Основная велодорожка", "Туман": "Шайхонтохур", "Длина": 7.48 }, "geometry": { "type": "MultiLineString", "coordinates": [ [ [ 69.230576, 41.317611 ], [ 69.230557, 41.317642 ], [ 69.230538, 41.317672 ] ] ] } },
{ "type": "Feature", "properties": { "osm_id": "1015320095", "class_label_ru": "Основная велодорожка", "Туман": "Олмазор", "Длина": 6.9 }, "geometry": { "type": "MultiLineString", "coordinates": [ [ [ 69.258945, 41.346349 ], [ 69.258907, 41.346368 ], [ 69.258876, 41.346383 ] ] ] } },
{ "type": "Feature", "properties": { "osm_id": "1015320096", "class_label_ru": "Основная велодорожка", "Туман": "Олмазор", "Длина": 87.83 }, "geometry": { "type": "MultiLineString", "coordinates": [ [ [ 69.259757, 41.345848 ], [ 69.258945, 41.346349 ] ] ] } },
{ "type": "Feature", "properties": { "osm_id": "1015320101", "class_label_ru": "Основная велодорожка", "Туман": "Олмазор", "Длина": 170.89 }, "geometry": { "type": "MultiLineString", "coordinates": [ [ [ 69.256072, 41.3377 ], [ 69.256114, 41.337739 ], [ 69.256153, 41.337763 ], [ 69.256476, 41.337871 ], [ 69.256462, 41.337903 ], [ 69.256436, 41.337935 ], [ 69.256406, 41.337961 ], [ 69.256363, 41.337985 ], [ 69.255772, 41.338206 ], [ 69.255144, 41.338468 ] ] ] } },
{ "type": "Feature", "properties": { "osm_id": "1015320154", "class_label_ru": "Основная велодорожка", "Туман": "Олмазор", "Длина": 12.17 }, "geometry": { "type": "MultiLineString", "coordinates": [ [ [ 69.260055, 41.345657 ], [ 69.260001, 41.345688 ], [ 69.259968, 41.345708 ], [ 69.259941, 41.345725 ] ] ] } },
{ "type": "Feature", "properties": { "osm_id": "1015320155", "class_label_ru": "Велопереход", "Туман": "Олмазор", "Длина": 7.66 }, "geometry": { "type": "MultiLineString", "coordinates": [ [ [ 69.259821, 41.345799 ], [ 69.259794, 41.345816 ], [ 69.259776, 41.345832 ], [ 69.259757, 41.345848 ] ] ] } },
{ "type": "Feature", "properties": { "osm_id": "1015320156", "class_label_ru": "Основная велодорожка", "Туман": "Олмазор", "Длина": 5.55 }, "geometry": { "type": "MultiLineString", "coordinates": [ [ [ 69.259873, 41.345768 ], [ 69.25984, 41.345787 ], [ 69.259821, 41.345799 ] ] ] } },
{ "type": "Feature", "properties": { "osm_id": "1015320157", "class_label_ru": "Велопереход", "Туман": "Олмазор", "Длина": 7.43 }, "geometry": { "type": "MultiLineString", "coordinates": [ [ [ 69.259941, 41.345725 ], [ 69.259901, 41.34575 ], [ 69.259887, 41.345759 ], [ 69.259873, 41.345768 ] ] ] } },
{ "type": "Feature", "properties": { "osm_id": "1019049336", "class_label_ru": "Основная велодорожка", "Туман": "Шайхонтохур", "Длина": 46.33 }, "geometry": { "type": "MultiLineString", "coordinates": [ [ [ 69.235866, 41.321524 ], [ 69.235487, 41.32122 ] ] ] } },
{ "type": "Feature", "properties": { "osm_id": "1029056683", "class_label_ru": "Основная велодорожка", "Туман": "Юнусобод", "Длина": 5.45 }, "geometry": { "type": "MultiLineString", "coordinates": [ [ [ 69.271912, 41.318522 ], [ 69.271848, 41.318531 ] ] ] } },
{ "type": "Feature", "properties": { "osm_id": "1029056684", "class_label_ru": "Совмещённая дорожка / тротуар", "Туман": "Юнусобод", "Длина": 13.49 }, "geometry": { "type": "MultiLineString", "coordinates": [ [ [ 69.272071, 41.318616 ], [ 69.272012, 41.318503 ] ] ] } },
{ "type": "Feature", "properties": { "osm_id": "1029056685", "class_label_ru": "Основная велодорожка", "Туман": "Юнусобод", "Длина": 3.55 }, "geometry": { "type": "MultiLineString", "coordinates": [ [ [ 69.276433, 41.317505 ], [ 69.276392, 41.317513 ] ] ] } },
{ "type": "Feature", "properties": { "osm_id": "1075854248", "class_label_ru": "Совмещённая дорожка / тротуар", "Туман": "Шайхонтохур", "Длина": 11.72 }, "geometry": { "type": "MultiLineString", "coordinates": [ [ [ 69.235866, 41.321524 ], [ 69.235889, 41.321541 ], [ 69.235933, 41.321568 ], [ 69.235965, 41.321598 ] ] ] } },
{ "type": "Feature", "properties": { "osm_id": "1111545036", "class_label_ru": "Основная велодорожка", "Туман": "Шайхонтохур", "Длина": 836.07 }, "geometry": { "type": "MultiLineString", "coordinates": [ [ [ 69.23053, 41.317686 ], [ 69.230455, 41.317695 ], [ 69.230184, 41.317827 ], [ 69.230103, 41.317832 ], [ 69.229985, 41.317897 ], [ 69.229881, 41.317955 ], [ 69.229891, 41.317996 ], [ 69.229511, 41.318208 ], [ 69.229043, 41.318467 ], [ 69.22839, 41.318837 ], [ 69.228313, 41.318882 ], [ 69.227529, 41.319341 ], [ 69.227166, 41.319556 ], [ 69.226089, 41.320185 ], [ 69.22575, 41.320383 ], [ 69.22574, 41.320393 ], [ 69.225751, 41.320484 ], [ 69.226011, 41.320596 ], [ 69.226264, 41.320694 ], [ 69.226396, 41.320736 ], [ 69.226913, 41.32096 ], [ 69.227432, 41.321175 ], [ 69.227763, 41.321309 ], [ 69.228275, 41.321588 ], [ 69.228381, 41.321667 ], [ 69.228536, 41.321811 ], [ 69.228752, 41.32201 ], [ 69.228829, 41.322087 ], [ 69.228856, 41.322106 ] ] ] } },
{ "type": "Feature", "properties": { "osm_id": "1111545037", "class_label_ru": "Велопереход", "Туман": "Шайхонтохур", "Длина": 3.68 }, "geometry": { "type": "MultiLineString", "coordinates": [ [ [ 69.230581, 41.317538 ], [ 69.230624, 41.317531 ] ] ] } },
{ "type": "Feature", "properties": { "osm_id": "1111545038", "class_label_ru": "Велопереход", "Туман": "Шайхонтохур", "Длина": 4.14 }, "geometry": { "type": "MultiLineString", "coordinates": [ [ [ 69.23055, 41.317509 ], [ 69.230581, 41.317538 ] ] ] } },
{ "type": "Feature", "properties": { "osm_id": "1111545039", "class_label_ru": "Велопереход", "Туман": "Шайхонтохур", "Длина": 8.12 }, "geometry": { "type": "MultiLineString", "coordinates": [ [ [ 69.230581, 41.317538 ], [ 69.230576, 41.317611 ] ] ] } },
{ "type": "Feature", "properties": { "osm_id": "1111545042", "class_label_ru": "Велопереход", "Туман": "Шайхонтохур", "Длина": 6.46 }, "geometry": { "type": "MultiLineString", "coordinates": [ [ [ 69.230224, 41.317277 ], [ 69.23018, 41.317271 ], [ 69.230148, 41.317267 ] ] ] } },
{ "type": "Feature", "properties": { "osm_id": "1111545046", "class_label_ru": "Велопереход", "Туман": "Шайхонтохур", "Длина": 4.69 }, "geometry": { "type": "MultiLineString", "coordinates": [ [ [ 69.230655, 41.31702 ], [ 69.230652, 41.317 ], [ 69.230649, 41.316978 ] ] ] } },
{ "type": "Feature", "properties": { "osm_id": "1111545047", "class_label_ru": "Велопереход", "Туман": "Шайхонтохур", "Длина": 3.56 }, "geometry": { "type": "MultiLineString", "coordinates": [ [ [ 69.230653, 41.317052 ], [ 69.230655, 41.31702 ] ] ] } },
{ "type": "Feature", "properties": { "osm_id": "1111545048", "class_label_ru": "Велопереход", "Туман": "Шайхонтохур", "Длина": 6.91 }, "geometry": { "type": "MultiLineString", "coordinates": [ [ [ 69.230626, 41.317062 ], [ 69.230653, 41.317052 ], [ 69.230703, 41.317064 ] ] ] } },
{ "type": "Feature", "properties": { "osm_id": "1128465310", "class_label_ru": "Совмещённая дорожка / тротуар", "Туман": "Юнусобод", "Длина": 258.81 }, "geometry": { "type": "MultiLineString", "coordinates": [ [ [ 69.277008, 41.3599 ], [ 69.276037, 41.359483 ], [ 69.275828, 41.359406 ], [ 69.274893, 41.358989 ], [ 69.274888, 41.358879 ], [ 69.274747, 41.358816 ], [ 69.274665, 41.358799 ], [ 69.274502, 41.35878 ], [ 69.274492, 41.358708 ] ] ] } },
{ "type": "Feature", "properties": { "osm_id": "1195666731", "class_label_ru": "Совмещённая дорожка / тротуар", "Туман": "Юнусобод", "Длина": 42.28 }, "geometry": { "type": "MultiLineString", "coordinates": [ [ [ 69.271769, 41.318157 ], [ 69.271839, 41.318323 ], [ 69.271912, 41.318522 ] ] ] } },
{ "type": "Feature", "properties": { "osm_id": "1330692182", "class_label_ru": "Основная велодорожка", "Туман": "Шайхонтохур", "Длина": 68.5 }, "geometry": { "type": "MultiLineString", "coordinates": [ [ [ 69.246038, 41.3119 ], [ 69.246092, 41.311897 ], [ 69.246176, 41.311892 ], [ 69.246854, 41.311856 ] ] ] } },
{ "type": "Feature", "properties": { "osm_id": "1332176791", "class_label_ru": "Основная велодорожка", "Туман": "Шайхонтохур", "Длина": 15.47 }, "geometry": { "type": "MultiLineString", "coordinates": [ [ [ 69.254223, 41.320185 ], [ 69.254226, 41.320244 ], [ 69.254235, 41.320324 ] ] ] } },
{ "type": "Feature", "properties": { "osm_id": "1332176795", "class_label_ru": "Основная велодорожка", "Туман": "Шайхонтохур", "Длина": 133.25 }, "geometry": { "type": "MultiLineString", "coordinates": [ [ [ 69.254081, 41.31899 ], [ 69.254173, 41.319752 ], [ 69.254223, 41.320185 ] ] ] } },
{ "type": "Feature", "properties": { "osm_id": "1356506724", "class_label_ru": "Велопереход", "Туман": "Шайхонтохур", "Длина": 2.77 }, "geometry": { "type": "MultiLineString", "coordinates": [ [ [ 69.230148, 41.317267 ], [ 69.230115, 41.317265 ] ] ] } },
{ "type": "Feature", "properties": { "osm_id": "1356506725", "class_label_ru": "Велопереход", "Туман": "Шайхонтохур", "Длина": 3.52 }, "geometry": { "type": "MultiLineString", "coordinates": [ [ [ 69.230932, 41.31734 ], [ 69.230949, 41.317311 ] ] ] } },
{ "type": "Feature", "properties": { "osm_id": "1356506726", "class_label_ru": "Велопереход", "Туман": "Шайхонтохур", "Длина": 3.9 }, "geometry": { "type": "MultiLineString", "coordinates": [ [ [ 69.230946, 41.317276 ], [ 69.230949, 41.317311 ] ] ] } },
{ "type": "Feature", "properties": { "osm_id": "1356506727", "class_label_ru": "Совмещённая дорожка / тротуар", "Туман": "Шайхонтохур", "Длина": 2.89 }, "geometry": { "type": "MultiLineString", "coordinates": [ [ [ 69.230649, 41.316978 ], [ 69.230647, 41.316952 ] ] ] } },
{ "type": "Feature", "properties": { "osm_id": "1376189738", "class_label_ru": "Основная велодорожка", "Туман": "Шайхонтохур", "Длина": 27.81 }, "geometry": { "type": "MultiLineString", "coordinates": [ [ [ 69.230808, 41.317822 ], [ 69.230596, 41.31771 ], [ 69.23053, 41.317686 ] ] ] } },
{ "type": "Feature", "properties": { "osm_id": "1422908948", "class_label_ru": "Основная велодорожка", "Туман": "Шайхонтохур", "Длина": 423.61 }, "geometry": { "type": "MultiLineString", "coordinates": [ [ [ 69.23681, 41.313557 ], [ 69.236674, 41.313626 ], [ 69.23646, 41.313703 ], [ 69.236233, 41.313825 ], [ 69.235892, 41.314006 ], [ 69.23582, 41.314045 ], [ 69.23517, 41.314418 ], [ 69.234345, 41.314892 ], [ 69.233766, 41.31523 ], [ 69.233567, 41.315345 ], [ 69.232743, 41.315819 ] ] ] } },
{ "type": "Feature", "properties": { "osm_id": "1427320748", "class_label_ru": "Велопереход", "Туман": "Юнусобод", "Длина": 12.67 }, "geometry": { "type": "MultiLineString", "coordinates": [ [ [ 69.279838, 41.380608 ], [ 69.279864, 41.380584 ], [ 69.279939, 41.380523 ] ] ] } },
{ "type": "Feature", "properties": { "osm_id": "1427320749", "class_label_ru": "Основная велодорожка", "Туман": "Юнусобод", "Длина": 1.44 }, "geometry": { "type": "MultiLineString", "coordinates": [ [ [ 69.279827, 41.380618 ], [ 69.279838, 41.380608 ] ] ] } },
{ "type": "Feature", "properties": { "osm_id": "1427320750", "class_label_ru": "Велопереход", "Туман": "Юнусобод", "Длина": 16.64 }, "geometry": { "type": "MultiLineString", "coordinates": [ [ [ 69.280135, 41.380807 ], [ 69.28017, 41.380775 ], [ 69.280241, 41.380713 ], [ 69.280264, 41.380693 ] ] ] } },
{ "type": "Feature", "properties": { "osm_id": "1427320753", "class_label_ru": "Основная велодорожка", "Туман": "Юнусобод", "Длина": 8.46 }, "geometry": { "type": "MultiLineString", "coordinates": [ [ [ 69.280071, 41.380866 ], [ 69.280135, 41.380807 ] ] ] } },
{ "type": "Feature", "properties": { "osm_id": "1450009428", "class_label_ru": "Основная велодорожка", "Туман": "Шайхонтохур", "Длина": 1.69 }, "geometry": { "type": "MultiLineString", "coordinates": [ [ [ 69.230538, 41.317672 ], [ 69.23053, 41.317686 ] ] ] } },
{ "type": "Feature", "properties": { "osm_id": "1453702003", "class_label_ru": "Совмещённая дорожка / тротуар", "Туман": "Юнусобод", "Длина": 9.17 }, "geometry": { "type": "MultiLineString", "coordinates": [ [ [ 69.277098, 41.359947 ], [ 69.277071, 41.359935 ], [ 69.277008, 41.3599 ] ] ] } },
{ "type": "Feature", "properties": { "osm_id": "1453702007", "class_label_ru": "Совмещённая дорожка / тротуар", "Туман": "Юнусобод", "Длина": 28.85 }, "geometry": { "type": "MultiLineString", "coordinates": [ [ [ 69.273245, 41.358086 ], [ 69.272948, 41.357954 ] ] ] } },
{ "type": "Feature", "properties": { "osm_id": "1453702008", "class_label_ru": "Совмещённая дорожка / тротуар", "Туман": "Юнусобод", "Длина": 11.1 }, "geometry": { "type": "MultiLineString", "coordinates": [ [ [ 69.272948, 41.357954 ], [ 69.272903, 41.357931 ], [ 69.27284, 41.357896 ] ] ] } },
{ "type": "Feature", "properties": { "osm_id": "1453702013", "class_label_ru": "Совмещённая дорожка / тротуар", "Туман": "Юнусобод", "Длина": 7.45 }, "geometry": { "type": "MultiLineString", "coordinates": [ [ [ 69.27632, 41.359128 ], [ 69.276273, 41.359185 ] ] ] } },
{ "type": "Feature", "properties": { "osm_id": "1453702016", "class_label_ru": "Совмещённая дорожка / тротуар", "Туман": "Юнусобод", "Длина": 3.52 }, "geometry": { "type": "MultiLineString", "coordinates": [ [ [ 69.276199, 41.359281 ], [ 69.276177, 41.359308 ] ] ] } },
{ "type": "Feature", "properties": { "osm_id": "1453702017", "class_label_ru": "Совмещённая дорожка / тротуар", "Туман": "Юнусобод", "Длина": 4.68 }, "geometry": { "type": "MultiLineString", "coordinates": [ [ [ 69.276426, 41.358994 ], [ 69.276397, 41.35903 ] ] ] } },
{ "type": "Feature", "properties": { "osm_id": "1453702019", "class_label_ru": "Совмещённая дорожка / тротуар", "Туман": "Юнусобод", "Длина": 4.73 }, "geometry": { "type": "MultiLineString", "coordinates": [ [ [ 69.276552, 41.358823 ], [ 69.276524, 41.35886 ] ] ] } },
{ "type": "Feature", "properties": { "osm_id": "1453702020", "class_label_ru": "Совмещённая дорожка / тротуар", "Туман": "Юнусобод", "Длина": 10.46 }, "geometry": { "type": "MultiLineString", "coordinates": [ [ [ 69.276103, 41.359403 ], [ 69.276037, 41.359483 ] ] ] } },
{ "type": "Feature", "properties": { "osm_id": "1453702025", "class_label_ru": "Совмещённая дорожка / тротуар", "Туман": "Юнусобод", "Длина": 8.12 }, "geometry": { "type": "MultiLineString", "coordinates": [ [ [ 69.272661, 41.357265 ], [ 69.272732, 41.35729 ], [ 69.272734, 41.357304 ] ] ] } },
{ "type": "Feature", "properties": { "osm_id": "1453702030", "class_label_ru": "Совмещённая дорожка / тротуар", "Туман": "Юнусобод", "Длина": 264.35 }, "geometry": { "type": "MultiLineString", "coordinates": [ [ [ 69.27284, 41.357896 ], [ 69.27246, 41.357704 ], [ 69.272357, 41.357651 ], [ 69.272091, 41.357519 ], [ 69.27197, 41.357456 ], [ 69.271692, 41.357314 ], [ 69.271443, 41.357166 ], [ 69.271092, 41.356951 ], [ 69.270758, 41.35674 ], [ 69.270345, 41.356444 ] ] ] } },
{ "type": "Feature", "properties": { "osm_id": "1453702033", "class_label_ru": "Совмещённая дорожка / тротуар", "Туман": "Юнусобод", "Длина": 475.95 }, "geometry": { "type": "MultiLineString", "coordinates": [ [ [ 69.274492, 41.358708 ], [ 69.274199, 41.358621 ], [ 69.273626, 41.358374 ], [ 69.273565, 41.358261 ], [ 69.273494, 41.358228 ], [ 69.273363, 41.358183 ], [ 69.273215, 41.358154 ], [ 69.273162, 41.358144 ], [ 69.273023, 41.358119 ], [ 69.27284, 41.358063 ], [ 69.272335, 41.357832 ], [ 69.271838, 41.357599 ], [ 69.271763, 41.35757 ], [ 69.271649, 41.35754 ], [ 69.271614, 41.35754 ], [ 69.271569, 41.357557 ], [ 69.271498, 41.357596 ], [ 69.27146, 41.357637 ], [ 69.271315, 41.357818 ], [ 69.271098, 41.358105 ], [ 69.271097, 41.35815 ], [ 69.271077, 41.358193 ], [ 69.270848, 41.358484 ], [ 69.270407, 41.359046 ] ] ] } },
{ "type": "Feature", "properties": { "osm_id": "1453702034", "class_label_ru": "Совмещённая дорожка / тротуар", "Туман": "Юнусобод", "Длина": 403.25 }, "geometry": { "type": "MultiLineString", "coordinates": [ [ [ 69.270514, 41.356181 ], [ 69.270502, 41.356186 ], [ 69.270742, 41.35637 ], [ 69.270977, 41.356524 ], [ 69.271333, 41.356712 ], [ 69.271846, 41.356971 ], [ 69.272257, 41.357147 ], [ 69.272351, 41.357178 ], [ 69.272516, 41.357224 ], [ 69.272538, 41.357228 ], [ 69.272555, 41.357217 ], [ 69.272556, 41.357203 ], [ 69.272539, 41.357186 ], [ 69.27245, 41.357125 ], [ 69.272383, 41.357079 ], [ 69.272145, 41.356909 ], [ 69.2717, 41.356588 ], [ 69.271507, 41.356488 ], [ 69.271235, 41.356384 ], [ 69.270776, 41.35614 ] ] ] } },
{ "type": "Feature", "properties": { "osm_id": "1453702035", "class_label_ru": "Совмещённая дорожка / тротуар", "Туман": "Юнусобод", "Длина": 274.89 }, "geometry": { "type": "MultiLineString", "coordinates": [ [ [ 69.272746, 41.357346 ], [ 69.272747, 41.357362 ], [ 69.272892, 41.357396 ], [ 69.273006, 41.35744 ], [ 69.273153, 41.357502 ], [ 69.273274, 41.357573 ], [ 69.273681, 41.357787 ], [ 69.275046, 41.358398 ], [ 69.275358, 41.358529 ], [ 69.275559, 41.358598 ] ] ] } },
{ "type": "Feature", "properties": { "osm_id": "1471467521", "class_label_ru": "Основная велодорожка", "Туман": "Шайхонтохур", "Длина": 18.53 }, "geometry": { "type": "MultiLineString", "coordinates": [ [ [ 69.246839, 41.316164 ], [ 69.247003, 41.316052 ] ] ] } },
{ "type": "Feature", "properties": { "osm_id": "1471467522", "class_label_ru": "Основная велодорожка", "Туман": "Шайхонтохур", "Длина": 12.1 }, "geometry": { "type": "MultiLineString", "coordinates": [ [ [ 69.246734, 41.316238 ], [ 69.246754, 41.316223 ], [ 69.246807, 41.31618 ], [ 69.246839, 41.316164 ] ] ] } },
{ "type": "Feature", "properties": { "osm_id": "1471467523", "class_label_ru": "Основная велодорожка", "Туман": "Шайхонтохур", "Длина": 134.88 }, "geometry": { "type": "MultiLineString", "coordinates": [ [ [ 69.248676, 41.315533 ], [ 69.248543, 41.315544 ], [ 69.248183, 41.315601 ], [ 69.247798, 41.315673 ], [ 69.247471, 41.315815 ], [ 69.247192, 41.315955 ] ] ] } },
{ "type": "Feature", "properties": { "osm_id": "1471467524", "class_label_ru": "Основная велодорожка", "Туман": "Шайхонтохур", "Длина": 135.33 }, "geometry": { "type": "MultiLineString", "coordinates": [ [ [ 69.249972, 41.316096 ], [ 69.249905, 41.316002 ], [ 69.249842, 41.315915 ], [ 69.249697, 41.315758 ], [ 69.249513, 41.315652 ], [ 69.249493, 41.315641 ], [ 69.249213, 41.315581 ], [ 69.248955, 41.315545 ], [ 69.248923, 41.315541 ], [ 69.248676, 41.315533 ] ] ] } },
{ "type": "Feature", "properties": { "osm_id": "1471498494", "class_label_ru": "Основная велодорожка", "Туман": "Шайхонтохур", "Длина": 32.16 }, "geometry": { "type": "MultiLineString", "coordinates": [ [ [ 69.247584, 41.318352 ], [ 69.247465, 41.318371 ], [ 69.247203, 41.318383 ] ] ] } },
{ "type": "Feature", "properties": { "osm_id": "1471498495", "class_label_ru": "Основная велодорожка", "Туман": "Шайхонтохур", "Длина": 120.17 }, "geometry": { "type": "MultiLineString", "coordinates": [ [ [ 69.248871, 41.317894 ], [ 69.24885, 41.317905 ], [ 69.248419, 41.318119 ], [ 69.24835, 41.318154 ], [ 69.248001, 41.318252 ], [ 69.247664, 41.318339 ], [ 69.247584, 41.318352 ] ] ] } },
{ "type": "Feature", "properties": { "osm_id": "1472055919", "class_label_ru": "Основная велодорожка", "Туман": "Шайхонтохур", "Длина": 442.72 }, "geometry": { "type": "MultiLineString", "coordinates": [ [ [ 69.251255, 41.31813 ], [ 69.251249, 41.318146 ], [ 69.251237, 41.318156 ], [ 69.251212, 41.318167 ], [ 69.251182, 41.31817 ], [ 69.249747, 41.318274 ], [ 69.248293, 41.318378 ], [ 69.247593, 41.318429 ], [ 69.246575, 41.318502 ], [ 69.246476, 41.318509 ], [ 69.246107, 41.318536 ], [ 69.246081, 41.318535 ], [ 69.246026, 41.31851 ] ] ] } },
{ "type": "Feature", "properties": { "osm_id": "609870683", "class_label_ru": "Основная велодорожка", "Туман": "Олмазор", "Длина": 55.41 }, "geometry": { "type": "MultiLineString", "coordinates": [ [ [ 69.199774, 41.360346 ], [ 69.199761, 41.360337 ], [ 69.199748, 41.36033 ], [ 69.199732, 41.360324 ], [ 69.199716, 41.360321 ], [ 69.199699, 41.360319 ], [ 69.199683, 41.360319 ], [ 69.199666, 41.360322 ], [ 69.19965, 41.360326 ], [ 69.199635, 41.360332 ], [ 69.199622, 41.36034 ], [ 69.199611, 41.36035 ], [ 69.199602, 41.36036 ], [ 69.199595, 41.360372 ], [ 69.19959, 41.360384 ], [ 69.199589, 41.360397 ], [ 69.19959, 41.360409 ], [ 69.199594, 41.360422 ], [ 69.199601, 41.360435 ], [ 69.19961, 41.360446 ], [ 69.199623, 41.360456 ], [ 69.199637, 41.360465 ], [ 69.199653, 41.360471 ], [ 69.19967, 41.360475 ], [ 69.199688, 41.360477 ], [ 69.199706, 41.360477 ], [ 69.199723, 41.360475 ], [ 69.19974, 41.36047 ], [ 69.199756, 41.360463 ], [ 69.19977, 41.360454 ], [ 69.199781, 41.360444 ], [ 69.19979, 41.360432 ], [ 69.199796, 41.360419 ], [ 69.1998, 41.360406 ], [ 69.1998, 41.360392 ], [ 69.199797, 41.360379 ], [ 69.199792, 41.360367 ], [ 69.199784, 41.360356 ], [ 69.199774, 41.360346 ] ] ] } },
{ "type": "Feature", "properties": { "osm_id": "609870684", "class_label_ru": "Основная велодорожка", "Туман": "Олмазор", "Длина": 44.25 }, "geometry": { "type": "MultiLineString", "coordinates": [ [ [ 69.199185, 41.360426 ], [ 69.199175, 41.360419 ], [ 69.199164, 41.360413 ], [ 69.199152, 41.360408 ], [ 69.199138, 41.360405 ], [ 69.199125, 41.360404 ], [ 69.199111, 41.360405 ], [ 69.199104, 41.360406 ], [ 69.199097, 41.360407 ], [ 69.199084, 41.36041 ], [ 69.199073, 41.360416 ], [ 69.199062, 41.360422 ], [ 69.199053, 41.36043 ], [ 69.199046, 41.360439 ], [ 69.199041, 41.360449 ], [ 69.199038, 41.360459 ], [ 69.199037, 41.360469 ], [ 69.199039, 41.36048 ], [ 69.19904, 41.360483 ], [ 69.199043, 41.36049 ], [ 69.199049, 41.360499 ], [ 69.199057, 41.360508 ], [ 69.199067, 41.360516 ], [ 69.199078, 41.360521 ], [ 69.199091, 41.360526 ], [ 69.199104, 41.360529 ], [ 69.199118, 41.360531 ], [ 69.199132, 41.36053 ], [ 69.199146, 41.360528 ], [ 69.199159, 41.360524 ], [ 69.199171, 41.360519 ], [ 69.199182, 41.360511 ], [ 69.199191, 41.360504 ], [ 69.199198, 41.360494 ], [ 69.199203, 41.360484 ], [ 69.199206, 41.360474 ], [ 69.199206, 41.360464 ], [ 69.199205, 41.36046 ], [ 69.199204, 41.360453 ], [ 69.1992, 41.360443 ], [ 69.199193, 41.360434 ], [ 69.199185, 41.360426 ] ] ] } },
{ "type": "Feature", "properties": { "osm_id": "609870685", "class_label_ru": "Основная велодорожка", "Туман": "Олмазор", "Длина": 32.71 }, "geometry": { "type": "MultiLineString", "coordinates": [ [ [ 69.19959, 41.360409 ], [ 69.199205, 41.36046 ] ] ] } },
{ "type": "Feature", "properties": { "osm_id": "609870686", "class_label_ru": "Основная велодорожка", "Туман": "Олмазор", "Длина": 24.08 }, "geometry": { "type": "MultiLineString", "coordinates": [ [ [ 69.199178, 41.360744 ], [ 69.199132, 41.36053 ] ] ] } },
{ "type": "Feature", "properties": { "osm_id": "609870687", "class_label_ru": "Основная велодорожка", "Туман": "Олмазор", "Длина": 23.31 }, "geometry": { "type": "MultiLineString", "coordinates": [ [ [ 69.199058, 41.360199 ], [ 69.199104, 41.360406 ] ] ] } },
{ "type": "Feature", "properties": { "osm_id": "609870688", "class_label_ru": "Основная велодорожка", "Туман": "Олмазор", "Длина": 47.47 }, "geometry": { "type": "MultiLineString", "coordinates": [ [ [ 69.198481, 41.360556 ], [ 69.198929, 41.360497 ], [ 69.19904, 41.360483 ] ] ] } },
{ "type": "Feature", "properties": { "osm_id": "609870692", "class_label_ru": "Основная велодорожка", "Туман": "Олмазор", "Длина": 24.1 }, "geometry": { "type": "MultiLineString", "coordinates": [ [ [ 69.198481, 41.360556 ], [ 69.198197, 41.360592 ] ] ] } },
{ "type": "Feature", "properties": { "osm_id": "609870693", "class_label_ru": "Основная велодорожка", "Туман": "Олмазор", "Длина": 8.14 }, "geometry": { "type": "MultiLineString", "coordinates": [ [ [ 69.198197, 41.360592 ], [ 69.198101, 41.360604 ] ] ] } },
{ "type": "Feature", "properties": { "osm_id": "609878834", "class_label_ru": "Основная велодорожка", "Туман": "Олмазор", "Длина": 61.5 }, "geometry": { "type": "MultiLineString", "coordinates": [ [ [ 69.198863, 41.360222 ], [ 69.198929, 41.360497 ], [ 69.198993, 41.360767 ] ] ] } },
{ "type": "Feature", "properties": { "osm_id": "1323576048", "class_label_ru": "Основная велодорожка", "Туман": "Шайхонтохур", "Длина": 65.06 }, "geometry": { "type": "MultiLineString", "coordinates": [ [ [ 69.206407, 41.344274 ], [ 69.206227, 41.344196 ], [ 69.206176, 41.34417 ], [ 69.206134, 41.344144 ], [ 69.206046, 41.343976 ], [ 69.206114, 41.343823 ] ] ] } },
{ "type": "Feature", "properties": { "osm_id": "1349107360", "class_label_ru": "Основная велодорожка", "Туман": "Учтепа", "Длина": 601.49 }, "geometry": { "type": "MultiLineString", "coordinates": [ [ [ 69.176704, 41.327602 ], [ 69.177315, 41.32753 ], [ 69.178858, 41.327412 ], [ 69.179973, 41.327334 ], [ 69.180277, 41.327311 ], [ 69.181203, 41.327251 ], [ 69.182174, 41.327182 ], [ 69.182548, 41.327154 ], [ 69.183084, 41.327094 ], [ 69.183436, 41.327087 ], [ 69.183542, 41.327077 ], [ 69.18362, 41.32702 ], [ 69.18382, 41.327016 ] ] ] } },
{ "type": "Feature", "properties": { "osm_id": "1349107368", "class_label_ru": "Основная велодорожка", "Туман": "Учтепа", "Длина": 14.78 }, "geometry": { "type": "MultiLineString", "coordinates": [ [ [ 69.183958, 41.326997 ], [ 69.183947, 41.327015 ], [ 69.183928, 41.32703 ], [ 69.183903, 41.327039 ], [ 69.183876, 41.327041 ], [ 69.18385, 41.327036 ], [ 69.183827, 41.327025 ], [ 69.18382, 41.327016 ] ] ] } },
{ "type": "Feature", "properties": { "osm_id": "1349107382", "class_label_ru": "Основная велодорожка", "Туман": "Учтепа", "Длина": 364.22 }, "geometry": { "type": "MultiLineString", "coordinates": [ [ [ 69.189574, 41.326637 ], [ 69.189478, 41.326642 ], [ 69.18948, 41.326696 ], [ 69.189482, 41.326748 ], [ 69.189416, 41.326748 ], [ 69.189359, 41.326703 ], [ 69.189235, 41.326604 ], [ 69.189149, 41.326535 ], [ 69.189137, 41.326529 ], [ 69.189124, 41.326527 ], [ 69.189112, 41.326529 ], [ 69.188969, 41.326612 ], [ 69.188754, 41.326736 ], [ 69.188689, 41.326773 ], [ 69.188678, 41.326778 ], [ 69.18866, 41.326773 ], [ 69.188616, 41.326744 ], [ 69.188446, 41.326628 ], [ 69.188376, 41.32658 ], [ 69.188361, 41.326574 ], [ 69.188345, 41.326577 ], [ 69.188266, 41.326644 ], [ 69.188117, 41.326771 ], [ 69.188028, 41.326847 ], [ 69.188003, 41.326856 ], [ 69.187981, 41.326861 ], [ 69.187957, 41.326861 ], [ 69.187921, 41.32685 ], [ 69.187815, 41.326787 ], [ 69.187653, 41.326693 ], [ 69.187573, 41.326645 ], [ 69.187555, 41.326641 ], [ 69.187535, 41.326652 ], [ 69.187488, 41.326706 ], [ 69.187396, 41.32681 ], [ 69.187321, 41.326896 ], [ 69.187301, 41.326909 ], [ 69.187268, 41.326912 ], [ 69.187237, 41.3269 ], [ 69.187137, 41.326824 ], [ 69.187028, 41.326742 ], [ 69.186991, 41.326714 ], [ 69.186968, 41.326701 ], [ 69.186939, 41.326697 ], [ 69.186911, 41.326706 ], [ 69.18689, 41.326719 ], [ 69.186834, 41.326757 ], [ 69.186703, 41.326848 ], [ 69.186649, 41.326885 ], [ 69.186362, 41.326904 ] ] ] } },
{ "type": "Feature", "properties": { "osm_id": "1349107388", "class_label_ru": "Основная велодорожка", "Туман": "Учтепа", "Длина": 262.73 }, "geometry": { "type": "MultiLineString", "coordinates": [ [ [ 69.192098, 41.32645 ], [ 69.192179, 41.326473 ], [ 69.192188, 41.326473 ], [ 69.192196, 41.326471 ], [ 69.192204, 41.326468 ], [ 69.192211, 41.326464 ], [ 69.192215, 41.326459 ], [ 69.192218, 41.326453 ], [ 69.192219, 41.326447 ], [ 69.192219, 41.32644 ], [ 69.192216, 41.326432 ], [ 69.192212, 41.326425 ], [ 69.192206, 41.326419 ], [ 69.1922, 41.326415 ], [ 69.192188, 41.326412 ], [ 69.192177, 41.326412 ], [ 69.192167, 41.326413 ], [ 69.192158, 41.326417 ], [ 69.192098, 41.32645 ], [ 69.191989, 41.326507 ], [ 69.191785, 41.32661 ], [ 69.191766, 41.326617 ], [ 69.191742, 41.326616 ], [ 69.191717, 41.326612 ], [ 69.191707, 41.326605 ], [ 69.191612, 41.326533 ], [ 69.191519, 41.326463 ], [ 69.191495, 41.326445 ], [ 69.191467, 41.326435 ], [ 69.191433, 41.326436 ], [ 69.191401, 41.326445 ], [ 69.191334, 41.326481 ], [ 69.191176, 41.326565 ], [ 69.191017, 41.32665 ], [ 69.191, 41.326655 ], [ 69.190977, 41.32665 ], [ 69.190877, 41.326586 ], [ 69.190777, 41.326523 ], [ 69.190712, 41.326481 ], [ 69.190694, 41.326476 ], [ 69.190667, 41.326478 ], [ 69.190654, 41.326485 ], [ 69.190588, 41.326534 ], [ 69.190488, 41.326609 ], [ 69.190355, 41.326708 ], [ 69.19033, 41.326714 ], [ 69.190309, 41.326715 ], [ 69.190278, 41.326712 ], [ 69.190095, 41.326633 ], [ 69.189958, 41.326573 ], [ 69.189863, 41.326532 ], [ 69.189826, 41.326516 ], [ 69.189805, 41.326516 ] ] ] } },
{ "type": "Feature", "properties": { "osm_id": "1376869364", "class_label_ru": "Основная велодорожка", "Туман": "Учтепа", "Длина": 636.14 }, "geometry": { "type": "MultiLineString", "coordinates": [ [ [ 69.176704, 41.327602 ], [ 69.176607, 41.327616 ], [ 69.17654, 41.327621 ], [ 69.176272, 41.327631 ], [ 69.176182, 41.327622 ], [ 69.176095, 41.327614 ], [ 69.176035, 41.327614 ], [ 69.175983, 41.32762 ], [ 69.175952, 41.327628 ], [ 69.175885, 41.327652 ], [ 69.175842, 41.327659 ], [ 69.175793, 41.327664 ], [ 69.175747, 41.327663 ], [ 69.175676, 41.327655 ], [ 69.175644, 41.327657 ], [ 69.175552, 41.327674 ], [ 69.175017, 41.327719 ], [ 69.174947, 41.327718 ], [ 69.174857, 41.327718 ], [ 69.174733, 41.32772 ], [ 69.174708, 41.327725 ], [ 69.174673, 41.32774 ], [ 69.174617, 41.327764 ], [ 69.174559, 41.327768 ], [ 69.174497, 41.327773 ], [ 69.174426, 41.327783 ], [ 69.17435, 41.327782 ], [ 69.174239, 41.327772 ], [ 69.174187, 41.327771 ], [ 69.174134, 41.327773 ], [ 69.173983, 41.3278 ], [ 69.173945, 41.327807 ], [ 69.173918, 41.32781 ], [ 69.173886, 41.327806 ], [ 69.173822, 41.32779 ], [ 69.173793, 41.327784 ], [ 69.173775, 41.327784 ], [ 69.173754, 41.327787 ], [ 69.173732, 41.327795 ], [ 69.173639, 41.327815 ], [ 69.173524, 41.327829 ], [ 69.173472, 41.327826 ], [ 69.173407, 41.327818 ], [ 69.173288, 41.327819 ], [ 69.173204, 41.327815 ], [ 69.173166, 41.327815 ], [ 69.173128, 41.327821 ], [ 69.17304, 41.327841 ], [ 69.172978, 41.327855 ], [ 69.172805, 41.327879 ], [ 69.172743, 41.32788 ], [ 69.172699, 41.32789 ], [ 69.172653, 41.327898 ], [ 69.17261, 41.327903 ], [ 69.17258, 41.327902 ], [ 69.172529, 41.327893 ], [ 69.172488, 41.327885 ], [ 69.172451, 41.327877 ], [ 69.172423, 41.327873 ], [ 69.172395, 41.327873 ], [ 69.172366, 41.327875 ], [ 69.172331, 41.327881 ], [ 69.172258, 41.327903 ], [ 69.172218, 41.327911 ], [ 69.172172, 41.327918 ], [ 69.172131, 41.32792 ], [ 69.172091, 41.327922 ], [ 69.172049, 41.32792 ], [ 69.171988, 41.327919 ], [ 69.171897, 41.327906 ], [ 69.17186, 41.327902 ], [ 69.171835, 41.327902 ], [ 69.171801, 41.327902 ], [ 69.171771, 41.327908 ], [ 69.171738, 41.327919 ], [ 69.171692, 41.327934 ], [ 69.171652, 41.327947 ], [ 69.17161, 41.327959 ], [ 69.171183, 41.327968 ], [ 69.171114, 41.327968 ], [ 69.171041, 41.327969 ], [ 69.170974, 41.327972 ], [ 69.170865, 41.327995 ], [ 69.170709, 41.328017 ], [ 69.170578, 41.328026 ], [ 69.170552, 41.328021 ], [ 69.17045, 41.328 ], [ 69.170411, 41.327996 ], [ 69.170259, 41.327991 ], [ 69.170221, 41.327999 ], [ 69.170164, 41.32802 ], [ 69.170141, 41.328031 ], [ 69.170097, 41.328031 ], [ 69.170027, 41.328012 ], [ 69.169994, 41.328006 ], [ 69.169944, 41.328006 ], [ 69.169902, 41.328012 ], [ 69.169775, 41.328061 ], [ 69.169744, 41.328069 ], [ 69.169712, 41.328067 ], [ 69.169682, 41.32806 ], [ 69.169644, 41.328046 ], [ 69.169613, 41.328038 ], [ 69.169581, 41.328034 ], [ 69.169465, 41.328055 ], [ 69.169379, 41.328024 ], [ 69.169278, 41.328022 ] ] ] } },
{ "type": "Feature", "properties": { "osm_id": "1376869370", "class_label_ru": "Основная велодорожка", "Туман": "Учтепа", "Длина": 197.29 }, "geometry": { "type": "MultiLineString", "coordinates": [ [ [ 69.186267, 41.326877 ], [ 69.186239, 41.326879 ], [ 69.184559, 41.326984 ], [ 69.184513, 41.326983 ], [ 69.184472, 41.326973 ], [ 69.184396, 41.326932 ], [ 69.18402, 41.326956 ], [ 69.183986, 41.326975 ], [ 69.183958, 41.326997 ] ] ] } },
{ "type": "Feature", "properties": { "osm_id": "1435172053", "class_label_ru": "Основная велодорожка", "Туман": "Олмазор", "Длина": 1383.39 }, "geometry": { "type": "MultiLineString", "coordinates": [ [ [ 69.214954, 41.383752 ], [ 69.215075, 41.383661 ], [ 69.215788, 41.383105 ], [ 69.216335, 41.382657 ], [ 69.217107, 41.381934 ], [ 69.217694, 41.38135 ], [ 69.21829, 41.380743 ], [ 69.219149, 41.379881 ], [ 69.219189, 41.379842 ], [ 69.219323, 41.379707 ], [ 69.220837, 41.3783 ], [ 69.222192, 41.377067 ], [ 69.222264, 41.376993 ], [ 69.22251, 41.376731 ], [ 69.222979, 41.376164 ], [ 69.223607, 41.375192 ], [ 69.223995, 41.374477 ], [ 69.224341, 41.373627 ] ] ] } },
{ "type": "Feature", "properties": { "osm_id": "1486905560", "class_label_ru": "Основная велодорожка", "Туман": "Шайхонтохур", "Длина": 13.78 }, "geometry": { "type": "MultiLineString", "coordinates": [ [ [ 69.206407, 41.344274 ], [ 69.206458, 41.3443 ], [ 69.206488, 41.344342 ], [ 69.206488, 41.344372 ] ] ] } },
{ "type": "Feature", "properties": { "osm_id": "1486905566", "class_label_ru": "Основная велодорожка", "Туман": "Шайхонтохур", "Длина": 44.85 }, "geometry": { "type": "MultiLineString", "coordinates": [ [ [ 69.206486, 41.344429 ], [ 69.206487, 41.344464 ], [ 69.206667, 41.344807 ] ] ] } },
{ "type": "Feature", "properties": { "osm_id": "891209939", "class_label_ru": "Основная велодорожка", "Туман": "Янгиҳает", "Длина": 964.42 }, "geometry": { "type": "MultiLineString", "coordinates": [ [ [ 69.207293, 41.222251 ], [ 69.206921, 41.22211 ], [ 69.204501, 41.221192 ], [ 69.203929, 41.220975 ], [ 69.203837, 41.220939 ], [ 69.202814, 41.220537 ], [ 69.202387, 41.220369 ], [ 69.202358, 41.220357 ], [ 69.202178, 41.220323 ], [ 69.202022, 41.22026 ], [ 69.201911, 41.220189 ], [ 69.201665, 41.220088 ], [ 69.201295, 41.219902 ], [ 69.201117, 41.219804 ], [ 69.200951, 41.219697 ], [ 69.200728, 41.219561 ], [ 69.2005, 41.219401 ], [ 69.200168, 41.219113 ], [ 69.199246, 41.218298 ], [ 69.198926, 41.218459 ], [ 69.198635, 41.218579 ], [ 69.198498, 41.218674 ], [ 69.198329, 41.218747 ], [ 69.19816, 41.218787 ], [ 69.197737, 41.218984 ] ] ] } },
{ "type": "Feature", "properties": { "osm_id": "891209940", "class_label_ru": "Основная велодорожка", "Туман": "Янгиҳает", "Длина": 53.71 }, "geometry": { "type": "MultiLineString", "coordinates": [ [ [ 69.207038, 41.222623 ], [ 69.207065, 41.222583 ], [ 69.207138, 41.222474 ], [ 69.207227, 41.222341 ], [ 69.207293, 41.222251 ], [ 69.207336, 41.222195 ] ] ] } },
{ "type": "Feature", "properties": { "osm_id": "1128390896", "class_label_ru": "Основная велодорожка", "Туман": "Сергели", "Длина": 952.79 }, "geometry": { "type": "MultiLineString", "coordinates": [ [ [ 69.243754, 41.219462 ], [ 69.243757, 41.21943 ], [ 69.243959, 41.217832 ], [ 69.244007, 41.217404 ], [ 69.244052, 41.217002 ], [ 69.244196, 41.215711 ], [ 69.244197, 41.215631 ], [ 69.244183, 41.215549 ], [ 69.244152, 41.215459 ], [ 69.244093, 41.21541 ], [ 69.244011, 41.215362 ], [ 69.243857, 41.215297 ], [ 69.238911, 41.213207 ] ] ] } },
{ "type": "Feature", "properties": { "osm_id": "1391082940", "class_label_ru": "Основная велодорожка", "Туман": "Янгиҳает", "Длина": 823.41 }, "geometry": { "type": "MultiLineString", "coordinates": [ [ [ 69.207522, 41.221945 ], [ 69.206857, 41.221686 ], [ 69.206419, 41.221516 ], [ 69.206271, 41.221458 ], [ 69.204787, 41.220894 ], [ 69.204444, 41.220763 ], [ 69.204221, 41.22068 ], [ 69.204083, 41.220627 ], [ 69.203068, 41.220242 ], [ 69.202929, 41.220135 ], [ 69.202763, 41.220073 ], [ 69.202593, 41.220062 ], [ 69.202458, 41.220011 ], [ 69.202215, 41.219914 ], [ 69.201887, 41.219769 ], [ 69.201674, 41.219665 ], [ 69.201499, 41.219567 ], [ 69.201262, 41.219431 ], [ 69.201, 41.219236 ], [ 69.200782, 41.219068 ], [ 69.200572, 41.218897 ], [ 69.200375, 41.21874 ], [ 69.199659, 41.218129 ], [ 69.199602, 41.218077 ], [ 69.199573, 41.218052 ], [ 69.199497, 41.217988 ], [ 69.199485, 41.21797 ], [ 69.199454, 41.217924 ] ] ] } },
{ "type": "Feature", "properties": { "osm_id": "1455847750", "class_label_ru": "Основная велодорожка", "Туман": "Янгиҳает", "Длина": 7.41 }, "geometry": { "type": "MultiLineString", "coordinates": [ [ [ 69.199317, 41.217835 ], [ 69.199241, 41.217801 ] ] ] } },
{ "type": "Feature", "properties": { "osm_id": "1455847751", "class_label_ru": "Основная велодорожка", "Туман": "Янгиҳает", "Длина": 15.16 }, "geometry": { "type": "MultiLineString", "coordinates": [ [ [ 69.199454, 41.217924 ], [ 69.199423, 41.217904 ], [ 69.199351, 41.217858 ], [ 69.199317, 41.217835 ] ] ] } },
{ "type": "Feature", "properties": { "osm_id": "1501132679", "class_label_ru": "Основная велодорожка", "Туман": "Сергели", "Длина": 985.75 }, "geometry": { "type": "MultiLineString", "coordinates": [ [ [ 69.242832, 41.219089 ], [ 69.24156, 41.218541 ], [ 69.240053, 41.217927 ], [ 69.239599, 41.217749 ], [ 69.238634, 41.21735 ], [ 69.238254, 41.21719 ], [ 69.236638, 41.21652 ], [ 69.235281, 41.215974 ], [ 69.23524, 41.215957 ], [ 69.235199, 41.21594 ], [ 69.233737, 41.215333 ], [ 69.232523, 41.214825 ] ] ] } },
{ "type": "Feature", "properties": { "osm_id": "1333653776", "class_label_ru": "Совмещённая дорожка / тротуар", "Туман": "Миробод", "Длина": 1238.17 }, "geometry": { "type": "MultiLineString", "coordinates": [ [ [ 69.314151, 41.266034 ], [ 69.314208, 41.266043 ], [ 69.314284, 41.266038 ], [ 69.314354, 41.266022 ], [ 69.314415, 41.26599 ], [ 69.314461, 41.265945 ], [ 69.314716, 41.265504 ], [ 69.314745, 41.265473 ], [ 69.314806, 41.265408 ], [ 69.315068, 41.264873 ], [ 69.315292, 41.264511 ], [ 69.315308, 41.264486 ], [ 69.315487, 41.264198 ], [ 69.315557, 41.264144 ], [ 69.315586, 41.264082 ], [ 69.315834, 41.263661 ], [ 69.315887, 41.263581 ], [ 69.315939, 41.263502 ], [ 69.316289, 41.262912 ], [ 69.31639, 41.26273 ], [ 69.316416, 41.262694 ], [ 69.316443, 41.262656 ], [ 69.31666, 41.262357 ], [ 69.31668, 41.262324 ], [ 69.316747, 41.262215 ], [ 69.316958, 41.261866 ], [ 69.31698, 41.261835 ], [ 69.316995, 41.261804 ], [ 69.317304, 41.261213 ], [ 69.317605, 41.260675 ], [ 69.318155, 41.25973 ], [ 69.318294, 41.25948 ], [ 69.31842, 41.259268 ], [ 69.318577, 41.258938 ], [ 69.318606, 41.258886 ], [ 69.318687, 41.258742 ], [ 69.319018, 41.258151 ], [ 69.319262, 41.257715 ], [ 69.319626, 41.257065 ], [ 69.319653, 41.257008 ], [ 69.319679, 41.256952 ], [ 69.319794, 41.256745 ], [ 69.319869, 41.256602 ], [ 69.319889, 41.256515 ], [ 69.320076, 41.256183 ], [ 69.320089, 41.256121 ], [ 69.320076, 41.256053 ], [ 69.320038, 41.255985 ], [ 69.320028, 41.25597 ] ] ] } },
{ "type": "Feature", "properties": { "osm_id": "1518662839", "class_label_ru": "Совмещённая дорожка / тротуар", "Туман": "Миробод", "Длина": 717.74 }, "geometry": { "type": "MultiLineString", "coordinates": [ [ [ 69.320028, 41.25597 ], [ 69.320013, 41.255953 ], [ 69.319768, 41.255854 ], [ 69.319745, 41.255847 ], [ 69.319156, 41.255663 ], [ 69.317791, 41.255231 ], [ 69.316586, 41.254849 ], [ 69.315222, 41.254418 ], [ 69.315137, 41.254391 ], [ 69.315005, 41.254349 ], [ 69.312326, 41.253503 ], [ 69.312151, 41.253445 ] ] ] } },
{ "type": "Feature", "properties": { "osm_id": "534225075", "class_label_ru": "Основная велодорожка", "Туман": "Чилонзор", "Длина": 779.7 }, "geometry": { "type": "MultiLineString", "coordinates": [ [ [ 69.203023, 41.287847 ], [ 69.202417, 41.288257 ], [ 69.202309, 41.288334 ], [ 69.202075, 41.288541 ], [ 69.202066, 41.288562 ], [ 69.202051, 41.288596 ], [ 69.201707, 41.288899 ], [ 69.201628, 41.288969 ], [ 69.201512, 41.289078 ], [ 69.201464, 41.289126 ], [ 69.201202, 41.289399 ], [ 69.200723, 41.289903 ], [ 69.200651, 41.290003 ], [ 69.200153, 41.290614 ], [ 69.199677, 41.291181 ], [ 69.199611, 41.291259 ], [ 69.199596, 41.291278 ], [ 69.198938, 41.292093 ], [ 69.198864, 41.29219 ], [ 69.19872, 41.292368 ], [ 69.198662, 41.292439 ], [ 69.198314, 41.292867 ], [ 69.197993, 41.29326 ], [ 69.19773, 41.293582 ] ] ] } },
{ "type": "Feature", "properties": { "osm_id": "638324065", "class_label_ru": "Основная велодорожка", "Туман": "Учтепа", "Длина": 404.25 }, "geometry": { "type": "MultiLineString", "coordinates": [ [ [ 69.176374, 41.295072 ], [ 69.176407, 41.29503 ], [ 69.176739, 41.294577 ], [ 69.176907, 41.294375 ], [ 69.177017, 41.294238 ], [ 69.177095, 41.294142 ], [ 69.17792, 41.293115 ], [ 69.178144, 41.292832 ], [ 69.178754, 41.292044 ], [ 69.17885, 41.291949 ] ] ] } },
{ "type": "Feature", "properties": { "osm_id": "638324742", "class_label_ru": "Велопереход", "Туман": "Учтепа", "Длина": 545.68 }, "geometry": { "type": "MultiLineString", "coordinates": [ [ [ 69.182094, 41.28932 ], [ 69.181822, 41.289491 ], [ 69.181641, 41.289606 ], [ 69.181545, 41.289663 ], [ 69.181292, 41.289822 ], [ 69.181053, 41.290007 ], [ 69.180641, 41.290414 ], [ 69.179317, 41.29204 ], [ 69.179142, 41.292252 ], [ 69.179137, 41.292367 ], [ 69.178658, 41.292911 ], [ 69.178365, 41.293281 ] ] ] } },
{ "type": "Feature", "properties": { "osm_id": "1321664930", "class_label_ru": "Основная велодорожка", "Туман": "Учтепа", "Длина": 2751.18 }, "geometry": { "type": "MultiLineString", "coordinates": [ [ [ 69.173947, 41.294044 ], [ 69.172221, 41.293216 ], [ 69.170587, 41.292419 ], [ 69.169812, 41.291995 ], [ 69.16899, 41.291433 ], [ 69.168865, 41.291348 ], [ 69.16875, 41.291265 ], [ 69.168464, 41.29106 ], [ 69.168218, 41.290879 ], [ 69.168071, 41.290732 ], [ 69.167954, 41.290617 ], [ 69.167743, 41.290404 ], [ 69.167456, 41.289988 ], [ 69.16727, 41.289596 ], [ 69.166908, 41.288794 ], [ 69.166752, 41.288455 ], [ 69.166661, 41.288256 ], [ 69.166548, 41.288001 ], [ 69.166588, 41.287917 ], [ 69.166433, 41.287547 ], [ 69.166062, 41.286664 ], [ 69.165903, 41.286284 ], [ 69.165762, 41.285895 ], [ 69.165567, 41.285356 ], [ 69.16639, 41.285336 ], [ 69.1681, 41.285317 ], [ 69.168626, 41.285314 ], [ 69.168683, 41.285314 ], [ 69.170378, 41.285293 ], [ 69.17068, 41.285289 ], [ 69.170752, 41.285288 ], [ 69.171007, 41.286005 ], [ 69.171284, 41.286752 ], [ 69.171626, 41.287663 ], [ 69.171703, 41.287887 ], [ 69.171764, 41.288011 ], [ 69.171807, 41.288082 ], [ 69.171927, 41.288272 ], [ 69.172011, 41.288373 ], [ 69.172097, 41.288473 ], [ 69.172165, 41.288547 ], [ 69.172187, 41.288567 ], [ 69.172311, 41.28868 ], [ 69.172411, 41.28878 ], [ 69.172759, 41.289075 ], [ 69.172981, 41.289253 ], [ 69.173278, 41.289438 ], [ 69.173494, 41.289552 ], [ 69.173761, 41.289698 ], [ 69.174084, 41.289853 ], [ 69.174521, 41.290059 ], [ 69.174592, 41.290093 ], [ 69.174964, 41.290269 ], [ 69.176543, 41.291002 ], [ 69.177262, 41.291341 ], [ 69.178754, 41.292044 ] ] ] } },
{ "type": "Feature", "properties": { "osm_id": "1426838435", "class_label_ru": "Основная велодорожка", "Туман": "Учтепа", "Длина": 450.84 }, "geometry": { "type": "MultiLineString", "coordinates": [ [ [ 69.170784, 41.284936 ], [ 69.170618, 41.284936 ], [ 69.169809, 41.284945 ], [ 69.169754, 41.284945 ], [ 69.168702, 41.284963 ], [ 69.168615, 41.284964 ], [ 69.167339, 41.284981 ], [ 69.165403, 41.284962 ] ] ] } },
{ "type": "Feature", "properties": { "osm_id": "1454966636", "class_label_ru": "Основная велодорожка", "Туман": "Учтепа", "Длина": 337.52 }, "geometry": { "type": "MultiLineString", "coordinates": [ [ [ 69.178372, 41.291477 ], [ 69.178917, 41.291722 ], [ 69.178999, 41.291737 ], [ 69.179168, 41.291526 ], [ 69.179281, 41.291383 ], [ 69.179905, 41.290564 ], [ 69.17994, 41.290546 ], [ 69.180009, 41.290467 ], [ 69.180058, 41.290379 ], [ 69.180387, 41.289996 ], [ 69.180621, 41.289756 ], [ 69.180755, 41.289628 ] ] ] } },
{ "type": "Feature", "properties": { "osm_id": "1454966674", "class_label_ru": "Основная велодорожка", "Туман": "Учтепа", "Длина": 167.04 }, "geometry": { "type": "MultiLineString", "coordinates": [ [ [ 69.170126, 41.283589 ], [ 69.170298, 41.284058 ], [ 69.170563, 41.284795 ], [ 69.170618, 41.284936 ], [ 69.170644, 41.285041 ] ] ] } },
{ "type": "Feature", "properties": { "osm_id": "1457869326", "class_label_ru": "Основная велодорожка", "Туман": "Учтепа", "Длина": 261.32 }, "geometry": { "type": "MultiLineString", "coordinates": [ [ [ 69.152281, 41.269973 ], [ 69.152096, 41.269906 ], [ 69.151385, 41.269623 ], [ 69.151188, 41.269534 ], [ 69.150992, 41.269437 ], [ 69.150808, 41.269338 ], [ 69.150486, 41.269128 ], [ 69.150446, 41.269102 ], [ 69.150019, 41.268806 ], [ 69.14975, 41.268624 ] ] ] } },
{ "type": "Feature", "properties": { "osm_id": "1457869328", "class_label_ru": "Основная велодорожка", "Туман": "Учтепа", "Длина": 289.02 }, "geometry": { "type": "MultiLineString", "coordinates": [ [ [ 69.152096, 41.269906 ], [ 69.152611, 41.268365 ], [ 69.15261, 41.268334 ], [ 69.152659, 41.268178 ], [ 69.152679, 41.268149 ], [ 69.152914, 41.26738 ] ] ] } },
{ "type": "Feature", "properties": { "osm_id": "203084070", "class_label_ru": "Основная велодорожка", "Туман": "Миробод", "Длина": 232.29 }, "geometry": { "type": "MultiLineString", "coordinates": [ [ [ 69.281355, 41.286468 ], [ 69.282078, 41.286835 ], [ 69.282346, 41.286976 ], [ 69.28265, 41.287137 ], [ 69.282713, 41.287267 ], [ 69.282697, 41.28734 ], [ 69.282706, 41.287457 ], [ 69.282785, 41.287608 ], [ 69.282763, 41.287718 ], [ 69.282726, 41.287894 ], [ 69.28267, 41.288013 ] ] ] } },
{ "type": "Feature", "properties": { "osm_id": "204153221", "class_label_ru": "Основная велодорожка", "Туман": "Миробод", "Длина": 30.61 }, "geometry": { "type": "MultiLineString", "coordinates": [ [ [ 69.281771, 41.288857 ], [ 69.281964, 41.289091 ] ] ] } },
{ "type": "Feature", "properties": { "osm_id": "250631917", "class_label_ru": "Основная велодорожка", "Туман": "Миробод", "Длина": 17.18 }, "geometry": { "type": "MultiLineString", "coordinates": [ [ [ 69.282979, 41.288215 ], [ 69.282848, 41.288334 ] ] ] } },
{ "type": "Feature", "properties": { "osm_id": "250631918", "class_label_ru": "Основная велодорожка", "Туман": "Миробод", "Длина": 17.23 }, "geometry": { "type": "MultiLineString", "coordinates": [ [ [ 69.28267, 41.288013 ], [ 69.282529, 41.288126 ] ] ] } },
{ "type": "Feature", "properties": { "osm_id": "250631923", "class_label_ru": "Основная велодорожка", "Туман": "Миробод", "Длина": 383.68 }, "geometry": { "type": "MultiLineString", "coordinates": [ [ [ 69.284586, 41.291068 ], [ 69.284615, 41.290986 ], [ 69.28462, 41.29086 ], [ 69.284598, 41.290585 ], [ 69.284568, 41.290554 ], [ 69.284323, 41.290374 ], [ 69.28408, 41.290226 ], [ 69.283787, 41.290047 ], [ 69.28302, 41.289577 ], [ 69.282831, 41.289453 ], [ 69.282669, 41.289288 ], [ 69.282619, 41.289158 ], [ 69.282557, 41.288987 ], [ 69.282545, 41.288925 ], [ 69.282547, 41.28887 ], [ 69.282848, 41.288334 ] ] ] } },
{ "type": "Feature", "properties": { "osm_id": "250631925", "class_label_ru": "Основная велодорожка", "Туман": "Миробод", "Длина": 27.16 }, "geometry": { "type": "MultiLineString", "coordinates": [ [ [ 69.282529, 41.288126 ], [ 69.282402, 41.288193 ], [ 69.282286, 41.288286 ] ] ] } },
{ "type": "Feature", "properties": { "osm_id": "473042657", "class_label_ru": "Основная велодорожка", "Туман": "Миробод", "Длина": 139.64 }, "geometry": { "type": "MultiLineString", "coordinates": [ [ [ 69.284579, 41.287973 ], [ 69.284263, 41.288008 ], [ 69.283974, 41.288035 ], [ 69.283865, 41.288046 ], [ 69.283207, 41.288101 ], [ 69.283081, 41.288129 ], [ 69.282979, 41.288215 ] ] ] } },
{ "type": "Feature", "properties": { "osm_id": "607351241", "class_label_ru": "Основная велодорожка", "Туман": "Миробод", "Длина": 39.69 }, "geometry": { "type": "MultiLineString", "coordinates": [ [ [ 69.281459, 41.288588 ], [ 69.281771, 41.288857 ] ] ] } },
{ "type": "Feature", "properties": { "osm_id": "680055120", "class_label_ru": "Основная велодорожка", "Туман": "Яшнобод", "Длина": 243.92 }, "geometry": { "type": "MultiLineString", "coordinates": [ [ [ 69.307372, 41.305452 ], [ 69.307367, 41.305485 ], [ 69.307382, 41.305508 ], [ 69.307422, 41.305539 ], [ 69.307526, 41.30563 ], [ 69.307684, 41.305754 ], [ 69.307723, 41.30575 ], [ 69.307787, 41.305743 ], [ 69.307977, 41.305724 ], [ 69.308105, 41.305711 ], [ 69.308172, 41.305705 ], [ 69.308271, 41.305695 ], [ 69.308345, 41.305688 ], [ 69.308357, 41.305675 ], [ 69.308376, 41.305654 ], [ 69.308356, 41.305524 ], [ 69.308341, 41.305448 ], [ 69.308339, 41.305399 ], [ 69.308314, 41.305208 ], [ 69.308308, 41.305172 ], [ 69.308287, 41.305165 ], [ 69.308266, 41.305158 ], [ 69.308231, 41.305168 ], [ 69.308037, 41.305232 ], [ 69.307882, 41.305275 ], [ 69.307647, 41.305352 ], [ 69.30746, 41.305412 ], [ 69.307404, 41.305427 ], [ 69.307372, 41.305452 ] ] ] } },
{ "type": "Feature", "properties": { "osm_id": "778209118", "class_label_ru": "Совмещённая дорожка / тротуар", "Туман": "Миробод", "Длина": 302.9 }, "geometry": { "type": "MultiLineString", "coordinates": [ [ [ 69.303018, 41.270688 ], [ 69.303335, 41.270787 ], [ 69.304642, 41.271225 ], [ 69.305194, 41.271405 ], [ 69.305471, 41.271495 ], [ 69.305498, 41.271523 ], [ 69.305725, 41.271599 ], [ 69.305787, 41.271597 ], [ 69.306092, 41.271695 ], [ 69.306296, 41.271762 ], [ 69.306322, 41.271771 ] ] ] } },
{ "type": "Feature", "properties": { "osm_id": "830891925", "class_label_ru": "Основная велодорожка", "Туман": "Яшнобод", "Длина": 1695.28 }, "geometry": { "type": "MultiLineString", "coordinates": [ [ [ 69.347279, 41.284932 ], [ 69.347239, 41.284985 ], [ 69.347119, 41.285144 ], [ 69.346671, 41.285737 ], [ 69.346572, 41.285801 ], [ 69.346466, 41.285869 ], [ 69.346387, 41.285871 ], [ 69.346285, 41.285873 ], [ 69.346016, 41.285757 ], [ 69.344977, 41.285275 ], [ 69.343758, 41.284728 ], [ 69.342911, 41.28435 ], [ 69.34157, 41.283727 ], [ 69.340704, 41.283346 ], [ 69.340482, 41.283269 ], [ 69.339965, 41.283115 ], [ 69.339925, 41.283102 ], [ 69.339933, 41.283079 ], [ 69.340246, 41.282221 ], [ 69.340392, 41.281889 ], [ 69.341441, 41.27918 ], [ 69.341525, 41.278972 ], [ 69.341645, 41.278678 ], [ 69.341685, 41.27858 ], [ 69.341752, 41.278431 ], [ 69.341918, 41.278018 ], [ 69.3421, 41.277455 ], [ 69.342344, 41.276802 ], [ 69.342607, 41.276213 ], [ 69.342866, 41.27557 ], [ 69.343069, 41.274992 ] ] ] } },
{ "type": "Feature", "properties": { "osm_id": "851950794", "class_label_ru": "Основная велодорожка", "Туман": "Яшнобод", "Длина": 678.49 }, "geometry": { "type": "MultiLineString", "coordinates": [ [ [ 69.296656, 41.304662 ], [ 69.296263, 41.304326 ], [ 69.295734, 41.303928 ], [ 69.295472, 41.303783 ], [ 69.295091, 41.303521 ], [ 69.294641, 41.303202 ], [ 69.294062, 41.302824 ], [ 69.293559, 41.302485 ], [ 69.293066, 41.302169 ], [ 69.291451, 41.300901 ], [ 69.290871, 41.300399 ] ] ] } },
{ "type": "Feature", "properties": { "osm_id": "976138198", "class_label_ru": "Основная велодорожка", "Туман": "Яшнобод", "Длина": 935.81 }, "geometry": { "type": "MultiLineString", "coordinates": [ [ [ 69.30395, 41.286105 ], [ 69.304197, 41.285695 ], [ 69.304305, 41.285515 ], [ 69.304698, 41.284822 ], [ 69.304804, 41.284636 ], [ 69.305079, 41.284153 ], [ 69.305169, 41.283995 ], [ 69.30543, 41.283538 ], [ 69.305438, 41.283525 ], [ 69.305575, 41.283277 ], [ 69.305657, 41.283129 ], [ 69.305658, 41.283127 ], [ 69.305954, 41.282607 ], [ 69.306115, 41.282323 ], [ 69.306499, 41.281609 ], [ 69.306895, 41.280828 ], [ 69.30703, 41.280546 ], [ 69.307121, 41.280372 ], [ 69.30725, 41.280233 ], [ 69.307419, 41.279908 ], [ 69.307458, 41.279694 ], [ 69.307806, 41.278971 ], [ 69.308003, 41.278641 ], [ 69.30804, 41.278584 ], [ 69.308246, 41.278368 ], [ 69.308258, 41.278353 ] ] ] } },
{ "type": "Feature", "properties": { "osm_id": "996155046", "class_label_ru": "Совмещённая дорожка / тротуар", "Туман": "Миробод", "Длина": 346.48 }, "geometry": { "type": "MultiLineString", "coordinates": [ [ [ 69.305358, 41.280564 ], [ 69.305424, 41.28054 ], [ 69.305496, 41.280521 ], [ 69.305562, 41.280519 ], [ 69.305631, 41.280528 ], [ 69.305699, 41.280541 ], [ 69.30576, 41.280569 ], [ 69.305807, 41.2806 ], [ 69.30585, 41.280642 ], [ 69.305882, 41.28069 ], [ 69.305899, 41.280742 ], [ 69.3059, 41.280984 ], [ 69.305792, 41.281761 ], [ 69.305575, 41.282175 ], [ 69.305282, 41.282676 ], [ 69.305011, 41.283144 ], [ 69.305, 41.283156 ], [ 69.304963, 41.283196 ] ] ] } },
{ "type": "Feature", "properties": { "osm_id": "996155052", "class_label_ru": "Основная велодорожка", "Туман": "Яшнобод", "Длина": 614.79 }, "geometry": { "type": "MultiLineString", "coordinates": [ [ [ 69.308258, 41.278353 ], [ 69.308323, 41.278267 ], [ 69.308453, 41.278081 ], [ 69.308503, 41.278022 ], [ 69.30895, 41.277209 ], [ 69.309063, 41.277019 ], [ 69.309311, 41.276605 ], [ 69.30974, 41.275832 ], [ 69.310007, 41.275352 ], [ 69.310441, 41.274602 ], [ 69.310533, 41.274441 ], [ 69.310793, 41.273989 ], [ 69.310849, 41.273893 ], [ 69.311084, 41.273469 ], [ 69.311149, 41.273358 ], [ 69.31121, 41.273289 ] ] ] } },
{ "type": "Feature", "properties": { "osm_id": "996799207", "class_label_ru": "Велопереход", "Туман": "Миробод", "Длина": 7.92 }, "geometry": { "type": "MultiLineString", "coordinates": [ [ [ 69.30583, 41.279474 ], [ 69.305826, 41.279515 ], [ 69.305821, 41.279545 ] ] ] } },
{ "type": "Feature", "properties": { "osm_id": "1000629805", "class_label_ru": "Велопереход", "Туман": "Миробод", "Длина": 6.35 }, "geometry": { "type": "MultiLineString", "coordinates": [ [ [ 69.305807, 41.280522 ], [ 69.305827, 41.280497 ], [ 69.305846, 41.280473 ] ] ] } },
{ "type": "Feature", "properties": { "osm_id": "1000629806", "class_label_ru": "Велопереход", "Туман": "Миробод", "Длина": 11.64 }, "geometry": { "type": "MultiLineString", "coordinates": [ [ [ 69.30587, 41.280168 ], [ 69.30586, 41.280129 ], [ 69.305844, 41.280065 ] ] ] } },
{ "type": "Feature", "properties": { "osm_id": "1000833617", "class_label_ru": "Основная велодорожка", "Туман": "Миробод", "Длина": 79.48 }, "geometry": { "type": "MultiLineString", "coordinates": [ [ [ 69.307236, 41.278361 ], [ 69.307262, 41.278349 ], [ 69.307392, 41.27825 ], [ 69.307645, 41.27798 ], [ 69.30778, 41.277782 ] ] ] } },
{ "type": "Feature", "properties": { "osm_id": "1010266696", "class_label_ru": "Велопереход", "Туман": "Миробод", "Длина": 10.57 }, "geometry": { "type": "MultiLineString", "coordinates": [ [ [ 69.307136, 41.278419 ], [ 69.307236, 41.278361 ] ] ] } },
{ "type": "Feature", "properties": { "osm_id": "1010266697", "class_label_ru": "Основная велодорожка", "Туман": "Миробод", "Длина": 40.37 }, "geometry": { "type": "MultiLineString", "coordinates": [ [ [ 69.306809, 41.278686 ], [ 69.307136, 41.278419 ] ] ] } },
{ "type": "Feature", "properties": { "osm_id": "1010266699", "class_label_ru": "Велопереход", "Туман": "Миробод", "Длина": 8.3 }, "geometry": { "type": "MultiLineString", "coordinates": [ [ [ 69.306736, 41.278735 ], [ 69.306775, 41.278717 ], [ 69.306809, 41.278686 ] ] ] } },
{ "type": "Feature", "properties": { "osm_id": "1010266700", "class_label_ru": "Совмещённая дорожка / тротуар", "Туман": "Миробод", "Длина": 116.89 }, "geometry": { "type": "MultiLineString", "coordinates": [ [ [ 69.30583, 41.279474 ], [ 69.305851, 41.279396 ], [ 69.305909, 41.27937 ], [ 69.305978, 41.279345 ], [ 69.306071, 41.279313 ], [ 69.306213, 41.279201 ], [ 69.306274, 41.279119 ], [ 69.306324, 41.279019 ], [ 69.306364, 41.278969 ], [ 69.306418, 41.278902 ], [ 69.306556, 41.278808 ], [ 69.306736, 41.278735 ] ] ] } },
{ "type": "Feature", "properties": { "osm_id": "1010266707", "class_label_ru": "Велопереход", "Туман": "Миробод", "Длина": 3.77 }, "geometry": { "type": "MultiLineString", "coordinates": [ [ [ 69.305683, 41.279745 ], [ 69.305644, 41.279728 ] ] ] } },
{ "type": "Feature", "properties": { "osm_id": "1010266708", "class_label_ru": "Основная велодорожка", "Туман": "Миробод", "Длина": 3.89 }, "geometry": { "type": "MultiLineString", "coordinates": [ [ [ 69.305644, 41.279728 ], [ 69.305602, 41.279713 ] ] ] } },
{ "type": "Feature", "properties": { "osm_id": "1010266709", "class_label_ru": "Основная велодорожка", "Туман": "Миробод", "Длина": 26.31 }, "geometry": { "type": "MultiLineString", "coordinates": [ [ [ 69.305844, 41.280065 ], [ 69.305795, 41.279831 ] ] ] } },
{ "type": "Feature", "properties": { "osm_id": "1010266710", "class_label_ru": "Основная велодорожка", "Туман": "Миробод", "Длина": 8.07 }, "geometry": { "type": "MultiLineString", "coordinates": [ [ [ 69.305821, 41.279545 ], [ 69.305808, 41.279617 ] ] ] } },
{ "type": "Feature", "properties": { "osm_id": "1010266711", "class_label_ru": "Велопереход", "Туман": "Миробод", "Длина": 5.15 }, "geometry": { "type": "MultiLineString", "coordinates": [ [ [ 69.305808, 41.279617 ], [ 69.305771, 41.279654 ] ] ] } },
{ "type": "Feature", "properties": { "osm_id": "1010266712", "class_label_ru": "Основная велодорожка", "Туман": "Миробод", "Длина": 12.57 }, "geometry": { "type": "MultiLineString", "coordinates": [ [ [ 69.305696, 41.279752 ], [ 69.305771, 41.279654 ] ] ] } },
{ "type": "Feature", "properties": { "osm_id": "1010266715", "class_label_ru": "Основная велодорожка", "Туман": "Миробод", "Длина": 2.68 }, "geometry": { "type": "MultiLineString", "coordinates": [ [ [ 69.305708, 41.27976 ], [ 69.305696, 41.279752 ], [ 69.305683, 41.279745 ] ] ] } },
{ "type": "Feature", "properties": { "osm_id": "1010266716", "class_label_ru": "Велопереход", "Туман": "Миробод", "Длина": 10.75 }, "geometry": { "type": "MultiLineString", "coordinates": [ [ [ 69.305795, 41.279831 ], [ 69.305757, 41.279797 ], [ 69.305708, 41.27976 ] ] ] } },
{ "type": "Feature", "properties": { "osm_id": "1010266719", "class_label_ru": "Основная велодорожка", "Туман": "Миробод", "Длина": 6.54 }, "geometry": { "type": "MultiLineString", "coordinates": [ [ [ 69.30576, 41.280569 ], [ 69.305807, 41.280522 ] ] ] } },
{ "type": "Feature", "properties": { "osm_id": "1010266722", "class_label_ru": "Основная велодорожка", "Туман": "Яшнобод", "Длина": 3.18 }, "geometry": { "type": "MultiLineString", "coordinates": [ [ [ 69.30703, 41.280546 ], [ 69.306995, 41.280535 ] ] ] } },
{ "type": "Feature", "properties": { "osm_id": "1010266727", "class_label_ru": "Основная велодорожка", "Туман": "Миробод", "Длина": 21.93 }, "geometry": { "type": "MultiLineString", "coordinates": [ [ [ 69.305931, 41.28036 ], [ 69.30587, 41.280168 ] ] ] } },
{ "type": "Feature", "properties": { "osm_id": "1010266728", "class_label_ru": "Основная велодорожка", "Туман": "Миробод", "Длина": 14.43 }, "geometry": { "type": "MultiLineString", "coordinates": [ [ [ 69.305846, 41.280473 ], [ 69.305931, 41.28036 ] ] ] } },
{ "type": "Feature", "properties": { "osm_id": "1010266729", "class_label_ru": "Велопереход", "Туман": "Яшнобод", "Длина": 19.43 }, "geometry": { "type": "MultiLineString", "coordinates": [ [ [ 69.306162, 41.280376 ], [ 69.305931, 41.28036 ] ] ] } },
{ "type": "Feature", "properties": { "osm_id": "1010266730", "class_label_ru": "Основная велодорожка", "Туман": "Яшнобод", "Длина": 25.2 }, "geometry": { "type": "MultiLineString", "coordinates": [ [ [ 69.306461, 41.2804 ], [ 69.306405, 41.280393 ], [ 69.306162, 41.280376 ] ] ] } },
{ "type": "Feature", "properties": { "osm_id": "1010266731", "class_label_ru": "Основная велодорожка", "Туман": "Яшнобод", "Длина": 20.58 }, "geometry": { "type": "MultiLineString", "coordinates": [ [ [ 69.306848, 41.280488 ], [ 69.306617, 41.280425 ] ] ] } },
{ "type": "Feature", "properties": { "osm_id": "1010266732", "class_label_ru": "Велопереход", "Туман": "Яшнобод", "Длина": 13.49 }, "geometry": { "type": "MultiLineString", "coordinates": [ [ [ 69.306617, 41.280425 ], [ 69.306551, 41.280406 ], [ 69.306461, 41.2804 ] ] ] } },
{ "type": "Feature", "properties": { "osm_id": "1010266733", "class_label_ru": "Велопереход", "Туман": "Яшнобод", "Длина": 13.38 }, "geometry": { "type": "MultiLineString", "coordinates": [ [ [ 69.306995, 41.280535 ], [ 69.30693, 41.280514 ], [ 69.306848, 41.280488 ] ] ] } },
{ "type": "Feature", "properties": { "osm_id": "1027063753", "class_label_ru": "Основная велодорожка", "Туман": "Миробод", "Длина": 39.0 }, "geometry": { "type": "MultiLineString", "coordinates": [ [ [ 69.282265, 41.288351 ], [ 69.282223, 41.28846 ], [ 69.28215, 41.28864 ], [ 69.282174, 41.288686 ] ] ] } },
{ "type": "Feature", "properties": { "osm_id": "1450117550", "class_label_ru": "Основная велодорожка", "Туман": "Миробод", "Длина": 1.69 }, "geometry": { "type": "MultiLineString", "coordinates": [ [ [ 69.284615, 41.290986 ], [ 69.284635, 41.290988 ] ] ] } },
{ "type": "Feature", "properties": { "osm_id": "1450117551", "class_label_ru": "Основная велодорожка", "Туман": "Миробод", "Длина": 3.45 }, "geometry": { "type": "MultiLineString", "coordinates": [ [ [ 69.281807, 41.288842 ], [ 69.281771, 41.288857 ] ] ] } },
{ "type": "Feature", "properties": { "osm_id": "1450117552", "class_label_ru": "Основная велодорожка", "Туман": "Миробод", "Длина": 7.33 }, "geometry": { "type": "MultiLineString", "coordinates": [ [ [ 69.282469, 41.28884 ], [ 69.282547, 41.28887 ] ] ] } },
{ "type": "Feature", "properties": { "osm_id": "1450117553", "class_label_ru": "Основная велодорожка", "Туман": "Миробод", "Длина": 2.01 }, "geometry": { "type": "MultiLineString", "coordinates": [ [ [ 69.282174, 41.288686 ], [ 69.282193, 41.288697 ] ] ] } },
{ "type": "Feature", "properties": { "osm_id": "1450117554", "class_label_ru": "Основная велодорожка", "Туман": "Миробод", "Длина": 1.42 }, "geometry": { "type": "MultiLineString", "coordinates": [ [ [ 69.282174, 41.288686 ], [ 69.282159, 41.288692 ] ] ] } },
{ "type": "Feature", "properties": { "osm_id": "1452961029", "class_label_ru": "Совмещённая дорожка / тротуар", "Туман": "Яшнобод", "Длина": 4.42 }, "geometry": { "type": "MultiLineString", "coordinates": [ [ [ 69.303909, 41.28613 ], [ 69.303929, 41.286117 ], [ 69.30395, 41.286105 ] ] ] } },
{ "type": "Feature", "properties": { "osm_id": "1452961030", "class_label_ru": "Совмещённая дорожка / тротуар", "Туман": "Яшнобод", "Длина": 6.12 }, "geometry": { "type": "MultiLineString", "coordinates": [ [ [ 69.303873, 41.286178 ], [ 69.303909, 41.28613 ] ] ] } },
{ "type": "Feature", "properties": { "osm_id": "1452961031", "class_label_ru": "Совмещённая дорожка / тротуар", "Туман": "Яшнобод", "Длина": 5.67 }, "geometry": { "type": "MultiLineString", "coordinates": [ [ [ 69.303871, 41.286229 ], [ 69.303872, 41.286203 ], [ 69.303873, 41.286178 ] ] ] } },
{ "type": "Feature", "properties": { "osm_id": "1452961032", "class_label_ru": "Совмещённая дорожка / тротуар", "Туман": "Яшнобод", "Длина": 124.17 }, "geometry": { "type": "MultiLineString", "coordinates": [ [ [ 69.303315, 41.287264 ], [ 69.303494, 41.286977 ], [ 69.303674, 41.286664 ], [ 69.303871, 41.286229 ] ] ] } },
{ "type": "Feature", "properties": { "osm_id": "430923220", "class_label_ru": "Основная велодорожка", "Туман": "Чилонзор", "Длина": 665.91 }, "geometry": { "type": "MultiLineString", "coordinates": [ [ [ 69.202692, 41.299942 ], [ 69.20276, 41.299952 ], [ 69.202952, 41.300012 ], [ 69.20377, 41.300265 ], [ 69.204194, 41.300396 ], [ 69.204527, 41.300453 ], [ 69.205182, 41.300494 ], [ 69.207288, 41.300582 ], [ 69.207993, 41.300606 ], [ 69.208484, 41.300606 ], [ 69.209629, 41.300661 ], [ 69.210487, 41.30068 ], [ 69.210487, 41.300696 ] ] ] } },
{ "type": "Feature", "properties": { "osm_id": "440973538", "class_label_ru": "Основная велодорожка", "Туман": "Шайхонтохур", "Длина": 50.44 }, "geometry": { "type": "MultiLineString", "coordinates": [ [ [ 69.21095, 41.300979 ], [ 69.211202, 41.300981 ], [ 69.211345, 41.300998 ], [ 69.211427, 41.30104 ], [ 69.211508, 41.301092 ] ] ] } },
{ "type": "Feature", "properties": { "osm_id": "441100700", "class_label_ru": "Основная велодорожка", "Туман": "Шайхонтохур", "Длина": 2.89 }, "geometry": { "type": "MultiLineString", "coordinates": [ [ [ 69.210948, 41.300953 ], [ 69.21095, 41.300979 ] ] ] } },
{ "type": "Feature", "properties": { "osm_id": "534225083", "class_label_ru": "Основная велодорожка", "Туман": "Чилонзор", "Длина": 673.54 }, "geometry": { "type": "MultiLineString", "coordinates": [ [ [ 69.200287, 41.291199 ], [ 69.200945, 41.290393 ], [ 69.201097, 41.290206 ], [ 69.201162, 41.290132 ], [ 69.201554, 41.289679 ], [ 69.201738, 41.289477 ], [ 69.201951, 41.289252 ], [ 69.202006, 41.289208 ], [ 69.202256, 41.288982 ], [ 69.202665, 41.288651 ], [ 69.20292, 41.288452 ], [ 69.203321, 41.288165 ], [ 69.203682, 41.287916 ], [ 69.203693, 41.287912 ], [ 69.204082, 41.287664 ], [ 69.20435, 41.287496 ], [ 69.204703, 41.287275 ], [ 69.205042, 41.28706 ], [ 69.205385, 41.286843 ], [ 69.205578, 41.286727 ], [ 69.205601, 41.286729 ] ] ] } },
{ "type": "Feature", "properties": { "osm_id": "655506432", "class_label_ru": "Основная велодорожка", "Туман": "Чилонзор", "Длина": 2.01 }, "geometry": { "type": "MultiLineString", "coordinates": [ [ [ 69.210954, 41.300685 ], [ 69.210952, 41.300703 ] ] ] } },
{ "type": "Feature", "properties": { "osm_id": "1442427641", "class_label_ru": "Основная велодорожка", "Туман": "Чилонзор", "Длина": 27.77 }, "geometry": { "type": "MultiLineString", "coordinates": [ [ [ 69.210952, 41.300703 ], [ 69.210948, 41.300953 ] ] ] } },
{ "type": "Feature", "properties": { "osm_id": "1454535195", "class_label_ru": "Основная велодорожка", "Туман": "Юнусобод", "Длина": 521.03 }, "geometry": { "type": "MultiLineString", "coordinates": [ [ [ 69.339272, 41.358981 ], [ 69.339495, 41.358954 ], [ 69.339774, 41.358779 ], [ 69.339817, 41.358637 ], [ 69.340227, 41.358376 ], [ 69.340989, 41.357904 ], [ 69.341106, 41.3578 ], [ 69.341365, 41.357655 ], [ 69.341413, 41.357701 ], [ 69.341441, 41.357728 ], [ 69.341912, 41.357425 ], [ 69.341931, 41.357413 ], [ 69.3422, 41.357312 ], [ 69.3429, 41.356896 ], [ 69.343497, 41.356538 ], [ 69.343674, 41.35648 ], [ 69.343649, 41.356418 ], [ 69.343651, 41.356321 ], [ 69.343657, 41.35626 ], [ 69.343713, 41.356232 ], [ 69.343796, 41.356206 ], [ 69.343844, 41.356198 ] ] ] } }
]
}
