{
"type": "FeatureCollection",
"name": "Светофоры_GeoJSON",
"crs": { "type": "name", "properties": { "name": "urn:ogc:def:crs:OGC:1.3:CRS84" } },
"features": [
{ "type": "Feature", "properties": { "osm_id": "13352013983", "highway": "traffic_signals", "Туман": "Янгиҳает", "Name": "Меҳригиё кўча", "ID_Geoname": "АPU:54098", "id": 168, "mahalla": "Yangi Umid MFY", "mahalla_id": 1726292005, "geonames": "АPU:772801" }, "geometry": { "type": "Point", "coordinates": [ 69.1994272, 41.2182566 ] } },
{ "type": "Feature", "properties": { "osm_id": "13352014017", "highway": "traffic_signals", "Туман": "Янгиҳает", "Name": "Меҳригиё кўча", "ID_Geoname": "АPU:54098", "id": 168, "mahalla": "Yangiturmush MFY", "mahalla_id": 1726292023, "geonames": "АPU:811194" }, "geometry": { "type": "Point", "coordinates": [ 69.2038931, 41.2207025 ] } },
{ "type": "Feature", "properties": { "osm_id": "13352014164", "highway": "traffic_signals", "Туман": "Янгиҳает", "Name": "Меҳригиё кўча", "ID_Geoname": "АPU:54098", "id": 168, "mahalla": "Yangiturmush MFY", "mahalla_id": 1726292023, "geonames": "АPU:811194" }, "geometry": { "type": "Point", "coordinates": [ 69.2073076, 41.2220026 ] } },
{ "type": "Feature", "properties": { "osm_id": "13352013984", "highway": "traffic_signals", "Туман": "Янгиҳает", "Name": "Қўрғонтепа кўча", "ID_Geoname": "АPU:54071", "id": 168, "mahalla": "Yangiturmush MFY", "mahalla_id": 1726292023, "geonames": "АPU:811194" }, "geometry": { "type": "Point", "coordinates": [ 69.199471, 41.2178257 ] } },
{ "type": "Feature", "properties": { "osm_id": "13343037737", "highway": "traffic_signals", "Туман": "Янгиҳает", "Name": "Қўрғонтепа кўча", "ID_Geoname": "АPU:54071", "id": 168, "mahalla": "Yangiturmush MFY", "mahalla_id": 1726292023, "geonames": "АPU:811194" }, "geometry": { "type": "Point", "coordinates": [ 69.2004344, 41.216435 ] } },
{ "type": "Feature", "properties": { "osm_id": "13352014166", "highway": "traffic_signals", "Туман": "Янгиҳает", "Name": "Мирзо Турсунзода кўча", "ID_Geoname": "АPU:54158", "id": 168, "mahalla": "Humo MFY", "mahalla_id": 1726292022, "geonames": "АPU:772812" }, "geometry": { "type": "Point", "coordinates": [ 69.212553, 41.2152665 ] } },
{ "type": "Feature", "properties": { "osm_id": "963567027", "highway": "traffic_signals", "Туман": "Янгиҳает", "Name": "Катта ҳалқа йўли кўча", "ID_Geoname": "АPU:53220", "id": 168, "mahalla": "Yangi Darxon MFY", "mahalla_id": 1726292004, "geonames": "АPU:193762" }, "geometry": { "type": "Point", "coordinates": [ 69.1985665, 41.2269999 ] } },
{ "type": "Feature", "properties": { "osm_id": "9609113800", "highway": "traffic_signals", "Туман": "Янгиҳает", "Name": "Хонободтепа шоҳкўчаси", "ID_Geoname": null, "id": 168, "mahalla": "Yangi Darxon MFY", "mahalla_id": 1726292004, "geonames": "АPU:193762" }, "geometry": { "type": "Point", "coordinates": [ 69.1997873, 41.2272202 ] } },
{ "type": "Feature", "properties": { "osm_id": "9609113796", "highway": "traffic_signals", "Туман": "Янгиҳает", "Name": "Хонободтепа шоҳкўчаси", "ID_Geoname": null, "id": 168, "mahalla": "Yangi Darxon MFY", "mahalla_id": 1726292004, "geonames": "АPU:193762" }, "geometry": { "type": "Point", "coordinates": [ 69.1998563, 41.2269585 ] } },
{ "type": "Feature", "properties": { "osm_id": "13743110856", "highway": "traffic_signals", "Туман": "Янгиҳает", "Name": "Қўрғонтепа кўча", "ID_Geoname": "АPU:54071", "id": 168, "mahalla": "Chorbogʻ MFY", "mahalla_id": 1726292015, "geonames": "АPU:282865" }, "geometry": { "type": "Point", "coordinates": [ 69.2112562, 41.2010886 ] } },
{ "type": "Feature", "properties": { "osm_id": "13846524606", "highway": "traffic_signals", "Туман": "Янгиҳает", "Name": "Чоштепа кўча", "ID_Geoname": "АPU:54225", "id": 168, "mahalla": "Choshtepa MFY", "mahalla_id": 1726292003, "geonames": "АPU:56783" }, "geometry": { "type": "Point", "coordinates": [ 69.1788844, 41.2252787 ] } },
{ "type": "Feature", "properties": { "osm_id": "13846524607", "highway": "traffic_signals", "Туман": "Янгиҳает", "Name": "Чоштепа кўча", "ID_Geoname": "АPU:54225", "id": 168, "mahalla": "Choshtepa MFY", "mahalla_id": 1726292003, "geonames": "АPU:56783" }, "geometry": { "type": "Point", "coordinates": [ 69.1788853, 41.2254551 ] } },
{ "type": "Feature", "properties": { "osm_id": "2178104661", "highway": "traffic_signals", "Туман": "Янгиҳает", "Name": "Чоштепа кўча", "ID_Geoname": "АPU:54225", "id": 168, "mahalla": "Choshtepa MFY", "mahalla_id": 1726292003, "geonames": "АPU:56783" }, "geometry": { "type": "Point", "coordinates": [ 69.1818569, 41.2281673 ] } },
{ "type": "Feature", "properties": { "osm_id": "13352014016", "highway": "traffic_signals", "Туман": "Янгиҳает", "Name": "Меҳригиё кўча", "ID_Geoname": "АPU:54098", "id": 168, "mahalla": "Tashabbus MFY", "mahalla_id": 1726292002, "geonames": "АPU:772790" }, "geometry": { "type": "Point", "coordinates": [ 69.2042345, 41.2209344 ] } },
{ "type": "Feature", "properties": { "osm_id": "13352014090", "highway": "traffic_signals", "Туман": "Янгиҳает", "Name": "Мирзо Турсунзода кўча", "ID_Geoname": "АPU:54158", "id": 168, "mahalla": "Tashabbus MFY", "mahalla_id": 1726292002, "geonames": "АPU:772790" }, "geometry": { "type": "Point", "coordinates": [ 69.2073411, 41.2224551 ] } },
{ "type": "Feature", "properties": { "osm_id": "13352013985", "highway": "traffic_signals", "Туман": "Янгиҳает", "Name": "Қўрғонтепа кўча", "ID_Geoname": "АPU:54071", "id": 168, "mahalla": "Yangihayot MFY", "mahalla_id": 1726292007, "geonames": "АPU:811189" }, "geometry": { "type": "Point", "coordinates": [ 69.1989902, 41.2181422 ] } },
{ "type": "Feature", "properties": { "osm_id": "13352013919", "highway": "traffic_signals", "Туман": "Янгиҳает", "Name": "Қўрғонтепа-1 тор кўча", "ID_Geoname": "АPU:870423", "id": 168, "mahalla": "Yangihayot MFY", "mahalla_id": 1726292007, "geonames": "АPU:811189" }, "geometry": { "type": "Point", "coordinates": [ 69.1972059, 41.212789 ] } },
{ "type": "Feature", "properties": { "osm_id": "13352013920", "highway": "traffic_signals", "Туман": "Янгиҳает", "Name": "Қўрғонтепа-1 тор кўча", "ID_Geoname": "АPU:870423", "id": 168, "mahalla": "Yangihayot MFY", "mahalla_id": 1726292007, "geonames": "АPU:811189" }, "geometry": { "type": "Point", "coordinates": [ 69.1970148, 41.2125519 ] } },
{ "type": "Feature", "properties": { "osm_id": "13343037738", "highway": "traffic_signals", "Туман": "Янгиҳает", "Name": "Қўрғонтепа кўча", "ID_Geoname": "АPU:54071", "id": 168, "mahalla": "Yangihayot MFY", "mahalla_id": 1726292007, "geonames": "АPU:811189" }, "geometry": { "type": "Point", "coordinates": [ 69.2000716, 41.2168123 ] } },
{ "type": "Feature", "properties": { "osm_id": "13738456232", "highway": "traffic_signals", "Туман": "Янгиҳает", "Name": "Шокирариқ кўча", "ID_Geoname": "АPU:54097", "id": 168, "mahalla": "Olchazor MFY", "mahalla_id": 1726292021, "geonames": "АPU:223813" }, "geometry": { "type": "Point", "coordinates": [ 69.2034504, 41.2114598 ] } },
{ "type": "Feature", "properties": { "osm_id": "1227931957", "highway": "traffic_signals", "Туман": "Янгиҳает", "Name": "Софдил кўча", "ID_Geoname": "АPU:54157", "id": 168, "mahalla": "Al-Fargʻoniy MFY", "mahalla_id": 1726292008, "geonames": "АPU:56784" }, "geometry": { "type": "Point", "coordinates": [ 69.2313808, 41.2042895 ] } },
{ "type": "Feature", "properties": { "osm_id": "13343037739", "highway": "traffic_signals", "Туман": "Янгиҳает", "Name": "Қўрғонтепа-1 тор кўча", "ID_Geoname": "АPU:870423", "id": 168, "mahalla": "Marhamat MFY", "mahalla_id": 1726292019, "geonames": "АPU:811187" }, "geometry": { "type": "Point", "coordinates": [ 69.2000519, 41.2163654 ] } },
{ "type": "Feature", "properties": { "osm_id": "13743110833", "highway": "traffic_signals", "Туман": "Янгиҳает", "Name": "Қипчоқ шоҳкўча", "ID_Geoname": "АPU:54065", "id": 168, "mahalla": "Viqor MFY", "mahalla_id": 1726292009, "geonames": "АPU:282864" }, "geometry": { "type": "Point", "coordinates": [ 69.2196082, 41.204887 ] } },
{ "type": "Feature", "properties": { "osm_id": "12640655269", "highway": "traffic_signals", "Туман": "Яшнобод", "Name": "Бирлашган кўча", "ID_Geoname": "АPU:54760", "id": 171, "mahalla": "Aviasozlar MFY", "mahalla_id": 1726290022, "geonames": "АPU:56999" }, "geometry": { "type": "Point", "coordinates": [ 69.3447384, 41.2880788 ] } },
{ "type": "Feature", "properties": { "osm_id": "12640655273", "highway": "traffic_signals", "Туман": "Яшнобод", "Name": "Авиасозлар кўча", "ID_Geoname": "АPU:54747", "id": 171, "mahalla": "Aviasozlar MFY", "mahalla_id": 1726290022, "geonames": "АPU:56999" }, "geometry": { "type": "Point", "coordinates": [ 69.3419156, 41.2913161 ] } },
{ "type": "Feature", "properties": { "osm_id": "13688686514", "highway": "traffic_signals", "Туман": "Яшнобод", "Name": "Оҳангарон шоҳкўча", "ID_Geoname": "АPU:54782", "id": 171, "mahalla": "Iltifot MFY", "mahalla_id": 1726290001, "geonames": "АPU:56978" }, "geometry": { "type": "Point", "coordinates": [ 69.3607751, 41.2811628 ] } },
{ "type": "Feature", "properties": { "osm_id": "10225747890", "highway": "traffic_signals", "Туман": "Яшнобод", "Name": "Авиасозлар кўча", "ID_Geoname": "АPU:54747", "id": 171, "mahalla": "Barkamol MFY", "mahalla_id": 1726290035, "geonames": "АPU:282897" }, "geometry": { "type": "Point", "coordinates": [ 69.3503503, 41.2813361 ] } },
{ "type": "Feature", "properties": { "osm_id": "10225747889", "highway": "traffic_signals", "Туман": "Яшнобод", "Name": "Авиасозлар кўча", "ID_Geoname": "АPU:54747", "id": 171, "mahalla": "Barkamol MFY", "mahalla_id": 1726290035, "geonames": "АPU:282897" }, "geometry": { "type": "Point", "coordinates": [ 69.3501965, 41.2818031 ] } },
{ "type": "Feature", "properties": { "osm_id": "1096391833", "highway": "traffic_signals", "Туман": "Яшнобод", "Name": "Авиасозлар кўча", "ID_Geoname": "АPU:54747", "id": 171, "mahalla": "Barkamol MFY", "mahalla_id": 1726290035, "geonames": "АPU:282897" }, "geometry": { "type": "Point", "coordinates": [ 69.3487281, 41.2842904 ] } },
{ "type": "Feature", "properties": { "osm_id": "13688686512", "highway": "traffic_signals", "Туман": "Яшнобод", "Name": "Оҳангарон шоҳкўча", "ID_Geoname": "АPU:54782", "id": 171, "mahalla": "Donishmand MFY", "mahalla_id": 1726290064, "geonames": "АPU:57011" }, "geometry": { "type": "Point", "coordinates": [ 69.3615052, 41.2767845 ] } },
{ "type": "Feature", "properties": { "osm_id": "8602027920", "highway": "traffic_signals", "Туман": "Яшнобод", "Name": "Уйсозлар кўча", "ID_Geoname": "АPU:54810", "id": 171, "mahalla": "Mumtoz MFY", "mahalla_id": 1726290052, "geonames": "АPU:282902" }, "geometry": { "type": "Point", "coordinates": [ 69.3227804, 41.2524779 ] } },
{ "type": "Feature", "properties": { "osm_id": "8602027919", "highway": "traffic_signals", "Туман": "Яшнобод", "Name": "Уйсозлар кўча", "ID_Geoname": "АPU:54810", "id": 171, "mahalla": "Mumtoz MFY", "mahalla_id": 1726290052, "geonames": "АPU:282902" }, "geometry": { "type": "Point", "coordinates": [ 69.3227354, 41.2524052 ] } },
{ "type": "Feature", "properties": { "osm_id": "4554900396", "highway": "traffic_signals", "Туман": "Яшнобод", "Name": "Фарғона йўли кўча", "ID_Geoname": "АPU:53647", "id": 171, "mahalla": "Mumtoz MFY", "mahalla_id": 1726290052, "geonames": "АPU:282902" }, "geometry": { "type": "Point", "coordinates": [ 69.3226436, 41.25235 ] } },
{ "type": "Feature", "properties": { "osm_id": "4631149029", "highway": "traffic_signals", "Туман": "Яшнобод", "Name": "Фарғона йўли кўча", "ID_Geoname": "АPU:53647", "id": 171, "mahalla": "Mumtoz MFY", "mahalla_id": 1726290052, "geonames": "АPU:282902" }, "geometry": { "type": "Point", "coordinates": [ 69.324908, 41.2478943 ] } },
{ "type": "Feature", "properties": { "osm_id": "4631149026", "highway": "traffic_signals", "Туман": "Яшнобод", "Name": "Оҳанрабо кўча", "ID_Geoname": "АPU:54785", "id": 171, "mahalla": "Mumtoz MFY", "mahalla_id": 1726290052, "geonames": "АPU:282902" }, "geometry": { "type": "Point", "coordinates": [ 69.3255306, 41.2477737 ] } },
{ "type": "Feature", "properties": { "osm_id": "5707064899", "highway": "traffic_signals", "Туман": "Яшнобод", "Name": "Фарғона йўли кўча", "ID_Geoname": "АPU:53647", "id": 171, "mahalla": "Muxtor Ashrafiy MFY", "mahalla_id": 1726290047, "geonames": "АPU:57013" }, "geometry": { "type": "Point", "coordinates": [ 69.3108644, 41.2730036 ] } },
{ "type": "Feature", "properties": { "osm_id": "8464328539", "highway": "traffic_signals", "Туман": "Яшнобод", "Name": "Мухтор Ашрафий кўча", "ID_Geoname": "АPU:55004", "id": 171, "mahalla": "Muxtor Ashrafiy MFY", "mahalla_id": 1726290047, "geonames": "АPU:57013" }, "geometry": { "type": "Point", "coordinates": [ 69.311228, 41.2729324 ] } },
{ "type": "Feature", "properties": { "osm_id": "13534580387", "highway": "traffic_signals", "Туман": "Яшнобод", "Name": "Мухтор Ашрафий кўча", "ID_Geoname": "АPU:55004", "id": 171, "mahalla": "Muxtor Ashrafiy MFY", "mahalla_id": 1726290047, "geonames": "АPU:57013" }, "geometry": { "type": "Point", "coordinates": [ 69.3240124, 41.2790863 ] } },
{ "type": "Feature", "properties": { "osm_id": "10224382073", "highway": "traffic_signals", "Туман": "Яшнобод", "Name": "Мухтор Ашрафий кўча", "ID_Geoname": "АPU:55004", "id": 171, "mahalla": "Muxtor Ashrafiy MFY", "mahalla_id": 1726290047, "geonames": "АPU:57013" }, "geometry": { "type": "Point", "coordinates": [ 69.3109665, 41.2730479 ] } },
{ "type": "Feature", "properties": { "osm_id": "13534580386", "highway": "traffic_signals", "Туман": "Яшнобод", "Name": "Мухтор Ашрафий кўча", "ID_Geoname": "АPU:55004", "id": 171, "mahalla": "Muxtor Ashrafiy MFY", "mahalla_id": 1726290047, "geonames": "АPU:57013" }, "geometry": { "type": "Point", "coordinates": [ 69.3236218, 41.2789256 ] } },
{ "type": "Feature", "properties": { "osm_id": "13468684028", "highway": "traffic_signals", "Туман": "Яшнобод", "Name": "Мухтор Ашрафий кўча", "ID_Geoname": "АPU:55004", "id": 171, "mahalla": "Muxtor Ashrafiy MFY", "mahalla_id": 1726290047, "geonames": "АPU:57013" }, "geometry": { "type": "Point", "coordinates": [ 69.3111087, 41.2729741 ] } },
{ "type": "Feature", "properties": { "osm_id": "378073239", "highway": "traffic_signals", "Туман": "Яшнобод", "Name": "Мухтор Ашрафий кўча", "ID_Geoname": "АPU:55004", "id": 171, "mahalla": "Muxtor Ashrafiy MFY", "mahalla_id": 1726290047, "geonames": "АPU:57013" }, "geometry": { "type": "Point", "coordinates": [ 69.3111666, 41.2730431 ] } },
{ "type": "Feature", "properties": { "osm_id": "12640655274", "highway": "traffic_signals", "Туман": "Яшнобод", "Name": "Авиасозлар кўча", "ID_Geoname": "АPU:54747", "id": 171, "mahalla": "Yashnobod MFY", "mahalla_id": 1726290018, "geonames": "АPU:282905" }, "geometry": { "type": "Point", "coordinates": [ 69.3422724, 41.2911528 ] } },
{ "type": "Feature", "properties": { "osm_id": "10225805697", "highway": "traffic_signals", "Туман": "Яшнобод", "Name": "Қорасув кўча", "ID_Geoname": "АPU:54748", "id": 171, "mahalla": "Yashnobod MFY", "mahalla_id": 1726290018, "geonames": "АPU:282905" }, "geometry": { "type": "Point", "coordinates": [ 69.3411449, 41.2950568 ] } },
{ "type": "Feature", "properties": { "osm_id": "10225805696", "highway": "traffic_signals", "Туман": "Яшнобод", "Name": "Қорасув кўча", "ID_Geoname": "АPU:54748", "id": 171, "mahalla": "Yashnobod MFY", "mahalla_id": 1726290018, "geonames": "АPU:282905" }, "geometry": { "type": "Point", "coordinates": [ 69.3411898, 41.2954326 ] } },
{ "type": "Feature", "properties": { "osm_id": "13534580304", "highway": "traffic_signals", "Туман": "Яшнобод", "Name": "Бирлашган кўча", "ID_Geoname": "АPU:54760", "id": 171, "mahalla": "Yashnobod MFY", "mahalla_id": 1726290018, "geonames": "АPU:282905" }, "geometry": { "type": "Point", "coordinates": [ 69.3472687, 41.2892552 ] } },
{ "type": "Feature", "properties": { "osm_id": "13383907092", "highway": "traffic_signals", "Туман": "Яшнобод", "Name": "Қорасув кўча", "ID_Geoname": "АPU:54748", "id": 171, "mahalla": "Yashnobod MFY", "mahalla_id": 1726290018, "geonames": "АPU:282905" }, "geometry": { "type": "Point", "coordinates": [ 69.3398537, 41.2923247 ] } },
{ "type": "Feature", "properties": { "osm_id": "13383907093", "highway": "traffic_signals", "Туман": "Яшнобод", "Name": "Авиасозлар кўча", "ID_Geoname": "АPU:54747", "id": 171, "mahalla": "Yashnobod MFY", "mahalla_id": 1726290018, "geonames": "АPU:282905" }, "geometry": { "type": "Point", "coordinates": [ 69.3401721, 41.2920776 ] } },
{ "type": "Feature", "properties": { "osm_id": "3929946839", "highway": "traffic_signals", "Туман": "Яшнобод", "Name": "Оҳангарон шоҳкўча", "ID_Geoname": "АPU:54782", "id": 171, "mahalla": "Navroʻzobod MFY", "mahalla_id": 1726290021, "geonames": "АPU:282894" }, "geometry": { "type": "Point", "coordinates": [ 69.3469925, 41.2998 ] } },
{ "type": "Feature", "properties": { "osm_id": "282412077", "highway": "traffic_signals", "Туман": "Яшнобод", "Name": "Оҳангарон шоҳкўча", "ID_Geoname": "АPU:54782", "id": 171, "mahalla": "Navroʻzobod MFY", "mahalla_id": 1726290021, "geonames": "АPU:282894" }, "geometry": { "type": "Point", "coordinates": [ 69.352653, 41.2961737 ] } },
{ "type": "Feature", "properties": { "osm_id": "9119011668", "highway": "traffic_signals", "Туман": "Яшнобод", "Name": "Оҳангарон шоҳкўча", "ID_Geoname": "АPU:54782", "id": 171, "mahalla": "Navroʻzobod MFY", "mahalla_id": 1726290021, "geonames": "АPU:282894" }, "geometry": { "type": "Point", "coordinates": [ 69.3465434, 41.2999717 ] } },
{ "type": "Feature", "properties": { "osm_id": "9147458027", "highway": "traffic_signals", "Туман": "Яшнобод", "Name": "Оҳангарон шоҳкўча", "ID_Geoname": "АPU:54782", "id": 171, "mahalla": "Navroʻzobod MFY", "mahalla_id": 1726290021, "geonames": "АPU:282894" }, "geometry": { "type": "Point", "coordinates": [ 69.3464254, 41.3001476 ] } },
{ "type": "Feature", "properties": { "osm_id": "4539012983", "highway": "traffic_signals", "Туман": "Яшнобод", "Name": "Авиасозлар кўча", "ID_Geoname": "АPU:54747", "id": 171, "mahalla": "Fazogir MFY", "mahalla_id": 1726290034, "geonames": "АPU:223837" }, "geometry": { "type": "Point", "coordinates": [ 69.3461669, 41.2863565 ] } },
{ "type": "Feature", "properties": { "osm_id": "4525961848", "highway": "traffic_signals", "Туман": "Яшнобод", "Name": "Иззат кўча", "ID_Geoname": "АPU:54775", "id": 171, "mahalla": "Fazogir MFY", "mahalla_id": 1726290034, "geonames": "АPU:223837" }, "geometry": { "type": "Point", "coordinates": [ 69.3396203, 41.2835501 ] } },
{ "type": "Feature", "properties": { "osm_id": "4525961844", "highway": "traffic_signals", "Туман": "Яшнобод", "Name": "Бешариқ кўча", "ID_Geoname": "АPU:54766", "id": 171, "mahalla": "Fazogir MFY", "mahalla_id": 1726290034, "geonames": "АPU:223837" }, "geometry": { "type": "Point", "coordinates": [ 69.340044, 41.283387 ] } },
{ "type": "Feature", "properties": { "osm_id": "13534580330", "highway": "traffic_signals", "Туман": "Яшнобод", "Name": "Иззат кўча", "ID_Geoname": "АPU:54775", "id": 171, "mahalla": "Fazogir MFY", "mahalla_id": 1726290034, "geonames": "АPU:223837" }, "geometry": { "type": "Point", "coordinates": [ 69.3387993, 41.2855456 ] } },
{ "type": "Feature", "properties": { "osm_id": "4539012985", "highway": "traffic_signals", "Туман": "Яшнобод", "Name": "Бешариқ кўча", "ID_Geoname": "АPU:54766", "id": 171, "mahalla": "Beshariq MFY", "mahalla_id": 1726290037, "geonames": "АPU:223836" }, "geometry": { "type": "Point", "coordinates": [ 69.34614, 41.2859507 ] } },
{ "type": "Feature", "properties": { "osm_id": "13688686518", "highway": "traffic_signals", "Туман": "Яшнобод", "Name": "Оҳангарон шоҳкўча", "ID_Geoname": "АPU:54782", "id": 171, "mahalla": "Vatandosh MFY", "mahalla_id": 1726290004, "geonames": "АPU:282904" }, "geometry": { "type": "Point", "coordinates": [ 69.3581571, 41.2907201 ] } },
{ "type": "Feature", "properties": { "osm_id": "3116309510", "highway": "traffic_signals", "Туман": "Яшнобод", "Name": "Чўлпон кўча", "ID_Geoname": "АPU:55075", "id": 171, "mahalla": "Vatandosh MFY", "mahalla_id": 1726290004, "geonames": "АPU:282904" }, "geometry": { "type": "Point", "coordinates": [ 69.3565424, 41.292694 ] } },
{ "type": "Feature", "properties": { "osm_id": "3116309507", "highway": "traffic_signals", "Туман": "Яшнобод", "Name": "Оҳангарон шоҳкўча", "ID_Geoname": "АPU:54782", "id": 171, "mahalla": "Vatandosh MFY", "mahalla_id": 1726290004, "geonames": "АPU:282904" }, "geometry": { "type": "Point", "coordinates": [ 69.356317, 41.2926388 ] } },
{ "type": "Feature", "properties": { "osm_id": "13362132572", "highway": "traffic_signals", "Туман": "Яшнобод", "Name": "Хонободтепа шоҳкўчаси", "ID_Geoname": null, "id": 171, "mahalla": "Katta Qoʻyliq MFY", "mahalla_id": 1726290051, "geonames": "АPU:56979" }, "geometry": { "type": "Point", "coordinates": [ 69.3432475, 41.2451357 ] } },
{ "type": "Feature", "properties": { "osm_id": "11010733734", "highway": "traffic_signals", "Туман": "Яшнобод", "Name": "Фарғона йўли кўча", "ID_Geoname": "АPU:53647", "id": 171, "mahalla": "Katta Qoʻyliq MFY", "mahalla_id": 1726290051, "geonames": "АPU:56979" }, "geometry": { "type": "Point", "coordinates": [ 69.3287388, 41.2417646 ] } },
{ "type": "Feature", "properties": { "osm_id": "1225307903", "highway": "traffic_signals", "Туман": "Яшнобод", "Name": "Фарғона йўли кўча", "ID_Geoname": "АPU:53647", "id": 171, "mahalla": "Katta Qoʻyliq MFY", "mahalla_id": 1726290051, "geonames": "АPU:56979" }, "geometry": { "type": "Point", "coordinates": [ 69.3283676, 41.2417981 ] } },
{ "type": "Feature", "properties": { "osm_id": "1497178390", "highway": "traffic_signals", "Туман": "Яшнобод", "Name": "Хонободтепа шоҳкўчаси", "ID_Geoname": null, "id": 171, "mahalla": "Katta Qoʻyliq MFY", "mahalla_id": 1726290051, "geonames": "АPU:56979" }, "geometry": { "type": "Point", "coordinates": [ 69.3347811, 41.2401355 ] } },
{ "type": "Feature", "properties": { "osm_id": "988668165", "highway": "traffic_signals", "Туман": "Яшнобод", "Name": "Фарғона йўли кўча", "ID_Geoname": "АPU:53647", "id": 171, "mahalla": "Katta Qoʻyliq MFY", "mahalla_id": 1726290051, "geonames": "АPU:56979" }, "geometry": { "type": "Point", "coordinates": [ 69.3286191, 41.2416675 ] } },
{ "type": "Feature", "properties": { "osm_id": "13376423252", "highway": "traffic_signals", "Туман": "Яшнобод", "Name": "Фарғона йўли кўча", "ID_Geoname": "АPU:53647", "id": 171, "mahalla": "Katta Qoʻyliq MFY", "mahalla_id": 1726290051, "geonames": "АPU:56979" }, "geometry": { "type": "Point", "coordinates": [ 69.3287059, 41.2418735 ] } },
{ "type": "Feature", "properties": { "osm_id": "3929946825", "highway": "traffic_signals", "Туман": "Яшнобод", "Name": "Темирчи кўча", "ID_Geoname": "АPU:55077", "id": 171, "mahalla": "Amir Temur MFY", "mahalla_id": 1726290003, "geonames": "АPU:57019" }, "geometry": { "type": "Point", "coordinates": [ 69.3533049, 41.2960726 ] } },
{ "type": "Feature", "properties": { "osm_id": "3929946835", "highway": "traffic_signals", "Туман": "Яшнобод", "Name": "Оҳангарон шоҳкўча", "ID_Geoname": "АPU:54782", "id": 171, "mahalla": "Amir Temur MFY", "mahalla_id": 1726290003, "geonames": "АPU:57019" }, "geometry": { "type": "Point", "coordinates": [ 69.3472943, 41.2998213 ] } },
{ "type": "Feature", "properties": { "osm_id": "3929946826", "highway": "traffic_signals", "Туман": "Яшнобод", "Name": "Темирчи кўча", "ID_Geoname": "АPU:55077", "id": 171, "mahalla": "Amir Temur MFY", "mahalla_id": 1726290003, "geonames": "АPU:57019" }, "geometry": { "type": "Point", "coordinates": [ 69.3531987, 41.2963555 ] } },
{ "type": "Feature", "properties": { "osm_id": "3929946827", "highway": "traffic_signals", "Туман": "Яшнобод", "Name": "Оҳангарон шоҳкўча", "ID_Geoname": "АPU:54782", "id": 171, "mahalla": "Amir Temur MFY", "mahalla_id": 1726290003, "geonames": "АPU:57019" }, "geometry": { "type": "Point", "coordinates": [ 69.3531876, 41.2959338 ] } },
{ "type": "Feature", "properties": { "osm_id": "3116309513", "highway": "traffic_signals", "Туман": "Яшнобод", "Name": "Чўлпон кўча", "ID_Geoname": "АPU:55075", "id": 171, "mahalla": "Amir Temur MFY", "mahalla_id": 1726290003, "geonames": "АPU:57019" }, "geometry": { "type": "Point", "coordinates": [ 69.3564821, 41.2929779 ] } },
{ "type": "Feature", "properties": { "osm_id": "11273685177", "highway": "traffic_signals", "Туман": "Яшнобод", "Name": "Фарғона йўли кўча", "ID_Geoname": "АPU:53647", "id": 171, "mahalla": "Qoʻyliqobod MFY", "mahalla_id": 1726290053, "geonames": "АPU:57000" }, "geometry": { "type": "Point", "coordinates": [ 69.3260958, 41.2460972 ] } },
{ "type": "Feature", "properties": { "osm_id": "11273685180", "highway": "traffic_signals", "Туман": "Яшнобод", "Name": "Оҳанрабо кўча", "ID_Geoname": "АPU:54785", "id": 171, "mahalla": "Qoʻyliqobod MFY", "mahalla_id": 1726290053, "geonames": "АPU:57000" }, "geometry": { "type": "Point", "coordinates": [ 69.3254277, 41.2475283 ] } },
{ "type": "Feature", "properties": { "osm_id": "1225291484", "highway": "traffic_signals", "Туман": "Яшнобод", "Name": "Фарғона йўли кўча", "ID_Geoname": "АPU:53647", "id": 171, "mahalla": "Qoʻyliqobod MFY", "mahalla_id": 1726290053, "geonames": "АPU:57000" }, "geometry": { "type": "Point", "coordinates": [ 69.3272568, 41.2440413 ] } },
{ "type": "Feature", "properties": { "osm_id": "1225185126", "highway": "traffic_signals", "Туман": "Яшнобод", "Name": "Фарғона йўли кўча", "ID_Geoname": "АPU:53647", "id": 171, "mahalla": "Qoʻyliqobod MFY", "mahalla_id": 1726290053, "geonames": "АPU:57000" }, "geometry": { "type": "Point", "coordinates": [ 69.3256992, 41.2464964 ] } },
{ "type": "Feature", "properties": { "osm_id": "954698850", "highway": "traffic_signals", "Туман": "Яшнобод", "Name": "Фарғона йўли кўча", "ID_Geoname": "АPU:53647", "id": 171, "mahalla": "Qoʻyliqobod MFY", "mahalla_id": 1726290053, "geonames": "АPU:57000" }, "geometry": { "type": "Point", "coordinates": [ 69.3278593, 41.2426735 ] } },
{ "type": "Feature", "properties": { "osm_id": "13376423281", "highway": "traffic_signals", "Туман": "Яшнобод", "Name": "Фарғона йўли кўча", "ID_Geoname": "АPU:53647", "id": 171, "mahalla": "Qoʻyliqobod MFY", "mahalla_id": 1726290053, "geonames": "АPU:57000" }, "geometry": { "type": "Point", "coordinates": [ 69.3272645, 41.2443095 ] } },
{ "type": "Feature", "properties": { "osm_id": "13376423282", "highway": "traffic_signals", "Туман": "Яшнобод", "Name": "Табассум кўча", "ID_Geoname": "АPU:54804", "id": 171, "mahalla": "Qoʻyliqobod MFY", "mahalla_id": 1726290053, "geonames": "АPU:57000" }, "geometry": { "type": "Point", "coordinates": [ 69.3273681, 41.2441137 ] } },
{ "type": "Feature", "properties": { "osm_id": "13376423310", "highway": "traffic_signals", "Туман": "Яшнобод", "Name": "Фарғона йўли кўча", "ID_Geoname": "АPU:53647", "id": 171, "mahalla": "Qoʻyliqobod MFY", "mahalla_id": 1726290053, "geonames": "АPU:57000" }, "geometry": { "type": "Point", "coordinates": [ 69.3261375, 41.2464518 ] } },
{ "type": "Feature", "properties": { "osm_id": "13376423309", "highway": "traffic_signals", "Туман": "Яшнобод", "Name": "Фарғона йўли кўча", "ID_Geoname": "АPU:53647", "id": 171, "mahalla": "Qoʻyliqobod MFY", "mahalla_id": 1726290053, "geonames": "АPU:57000" }, "geometry": { "type": "Point", "coordinates": [ 69.3263065, 41.2461508 ] } },
{ "type": "Feature", "properties": { "osm_id": "13376423286", "highway": "traffic_signals", "Туман": "Яшнобод", "Name": "Бадахшон-2 тор кўча", "ID_Geoname": "АPU:283108", "id": 171, "mahalla": "Qoʻyliqobod MFY", "mahalla_id": 1726290053, "geonames": "АPU:57000" }, "geometry": { "type": "Point", "coordinates": [ 69.3269567, 41.244274 ] } },
{ "type": "Feature", "properties": { "osm_id": "4631149028", "highway": "traffic_signals", "Туман": "Яшнобод", "Name": "Фарғона йўли кўча", "ID_Geoname": "АPU:53647", "id": 171, "mahalla": "Qoʻyliqobod MFY", "mahalla_id": 1726290053, "geonames": "АPU:57000" }, "geometry": { "type": "Point", "coordinates": [ 69.3253549, 41.2474195 ] } },
{ "type": "Feature", "properties": { "osm_id": "2026609176", "highway": "traffic_signals", "Туман": "Яшнобод", "Name": "Маҳтумқули шоҳкўча", "ID_Geoname": "АPU:262764", "id": 171, "mahalla": "Toʻytepa MFY", "mahalla_id": 1726290026, "geonames": "АPU:56992" }, "geometry": { "type": "Point", "coordinates": [ 69.292535, 41.3075564 ] } },
{ "type": "Feature", "properties": { "osm_id": "2026609176", "highway": "traffic_signals", "Туман": "Яшнобод", "Name": "Маҳтумқули шоҳкўча", "ID_Geoname": "АPU:262764", "id": 171, "mahalla": "Toʻytepa MFY", "mahalla_id": 1726290026, "geonames": "АPU:56992" }, "geometry": { "type": "Point", "coordinates": [ 69.292535, 41.3075564 ] } },
{ "type": "Feature", "properties": { "osm_id": "2026609170", "highway": "traffic_signals", "Туман": "Яшнобод", "Name": "Содиқ Азимов кўча", "ID_Geoname": "АPU:283130", "id": 171, "mahalla": "Toʻytepa MFY", "mahalla_id": 1726290026, "geonames": "АPU:56992" }, "geometry": { "type": "Point", "coordinates": [ 69.2920161, 41.3073028 ] } },
{ "type": "Feature", "properties": { "osm_id": "2026609173", "highway": "traffic_signals", "Туман": "Яшнобод", "Name": "Маҳтумқули шоҳкўча", "ID_Geoname": "АPU:262764", "id": 171, "mahalla": "Toʻytepa MFY", "mahalla_id": 1726290026, "geonames": "АPU:56992" }, "geometry": { "type": "Point", "coordinates": [ 69.2917323, 41.3075256 ] } },
{ "type": "Feature", "properties": { "osm_id": "2026609173", "highway": "traffic_signals", "Туман": "Яшнобод", "Name": "Маҳтумқули шоҳкўча", "ID_Geoname": "АPU:262764", "id": 171, "mahalla": "Toʻytepa MFY", "mahalla_id": 1726290026, "geonames": "АPU:56992" }, "geometry": { "type": "Point", "coordinates": [ 69.2917323, 41.3075256 ] } },
{ "type": "Feature", "properties": { "osm_id": "2026609198", "highway": "traffic_signals", "Туман": "Яшнобод", "Name": "Маҳтумқули шоҳкўча", "ID_Geoname": "АPU:262764", "id": 171, "mahalla": "Toʻytepa MFY", "mahalla_id": 1726290026, "geonames": "АPU:56992" }, "geometry": { "type": "Point", "coordinates": [ 69.2858945, 41.3094077 ] } },
{ "type": "Feature", "properties": { "osm_id": "2026609198", "highway": "traffic_signals", "Туман": "Яшнобод", "Name": "Маҳтумқули шоҳкўча", "ID_Geoname": "АPU:262764", "id": 171, "mahalla": "Toʻytepa MFY", "mahalla_id": 1726290026, "geonames": "АPU:56992" }, "geometry": { "type": "Point", "coordinates": [ 69.2858945, 41.3094077 ] } },
{ "type": "Feature", "properties": { "osm_id": "2026609196", "highway": "traffic_signals", "Туман": "Яшнобод", "Name": "Маҳтумқули шоҳкўча", "ID_Geoname": "АPU:262764", "id": 171, "mahalla": "Toʻytepa MFY", "mahalla_id": 1726290026, "geonames": "АPU:56992" }, "geometry": { "type": "Point", "coordinates": [ 69.2870365, 41.3091663 ] } },
{ "type": "Feature", "properties": { "osm_id": "2026609196", "highway": "traffic_signals", "Туман": "Яшнобод", "Name": "Маҳтумқули шоҳкўча", "ID_Geoname": "АPU:262764", "id": 171, "mahalla": "Toʻytepa MFY", "mahalla_id": 1726290026, "geonames": "АPU:56992" }, "geometry": { "type": "Point", "coordinates": [ 69.2870365, 41.3091663 ] } },
{ "type": "Feature", "properties": { "osm_id": "2026609182", "highway": "traffic_signals", "Туман": "Яшнобод", "Name": "Маҳтумқули шоҳкўча", "ID_Geoname": "АPU:262764", "id": 171, "mahalla": "Toʻytepa MFY", "mahalla_id": 1726290026, "geonames": "АPU:56992" }, "geometry": { "type": "Point", "coordinates": [ 69.2885505, 41.3084792 ] } },
{ "type": "Feature", "properties": { "osm_id": "2026609182", "highway": "traffic_signals", "Туман": "Яшнобод", "Name": "Маҳтумқули шоҳкўча", "ID_Geoname": "АPU:262764", "id": 171, "mahalla": "Toʻytepa MFY", "mahalla_id": 1726290026, "geonames": "АPU:56992" }, "geometry": { "type": "Point", "coordinates": [ 69.2885505, 41.3084792 ] } },
{ "type": "Feature", "properties": { "osm_id": "2026609184", "highway": "traffic_signals", "Туман": "Яшнобод", "Name": "Маҳтумқули шоҳкўча", "ID_Geoname": "АPU:262764", "id": 171, "mahalla": "Toʻytepa MFY", "mahalla_id": 1726290026, "geonames": "АPU:56992" }, "geometry": { "type": "Point", "coordinates": [ 69.2892874, 41.3085233 ] } },
{ "type": "Feature", "properties": { "osm_id": "2026609184", "highway": "traffic_signals", "Туман": "Яшнобод", "Name": "Маҳтумқули шоҳкўча", "ID_Geoname": "АPU:262764", "id": 171, "mahalla": "Toʻytepa MFY", "mahalla_id": 1726290026, "geonames": "АPU:56992" }, "geometry": { "type": "Point", "coordinates": [ 69.2892874, 41.3085233 ] } },
{ "type": "Feature", "properties": { "osm_id": "4773042359", "highway": "traffic_signals", "Туман": "Яшнобод", "Name": "Маҳтумқули шоҳкўча", "ID_Geoname": "АPU:262764", "id": 171, "mahalla": "Toʻytepa MFY", "mahalla_id": 1726290026, "geonames": "АPU:56992" }, "geometry": { "type": "Point", "coordinates": [ 69.2955105, 41.306861 ] } },
{ "type": "Feature", "properties": { "osm_id": "4773042359", "highway": "traffic_signals", "Туман": "Яшнобод", "Name": "Маҳтумқули шоҳкўча", "ID_Geoname": "АPU:262764", "id": 171, "mahalla": "Toʻytepa MFY", "mahalla_id": 1726290026, "geonames": "АPU:56992" }, "geometry": { "type": "Point", "coordinates": [ 69.2955105, 41.306861 ] } },
{ "type": "Feature", "properties": { "osm_id": "11408932896", "highway": "traffic_signals", "Туман": "Яшнобод", "Name": "Шаҳрисабз кўча", "ID_Geoname": "АPU:53546", "id": 171, "mahalla": "Toʻytepa MFY", "mahalla_id": 1726290026, "geonames": "АPU:56992" }, "geometry": { "type": "Point", "coordinates": [ 69.2843712, 41.3071198 ] } },
{ "type": "Feature", "properties": { "osm_id": "7899228007", "highway": "traffic_signals", "Туман": "Яшнобод", "Name": "Истиқбол кўча", "ID_Geoname": "АPU:55037", "id": 171, "mahalla": "Toʻytepa MFY", "mahalla_id": 1726290026, "geonames": "АPU:56992" }, "geometry": { "type": "Point", "coordinates": [ 69.2905453, 41.3001932 ] } },
{ "type": "Feature", "properties": { "osm_id": "7899228006", "highway": "traffic_signals", "Туман": "Яшнобод", "Name": "Абдулла Қодирий кўча", "ID_Geoname": "АPU:303217", "id": 171, "mahalla": "Toʻytepa MFY", "mahalla_id": 1726290026, "geonames": "АPU:56992" }, "geometry": { "type": "Point", "coordinates": [ 69.2911066, 41.3003935 ] } },
{ "type": "Feature", "properties": { "osm_id": "4216765204", "highway": "traffic_signals", "Туман": "Яшнобод", "Name": "Тўйтепа кўча", "ID_Geoname": "АPU:55036", "id": 171, "mahalla": "Toʻytepa MFY", "mahalla_id": 1726290026, "geonames": "АPU:56992" }, "geometry": { "type": "Point", "coordinates": [ 69.2895664, 41.3053438 ] } },
{ "type": "Feature", "properties": { "osm_id": "4216765205", "highway": "traffic_signals", "Туман": "Яшнобод", "Name": "Содиқ Азимов кўча", "ID_Geoname": "АPU:283130", "id": 171, "mahalla": "Toʻytepa MFY", "mahalla_id": 1726290026, "geonames": "АPU:56992" }, "geometry": { "type": "Point", "coordinates": [ 69.2899866, 41.3054504 ] } },
{ "type": "Feature", "properties": { "osm_id": "4216765202", "highway": "traffic_signals", "Туман": "Яшнобод", "Name": "Содиқ Азимов кўча", "ID_Geoname": "АPU:283130", "id": 171, "mahalla": "Toʻytepa MFY", "mahalla_id": 1726290026, "geonames": "АPU:56992" }, "geometry": { "type": "Point", "coordinates": [ 69.2897073, 41.305009 ] } },
{ "type": "Feature", "properties": { "osm_id": "4216765203", "highway": "traffic_signals", "Туман": "Яшнобод", "Name": "Содиқ Азимов кўча", "ID_Geoname": "АPU:283130", "id": 171, "mahalla": "Toʻytepa MFY", "mahalla_id": 1726290026, "geonames": "АPU:56992" }, "geometry": { "type": "Point", "coordinates": [ 69.2900715, 41.3051116 ] } },
{ "type": "Feature", "properties": { "osm_id": "3872521276", "highway": "traffic_signals", "Туман": "Яшнобод", "Name": "Истиқбол кўча", "ID_Geoname": "АPU:55037", "id": 171, "mahalla": "Toʻytepa MFY", "mahalla_id": 1726290026, "geonames": "АPU:56992" }, "geometry": { "type": "Point", "coordinates": [ 69.285921, 41.3050775 ] } },
{ "type": "Feature", "properties": { "osm_id": "3872521285", "highway": "traffic_signals", "Туман": "Яшнобод", "Name": "Яҳё Ғуломов кўча", "ID_Geoname": "АPU:55038", "id": 171, "mahalla": "Toʻytepa MFY", "mahalla_id": 1726290026, "geonames": "АPU:56992" }, "geometry": { "type": "Point", "coordinates": [ 69.2859156, 41.3054105 ] } },
{ "type": "Feature", "properties": { "osm_id": "3872521283", "highway": "traffic_signals", "Туман": "Яшнобод", "Name": "Истиқбол кўча", "ID_Geoname": "АPU:55037", "id": 171, "mahalla": "Toʻytepa MFY", "mahalla_id": 1726290026, "geonames": "АPU:56992" }, "geometry": { "type": "Point", "coordinates": [ 69.2855014, 41.3053557 ] } },
{ "type": "Feature", "properties": { "osm_id": "3891255711", "highway": "traffic_signals", "Туман": "Яшнобод", "Name": "Яҳё Ғуломов кўча", "ID_Geoname": "АPU:55038", "id": 171, "mahalla": "Toʻytepa MFY", "mahalla_id": 1726290026, "geonames": "АPU:56992" }, "geometry": { "type": "Point", "coordinates": [ 69.2887812, 41.308231 ] } },
{ "type": "Feature", "properties": { "osm_id": "13448637061", "highway": "traffic_signals", "Туман": "Яшнобод", "Name": "Маҳтумқули шоҳкўча", "ID_Geoname": "АPU:262764", "id": 171, "mahalla": "Toʻytepa MFY", "mahalla_id": 1726290026, "geonames": "АPU:56992" }, "geometry": { "type": "Point", "coordinates": [ 69.2957812, 41.3070041 ] } },
{ "type": "Feature", "properties": { "osm_id": "13448637061", "highway": "traffic_signals", "Туман": "Яшнобод", "Name": "Маҳтумқули шоҳкўча", "ID_Geoname": "АPU:262764", "id": 171, "mahalla": "Toʻytepa MFY", "mahalla_id": 1726290026, "geonames": "АPU:56992" }, "geometry": { "type": "Point", "coordinates": [ 69.2957812, 41.3070041 ] } },
{ "type": "Feature", "properties": { "osm_id": "2181512778", "highway": "traffic_signals", "Туман": "Яшнобод", "Name": "Истиқбол кўча", "ID_Geoname": "АPU:55037", "id": 171, "mahalla": "Toʻytepa MFY", "mahalla_id": 1726290026, "geonames": "АPU:56992" }, "geometry": { "type": "Point", "coordinates": [ 69.2874942, 41.3033068 ] } },
{ "type": "Feature", "properties": { "osm_id": "2181512779", "highway": "traffic_signals", "Туман": "Яшнобод", "Name": "Содиқ Азимов кўча", "ID_Geoname": "АPU:283130", "id": 171, "mahalla": "Toʻytepa MFY", "mahalla_id": 1726290026, "geonames": "АPU:56992" }, "geometry": { "type": "Point", "coordinates": [ 69.2879055, 41.3033866 ] } },
{ "type": "Feature", "properties": { "osm_id": "2181512774", "highway": "traffic_signals", "Туман": "Яшнобод", "Name": "Истиқбол кўча", "ID_Geoname": "АPU:55037", "id": 171, "mahalla": "Toʻytepa MFY", "mahalla_id": 1726290026, "geonames": "АPU:56992" }, "geometry": { "type": "Point", "coordinates": [ 69.2879483, 41.3029803 ] } },
{ "type": "Feature", "properties": { "osm_id": "9654509287", "highway": "traffic_signals", "Туман": "Яшнобод", "Name": "Шаҳрисабз кўча", "ID_Geoname": "АPU:53546", "id": 171, "mahalla": "Toʻytepa MFY", "mahalla_id": 1726290026, "geonames": "АPU:56992" }, "geometry": { "type": "Point", "coordinates": [ 69.2862153, 41.3089304 ] } },
{ "type": "Feature", "properties": { "osm_id": "2181811207", "highway": "traffic_signals", "Туман": "Яшнобод", "Name": "Истиқбол кўча", "ID_Geoname": "АPU:55037", "id": 171, "mahalla": "Toʻytepa MFY", "mahalla_id": 1726290026, "geonames": "АPU:56992" }, "geometry": { "type": "Point", "coordinates": [ 69.2838867, 41.306942 ] } },
{ "type": "Feature", "properties": { "osm_id": "2181512783", "highway": "traffic_signals", "Туман": "Яшнобод", "Name": "Истиқбол кўча", "ID_Geoname": "АPU:55037", "id": 171, "mahalla": "Toʻytepa MFY", "mahalla_id": 1726290026, "geonames": "АPU:56992" }, "geometry": { "type": "Point", "coordinates": [ 69.284415, 41.3065771 ] } },
{ "type": "Feature", "properties": { "osm_id": "9320829226", "highway": "traffic_signals", "Туман": "Яшнобод", "Name": "Мўйноқ кўча", "ID_Geoname": "АPU:54811", "id": 171, "mahalla": "Bunyodkor MFY", "mahalla_id": 1726290039, "geonames": "АPU:56980" }, "geometry": { "type": "Point", "coordinates": [ 69.31873, 41.2594775 ] } },
{ "type": "Feature", "properties": { "osm_id": "13322774178", "highway": "traffic_signals", "Туман": "Яшнобод", "Name": "Мўйноқ кўча", "ID_Geoname": "АPU:54811", "id": 171, "mahalla": "Bunyodkor MFY", "mahalla_id": 1726290039, "geonames": "АPU:56980" }, "geometry": { "type": "Point", "coordinates": [ 69.3188141, 41.25949 ] } },
{ "type": "Feature", "properties": { "osm_id": "2012617905", "highway": "traffic_signals", "Туман": "Яшнобод", "Name": "Фарғона йўли кўча", "ID_Geoname": "АPU:53647", "id": 171, "mahalla": "Bunyodkor MFY", "mahalla_id": 1726290039, "geonames": "АPU:56980" }, "geometry": { "type": "Point", "coordinates": [ 69.320336, 41.2560607 ] } },
{ "type": "Feature", "properties": { "osm_id": "11273685244", "highway": "traffic_signals", "Туман": "Яшнобод", "Name": "Фарғона йўли кўча", "ID_Geoname": "АPU:53647", "id": 171, "mahalla": "Bunyodkor MFY", "mahalla_id": 1726290039, "geonames": "АPU:56980" }, "geometry": { "type": "Point", "coordinates": [ 69.3207451, 41.2556481 ] } },
{ "type": "Feature", "properties": { "osm_id": "9985122757", "highway": "traffic_signals", "Туман": "Яшнобод", "Name": "Оқуй-2, 1-тор кўча", "ID_Geoname": "АPU:868959", "id": 171, "mahalla": "Bunyodkor MFY", "mahalla_id": 1726290039, "geonames": "АPU:56980" }, "geometry": { "type": "Point", "coordinates": [ 69.3208162, 41.2557306 ] } },
{ "type": "Feature", "properties": { "osm_id": "13764011002", "highway": "traffic_signals", "Туман": "Яшнобод", "Name": "Маҳтумқули шоҳкўча", "ID_Geoname": "АPU:262764", "id": 171, "mahalla": "Fidoyilar MFY", "mahalla_id": 1726290029, "geonames": "АPU:282889" }, "geometry": { "type": "Point", "coordinates": [ 69.3311704, 41.3051594 ] } },
{ "type": "Feature", "properties": { "osm_id": "7276284451", "highway": "traffic_signals", "Туман": "Яшнобод", "Name": "Маҳтумқули шоҳкўча", "ID_Geoname": "АPU:262764", "id": 171, "mahalla": "Fidoyilar MFY", "mahalla_id": 1726290029, "geonames": "АPU:282889" }, "geometry": { "type": "Point", "coordinates": [ 69.3216044, 41.3043005 ] } },
{ "type": "Feature", "properties": { "osm_id": "7276284197", "highway": "traffic_signals", "Туман": "Яшнобод", "Name": "Маҳтумқули шоҳкўча", "ID_Geoname": "АPU:262764", "id": 171, "mahalla": "Fidoyilar MFY", "mahalla_id": 1726290029, "geonames": "АPU:282889" }, "geometry": { "type": "Point", "coordinates": [ 69.3257275, 41.3047201 ] } },
{ "type": "Feature", "properties": { "osm_id": "4676561620", "highway": "traffic_signals", "Туман": "Яшнобод", "Name": "Кичик Ҳалқа йўли кўча", "ID_Geoname": "АPU:53596", "id": 171, "mahalla": "Choʻlpon MFY", "mahalla_id": 1726290028, "geonames": "АPU:282893" }, "geometry": { "type": "Point", "coordinates": [ 69.3058438, 41.3100147 ] } },
{ "type": "Feature", "properties": { "osm_id": "12553523297", "highway": "traffic_signals", "Туман": "Яшнобод", "Name": "Кичик Ҳалқа йўли кўча", "ID_Geoname": "АPU:53596", "id": 171, "mahalla": "Choʻlpon MFY", "mahalla_id": 1726290028, "geonames": "АPU:282893" }, "geometry": { "type": "Point", "coordinates": [ 69.3035384, 41.3084382 ] } },
{ "type": "Feature", "properties": { "osm_id": "12553523296", "highway": "traffic_signals", "Туман": "Яшнобод", "Name": "Кичик Ҳалқа йўли кўча", "ID_Geoname": "АPU:53596", "id": 171, "mahalla": "Choʻlpon MFY", "mahalla_id": 1726290028, "geonames": "АPU:282893" }, "geometry": { "type": "Point", "coordinates": [ 69.303739, 41.3087406 ] } },
{ "type": "Feature", "properties": { "osm_id": "7899228010", "highway": "traffic_signals", "Туман": "Яшнобод", "Name": "Кичик Ҳалқа йўли кўча", "ID_Geoname": "АPU:53596", "id": 171, "mahalla": "Choʻlpon MFY", "mahalla_id": 1726290028, "geonames": "АPU:282893" }, "geometry": { "type": "Point", "coordinates": [ 69.2969234, 41.3007408 ] } },
{ "type": "Feature", "properties": { "osm_id": "7899228011", "highway": "traffic_signals", "Туман": "Яшнобод", "Name": "Элбек кўча", "ID_Geoname": "АPU:54950", "id": 171, "mahalla": "Choʻlpon MFY", "mahalla_id": 1726290028, "geonames": "АPU:282893" }, "geometry": { "type": "Point", "coordinates": [ 69.2967123, 41.3001006 ] } },
{ "type": "Feature", "properties": { "osm_id": "7899228014", "highway": "traffic_signals", "Туман": "Яшнобод", "Name": "Кичик Ҳалқа йўли кўча", "ID_Geoname": "АPU:53596", "id": 171, "mahalla": "Choʻlpon MFY", "mahalla_id": 1726290028, "geonames": "АPU:282893" }, "geometry": { "type": "Point", "coordinates": [ 69.2970812, 41.3005341 ] } },
{ "type": "Feature", "properties": { "osm_id": "7899228012", "highway": "traffic_signals", "Туман": "Яшнобод", "Name": "Кичик Ҳалқа йўли кўча", "ID_Geoname": "АPU:53596", "id": 171, "mahalla": "Choʻlpon MFY", "mahalla_id": 1726290028, "geonames": "АPU:282893" }, "geometry": { "type": "Point", "coordinates": [ 69.2969322, 41.2998642 ] } },
{ "type": "Feature", "properties": { "osm_id": "7899228013", "highway": "traffic_signals", "Туман": "Яшнобод", "Name": "Кичик Ҳалқа йўли кўча", "ID_Geoname": "АPU:53596", "id": 171, "mahalla": "Choʻlpon MFY", "mahalla_id": 1726290028, "geonames": "АPU:282893" }, "geometry": { "type": "Point", "coordinates": [ 69.2968707, 41.3002416 ] } },
{ "type": "Feature", "properties": { "osm_id": "4191082924", "highway": "traffic_signals", "Туман": "Яшнобод", "Name": "Маҳтумқули шоҳкўча", "ID_Geoname": "АPU:262764", "id": 171, "mahalla": "Choʻlpon MFY", "mahalla_id": 1726290028, "geonames": "АPU:282893" }, "geometry": { "type": "Point", "coordinates": [ 69.3062072, 41.3053221 ] } },
{ "type": "Feature", "properties": { "osm_id": "3476227370", "highway": "traffic_signals", "Туман": "Яшнобод", "Name": "Маҳтумқули шоҳкўча", "ID_Geoname": "АPU:262764", "id": 171, "mahalla": "Choʻlpon MFY", "mahalla_id": 1726290028, "geonames": "АPU:282893" }, "geometry": { "type": "Point", "coordinates": [ 69.2991151, 41.3074246 ] } },
{ "type": "Feature", "properties": { "osm_id": "5117882350", "highway": "traffic_signals", "Туман": "Яшнобод", "Name": "Фарғона йўли кўча", "ID_Geoname": "АPU:53647", "id": 171, "mahalla": "Choʻlpon MFY", "mahalla_id": 1726290028, "geonames": "АPU:282893" }, "geometry": { "type": "Point", "coordinates": [ 69.2910857, 41.2999653 ] } },
{ "type": "Feature", "properties": { "osm_id": "7072603716", "highway": "traffic_signals", "Туман": "Яшнобод", "Name": "Маҳтумқули шоҳкўча", "ID_Geoname": "АPU:262764", "id": 171, "mahalla": "Choʻlpon MFY", "mahalla_id": 1726290028, "geonames": "АPU:282893" }, "geometry": { "type": "Point", "coordinates": [ 69.2995962, 41.3076511 ] } },
{ "type": "Feature", "properties": { "osm_id": "946404129", "highway": "traffic_signals", "Туман": "Яшнобод", "Name": "Кичик Ҳалқа йўли кўча", "ID_Geoname": "АPU:53596", "id": 171, "mahalla": "Choʻlpon MFY", "mahalla_id": 1726290028, "geonames": "АPU:282893" }, "geometry": { "type": "Point", "coordinates": [ 69.2969758, 41.3017616 ] } },
{ "type": "Feature", "properties": { "osm_id": "245511820", "highway": "traffic_signals", "Туман": "Яшнобод", "Name": "Кичик Ҳалқа йўли кўча", "ID_Geoname": "АPU:53596", "id": 171, "mahalla": "Choʻlpon MFY", "mahalla_id": 1726290028, "geonames": "АPU:282893" }, "geometry": { "type": "Point", "coordinates": [ 69.3058798, 41.3102686 ] } },
{ "type": "Feature", "properties": { "osm_id": "356948852", "highway": "traffic_signals", "Туман": "Яшнобод", "Name": "Маҳтумқули шоҳкўча", "ID_Geoname": "АPU:262764", "id": 171, "mahalla": "Choʻlpon MFY", "mahalla_id": 1726290028, "geonames": "АPU:282893" }, "geometry": { "type": "Point", "coordinates": [ 69.3063171, 41.3054745 ] } },
{ "type": "Feature", "properties": { "osm_id": "4539012984", "highway": "traffic_signals", "Туман": "Яшнобод", "Name": "Бешариқ кўча", "ID_Geoname": "АPU:54766", "id": 171, "mahalla": "Birlashgan MFY", "mahalla_id": 1726290019, "geonames": "АPU:57020" }, "geometry": { "type": "Point", "coordinates": [ 69.3466861, 41.2863524 ] } },
{ "type": "Feature", "properties": { "osm_id": "13672765417", "highway": "traffic_signals", "Туман": "Яшнобод", "Name": "Бешариқ кўча", "ID_Geoname": "АPU:54766", "id": 171, "mahalla": "Birlashgan MFY", "mahalla_id": 1726290019, "geonames": "АPU:57020" }, "geometry": { "type": "Point", "coordinates": [ 69.349223, 41.2875388 ] } },
{ "type": "Feature", "properties": { "osm_id": "7392758572", "highway": "traffic_signals", "Туман": "Яшнобод", "Name": "Бирлашган кўча", "ID_Geoname": "АPU:54760", "id": 171, "mahalla": "Birlashgan MFY", "mahalla_id": 1726290019, "geonames": "АPU:57020" }, "geometry": { "type": "Point", "coordinates": [ 69.3552406, 41.2925301 ] } },
{ "type": "Feature", "properties": { "osm_id": "3116309509", "highway": "traffic_signals", "Туман": "Яшнобод", "Name": "Бирлашган кўча", "ID_Geoname": "АPU:54760", "id": 171, "mahalla": "Birlashgan MFY", "mahalla_id": 1726290019, "geonames": "АPU:57020" }, "geometry": { "type": "Point", "coordinates": [ 69.355362, 41.2926987 ] } },
{ "type": "Feature", "properties": { "osm_id": "3116309514", "highway": "traffic_signals", "Туман": "Яшнобод", "Name": "Оҳангарон шоҳкўча", "ID_Geoname": "АPU:54782", "id": 171, "mahalla": "Birlashgan MFY", "mahalla_id": 1726290019, "geonames": "АPU:57020" }, "geometry": { "type": "Point", "coordinates": [ 69.3556744, 41.2930214 ] } },
{ "type": "Feature", "properties": { "osm_id": "13534580303", "highway": "traffic_signals", "Туман": "Яшнобод", "Name": "Бирлашган кўча", "ID_Geoname": "АPU:54760", "id": 171, "mahalla": "Birlashgan MFY", "mahalla_id": 1726290019, "geonames": "АPU:57020" }, "geometry": { "type": "Point", "coordinates": [ 69.3477033, 41.2894537 ] } },
{ "type": "Feature", "properties": { "osm_id": "968366160", "highway": "traffic_signals", "Туман": "Яшнобод", "Name": "Чиғил кўча", "ID_Geoname": "АPU:54758", "id": 171, "mahalla": "Qadriyat MFY", "mahalla_id": 1726290025, "geonames": "АPU:282892" }, "geometry": { "type": "Point", "coordinates": [ 69.3425825, 41.2986717 ] } },
{ "type": "Feature", "properties": { "osm_id": "13382168614", "highway": "traffic_signals", "Туман": "Яшнобод", "Name": "Алимкент кўча", "ID_Geoname": "АPU:54951", "id": 171, "mahalla": "Qadriyat MFY", "mahalla_id": 1726290025, "geonames": "АPU:282892" }, "geometry": { "type": "Point", "coordinates": [ 69.3241632, 41.2930893 ] } },
{ "type": "Feature", "properties": { "osm_id": "9319329163", "highway": "traffic_signals", "Туман": "Яшнобод", "Name": "Жарқўрғон кўча", "ID_Geoname": "АPU:54852", "id": 171, "mahalla": "Jarqoʻrgʻon MFY", "mahalla_id": 1726290041, "geonames": "АPU:57003" }, "geometry": { "type": "Point", "coordinates": [ 69.3150822, 41.2665505 ] } },
{ "type": "Feature", "properties": { "osm_id": "13382168662", "highway": "traffic_signals", "Туман": "Яшнобод", "Name": "Жарқўрғон кўча", "ID_Geoname": "АPU:54852", "id": 171, "mahalla": "Jarqoʻrgʻon MFY", "mahalla_id": 1726290041, "geonames": "АPU:57003" }, "geometry": { "type": "Point", "coordinates": [ 69.3147585, 41.2666641 ] } },
{ "type": "Feature", "properties": { "osm_id": "2026752061", "highway": "traffic_signals", "Туман": "Яшнобод", "Name": "Паркент кўча", "ID_Geoname": "АPU:54762", "id": 171, "mahalla": "Istiqlol MFY", "mahalla_id": 1726290032, "geonames": "АPU:282891" }, "geometry": { "type": "Point", "coordinates": [ 69.33078, 41.3131035 ] } },
{ "type": "Feature", "properties": { "osm_id": "2026752061", "highway": "traffic_signals", "Туман": "Яшнобод", "Name": "Паркент кўча", "ID_Geoname": "АPU:54762", "id": 171, "mahalla": "Istiqlol MFY", "mahalla_id": 1726290032, "geonames": "АPU:282891" }, "geometry": { "type": "Point", "coordinates": [ 69.33078, 41.3131035 ] } },
{ "type": "Feature", "properties": { "osm_id": "1870415138", "highway": "traffic_signals", "Туман": "Яшнобод", "Name": "Паркент кўча", "ID_Geoname": "АPU:54762", "id": 171, "mahalla": "Istiqlol MFY", "mahalla_id": 1726290032, "geonames": "АPU:282891" }, "geometry": { "type": "Point", "coordinates": [ 69.3281053, 41.3146525 ] } },
{ "type": "Feature", "properties": { "osm_id": "1870415138", "highway": "traffic_signals", "Туман": "Яшнобод", "Name": "Паркент кўча", "ID_Geoname": "АPU:54762", "id": 171, "mahalla": "Istiqlol MFY", "mahalla_id": 1726290032, "geonames": "АPU:282891" }, "geometry": { "type": "Point", "coordinates": [ 69.3281053, 41.3146525 ] } },
{ "type": "Feature", "properties": { "osm_id": "13391400897", "highway": "traffic_signals", "Туман": "Яшнобод", "Name": "Олтинтепа кўча", "ID_Geoname": "АPU:55039", "id": 171, "mahalla": "Istiqlol MFY", "mahalla_id": 1726290032, "geonames": "АPU:282891" }, "geometry": { "type": "Point", "coordinates": [ 69.3279338, 41.3113434 ] } },
{ "type": "Feature", "properties": { "osm_id": "2242779582", "highway": "traffic_signals", "Туман": "Яшнобод", "Name": "Паркент кўча", "ID_Geoname": "АPU:54762", "id": 171, "mahalla": "Semurgʻ MFY", "mahalla_id": 1726290027, "geonames": "АPU:282890" }, "geometry": { "type": "Point", "coordinates": [ 69.3224868, 41.3154175 ] } },
{ "type": "Feature", "properties": { "osm_id": "2242779582", "highway": "traffic_signals", "Туман": "Яшнобод", "Name": "Паркент кўча", "ID_Geoname": "АPU:54762", "id": 171, "mahalla": "Semurgʻ MFY", "mahalla_id": 1726290027, "geonames": "АPU:282890" }, "geometry": { "type": "Point", "coordinates": [ 69.3224868, 41.3154175 ] } },
{ "type": "Feature", "properties": { "osm_id": "2242779578", "highway": "traffic_signals", "Туман": "Яшнобод", "Name": "Паркент кўча", "ID_Geoname": "АPU:54762", "id": 171, "mahalla": "Semurgʻ MFY", "mahalla_id": 1726290027, "geonames": "АPU:282890" }, "geometry": { "type": "Point", "coordinates": [ 69.3254274, 41.3151182 ] } },
{ "type": "Feature", "properties": { "osm_id": "2242779578", "highway": "traffic_signals", "Туман": "Яшнобод", "Name": "Паркент кўча", "ID_Geoname": "АPU:54762", "id": 171, "mahalla": "Semurgʻ MFY", "mahalla_id": 1726290027, "geonames": "АPU:282890" }, "geometry": { "type": "Point", "coordinates": [ 69.3254274, 41.3151182 ] } },
{ "type": "Feature", "properties": { "osm_id": "2242779577", "highway": "traffic_signals", "Туман": "Яшнобод", "Name": "Мавлоно Риёзий-3 тор кўча", "ID_Geoname": "АPU:55043", "id": 171, "mahalla": "Semurgʻ MFY", "mahalla_id": 1726290027, "geonames": "АPU:282890" }, "geometry": { "type": "Point", "coordinates": [ 69.3251667, 41.3149492 ] } },
{ "type": "Feature", "properties": { "osm_id": "13688686517", "highway": "traffic_signals", "Туман": "Яшнобод", "Name": "Оҳангарон шоҳкўча", "ID_Geoname": "АPU:54782", "id": 171, "mahalla": "Dilbogʻ MFY", "mahalla_id": 1726290036, "geonames": "АPU:282896" }, "geometry": { "type": "Point", "coordinates": [ 69.3599791, 41.2859281 ] } },
{ "type": "Feature", "properties": { "osm_id": "13667215844", "highway": "traffic_signals", "Туман": "Яшнобод", "Name": "Асалобод кўча", "ID_Geoname": "АPU:54776", "id": 171, "mahalla": "Asalobod MFY", "mahalla_id": 1726290038, "geonames": "АPU:56977" }, "geometry": { "type": "Point", "coordinates": [ 69.3398996, 41.2780382 ] } },
{ "type": "Feature", "properties": { "osm_id": "13667215845", "highway": "traffic_signals", "Туман": "Яшнобод", "Name": "Жарқўрғон кўча", "ID_Geoname": "АPU:54852", "id": 171, "mahalla": "Asalobod MFY", "mahalla_id": 1726290038, "geonames": "АPU:56977" }, "geometry": { "type": "Point", "coordinates": [ 69.3403286, 41.2780025 ] } },
{ "type": "Feature", "properties": { "osm_id": "13534580213", "highway": "traffic_signals", "Туман": "Яшнобод", "Name": "Асалобод кўча", "ID_Geoname": "АPU:54776", "id": 171, "mahalla": "Asalobod MFY", "mahalla_id": 1726290038, "geonames": "АPU:56977" }, "geometry": { "type": "Point", "coordinates": [ 69.3366321, 41.2839982 ] } },
{ "type": "Feature", "properties": { "osm_id": "13468684021", "highway": "traffic_signals", "Туман": "Яшнобод", "Name": "Мухтор Ашрафий кўча", "ID_Geoname": "АPU:55004", "id": 171, "mahalla": "Asalobod MFY", "mahalla_id": 1726290038, "geonames": "АPU:56977" }, "geometry": { "type": "Point", "coordinates": [ 69.336088, 41.2840186 ] } },
{ "type": "Feature", "properties": { "osm_id": "13672763591", "highway": "traffic_signals", "Туман": "Яшнобод", "Name": "Оҳангарон шоҳкўча", "ID_Geoname": "АPU:54782", "id": 171, "mahalla": "Parvoz MFY", "mahalla_id": 1726290020, "geonames": "АPU:56976" }, "geometry": { "type": "Point", "coordinates": [ 69.3578413, 41.2907663 ] } },
{ "type": "Feature", "properties": { "osm_id": "13672765416", "highway": "traffic_signals", "Туман": "Яшнобод", "Name": "Бешариқ кўча", "ID_Geoname": "АPU:54766", "id": 171, "mahalla": "Parvoz MFY", "mahalla_id": 1726290020, "geonames": "АPU:56976" }, "geometry": { "type": "Point", "coordinates": [ 69.3489303, 41.2872649 ] } },
{ "type": "Feature", "properties": { "osm_id": "10225747887", "highway": "traffic_signals", "Туман": "Яшнобод", "Name": "Авиасозлар кўча", "ID_Geoname": "АPU:54747", "id": 171, "mahalla": "Parvoz MFY", "mahalla_id": 1726290020, "geonames": "АPU:56976" }, "geometry": { "type": "Point", "coordinates": [ 69.3488194, 41.2843319 ] } },
{ "type": "Feature", "properties": { "osm_id": "13383918603", "highway": "traffic_signals", "Туман": "Яшнобод", "Name": "Авиасозлар кўча", "ID_Geoname": "АPU:54747", "id": 171, "mahalla": "Parvoz MFY", "mahalla_id": 1726290020, "geonames": "АPU:56976" }, "geometry": { "type": "Point", "coordinates": [ 69.3467568, 41.2859354 ] } },
{ "type": "Feature", "properties": { "osm_id": "11402790946", "highway": "traffic_signals", "Туман": "Яшнобод", "Name": "Хонободтепа шоҳкўчаси", "ID_Geoname": null, "id": 171, "mahalla": "Tarnovboshi MFY", "mahalla_id": 1726290065, "geonames": "АPU:57012" }, "geometry": { "type": "Point", "coordinates": [ 69.3663612, 41.2669064 ] } },
{ "type": "Feature", "properties": { "osm_id": "11402790945", "highway": "traffic_signals", "Туман": "Яшнобод", "Name": "Оҳангарон шоҳкўча", "ID_Geoname": "АPU:54782", "id": 171, "mahalla": "Tarnovboshi MFY", "mahalla_id": 1726290065, "geonames": "АPU:57012" }, "geometry": { "type": "Point", "coordinates": [ 69.3658489, 41.268409 ] } },
{ "type": "Feature", "properties": { "osm_id": "13667263157", "highway": "traffic_signals", "Туман": "Яшнобод", "Name": "Маҳтумқули шоҳкўча", "ID_Geoname": "АPU:262764", "id": 171, "mahalla": "Mashinasozlar MFY", "mahalla_id": 1726290031, "geonames": "АPU:57015" }, "geometry": { "type": "Point", "coordinates": [ 69.3073837, 41.3052991 ] } },
{ "type": "Feature", "properties": { "osm_id": "13667263156", "highway": "traffic_signals", "Туман": "Яшнобод", "Name": "Маҳтумқули шоҳкўча", "ID_Geoname": "АPU:262764", "id": 171, "mahalla": "Mashinasozlar MFY", "mahalla_id": 1726290031, "geonames": "АPU:57015" }, "geometry": { "type": "Point", "coordinates": [ 69.3073559, 41.3052443 ] } },
{ "type": "Feature", "properties": { "osm_id": "6084614559", "highway": "traffic_signals", "Туман": "Яшнобод", "Name": "Мавлоно Риёзий-1 тор кўча", "ID_Geoname": "АPU:55045", "id": 171, "mahalla": "Mashinasozlar MFY", "mahalla_id": 1726290031, "geonames": "АPU:57015" }, "geometry": { "type": "Point", "coordinates": [ 69.3122286, 41.3106033 ] } },
{ "type": "Feature", "properties": { "osm_id": "956626494", "highway": "traffic_signals", "Туман": "Яшнобод", "Name": "Мирзо Улуғбек шоҳкўча", "ID_Geoname": "АPU:55025", "id": 171, "mahalla": "Mashinasozlar MFY", "mahalla_id": 1726290031, "geonames": "АPU:57015" }, "geometry": { "type": "Point", "coordinates": [ 69.3070443, 41.3057238 ] } },
{ "type": "Feature", "properties": { "osm_id": "13416450026", "highway": "traffic_signals", "Туман": "Яшнобод", "Name": "Маҳтумқули шоҳкўча", "ID_Geoname": "АPU:262764", "id": 171, "mahalla": "Mashinasozlar MFY", "mahalla_id": 1726290031, "geonames": "АPU:57015" }, "geometry": { "type": "Point", "coordinates": [ 69.3191892, 41.3039768 ] } },
{ "type": "Feature", "properties": { "osm_id": "13362132582", "highway": "traffic_signals", "Туман": "Яшнобод", "Name": "Қурувчилар кўча", "ID_Geoname": "АPU:54797", "id": 171, "mahalla": "Oʻrtamasjid MFY", "mahalla_id": 1726290055, "geonames": "АPU:57002" }, "geometry": { "type": "Point", "coordinates": [ 69.3434979, 41.2545952 ] } },
{ "type": "Feature", "properties": { "osm_id": "13362132565", "highway": "traffic_signals", "Туман": "Яшнобод", "Name": "Хонободтепа шоҳкўчаси", "ID_Geoname": null, "id": 171, "mahalla": "Oʻrtamasjid MFY", "mahalla_id": 1726290055, "geonames": "АPU:57002" }, "geometry": { "type": "Point", "coordinates": [ 69.3442022, 41.2455552 ] } },
{ "type": "Feature", "properties": { "osm_id": "13301673628", "highway": "traffic_signals", "Туман": "Яшнобод", "Name": "Хонободтепа шоҳкўчаси", "ID_Geoname": null, "id": 171, "mahalla": "Oʻrtamasjid MFY", "mahalla_id": 1726290055, "geonames": "АPU:57002" }, "geometry": { "type": "Point", "coordinates": [ 69.3526366, 41.2490334 ] } },
{ "type": "Feature", "properties": { "osm_id": "13301673629", "highway": "traffic_signals", "Туман": "Яшнобод", "Name": "Хонободтепа шоҳкўчаси", "ID_Geoname": null, "id": 171, "mahalla": "Oʻrtamasjid MFY", "mahalla_id": 1726290055, "geonames": "АPU:57002" }, "geometry": { "type": "Point", "coordinates": [ 69.3529028, 41.2494316 ] } },
{ "type": "Feature", "properties": { "osm_id": "9972711832", "highway": "traffic_signals", "Туман": "Яшнобод", "Name": "Хонободтепа шоҳкўчаси", "ID_Geoname": null, "id": 171, "mahalla": "Oʻrtamasjid MFY", "mahalla_id": 1726290055, "geonames": "АPU:57002" }, "geometry": { "type": "Point", "coordinates": [ 69.3526094, 41.249452 ] } },
{ "type": "Feature", "properties": { "osm_id": "4525961846", "highway": "traffic_signals", "Туман": "Яшнобод", "Name": "Иззат кўча", "ID_Geoname": "АPU:54775", "id": 171, "mahalla": "Xosiyatli MFY", "mahalla_id": 1726290042, "geonames": "АPU:282900" }, "geometry": { "type": "Point", "coordinates": [ 69.3398512, 41.282989 ] } },
{ "type": "Feature", "properties": { "osm_id": "4104770566", "highway": "traffic_signals", "Туман": "Яшнобод", "Name": "Инқилоб кўча", "ID_Geoname": "АPU:54932", "id": 171, "mahalla": "Xosiyatli MFY", "mahalla_id": 1726290042, "geonames": "АPU:282900" }, "geometry": { "type": "Point", "coordinates": [ 69.3402743, 41.2776916 ] } },
{ "type": "Feature", "properties": { "osm_id": "13667215818", "highway": "traffic_signals", "Туман": "Яшнобод", "Name": "Иззат кўча", "ID_Geoname": "АPU:54775", "id": 171, "mahalla": "Xosiyatli MFY", "mahalla_id": 1726290042, "geonames": "АPU:282900" }, "geometry": { "type": "Point", "coordinates": [ 69.3416709, 41.2783494 ] } },
{ "type": "Feature", "properties": { "osm_id": "13667215816", "highway": "traffic_signals", "Туман": "Яшнобод", "Name": "Кўламли кўча", "ID_Geoname": "АPU:54879", "id": 171, "mahalla": "Xosiyatli MFY", "mahalla_id": 1726290042, "geonames": "АPU:282900" }, "geometry": { "type": "Point", "coordinates": [ 69.3417879, 41.2785827 ] } },
{ "type": "Feature", "properties": { "osm_id": "13667215817", "highway": "traffic_signals", "Туман": "Яшнобод", "Name": "Иззат кўча", "ID_Geoname": "АPU:54775", "id": 171, "mahalla": "Xosiyatli MFY", "mahalla_id": 1726290042, "geonames": "АPU:282900" }, "geometry": { "type": "Point", "coordinates": [ 69.3415039, 41.278763 ] } },
{ "type": "Feature", "properties": { "osm_id": "13667215846", "highway": "traffic_signals", "Туман": "Яшнобод", "Name": "Жарқўрғон кўча", "ID_Geoname": "АPU:54852", "id": 171, "mahalla": "Xosiyatli MFY", "mahalla_id": 1726290042, "geonames": "АPU:282900" }, "geometry": { "type": "Point", "coordinates": [ 69.3397937, 41.2776165 ] } },
{ "type": "Feature", "properties": { "osm_id": "13383918627", "highway": "traffic_signals", "Туман": "Яшнобод", "Name": "Жарқўрғон кўча", "ID_Geoname": "АPU:54852", "id": 171, "mahalla": "Xosiyatli MFY", "mahalla_id": 1726290042, "geonames": "АPU:282900" }, "geometry": { "type": "Point", "coordinates": [ 69.3413109, 41.2784477 ] } },
{ "type": "Feature", "properties": { "osm_id": "13326559912", "highway": "traffic_signals", "Туман": "Сергели", "Name": "Хонобод кўча", "ID_Geoname": "АPU:54190", "id": 172, "mahalla": "Quruvchilar MFY", "mahalla_id": 1726283015, "geonames": "АPU:223795" }, "geometry": { "type": "Point", "coordinates": [ 69.2596691, 41.2171695 ] } },
{ "type": "Feature", "properties": { "osm_id": "13326559911", "highway": "traffic_signals", "Туман": "Сергели", "Name": "Хонобод кўча", "ID_Geoname": "АPU:54190", "id": 172, "mahalla": "Quruvchilar MFY", "mahalla_id": 1726283015, "geonames": "АPU:223795" }, "geometry": { "type": "Point", "coordinates": [ 69.259899, 41.2171357 ] } },
{ "type": "Feature", "properties": { "osm_id": "13326559981", "highway": "traffic_signals", "Туман": "Сергели", "Name": "Хонобод кўча", "ID_Geoname": "АPU:54190", "id": 172, "mahalla": "Quruvchilar MFY", "mahalla_id": 1726283015, "geonames": "АPU:223795" }, "geometry": { "type": "Point", "coordinates": [ 69.2627603, 41.213185 ] } },
{ "type": "Feature", "properties": { "osm_id": "13326559982", "highway": "traffic_signals", "Туман": "Сергели", "Name": "Хонобод кўча", "ID_Geoname": "АPU:54190", "id": 172, "mahalla": "Quruvchilar MFY", "mahalla_id": 1726283015, "geonames": "АPU:223795" }, "geometry": { "type": "Point", "coordinates": [ 69.2625021, 41.2132653 ] } },
{ "type": "Feature", "properties": { "osm_id": "13322774102", "highway": "traffic_signals", "Туман": "Сергели", "Name": "Хонободтепа шоҳкўчаси", "ID_Geoname": null, "id": 172, "mahalla": "Madaniyat MFY", "mahalla_id": 1726283039, "geonames": "АPU:282862" }, "geometry": { "type": "Point", "coordinates": [ 69.2939117, 41.2443374 ] } },
{ "type": "Feature", "properties": { "osm_id": "4550233994", "highway": "traffic_signals", "Туман": "Сергели", "Name": "Янги Қўйлиқ кўча", "ID_Geoname": "АPU:282941", "id": 172, "mahalla": "Madaniyat MFY", "mahalla_id": 1726283039, "geonames": "АPU:282862" }, "geometry": { "type": "Point", "coordinates": [ 69.3015619, 41.24469 ] } },
{ "type": "Feature", "properties": { "osm_id": "4550233993", "highway": "traffic_signals", "Туман": "Сергели", "Name": "Хонободтепа шоҳкўчаси", "ID_Geoname": null, "id": 172, "mahalla": "Madaniyat MFY", "mahalla_id": 1726283039, "geonames": "АPU:282862" }, "geometry": { "type": "Point", "coordinates": [ 69.3016126, 41.2440895 ] } },
{ "type": "Feature", "properties": { "osm_id": "1938228402", "highway": "traffic_signals", "Туман": "Сергели", "Name": "Қумариқ кўча", "ID_Geoname": "АPU:54105", "id": 172, "mahalla": "Uchuvchilar MFY", "mahalla_id": 1726283040, "geonames": "АPU:56785" }, "geometry": { "type": "Point", "coordinates": [ 69.2724016, 41.2690953 ] } },
{ "type": "Feature", "properties": { "osm_id": "968058840", "highway": "traffic_signals", "Туман": "Сергели", "Name": "Қумариқ кўча", "ID_Geoname": "АPU:54105", "id": 172, "mahalla": "Uchuvchilar MFY", "mahalla_id": 1726283040, "geonames": "АPU:56785" }, "geometry": { "type": "Point", "coordinates": [ 69.2725614, 41.2691794 ] } },
{ "type": "Feature", "properties": { "osm_id": "2203695042", "highway": "traffic_signals", "Туман": "Сергели", "Name": "Қумариқ кўча", "ID_Geoname": "АPU:54105", "id": 172, "mahalla": "Uchuvchilar MFY", "mahalla_id": 1726283040, "geonames": "АPU:56785" }, "geometry": { "type": "Point", "coordinates": [ 69.2762677, 41.2698134 ] } },
{ "type": "Feature", "properties": { "osm_id": "2203695045", "highway": "traffic_signals", "Туман": "Сергели", "Name": "Қумариқ кўча", "ID_Geoname": "АPU:54105", "id": 172, "mahalla": "Uchuvchilar MFY", "mahalla_id": 1726283040, "geonames": "АPU:56785" }, "geometry": { "type": "Point", "coordinates": [ 69.2766385, 41.269925 ] } },
{ "type": "Feature", "properties": { "osm_id": "2203695039", "highway": "traffic_signals", "Туман": "Сергели", "Name": "Қутлуғқадам кўча", "ID_Geoname": "АPU:915754", "id": 172, "mahalla": "Uchuvchilar MFY", "mahalla_id": 1726283040, "geonames": "АPU:56785" }, "geometry": { "type": "Point", "coordinates": [ 69.2765138, 41.2697189 ] } },
{ "type": "Feature", "properties": { "osm_id": "13320072465", "highway": "traffic_signals", "Туман": "Сергели", "Name": "Қипчоқ шоҳкўча", "ID_Geoname": "АPU:54065", "id": 172, "mahalla": "Xonobodtepa MFY", "mahalla_id": 1726283028, "geonames": "АPU:883024" }, "geometry": { "type": "Point", "coordinates": [ 69.2581423, 41.2208261 ] } },
{ "type": "Feature", "properties": { "osm_id": "13320072463", "highway": "traffic_signals", "Туман": "Сергели", "Name": "Қипчоқ шоҳкўча", "ID_Geoname": "АPU:54065", "id": 172, "mahalla": "Xonobodtepa MFY", "mahalla_id": 1726283028, "geonames": "АPU:883024" }, "geometry": { "type": "Point", "coordinates": [ 69.2586264, 41.2210273 ] } },
{ "type": "Feature", "properties": { "osm_id": "13320072464", "highway": "traffic_signals", "Туман": "Сергели", "Name": "Қипчоқ шоҳкўча", "ID_Geoname": "АPU:54065", "id": 172, "mahalla": "Xonobodtepa MFY", "mahalla_id": 1726283028, "geonames": "АPU:883024" }, "geometry": { "type": "Point", "coordinates": [ 69.2590654, 41.2213348 ] } },
{ "type": "Feature", "properties": { "osm_id": "11927064575", "highway": "traffic_signals", "Туман": "Сергели", "Name": "Қипчоқ шоҳкўча", "ID_Geoname": "АPU:54065", "id": 172, "mahalla": "Xonobodtepa MFY", "mahalla_id": 1726283028, "geonames": "АPU:883024" }, "geometry": { "type": "Point", "coordinates": [ 69.2676403, 41.2258885 ] } },
{ "type": "Feature", "properties": { "osm_id": "13743110823", "highway": "traffic_signals", "Туман": "Сергели", "Name": "Лутфкор-2 тор кўча", "ID_Geoname": "АPU:54067", "id": 172, "mahalla": "Nilufar MFY", "mahalla_id": 1726283021, "geonames": "АPU:56777" }, "geometry": { "type": "Point", "coordinates": [ 69.2197169, 41.2054102 ] } },
{ "type": "Feature", "properties": { "osm_id": "4590499024", "highway": "traffic_signals", "Туман": "Сергели", "Name": "Лутфкор кўча", "ID_Geoname": "АPU:54066", "id": 172, "mahalla": "Ittifoq MFY", "mahalla_id": 1726283022, "geonames": "АPU:282949" }, "geometry": { "type": "Point", "coordinates": [ 69.2280277, 41.2138387 ] } },
{ "type": "Feature", "properties": { "osm_id": "4590499018", "highway": "traffic_signals", "Туман": "Сергели", "Name": "Янги Сергели кўча", "ID_Geoname": "АPU:54096", "id": 172, "mahalla": "Ittifoq MFY", "mahalla_id": 1726283022, "geonames": "АPU:282949" }, "geometry": { "type": "Point", "coordinates": [ 69.2287026, 41.213596 ] } },
{ "type": "Feature", "properties": { "osm_id": "4412771630", "highway": "traffic_signals", "Туман": "Сергели", "Name": "Қипчоқ шоҳкўча", "ID_Geoname": "АPU:54065", "id": 172, "mahalla": "Ittifoq MFY", "mahalla_id": 1726283022, "geonames": "АPU:282949" }, "geometry": { "type": "Point", "coordinates": [ 69.2313498, 41.2097466 ] } },
{ "type": "Feature", "properties": { "osm_id": "4412771636", "highway": "traffic_signals", "Туман": "Сергели", "Name": "Янги Сергели кўча", "ID_Geoname": "АPU:54096", "id": 172, "mahalla": "Ittifoq MFY", "mahalla_id": 1726283022, "geonames": "АPU:282949" }, "geometry": { "type": "Point", "coordinates": [ 69.2313792, 41.2103431 ] } },
{ "type": "Feature", "properties": { "osm_id": "11927043368", "highway": "traffic_signals", "Туман": "Сергели", "Name": "Қипчоқ шоҳкўча", "ID_Geoname": "АPU:54065", "id": 172, "mahalla": "Xontepa MFY", "mahalla_id": 1726283014, "geonames": "АPU:883025" }, "geometry": { "type": "Point", "coordinates": [ 69.2681059, 41.2266359 ] } },
{ "type": "Feature", "properties": { "osm_id": "13326560049", "highway": "traffic_signals", "Туман": "Сергели", "Name": "Қипчоқ шоҳкўча", "ID_Geoname": "АPU:54065", "id": 172, "mahalla": "Xontepa MFY", "mahalla_id": 1726283014, "geonames": "АPU:883025" }, "geometry": { "type": "Point", "coordinates": [ 69.2713075, 41.2324388 ] } },
{ "type": "Feature", "properties": { "osm_id": "13326560048", "highway": "traffic_signals", "Туман": "Сергели", "Name": "Қипчоқ шоҳкўча", "ID_Geoname": "АPU:54065", "id": 172, "mahalla": "Xontepa MFY", "mahalla_id": 1726283014, "geonames": "АPU:883025" }, "geometry": { "type": "Point", "coordinates": [ 69.2712161, 41.2319306 ] } },
{ "type": "Feature", "properties": { "osm_id": "13326560061", "highway": "traffic_signals", "Туман": "Сергели", "Name": "Қипчоқ шоҳкўча", "ID_Geoname": "АPU:54065", "id": 172, "mahalla": "Xontepa MFY", "mahalla_id": 1726283014, "geonames": "АPU:883025" }, "geometry": { "type": "Point", "coordinates": [ 69.2726642, 41.2348141 ] } },
{ "type": "Feature", "properties": { "osm_id": "13326560062", "highway": "traffic_signals", "Туман": "Сергели", "Name": "Қипчоқ шоҳкўча", "ID_Geoname": "АPU:54065", "id": 172, "mahalla": "Xontepa MFY", "mahalla_id": 1726283014, "geonames": "АPU:883025" }, "geometry": { "type": "Point", "coordinates": [ 69.2726665, 41.2351573 ] } },
{ "type": "Feature", "properties": { "osm_id": "13352014182", "highway": "traffic_signals", "Туман": "Сергели", "Name": "Шокирариқ кўча", "ID_Geoname": "АPU:54097", "id": 172, "mahalla": "Sohibqiron MFY", "mahalla_id": 1726283012, "geonames": "АPU:282852" }, "geometry": { "type": "Point", "coordinates": [ 69.2188895, 41.2173335 ] } },
{ "type": "Feature", "properties": { "osm_id": "13743110730", "highway": "traffic_signals", "Туман": "Сергели", "Name": "Янги Сергели кўча", "ID_Geoname": "АPU:54096", "id": 172, "mahalla": "Sohibqiron MFY", "mahalla_id": 1726283012, "geonames": "АPU:282852" }, "geometry": { "type": "Point", "coordinates": [ 69.2242537, 41.2195845 ] } },
{ "type": "Feature", "properties": { "osm_id": "964715826", "highway": "traffic_signals", "Туман": "Сергели", "Name": "Янги Сергели кўча", "ID_Geoname": "АPU:54096", "id": 172, "mahalla": "Mehrigiyo MFY", "mahalla_id": 1726283003, "geonames": "АPU:282848" }, "geometry": { "type": "Point", "coordinates": [ 69.219565, 41.2271223 ] } },
{ "type": "Feature", "properties": { "osm_id": "9809035584", "highway": "traffic_signals", "Туман": "Сергели", "Name": "Сергели йўли шоҳкўча", "ID_Geoname": null, "id": 172, "mahalla": "Qipchoq MFY", "mahalla_id": 1726283019, "geonames": "АPU:56779" }, "geometry": { "type": "Point", "coordinates": [ 69.2441359, 41.2193202 ] } },
{ "type": "Feature", "properties": { "osm_id": "13521889421", "highway": "traffic_signals", "Туман": "Сергели", "Name": "Шота Руставели кўча", "ID_Geoname": "АPU:56482", "id": 172, "mahalla": "Joʻnariq MFY", "mahalla_id": 1726283007, "geonames": "АPU:282853" }, "geometry": { "type": "Point", "coordinates": [ 69.216471, 41.2534262 ] } },
{ "type": "Feature", "properties": { "osm_id": "13521889421", "highway": "traffic_signals", "Туман": "Сергели", "Name": "Шота Руставели кўча", "ID_Geoname": "АPU:56482", "id": 172, "mahalla": "Joʻnariq MFY", "mahalla_id": 1726283007, "geonames": "АPU:282853" }, "geometry": { "type": "Point", "coordinates": [ 69.216471, 41.2534262 ] } },
{ "type": "Feature", "properties": { "osm_id": "13521889419", "highway": "traffic_signals", "Туман": "Сергели", "Name": "Чоштепа кўча", "ID_Geoname": "АPU:54225", "id": 172, "mahalla": "Joʻnariq MFY", "mahalla_id": 1726283007, "geonames": "АPU:282853" }, "geometry": { "type": "Point", "coordinates": [ 69.2164583, 41.2531492 ] } },
{ "type": "Feature", "properties": { "osm_id": "4590499023", "highway": "traffic_signals", "Туман": "Сергели", "Name": "Янги Сергели кўча", "ID_Geoname": "АPU:54096", "id": 172, "mahalla": "Nurhayot MFY", "mahalla_id": 1726283017, "geonames": "АPU:282856" }, "geometry": { "type": "Point", "coordinates": [ 69.2290969, 41.2133565 ] } },
{ "type": "Feature", "properties": { "osm_id": "4412771638", "highway": "traffic_signals", "Туман": "Сергели", "Name": "Қипчоқ шоҳкўча", "ID_Geoname": "АPU:54065", "id": 172, "mahalla": "Nurhayot MFY", "mahalla_id": 1726283017, "geonames": "АPU:282856" }, "geometry": { "type": "Point", "coordinates": [ 69.2320282, 41.2101634 ] } },
{ "type": "Feature", "properties": { "osm_id": "13352014091", "highway": "traffic_signals", "Туман": "Сергели", "Name": "Меҳригиё кўча", "ID_Geoname": "АPU:54098", "id": 172, "mahalla": "Madadkor MFY", "mahalla_id": 1726283009, "geonames": "АPU:282849" }, "geometry": { "type": "Point", "coordinates": [ 69.2078376, 41.222352 ] } },
{ "type": "Feature", "properties": { "osm_id": "13352014085", "highway": "traffic_signals", "Туман": "Сергели", "Name": "Мирзо Турсунзода кўча", "ID_Geoname": "АPU:54158", "id": 172, "mahalla": "Madadkor MFY", "mahalla_id": 1726283009, "geonames": "АPU:282849" }, "geometry": { "type": "Point", "coordinates": [ 69.2081619, 41.2219159 ] } },
{ "type": "Feature", "properties": { "osm_id": "13322774103", "highway": "traffic_signals", "Туман": "Сергели", "Name": "Хонободтепа шоҳкўчаси", "ID_Geoname": null, "id": 172, "mahalla": "Kengmakon MFY", "mahalla_id": 1726283030, "geonames": "АPU:883030" }, "geometry": { "type": "Point", "coordinates": [ 69.2936918, 41.2441941 ] } },
{ "type": "Feature", "properties": { "osm_id": "12378778543", "highway": "traffic_signals", "Туман": "Сергели", "Name": "Қуйи Толариқ-2 тор кўча", "ID_Geoname": "АPU:404328", "id": 172, "mahalla": "Qumariq MFY", "mahalla_id": 1726283027, "geonames": "АPU:56778" }, "geometry": { "type": "Point", "coordinates": [ 69.2660795, 41.2486827 ] } },
{ "type": "Feature", "properties": { "osm_id": "12378778545", "highway": "traffic_signals", "Туман": "Сергели", "Name": "Қумариқ кўча", "ID_Geoname": "АPU:54105", "id": 172, "mahalla": "Qumariq MFY", "mahalla_id": 1726283027, "geonames": "АPU:56778" }, "geometry": { "type": "Point", "coordinates": [ 69.2661103, 41.2487702 ] } },
{ "type": "Feature", "properties": { "osm_id": "13777422670", "highway": "traffic_signals", "Туман": "Сергели", "Name": "Хонободтепа шоҳкўчаси", "ID_Geoname": null, "id": 172, "mahalla": "Qumariq MFY", "mahalla_id": 1726283027, "geonames": "АPU:56778" }, "geometry": { "type": "Point", "coordinates": [ 69.2498416, 41.2444956 ] } },
{ "type": "Feature", "properties": { "osm_id": "13297033778", "highway": "traffic_signals", "Туман": "Сергели", "Name": "Қумариқ кўча", "ID_Geoname": "АPU:54105", "id": 172, "mahalla": "Qumariq MFY", "mahalla_id": 1726283027, "geonames": "АPU:56778" }, "geometry": { "type": "Point", "coordinates": [ 69.252973, 41.2521109 ] } },
{ "type": "Feature", "properties": { "osm_id": "13297033777", "highway": "traffic_signals", "Туман": "Сергели", "Name": "Қумариқ кўча", "ID_Geoname": "АPU:54105", "id": 172, "mahalla": "Qumariq MFY", "mahalla_id": 1726283027, "geonames": "АPU:56778" }, "geometry": { "type": "Point", "coordinates": [ 69.2526173, 41.2521769 ] } },
{ "type": "Feature", "properties": { "osm_id": "10914789414", "highway": "traffic_signals", "Туман": "Сергели", "Name": "Саватчи кўча", "ID_Geoname": "АPU:54184", "id": 172, "mahalla": "Qumariq MFY", "mahalla_id": 1726283027, "geonames": "АPU:56778" }, "geometry": { "type": "Point", "coordinates": [ 69.2484046, 41.2546361 ] } },
{ "type": "Feature", "properties": { "osm_id": "3096707381", "highway": "traffic_signals", "Туман": "Сергели", "Name": "Қумариқ кўча", "ID_Geoname": "АPU:54105", "id": 172, "mahalla": "Qumariq MFY", "mahalla_id": 1726283027, "geonames": "АPU:56778" }, "geometry": { "type": "Point", "coordinates": [ 69.2490537, 41.2544863 ] } },
{ "type": "Feature", "properties": { "osm_id": "3078618279", "highway": "traffic_signals", "Туман": "Сергели", "Name": "Қумариқ кўча", "ID_Geoname": "АPU:54105", "id": 172, "mahalla": "Qumariq MFY", "mahalla_id": 1726283027, "geonames": "АPU:56778" }, "geometry": { "type": "Point", "coordinates": [ 69.2568897, 41.2495149 ] } },
{ "type": "Feature", "properties": { "osm_id": "3078618276", "highway": "traffic_signals", "Туман": "Сергели", "Name": "Қумариқ кўча", "ID_Geoname": "АPU:54105", "id": 172, "mahalla": "Qumariq MFY", "mahalla_id": 1726283027, "geonames": "АPU:56778" }, "geometry": { "type": "Point", "coordinates": [ 69.2576155, 41.2494262 ] } },
{ "type": "Feature", "properties": { "osm_id": "3078618270", "highway": "traffic_signals", "Туман": "Сергели", "Name": "Қумариқ кўча", "ID_Geoname": "АPU:54105", "id": 172, "mahalla": "Qumariq MFY", "mahalla_id": 1726283027, "geonames": "АPU:56778" }, "geometry": { "type": "Point", "coordinates": [ 69.2572007, 41.2491955 ] } },
{ "type": "Feature", "properties": { "osm_id": "3090135993", "highway": "traffic_signals", "Туман": "Сергели", "Name": "Қумариқ кўча", "ID_Geoname": "АPU:54105", "id": 172, "mahalla": "Qumariq MFY", "mahalla_id": 1726283027, "geonames": "АPU:56778" }, "geometry": { "type": "Point", "coordinates": [ 69.2648876, 41.2447411 ] } },
{ "type": "Feature", "properties": { "osm_id": "3052454232", "highway": "traffic_signals", "Туман": "Сергели", "Name": "Қумариқ кўча", "ID_Geoname": "АPU:54105", "id": 172, "mahalla": "Qumariq MFY", "mahalla_id": 1726283027, "geonames": "АPU:56778" }, "geometry": { "type": "Point", "coordinates": [ 69.2563437, 41.2448325 ] } },
{ "type": "Feature", "properties": { "osm_id": "3052510650", "highway": "traffic_signals", "Туман": "Сергели", "Name": "Саватчи кўча", "ID_Geoname": "АPU:54184", "id": 172, "mahalla": "Qumariq MFY", "mahalla_id": 1726283027, "geonames": "АPU:56778" }, "geometry": { "type": "Point", "coordinates": [ 69.2484962, 41.2547426 ] } },
{ "type": "Feature", "properties": { "osm_id": "12378778541", "highway": "traffic_signals", "Туман": "Сергели", "Name": "Қумариқ кўча", "ID_Geoname": "АPU:54105", "id": 172, "mahalla": "Qumariq MFY", "mahalla_id": 1726283027, "geonames": "АPU:56778" }, "geometry": { "type": "Point", "coordinates": [ 69.2659891, 41.2487838 ] } },
{ "type": "Feature", "properties": { "osm_id": "12378778542", "highway": "traffic_signals", "Туман": "Сергели", "Name": "Қумариқ кўча", "ID_Geoname": "АPU:54105", "id": 172, "mahalla": "Qumariq MFY", "mahalla_id": 1726283027, "geonames": "АPU:56778" }, "geometry": { "type": "Point", "coordinates": [ 69.2659653, 41.248708 ] } },
{ "type": "Feature", "properties": { "osm_id": "13324943813", "highway": "traffic_signals", "Туман": "Сергели", "Name": "Хонободтепа шоҳкўчаси", "ID_Geoname": null, "id": 172, "mahalla": "Birdamlik MFY", "mahalla_id": 1726283037, "geonames": "АPU:223812" }, "geometry": { "type": "Point", "coordinates": [ 69.2893224, 41.2443411 ] } },
{ "type": "Feature", "properties": { "osm_id": "13322774133", "highway": "traffic_signals", "Туман": "Сергели", "Name": "Янги Қўйлиқ кўча", "ID_Geoname": "АPU:282941", "id": 172, "mahalla": "Xalqobod MFY", "mahalla_id": 1726283038, "geonames": "АPU:56766" }, "geometry": { "type": "Point", "coordinates": [ 69.3017184, 41.2489197 ] } },
{ "type": "Feature", "properties": { "osm_id": "13322774134", "highway": "traffic_signals", "Туман": "Сергели", "Name": "Янги Қўйлиқ кўча", "ID_Geoname": "АPU:282941", "id": 172, "mahalla": "Xalqobod MFY", "mahalla_id": 1726283038, "geonames": "АPU:56766" }, "geometry": { "type": "Point", "coordinates": [ 69.3015987, 41.2491859 ] } },
{ "type": "Feature", "properties": { "osm_id": "11645373832", "highway": "traffic_signals", "Туман": "Сергели", "Name": "Янги Қўйлиқ кўча", "ID_Geoname": "АPU:282941", "id": 172, "mahalla": "Xalqobod MFY", "mahalla_id": 1726283038, "geonames": "АPU:56766" }, "geometry": { "type": "Point", "coordinates": [ 69.3017462, 41.2523363 ] } },
{ "type": "Feature", "properties": { "osm_id": "13324943814", "highway": "traffic_signals", "Туман": "Сергели", "Name": "Хонободтепа шоҳкўчаси", "ID_Geoname": null, "id": 172, "mahalla": "Nomdanak MFY", "mahalla_id": 1726283026, "geonames": "АPU:883022" }, "geometry": { "type": "Point", "coordinates": [ 69.2890783, 41.2442076 ] } },
{ "type": "Feature", "properties": { "osm_id": "13326560088", "highway": "traffic_signals", "Туман": "Сергели", "Name": "Қипчоқ шоҳкўча", "ID_Geoname": "АPU:54065", "id": 172, "mahalla": "Nomdanak MFY", "mahalla_id": 1726283026, "geonames": "АPU:883022" }, "geometry": { "type": "Point", "coordinates": [ 69.2744772, 41.2387716 ] } },
{ "type": "Feature", "properties": { "osm_id": "13326560089", "highway": "traffic_signals", "Туман": "Сергели", "Name": "Қипчоқ шоҳкўча", "ID_Geoname": "АPU:54065", "id": 172, "mahalla": "Nomdanak MFY", "mahalla_id": 1726283026, "geonames": "АPU:883022" }, "geometry": { "type": "Point", "coordinates": [ 69.2745357, 41.2385585 ] } },
{ "type": "Feature", "properties": { "osm_id": "3052454969", "highway": "traffic_signals", "Туман": "Сергели", "Name": "Қипчоқ шоҳкўча", "ID_Geoname": "АPU:54065", "id": 172, "mahalla": "Nomdanak MFY", "mahalla_id": 1726283026, "geonames": "АPU:883022" }, "geometry": { "type": "Point", "coordinates": [ 69.2772184, 41.2439801 ] } },
{ "type": "Feature", "properties": { "osm_id": "3090135988", "highway": "traffic_signals", "Туман": "Сергели", "Name": "Хонободтепа шоҳкўчаси", "ID_Geoname": null, "id": 172, "mahalla": "Asrobod MFY", "mahalla_id": 1726283043, "geonames": "АPU:282951" }, "geometry": { "type": "Point", "coordinates": [ 69.2655352, 41.2444873 ] } },
{ "type": "Feature", "properties": { "osm_id": "13771687251", "highway": "traffic_signals", "Туман": "Сергели", "Name": "Хонободтепа шоҳкўчаси", "ID_Geoname": null, "id": 172, "mahalla": "Koʻhna Qumariq MFY", "mahalla_id": 1726283042, "geonames": "АPU:883023" }, "geometry": { "type": "Point", "coordinates": [ 69.2562478, 41.2440679 ] } },
{ "type": "Feature", "properties": { "osm_id": "13777422671", "highway": "traffic_signals", "Туман": "Сергели", "Name": "Хонободтепа шоҳкўчаси", "ID_Geoname": null, "id": 172, "mahalla": "Koʻhna Qumariq MFY", "mahalla_id": 1726283042, "geonames": "АPU:883023" }, "geometry": { "type": "Point", "coordinates": [ 69.2495158, 41.2443393 ] } },
{ "type": "Feature", "properties": { "osm_id": "13521889420", "highway": "traffic_signals", "Туман": "Сергели", "Name": "Саъдий кўча", "ID_Geoname": "АPU:54140", "id": 172, "mahalla": "Qubaytepa MFY", "mahalla_id": 1726283046, "geonames": "АPU:495625" }, "geometry": { "type": "Point", "coordinates": [ 69.217109, 41.253486 ] } },
{ "type": "Feature", "properties": { "osm_id": "13521889417", "highway": "traffic_signals", "Туман": "Сергели", "Name": "Янги Сергели кўча", "ID_Geoname": "АPU:54096", "id": 172, "mahalla": "Qubaytepa MFY", "mahalla_id": 1726283046, "geonames": "АPU:495625" }, "geometry": { "type": "Point", "coordinates": [ 69.2170015, 41.2531704 ] } },
{ "type": "Feature", "properties": { "osm_id": "13324929869", "highway": "traffic_signals", "Туман": "Сергели", "Name": "Хонободтепа шоҳкўчаси", "ID_Geoname": null, "id": 172, "mahalla": "Sultonobod MFY", "mahalla_id": 1726283033, "geonames": "АPU:883026" }, "geometry": { "type": "Point", "coordinates": [ 69.2768589, 41.244272 ] } },
{ "type": "Feature", "properties": { "osm_id": "13326560086", "highway": "traffic_signals", "Туман": "Сергели", "Name": "Қипчоқ шоҳкўча", "ID_Geoname": "АPU:54065", "id": 172, "mahalla": "Sultonobod MFY", "mahalla_id": 1726283033, "geonames": "АPU:883026" }, "geometry": { "type": "Point", "coordinates": [ 69.2743309, 41.2388143 ] } },
{ "type": "Feature", "properties": { "osm_id": "13324929870", "highway": "traffic_signals", "Туман": "Сергели", "Name": "Хонободтепа шоҳкўчаси", "ID_Geoname": null, "id": 172, "mahalla": "Qoʻshqoʻrgʻon MFY", "mahalla_id": 1726283044, "geonames": "АPU:56781" }, "geometry": { "type": "Point", "coordinates": [ 69.2780739, 41.2444342 ] } },
{ "type": "Feature", "properties": { "osm_id": "6263221377", "highway": "traffic_signals", "Туман": "Учтепа", "Name": "Заргарлик кўча", "ID_Geoname": "АPU:54745", "id": 170, "mahalla": "Shirin MFY", "mahalla_id": 1726262053, "geonames": "АPU:56828" }, "geometry": { "type": "Point", "coordinates": [ 69.1830162, 41.2728461 ] } },
{ "type": "Feature", "properties": { "osm_id": "6263221377", "highway": "traffic_signals", "Туман": "Учтепа", "Name": "Заргарлик кўча", "ID_Geoname": "АPU:54745", "id": 170, "mahalla": "Shirin MFY", "mahalla_id": 1726262053, "geonames": "АPU:56828" }, "geometry": { "type": "Point", "coordinates": [ 69.1830162, 41.2728461 ] } },
{ "type": "Feature", "properties": { "osm_id": "5997791904", "highway": "traffic_signals", "Туман": "Учтепа", "Name": "Катта Хирмонтепа кўча", "ID_Geoname": "АPU:293262", "id": 170, "mahalla": "Shirin MFY", "mahalla_id": 1726262053, "geonames": "АPU:56828" }, "geometry": { "type": "Point", "coordinates": [ 69.1727395, 41.2765051 ] } },
{ "type": "Feature", "properties": { "osm_id": "2898537056", "highway": "traffic_signals", "Туман": "Учтепа", "Name": "Заргарлик кўча", "ID_Geoname": "АPU:54745", "id": 170, "mahalla": "Shirin MFY", "mahalla_id": 1726262053, "geonames": "АPU:56828" }, "geometry": { "type": "Point", "coordinates": [ 69.1775138, 41.2715694 ] } },
{ "type": "Feature", "properties": { "osm_id": "2898537056", "highway": "traffic_signals", "Туман": "Учтепа", "Name": "Заргарлик кўча", "ID_Geoname": "АPU:54745", "id": 170, "mahalla": "Shirin MFY", "mahalla_id": 1726262053, "geonames": "АPU:56828" }, "geometry": { "type": "Point", "coordinates": [ 69.1775138, 41.2715694 ] } },
{ "type": "Feature", "properties": { "osm_id": "3056814325", "highway": "traffic_signals", "Туман": "Учтепа", "Name": "Лутфий кўча", "ID_Geoname": "АPU:55211", "id": 170, "mahalla": "Shirin MFY", "mahalla_id": 1726262053, "geonames": "АPU:56828" }, "geometry": { "type": "Point", "coordinates": [ 69.1804583, 41.2814479 ] } },
{ "type": "Feature", "properties": { "osm_id": "5030598401", "highway": "traffic_signals", "Туман": "Учтепа", "Name": "Лутфий кўча", "ID_Geoname": "АPU:55211", "id": 170, "mahalla": "Shirin MFY", "mahalla_id": 1726262053, "geonames": "АPU:56828" }, "geometry": { "type": "Point", "coordinates": [ 69.1773454, 41.2786803 ] } },
{ "type": "Feature", "properties": { "osm_id": "6278953724", "highway": "traffic_signals", "Туман": "Учтепа", "Name": "Журжоний кўча", "ID_Geoname": "АPU:54422", "id": 170, "mahalla": "Jurjoniy MFY", "mahalla_id": 1726262007, "geonames": "АPU:56814" }, "geometry": { "type": "Point", "coordinates": [ 69.1719273, 41.3025401 ] } },
{ "type": "Feature", "properties": { "osm_id": "6016128468", "highway": "traffic_signals", "Туман": "Учтепа", "Name": "Фарҳод кўча", "ID_Geoname": "АPU:293260", "id": 170, "mahalla": "Jurjoniy MFY", "mahalla_id": 1726262007, "geonames": "АPU:56814" }, "geometry": { "type": "Point", "coordinates": [ 69.1742168, 41.2982385 ] } },
{ "type": "Feature", "properties": { "osm_id": "6016128467", "highway": "traffic_signals", "Туман": "Учтепа", "Name": "Юсуф Саккокий кўча", "ID_Geoname": "АPU:54423", "id": 170, "mahalla": "Jurjoniy MFY", "mahalla_id": 1726262007, "geonames": "АPU:56814" }, "geometry": { "type": "Point", "coordinates": [ 69.1743418, 41.2984904 ] } },
{ "type": "Feature", "properties": { "osm_id": "1818891721", "highway": "traffic_signals", "Туман": "Учтепа", "Name": "Мақсуд Шайхзода кўча", "ID_Geoname": "АPU:54746", "id": 170, "mahalla": "Xuroson MFY", "mahalla_id": 1726262027, "geonames": "АPU:56800" }, "geometry": { "type": "Point", "coordinates": [ 69.1897802, 41.2802074 ] } },
{ "type": "Feature", "properties": { "osm_id": "7932393340", "highway": "traffic_signals", "Туман": "Учтепа", "Name": "Мақсуд Шайхзода кўча", "ID_Geoname": "АPU:54746", "id": 170, "mahalla": "Xuroson MFY", "mahalla_id": 1726262027, "geonames": "АPU:56800" }, "geometry": { "type": "Point", "coordinates": [ 69.1926965, 41.2818548 ] } },
{ "type": "Feature", "properties": { "osm_id": "10160592665", "highway": "traffic_signals", "Туман": "Учтепа", "Name": "Фарҳод кўча", "ID_Geoname": "АPU:293260", "id": 170, "mahalla": "Xuroson MFY", "mahalla_id": 1726262027, "geonames": "АPU:56800" }, "geometry": { "type": "Point", "coordinates": [ 69.1894088, 41.2842159 ] } },
{ "type": "Feature", "properties": { "osm_id": "2896518851", "highway": "traffic_signals", "Туман": "Учтепа", "Name": "Фарҳод кўча", "ID_Geoname": "АPU:293260", "id": 170, "mahalla": "Xuroson MFY", "mahalla_id": 1726262027, "geonames": "АPU:56800" }, "geometry": { "type": "Point", "coordinates": [ 69.1925991, 41.2821579 ] } },
{ "type": "Feature", "properties": { "osm_id": "2021314837", "highway": "traffic_signals", "Туман": "Учтепа", "Name": "Лутфий кўча", "ID_Geoname": "АPU:55211", "id": 170, "mahalla": "Xuroson MFY", "mahalla_id": 1726262027, "geonames": "АPU:56800" }, "geometry": { "type": "Point", "coordinates": [ 69.1859098, 41.2862899 ] } },
{ "type": "Feature", "properties": { "osm_id": "6278934650", "highway": "traffic_signals", "Туман": "Учтепа", "Name": "Фарҳод кўча", "ID_Geoname": "АPU:293260", "id": 170, "mahalla": "Qoʻrgʻontepa MFY", "mahalla_id": 1726262020, "geonames": "АPU:56799" }, "geometry": { "type": "Point", "coordinates": [ 69.1942118, 41.2811178 ] } },
{ "type": "Feature", "properties": { "osm_id": "2713557182", "highway": "traffic_signals", "Туман": "Учтепа", "Name": "Кичик ҳалқа йўли кўча", "ID_Geoname": "АPU:53596", "id": 170, "mahalla": "Qoʻrgʻontepa MFY", "mahalla_id": 1726262020, "geonames": "АPU:56799" }, "geometry": { "type": "Point", "coordinates": [ 69.1976642, 41.278893 ] } },
{ "type": "Feature", "properties": { "osm_id": "3056814324", "highway": "traffic_signals", "Туман": "Учтепа", "Name": "Ширин кўча", "ID_Geoname": "АPU:293263", "id": 170, "mahalla": "Zargarlik MFY", "mahalla_id": 1726262018, "geonames": "АPU:223817" }, "geometry": { "type": "Point", "coordinates": [ 69.1808227, 41.2814566 ] } },
{ "type": "Feature", "properties": { "osm_id": "2901515584", "highway": "traffic_signals", "Туман": "Учтепа", "Name": "Заргарлик кўча", "ID_Geoname": "АPU:54745", "id": 170, "mahalla": "Tepaqoʻrgʻon MFY", "mahalla_id": 1726262023, "geonames": "АPU:223816" }, "geometry": { "type": "Point", "coordinates": [ 69.1878905, 41.2740201 ] } },
{ "type": "Feature", "properties": { "osm_id": "2901515584", "highway": "traffic_signals", "Туман": "Учтепа", "Name": "Заргарлик кўча", "ID_Geoname": "АPU:54745", "id": 170, "mahalla": "Tepaqoʻrgʻon MFY", "mahalla_id": 1726262023, "geonames": "АPU:223816" }, "geometry": { "type": "Point", "coordinates": [ 69.1878905, 41.2740201 ] } },
{ "type": "Feature", "properties": { "osm_id": "2901515585", "highway": "traffic_signals", "Туман": "Учтепа", "Name": "Ширин кўча", "ID_Geoname": "АPU:293263", "id": 170, "mahalla": "Tepaqoʻrgʻon MFY", "mahalla_id": 1726262023, "geonames": "АPU:223816" }, "geometry": { "type": "Point", "coordinates": [ 69.1874519, 41.2741315 ] } },
{ "type": "Feature", "properties": { "osm_id": "9306732870", "highway": "traffic_signals", "Туман": "Учтепа", "Name": "Катта Хирмонтепа кўча", "ID_Geoname": "АPU:293262", "id": 170, "mahalla": "Birlik MFY", "mahalla_id": 1726262016, "geonames": "АPU:56802" }, "geometry": { "type": "Point", "coordinates": [ 69.1726407, 41.2886879 ] } },
{ "type": "Feature", "properties": { "osm_id": "5326954620", "highway": "traffic_signals", "Туман": "Учтепа", "Name": "Фарҳод кўча", "ID_Geoname": "АPU:293260", "id": 170, "mahalla": "Birlik MFY", "mahalla_id": 1726262016, "geonames": "АPU:56802" }, "geometry": { "type": "Point", "coordinates": [ 69.1788944, 41.292115 ] } },
{ "type": "Feature", "properties": { "osm_id": "6016128695", "highway": "traffic_signals", "Туман": "Учтепа", "Name": "Фозилтепа кўча", "ID_Geoname": "АPU:54743", "id": 170, "mahalla": "Birlik MFY", "mahalla_id": 1726262016, "geonames": "АPU:56802" }, "geometry": { "type": "Point", "coordinates": [ 69.1761943, 41.2952089 ] } },
{ "type": "Feature", "properties": { "osm_id": "13370316015", "highway": "traffic_signals", "Туман": "Учтепа", "Name": "Фарҳод кўча", "ID_Geoname": "АPU:293260", "id": 170, "mahalla": "Birlik MFY", "mahalla_id": 1726262016, "geonames": "АPU:56802" }, "geometry": { "type": "Point", "coordinates": [ 69.1772029, 41.2942285 ] } },
{ "type": "Feature", "properties": { "osm_id": "13356497115", "highway": "traffic_signals", "Туман": "Учтепа", "Name": "Ширин кўча", "ID_Geoname": "АPU:293263", "id": 170, "mahalla": "Nayman MFY", "mahalla_id": 1726262050, "geonames": "АPU:56803" }, "geometry": { "type": "Point", "coordinates": [ 69.1656763, 41.285243 ] } },
{ "type": "Feature", "properties": { "osm_id": "4290155889", "highway": "traffic_signals", "Туман": "Учтепа", "Name": "Фозилтепа кўча", "ID_Geoname": "АPU:54743", "id": 170, "mahalla": "Nayman MFY", "mahalla_id": 1726262050, "geonames": "АPU:56803" }, "geometry": { "type": "Point", "coordinates": [ 69.1686241, 41.2913477 ] } },
{ "type": "Feature", "properties": { "osm_id": "4290154987", "highway": "traffic_signals", "Туман": "Учтепа", "Name": "Найман кўча", "ID_Geoname": "АPU:54744", "id": 170, "mahalla": "Nayman MFY", "mahalla_id": 1726262050, "geonames": "АPU:56803" }, "geometry": { "type": "Point", "coordinates": [ 69.1689415, 41.2912882 ] } },
{ "type": "Feature", "properties": { "osm_id": "5997791900", "highway": "traffic_signals", "Туман": "Учтепа", "Name": "Катта Хирмонтепа кўча", "ID_Geoname": "АPU:293262", "id": 170, "mahalla": "Nayman MFY", "mahalla_id": 1726262050, "geonames": "АPU:56803" }, "geometry": { "type": "Point", "coordinates": [ 69.1710021, 41.2853764 ] } },
{ "type": "Feature", "properties": { "osm_id": "1195242727", "highway": "traffic_signals", "Туман": "Учтепа", "Name": "Фозилтепа кўча", "ID_Geoname": "АPU:54743", "id": 170, "mahalla": "Nayman MFY", "mahalla_id": 1726262050, "geonames": "АPU:56803" }, "geometry": { "type": "Point", "coordinates": [ 69.1661121, 41.2871303 ] } },
{ "type": "Feature", "properties": { "osm_id": "13309075566", "highway": "traffic_signals", "Туман": "Учтепа", "Name": "Ширин кўча", "ID_Geoname": "АPU:293263", "id": 170, "mahalla": "Nurobod MFY", "mahalla_id": 1726262049, "geonames": "АPU:56805" }, "geometry": { "type": "Point", "coordinates": [ 69.1705002, 41.2850687 ] } },
{ "type": "Feature", "properties": { "osm_id": "13721372097", "highway": "traffic_signals", "Туман": "Учтепа", "Name": "Фозилтепа кўча", "ID_Geoname": "АPU:54743", "id": 170, "mahalla": "Nurobod MFY", "mahalla_id": 1726262049, "geonames": "АPU:56805" }, "geometry": { "type": "Point", "coordinates": [ 69.1644926, 41.282857 ] } },
{ "type": "Feature", "properties": { "osm_id": "5953998510", "highway": "traffic_signals", "Туман": "Учтепа", "Name": "Ширин кўча", "ID_Geoname": "АPU:293263", "id": 170, "mahalla": "Nurobod MFY", "mahalla_id": 1726262049, "geonames": "АPU:56805" }, "geometry": { "type": "Point", "coordinates": [ 69.1653254, 41.2851532 ] } },
{ "type": "Feature", "properties": { "osm_id": "13309075565", "highway": "traffic_signals", "Туман": "Учтепа", "Name": "Катта Хирмонтепа кўча", "ID_Geoname": "АPU:293262", "id": 170, "mahalla": "Vatan MFY", "mahalla_id": 1726262051, "geonames": "АPU:56827" }, "geometry": { "type": "Point", "coordinates": [ 69.1709133, 41.2848752 ] } },
{ "type": "Feature", "properties": { "osm_id": "6036902914", "highway": "traffic_signals", "Туман": "Учтепа", "Name": "Ширин кўча", "ID_Geoname": "АPU:293263", "id": 170, "mahalla": "Vatan MFY", "mahalla_id": 1726262051, "geonames": "АPU:56827" }, "geometry": { "type": "Point", "coordinates": [ 69.1802138, 41.2819645 ] } },
{ "type": "Feature", "properties": { "osm_id": "5030598402", "highway": "traffic_signals", "Туман": "Учтепа", "Name": "Лутфий кўча", "ID_Geoname": "АPU:55211", "id": 170, "mahalla": "Vatan MFY", "mahalla_id": 1726262051, "geonames": "АPU:56827" }, "geometry": { "type": "Point", "coordinates": [ 69.1774625, 41.279133 ] } },
{ "type": "Feature", "properties": { "osm_id": "9306732871", "highway": "traffic_signals", "Туман": "Учтепа", "Name": "Катта Хирмонтепа кўча", "ID_Geoname": "АPU:293262", "id": 170, "mahalla": "Farhod MFY", "mahalla_id": 1726262025, "geonames": "АPU:56831" }, "geometry": { "type": "Point", "coordinates": [ 69.1725352, 41.2884173 ] } },
{ "type": "Feature", "properties": { "osm_id": "13309075567", "highway": "traffic_signals", "Туман": "Учтепа", "Name": "Ширин кўча", "ID_Geoname": "АPU:293263", "id": 170, "mahalla": "Farhod MFY", "mahalla_id": 1726262025, "geonames": "АPU:56831" }, "geometry": { "type": "Point", "coordinates": [ 69.1714185, 41.2851503 ] } },
{ "type": "Feature", "properties": { "osm_id": "5997791897", "highway": "traffic_signals", "Туман": "Учтепа", "Name": "Катта Хирмонтепа кўча", "ID_Geoname": "АPU:293262", "id": 170, "mahalla": "Farhod MFY", "mahalla_id": 1726262025, "geonames": "АPU:56831" }, "geometry": { "type": "Point", "coordinates": [ 69.1788941, 41.2918104 ] } },
{ "type": "Feature", "properties": { "osm_id": "11115756377", "highway": "traffic_signals", "Туман": "Учтепа", "Name": "Фарҳод кўча", "ID_Geoname": "АPU:293260", "id": 170, "mahalla": "Tinchlikobod MFY", "mahalla_id": 1726262024, "geonames": "АPU:56804" }, "geometry": { "type": "Point", "coordinates": [ 69.1818256, 41.2890742 ] } },
{ "type": "Feature", "properties": { "osm_id": "7425800570", "highway": "traffic_signals", "Туман": "Учтепа", "Name": "Фарҳод кўча", "ID_Geoname": "АPU:293260", "id": 170, "mahalla": "Tinchlikobod MFY", "mahalla_id": 1726262024, "geonames": "АPU:56804" }, "geometry": { "type": "Point", "coordinates": [ 69.1809209, 41.289682 ] } },
{ "type": "Feature", "properties": { "osm_id": "3056814735", "highway": "traffic_signals", "Туман": "Учтепа", "Name": "Лутфий кўча", "ID_Geoname": "АPU:55211", "id": 170, "mahalla": "Tinchlikobod MFY", "mahalla_id": 1726262024, "geonames": "АPU:56804" }, "geometry": { "type": "Point", "coordinates": [ 69.1807346, 41.2820113 ] } },
{ "type": "Feature", "properties": { "osm_id": "2021314839", "highway": "traffic_signals", "Туман": "Учтепа", "Name": "Фарҳод кўча", "ID_Geoname": "АPU:293260", "id": 170, "mahalla": "Tinchlikobod MFY", "mahalla_id": 1726262024, "geonames": "АPU:56804" }, "geometry": { "type": "Point", "coordinates": [ 69.1856549, 41.286633 ] } },
{ "type": "Feature", "properties": { "osm_id": "6052888697", "highway": "traffic_signals", "Туман": "Учтепа", "Name": "Дилкаш кўча", "ID_Geoname": "АPU:54356", "id": 170, "mahalla": "Xondamir MFY", "mahalla_id": 1726262012, "geonames": "АPU:56835" }, "geometry": { "type": "Point", "coordinates": [ 69.1756721, 41.3202154 ] } },
{ "type": "Feature", "properties": { "osm_id": "6052888694", "highway": "traffic_signals", "Туман": "Учтепа", "Name": "Бешқайрағоч кўча", "ID_Geoname": "АPU:55692", "id": 170, "mahalla": "Xondamir MFY", "mahalla_id": 1726262012, "geonames": "АPU:56835" }, "geometry": { "type": "Point", "coordinates": [ 69.1753366, 41.3202843 ] } },
{ "type": "Feature", "properties": { "osm_id": "13803896869", "highway": "traffic_signals", "Туман": "Учтепа", "Name": "Кўкча Дарвоза кўча", "ID_Geoname": "АPU:303220", "id": 170, "mahalla": "Sharq yulduzi MFY", "mahalla_id": 1726262013, "geonames": "АPU:56811" }, "geometry": { "type": "Point", "coordinates": [ 69.1763516, 41.3113365 ] } },
{ "type": "Feature", "properties": { "osm_id": "11374107998", "highway": "traffic_signals", "Туман": "Учтепа", "Name": "Гулистон кўча", "ID_Geoname": "АPU:293264", "id": 170, "mahalla": "Alixontoʻra Sogʻuniy MFY", "mahalla_id": 1726262034, "geonames": "АPU:56829" }, "geometry": { "type": "Point", "coordinates": [ 69.1549889, 41.2631882 ] } },
{ "type": "Feature", "properties": { "osm_id": "11374107998", "highway": "traffic_signals", "Туман": "Учтепа", "Name": "Гулистон кўча", "ID_Geoname": "АPU:293264", "id": 170, "mahalla": "Alixontoʻra Sogʻuniy MFY", "mahalla_id": 1726262034, "geonames": "АPU:56829" }, "geometry": { "type": "Point", "coordinates": [ 69.1549889, 41.2631882 ] } },
{ "type": "Feature", "properties": { "osm_id": "361460794", "highway": "traffic_signals", "Туман": "Учтепа", "Name": "Гулистон кўча", "ID_Geoname": "АPU:293264", "id": 170, "mahalla": "Alixontoʻra Sogʻuniy MFY", "mahalla_id": 1726262034, "geonames": "АPU:56829" }, "geometry": { "type": "Point", "coordinates": [ 69.1602257, 41.265489 ] } },
{ "type": "Feature", "properties": { "osm_id": "361460794", "highway": "traffic_signals", "Туман": "Учтепа", "Name": "Гулистон кўча", "ID_Geoname": "АPU:293264", "id": 170, "mahalla": "Alixontoʻra Sogʻuniy MFY", "mahalla_id": 1726262034, "geonames": "АPU:56829" }, "geometry": { "type": "Point", "coordinates": [ 69.1602257, 41.265489 ] } },
{ "type": "Feature", "properties": { "osm_id": "13357905551", "highway": "traffic_signals", "Туман": "Учтепа", "Name": "Катта Хирмонтепа кўча", "ID_Geoname": "АPU:293262", "id": 170, "mahalla": "Hamdoʻst MFY", "mahalla_id": 1726262059, "geonames": "АPU:223818" }, "geometry": { "type": "Point", "coordinates": [ 69.1723006, 41.2770315 ] } },
{ "type": "Feature", "properties": { "osm_id": "8400584941", "highway": "traffic_signals", "Туман": "Учтепа", "Name": "Заргарлик кўча", "ID_Geoname": "АPU:54745", "id": 170, "mahalla": "Hamdoʻst MFY", "mahalla_id": 1726262059, "geonames": "АPU:223818" }, "geometry": { "type": "Point", "coordinates": [ 69.1723265, 41.2689703 ] } },
{ "type": "Feature", "properties": { "osm_id": "8400584941", "highway": "traffic_signals", "Туман": "Учтепа", "Name": "Заргарлик кўча", "ID_Geoname": "АPU:54745", "id": 170, "mahalla": "Hamdoʻst MFY", "mahalla_id": 1726262059, "geonames": "АPU:223818" }, "geometry": { "type": "Point", "coordinates": [ 69.1723265, 41.2689703 ] } },
{ "type": "Feature", "properties": { "osm_id": "3130795035", "highway": "traffic_signals", "Туман": "Учтепа", "Name": "Лутфий кўча", "ID_Geoname": "АPU:55211", "id": 170, "mahalla": "Hamdoʻst MFY", "mahalla_id": 1726262059, "geonames": "АPU:223818" }, "geometry": { "type": "Point", "coordinates": [ 69.172135, 41.2764774 ] } },
{ "type": "Feature", "properties": { "osm_id": "2898537057", "highway": "traffic_signals", "Туман": "Учтепа", "Name": "Катта Хирмонтепа кўча", "ID_Geoname": "АPU:293262", "id": 170, "mahalla": "Hamdoʻst MFY", "mahalla_id": 1726262059, "geonames": "АPU:223818" }, "geometry": { "type": "Point", "coordinates": [ 69.1769736, 41.2716919 ] } },
{ "type": "Feature", "properties": { "osm_id": "13393175451", "highway": "traffic_signals", "Туман": "Учтепа", "Name": "Истироҳат кўча", "ID_Geoname": "АPU:283170", "id": 170, "mahalla": "Shaftolizor MFY", "mahalla_id": 1726262056, "geonames": "АPU:56830" }, "geometry": { "type": "Point", "coordinates": [ 69.1633045, 41.3254156 ] } },
{ "type": "Feature", "properties": { "osm_id": "13247077093", "highway": "traffic_signals", "Туман": "Учтепа", "Name": "Фарҳод кўча", "ID_Geoname": "АPU:293260", "id": 170, "mahalla": "Guzar MFY", "mahalla_id": 1726262005, "geonames": "АPU:56826" }, "geometry": { "type": "Point", "coordinates": [ 69.194256, 41.281171 ] } },
{ "type": "Feature", "properties": { "osm_id": "6002417780", "highway": "traffic_signals", "Туман": "Учтепа", "Name": "Кичик ҳалқа йўли кўча", "ID_Geoname": "АPU:53596", "id": 170, "mahalla": "Guzar MFY", "mahalla_id": 1726262005, "geonames": "АPU:56826" }, "geometry": { "type": "Point", "coordinates": [ 69.1943559, 41.2870363 ] } },
{ "type": "Feature", "properties": { "osm_id": "3460942284", "highway": "traffic_signals", "Туман": "Учтепа", "Name": "Кичик ҳалқа йўли кўча", "ID_Geoname": "АPU:53596", "id": 170, "mahalla": "Guzar MFY", "mahalla_id": 1726262005, "geonames": "АPU:56826" }, "geometry": { "type": "Point", "coordinates": [ 69.1945799, 41.2813772 ] } },
{ "type": "Feature", "properties": { "osm_id": "10160592664", "highway": "traffic_signals", "Туман": "Учтепа", "Name": "Фарҳод кўча", "ID_Geoname": "АPU:293260", "id": 170, "mahalla": "Guzar MFY", "mahalla_id": 1726262005, "geonames": "АPU:56826" }, "geometry": { "type": "Point", "coordinates": [ 69.1900043, 41.2839843 ] } },
{ "type": "Feature", "properties": { "osm_id": "2896518850", "highway": "traffic_signals", "Туман": "Учтепа", "Name": "Фарҳод кўча", "ID_Geoname": "АPU:293260", "id": 170, "mahalla": "Guzar MFY", "mahalla_id": 1726262005, "geonames": "АPU:56826" }, "geometry": { "type": "Point", "coordinates": [ 69.1932344, 41.281902 ] } },
{ "type": "Feature", "properties": { "osm_id": "2462453454", "highway": "traffic_signals", "Туман": "Учтепа", "Name": "Фарҳод кўча", "ID_Geoname": "АPU:293260", "id": 170, "mahalla": "Guzar MFY", "mahalla_id": 1726262005, "geonames": "АPU:56826" }, "geometry": { "type": "Point", "coordinates": [ 69.1899215, 41.284314 ] } },
{ "type": "Feature", "properties": { "osm_id": "2021314843", "highway": "traffic_signals", "Туман": "Учтепа", "Name": "Лутфий кўча", "ID_Geoname": "АPU:55211", "id": 170, "mahalla": "Guzar MFY", "mahalla_id": 1726262005, "geonames": "АPU:56826" }, "geometry": { "type": "Point", "coordinates": [ 69.1937936, 41.2918052 ] } },
{ "type": "Feature", "properties": { "osm_id": "2021314838", "highway": "traffic_signals", "Туман": "Учтепа", "Name": "Фарҳод кўча", "ID_Geoname": "АPU:293260", "id": 170, "mahalla": "Guzar MFY", "mahalla_id": 1726262005, "geonames": "АPU:56826" }, "geometry": { "type": "Point", "coordinates": [ 69.1862964, 41.2863627 ] } },
{ "type": "Feature", "properties": { "osm_id": "3132804723", "highway": "traffic_signals", "Туман": "Учтепа", "Name": "Бешқайрағоч кўча", "ID_Geoname": "АPU:55692", "id": 170, "mahalla": "Oʻtkir MFY", "mahalla_id": 1726262054, "geonames": "АPU:56810" }, "geometry": { "type": "Point", "coordinates": [ 69.1623816, 41.3153487 ] } },
{ "type": "Feature", "properties": { "osm_id": "6711986871", "highway": "traffic_signals", "Туман": "Учтепа", "Name": "Бешқайрағоч кўча", "ID_Geoname": "АPU:55692", "id": 170, "mahalla": "Zulfizar MFY", "mahalla_id": 1726262058, "geonames": "АPU:56790" }, "geometry": { "type": "Point", "coordinates": [ 69.1593939, 41.3141933 ] } },
{ "type": "Feature", "properties": { "osm_id": "11374107999", "highway": "traffic_signals", "Туман": "Учтепа", "Name": "Қовунчи кўча", "ID_Geoname": "АPU:55381", "id": 170, "mahalla": "Diyorobod MFY", "mahalla_id": 1726262035, "geonames": "АPU:223820" }, "geometry": { "type": "Point", "coordinates": [ 69.1545613, 41.2632464 ] } },
{ "type": "Feature", "properties": { "osm_id": "11374107999", "highway": "traffic_signals", "Туман": "Учтепа", "Name": "Қовунчи кўча", "ID_Geoname": "АPU:55381", "id": 170, "mahalla": "Diyorobod MFY", "mahalla_id": 1726262035, "geonames": "АPU:223820" }, "geometry": { "type": "Point", "coordinates": [ 69.1545613, 41.2632464 ] } },
{ "type": "Feature", "properties": { "osm_id": "13374548899", "highway": "traffic_signals", "Туман": "Учтепа", "Name": "Гулистон кўча", "ID_Geoname": "АPU:293264", "id": 170, "mahalla": "Diyorobod MFY", "mahalla_id": 1726262035, "geonames": "АPU:223820" }, "geometry": { "type": "Point", "coordinates": [ 69.1495489, 41.2613295 ] } },
{ "type": "Feature", "properties": { "osm_id": "13374548899", "highway": "traffic_signals", "Туман": "Учтепа", "Name": "Гулистон кўча", "ID_Geoname": "АPU:293264", "id": 170, "mahalla": "Diyorobod MFY", "mahalla_id": 1726262035, "geonames": "АPU:223820" }, "geometry": { "type": "Point", "coordinates": [ 69.1495489, 41.2613295 ] } },
{ "type": "Feature", "properties": { "osm_id": "13393175439", "highway": "traffic_signals", "Туман": "Учтепа", "Name": "Бешқайрағоч кўча", "ID_Geoname": "АPU:55692", "id": 170, "mahalla": "Ibrat MFY", "mahalla_id": 1726262019, "geonames": "АPU:56791" }, "geometry": { "type": "Point", "coordinates": [ 69.1651762, 41.3163257 ] } },
{ "type": "Feature", "properties": { "osm_id": "8740277081", "highway": "traffic_signals", "Туман": "Учтепа", "Name": "Фозилтепа кўча", "ID_Geoname": "АPU:54743", "id": 170, "mahalla": "Bogʻiston MFY", "mahalla_id": 1726262002, "geonames": "АPU:56859" }, "geometry": { "type": "Point", "coordinates": [ 69.1936252, 41.297746 ] } },
{ "type": "Feature", "properties": { "osm_id": "13246609518", "highway": "traffic_signals", "Туман": "Учтепа", "Name": "Фозилтепа кўча", "ID_Geoname": "АPU:54743", "id": 170, "mahalla": "Bogʻiston MFY", "mahalla_id": 1726262002, "geonames": "АPU:56859" }, "geometry": { "type": "Point", "coordinates": [ 69.190253, 41.2980302 ] } },
{ "type": "Feature", "properties": { "osm_id": "5999830578", "highway": "traffic_signals", "Туман": "Учтепа", "Name": "Фозилтепа кўча", "ID_Geoname": "АPU:54743", "id": 170, "mahalla": "Bogʻiston MFY", "mahalla_id": 1726262002, "geonames": "АPU:56859" }, "geometry": { "type": "Point", "coordinates": [ 69.1896214, 41.2982365 ] } },
{ "type": "Feature", "properties": { "osm_id": "5999830581", "highway": "traffic_signals", "Туман": "Учтепа", "Name": "Фозилтепа кўча", "ID_Geoname": "АPU:54743", "id": 170, "mahalla": "Bogʻiston MFY", "mahalla_id": 1726262002, "geonames": "АPU:56859" }, "geometry": { "type": "Point", "coordinates": [ 69.1902196, 41.2981618 ] } },
{ "type": "Feature", "properties": { "osm_id": "2021314848", "highway": "traffic_signals", "Туман": "Учтепа", "Name": "Кичик ҳалқа йўли кўча", "ID_Geoname": "АPU:53596", "id": 170, "mahalla": "Bogʻiston MFY", "mahalla_id": 1726262002, "geonames": "АPU:56859" }, "geometry": { "type": "Point", "coordinates": [ 69.1940874, 41.292434 ] } },
{ "type": "Feature", "properties": { "osm_id": "6016128469", "highway": "traffic_signals", "Туман": "Учтепа", "Name": "Юсуф Саккокий кўча", "ID_Geoname": "АPU:54423", "id": 170, "mahalla": "Davlatobod MFY", "mahalla_id": 1726262017, "geonames": "АPU:56793" }, "geometry": { "type": "Point", "coordinates": [ 69.1737911, 41.298245 ] } },
{ "type": "Feature", "properties": { "osm_id": "6016128465", "highway": "traffic_signals", "Туман": "Учтепа", "Name": "Журжоний кўча", "ID_Geoname": "АPU:54422", "id": 170, "mahalla": "Davlatobod MFY", "mahalla_id": 1726262017, "geonames": "АPU:56793" }, "geometry": { "type": "Point", "coordinates": [ 69.1716491, 41.3029108 ] } },
{ "type": "Feature", "properties": { "osm_id": "6016128470", "highway": "traffic_signals", "Туман": "Учтепа", "Name": "Журжоний кўча", "ID_Geoname": "АPU:54422", "id": 170, "mahalla": "Davlatobod MFY", "mahalla_id": 1726262017, "geonames": "АPU:56793" }, "geometry": { "type": "Point", "coordinates": [ 69.1738648, 41.2985 ] } },
{ "type": "Feature", "properties": { "osm_id": "13409313090", "highway": "traffic_signals", "Туман": "Учтепа", "Name": "Юсуф Саккокий кўча", "ID_Geoname": "АPU:54423", "id": 170, "mahalla": "Davlatobod MFY", "mahalla_id": 1726262017, "geonames": "АPU:56793" }, "geometry": { "type": "Point", "coordinates": [ 69.1703693, 41.2971443 ] } },
{ "type": "Feature", "properties": { "osm_id": "13409313091", "highway": "traffic_signals", "Туман": "Учтепа", "Name": "Алмаий кўча", "ID_Geoname": "АPU:54465", "id": 170, "mahalla": "Davlatobod MFY", "mahalla_id": 1726262017, "geonames": "АPU:56793" }, "geometry": { "type": "Point", "coordinates": [ 69.1699909, 41.2971926 ] } },
{ "type": "Feature", "properties": { "osm_id": "13409313109", "highway": "traffic_signals", "Туман": "Учтепа", "Name": "Учтепа кўча", "ID_Geoname": "АPU:54462", "id": 170, "mahalla": "Davlatobod MFY", "mahalla_id": 1726262017, "geonames": "АPU:56793" }, "geometry": { "type": "Point", "coordinates": [ 69.1676574, 41.2999611 ] } },
{ "type": "Feature", "properties": { "osm_id": "13409313110", "highway": "traffic_signals", "Туман": "Учтепа", "Name": "Алмаий кўча", "ID_Geoname": "АPU:54465", "id": 170, "mahalla": "Davlatobod MFY", "mahalla_id": 1726262017, "geonames": "АPU:56793" }, "geometry": { "type": "Point", "coordinates": [ 69.1675873, 41.2997879 ] } },
{ "type": "Feature", "properties": { "osm_id": "13409313111", "highway": "traffic_signals", "Туман": "Учтепа", "Name": "Алмаий кўча", "ID_Geoname": "АPU:54465", "id": 170, "mahalla": "Davlatobod MFY", "mahalla_id": 1726262017, "geonames": "АPU:56793" }, "geometry": { "type": "Point", "coordinates": [ 69.1673573, 41.2999934 ] } },
{ "type": "Feature", "properties": { "osm_id": "355225895", "highway": "traffic_signals", "Туман": "Учтепа", "Name": "Кўкча Дарвоза кўча", "ID_Geoname": "АPU:303220", "id": 170, "mahalla": "Oqmasjid MFY", "mahalla_id": 1726262030, "geonames": "АPU:56817" }, "geometry": { "type": "Point", "coordinates": [ 69.1579688, 41.3052164 ] } },
{ "type": "Feature", "properties": { "osm_id": "8724408027", "highway": "traffic_signals", "Туман": "Учтепа", "Name": "Катта ҳалқа йўли кўча", "ID_Geoname": "АPU:53220", "id": 170, "mahalla": "Xurshid MFY", "mahalla_id": 1726262046, "geonames": "АPU:56812" }, "geometry": { "type": "Point", "coordinates": [ 69.1539459, 41.3137974 ] } },
{ "type": "Feature", "properties": { "osm_id": "6016111962", "highway": "traffic_signals", "Туман": "Учтепа", "Name": "Бешқайрағоч кўча", "ID_Geoname": "АPU:55692", "id": 170, "mahalla": "Xurshid MFY", "mahalla_id": 1726262046, "geonames": "АPU:56812" }, "geometry": { "type": "Point", "coordinates": [ 69.1586634, 41.3139521 ] } },
{ "type": "Feature", "properties": { "osm_id": "1884906675", "highway": "traffic_signals", "Туман": "Учтепа", "Name": "Катта ҳалқа йўли кўча", "ID_Geoname": "АPU:53220", "id": 170, "mahalla": "Yusuf Sakkokiy MFY", "mahalla_id": 1726262037, "geonames": "АPU:56821" }, "geometry": { "type": "Point", "coordinates": [ 69.1500263, 41.2906007 ] } },
{ "type": "Feature", "properties": { "osm_id": "6015679241", "highway": "traffic_signals", "Туман": "Учтепа", "Name": "Катта ҳалқа йўли кўча", "ID_Geoname": "АPU:53220", "id": 170, "mahalla": "Yusuf Sakkokiy MFY", "mahalla_id": 1726262037, "geonames": "АPU:56821" }, "geometry": { "type": "Point", "coordinates": [ 69.1498755, 41.2901397 ] } },
{ "type": "Feature", "properties": { "osm_id": "6015679238", "highway": "traffic_signals", "Туман": "Учтепа", "Name": "Катта ҳалқа йўли кўча", "ID_Geoname": "АPU:53220", "id": 170, "mahalla": "Yusuf Sakkokiy MFY", "mahalla_id": 1726262037, "geonames": "АPU:56821" }, "geometry": { "type": "Point", "coordinates": [ 69.1499298, 41.29054 ] } },
{ "type": "Feature", "properties": { "osm_id": "6016103820", "highway": "traffic_signals", "Туман": "Учтепа", "Name": "Кўкча Дарвоза кўча", "ID_Geoname": "АPU:303220", "id": 170, "mahalla": "Taqachi MFY", "mahalla_id": 1726262022, "geonames": "АPU:56797" }, "geometry": { "type": "Point", "coordinates": [ 69.1612688, 41.3071653 ] } },
{ "type": "Feature", "properties": { "osm_id": "355225784", "highway": "traffic_signals", "Туман": "Учтепа", "Name": "Кўкча Дарвоза кўча", "ID_Geoname": "АPU:303220", "id": 170, "mahalla": "Taqachi MFY", "mahalla_id": 1726262022, "geonames": "АPU:56797" }, "geometry": { "type": "Point", "coordinates": [ 69.1574952, 41.3050364 ] } },
{ "type": "Feature", "properties": { "osm_id": "6278953703", "highway": "traffic_signals", "Туман": "Учтепа", "Name": "Лутфий кўча", "ID_Geoname": "АPU:55211", "id": 170, "mahalla": "Koʻhna Choʻponota MFY", "mahalla_id": 1726262008, "geonames": "АPU:56801" }, "geometry": { "type": "Point", "coordinates": [ 69.1862734, 41.2868855 ] } },
{ "type": "Feature", "properties": { "osm_id": "11115756378", "highway": "traffic_signals", "Туман": "Учтепа", "Name": "Фарҳод кўча", "ID_Geoname": "АPU:293260", "id": 170, "mahalla": "Koʻhna Choʻponota MFY", "mahalla_id": 1726262008, "geonames": "АPU:56801" }, "geometry": { "type": "Point", "coordinates": [ 69.1822259, 41.2890139 ] } },
{ "type": "Feature", "properties": { "osm_id": "355227529", "highway": "traffic_signals", "Туман": "Учтепа", "Name": "Фарҳод кўча", "ID_Geoname": "АPU:293260", "id": 170, "mahalla": "Koʻhna Choʻponota MFY", "mahalla_id": 1726262008, "geonames": "АPU:56801" }, "geometry": { "type": "Point", "coordinates": [ 69.1812738, 41.2896303 ] } },
{ "type": "Feature", "properties": { "osm_id": "5326954619", "highway": "traffic_signals", "Туман": "Учтепа", "Name": "Фарҳод кўча", "ID_Geoname": "АPU:293260", "id": 170, "mahalla": "Bogʻobod MFY", "mahalla_id": 1726262001, "geonames": "АPU:56825" }, "geometry": { "type": "Point", "coordinates": [ 69.1793584, 41.291774 ] } },
{ "type": "Feature", "properties": { "osm_id": "6016128692", "highway": "traffic_signals", "Туман": "Учтепа", "Name": "Фарҳод кўча", "ID_Geoname": "АPU:293260", "id": 170, "mahalla": "Bogʻobod MFY", "mahalla_id": 1726262001, "geonames": "АPU:56825" }, "geometry": { "type": "Point", "coordinates": [ 69.1766101, 41.2952293 ] } },
{ "type": "Feature", "properties": { "osm_id": "13393175475", "highway": "traffic_signals", "Туман": "Учтепа", "Name": "Муаллим кўча", "ID_Geoname": "АPU:54316", "id": 170, "mahalla": "Istirohat MFY", "mahalla_id": 1726262055, "geonames": "АPU:56788" }, "geometry": { "type": "Point", "coordinates": [ 69.1632008, 41.3246528 ] } },
{ "type": "Feature", "properties": { "osm_id": "13393175481", "highway": "traffic_signals", "Туман": "Учтепа", "Name": "Истироҳат кўча", "ID_Geoname": "АPU:283170", "id": 170, "mahalla": "Istirohat MFY", "mahalla_id": 1726262055, "geonames": "АPU:56788" }, "geometry": { "type": "Point", "coordinates": [ 69.162838, 41.3246206 ] } },
{ "type": "Feature", "properties": { "osm_id": "13393175497", "highway": "traffic_signals", "Туман": "Учтепа", "Name": "Катта ҳалқа йўли кўча", "ID_Geoname": "АPU:53220", "id": 170, "mahalla": "Istirohat MFY", "mahalla_id": 1726262055, "geonames": "АPU:56788" }, "geometry": { "type": "Point", "coordinates": [ 69.1571187, 41.3211368 ] } },
{ "type": "Feature", "properties": { "osm_id": "13393175428", "highway": "traffic_signals", "Туман": "Учтепа", "Name": "Бешқайрағоч кўча", "ID_Geoname": "АPU:55692", "id": 170, "mahalla": "Jarbuloq MFY", "mahalla_id": 1726262057, "geonames": "АPU:56789" }, "geometry": { "type": "Point", "coordinates": [ 69.1654052, 41.3165201 ] } },
{ "type": "Feature", "properties": { "osm_id": "359868528", "highway": "traffic_signals", "Туман": "Учтепа", "Name": "Лутфий кўча", "ID_Geoname": "АPU:55211", "id": 170, "mahalla": "Vatanparvar MFY", "mahalla_id": 1726262052, "geonames": "АPU:56832" }, "geometry": { "type": "Point", "coordinates": [ 69.1728524, 41.276963 ] } },
{ "type": "Feature", "properties": { "osm_id": "6033830058", "highway": "traffic_signals", "Туман": "Яккасарой", "Name": "Бобур кўча", "ID_Geoname": "АPU:56491", "id": 10, "mahalla": "Tepa MFY", "mahalla_id": 1726287014, "geonames": "АPU:56971" }, "geometry": { "type": "Point", "coordinates": [ 69.2499742, 41.2979467 ] } },
{ "type": "Feature", "properties": { "osm_id": "7334233099", "highway": "traffic_signals", "Туман": "Яккасарой", "Name": "Юсуф Хос Ҳожиб кўча", "ID_Geoname": "АPU:56484", "id": 10, "mahalla": "Tepa MFY", "mahalla_id": 1726287014, "geonames": "АPU:56971" }, "geometry": { "type": "Point", "coordinates": [ 69.2513113, 41.293771 ] } },
{ "type": "Feature", "properties": { "osm_id": "13358444149", "highway": "traffic_signals", "Туман": "Яккасарой", "Name": "Шота Руставели кўча", "ID_Geoname": "АPU:56482", "id": 10, "mahalla": "Bogʻsaroy MFY", "mahalla_id": 1726287018, "geonames": "АPU:282887" }, "geometry": { "type": "Point", "coordinates": [ 69.2668586, 41.2947861 ] } },
{ "type": "Feature", "properties": { "osm_id": "13329297896", "highway": "traffic_signals", "Туман": "Яккасарой", "Name": "Шота Руставели кўча", "ID_Geoname": "АPU:56482", "id": 10, "mahalla": "Bogʻsaroy MFY", "mahalla_id": 1726287018, "geonames": "АPU:282887" }, "geometry": { "type": "Point", "coordinates": [ 69.2683755, 41.2958204 ] } },
{ "type": "Feature", "properties": { "osm_id": "8167227576", "highway": "traffic_signals", "Туман": "Яккасарой", "Name": "Миробод кўча", "ID_Geoname": "АPU:56496", "id": 10, "mahalla": "Bogʻsaroy MFY", "mahalla_id": 1726287018, "geonames": "АPU:282887" }, "geometry": { "type": "Point", "coordinates": [ 69.2685266, 41.2962038 ] } },
{ "type": "Feature", "properties": { "osm_id": "13370640830", "highway": "traffic_signals", "Туман": "Яккасарой", "Name": "Миробод кўча", "ID_Geoname": "АPU:56496", "id": 10, "mahalla": "Bogʻsaroy MFY", "mahalla_id": 1726287018, "geonames": "АPU:282887" }, "geometry": { "type": "Point", "coordinates": [ 69.2684499, 41.2962064 ] } },
{ "type": "Feature", "properties": { "osm_id": "5602221247", "highway": "traffic_signals", "Туман": "Яккасарой", "Name": "Саройбўстон кўча", "ID_Geoname": "АPU:56636", "id": 10, "mahalla": "Bogʻsaroy MFY", "mahalla_id": 1726287018, "geonames": "АPU:282887" }, "geometry": { "type": "Point", "coordinates": [ 69.2659536, 41.3020754 ] } },
{ "type": "Feature", "properties": { "osm_id": "2105113522", "highway": "traffic_signals", "Туман": "Яккасарой", "Name": "Шота Руставели кўча", "ID_Geoname": "АPU:56482", "id": 10, "mahalla": "Abdulla Qahhor MFY", "mahalla_id": 1726287016, "geonames": "АPU:56962" }, "geometry": { "type": "Point", "coordinates": [ 69.2576511, 41.2888838 ] } },
{ "type": "Feature", "properties": { "osm_id": "1963985705", "highway": "traffic_signals", "Туман": "Яккасарой", "Name": "Бобур кўча", "ID_Geoname": "АPU:56491", "id": 10, "mahalla": "Abdulla Qahhor MFY", "mahalla_id": 1726287016, "geonames": "АPU:56962" }, "geometry": { "type": "Point", "coordinates": [ 69.2539157, 41.2849554 ] } },
{ "type": "Feature", "properties": { "osm_id": "1963985699", "highway": "traffic_signals", "Туман": "Яккасарой", "Name": "Нукус кўча", "ID_Geoname": "АPU:282953", "id": 10, "mahalla": "Abdulla Qahhor MFY", "mahalla_id": 1726287016, "geonames": "АPU:56962" }, "geometry": { "type": "Point", "coordinates": [ 69.25603, 41.2808809 ] } },
{ "type": "Feature", "properties": { "osm_id": "2021960879", "highway": "traffic_signals", "Туман": "Яккасарой", "Name": "Нукус кўча", "ID_Geoname": "АPU:282953", "id": 10, "mahalla": "Abdulla Qahhor MFY", "mahalla_id": 1726287016, "geonames": "АPU:56962" }, "geometry": { "type": "Point", "coordinates": [ 69.2597801, 41.281936 ] } },
{ "type": "Feature", "properties": { "osm_id": "2021960881", "highway": "traffic_signals", "Туман": "Яккасарой", "Name": "Абдулла Қаҳҳор кўча", "ID_Geoname": "АPU:56534", "id": 10, "mahalla": "Abdulla Qahhor MFY", "mahalla_id": 1726287016, "geonames": "АPU:56962" }, "geometry": { "type": "Point", "coordinates": [ 69.2594049, 41.281998 ] } },
{ "type": "Feature", "properties": { "osm_id": "1963985706", "highway": "traffic_signals", "Туман": "Яккасарой", "Name": "Бобур кўча", "ID_Geoname": "АPU:56491", "id": 10, "mahalla": "Shohjahon MFY", "mahalla_id": 1726287021, "geonames": "АPU:223834" }, "geometry": { "type": "Point", "coordinates": [ 69.2533445, 41.2857558 ] } },
{ "type": "Feature", "properties": { "osm_id": "8243407560", "highway": "traffic_signals", "Туман": "Яккасарой", "Name": "Шота Руставели кўча", "ID_Geoname": "АPU:56482", "id": 10, "mahalla": "Shohjahon MFY", "mahalla_id": 1726287021, "geonames": "АPU:223834" }, "geometry": { "type": "Point", "coordinates": [ 69.2509724, 41.2831255 ] } },
{ "type": "Feature", "properties": { "osm_id": "13311625777", "highway": "traffic_signals", "Туман": "Яккасарой", "Name": "Шота Руставели кўча", "ID_Geoname": "АPU:56482", "id": 10, "mahalla": "Toʻqimachi MFY", "mahalla_id": 1726287009, "geonames": "АPU:56970" }, "geometry": { "type": "Point", "coordinates": [ 69.2432022, 41.2761963 ] } },
{ "type": "Feature", "properties": { "osm_id": "3146936629", "highway": "traffic_signals", "Туман": "Яккасарой", "Name": "Шота Руставели кўча", "ID_Geoname": "АPU:56482", "id": 10, "mahalla": "Toʻqimachi MFY", "mahalla_id": 1726287009, "geonames": "АPU:56970" }, "geometry": { "type": "Point", "coordinates": [ 69.2410712, 41.2742862 ] } },
{ "type": "Feature", "properties": { "osm_id": "2896480241", "highway": "traffic_signals", "Туман": "Яккасарой", "Name": "Чўпонота кўча", "ID_Geoname": "АPU:56471", "id": 10, "mahalla": "Toʻqimachi MFY", "mahalla_id": 1726287009, "geonames": "АPU:56970" }, "geometry": { "type": "Point", "coordinates": [ 69.2309328, 41.2703698 ] } },
{ "type": "Feature", "properties": { "osm_id": "2593697881", "highway": "traffic_signals", "Туман": "Яккасарой", "Name": "Шота Руставели кўча", "ID_Geoname": "АPU:56482", "id": 10, "mahalla": "Toʻqimachi MFY", "mahalla_id": 1726287009, "geonames": "АPU:56970" }, "geometry": { "type": "Point", "coordinates": [ 69.2345892, 41.2684315 ] } },
{ "type": "Feature", "properties": { "osm_id": "13717037664", "highway": "traffic_signals", "Туман": "Яккасарой", "Name": "Кичик ҳалқа йўли кўча", "ID_Geoname": "АPU:53596", "id": 10, "mahalla": "Boshliq MFY", "mahalla_id": 1726287002, "geonames": "АPU:56963" }, "geometry": { "type": "Point", "coordinates": [ 69.2467386, 41.266172 ] } },
{ "type": "Feature", "properties": { "osm_id": "3071496266", "highway": "traffic_signals", "Туман": "Яккасарой", "Name": "Қушбеги кўча", "ID_Geoname": "АPU:56633", "id": 10, "mahalla": "Boshliq MFY", "mahalla_id": 1726287002, "geonames": "АPU:56963" }, "geometry": { "type": "Point", "coordinates": [ 69.2461219, 41.2678224 ] } },
{ "type": "Feature", "properties": { "osm_id": "2105113530", "highway": "traffic_signals", "Туман": "Яккасарой", "Name": "Шота Руставели кўча", "ID_Geoname": "АPU:56482", "id": 10, "mahalla": "Konstitutsiya MFY", "mahalla_id": 1726287012, "geonames": "АPU:56965" }, "geometry": { "type": "Point", "coordinates": [ 69.2578767, 41.2893721 ] } },
{ "type": "Feature", "properties": { "osm_id": "5728556322", "highway": "traffic_signals", "Туман": "Яккасарой", "Name": "Бобур кўча", "ID_Geoname": "АPU:56491", "id": 10, "mahalla": "Konstitutsiya MFY", "mahalla_id": 1726287012, "geonames": "АPU:56965" }, "geometry": { "type": "Point", "coordinates": [ 69.2508278, 41.2936147 ] } },
{ "type": "Feature", "properties": { "osm_id": "4434212247", "highway": "traffic_signals", "Туман": "Яккасарой", "Name": "Братислава кўча", "ID_Geoname": "АPU:56485", "id": 10, "mahalla": "Konstitutsiya MFY", "mahalla_id": 1726287012, "geonames": "АPU:56965" }, "geometry": { "type": "Point", "coordinates": [ 69.2574331, 41.2893202 ] } },
{ "type": "Feature", "properties": { "osm_id": "4006905065", "highway": "traffic_signals", "Туман": "Яккасарой", "Name": "Бобур кўча", "ID_Geoname": "АPU:56491", "id": 10, "mahalla": "Konstitutsiya MFY", "mahalla_id": 1726287012, "geonames": "АPU:56965" }, "geometry": { "type": "Point", "coordinates": [ 69.250825, 41.292878 ] } },
{ "type": "Feature", "properties": { "osm_id": "3917941512", "highway": "traffic_signals", "Туман": "Яккасарой", "Name": "Шота Руставели кўча", "ID_Geoname": "АPU:56482", "id": 10, "mahalla": "Konstitutsiya MFY", "mahalla_id": 1726287012, "geonames": "АPU:56965" }, "geometry": { "type": "Point", "coordinates": [ 69.2635426, 41.2931703 ] } },
{ "type": "Feature", "properties": { "osm_id": "5119349634", "highway": "traffic_signals", "Туман": "Яккасарой", "Name": "Бобур кўча", "ID_Geoname": "АPU:56491", "id": 10, "mahalla": "Konstitutsiya MFY", "mahalla_id": 1726287012, "geonames": "АPU:56965" }, "geometry": { "type": "Point", "coordinates": [ 69.2508242, 41.2923147 ] } },
{ "type": "Feature", "properties": { "osm_id": "13414265647", "highway": "traffic_signals", "Туман": "Яккасарой", "Name": "Абдураҳим Обидов кўча", "ID_Geoname": "АPU:56488", "id": 10, "mahalla": "Konstitutsiya MFY", "mahalla_id": 1726287012, "geonames": "АPU:56965" }, "geometry": { "type": "Point", "coordinates": [ 69.2616759, 41.2922663 ] } },
{ "type": "Feature", "properties": { "osm_id": "7323433095", "highway": "traffic_signals", "Туман": "Яккасарой", "Name": "Шота Руставели кўча", "ID_Geoname": "АPU:56482", "id": 10, "mahalla": "Konstitutsiya MFY", "mahalla_id": 1726287012, "geonames": "АPU:56965" }, "geometry": { "type": "Point", "coordinates": [ 69.2538325, 41.2857183 ] } },
{ "type": "Feature", "properties": { "osm_id": "1224196395", "highway": "traffic_signals", "Туман": "Яккасарой", "Name": "Кичик ҳалқа йўли кўча", "ID_Geoname": "АPU:53596", "id": 10, "mahalla": "Armugʻon MFY", "mahalla_id": 1726287001, "geonames": "АPU:223832" }, "geometry": { "type": "Point", "coordinates": [ 69.2524159, 41.2684687 ] } },
{ "type": "Feature", "properties": { "osm_id": "954765445", "highway": "traffic_signals", "Туман": "Яккасарой", "Name": "Бобур кўча", "ID_Geoname": "АPU:56491", "id": 10, "mahalla": "Armugʻon MFY", "mahalla_id": 1726287001, "geonames": "АPU:223832" }, "geometry": { "type": "Point", "coordinates": [ 69.2596231, 41.2715996 ] } },
{ "type": "Feature", "properties": { "osm_id": "2760086078", "highway": "traffic_signals", "Туман": "Яккасарой", "Name": "Бобур кўча", "ID_Geoname": "АPU:56491", "id": 10, "mahalla": "Armugʻon MFY", "mahalla_id": 1726287001, "geonames": "АPU:223832" }, "geometry": { "type": "Point", "coordinates": [ 69.2593543, 41.2722282 ] } },
{ "type": "Feature", "properties": { "osm_id": "1111547849", "highway": "traffic_signals", "Туман": "Яккасарой", "Name": "Кичик ҳалқа йўли кўча", "ID_Geoname": "АPU:53596", "id": 10, "mahalla": "Armugʻon MFY", "mahalla_id": 1726287001, "geonames": "АPU:223832" }, "geometry": { "type": "Point", "coordinates": [ 69.2520871, 41.2681514 ] } },
{ "type": "Feature", "properties": { "osm_id": "1963985704", "highway": "traffic_signals", "Туман": "Яккасарой", "Name": "Шота Руставели кўча", "ID_Geoname": "АPU:56482", "id": 10, "mahalla": "Muhandislar MFY", "mahalla_id": 1726287004, "geonames": "АPU:282888" }, "geometry": { "type": "Point", "coordinates": [ 69.2534645, 41.2850355 ] } },
{ "type": "Feature", "properties": { "osm_id": "1963985700", "highway": "traffic_signals", "Туман": "Яккасарой", "Name": "Бобур кўча", "ID_Geoname": "АPU:56491", "id": 10, "mahalla": "Muhandislar MFY", "mahalla_id": 1726287004, "geonames": "АPU:282888" }, "geometry": { "type": "Point", "coordinates": [ 69.255461, 41.2809717 ] } },
{ "type": "Feature", "properties": { "osm_id": "8243407561", "highway": "traffic_signals", "Туман": "Яккасарой", "Name": "Шота Руставели кўча", "ID_Geoname": "АPU:56482", "id": 10, "mahalla": "Muhandislar MFY", "mahalla_id": 1726287004, "geonames": "АPU:282888" }, "geometry": { "type": "Point", "coordinates": [ 69.2509999, 41.2828795 ] } },
{ "type": "Feature", "properties": { "osm_id": "4101228456", "highway": "traffic_signals", "Туман": "Яккасарой", "Name": "Муқимий кўча", "ID_Geoname": "АPU:252736", "id": 10, "mahalla": "Muhandislar MFY", "mahalla_id": 1726287004, "geonames": "АPU:282888" }, "geometry": { "type": "Point", "coordinates": [ 69.2553705, 41.2805784 ] } },
{ "type": "Feature", "properties": { "osm_id": "13414265453", "highway": "traffic_signals", "Туман": "Яккасарой", "Name": "Шота Руставели кўча", "ID_Geoname": "АPU:56482", "id": 10, "mahalla": "Muhandislar MFY", "mahalla_id": 1726287004, "geonames": "АPU:282888" }, "geometry": { "type": "Point", "coordinates": [ 69.2456179, 41.2780174 ] } },
{ "type": "Feature", "properties": { "osm_id": "13424448919", "highway": "traffic_signals", "Туман": "Яккасарой", "Name": "Шота Руставели кўча", "ID_Geoname": "АPU:56482", "id": 10, "mahalla": "Muhandislar MFY", "mahalla_id": 1726287004, "geonames": "АPU:282888" }, "geometry": { "type": "Point", "coordinates": [ 69.2491638, 41.2812032 ] } },
{ "type": "Feature", "properties": { "osm_id": "5812014711", "highway": "traffic_signals", "Туман": "Яккасарой", "Name": "Бобур кўча", "ID_Geoname": "АPU:56491", "id": 10, "mahalla": "Muhandislar MFY", "mahalla_id": 1726287004, "geonames": "АPU:282888" }, "geometry": { "type": "Point", "coordinates": [ 69.2585079, 41.2741543 ] } },
{ "type": "Feature", "properties": { "osm_id": "6362606407", "highway": "traffic_signals", "Туман": "Яккасарой", "Name": "Имом ат-Термизий кўча", "ID_Geoname": "АPU:56609", "id": 10, "mahalla": "Belariq MFY", "mahalla_id": 1726287011, "geonames": "АPU:282884" }, "geometry": { "type": "Point", "coordinates": [ 69.2431077, 41.2871916 ] } },
{ "type": "Feature", "properties": { "osm_id": "6362606409", "highway": "traffic_signals", "Туман": "Яккасарой", "Name": "Ракат кўча", "ID_Geoname": "АPU:56565", "id": 10, "mahalla": "Belariq MFY", "mahalla_id": 1726287011, "geonames": "АPU:282884" }, "geometry": { "type": "Point", "coordinates": [ 69.2433227, 41.2871478 ] } },
{ "type": "Feature", "properties": { "osm_id": "6362606410", "highway": "traffic_signals", "Туман": "Яккасарой", "Name": "Ракат кўча", "ID_Geoname": "АPU:56565", "id": 10, "mahalla": "Belariq MFY", "mahalla_id": 1726287011, "geonames": "АPU:282884" }, "geometry": { "type": "Point", "coordinates": [ 69.2430845, 41.2870917 ] } },
{ "type": "Feature", "properties": { "osm_id": "13709455808", "highway": "traffic_signals", "Туман": "Яккасарой", "Name": "Имом ат-Термизий кўча", "ID_Geoname": "АPU:56609", "id": 10, "mahalla": "Belariq MFY", "mahalla_id": 1726287011, "geonames": "АPU:282884" }, "geometry": { "type": "Point", "coordinates": [ 69.2420872, 41.2897088 ] } },
{ "type": "Feature", "properties": { "osm_id": "13709455803", "highway": "traffic_signals", "Туман": "Яккасарой", "Name": "Абдулла Авлоний кўча", "ID_Geoname": "АPU:56559", "id": 10, "mahalla": "Belariq MFY", "mahalla_id": 1726287011, "geonames": "АPU:282884" }, "geometry": { "type": "Point", "coordinates": [ 69.2423839, 41.2896123 ] } },
{ "type": "Feature", "properties": { "osm_id": "13709455804", "highway": "traffic_signals", "Туман": "Яккасарой", "Name": "Абдулла Авлоний кўча", "ID_Geoname": "АPU:56559", "id": 10, "mahalla": "Belariq MFY", "mahalla_id": 1726287011, "geonames": "АPU:282884" }, "geometry": { "type": "Point", "coordinates": [ 69.2419567, 41.2895121 ] } },
{ "type": "Feature", "properties": { "osm_id": "13717037682", "highway": "traffic_signals", "Туман": "Яккасарой", "Name": "Қушбеги кўча", "ID_Geoname": "АPU:56633", "id": 10, "mahalla": "Dilbuloq MFY", "mahalla_id": 1726287003, "geonames": "АPU:223835" }, "geometry": { "type": "Point", "coordinates": [ 69.2459347, 41.2683812 ] } },
{ "type": "Feature", "properties": { "osm_id": "4240720799", "highway": "traffic_signals", "Туман": "Яккасарой", "Name": "Шота Руставели кўча", "ID_Geoname": "АPU:56482", "id": 10, "mahalla": "Dilbuloq MFY", "mahalla_id": 1726287003, "geonames": "АPU:223835" }, "geometry": { "type": "Point", "coordinates": [ 69.2318003, 41.2655885 ] } },
{ "type": "Feature", "properties": { "osm_id": "13709445375", "highway": "traffic_signals", "Туман": "Яккасарой", "Name": "Шота Руставели кўча", "ID_Geoname": "АPU:56482", "id": 10, "mahalla": "Dilbuloq MFY", "mahalla_id": 1726287003, "geonames": "АPU:223835" }, "geometry": { "type": "Point", "coordinates": [ 69.2432275, 41.2760122 ] } },
{ "type": "Feature", "properties": { "osm_id": "3146937627", "highway": "traffic_signals", "Туман": "Яккасарой", "Name": "Шота Руставели-1 тор кўча", "ID_Geoname": "АPU:56632", "id": 10, "mahalla": "Dilbuloq MFY", "mahalla_id": 1726287003, "geonames": "АPU:223835" }, "geometry": { "type": "Point", "coordinates": [ 69.2412531, 41.2739134 ] } },
{ "type": "Feature", "properties": { "osm_id": "3146936628", "highway": "traffic_signals", "Туман": "Яккасарой", "Name": "Шота Руставели кўча", "ID_Geoname": "АPU:56482", "id": 10, "mahalla": "Dilbuloq MFY", "mahalla_id": 1726287003, "geonames": "АPU:223835" }, "geometry": { "type": "Point", "coordinates": [ 69.2408489, 41.2737658 ] } },
{ "type": "Feature", "properties": { "osm_id": "13424448962", "highway": "traffic_signals", "Туман": "Яккасарой", "Name": "Шота Руставели кўча", "ID_Geoname": "АPU:56482", "id": 10, "mahalla": "Dilbuloq MFY", "mahalla_id": 1726287003, "geonames": "АPU:223835" }, "geometry": { "type": "Point", "coordinates": [ 69.2379025, 41.2710838 ] } },
{ "type": "Feature", "properties": { "osm_id": "13424449021", "highway": "traffic_signals", "Туман": "Яккасарой", "Name": "Шота Руставели кўча", "ID_Geoname": "АPU:56482", "id": 10, "mahalla": "Dilbuloq MFY", "mahalla_id": 1726287003, "geonames": "АPU:223835" }, "geometry": { "type": "Point", "coordinates": [ 69.2299906, 41.2639344 ] } },
{ "type": "Feature", "properties": { "osm_id": "13424449062", "highway": "traffic_signals", "Туман": "Яккасарой", "Name": "Шота Руставели кўча", "ID_Geoname": "АPU:56482", "id": 10, "mahalla": "Dilbuloq MFY", "mahalla_id": 1726287003, "geonames": "АPU:223835" }, "geometry": { "type": "Point", "coordinates": [ 69.2274132, 41.2616821 ] } },
{ "type": "Feature", "properties": { "osm_id": "2593697877", "highway": "traffic_signals", "Туман": "Яккасарой", "Name": "Шота Руставели кўча", "ID_Geoname": "АPU:56482", "id": 10, "mahalla": "Dilbuloq MFY", "mahalla_id": 1726287003, "geonames": "АPU:223835" }, "geometry": { "type": "Point", "coordinates": [ 69.2342858, 41.2678367 ] } },
{ "type": "Feature", "properties": { "osm_id": "2593697878", "highway": "traffic_signals", "Туман": "Яккасарой", "Name": "Сергели йўли шоҳкўча", "ID_Geoname": null, "id": 10, "mahalla": "Dilbuloq MFY", "mahalla_id": 1726287003, "geonames": "АPU:223835" }, "geometry": { "type": "Point", "coordinates": [ 69.2347702, 41.2680485 ] } },
{ "type": "Feature", "properties": { "osm_id": "8381762208", "highway": "traffic_signals", "Туман": "Яккасарой", "Name": "Чўпонота кўча", "ID_Geoname": "АPU:56471", "id": 10, "mahalla": "Meros MFY", "mahalla_id": 1726287006, "geonames": "АPU:282886" }, "geometry": { "type": "Point", "coordinates": [ 69.226449, 41.273172 ] } },
{ "type": "Feature", "properties": { "osm_id": "8381762207", "highway": "traffic_signals", "Туман": "Яккасарой", "Name": "Бадриддин Ҳилолий-3 тор кўча", "ID_Geoname": "АPU:56479", "id": 10, "mahalla": "Meros MFY", "mahalla_id": 1726287006, "geonames": "АPU:282886" }, "geometry": { "type": "Point", "coordinates": [ 69.2265004, 41.2730895 ] } },
{ "type": "Feature", "properties": { "osm_id": "8088286133", "highway": "traffic_signals", "Туман": "Яккасарой", "Name": "Чўпонота кўча", "ID_Geoname": "АPU:56471", "id": 10, "mahalla": "Meros MFY", "mahalla_id": 1726287006, "geonames": "АPU:282886" }, "geometry": { "type": "Point", "coordinates": [ 69.2270835, 41.2728306 ] } },
{ "type": "Feature", "properties": { "osm_id": "2896480248", "highway": "traffic_signals", "Туман": "Яккасарой", "Name": "Боғибўстон кўча", "ID_Geoname": "АPU:56472", "id": 10, "mahalla": "Meros MFY", "mahalla_id": 1726287006, "geonames": "АPU:282886" }, "geometry": { "type": "Point", "coordinates": [ 69.2307974, 41.2706202 ] } },
{ "type": "Feature", "properties": { "osm_id": "9133278288", "highway": "traffic_signals", "Туман": "Яккасарой", "Name": "Саъди Сирожиддинов кўча", "ID_Geoname": "АPU:56552", "id": 10, "mahalla": "Meros MFY", "mahalla_id": 1726287006, "geonames": "АPU:282886" }, "geometry": { "type": "Point", "coordinates": [ 69.2270044, 41.27302 ] } },
{ "type": "Feature", "properties": { "osm_id": "13241331198", "highway": "traffic_signals", "Туман": "Яккасарой", "Name": "Бобур кўча", "ID_Geoname": "АPU:56491", "id": 10, "mahalla": "Rakatboshi MFY", "mahalla_id": 1726287013, "geonames": "АPU:282885" }, "geometry": { "type": "Point", "coordinates": [ 69.2506441, 41.2924827 ] } },
{ "type": "Feature", "properties": { "osm_id": "5998939109", "highway": "traffic_signals", "Туман": "Яккасарой", "Name": "Бобур кўча", "ID_Geoname": "АPU:56491", "id": 10, "mahalla": "Rakatboshi MFY", "mahalla_id": 1726287013, "geonames": "АPU:282885" }, "geometry": { "type": "Point", "coordinates": [ 69.2506452, 41.2933999 ] } },
{ "type": "Feature", "properties": { "osm_id": "6033830059", "highway": "traffic_signals", "Туман": "Яккасарой", "Name": "Бобур кўча", "ID_Geoname": "АPU:56491", "id": 10, "mahalla": "Rakatboshi MFY", "mahalla_id": 1726287013, "geonames": "АPU:282885" }, "geometry": { "type": "Point", "coordinates": [ 69.2496181, 41.2982578 ] } },
{ "type": "Feature", "properties": { "osm_id": "7335116545", "highway": "traffic_signals", "Туман": "Яккасарой", "Name": "Бобур кўча", "ID_Geoname": "АPU:56491", "id": 10, "mahalla": "Rakatboshi MFY", "mahalla_id": 1726287013, "geonames": "АPU:282885" }, "geometry": { "type": "Point", "coordinates": [ 69.2506459, 41.2939889 ] } },
{ "type": "Feature", "properties": { "osm_id": "1968256058", "highway": "traffic_signals", "Туман": "Яккасарой", "Name": "Шароф Рашидов кўча", "ID_Geoname": "АPU:56079", "id": 10, "mahalla": "Yunus Rajabiy MFY", "mahalla_id": 1726287015, "geonames": "АPU:56972" }, "geometry": { "type": "Point", "coordinates": [ 69.2657176, 41.3054307 ] } },
{ "type": "Feature", "properties": { "osm_id": "1968256058", "highway": "traffic_signals", "Туман": "Яккасарой", "Name": "Шароф Рашидов кўча", "ID_Geoname": "АPU:56079", "id": 10, "mahalla": "Yunus Rajabiy MFY", "mahalla_id": 1726287015, "geonames": "АPU:56972" }, "geometry": { "type": "Point", "coordinates": [ 69.2657176, 41.3054307 ] } },
{ "type": "Feature", "properties": { "osm_id": "1968256057", "highway": "traffic_signals", "Туман": "Яккасарой", "Name": "Миробод кўча", "ID_Geoname": "АPU:56496", "id": 10, "mahalla": "Yunus Rajabiy MFY", "mahalla_id": 1726287015, "geonames": "АPU:56972" }, "geometry": { "type": "Point", "coordinates": [ 69.2656288, 41.3045338 ] } },
{ "type": "Feature", "properties": { "osm_id": "4528036930", "highway": "traffic_signals", "Туман": "Яккасарой", "Name": "Афросиёб кўча", "ID_Geoname": "АPU:56512", "id": 10, "mahalla": "Yunus Rajabiy MFY", "mahalla_id": 1726287015, "geonames": "АPU:56972" }, "geometry": { "type": "Point", "coordinates": [ 69.2661005, 41.3048646 ] } },
{ "type": "Feature", "properties": { "osm_id": "5998939095", "highway": "traffic_signals", "Туман": "Яккасарой", "Name": "Юсуф Хос Ҳожиб кўча", "ID_Geoname": "АPU:56484", "id": 10, "mahalla": "Yunus Rajabiy MFY", "mahalla_id": 1726287015, "geonames": "АPU:56972" }, "geometry": { "type": "Point", "coordinates": [ 69.264627, 41.3028717 ] } },
{ "type": "Feature", "properties": { "osm_id": "10816610653", "highway": "traffic_signals", "Туман": "Яккасарой", "Name": "Буюк Турон кўча", "ID_Geoname": "АPU:53553", "id": 10, "mahalla": "Yunus Rajabiy MFY", "mahalla_id": 1726287015, "geonames": "АPU:56972" }, "geometry": { "type": "Point", "coordinates": [ 69.266519, 41.3022631 ] } },
{ "type": "Feature", "properties": { "osm_id": "5113593683", "highway": "traffic_signals", "Туман": "Яккасарой", "Name": "Афросиёб кўча", "ID_Geoname": "АPU:56512", "id": 10, "mahalla": "Yunus Rajabiy MFY", "mahalla_id": 1726287015, "geonames": "АPU:56972" }, "geometry": { "type": "Point", "coordinates": [ 69.2640378, 41.3055582 ] } },
{ "type": "Feature", "properties": { "osm_id": "5113593682", "highway": "traffic_signals", "Туман": "Яккасарой", "Name": "Афросиёб кўча", "ID_Geoname": "АPU:56512", "id": 10, "mahalla": "Yunus Rajabiy MFY", "mahalla_id": 1726287015, "geonames": "АPU:56972" }, "geometry": { "type": "Point", "coordinates": [ 69.2634889, 41.3056003 ] } },
{ "type": "Feature", "properties": { "osm_id": "3147085537", "highway": "traffic_signals", "Туман": "Яккасарой", "Name": "Миробод кўча", "ID_Geoname": "АPU:56496", "id": 10, "mahalla": "Yunus Rajabiy MFY", "mahalla_id": 1726287015, "geonames": "АPU:56972" }, "geometry": { "type": "Point", "coordinates": [ 69.2659888, 41.3023974 ] } },
{ "type": "Feature", "properties": { "osm_id": "5736785761", "highway": "traffic_signals", "Туман": "Яккасарой", "Name": "Ислом Каримов шоҳ кўча", "ID_Geoname": "АPU:262765", "id": 10, "mahalla": "Yunus Rajabiy MFY", "mahalla_id": 1726287015, "geonames": "АPU:56972" }, "geometry": { "type": "Point", "coordinates": [ 69.2636939, 41.3107604 ] } },
{ "type": "Feature", "properties": { "osm_id": "357163877", "highway": "traffic_signals", "Туман": "Яккасарой", "Name": "Ракатбоши кўча", "ID_Geoname": "АPU:56513", "id": 10, "mahalla": "Yunus Rajabiy MFY", "mahalla_id": 1726287015, "geonames": "АPU:56972" }, "geometry": { "type": "Point", "coordinates": [ 69.2580852, 41.3009262 ] } },
{ "type": "Feature", "properties": { "osm_id": "5740751559", "highway": "traffic_signals", "Туман": "Яккасарой", "Name": "Шароф Рашидов кўча", "ID_Geoname": "АPU:56079", "id": 10, "mahalla": "Yunus Rajabiy MFY", "mahalla_id": 1726287015, "geonames": "АPU:56972" }, "geometry": { "type": "Point", "coordinates": [ 69.2674341, 41.3089973 ] } },
{ "type": "Feature", "properties": { "osm_id": "5740751559", "highway": "traffic_signals", "Туман": "Яккасарой", "Name": "Шароф Рашидов кўча", "ID_Geoname": "АPU:56079", "id": 10, "mahalla": "Yunus Rajabiy MFY", "mahalla_id": 1726287015, "geonames": "АPU:56972" }, "geometry": { "type": "Point", "coordinates": [ 69.2674341, 41.3089973 ] } },
{ "type": "Feature", "properties": { "osm_id": "6779562897", "highway": "traffic_signals", "Туман": "Яккасарой", "Name": "Афросиёб кўча", "ID_Geoname": "АPU:56512", "id": 10, "mahalla": "Yunus Rajabiy MFY", "mahalla_id": 1726287015, "geonames": "АPU:56972" }, "geometry": { "type": "Point", "coordinates": [ 69.2583548, 41.3070007 ] } },
{ "type": "Feature", "properties": { "osm_id": "6779562896", "highway": "traffic_signals", "Туман": "Яккасарой", "Name": "Афросиёб кўча", "ID_Geoname": "АPU:56512", "id": 10, "mahalla": "Yunus Rajabiy MFY", "mahalla_id": 1726287015, "geonames": "АPU:56972" }, "geometry": { "type": "Point", "coordinates": [ 69.2587129, 41.3070216 ] } },
{ "type": "Feature", "properties": { "osm_id": "358070510", "highway": "traffic_signals", "Туман": "Яккасарой", "Name": "Юсуф Хос Ҳожиб кўча", "ID_Geoname": "АPU:56484", "id": 10, "mahalla": "Yunus Rajabiy MFY", "mahalla_id": 1726287015, "geonames": "АPU:56972" }, "geometry": { "type": "Point", "coordinates": [ 69.2588494, 41.2981614 ] } },
{ "type": "Feature", "properties": { "osm_id": "5602221246", "highway": "traffic_signals", "Туман": "Яккасарой", "Name": "Миробод кўча", "ID_Geoname": "АPU:56496", "id": 10, "mahalla": "Yunus Rajabiy MFY", "mahalla_id": 1726287015, "geonames": "АPU:56972" }, "geometry": { "type": "Point", "coordinates": [ 69.2665048, 41.3020211 ] } },
{ "type": "Feature", "properties": { "osm_id": "5602862070", "highway": "traffic_signals", "Туман": "Яккасарой", "Name": "Юнус Ражабий кўча", "ID_Geoname": "АPU:56508", "id": 10, "mahalla": "Yunus Rajabiy MFY", "mahalla_id": 1726287015, "geonames": "АPU:56972" }, "geometry": { "type": "Point", "coordinates": [ 69.2636623, 41.3054305 ] } },
{ "type": "Feature", "properties": { "osm_id": "1963985698", "highway": "traffic_signals", "Туман": "Яккасарой", "Name": "Бобур кўча", "ID_Geoname": "АPU:56491", "id": 10, "mahalla": "Bobur MFY", "mahalla_id": 1726287017, "geonames": "АPU:142910" }, "geometry": { "type": "Point", "coordinates": [ 69.2558995, 41.2804684 ] } },
{ "type": "Feature", "properties": { "osm_id": "5812014710", "highway": "traffic_signals", "Туман": "Яккасарой", "Name": "Бобур кўча", "ID_Geoname": "АPU:56491", "id": 10, "mahalla": "Bobur MFY", "mahalla_id": 1726287017, "geonames": "АPU:142910" }, "geometry": { "type": "Point", "coordinates": [ 69.2588445, 41.273885 ] } },
{ "type": "Feature", "properties": { "osm_id": "2021960876", "highway": "traffic_signals", "Туман": "Яккасарой", "Name": "Нукус кўча", "ID_Geoname": "АPU:282953", "id": 10, "mahalla": "Bobur MFY", "mahalla_id": 1726287017, "geonames": "АPU:142910" }, "geometry": { "type": "Point", "coordinates": [ 69.2592806, 41.2816483 ] } },
{ "type": "Feature", "properties": { "osm_id": "2021960872", "highway": "traffic_signals", "Туман": "Яккасарой", "Name": "Абдулла Қаҳҳор кўча", "ID_Geoname": "АPU:56534", "id": 10, "mahalla": "Bobur MFY", "mahalla_id": 1726287017, "geonames": "АPU:142910" }, "geometry": { "type": "Point", "coordinates": [ 69.2595691, 41.2815462 ] } },
{ "type": "Feature", "properties": { "osm_id": "1966265283", "highway": "traffic_signals", "Туман": "Яккасарой", "Name": "Кичик ҳалқа йўли кўча", "ID_Geoname": "АPU:53596", "id": 10, "mahalla": "Qushbegi MFY", "mahalla_id": 1726287005, "geonames": "АPU:56966" }, "geometry": { "type": "Point", "coordinates": [ 69.2459476, 41.2659461 ] } },
{ "type": "Feature", "properties": { "osm_id": "12026868408", "highway": "traffic_signals", "Туман": "Яккасарой", "Name": "Кичик ҳалқа йўли кўча", "ID_Geoname": "АPU:53596", "id": 10, "mahalla": "Qushbegi MFY", "mahalla_id": 1726287005, "geonames": "АPU:56966" }, "geometry": { "type": "Point", "coordinates": [ 69.2397585, 41.2654277 ] } },
{ "type": "Feature", "properties": { "osm_id": "1966265285", "highway": "traffic_signals", "Туман": "Яккасарой", "Name": "Қушбеги кўча", "ID_Geoname": "АPU:56633", "id": 10, "mahalla": "Qushbegi MFY", "mahalla_id": 1726287005, "geonames": "АPU:56966" }, "geometry": { "type": "Point", "coordinates": [ 69.2462399, 41.2663465 ] } },
{ "type": "Feature", "properties": { "osm_id": "13667224973", "highway": "traffic_signals", "Туман": "Яккасарой", "Name": "Кичик ҳалқа йўли кўча", "ID_Geoname": "АPU:53596", "id": 10, "mahalla": "Qushbegi MFY", "mahalla_id": 1726287005, "geonames": "АPU:56966" }, "geometry": { "type": "Point", "coordinates": [ 69.2419392, 41.2657556 ] } },
{ "type": "Feature", "properties": { "osm_id": "13667224975", "highway": "traffic_signals", "Туман": "Яккасарой", "Name": "Кичик ҳалқа йўли кўча", "ID_Geoname": "АPU:53596", "id": 10, "mahalla": "Qushbegi MFY", "mahalla_id": 1726287005, "geonames": "АPU:56966" }, "geometry": { "type": "Point", "coordinates": [ 69.2414652, 41.2655801 ] } },
{ "type": "Feature", "properties": { "osm_id": "1193845876", "highway": "traffic_signals", "Туман": "Яккасарой", "Name": "Кичик ҳалқа йўли кўча", "ID_Geoname": "АPU:53596", "id": 10, "mahalla": "Qushbegi MFY", "mahalla_id": 1726287005, "geonames": "АPU:56966" }, "geometry": { "type": "Point", "coordinates": [ 69.2401587, 41.2656107 ] } },
{ "type": "Feature", "properties": { "osm_id": "1984730058", "highway": "traffic_signals", "Туман": "Мирзо Улугбек", "Name": "Дўрмон йўли кўча", "ID_Geoname": "АPU:53417", "id": 11, "mahalla": "Olimlar MFY", "mahalla_id": 1726269064, "geonames": "АPU:56691" }, "geometry": { "type": "Point", "coordinates": [ 69.3362546, 41.3402271 ] } },
{ "type": "Feature", "properties": { "osm_id": "4580538719", "highway": "traffic_signals", "Туман": "Мирзо Улугбек", "Name": "Шаҳриобод кўча", "ID_Geoname": "АPU:56241", "id": 11, "mahalla": "Olimlar MFY", "mahalla_id": 1726269064, "geonames": "АPU:56691" }, "geometry": { "type": "Point", "coordinates": [ 69.3446153, 41.3441899 ] } },
{ "type": "Feature", "properties": { "osm_id": "4580538740", "highway": "traffic_signals", "Туман": "Мирзо Улугбек", "Name": "Иброҳим Мўминов кўча", "ID_Geoname": "АPU:53411", "id": 11, "mahalla": "Olimlar MFY", "mahalla_id": 1726269064, "geonames": "АPU:56691" }, "geometry": { "type": "Point", "coordinates": [ 69.3417104, 41.3456508 ] } },
{ "type": "Feature", "properties": { "osm_id": "1909509038", "highway": "traffic_signals", "Туман": "Мирзо Улугбек", "Name": "Мирзо Улуғбек шоҳкўча", "ID_Geoname": "АPU:55025", "id": 11, "mahalla": "Olimlar MFY", "mahalla_id": 1726269064, "geonames": "АPU:56691" }, "geometry": { "type": "Point", "coordinates": [ 69.3393897, 41.3387708 ] } },
{ "type": "Feature", "properties": { "osm_id": "13042472496", "highway": "traffic_signals", "Туман": "Мирзо Улугбек", "Name": "Мирзо Улуғбек шоҳкўча", "ID_Geoname": "АPU:55025", "id": 11, "mahalla": "Olimlar MFY", "mahalla_id": 1726269064, "geonames": "АPU:56691" }, "geometry": { "type": "Point", "coordinates": [ 69.3404697, 41.339794 ] } },
{ "type": "Feature", "properties": { "osm_id": "2066041324", "highway": "traffic_signals", "Туман": "Мирзо Улугбек", "Name": "Гулсанам кўча", "ID_Geoname": "АPU:864512", "id": 11, "mahalla": "Ahillik MFY", "mahalla_id": 1726269020, "geonames": "АPU:56683" }, "geometry": { "type": "Point", "coordinates": [ 69.388067, 41.3536058 ] } },
{ "type": "Feature", "properties": { "osm_id": "2999409856", "highway": "traffic_signals", "Туман": "Мирзо Улугбек", "Name": "Юзработ кўча", "ID_Geoname": "АPU:53465", "id": 11, "mahalla": "Ahillik MFY", "mahalla_id": 1726269020, "geonames": "АPU:56683" }, "geometry": { "type": "Point", "coordinates": [ 69.3855007, 41.3585111 ] } },
{ "type": "Feature", "properties": { "osm_id": "1857864459", "highway": "traffic_signals", "Туман": "Мирзо Улугбек", "Name": "Мустақиллик шоҳ кўча", "ID_Geoname": "АPU:53278", "id": 11, "mahalla": "Asaka MFY", "mahalla_id": 1726269035, "geonames": "АPU:282806" }, "geometry": { "type": "Point", "coordinates": [ 69.2991675, 41.3195819 ] } },
{ "type": "Feature", "properties": { "osm_id": "13317658869", "highway": "traffic_signals", "Туман": "Мирзо Улугбек", "Name": "Осиё кўча", "ID_Geoname": "АPU:56243", "id": 11, "mahalla": "Oqqoʻrgʻon MFY", "mahalla_id": 1726269043, "geonames": "АPU:282814" }, "geometry": { "type": "Point", "coordinates": [ 69.2988185, 41.3250214 ] } },
{ "type": "Feature", "properties": { "osm_id": "4433679967", "highway": "traffic_signals", "Туман": "Мирзо Улугбек", "Name": "Оққўрғон кўча", "ID_Geoname": "АPU:864883", "id": 11, "mahalla": "Oqqoʻrgʻon MFY", "mahalla_id": 1726269043, "geonames": "АPU:282814" }, "geometry": { "type": "Point", "coordinates": [ 69.3041463, 41.3252275 ] } },
{ "type": "Feature", "properties": { "osm_id": "2132138024", "highway": "traffic_signals", "Туман": "Мирзо Улугбек", "Name": "Мустақиллик шоҳ кўча", "ID_Geoname": "АPU:53278", "id": 11, "mahalla": "Buyuk ipak yoʻli MFY", "mahalla_id": 1726269036, "geonames": "АPU:282810" }, "geometry": { "type": "Point", "coordinates": [ 69.3178401, 41.3239701 ] } },
{ "type": "Feature", "properties": { "osm_id": "1901866714", "highway": "traffic_signals", "Туман": "Мирзо Улугбек", "Name": "Мустақиллик шоҳ кўча", "ID_Geoname": "АPU:53278", "id": 11, "mahalla": "Buyuk ipak yoʻli MFY", "mahalla_id": 1726269036, "geonames": "АPU:282810" }, "geometry": { "type": "Point", "coordinates": [ 69.3242373, 41.3255255 ] } },
{ "type": "Feature", "properties": { "osm_id": "2985524536", "highway": "traffic_signals", "Туман": "Мирзо Улугбек", "Name": "Мирзо Улуғбек шоҳкўча", "ID_Geoname": "АPU:55025", "id": 11, "mahalla": "Buyuk ipak yoʻli MFY", "mahalla_id": 1726269036, "geonames": "АPU:282810" }, "geometry": { "type": "Point", "coordinates": [ 69.3260536, 41.326133 ] } },
{ "type": "Feature", "properties": { "osm_id": "4433678898", "highway": "traffic_signals", "Туман": "Мирзо Улугбек", "Name": "Кичик ҳалқа йўли кўча", "ID_Geoname": "АPU:53596", "id": 11, "mahalla": "Oydin MFY", "mahalla_id": 1726269054, "geonames": "АPU:865004" }, "geometry": { "type": "Point", "coordinates": [ 69.3026631, 41.3335149 ] } },
{ "type": "Feature", "properties": { "osm_id": "4433678897", "highway": "traffic_signals", "Туман": "Мирзо Улугбек", "Name": "Оққўрғон кўча", "ID_Geoname": "АPU:864883", "id": 11, "mahalla": "Oydin MFY", "mahalla_id": 1726269054, "geonames": "АPU:865004" }, "geometry": { "type": "Point", "coordinates": [ 69.3030074, 41.333385 ] } },
{ "type": "Feature", "properties": { "osm_id": "4433686713", "highway": "traffic_signals", "Туман": "Мирзо Улугбек", "Name": "Кичик ҳалқа йўли кўча", "ID_Geoname": "АPU:53596", "id": 11, "mahalla": "Oydin MFY", "mahalla_id": 1726269054, "geonames": "АPU:865004" }, "geometry": { "type": "Point", "coordinates": [ 69.3056942, 41.3340264 ] } },
{ "type": "Feature", "properties": { "osm_id": "4433686716", "highway": "traffic_signals", "Туман": "Мирзо Улугбек", "Name": "Кичик ҳалқа йўли кўча", "ID_Geoname": "АPU:53596", "id": 11, "mahalla": "Oydin MFY", "mahalla_id": 1726269054, "geonames": "АPU:865004" }, "geometry": { "type": "Point", "coordinates": [ 69.3060473, 41.3341873 ] } },
{ "type": "Feature", "properties": { "osm_id": "4433678901", "highway": "traffic_signals", "Туман": "Мирзо Улугбек", "Name": "Кичик ҳалқа йўли кўча", "ID_Geoname": "АPU:53596", "id": 11, "mahalla": "Oydin MFY", "mahalla_id": 1726269054, "geonames": "АPU:865004" }, "geometry": { "type": "Point", "coordinates": [ 69.3034322, 41.3337712 ] } },
{ "type": "Feature", "properties": { "osm_id": "6418270127", "highway": "traffic_signals", "Туман": "Мирзо Улугбек", "Name": "Темур Малик кўча", "ID_Geoname": "АPU:53472", "id": 11, "mahalla": "Yangi Avayxon MFY", "mahalla_id": 1726269013, "geonames": "АPU:56692" }, "geometry": { "type": "Point", "coordinates": [ 69.3559182, 41.3168446 ] } },
{ "type": "Feature", "properties": { "osm_id": "2713525594", "highway": "traffic_signals", "Туман": "Мирзо Улугбек", "Name": "Темур Малик кўча", "ID_Geoname": "АPU:53472", "id": 11, "mahalla": "Bogʻimaydon MFY", "mahalla_id": 1726269057, "geonames": "АPU:282809" }, "geometry": { "type": "Point", "coordinates": [ 69.3518048, 41.3509799 ] } },
{ "type": "Feature", "properties": { "osm_id": "13382060348", "highway": "traffic_signals", "Туман": "Мирзо Улугбек", "Name": "Мирзо Улуғбек шоҳкўча", "ID_Geoname": "АPU:55025", "id": 11, "mahalla": "Bogʻimaydon MFY", "mahalla_id": 1726269057, "geonames": "АPU:282809" }, "geometry": { "type": "Point", "coordinates": [ 69.3485785, 41.3474691 ] } },
{ "type": "Feature", "properties": { "osm_id": "8632454441", "highway": "traffic_signals", "Туман": "Мирзо Улугбек", "Name": "Мустақиллик шоҳ кўча", "ID_Geoname": "АPU:53278", "id": 11, "mahalla": "Darxon MFY", "mahalla_id": 1726269037, "geonames": "АPU:56656" }, "geometry": { "type": "Point", "coordinates": [ 69.3090628, 41.3208997 ] } },
{ "type": "Feature", "properties": { "osm_id": "13867451973", "highway": "traffic_signals", "Туман": "Мирзо Улугбек", "Name": "Кичик ҳалқа йўли кўча", "ID_Geoname": "АPU:53596", "id": 11, "mahalla": "Darxon MFY", "mahalla_id": 1726269037, "geonames": "АPU:56656" }, "geometry": { "type": "Point", "coordinates": [ 69.3130144, 41.3317731 ] } },
{ "type": "Feature", "properties": { "osm_id": "8292894293", "highway": "traffic_signals", "Туман": "Мирзо Улугбек", "Name": "Мустақиллик шоҳ кўча", "ID_Geoname": "АPU:53278", "id": 11, "mahalla": "Darxon MFY", "mahalla_id": 1726269037, "geonames": "АPU:56656" }, "geometry": { "type": "Point", "coordinates": [ 69.3093384, 41.3210686 ] } },
{ "type": "Feature", "properties": { "osm_id": "4433679966", "highway": "traffic_signals", "Туман": "Мирзо Улугбек", "Name": "Оққўрғон кўча", "ID_Geoname": "АPU:864883", "id": 11, "mahalla": "Darxon MFY", "mahalla_id": 1726269037, "geonames": "АPU:56656" }, "geometry": { "type": "Point", "coordinates": [ 69.3041868, 41.3245448 ] } },
{ "type": "Feature", "properties": { "osm_id": "4438681014", "highway": "traffic_signals", "Туман": "Мирзо Улугбек", "Name": "Мустақиллик шоҳ кўча", "ID_Geoname": "АPU:53278", "id": 11, "mahalla": "Darxon MFY", "mahalla_id": 1726269037, "geonames": "АPU:56656" }, "geometry": { "type": "Point", "coordinates": [ 69.3100694, 41.3212751 ] } },
{ "type": "Feature", "properties": { "osm_id": "4202364718", "highway": "traffic_signals", "Туман": "Мирзо Улугбек", "Name": "Мустақиллик шоҳ кўча", "ID_Geoname": "АPU:53278", "id": 11, "mahalla": "Darxon MFY", "mahalla_id": 1726269037, "geonames": "АPU:56656" }, "geometry": { "type": "Point", "coordinates": [ 69.3099468, 41.3211036 ] } },
{ "type": "Feature", "properties": { "osm_id": "10589016669", "highway": "traffic_signals", "Туман": "Мирзо Улугбек", "Name": "Мустақиллик шоҳ кўча", "ID_Geoname": "АPU:53278", "id": 11, "mahalla": "Darxon MFY", "mahalla_id": 1726269037, "geonames": "АPU:56656" }, "geometry": { "type": "Point", "coordinates": [ 69.3097465, 41.3209182 ] } },
{ "type": "Feature", "properties": { "osm_id": "10561545837", "highway": "traffic_signals", "Туман": "Мирзо Улугбек", "Name": "Мустақиллик шоҳ кўча", "ID_Geoname": "АPU:53278", "id": 11, "mahalla": "Darxon MFY", "mahalla_id": 1726269037, "geonames": "АPU:56656" }, "geometry": { "type": "Point", "coordinates": [ 69.3093622, 41.3208273 ] } },
{ "type": "Feature", "properties": { "osm_id": "245038598", "highway": "traffic_signals", "Туман": "Мирзо Улугбек", "Name": "Мустақиллик шоҳ кўча", "ID_Geoname": "АPU:53278", "id": 11, "mahalla": "Darxon MFY", "mahalla_id": 1726269037, "geonames": "АPU:56656" }, "geometry": { "type": "Point", "coordinates": [ 69.3037837, 41.3210531 ] } },
{ "type": "Feature", "properties": { "osm_id": "12326680291", "highway": "traffic_signals", "Туман": "Мирзо Улугбек", "Name": "Паркент кўча", "ID_Geoname": "АPU:54762", "id": 11, "mahalla": "Darxon MFY", "mahalla_id": 1726269037, "geonames": "АPU:56656" }, "geometry": { "type": "Point", "coordinates": [ 69.3111561, 41.3190179 ] } },
{ "type": "Feature", "properties": { "osm_id": "12326680291", "highway": "traffic_signals", "Туман": "Мирзо Улугбек", "Name": "Паркент кўча", "ID_Geoname": "АPU:54762", "id": 11, "mahalla": "Darxon MFY", "mahalla_id": 1726269037, "geonames": "АPU:56656" }, "geometry": { "type": "Point", "coordinates": [ 69.3111561, 41.3190179 ] } },
{ "type": "Feature", "properties": { "osm_id": "1952309372", "highway": "traffic_signals", "Туман": "Мирзо Улугбек", "Name": "Мирзо Улуғбек шоҳкўча", "ID_Geoname": "АPU:55025", "id": 11, "mahalla": "Boʻz MFY", "mahalla_id": 1726269058, "geonames": "АPU:56688" }, "geometry": { "type": "Point", "coordinates": [ 69.3302525, 41.3301138 ] } },
{ "type": "Feature", "properties": { "osm_id": "1984730054", "highway": "traffic_signals", "Туман": "Мирзо Улугбек", "Name": "Зиёлилар кўча", "ID_Geoname": "АPU:53413", "id": 11, "mahalla": "Boʻz MFY", "mahalla_id": 1726269058, "geonames": "АPU:56688" }, "geometry": { "type": "Point", "coordinates": [ 69.3357378, 41.3401562 ] } },
{ "type": "Feature", "properties": { "osm_id": "1870439585", "highway": "traffic_signals", "Туман": "Мирзо Улугбек", "Name": "Мирзо Улуғбек шоҳкўча", "ID_Geoname": "АPU:55025", "id": 11, "mahalla": "Boʻz MFY", "mahalla_id": 1726269058, "geonames": "АPU:56688" }, "geometry": { "type": "Point", "coordinates": [ 69.3352259, 41.3348259 ] } },
{ "type": "Feature", "properties": { "osm_id": "1909509035", "highway": "traffic_signals", "Туман": "Мирзо Улугбек", "Name": "Дўрмон йўли кўча", "ID_Geoname": "АPU:53417", "id": 11, "mahalla": "Boʻz MFY", "mahalla_id": 1726269058, "geonames": "АPU:56688" }, "geometry": { "type": "Point", "coordinates": [ 69.3387338, 41.3386265 ] } },
{ "type": "Feature", "properties": { "osm_id": "4580538725", "highway": "traffic_signals", "Туман": "Мирзо Улугбек", "Name": "Шаҳриобод кўча", "ID_Geoname": "АPU:56241", "id": 11, "mahalla": "Habib Abdullayev MFY", "mahalla_id": 1726269067, "geonames": "АPU:282817" }, "geometry": { "type": "Point", "coordinates": [ 69.3405848, 41.3469187 ] } },
{ "type": "Feature", "properties": { "osm_id": "4580538742", "highway": "traffic_signals", "Туман": "Мирзо Улугбек", "Name": "Шаҳриобод кўча", "ID_Geoname": "АPU:56241", "id": 11, "mahalla": "Habib Abdullayev MFY", "mahalla_id": 1726269067, "geonames": "АPU:282817" }, "geometry": { "type": "Point", "coordinates": [ 69.34054, 41.3467209 ] } },
{ "type": "Feature", "properties": { "osm_id": "4580538741", "highway": "traffic_signals", "Туман": "Мирзо Улугбек", "Name": "Шаҳриобод кўча", "ID_Geoname": "АPU:56241", "id": 11, "mahalla": "Habib Abdullayev MFY", "mahalla_id": 1726269067, "geonames": "АPU:282817" }, "geometry": { "type": "Point", "coordinates": [ 69.3420948, 41.3458005 ] } },
{ "type": "Feature", "properties": { "osm_id": "2713525589", "highway": "traffic_signals", "Туман": "Мирзо Улугбек", "Name": "Мирзо Улуғбек шоҳкўча", "ID_Geoname": "АPU:55025", "id": 11, "mahalla": "Habib Abdullayev MFY", "mahalla_id": 1726269067, "geonames": "АPU:282817" }, "geometry": { "type": "Point", "coordinates": [ 69.3452071, 41.3442815 ] } },
{ "type": "Feature", "properties": { "osm_id": "5234331333", "highway": "traffic_signals", "Туман": "Мирзо Улугбек", "Name": "Гулсара кўча", "ID_Geoname": "АPU:53490", "id": 11, "mahalla": "Katta Qorasuv MFY", "mahalla_id": 1726269005, "geonames": "АPU:142913" }, "geometry": { "type": "Point", "coordinates": [ 69.3697761, 41.3351022 ] } },
{ "type": "Feature", "properties": { "osm_id": "5234331330", "highway": "traffic_signals", "Туман": "Мирзо Улугбек", "Name": "Мингбулоқ кўча", "ID_Geoname": "АPU:53479", "id": 11, "mahalla": "Katta Qorasuv MFY", "mahalla_id": 1726269005, "geonames": "АPU:142913" }, "geometry": { "type": "Point", "coordinates": [ 69.3694043, 41.3350744 ] } },
{ "type": "Feature", "properties": { "osm_id": "5234331367", "highway": "traffic_signals", "Туман": "Мирзо Улугбек", "Name": "Мингбулоқ кўча", "ID_Geoname": "АPU:53479", "id": 11, "mahalla": "Katta Qorasuv MFY", "mahalla_id": 1726269005, "geonames": "АPU:142913" }, "geometry": { "type": "Point", "coordinates": [ 69.3608826, 41.3285994 ] } },
{ "type": "Feature", "properties": { "osm_id": "6498392580", "highway": "traffic_signals", "Туман": "Мирзо Улугбек", "Name": "Феруза кўча", "ID_Geoname": "АPU:53438", "id": 11, "mahalla": "Shalola MFY", "mahalla_id": 1726269068, "geonames": "АPU:56674" }, "geometry": { "type": "Point", "coordinates": [ 69.362836, 41.3548319 ] } },
{ "type": "Feature", "properties": { "osm_id": "9652445018", "highway": "traffic_signals", "Туман": "Мирзо Улугбек", "Name": "Феруза кўча", "ID_Geoname": "АPU:53438", "id": 11, "mahalla": "Shalola MFY", "mahalla_id": 1726269068, "geonames": "АPU:56674" }, "geometry": { "type": "Point", "coordinates": [ 69.3686004, 41.3544443 ] } },
{ "type": "Feature", "properties": { "osm_id": "8322636583", "highway": "traffic_signals", "Туман": "Мирзо Улугбек", "Name": "Мовароуннаҳр кўча", "ID_Geoname": "АPU:53285", "id": 11, "mahalla": "Lashkarbegi MFY", "mahalla_id": 1726269038, "geonames": "АPU:56659" }, "geometry": { "type": "Point", "coordinates": [ 69.2928992, 41.3187595 ] } },
{ "type": "Feature", "properties": { "osm_id": "12330734968", "highway": "traffic_signals", "Туман": "Мирзо Улугбек", "Name": "Қори Ниёзий кўча", "ID_Geoname": "АPU:53291", "id": 11, "mahalla": "Lashkarbegi MFY", "mahalla_id": 1726269038, "geonames": "АPU:56659" }, "geometry": { "type": "Point", "coordinates": [ 69.2927092, 41.3187746 ] } },
{ "type": "Feature", "properties": { "osm_id": "12330734969", "highway": "traffic_signals", "Туман": "Мирзо Улугбек", "Name": "Қори Ниёзий кўча", "ID_Geoname": "АPU:53291", "id": 11, "mahalla": "Lashkarbegi MFY", "mahalla_id": 1726269038, "geonames": "АPU:56659" }, "geometry": { "type": "Point", "coordinates": [ 69.2929179, 41.3189069 ] } },
{ "type": "Feature", "properties": { "osm_id": "6418270130", "highway": "traffic_signals", "Туман": "Мирзо Улугбек", "Name": "Темур Малик кўча", "ID_Geoname": "АPU:53472", "id": 11, "mahalla": "Gulsanam MFY", "mahalla_id": 1726269004, "geonames": "АPU:282811" }, "geometry": { "type": "Point", "coordinates": [ 69.3777323, 41.3333781 ] } },
{ "type": "Feature", "properties": { "osm_id": "6418270131", "highway": "traffic_signals", "Туман": "Мирзо Улугбек", "Name": "Темур Малик кўча", "ID_Geoname": "АPU:53472", "id": 11, "mahalla": "Chimyon MFY", "mahalla_id": 1726269010, "geonames": "АPU:282818" }, "geometry": { "type": "Point", "coordinates": [ 69.3778664, 41.3338306 ] } },
{ "type": "Feature", "properties": { "osm_id": "5234331335", "highway": "traffic_signals", "Туман": "Мирзо Улугбек", "Name": "Гулсара кўча", "ID_Geoname": "АPU:53490", "id": 11, "mahalla": "Shukur Burhonov MFY", "mahalla_id": 1726269011, "geonames": "АPU:56673" }, "geometry": { "type": "Point", "coordinates": [ 69.3691381, 41.3354845 ] } },
{ "type": "Feature", "properties": { "osm_id": "13787603453", "highway": "traffic_signals", "Туман": "Мирзо Улугбек", "Name": "Зиёлилар кўча", "ID_Geoname": "АPU:53413", "id": 11, "mahalla": "Oliyhimmat MFY", "mahalla_id": 1726269063, "geonames": "АPU:223793" }, "geometry": { "type": "Point", "coordinates": [ 69.3182624, 41.3360369 ] } },
{ "type": "Feature", "properties": { "osm_id": "9053227407", "highway": "traffic_signals", "Туман": "Мирзо Улугбек", "Name": "Дўрмон йўли кўча", "ID_Geoname": "АPU:53417", "id": 11, "mahalla": "Oliyhimmat MFY", "mahalla_id": 1726269063, "geonames": "АPU:223793" }, "geometry": { "type": "Point", "coordinates": [ 69.3325665, 41.342409 ] } },
{ "type": "Feature", "properties": { "osm_id": "9053227408", "highway": "traffic_signals", "Туман": "Мирзо Улугбек", "Name": "Дўрмон йўли кўча", "ID_Geoname": "АPU:53417", "id": 11, "mahalla": "Oliyhimmat MFY", "mahalla_id": 1726269063, "geonames": "АPU:223793" }, "geometry": { "type": "Point", "coordinates": [ 69.3356148, 41.3404633 ] } },
{ "type": "Feature", "properties": { "osm_id": "4423514711", "highway": "traffic_signals", "Туман": "Мирзо Улугбек", "Name": "Зиёлилар кўча", "ID_Geoname": "АPU:53413", "id": 11, "mahalla": "Oliyhimmat MFY", "mahalla_id": 1726269063, "geonames": "АPU:223793" }, "geometry": { "type": "Point", "coordinates": [ 69.3303586, 41.3376167 ] } },
{ "type": "Feature", "properties": { "osm_id": "4423530746", "highway": "traffic_signals", "Туман": "Мирзо Улугбек", "Name": "Зиёлилар кўча", "ID_Geoname": "АPU:53413", "id": 11, "mahalla": "Oliyhimmat MFY", "mahalla_id": 1726269063, "geonames": "АPU:223793" }, "geometry": { "type": "Point", "coordinates": [ 69.3239992, 41.33682 ] } },
{ "type": "Feature", "properties": { "osm_id": "3428100627", "highway": "traffic_signals", "Туман": "Мирзо Улугбек", "Name": "Зиёлилар кўча", "ID_Geoname": "АPU:53413", "id": 11, "mahalla": "Oliyhimmat MFY", "mahalla_id": 1726269063, "geonames": "АPU:223793" }, "geometry": { "type": "Point", "coordinates": [ 69.3212561, 41.3364718 ] } },
{ "type": "Feature", "properties": { "osm_id": "5817690427", "highway": "traffic_signals", "Туман": "Мирзо Улугбек", "Name": "Дўрмон йўли кўча", "ID_Geoname": "АPU:53417", "id": 11, "mahalla": "Oliyhimmat MFY", "mahalla_id": 1726269063, "geonames": "АPU:223793" }, "geometry": { "type": "Point", "coordinates": [ 69.3247343, 41.3469411 ] } },
{ "type": "Feature", "properties": { "osm_id": "6418270138", "highway": "traffic_signals", "Туман": "Мирзо Улугбек", "Name": "Темур Малик кўча", "ID_Geoname": "АPU:53472", "id": 11, "mahalla": "Shoʻrtepa MFY", "mahalla_id": 1726269012, "geonames": "АPU:56670" }, "geometry": { "type": "Point", "coordinates": [ 69.3659569, 41.3423104 ] } },
{ "type": "Feature", "properties": { "osm_id": "5234331327", "highway": "traffic_signals", "Туман": "Мирзо Улугбек", "Name": "Мингбулоқ кўча", "ID_Geoname": "АPU:53479", "id": 11, "mahalla": "Shoʻrtepa MFY", "mahalla_id": 1726269012, "geonames": "АPU:56670" }, "geometry": { "type": "Point", "coordinates": [ 69.3694824, 41.3356416 ] } },
{ "type": "Feature", "properties": { "osm_id": "13308775501", "highway": "traffic_signals", "Туман": "Мирзо Улугбек", "Name": "Буюк ипак йўли кўча", "ID_Geoname": "АPU:53313", "id": 11, "mahalla": "Shoʻrtepa MFY", "mahalla_id": 1726269012, "geonames": "АPU:56670" }, "geometry": { "type": "Point", "coordinates": [ 69.3600069, 41.3414598 ] } },
{ "type": "Feature", "properties": { "osm_id": "13308770800", "highway": "traffic_signals", "Туман": "Мирзо Улугбек", "Name": "Жасорат кўча", "ID_Geoname": "АPU:53481", "id": 11, "mahalla": "Shoʻrtepa MFY", "mahalla_id": 1726269012, "geonames": "АPU:56670" }, "geometry": { "type": "Point", "coordinates": [ 69.3601788, 41.341463 ] } },
{ "type": "Feature", "properties": { "osm_id": "2999409854", "highway": "traffic_signals", "Туман": "Мирзо Улугбек", "Name": "Гулсанам кўча", "ID_Geoname": "АPU:864512", "id": 11, "mahalla": "Traktorsozlar MFY", "mahalla_id": 1726269024, "geonames": "АPU:56694" }, "geometry": { "type": "Point", "coordinates": [ 69.3860136, 41.3584383 ] } },
{ "type": "Feature", "properties": { "osm_id": "2026752063", "highway": "traffic_signals", "Туман": "Мирзо Улугбек", "Name": "Олтинтепа кўча", "ID_Geoname": "АPU:55039", "id": 11, "mahalla": "Olmachi MFY", "mahalla_id": 1726269044, "geonames": "АPU:56660" }, "geometry": { "type": "Point", "coordinates": [ 69.3315317, 41.3131448 ] } },
{ "type": "Feature", "properties": { "osm_id": "4488591227", "highway": "traffic_signals", "Туман": "Мирзо Улугбек", "Name": "Муҳаммад Юсуф кўча", "ID_Geoname": "АPU:53357", "id": 11, "mahalla": "Olmachi MFY", "mahalla_id": 1726269044, "geonames": "АPU:56660" }, "geometry": { "type": "Point", "coordinates": [ 69.3284718, 41.3150882 ] } },
{ "type": "Feature", "properties": { "osm_id": "5214505005", "highway": "traffic_signals", "Туман": "Мирзо Улугбек", "Name": "Муҳаммад Юсуф кўча", "ID_Geoname": "АPU:53357", "id": 11, "mahalla": "Olmachi MFY", "mahalla_id": 1726269044, "geonames": "АPU:56660" }, "geometry": { "type": "Point", "coordinates": [ 69.3275022, 41.3191535 ] } },
{ "type": "Feature", "properties": { "osm_id": "5214505006", "highway": "traffic_signals", "Туман": "Мирзо Улугбек", "Name": "Бўзбозор кўча", "ID_Geoname": "АPU:53358", "id": 11, "mahalla": "Olmachi MFY", "mahalla_id": 1726269044, "geonames": "АPU:56660" }, "geometry": { "type": "Point", "coordinates": [ 69.3276423, 41.3192929 ] } },
{ "type": "Feature", "properties": { "osm_id": "5214505007", "highway": "traffic_signals", "Туман": "Мирзо Улугбек", "Name": "Муҳаммад Юсуф кўча", "ID_Geoname": "АPU:53357", "id": 11, "mahalla": "Olmachi MFY", "mahalla_id": 1726269044, "geonames": "АPU:56660" }, "geometry": { "type": "Point", "coordinates": [ 69.3273503, 41.31936 ] } },
{ "type": "Feature", "properties": { "osm_id": "5214505008", "highway": "traffic_signals", "Туман": "Мирзо Улугбек", "Name": "Бўзбозор кўча", "ID_Geoname": "АPU:53358", "id": 11, "mahalla": "Olmachi MFY", "mahalla_id": 1726269044, "geonames": "АPU:56660" }, "geometry": { "type": "Point", "coordinates": [ 69.327305, 41.3192465 ] } },
{ "type": "Feature", "properties": { "osm_id": "13308770766", "highway": "traffic_signals", "Туман": "Мирзо Улугбек", "Name": "Аҳмад Югнакий кўча", "ID_Geoname": "АPU:283137", "id": 11, "mahalla": "Al-Forobiy MFY", "mahalla_id": 1726269019, "geonames": "АPU:56693" }, "geometry": { "type": "Point", "coordinates": [ 69.3921115, 41.3466551 ] } },
{ "type": "Feature", "properties": { "osm_id": "13308770782", "highway": "traffic_signals", "Туман": "Мирзо Улугбек", "Name": "Ҳумоюн кўча", "ID_Geoname": "АPU:57042", "id": 11, "mahalla": "Al-Forobiy MFY", "mahalla_id": 1726269019, "geonames": "АPU:56693" }, "geometry": { "type": "Point", "coordinates": [ 69.3920425, 41.3462982 ] } },
{ "type": "Feature", "properties": { "osm_id": "13308770777", "highway": "traffic_signals", "Туман": "Мирзо Улугбек", "Name": "Ҳумоюн кўча", "ID_Geoname": "АPU:57042", "id": 11, "mahalla": "Al-Forobiy MFY", "mahalla_id": 1726269019, "geonames": "АPU:56693" }, "geometry": { "type": "Point", "coordinates": [ 69.3853918, 41.3444782 ] } },
{ "type": "Feature", "properties": { "osm_id": "13308770778", "highway": "traffic_signals", "Туман": "Мирзо Улугбек", "Name": "Ҳумоюн кўча", "ID_Geoname": "АPU:57042", "id": 11, "mahalla": "Al-Forobiy MFY", "mahalla_id": 1726269019, "geonames": "АPU:56693" }, "geometry": { "type": "Point", "coordinates": [ 69.3859511, 41.3444771 ] } },
{ "type": "Feature", "properties": { "osm_id": "6418270134", "highway": "traffic_signals", "Туман": "Мирзо Улугбек", "Name": "Темур Малик кўча", "ID_Geoname": "АPU:53472", "id": 11, "mahalla": "Yalangʻoch MFY", "mahalla_id": 1726269029, "geonames": "АPU:56671" }, "geometry": { "type": "Point", "coordinates": [ 69.3667015, 41.3421004 ] } },
{ "type": "Feature", "properties": { "osm_id": "2713525593", "highway": "traffic_signals", "Туман": "Мирзо Улугбек", "Name": "Темур Малик кўча", "ID_Geoname": "АPU:53472", "id": 11, "mahalla": "Yalangʻoch MFY", "mahalla_id": 1726269029, "geonames": "АPU:56671" }, "geometry": { "type": "Point", "coordinates": [ 69.3525971, 41.3506238 ] } },
{ "type": "Feature", "properties": { "osm_id": "9748579539", "highway": "traffic_signals", "Туман": "Мирзо Улугбек", "Name": "Шўртепа-2 тор кўча", "ID_Geoname": "АPU:864718", "id": 11, "mahalla": "Yalangʻoch MFY", "mahalla_id": 1726269029, "geonames": "АPU:56671" }, "geometry": { "type": "Point", "coordinates": [ 69.364546, 41.3455471 ] } },
{ "type": "Feature", "properties": { "osm_id": "9748579540", "highway": "traffic_signals", "Туман": "Мирзо Улугбек", "Name": "Шўртепа-2 тор кўча", "ID_Geoname": "АPU:864718", "id": 11, "mahalla": "Yalangʻoch MFY", "mahalla_id": 1726269029, "geonames": "АPU:56671" }, "geometry": { "type": "Point", "coordinates": [ 69.3642214, 41.3457381 ] } },
{ "type": "Feature", "properties": { "osm_id": "9748579537", "highway": "traffic_signals", "Туман": "Мирзо Улугбек", "Name": "Буюк ипак йўли кўча", "ID_Geoname": "АPU:53313", "id": 11, "mahalla": "Yalangʻoch MFY", "mahalla_id": 1726269029, "geonames": "АPU:56671" }, "geometry": { "type": "Point", "coordinates": [ 69.3643617, 41.3455337 ] } },
{ "type": "Feature", "properties": { "osm_id": "9748579538", "highway": "traffic_signals", "Туман": "Мирзо Улугбек", "Name": "Буюк ипак йўли кўча", "ID_Geoname": "АPU:53313", "id": 11, "mahalla": "Yalangʻoch MFY", "mahalla_id": 1726269029, "geonames": "АPU:56671" }, "geometry": { "type": "Point", "coordinates": [ 69.3644353, 41.3457043 ] } },
{ "type": "Feature", "properties": { "osm_id": "9053227410", "highway": "traffic_signals", "Туман": "Мирзо Улугбек", "Name": "Дўрмон йўли кўча", "ID_Geoname": "АPU:53417", "id": 11, "mahalla": "Navnihol MFY", "mahalla_id": 1726269061, "geonames": "АPU:56663" }, "geometry": { "type": "Point", "coordinates": [ 69.3330391, 41.3422086 ] } },
{ "type": "Feature", "properties": { "osm_id": "4580538728", "highway": "traffic_signals", "Туман": "Мирзо Улугбек", "Name": "Шаҳриобод кўча", "ID_Geoname": "АPU:56241", "id": 11, "mahalla": "Navnihol MFY", "mahalla_id": 1726269061, "geonames": "АPU:56663" }, "geometry": { "type": "Point", "coordinates": [ 69.3400859, 41.3468744 ] } },
{ "type": "Feature", "properties": { "osm_id": "4580538724", "highway": "traffic_signals", "Туман": "Мирзо Улугбек", "Name": "Қоракўл кўча", "ID_Geoname": "АPU:864527", "id": 11, "mahalla": "Navnihol MFY", "mahalla_id": 1726269061, "geonames": "АPU:56663" }, "geometry": { "type": "Point", "coordinates": [ 69.3400428, 41.3466518 ] } },
{ "type": "Feature", "properties": { "osm_id": "4580538722", "highway": "traffic_signals", "Туман": "Мирзо Улугбек", "Name": "Шаҳриобод кўча", "ID_Geoname": "АPU:56241", "id": 11, "mahalla": "Navnihol MFY", "mahalla_id": 1726269061, "geonames": "АPU:56663" }, "geometry": { "type": "Point", "coordinates": [ 69.3416526, 41.345946 ] } },
{ "type": "Feature", "properties": { "osm_id": "5817690426", "highway": "traffic_signals", "Туман": "Мирзо Улугбек", "Name": "Дўрмон йўли кўча", "ID_Geoname": "АPU:53417", "id": 11, "mahalla": "Navnihol MFY", "mahalla_id": 1726269061, "geonames": "АPU:56663" }, "geometry": { "type": "Point", "coordinates": [ 69.3251447, 41.3468254 ] } },
{ "type": "Feature", "properties": { "osm_id": "13317658868", "highway": "traffic_signals", "Туман": "Мирзо Улугбек", "Name": "Осиё кўча", "ID_Geoname": "АPU:56243", "id": 11, "mahalla": "Hamid Olimjon MFY", "mahalla_id": 1726269047, "geonames": "АPU:56655" }, "geometry": { "type": "Point", "coordinates": [ 69.2991698, 41.3249338 ] } },
{ "type": "Feature", "properties": { "osm_id": "1984703935", "highway": "traffic_signals", "Туман": "Мирзо Улугбек", "Name": "Оққўрғон кўча", "ID_Geoname": "АPU:864883", "id": 11, "mahalla": "Hamid Olimjon MFY", "mahalla_id": 1726269047, "geonames": "АPU:56655" }, "geometry": { "type": "Point", "coordinates": [ 69.30315, 41.3213991 ] } },
{ "type": "Feature", "properties": { "osm_id": "1857864462", "highway": "traffic_signals", "Туман": "Мирзо Улугбек", "Name": "Мустақиллик шоҳ кўча", "ID_Geoname": "АPU:53278", "id": 11, "mahalla": "Hamid Olimjon MFY", "mahalla_id": 1726269047, "geonames": "АPU:56655" }, "geometry": { "type": "Point", "coordinates": [ 69.2992974, 41.3197702 ] } },
{ "type": "Feature", "properties": { "osm_id": "358019078", "highway": "traffic_signals", "Туман": "Мирзо Улугбек", "Name": "Осиё кўча", "ID_Geoname": "АPU:56243", "id": 11, "mahalla": "Hamid Olimjon MFY", "mahalla_id": 1726269047, "geonames": "АPU:56655" }, "geometry": { "type": "Point", "coordinates": [ 69.3037275, 41.3250162 ] } },
{ "type": "Feature", "properties": { "osm_id": "1967979403", "highway": "traffic_signals", "Туман": "Мирзо Улугбек", "Name": "Мирзо Улуғбек шоҳкўча", "ID_Geoname": "АPU:55025", "id": 11, "mahalla": "Katta Yalangʻochota MFY", "mahalla_id": 1726269060, "geonames": "АPU:56677" }, "geometry": { "type": "Point", "coordinates": [ 69.3568686, 41.3550072 ] } },
{ "type": "Feature", "properties": { "osm_id": "2713525595", "highway": "traffic_signals", "Туман": "Мирзо Улугбек", "Name": "Мирзо Улуғбек шоҳкўча", "ID_Geoname": "АPU:55025", "id": 11, "mahalla": "Katta Yalangʻochota MFY", "mahalla_id": 1726269060, "geonames": "АPU:56677" }, "geometry": { "type": "Point", "coordinates": [ 69.3524799, 41.3510798 ] } },
{ "type": "Feature", "properties": { "osm_id": "13339363460", "highway": "traffic_signals", "Туман": "Мирзо Улугбек", "Name": "Темур Малик кўча", "ID_Geoname": "АPU:53472", "id": 11, "mahalla": "Katta Yalangʻochota MFY", "mahalla_id": 1726269060, "geonames": "АPU:56677" }, "geometry": { "type": "Point", "coordinates": [ 69.3444165, 41.3556448 ] } },
{ "type": "Feature", "properties": { "osm_id": "2999409861", "highway": "traffic_signals", "Туман": "Мирзо Улугбек", "Name": "Юзработ кўча", "ID_Geoname": "АPU:53465", "id": 11, "mahalla": "Azamat MFY", "mahalla_id": 1726269018, "geonames": "АPU:56669" }, "geometry": { "type": "Point", "coordinates": [ 69.3861728, 41.3588206 ] } },
{ "type": "Feature", "properties": { "osm_id": "2999409863", "highway": "traffic_signals", "Туман": "Мирзо Улугбек", "Name": "Гулсанам кўча", "ID_Geoname": "АPU:864512", "id": 11, "mahalla": "Azamat MFY", "mahalla_id": 1726269018, "geonames": "АPU:56669" }, "geometry": { "type": "Point", "coordinates": [ 69.3857931, 41.3589268 ] } },
{ "type": "Feature", "properties": { "osm_id": "4349464435", "highway": "traffic_signals", "Туман": "Мирзо Улугбек", "Name": "Олтинтепа кўча", "ID_Geoname": "АPU:55039", "id": 11, "mahalla": "Oltintepa MFY", "mahalla_id": 1726269008, "geonames": "АPU:56662" }, "geometry": { "type": "Point", "coordinates": [ 69.3369727, 41.3161158 ] } },
{ "type": "Feature", "properties": { "osm_id": "4180947975", "highway": "traffic_signals", "Туман": "Мирзо Улугбек", "Name": "Археология кўча", "ID_Geoname": "АPU:53376", "id": 11, "mahalla": "Oltintepa MFY", "mahalla_id": 1726269008, "geonames": "АPU:56662" }, "geometry": { "type": "Point", "coordinates": [ 69.337251, 41.3161605 ] } },
{ "type": "Feature", "properties": { "osm_id": "4180947982", "highway": "traffic_signals", "Туман": "Мирзо Улугбек", "Name": "Олтинтепа кўча", "ID_Geoname": "АPU:55039", "id": 11, "mahalla": "Oltintepa MFY", "mahalla_id": 1726269008, "geonames": "АPU:56662" }, "geometry": { "type": "Point", "coordinates": [ 69.3372279, 41.3163757 ] } },
{ "type": "Feature", "properties": { "osm_id": "13389302222", "highway": "traffic_signals", "Туман": "Мирзо Улугбек", "Name": "Олтинтепа кўча", "ID_Geoname": "АPU:55039", "id": 11, "mahalla": "Oltintepa MFY", "mahalla_id": 1726269008, "geonames": "АPU:56662" }, "geometry": { "type": "Point", "coordinates": [ 69.3390938, 41.3176699 ] } },
{ "type": "Feature", "properties": { "osm_id": "13389302223", "highway": "traffic_signals", "Туман": "Мирзо Улугбек", "Name": "Олтинтепа кўча", "ID_Geoname": "АPU:55039", "id": 11, "mahalla": "Oltintepa MFY", "mahalla_id": 1726269008, "geonames": "АPU:56662" }, "geometry": { "type": "Point", "coordinates": [ 69.3393105, 41.3179039 ] } },
{ "type": "Feature", "properties": { "osm_id": "1952309330", "highway": "traffic_signals", "Туман": "Мирзо Улугбек", "Name": "Мирзо Улуғбек шоҳкўча", "ID_Geoname": "АPU:55025", "id": 11, "mahalla": "Turon MFY", "mahalla_id": 1726269046, "geonames": "АPU:56690" }, "geometry": { "type": "Point", "coordinates": [ 69.3201995, 41.3203374 ] } },
{ "type": "Feature", "properties": { "osm_id": "1140715472", "highway": "traffic_signals", "Туман": "Мирзо Улугбек", "Name": "Мунавварқори кўча", "ID_Geoname": "АPU:283128", "id": 11, "mahalla": "Uygʻonish MFY", "mahalla_id": 1726269025, "geonames": "АPU:56689" }, "geometry": { "type": "Point", "coordinates": [ 69.3792334, 41.3569183 ] } },
{ "type": "Feature", "properties": { "osm_id": "9672574359", "highway": "traffic_signals", "Туман": "Мирзо Улугбек", "Name": "Юзработ кўча", "ID_Geoname": "АPU:53465", "id": 11, "mahalla": "Uygʻonish MFY", "mahalla_id": 1726269025, "geonames": "АPU:56689" }, "geometry": { "type": "Point", "coordinates": [ 69.3822468, 41.3578751 ] } },
{ "type": "Feature", "properties": { "osm_id": "9672574360", "highway": "traffic_signals", "Туман": "Мирзо Улугбек", "Name": "Юзработ кўча", "ID_Geoname": "АPU:53465", "id": 11, "mahalla": "Uygʻonish MFY", "mahalla_id": 1726269025, "geonames": "АPU:56689" }, "geometry": { "type": "Point", "coordinates": [ 69.3820627, 41.3576943 ] } },
{ "type": "Feature", "properties": { "osm_id": "2713521357", "highway": "traffic_signals", "Туман": "Мирзо Улугбек", "Name": "Мунавварқори кўча", "ID_Geoname": "АPU:283128", "id": 11, "mahalla": "Munavvarqori MFY", "mahalla_id": 1726269023, "geonames": "АPU:142914" }, "geometry": { "type": "Point", "coordinates": [ 69.3774574, 41.3559986 ] } },
{ "type": "Feature", "properties": { "osm_id": "9672574370", "highway": "traffic_signals", "Туман": "Мирзо Улугбек", "Name": "Мунавварқори кўча", "ID_Geoname": "АPU:283128", "id": 11, "mahalla": "Munavvarqori MFY", "mahalla_id": 1726269023, "geonames": "АPU:142914" }, "geometry": { "type": "Point", "coordinates": [ 69.3795509, 41.3571938 ] } },
{ "type": "Feature", "properties": { "osm_id": "2084418441", "highway": "traffic_signals", "Туман": "Мирзо Улугбек", "Name": "Юзработ кўча", "ID_Geoname": "АPU:53465", "id": 11, "mahalla": "Yuzrabot MFY", "mahalla_id": 1726269028, "geonames": "АPU:56684" }, "geometry": { "type": "Point", "coordinates": [ 69.3925667, 41.3630367 ] } },
{ "type": "Feature", "properties": { "osm_id": "13787603452", "highway": "traffic_signals", "Туман": "Мирзо Улугбек", "Name": "Зиёлилар кўча", "ID_Geoname": "АPU:53413", "id": 11, "mahalla": "Sayram MFY", "mahalla_id": 1726269065, "geonames": "АPU:56666" }, "geometry": { "type": "Point", "coordinates": [ 69.3178959, 41.3358904 ] } },
{ "type": "Feature", "properties": { "osm_id": "4423514706", "highway": "traffic_signals", "Туман": "Мирзо Улугбек", "Name": "Зиёлилар кўча", "ID_Geoname": "АPU:53413", "id": 11, "mahalla": "Sayram MFY", "mahalla_id": 1726269065, "geonames": "АPU:56666" }, "geometry": { "type": "Point", "coordinates": [ 69.3300272, 41.3374719 ] } },
{ "type": "Feature", "properties": { "osm_id": "4423514704", "highway": "traffic_signals", "Туман": "Мирзо Улугбек", "Name": "Қаландар кўча", "ID_Geoname": "АPU:53439", "id": 11, "mahalla": "Sayram MFY", "mahalla_id": 1726269065, "geonames": "АPU:56666" }, "geometry": { "type": "Point", "coordinates": [ 69.3301648, 41.3373183 ] } },
{ "type": "Feature", "properties": { "osm_id": "4423530741", "highway": "traffic_signals", "Туман": "Мирзо Улугбек", "Name": "Зиёлилар кўча", "ID_Geoname": "АPU:53413", "id": 11, "mahalla": "Sayram MFY", "mahalla_id": 1726269065, "geonames": "АPU:56666" }, "geometry": { "type": "Point", "coordinates": [ 69.323347, 41.3366245 ] } },
{ "type": "Feature", "properties": { "osm_id": "3428100626", "highway": "traffic_signals", "Туман": "Мирзо Улугбек", "Name": "Зиёлилар кўча", "ID_Geoname": "АPU:53413", "id": 11, "mahalla": "Sayram MFY", "mahalla_id": 1726269065, "geonames": "АPU:56666" }, "geometry": { "type": "Point", "coordinates": [ 69.3206722, 41.3362795 ] } },
{ "type": "Feature", "properties": { "osm_id": "1968158002", "highway": "traffic_signals", "Туман": "Мирзо Улугбек", "Name": "Буюк ипак йўли кўча", "ID_Geoname": "АPU:53313", "id": 11, "mahalla": "Elobod MFY", "mahalla_id": 1726269049, "geonames": "АPU:219645" }, "geometry": { "type": "Point", "coordinates": [ 69.3263732, 41.3258355 ] } },
{ "type": "Feature", "properties": { "osm_id": "1096650823", "highway": "traffic_signals", "Туман": "Мирзо Улугбек", "Name": "Мирзо Улуғбек шоҳкўча", "ID_Geoname": "АPU:55025", "id": 11, "mahalla": "Elobod MFY", "mahalla_id": 1726269049, "geonames": "АPU:219645" }, "geometry": { "type": "Point", "coordinates": [ 69.330286, 41.3298981 ] } },
{ "type": "Feature", "properties": { "osm_id": "7118813052", "highway": "traffic_signals", "Туман": "Мирзо Улугбек", "Name": "Буюк ипак йўли кўча", "ID_Geoname": "АPU:53313", "id": 11, "mahalla": "Elobod MFY", "mahalla_id": 1726269049, "geonames": "АPU:219645" }, "geometry": { "type": "Point", "coordinates": [ 69.3328248, 41.3267074 ] } },
{ "type": "Feature", "properties": { "osm_id": "2132138021", "highway": "traffic_signals", "Туман": "Мирзо Улугбек", "Name": "Мустақиллик шоҳ кўча", "ID_Geoname": "АPU:53278", "id": 11, "mahalla": "Yangi Olmachi MFY", "mahalla_id": 1726269055, "geonames": "АPU:865006" }, "geometry": { "type": "Point", "coordinates": [ 69.3175531, 41.3237148 ] } },
{ "type": "Feature", "properties": { "osm_id": "1952309327", "highway": "traffic_signals", "Туман": "Мирзо Улугбек", "Name": "Мирзо Улуғбек шоҳкўча", "ID_Geoname": "АPU:55025", "id": 11, "mahalla": "Yangi Olmachi MFY", "mahalla_id": 1726269055, "geonames": "АPU:865006" }, "geometry": { "type": "Point", "coordinates": [ 69.3167412, 41.3172881 ] } },
{ "type": "Feature", "properties": { "osm_id": "1952309327", "highway": "traffic_signals", "Туман": "Мирзо Улугбек", "Name": "Мирзо Улуғбек шоҳкўча", "ID_Geoname": "АPU:55025", "id": 11, "mahalla": "Yangi Olmachi MFY", "mahalla_id": 1726269055, "geonames": "АPU:865006" }, "geometry": { "type": "Point", "coordinates": [ 69.3167412, 41.3172881 ] } },
{ "type": "Feature", "properties": { "osm_id": "1952309345", "highway": "traffic_signals", "Туман": "Мирзо Улугбек", "Name": "Мирзо Улуғбек шоҳкўча", "ID_Geoname": "АPU:55025", "id": 11, "mahalla": "Yangi Olmachi MFY", "mahalla_id": 1726269055, "geonames": "АPU:865006" }, "geometry": { "type": "Point", "coordinates": [ 69.32034, 41.3207076 ] } },
{ "type": "Feature", "properties": { "osm_id": "1968157992", "highway": "traffic_signals", "Туман": "Мирзо Улугбек", "Name": "Мирзо Улуғбек шоҳкўча", "ID_Geoname": "АPU:55025", "id": 11, "mahalla": "Yangi Olmachi MFY", "mahalla_id": 1726269055, "geonames": "АPU:865006" }, "geometry": { "type": "Point", "coordinates": [ 69.3256617, 41.3255182 ] } },
{ "type": "Feature", "properties": { "osm_id": "1901876061", "highway": "traffic_signals", "Туман": "Мирзо Улугбек", "Name": "Мирзо Улуғбек шоҳкўча", "ID_Geoname": "АPU:55025", "id": 11, "mahalla": "Yangi Olmachi MFY", "mahalla_id": 1726269055, "geonames": "АPU:865006" }, "geometry": { "type": "Point", "coordinates": [ 69.3246988, 41.3246063 ] } },
{ "type": "Feature", "properties": { "osm_id": "1901876062", "highway": "traffic_signals", "Туман": "Мирзо Улугбек", "Name": "Мирзо Улуғбек шоҳкўча", "ID_Geoname": "АPU:55025", "id": 11, "mahalla": "Yangi Olmachi MFY", "mahalla_id": 1726269055, "geonames": "АPU:865006" }, "geometry": { "type": "Point", "coordinates": [ 69.3246814, 41.3248312 ] } },
{ "type": "Feature", "properties": { "osm_id": "1901866711", "highway": "traffic_signals", "Туман": "Мирзо Улугбек", "Name": "Мустақиллик шоҳ кўча", "ID_Geoname": "АPU:53278", "id": 11, "mahalla": "Yangi Olmachi MFY", "mahalla_id": 1726269055, "geonames": "АPU:865006" }, "geometry": { "type": "Point", "coordinates": [ 69.3240957, 41.3254035 ] } },
{ "type": "Feature", "properties": { "osm_id": "2985524535", "highway": "traffic_signals", "Туман": "Мирзо Улугбек", "Name": "Мустақиллик шоҳ кўча", "ID_Geoname": "АPU:53278", "id": 11, "mahalla": "Yangi Olmachi MFY", "mahalla_id": 1726269055, "geonames": "АPU:865006" }, "geometry": { "type": "Point", "coordinates": [ 69.325158, 41.3255554 ] } },
{ "type": "Feature", "properties": { "osm_id": "1976666298", "highway": "traffic_signals", "Туман": "Мирзо Улугбек", "Name": "Темур Малик кўча", "ID_Geoname": "АPU:53472", "id": 11, "mahalla": "Avayxon MFY", "mahalla_id": 1726269001, "geonames": "АPU:56664" }, "geometry": { "type": "Point", "coordinates": [ 69.3620156, 41.3211611 ] } },
{ "type": "Feature", "properties": { "osm_id": "3457075076", "highway": "traffic_signals", "Туман": "Мирзо Улугбек", "Name": "Темур Малик кўча", "ID_Geoname": "АPU:53472", "id": 11, "mahalla": "Avayxon MFY", "mahalla_id": 1726269001, "geonames": "АPU:56664" }, "geometry": { "type": "Point", "coordinates": [ 69.3644469, 41.3227076 ] } },
{ "type": "Feature", "properties": { "osm_id": "13448637065", "highway": "traffic_signals", "Туман": "Мирзо Улугбек", "Name": "Темур Малик кўча", "ID_Geoname": "АPU:53472", "id": 11, "mahalla": "Avayxon MFY", "mahalla_id": 1726269001, "geonames": "АPU:56664" }, "geometry": { "type": "Point", "coordinates": [ 69.3454122, 41.3107768 ] } },
{ "type": "Feature", "properties": { "osm_id": "8269641700", "highway": "traffic_signals", "Туман": "Мирзо Улугбек", "Name": "Буюк ипак йўли тор кўча", "ID_Geoname": "АPU:53375", "id": 11, "mahalla": "Alpomish MFY", "mahalla_id": 1726269003, "geonames": "АPU:56668" }, "geometry": { "type": "Point", "coordinates": [ 69.3363403, 41.3272209 ] } },
{ "type": "Feature", "properties": { "osm_id": "8269641703", "highway": "traffic_signals", "Туман": "Мирзо Улугбек", "Name": "Буюк ипак йўли кўча", "ID_Geoname": "АPU:53313", "id": 11, "mahalla": "Alpomish MFY", "mahalla_id": 1726269003, "geonames": "АPU:56668" }, "geometry": { "type": "Point", "coordinates": [ 69.3365546, 41.3272083 ] } },
{ "type": "Feature", "properties": { "osm_id": "1870439579", "highway": "traffic_signals", "Туман": "Мирзо Улугбек", "Name": "Мирзо Улуғбек шоҳкўча", "ID_Geoname": "АPU:55025", "id": 11, "mahalla": "Alpomish MFY", "mahalla_id": 1726269003, "geonames": "АPU:56668" }, "geometry": { "type": "Point", "coordinates": [ 69.3351694, 41.3345208 ] } },
{ "type": "Feature", "properties": { "osm_id": "1909509026", "highway": "traffic_signals", "Туман": "Мирзо Улугбек", "Name": "Мирзо Улуғбек шоҳкўча", "ID_Geoname": "АPU:55025", "id": 11, "mahalla": "Alpomish MFY", "mahalla_id": 1726269003, "geonames": "АPU:56668" }, "geometry": { "type": "Point", "coordinates": [ 69.338912, 41.3380634 ] } },
{ "type": "Feature", "properties": { "osm_id": "13308775508", "highway": "traffic_signals", "Туман": "Мирзо Улугбек", "Name": "Буюк ипак йўли кўча", "ID_Geoname": "АPU:53313", "id": 11, "mahalla": "Alpomish MFY", "mahalla_id": 1726269003, "geonames": "АPU:56668" }, "geometry": { "type": "Point", "coordinates": [ 69.3439791, 41.3282402 ] } },
{ "type": "Feature", "properties": { "osm_id": "3455231896", "highway": "traffic_signals", "Туман": "Мирзо Улугбек", "Name": "Ғазалкент кўча", "ID_Geoname": "АPU:53332", "id": 11, "mahalla": "Alpomish MFY", "mahalla_id": 1726269003, "geonames": "АPU:56668" }, "geometry": { "type": "Point", "coordinates": [ 69.354582, 41.3288455 ] } },
{ "type": "Feature", "properties": { "osm_id": "3169945704", "highway": "traffic_signals", "Туман": "Мирзо Улугбек", "Name": "Буюк ипак йўли кўча", "ID_Geoname": "АPU:53313", "id": 11, "mahalla": "Alpomish MFY", "mahalla_id": 1726269003, "geonames": "АPU:56668" }, "geometry": { "type": "Point", "coordinates": [ 69.3395645, 41.3276166 ] } },
{ "type": "Feature", "properties": { "osm_id": "3455230898", "highway": "traffic_signals", "Туман": "Мирзо Улугбек", "Name": "Ғазалкент кўча", "ID_Geoname": "АPU:53332", "id": 11, "mahalla": "Alpomish MFY", "mahalla_id": 1726269003, "geonames": "АPU:56668" }, "geometry": { "type": "Point", "coordinates": [ 69.3549617, 41.3292621 ] } },
{ "type": "Feature", "properties": { "osm_id": "1145290985", "highway": "traffic_signals", "Туман": "Мирзо Улугбек", "Name": "Дўрмон йўли кўча", "ID_Geoname": "АPU:53417", "id": 11, "mahalla": "Alpomish MFY", "mahalla_id": 1726269003, "geonames": "АPU:56668" }, "geometry": { "type": "Point", "coordinates": [ 69.354482, 41.3291254 ] } },
{ "type": "Feature", "properties": { "osm_id": "13906773674", "highway": "traffic_signals", "Туман": "Мирзо Улугбек", "Name": "Буюк ипак йўли кўча", "ID_Geoname": "АPU:53313", "id": 11, "mahalla": "Podshobogʻ MFY", "mahalla_id": 1726269045, "geonames": "АPU:282815" }, "geometry": { "type": "Point", "coordinates": [ 69.3360757, 41.3270496 ] } },
{ "type": "Feature", "properties": { "osm_id": "3169945707", "highway": "traffic_signals", "Туман": "Мирзо Улугбек", "Name": "Буюк ипак йўли кўча", "ID_Geoname": "АPU:53313", "id": 11, "mahalla": "Podshobogʻ MFY", "mahalla_id": 1726269045, "geonames": "АPU:282815" }, "geometry": { "type": "Point", "coordinates": [ 69.3433256, 41.328049 ] } },
{ "type": "Feature", "properties": { "osm_id": "3169945705", "highway": "traffic_signals", "Туман": "Мирзо Улугбек", "Name": "Салом кўча", "ID_Geoname": "АPU:53335", "id": 11, "mahalla": "Podshobogʻ MFY", "mahalla_id": 1726269045, "geonames": "АPU:282815" }, "geometry": { "type": "Point", "coordinates": [ 69.343697, 41.3278998 ] } },
{ "type": "Feature", "properties": { "osm_id": "3169945698", "highway": "traffic_signals", "Туман": "Мирзо Улугбек", "Name": "Буюк ипак йўли кўча", "ID_Geoname": "АPU:53313", "id": 11, "mahalla": "Podshobogʻ MFY", "mahalla_id": 1726269045, "geonames": "АPU:282815" }, "geometry": { "type": "Point", "coordinates": [ 69.3386559, 41.3273997 ] } },
{ "type": "Feature", "properties": { "osm_id": "3169945692", "highway": "traffic_signals", "Туман": "Мирзо Улугбек", "Name": "Саёҳат кўча", "ID_Geoname": "АPU:53387", "id": 11, "mahalla": "Podshobogʻ MFY", "mahalla_id": 1726269045, "geonames": "АPU:282815" }, "geometry": { "type": "Point", "coordinates": [ 69.3388744, 41.3272141 ] } },
{ "type": "Feature", "properties": { "osm_id": "7118813053", "highway": "traffic_signals", "Туман": "Мирзо Улугбек", "Name": "Буюк ипак йўли кўча", "ID_Geoname": "АPU:53313", "id": 11, "mahalla": "Podshobogʻ MFY", "mahalla_id": 1726269045, "geonames": "АPU:282815" }, "geometry": { "type": "Point", "coordinates": [ 69.3320148, 41.3264975 ] } },
{ "type": "Feature", "properties": { "osm_id": "6863201066", "highway": "traffic_signals", "Туман": "Мирзо Улугбек", "Name": "Хирмонтепа кўча", "ID_Geoname": "АPU:53343", "id": 11, "mahalla": "Podshobogʻ MFY", "mahalla_id": 1726269045, "geonames": "АPU:282815" }, "geometry": { "type": "Point", "coordinates": [ 69.3324081, 41.3263304 ] } },
{ "type": "Feature", "properties": { "osm_id": "4479749020", "highway": "traffic_signals", "Туман": "Мирзо Улугбек", "Name": "Олтинтепа кўча", "ID_Geoname": "АPU:55039", "id": 11, "mahalla": "Katta Oltintepa MFY", "mahalla_id": 1726269006, "geonames": "АPU:56657" }, "geometry": { "type": "Point", "coordinates": [ 69.3429934, 41.3205279 ] } },
{ "type": "Feature", "properties": { "osm_id": "11339340401", "highway": "traffic_signals", "Туман": "Мирзо Улугбек", "Name": "Олтинтепа кўча", "ID_Geoname": "АPU:55039", "id": 11, "mahalla": "Katta Oltintepa MFY", "mahalla_id": 1726269006, "geonames": "АPU:56657" }, "geometry": { "type": "Point", "coordinates": [ 69.3474687, 41.3239423 ] } },
{ "type": "Feature", "properties": { "osm_id": "4232992195", "highway": "traffic_signals", "Туман": "Мирзо Улугбек", "Name": "Олтинтепа кўча", "ID_Geoname": "АPU:55039", "id": 11, "mahalla": "Katta Oltintepa MFY", "mahalla_id": 1726269006, "geonames": "АPU:56657" }, "geometry": { "type": "Point", "coordinates": [ 69.3433187, 41.3208378 ] } },
{ "type": "Feature", "properties": { "osm_id": "4232992193", "highway": "traffic_signals", "Туман": "Мирзо Улугбек", "Name": "Чаҳбуд кўча", "ID_Geoname": "АPU:53333", "id": 11, "mahalla": "Katta Oltintepa MFY", "mahalla_id": 1726269006, "geonames": "АPU:56657" }, "geometry": { "type": "Point", "coordinates": [ 69.3430269, 41.3208305 ] } },
{ "type": "Feature", "properties": { "osm_id": "4232991787", "highway": "traffic_signals", "Туман": "Мирзо Улугбек", "Name": "Чаҳбуд кўча", "ID_Geoname": "АPU:53333", "id": 11, "mahalla": "Katta Oltintepa MFY", "mahalla_id": 1726269006, "geonames": "АPU:56657" }, "geometry": { "type": "Point", "coordinates": [ 69.3432365, 41.320525 ] } },
{ "type": "Feature", "properties": { "osm_id": "13389302239", "highway": "traffic_signals", "Туман": "Мирзо Улугбек", "Name": "Салом кўча", "ID_Geoname": "АPU:53335", "id": 11, "mahalla": "Katta Oltintepa MFY", "mahalla_id": 1726269006, "geonames": "АPU:56657" }, "geometry": { "type": "Point", "coordinates": [ 69.3470992, 41.3238547 ] } },
{ "type": "Feature", "properties": { "osm_id": "13389302240", "highway": "traffic_signals", "Туман": "Мирзо Улугбек", "Name": "Олтинтепа кўча", "ID_Geoname": "АPU:55039", "id": 11, "mahalla": "Katta Oltintepa MFY", "mahalla_id": 1726269006, "geonames": "АPU:56657" }, "geometry": { "type": "Point", "coordinates": [ 69.3471787, 41.3235916 ] } },
{ "type": "Feature", "properties": { "osm_id": "13389302238", "highway": "traffic_signals", "Туман": "Мирзо Улугбек", "Name": "Салом кўча", "ID_Geoname": "АPU:53335", "id": 11, "mahalla": "Katta Oltintepa MFY", "mahalla_id": 1726269006, "geonames": "АPU:56657" }, "geometry": { "type": "Point", "coordinates": [ 69.347463, 41.3235819 ] } },
{ "type": "Feature", "properties": { "osm_id": "6498392579", "highway": "traffic_signals", "Туман": "Мирзо Улугбек", "Name": "Феруза кўча", "ID_Geoname": "АPU:53438", "id": 11, "mahalla": "Kamolot MFY", "mahalla_id": 1726269059, "geonames": "АPU:282812" }, "geometry": { "type": "Point", "coordinates": [ 69.362849, 41.3549636 ] } },
{ "type": "Feature", "properties": { "osm_id": "1967979430", "highway": "traffic_signals", "Туман": "Мирзо Улугбек", "Name": "Феруза кўча", "ID_Geoname": "АPU:53438", "id": 11, "mahalla": "Kamolot MFY", "mahalla_id": 1726269059, "geonames": "АPU:282812" }, "geometry": { "type": "Point", "coordinates": [ 69.357653, 41.3553278 ] } },
{ "type": "Feature", "properties": { "osm_id": "2626066631", "highway": "traffic_signals", "Туман": "Мирзо Улугбек", "Name": "Муҳташам кўча", "ID_Geoname": "АPU:915986", "id": 11, "mahalla": "Kamolot MFY", "mahalla_id": 1726269059, "geonames": "АPU:282812" }, "geometry": { "type": "Point", "coordinates": [ 69.3575566, 41.3557052 ] } },
{ "type": "Feature", "properties": { "osm_id": "2140644166", "highway": "traffic_signals", "Туман": "Мирзо Улугбек", "Name": "Аҳмад Югнакий кўча", "ID_Geoname": "АPU:283137", "id": 11, "mahalla": "Beshkapa MFY", "mahalla_id": 1726269022, "geonames": "АPU:56676" }, "geometry": { "type": "Point", "coordinates": [ 69.3872455, 41.3529696 ] } },
{ "type": "Feature", "properties": { "osm_id": "2140644174", "highway": "traffic_signals", "Туман": "Мирзо Улугбек", "Name": "Буюк ипак йўли кўча", "ID_Geoname": "АPU:53313", "id": 11, "mahalla": "Beshkapa MFY", "mahalla_id": 1726269022, "geonames": "АPU:56676" }, "geometry": { "type": "Point", "coordinates": [ 69.3879195, 41.3532607 ] } },
{ "type": "Feature", "properties": { "osm_id": "2140644146", "highway": "traffic_signals", "Туман": "Мирзо Улугбек", "Name": "Буюк ипак йўли кўча", "ID_Geoname": "АPU:53313", "id": 11, "mahalla": "Beshkapa MFY", "mahalla_id": 1726269022, "geonames": "АPU:56676" }, "geometry": { "type": "Point", "coordinates": [ 69.3806274, 41.3508291 ] } },
{ "type": "Feature", "properties": { "osm_id": "13308770730", "highway": "traffic_signals", "Туман": "Мирзо Улугбек", "Name": "Буюк ипак йўли кўча", "ID_Geoname": "АPU:53313", "id": 11, "mahalla": "Beshkapa MFY", "mahalla_id": 1726269022, "geonames": "АPU:56676" }, "geometry": { "type": "Point", "coordinates": [ 69.3810854, 41.3510137 ] } },
{ "type": "Feature", "properties": { "osm_id": "2713521352", "highway": "traffic_signals", "Туман": "Мирзо Улугбек", "Name": "Тантана кўча", "ID_Geoname": "АPU:915574", "id": 11, "mahalla": "Beshkapa MFY", "mahalla_id": 1726269022, "geonames": "АPU:56676" }, "geometry": { "type": "Point", "coordinates": [ 69.3808091, 41.3511341 ] } },
{ "type": "Feature", "properties": { "osm_id": "1020155795", "highway": "traffic_signals", "Туман": "Мирзо Улугбек", "Name": "Феруза кўча", "ID_Geoname": "АPU:53438", "id": 11, "mahalla": "Beshkapa MFY", "mahalla_id": 1726269022, "geonames": "АPU:56676" }, "geometry": { "type": "Point", "coordinates": [ 69.3770648, 41.3555915 ] } },
{ "type": "Feature", "properties": { "osm_id": "1140496272", "highway": "traffic_signals", "Туман": "Мирзо Улугбек", "Name": "Буюк ипак йўли кўча", "ID_Geoname": "АPU:53313", "id": 11, "mahalla": "Beshkapa MFY", "mahalla_id": 1726269022, "geonames": "АPU:56676" }, "geometry": { "type": "Point", "coordinates": [ 69.3872033, 41.3530256 ] } },
{ "type": "Feature", "properties": { "osm_id": "2123486482", "highway": "traffic_signals", "Туман": "Мирзо Улугбек", "Name": "Дўрмон йўли кўча", "ID_Geoname": "АPU:53417", "id": 11, "mahalla": "Alisher Navoiy MFY", "mahalla_id": 1726269002, "geonames": "АPU:56672" }, "geometry": { "type": "Point", "coordinates": [ 69.3583149, 41.3267994 ] } },
{ "type": "Feature", "properties": { "osm_id": "2123486476", "highway": "traffic_signals", "Туман": "Мирзо Улугбек", "Name": "Дўрмон йўли кўча", "ID_Geoname": "АPU:53417", "id": 11, "mahalla": "Alisher Navoiy MFY", "mahalla_id": 1726269002, "geonames": "АPU:56672" }, "geometry": { "type": "Point", "coordinates": [ 69.358901, 41.3265811 ] } },
{ "type": "Feature", "properties": { "osm_id": "5234331366", "highway": "traffic_signals", "Туман": "Мирзо Улугбек", "Name": "Мингбулоқ кўча", "ID_Geoname": "АPU:53479", "id": 11, "mahalla": "Alisher Navoiy MFY", "mahalla_id": 1726269002, "geonames": "АPU:56672" }, "geometry": { "type": "Point", "coordinates": [ 69.3611233, 41.3288934 ] } },
{ "type": "Feature", "properties": { "osm_id": "3457075084", "highway": "traffic_signals", "Туман": "Мирзо Улугбек", "Name": "Темур Малик кўча", "ID_Geoname": "АPU:53472", "id": 11, "mahalla": "Alisher Navoiy MFY", "mahalla_id": 1726269002, "geonames": "АPU:56672" }, "geometry": { "type": "Point", "coordinates": [ 69.3650649, 41.3233457 ] } },
{ "type": "Feature", "properties": { "osm_id": "3455210802", "highway": "traffic_signals", "Туман": "Мирзо Улугбек", "Name": "Хушҳаво кўча", "ID_Geoname": "АPU:872409", "id": 11, "mahalla": "Alisher Navoiy MFY", "mahalla_id": 1726269002, "geonames": "АPU:56672" }, "geometry": { "type": "Point", "coordinates": [ 69.3588504, 41.3269311 ] } },
{ "type": "Feature", "properties": { "osm_id": "1145290988", "highway": "traffic_signals", "Туман": "Мирзо Улугбек", "Name": "Дўрмон йўли кўча", "ID_Geoname": "АPU:53417", "id": 11, "mahalla": "Alisher Navoiy MFY", "mahalla_id": 1726269002, "geonames": "АPU:56672" }, "geometry": { "type": "Point", "coordinates": [ 69.3550233, 41.3289491 ] } },
{ "type": "Feature", "properties": { "osm_id": "4550233995", "highway": "traffic_signals", "Туман": "Миробод", "Name": "Хонободтепа шоҳкўчаси", "ID_Geoname": null, "id": 185, "mahalla": "Yangi Qoʻyliq MFY", "mahalla_id": 1726273038, "geonames": "АPU:56713" }, "geometry": { "type": "Point", "coordinates": [ 69.3020157, 41.244301 ] } },
{ "type": "Feature", "properties": { "osm_id": "13362139540", "highway": "traffic_signals", "Туман": "Миробод", "Name": "Мунис кўча", "ID_Geoname": "АPU:282963", "id": 185, "mahalla": "Yangi Qoʻyliq MFY", "mahalla_id": 1726273038, "geonames": "АPU:56713" }, "geometry": { "type": "Point", "coordinates": [ 69.3100175, 41.2447411 ] } },
{ "type": "Feature", "properties": { "osm_id": "13314837133", "highway": "traffic_signals", "Туман": "Миробод", "Name": "Нукус кўча", "ID_Geoname": "АPU:282953", "id": 185, "mahalla": "Mirobod MFY", "mahalla_id": 1726273020, "geonames": "АPU:282799" }, "geometry": { "type": "Point", "coordinates": [ 69.2712405, 41.2870004 ] } },
{ "type": "Feature", "properties": { "osm_id": "13314837140", "highway": "traffic_signals", "Туман": "Миробод", "Name": "Нукус кўча", "ID_Geoname": "АPU:282953", "id": 185, "mahalla": "Mirobod MFY", "mahalla_id": 1726273020, "geonames": "АPU:282799" }, "geometry": { "type": "Point", "coordinates": [ 69.26607, 41.2845262 ] } },
{ "type": "Feature", "properties": { "osm_id": "1920729068", "highway": "traffic_signals", "Туман": "Миробод", "Name": "Миробод кўча", "ID_Geoname": "АPU:56496", "id": 185, "mahalla": "Mirobod MFY", "mahalla_id": 1726273020, "geonames": "АPU:282799" }, "geometry": { "type": "Point", "coordinates": [ 69.2744277, 41.2897022 ] } },
{ "type": "Feature", "properties": { "osm_id": "13320079568", "highway": "traffic_signals", "Туман": "Миробод", "Name": "Сарикўл кўча", "ID_Geoname": "АPU:53621", "id": 185, "mahalla": "Sarikoʻl MFY", "mahalla_id": 1726273005, "geonames": "АPU:56705" }, "geometry": { "type": "Point", "coordinates": [ 69.2964324, 41.2681632 ] } },
{ "type": "Feature", "properties": { "osm_id": "13320079569", "highway": "traffic_signals", "Туман": "Миробод", "Name": "Сарикўл кўча", "ID_Geoname": "АPU:53621", "id": 185, "mahalla": "Sarikoʻl MFY", "mahalla_id": 1726273005, "geonames": "АPU:56705" }, "geometry": { "type": "Point", "coordinates": [ 69.2962375, 41.2685917 ] } },
{ "type": "Feature", "properties": { "osm_id": "13320079570", "highway": "traffic_signals", "Туман": "Миробод", "Name": "Абдурауф Фитрат кўча", "ID_Geoname": "АPU:282980", "id": 185, "mahalla": "Sarikoʻl MFY", "mahalla_id": 1726273005, "geonames": "АPU:56705" }, "geometry": { "type": "Point", "coordinates": [ 69.2961257, 41.2682581 ] } },
{ "type": "Feature", "properties": { "osm_id": "13306755535", "highway": "traffic_signals", "Туман": "Миробод", "Name": "Абдурауф Фитрат кўча", "ID_Geoname": "АPU:282980", "id": 185, "mahalla": "Sarikoʻl MFY", "mahalla_id": 1726273005, "geonames": "АPU:56705" }, "geometry": { "type": "Point", "coordinates": [ 69.2877455, 41.2704354 ] } },
{ "type": "Feature", "properties": { "osm_id": "960137533", "highway": "traffic_signals", "Туман": "Миробод", "Name": "Таллимаржон кўча", "ID_Geoname": "АPU:283032", "id": 185, "mahalla": "Sarikoʻl MFY", "mahalla_id": 1726273005, "geonames": "АPU:56705" }, "geometry": { "type": "Point", "coordinates": [ 69.2945579, 41.2725835 ] } },
{ "type": "Feature", "properties": { "osm_id": "4518466852", "highway": "traffic_signals", "Туман": "Миробод", "Name": "Абдурауф Фитрат кўча", "ID_Geoname": "АPU:282980", "id": 185, "mahalla": "Qorasuv MFY", "mahalla_id": 1726273007, "geonames": "АPU:56707" }, "geometry": { "type": "Point", "coordinates": [ 69.3063038, 41.2715878 ] } },
{ "type": "Feature", "properties": { "osm_id": "4409135025", "highway": "traffic_signals", "Туман": "Миробод", "Name": "Абдурауф Фитрат кўча", "ID_Geoname": "АPU:282980", "id": 185, "mahalla": "Qorasuv MFY", "mahalla_id": 1726273007, "geonames": "АPU:56707" }, "geometry": { "type": "Point", "coordinates": [ 69.3027454, 41.2704237 ] } },
{ "type": "Feature", "properties": { "osm_id": "4409135024", "highway": "traffic_signals", "Туман": "Миробод", "Name": "Олтинкўл-1 муюлишли кўча", "ID_Geoname": "АPU:283023", "id": 185, "mahalla": "Qorasuv MFY", "mahalla_id": 1726273007, "geonames": "АPU:56707" }, "geometry": { "type": "Point", "coordinates": [ 69.303035, 41.2703218 ] } },
{ "type": "Feature", "properties": { "osm_id": "8463473630", "highway": "traffic_signals", "Туман": "Миробод", "Name": "Фарғона йўли-2 муюлишли кўча", "ID_Geoname": "АPU:282938", "id": 185, "mahalla": "Qorasuv MFY", "mahalla_id": 1726273007, "geonames": "АPU:56707" }, "geometry": { "type": "Point", "coordinates": [ 69.3108354, 41.2720156 ] } },
{ "type": "Feature", "properties": { "osm_id": "8463473631", "highway": "traffic_signals", "Туман": "Миробод", "Name": "Фарғона йўли кўча", "ID_Geoname": "АPU:53647", "id": 185, "mahalla": "Qorasuv MFY", "mahalla_id": 1726273007, "geonames": "АPU:56707" }, "geometry": { "type": "Point", "coordinates": [ 69.3109665, 41.2720184 ] } },
{ "type": "Feature", "properties": { "osm_id": "8463473629", "highway": "traffic_signals", "Туман": "Миробод", "Name": "Фарғона йўли-2 муюлишли кўча", "ID_Geoname": "АPU:282938", "id": 185, "mahalla": "Qorasuv MFY", "mahalla_id": 1726273007, "geonames": "АPU:56707" }, "geometry": { "type": "Point", "coordinates": [ 69.3109711, 41.2717635 ] } },
{ "type": "Feature", "properties": { "osm_id": "8021240477", "highway": "traffic_signals", "Туман": "Миробод", "Name": "Абдурауф Фитрат кўча", "ID_Geoname": "АPU:282980", "id": 185, "mahalla": "Qorasuv MFY", "mahalla_id": 1726273007, "geonames": "АPU:56707" }, "geometry": { "type": "Point", "coordinates": [ 69.3102391, 41.2728801 ] } },
{ "type": "Feature", "properties": { "osm_id": "13474555229", "highway": "traffic_signals", "Туман": "Миробод", "Name": "Абдурауф Фитрат кўча", "ID_Geoname": "АPU:282980", "id": 185, "mahalla": "Qorasuv MFY", "mahalla_id": 1726273007, "geonames": "АPU:56707" }, "geometry": { "type": "Point", "coordinates": [ 69.3099888, 41.2727933 ] } },
{ "type": "Feature", "properties": { "osm_id": "8602007892", "highway": "traffic_signals", "Туман": "Миробод", "Name": "Сарбон-3 тор кўча", "ID_Geoname": "АPU:283064", "id": 185, "mahalla": "Parvona MFY", "mahalla_id": 1726273035, "geonames": "АPU:56715" }, "geometry": { "type": "Point", "coordinates": [ 69.322087, 41.2527238 ] } },
{ "type": "Feature", "properties": { "osm_id": "1962681917", "highway": "traffic_signals", "Туман": "Миробод", "Name": "Нукус кўча", "ID_Geoname": "АPU:282953", "id": 185, "mahalla": "Movarounnahr MFY", "mahalla_id": 1726273014, "geonames": "АPU:56696" }, "geometry": { "type": "Point", "coordinates": [ 69.286186, 41.2969873 ] } },
{ "type": "Feature", "properties": { "osm_id": "1962681926", "highway": "traffic_signals", "Туман": "Миробод", "Name": "Амир Темур шоҳ кўча", "ID_Geoname": "АPU:55912", "id": 185, "mahalla": "Movarounnahr MFY", "mahalla_id": 1726273014, "geonames": "АPU:56696" }, "geometry": { "type": "Point", "coordinates": [ 69.2827689, 41.299801 ] } },
{ "type": "Feature", "properties": { "osm_id": "4180633199", "highway": "traffic_signals;crossing", "Туман": "Миробод", "Name": "Содиқ Азимов кўча", "ID_Geoname": "АPU:283130", "id": 185, "mahalla": "Movarounnahr MFY", "mahalla_id": 1726273014, "geonames": "АPU:56696" }, "geometry": { "type": "Point", "coordinates": [ 69.285119, 41.3014928 ] } },
{ "type": "Feature", "properties": { "osm_id": "2181512773", "highway": "traffic_signals", "Туман": "Миробод", "Name": "Содиқ Азимов кўча", "ID_Geoname": "АPU:283130", "id": 185, "mahalla": "Movarounnahr MFY", "mahalla_id": 1726273014, "geonames": "АPU:56696" }, "geometry": { "type": "Point", "coordinates": [ 69.2875553, 41.3029879 ] } },
{ "type": "Feature", "properties": { "osm_id": "2131718962", "highway": "traffic_signals", "Туман": "Миробод", "Name": "Авлиёота кўча", "ID_Geoname": "АPU:53555", "id": 185, "mahalla": "Abdulla Avloniy MFY", "mahalla_id": 1726273019, "geonames": "АPU:56961" }, "geometry": { "type": "Point", "coordinates": [ 69.2767482, 41.2912839 ] } },
{ "type": "Feature", "properties": { "osm_id": "1987284950", "highway": "traffic_signals", "Туман": "Миробод", "Name": "Нукус кўча", "ID_Geoname": "АPU:282953", "id": 185, "mahalla": "Abdulla Avloniy MFY", "mahalla_id": 1726273019, "geonames": "АPU:56961" }, "geometry": { "type": "Point", "coordinates": [ 69.2772676, 41.2913986 ] } },
{ "type": "Feature", "properties": { "osm_id": "1987277990", "highway": "traffic_signals", "Туман": "Миробод", "Name": "Ойбек кўча", "ID_Geoname": "АPU:53551", "id": 185, "mahalla": "Abdulla Avloniy MFY", "mahalla_id": 1726273019, "geonames": "АPU:56961" }, "geometry": { "type": "Point", "coordinates": [ 69.2792103, 41.2931522 ] } },
{ "type": "Feature", "properties": { "osm_id": "6052855664", "highway": "traffic_signals", "Туман": "Миробод", "Name": "Нукус кўча", "ID_Geoname": "АPU:282953", "id": 185, "mahalla": "Abdulla Avloniy MFY", "mahalla_id": 1726273019, "geonames": "АPU:56961" }, "geometry": { "type": "Point", "coordinates": [ 69.2750171, 41.2897781 ] } },
{ "type": "Feature", "properties": { "osm_id": "2137863299", "highway": "traffic_signals", "Туман": "Миробод", "Name": "Шаҳрисабз кўча", "ID_Geoname": "АPU:53546", "id": 185, "mahalla": "Afrosiyob MFY", "mahalla_id": 1726273012, "geonames": "АPU:56695" }, "geometry": { "type": "Point", "coordinates": [ 69.2733972, 41.2991252 ] } },
{ "type": "Feature", "properties": { "osm_id": "2131736606", "highway": "traffic_signals", "Туман": "Миробод", "Name": "Афросиёб кўча", "ID_Geoname": "АPU:56512", "id": 185, "mahalla": "Afrosiyob MFY", "mahalla_id": 1726273012, "geonames": "АPU:56695" }, "geometry": { "type": "Point", "coordinates": [ 69.2674288, 41.3041418 ] } },
{ "type": "Feature", "properties": { "osm_id": "3147076615", "highway": "traffic_signals", "Туман": "Миробод", "Name": "Амир Темур шоҳ кўча", "ID_Geoname": "АPU:55912", "id": 185, "mahalla": "Afrosiyob MFY", "mahalla_id": 1726273012, "geonames": "АPU:56695" }, "geometry": { "type": "Point", "coordinates": [ 69.2789142, 41.3030672 ] } },
{ "type": "Feature", "properties": { "osm_id": "3419030390", "highway": "traffic_signals", "Туман": "Миробод", "Name": "Шаҳрисабз кўча", "ID_Geoname": "АPU:53546", "id": 185, "mahalla": "Afrosiyob MFY", "mahalla_id": 1726273012, "geonames": "АPU:56695" }, "geometry": { "type": "Point", "coordinates": [ 69.2767375, 41.3012958 ] } },
{ "type": "Feature", "properties": { "osm_id": "3419030398", "highway": "traffic_signals", "Туман": "Миробод", "Name": "Тарас Шевченко кўча", "ID_Geoname": "АPU:53549", "id": 185, "mahalla": "Afrosiyob MFY", "mahalla_id": 1726273012, "geonames": "АPU:56695" }, "geometry": { "type": "Point", "coordinates": [ 69.2760659, 41.3026877 ] } },
{ "type": "Feature", "properties": { "osm_id": "2131736605", "highway": "traffic_signals", "Туман": "Миробод", "Name": "Афросиёб кўча", "ID_Geoname": "АPU:56512", "id": 185, "mahalla": "At-Termiziy MFY", "mahalla_id": 1726273016, "geonames": "АPU:56697" }, "geometry": { "type": "Point", "coordinates": [ 69.2672613, 41.3040839 ] } },
{ "type": "Feature", "properties": { "osm_id": "13314837134", "highway": "traffic_signals", "Туман": "Миробод", "Name": "Нукус кўча", "ID_Geoname": "АPU:282953", "id": 185, "mahalla": "Yangi Mirobod MFY", "mahalla_id": 1726273021, "geonames": "АPU:56699" }, "geometry": { "type": "Point", "coordinates": [ 69.2711941, 41.2867799 ] } },
{ "type": "Feature", "properties": { "osm_id": "1987284936", "highway": "traffic_signals", "Туман": "Миробод", "Name": "Нукус кўча", "ID_Geoname": "АPU:282953", "id": 185, "mahalla": "Yangi Mirobod MFY", "mahalla_id": 1726273021, "geonames": "АPU:56699" }, "geometry": { "type": "Point", "coordinates": [ 69.2769831, 41.2910293 ] } },
{ "type": "Feature", "properties": { "osm_id": "1920729065", "highway": "traffic_signals", "Туман": "Миробод", "Name": "Нукус кўча", "ID_Geoname": "АPU:282953", "id": 185, "mahalla": "Yangi Mirobod MFY", "mahalla_id": 1726273021, "geonames": "АPU:56699" }, "geometry": { "type": "Point", "coordinates": [ 69.2745564, 41.2892683 ] } },
{ "type": "Feature", "properties": { "osm_id": "2132852266", "highway": "traffic_signals", "Туман": "Миробод", "Name": "Шаҳрисабз кўча", "ID_Geoname": "АPU:53546", "id": 185, "mahalla": "Farovon MFY", "mahalla_id": 1726273018, "geonames": "АPU:282805" }, "geometry": { "type": "Point", "coordinates": [ 69.2690988, 41.2962365 ] } },
{ "type": "Feature", "properties": { "osm_id": "2137863300", "highway": "traffic_signals", "Туман": "Миробод", "Name": "Афросиёб кўча", "ID_Geoname": "АPU:56512", "id": 185, "mahalla": "Farovon MFY", "mahalla_id": 1726273018, "geonames": "АPU:282805" }, "geometry": { "type": "Point", "coordinates": [ 69.2727918, 41.2991289 ] } },
{ "type": "Feature", "properties": { "osm_id": "2105117506", "highway": "traffic_signals", "Туман": "Миробод", "Name": "Ойбек кўча", "ID_Geoname": "АPU:53551", "id": 185, "mahalla": "Oybek MFY", "mahalla_id": 1726273013, "geonames": "АPU:282801" }, "geometry": { "type": "Point", "coordinates": [ 69.2764779, 41.2958818 ] } },
{ "type": "Feature", "properties": { "osm_id": "2105117508", "highway": "traffic_signals", "Туман": "Миробод", "Name": "Фидокор кўча", "ID_Geoname": "АPU:53550", "id": 185, "mahalla": "Oybek MFY", "mahalla_id": 1726273013, "geonames": "АPU:282801" }, "geometry": { "type": "Point", "coordinates": [ 69.2765741, 41.2962996 ] } },
{ "type": "Feature", "properties": { "osm_id": "2137863296", "highway": "traffic_signals", "Туман": "Миробод", "Name": "Ойбек кўча", "ID_Geoname": "АPU:53551", "id": 185, "mahalla": "Oybek MFY", "mahalla_id": 1726273013, "geonames": "АPU:282801" }, "geometry": { "type": "Point", "coordinates": [ 69.2735173, 41.2986377 ] } },
{ "type": "Feature", "properties": { "osm_id": "1962681921", "highway": "traffic_signals", "Туман": "Миробод", "Name": "Амир Темур шоҳ кўча", "ID_Geoname": "АPU:55912", "id": 185, "mahalla": "Oybek MFY", "mahalla_id": 1726273013, "geonames": "АPU:282801" }, "geometry": { "type": "Point", "coordinates": [ 69.2857495, 41.2969382 ] } },
{ "type": "Feature", "properties": { "osm_id": "1963982367", "highway": "traffic_signals", "Туман": "Миробод", "Name": "Тарас Шевченко кўча", "ID_Geoname": "АPU:53549", "id": 185, "mahalla": "Oybek MFY", "mahalla_id": 1726273013, "geonames": "АPU:282801" }, "geometry": { "type": "Point", "coordinates": [ 69.2829851, 41.2951881 ] } },
{ "type": "Feature", "properties": { "osm_id": "1963982366", "highway": "traffic_signals", "Туман": "Миробод", "Name": "Нукус кўча", "ID_Geoname": "АPU:282953", "id": 185, "mahalla": "Oybek MFY", "mahalla_id": 1726273013, "geonames": "АPU:282801" }, "geometry": { "type": "Point", "coordinates": [ 69.2833939, 41.2952242 ] } },
{ "type": "Feature", "properties": { "osm_id": "1987277989", "highway": "traffic_signals", "Туман": "Миробод", "Name": "Нукус кўча", "ID_Geoname": "АPU:282953", "id": 185, "mahalla": "Oybek MFY", "mahalla_id": 1726273013, "geonames": "АPU:282801" }, "geometry": { "type": "Point", "coordinates": [ 69.2800964, 41.2931483 ] } },
{ "type": "Feature", "properties": { "osm_id": "1853225758", "highway": "crossing;traffic_signals", "Туман": "Миробод", "Name": "Тарас Шевченко кўча", "ID_Geoname": "АPU:53549", "id": 185, "mahalla": "Oybek MFY", "mahalla_id": 1726273013, "geonames": "АPU:282801" }, "geometry": { "type": "Point", "coordinates": [ 69.279774, 41.2981324 ] } },
{ "type": "Feature", "properties": { "osm_id": "3419030388", "highway": "traffic_signals", "Туман": "Миробод", "Name": "Шаҳрисабз кўча", "ID_Geoname": "АPU:53546", "id": 185, "mahalla": "Oybek MFY", "mahalla_id": 1726273013, "geonames": "АPU:282801" }, "geometry": { "type": "Point", "coordinates": [ 69.276291, 41.3008121 ] } },
{ "type": "Feature", "properties": { "osm_id": "2022002175", "highway": "traffic_signals", "Туман": "Миробод", "Name": "Тарас Шевченко кўча", "ID_Geoname": "АPU:53549", "id": 185, "mahalla": "Oybek MFY", "mahalla_id": 1726273013, "geonames": "АPU:282801" }, "geometry": { "type": "Point", "coordinates": [ 69.2794594, 41.2983003 ] } },
{ "type": "Feature", "properties": { "osm_id": "2022002173", "highway": "traffic_signals", "Туман": "Миробод", "Name": "Фидокор кўча", "ID_Geoname": "АPU:53550", "id": 185, "mahalla": "Oybek MFY", "mahalla_id": 1726273013, "geonames": "АPU:282801" }, "geometry": { "type": "Point", "coordinates": [ 69.2794914, 41.2980384 ] } },
{ "type": "Feature", "properties": { "osm_id": "12281839073", "highway": "traffic_signals", "Туман": "Миробод", "Name": "Матбуотчилар кўча", "ID_Geoname": "АPU:282947", "id": 185, "mahalla": "Sharof Rashidov MFY", "mahalla_id": 1726273011, "geonames": "АPU:282807" }, "geometry": { "type": "Point", "coordinates": [ 69.2736027, 41.3115693 ] } },
{ "type": "Feature", "properties": { "osm_id": "12281839074", "highway": "traffic_signals", "Туман": "Миробод", "Name": "Зарафшон кўча", "ID_Geoname": "АPU:282948", "id": 185, "mahalla": "Sharof Rashidov MFY", "mahalla_id": 1726273011, "geonames": "АPU:282807" }, "geometry": { "type": "Point", "coordinates": [ 69.2737982, 41.3113345 ] } },
{ "type": "Feature", "properties": { "osm_id": "5244635821", "highway": "traffic_signals", "Туман": "Миробод", "Name": "Чимкент кўча", "ID_Geoname": "АPU:282945", "id": 185, "mahalla": "Sharof Rashidov MFY", "mahalla_id": 1726273011, "geonames": "АPU:282807" }, "geometry": { "type": "Point", "coordinates": [ 69.2713765, 41.3082916 ] } },
{ "type": "Feature", "properties": { "osm_id": "4171281256", "highway": "traffic_signals", "Туман": "Миробод", "Name": "Ислом Каримов шоҳ кўча", "ID_Geoname": "АPU:262765", "id": 185, "mahalla": "Sharof Rashidov MFY", "mahalla_id": 1726273011, "geonames": "АPU:282807" }, "geometry": { "type": "Point", "coordinates": [ 69.2717253, 41.3084888 ] } },
{ "type": "Feature", "properties": { "osm_id": "4171281254", "highway": "traffic_signals", "Туман": "Миробод", "Name": "Ислом Каримов шоҳ кўча", "ID_Geoname": "АPU:262765", "id": 185, "mahalla": "Sharof Rashidov MFY", "mahalla_id": 1726273011, "geonames": "АPU:282807" }, "geometry": { "type": "Point", "coordinates": [ 69.2713393, 41.3084801 ] } },
{ "type": "Feature", "properties": { "osm_id": "3147076932", "highway": "traffic_signals", "Туман": "Миробод", "Name": "Ислом Каримов шоҳ кўча", "ID_Geoname": "АPU:262765", "id": 185, "mahalla": "Sharof Rashidov MFY", "mahalla_id": 1726273011, "geonames": "АPU:282807" }, "geometry": { "type": "Point", "coordinates": [ 69.2692587, 41.309069 ] } },
{ "type": "Feature", "properties": { "osm_id": "3147076930", "highway": "traffic_signals", "Туман": "Миробод", "Name": "Ислом Каримов шоҳ кўча", "ID_Geoname": "АPU:262765", "id": 185, "mahalla": "Sharof Rashidov MFY", "mahalla_id": 1726273011, "geonames": "АPU:282807" }, "geometry": { "type": "Point", "coordinates": [ 69.2743322, 41.3077839 ] } },
{ "type": "Feature", "properties": { "osm_id": "3419030405", "highway": "traffic_signals", "Туман": "Миробод", "Name": "Якуб Колас кўча", "ID_Geoname": "АPU:282944", "id": 185, "mahalla": "Sharof Rashidov MFY", "mahalla_id": 1726273011, "geonames": "АPU:282807" }, "geometry": { "type": "Point", "coordinates": [ 69.276243, 41.3030265 ] } },
{ "type": "Feature", "properties": { "osm_id": "582086079", "highway": "traffic_signals", "Туман": "Миробод", "Name": "Тарас Шевченко кўча", "ID_Geoname": "АPU:53549", "id": 185, "mahalla": "Sharof Rashidov MFY", "mahalla_id": 1726273011, "geonames": "АPU:282807" }, "geometry": { "type": "Point", "coordinates": [ 69.2757722, 41.3033011 ] } },
{ "type": "Feature", "properties": { "osm_id": "582089396", "highway": "traffic_signals", "Туман": "Миробод", "Name": "Зарафшон кўча", "ID_Geoname": "АPU:282948", "id": 185, "mahalla": "Sharof Rashidov MFY", "mahalla_id": 1726273011, "geonames": "АPU:282807" }, "geometry": { "type": "Point", "coordinates": [ 69.2724475, 41.3083185 ] } },
{ "type": "Feature", "properties": { "osm_id": "357151680", "highway": "traffic_signals", "Туман": "Миробод", "Name": "Тарас Шевченко кўча", "ID_Geoname": "АPU:53549", "id": 185, "mahalla": "Sharof Rashidov MFY", "mahalla_id": 1726273011, "geonames": "АPU:282807" }, "geometry": { "type": "Point", "coordinates": [ 69.2749113, 41.3073446 ] } },
{ "type": "Feature", "properties": { "osm_id": "357887410", "highway": "traffic_signals", "Туман": "Миробод", "Name": "Бухоро кўча", "ID_Geoname": "АPU:282946", "id": 185, "mahalla": "Sharof Rashidov MFY", "mahalla_id": 1726273011, "geonames": "АPU:282807" }, "geometry": { "type": "Point", "coordinates": [ 69.2730248, 41.3096168 ] } },
{ "type": "Feature", "properties": { "osm_id": "355220684", "highway": "traffic_signals", "Туман": "Миробод", "Name": "Ислом Каримов шоҳ кўча", "ID_Geoname": "АPU:262765", "id": 185, "mahalla": "Sharof Rashidov MFY", "mahalla_id": 1726273011, "geonames": "АPU:282807" }, "geometry": { "type": "Point", "coordinates": [ 69.2752626, 41.3075116 ] } },
{ "type": "Feature", "properties": { "osm_id": "2018385499", "highway": "traffic_signals", "Туман": "Миробод", "Name": "Ислом Каримов шоҳ кўча", "ID_Geoname": "АPU:262765", "id": 185, "mahalla": "Sharof Rashidov MFY", "mahalla_id": 1726273011, "geonames": "АPU:282807" }, "geometry": { "type": "Point", "coordinates": [ 69.27821, 41.3053618 ] } },
{ "type": "Feature", "properties": { "osm_id": "2018385500", "highway": "traffic_signals", "Туман": "Миробод", "Name": "Амир Темур шоҳ кўча", "ID_Geoname": "АPU:55912", "id": 185, "mahalla": "Sharof Rashidov MFY", "mahalla_id": 1726273011, "geonames": "АPU:282807" }, "geometry": { "type": "Point", "coordinates": [ 69.2785334, 41.3057964 ] } },
{ "type": "Feature", "properties": { "osm_id": "2105117507", "highway": "traffic_signals", "Туман": "Миробод", "Name": "Ойбек кўча", "ID_Geoname": "АPU:53551", "id": 185, "mahalla": "Lolazor MFY", "mahalla_id": 1726273017, "geonames": "АPU:282797" }, "geometry": { "type": "Point", "coordinates": [ 69.275993, 41.2961482 ] } },
{ "type": "Feature", "properties": { "osm_id": "2137863298", "highway": "traffic_signals", "Туман": "Миробод", "Name": "Шаҳрисабз кўча", "ID_Geoname": "АPU:53546", "id": 185, "mahalla": "Lolazor MFY", "mahalla_id": 1726273017, "geonames": "АPU:282797" }, "geometry": { "type": "Point", "coordinates": [ 69.2729497, 41.2986059 ] } },
{ "type": "Feature", "properties": { "osm_id": "13329297868", "highway": "traffic_signals", "Туман": "Миробод", "Name": "Шаҳрисабз кўча", "ID_Geoname": "АPU:53546", "id": 185, "mahalla": "Lolazor MFY", "mahalla_id": 1726273017, "geonames": "АPU:282797" }, "geometry": { "type": "Point", "coordinates": [ 69.2690986, 41.2958989 ] } },
{ "type": "Feature", "properties": { "osm_id": "7428930868", "highway": "traffic_signals", "Туман": "Миробод", "Name": "Миробод кўча", "ID_Geoname": "АPU:56496", "id": 185, "mahalla": "Lolazor MFY", "mahalla_id": 1726273017, "geonames": "АPU:282797" }, "geometry": { "type": "Point", "coordinates": [ 69.2690892, 41.2953474 ] } },
{ "type": "Feature", "properties": { "osm_id": "13483382330", "highway": "traffic_signals", "Туман": "Миробод", "Name": "Шаҳрисабз кўча", "ID_Geoname": "АPU:53546", "id": 185, "mahalla": "Lolazor MFY", "mahalla_id": 1726273017, "geonames": "АPU:282797" }, "geometry": { "type": "Point", "coordinates": [ 69.268925, 41.2958466 ] } },
{ "type": "Feature", "properties": { "osm_id": "357419020", "highway": "traffic_signals", "Туман": "Миробод", "Name": "Фидокор кўча", "ID_Geoname": "АPU:53550", "id": 185, "mahalla": "Lolazor MFY", "mahalla_id": 1726273017, "geonames": "АPU:282797" }, "geometry": { "type": "Point", "coordinates": [ 69.2760069, 41.295872 ] } },
{ "type": "Feature", "properties": { "osm_id": "13299687063", "highway": "traffic_signals", "Туман": "Миробод", "Name": "Сарикўл кўча", "ID_Geoname": "АPU:53621", "id": 185, "mahalla": "Banokatiy MFY", "mahalla_id": 1726273001, "geonames": "АPU:282800" }, "geometry": { "type": "Point", "coordinates": [ 69.2879083, 41.277228 ] } },
{ "type": "Feature", "properties": { "osm_id": "13299687067", "highway": "traffic_signals", "Туман": "Миробод", "Name": "Абу Сулаймон Банокатий кўча", "ID_Geoname": "АPU:53641", "id": 185, "mahalla": "Banokatiy MFY", "mahalla_id": 1726273001, "geonames": "АPU:282800" }, "geometry": { "type": "Point", "coordinates": [ 69.2876118, 41.2771493 ] } },
{ "type": "Feature", "properties": { "osm_id": "13306755522", "highway": "traffic_signals", "Туман": "Миробод", "Name": "Абдурауф Фитрат кўча", "ID_Geoname": "АPU:282980", "id": 185, "mahalla": "Banokatiy MFY", "mahalla_id": 1726273001, "geonames": "АPU:282800" }, "geometry": { "type": "Point", "coordinates": [ 69.2869717, 41.2707829 ] } },
{ "type": "Feature", "properties": { "osm_id": "1484580155", "highway": "traffic_signals", "Туман": "Миробод", "Name": "Янгизамон кўча", "ID_Geoname": "АPU:283004", "id": 185, "mahalla": "Banokatiy MFY", "mahalla_id": 1726273001, "geonames": "АPU:282800" }, "geometry": { "type": "Point", "coordinates": [ 69.2875184, 41.2708252 ] } },
{ "type": "Feature", "properties": { "osm_id": "954610503", "highway": "traffic_signals", "Туман": "Миробод", "Name": "Абу Сулаймон Банокатий кўча", "ID_Geoname": "АPU:53641", "id": 185, "mahalla": "Banokatiy MFY", "mahalla_id": 1726273001, "geonames": "АPU:282800" }, "geometry": { "type": "Point", "coordinates": [ 69.2796756, 41.2720706 ] } },
{ "type": "Feature", "properties": { "osm_id": "2776586323", "highway": "traffic_signals", "Туман": "Миробод", "Name": "Абу Сулаймон Банокатий кўча", "ID_Geoname": "АPU:53641", "id": 185, "mahalla": "Banokatiy MFY", "mahalla_id": 1726273001, "geonames": "АPU:282800" }, "geometry": { "type": "Point", "coordinates": [ 69.2792037, 41.271748 ] } },
{ "type": "Feature", "properties": { "osm_id": "4526077746", "highway": "traffic_signals", "Туман": "Миробод", "Name": "Хонободтепа шоҳкўчаси", "ID_Geoname": null, "id": 185, "mahalla": "Chinor MFY", "mahalla_id": 1726273030, "geonames": "АPU:56710" }, "geometry": { "type": "Point", "coordinates": [ 69.3104288, 41.2443154 ] } },
{ "type": "Feature", "properties": { "osm_id": "2776586324", "highway": "traffic_signals", "Туман": "Миробод", "Name": "Ҳайдар Алиев кўча", "ID_Geoname": "АPU:53575", "id": 185, "mahalla": "Birodarlik MFY", "mahalla_id": 1726273025, "geonames": "АPU:56702" }, "geometry": { "type": "Point", "coordinates": [ 69.2791877, 41.2721183 ] } },
{ "type": "Feature", "properties": { "osm_id": "2012617899", "highway": "traffic_signals", "Туман": "Миробод", "Name": "Янги Қўйлиқ кўча", "ID_Geoname": "АPU:282941", "id": 185, "mahalla": "Bilimdon MFY", "mahalla_id": 1726273034, "geonames": "АPU:56714" }, "geometry": { "type": "Point", "coordinates": [ 69.3201639, 41.255694 ] } },
{ "type": "Feature", "properties": { "osm_id": "13320072495", "highway": "traffic_signals", "Туман": "Миробод", "Name": "Абдурауф Фитрат кўча", "ID_Geoname": "АPU:282980", "id": 185, "mahalla": "Abdurauf Fitrat MFY", "mahalla_id": 1726273003, "geonames": "АPU:56704" }, "geometry": { "type": "Point", "coordinates": [ 69.2993934, 41.2693289 ] } },
{ "type": "Feature", "properties": { "osm_id": "4516664875", "highway": "traffic_signals", "Туман": "Миробод", "Name": "Таллимаржон кўча", "ID_Geoname": "АPU:283032", "id": 185, "mahalla": "Abdurauf Fitrat MFY", "mahalla_id": 1726273003, "geonames": "АPU:56704" }, "geometry": { "type": "Point", "coordinates": [ 69.3000531, 41.2749436 ] } },
{ "type": "Feature", "properties": { "osm_id": "4516664876", "highway": "traffic_signals", "Туман": "Миробод", "Name": "Эски Сарикўл кўча", "ID_Geoname": "АPU:53642", "id": 185, "mahalla": "Abdurauf Fitrat MFY", "mahalla_id": 1726273003, "geonames": "АPU:56704" }, "geometry": { "type": "Point", "coordinates": [ 69.3000718, 41.2752718 ] } },
{ "type": "Feature", "properties": { "osm_id": "13320079571", "highway": "traffic_signals", "Туман": "Миробод", "Name": "Абдурауф Фитрат кўча", "ID_Geoname": "АPU:282980", "id": 185, "mahalla": "Abdurauf Fitrat MFY", "mahalla_id": 1726273003, "geonames": "АPU:56704" }, "geometry": { "type": "Point", "coordinates": [ 69.2966063, 41.2684921 ] } },
{ "type": "Feature", "properties": { "osm_id": "10946172514", "highway": "traffic_signals", "Туман": "Миробод", "Name": "Янгизамон кўча", "ID_Geoname": "АPU:283004", "id": 185, "mahalla": "Abdurauf Fitrat MFY", "mahalla_id": 1726273003, "geonames": "АPU:56704" }, "geometry": { "type": "Point", "coordinates": [ 69.2970643, 41.2772221 ] } },
{ "type": "Feature", "properties": { "osm_id": "10946172513", "highway": "traffic_signals", "Туман": "Миробод", "Name": "Эски Сарикўл кўча", "ID_Geoname": "АPU:53642", "id": 185, "mahalla": "Yangizamon MFY", "mahalla_id": 1726273002, "geonames": "АPU:56703" }, "geometry": { "type": "Point", "coordinates": [ 69.2969461, 41.2775537 ] } },
{ "type": "Feature", "properties": { "osm_id": "2018385498", "highway": "traffic_signals", "Туман": "Миробод", "Name": "Амир Темур шоҳ кўча", "ID_Geoname": "АPU:55912", "id": 185, "mahalla": "Mingoʻrik MFY", "mahalla_id": 1726273010, "geonames": "АPU:56939" }, "geometry": { "type": "Point", "coordinates": [ 69.278495, 41.3050184 ] } },
{ "type": "Feature", "properties": { "osm_id": "1962681942", "highway": "traffic_signals", "Туман": "Миробод", "Name": "Содиқ Азимов кўча", "ID_Geoname": "АPU:283130", "id": 185, "mahalla": "Mingoʻrik MFY", "mahalla_id": 1726273010, "geonames": "АPU:56939" }, "geometry": { "type": "Point", "coordinates": [ 69.2826962, 41.3000783 ] } },
{ "type": "Feature", "properties": { "osm_id": "1962681938", "highway": "traffic_signals", "Туман": "Миробод", "Name": "Амир Темур шоҳ кўча", "ID_Geoname": "АPU:55912", "id": 185, "mahalla": "Mingoʻrik MFY", "mahalla_id": 1726273010, "geonames": "АPU:56939" }, "geometry": { "type": "Point", "coordinates": [ 69.2822251, 41.3001038 ] } },
{ "type": "Feature", "properties": { "osm_id": "1962681924", "highway": "traffic_signals", "Туман": "Миробод", "Name": "Фидокор кўча", "ID_Geoname": "АPU:53550", "id": 185, "mahalla": "Mingoʻrik MFY", "mahalla_id": 1726273010, "geonames": "АPU:56939" }, "geometry": { "type": "Point", "coordinates": [ 69.2821995, 41.2998086 ] } },
{ "type": "Feature", "properties": { "osm_id": "1935204918", "highway": "traffic_signals", "Туман": "Миробод", "Name": "Амир Темур берк кўча", "ID_Geoname": "АPU:53638", "id": 185, "mahalla": "Mingoʻrik MFY", "mahalla_id": 1726273010, "geonames": "АPU:56939" }, "geometry": { "type": "Point", "coordinates": [ 69.2787398, 41.3052523 ] } },
{ "type": "Feature", "properties": { "osm_id": "4180633201", "highway": "traffic_signals", "Туман": "Миробод", "Name": "Содиқ Азимов кўча", "ID_Geoname": "АPU:283130", "id": 185, "mahalla": "Mingoʻrik MFY", "mahalla_id": 1726273010, "geonames": "АPU:56939" }, "geometry": { "type": "Point", "coordinates": [ 69.285295, 41.3016839 ] } },
{ "type": "Feature", "properties": { "osm_id": "4180633200", "highway": "traffic_signals", "Туман": "Миробод", "Name": "Шаҳрисабз тор кўча", "ID_Geoname": "АPU:53548", "id": 185, "mahalla": "Mingoʻrik MFY", "mahalla_id": 1726273010, "geonames": "АPU:56939" }, "geometry": { "type": "Point", "coordinates": [ 69.28506, 41.3017133 ] } },
{ "type": "Feature", "properties": { "osm_id": "3872521279", "highway": "traffic_signals", "Туман": "Миробод", "Name": "Яҳё Ғуломов кўча", "ID_Geoname": "АPU:55038", "id": 185, "mahalla": "Mingoʻrik MFY", "mahalla_id": 1726273010, "geonames": "АPU:56939" }, "geometry": { "type": "Point", "coordinates": [ 69.2854603, 41.3051117 ] } },
{ "type": "Feature", "properties": { "osm_id": "3147076612", "highway": "traffic_signals", "Туман": "Миробод", "Name": "Шаҳрисабз кўча", "ID_Geoname": "АPU:53546", "id": 185, "mahalla": "Mingoʻrik MFY", "mahalla_id": 1726273010, "geonames": "АPU:56939" }, "geometry": { "type": "Point", "coordinates": [ 69.2790044, 41.302605 ] } },
{ "type": "Feature", "properties": { "osm_id": "3147076616", "highway": "traffic_signals", "Туман": "Миробод", "Name": "Шаҳрисабз кўча", "ID_Geoname": "АPU:53546", "id": 185, "mahalla": "Mingoʻrik MFY", "mahalla_id": 1726273010, "geonames": "АPU:56939" }, "geometry": { "type": "Point", "coordinates": [ 69.279581, 41.303198 ] } },
{ "type": "Feature", "properties": { "osm_id": "3147076613", "highway": "traffic_signals", "Туман": "Миробод", "Name": "Амир Темур шоҳ кўча", "ID_Geoname": "АPU:55912", "id": 185, "mahalla": "Mingoʻrik MFY", "mahalla_id": 1726273010, "geonames": "АPU:56939" }, "geometry": { "type": "Point", "coordinates": [ 69.2796189, 41.3026317 ] } },
{ "type": "Feature", "properties": { "osm_id": "3419030387", "highway": "traffic_signals", "Туман": "Миробод", "Name": "Тарас Шевченко кўча", "ID_Geoname": "АPU:53549", "id": 185, "mahalla": "Mingoʻrik MFY", "mahalla_id": 1726273010, "geonames": "АPU:56939" }, "geometry": { "type": "Point", "coordinates": [ 69.2766966, 41.3008084 ] } },
{ "type": "Feature", "properties": { "osm_id": "2181512782", "highway": "traffic_signals", "Туман": "Миробод", "Name": "Шаҳрисабз кўча", "ID_Geoname": "АPU:53546", "id": 185, "mahalla": "Mingoʻrik MFY", "mahalla_id": 1726273010, "geonames": "АPU:56939" }, "geometry": { "type": "Point", "coordinates": [ 69.2838143, 41.3063932 ] } },
{ "type": "Feature", "properties": { "osm_id": "2022002176", "highway": "traffic_signals", "Туман": "Миробод", "Name": "Фидокор кўча", "ID_Geoname": "АPU:53550", "id": 185, "mahalla": "Mingoʻrik MFY", "mahalla_id": 1726273010, "geonames": "АPU:56939" }, "geometry": { "type": "Point", "coordinates": [ 69.2798353, 41.2983763 ] } },
{ "type": "Feature", "properties": { "osm_id": "13320072494", "highway": "traffic_signals", "Туман": "Миробод", "Name": "Абдурауф Фитрат кўча", "ID_Geoname": "АPU:282980", "id": 185, "mahalla": "Oltinkoʻl MFY", "mahalla_id": 1726273006, "geonames": "АPU:56706" }, "geometry": { "type": "Point", "coordinates": [ 69.300065, 41.2696237 ] } },
{ "type": "Feature", "properties": { "osm_id": "4409135030", "highway": "traffic_signals", "Туман": "Миробод", "Name": "Абдурауф Фитрат кўча", "ID_Geoname": "АPU:282980", "id": 185, "mahalla": "Oltinkoʻl MFY", "mahalla_id": 1726273006, "geonames": "АPU:56706" }, "geometry": { "type": "Point", "coordinates": [ 69.3032604, 41.2706672 ] } },
{ "type": "Feature", "properties": { "osm_id": "4409135031", "highway": "traffic_signals", "Туман": "Миробод", "Name": "Эски Сарикўл кўча", "ID_Geoname": "АPU:53642", "id": 185, "mahalla": "Oltinkoʻl MFY", "mahalla_id": 1726273006, "geonames": "АPU:56706" }, "geometry": { "type": "Point", "coordinates": [ 69.3028164, 41.2706884 ] } },
{ "type": "Feature", "properties": { "osm_id": "8464354804", "highway": "traffic_signals", "Туман": "Миробод", "Name": "Абдурауф Фитрат кўча", "ID_Geoname": "АPU:282980", "id": 185, "mahalla": "Oltinkoʻl MFY", "mahalla_id": 1726273006, "geonames": "АPU:56706" }, "geometry": { "type": "Point", "coordinates": [ 69.3104769, 41.2730271 ] } },
{ "type": "Feature", "properties": { "osm_id": "1098324505", "highway": "traffic_signals", "Туман": "Миробод", "Name": "Абдурауф Фитрат кўча", "ID_Geoname": "АPU:282980", "id": 185, "mahalla": "Oltinkoʻl MFY", "mahalla_id": 1726273006, "geonames": "АPU:56706" }, "geometry": { "type": "Point", "coordinates": [ 69.306606, 41.2717611 ] } },
{ "type": "Feature", "properties": { "osm_id": "13314822298", "highway": "traffic_signals", "Туман": "Миробод", "Name": "Амир Темур шоҳ кўча", "ID_Geoname": "АPU:55912", "id": 185, "mahalla": "Salor MFY", "mahalla_id": 1726273015, "geonames": "АPU:56654" }, "geometry": { "type": "Point", "coordinates": [ 69.2862974, 41.2966324 ] } },
{ "type": "Feature", "properties": { "osm_id": "1952309162", "highway": "traffic_signals", "Туман": "Миробод", "Name": "Туркистон кўча", "ID_Geoname": "АPU:282956", "id": 185, "mahalla": "Salor MFY", "mahalla_id": 1726273015, "geonames": "АPU:56654" }, "geometry": { "type": "Point", "coordinates": [ 69.2886286, 41.2938895 ] } },
{ "type": "Feature", "properties": { "osm_id": "1962681888", "highway": "traffic_signals", "Туман": "Миробод", "Name": "Нукус кўча", "ID_Geoname": "АPU:282953", "id": 185, "mahalla": "Salor MFY", "mahalla_id": 1726273015, "geonames": "АPU:56654" }, "geometry": { "type": "Point", "coordinates": [ 69.285803, 41.2965873 ] } },
{ "type": "Feature", "properties": { "osm_id": "1963982365", "highway": "traffic_signals", "Туман": "Миробод", "Name": "Нукус кўча", "ID_Geoname": "АPU:282953", "id": 185, "mahalla": "Salor MFY", "mahalla_id": 1726273015, "geonames": "АPU:56654" }, "geometry": { "type": "Point", "coordinates": [ 69.2834553, 41.2949213 ] } },
{ "type": "Feature", "properties": { "osm_id": "1963982364", "highway": "traffic_signals", "Туман": "Миробод", "Name": "Нукус кўча", "ID_Geoname": "АPU:282953", "id": 185, "mahalla": "Salor MFY", "mahalla_id": 1726273015, "geonames": "АPU:56654" }, "geometry": { "type": "Point", "coordinates": [ 69.2830492, 41.2948491 ] } },
{ "type": "Feature", "properties": { "osm_id": "1987277985", "highway": "traffic_signals", "Туман": "Миробод", "Name": "Нукус кўча", "ID_Geoname": "АPU:282953", "id": 185, "mahalla": "Salor MFY", "mahalla_id": 1726273015, "geonames": "АPU:56654" }, "geometry": { "type": "Point", "coordinates": [ 69.2792855, 41.2924838 ] } },
{ "type": "Feature", "properties": { "osm_id": "1987284937", "highway": "traffic_signals", "Туман": "Миробод", "Name": "Авлиёота кўча", "ID_Geoname": "АPU:53555", "id": 185, "mahalla": "Salor MFY", "mahalla_id": 1726273015, "geonames": "АPU:56654" }, "geometry": { "type": "Point", "coordinates": [ 69.2774191, 41.2910832 ] } },
{ "type": "Feature", "properties": { "osm_id": "4545922314", "highway": "traffic_signals", "Туман": "Миробод", "Name": "Ойбек кўча", "ID_Geoname": "АPU:53551", "id": 185, "mahalla": "Salor MFY", "mahalla_id": 1726273015, "geonames": "АPU:56654" }, "geometry": { "type": "Point", "coordinates": [ 69.2800039, 41.292605 ] } },
{ "type": "Feature", "properties": { "osm_id": "4397220285", "highway": "traffic_signals", "Туман": "Миробод", "Name": "Кичик ҳалқа йўли кўча", "ID_Geoname": "АPU:53596", "id": 185, "mahalla": "Salor MFY", "mahalla_id": 1726273015, "geonames": "АPU:56654" }, "geometry": { "type": "Point", "coordinates": [ 69.2920948, 41.2958064 ] } },
{ "type": "Feature", "properties": { "osm_id": "7899228008", "highway": "traffic_signals", "Туман": "Миробод", "Name": "Нукус кўча", "ID_Geoname": "АPU:282953", "id": 185, "mahalla": "Salor MFY", "mahalla_id": 1726273015, "geonames": "АPU:56654" }, "geometry": { "type": "Point", "coordinates": [ 69.2906652, 41.2997452 ] } },
{ "type": "Feature", "properties": { "osm_id": "1244166647", "highway": "traffic_signals", "Туман": "Миробод", "Name": "Кичик ҳалқа йўли кўча", "ID_Geoname": "АPU:53596", "id": 185, "mahalla": "Salor MFY", "mahalla_id": 1726273015, "geonames": "АPU:56654" }, "geometry": { "type": "Point", "coordinates": [ 69.2844403, 41.2909459 ] } },
{ "type": "Feature", "properties": { "osm_id": "1243129121", "highway": "traffic_signals", "Туман": "Миробод", "Name": "Ойбек кўча", "ID_Geoname": "АPU:53551", "id": 185, "mahalla": "Salor MFY", "mahalla_id": 1726273015, "geonames": "АPU:56654" }, "geometry": { "type": "Point", "coordinates": [ 69.2839395, 41.2912888 ] } },
{ "type": "Feature", "properties": { "osm_id": "3147030096", "highway": "traffic_signals", "Туман": "Миробод", "Name": "Амир Темур шоҳ кўча", "ID_Geoname": "АPU:55912", "id": 185, "mahalla": "Salor MFY", "mahalla_id": 1726273015, "geonames": "АPU:56654" }, "geometry": { "type": "Point", "coordinates": [ 69.2886239, 41.2943582 ] } },
{ "type": "Feature", "properties": { "osm_id": "10303617389", "highway": "traffic_signals", "Туман": "Миробод", "Name": "Кичик ҳалқа йўли кўча", "ID_Geoname": "АPU:53596", "id": 185, "mahalla": "Salor MFY", "mahalla_id": 1726273015, "geonames": "АPU:56654" }, "geometry": { "type": "Point", "coordinates": [ 69.2917128, 41.2952762 ] } },
{ "type": "Feature", "properties": { "osm_id": "945580471", "highway": "traffic_signals", "Туман": "Миробод", "Name": "Кичик ҳалқа йўли кўча", "ID_Geoname": "АPU:53596", "id": 185, "mahalla": "Salor MFY", "mahalla_id": 1726273015, "geonames": "АPU:56654" }, "geometry": { "type": "Point", "coordinates": [ 69.2916586, 41.2953315 ] } },
{ "type": "Feature", "properties": { "osm_id": "2158735715", "highway": "traffic_signals", "Туман": "Миробод", "Name": "Тарас Шевченко кўча", "ID_Geoname": "АPU:53549", "id": 185, "mahalla": "Salor MFY", "mahalla_id": 1726273015, "geonames": "АPU:56654" }, "geometry": { "type": "Point", "coordinates": [ 69.2859306, 41.2926525 ] } },
{ "type": "Feature", "properties": { "osm_id": "2158735712", "highway": "traffic_signals", "Туман": "Миробод", "Name": "Туркистон кўча", "ID_Geoname": "АPU:282956", "id": 185, "mahalla": "Salor MFY", "mahalla_id": 1726273015, "geonames": "АPU:56654" }, "geometry": { "type": "Point", "coordinates": [ 69.2861967, 41.2922267 ] } },
{ "type": "Feature", "properties": { "osm_id": "2158735714", "highway": "traffic_signals", "Туман": "Миробод", "Name": "Туркистон кўча", "ID_Geoname": "АPU:282956", "id": 185, "mahalla": "Salor MFY", "mahalla_id": 1726273015, "geonames": "АPU:56654" }, "geometry": { "type": "Point", "coordinates": [ 69.2864393, 41.2925972 ] } },
{ "type": "Feature", "properties": { "osm_id": "357413997", "highway": "traffic_signals", "Туман": "Миробод", "Name": "Туркистон кўча", "ID_Geoname": "АPU:282956", "id": 185, "mahalla": "Salor MFY", "mahalla_id": 1726273015, "geonames": "АPU:56654" }, "geometry": { "type": "Point", "coordinates": [ 69.2894314, 41.2942206 ] } },
{ "type": "Feature", "properties": { "osm_id": "5082637481", "highway": "traffic_signals", "Туман": "Миробод", "Name": "Кичик ҳалқа йўли кўча", "ID_Geoname": "АPU:53596", "id": 185, "mahalla": "Salor MFY", "mahalla_id": 1726273015, "geonames": "АPU:56654" }, "geometry": { "type": "Point", "coordinates": [ 69.2822326, 41.2893378 ] } },
{ "type": "Feature", "properties": { "osm_id": "12900424269", "highway": "traffic_signals", "Туман": "Миробод", "Name": "Туркистон кўча", "ID_Geoname": "АPU:282956", "id": 185, "mahalla": "Salor MFY", "mahalla_id": 1726273015, "geonames": "АPU:56654" }, "geometry": { "type": "Point", "coordinates": [ 69.284723, 41.291473 ] } },
{ "type": "Feature", "properties": { "osm_id": "2018486424", "highway": "traffic_signals", "Туман": "Миробод", "Name": "Нукус кўча", "ID_Geoname": "АPU:282953", "id": 185, "mahalla": "Salor MFY", "mahalla_id": 1726273015, "geonames": "АPU:56654" }, "geometry": { "type": "Point", "coordinates": [ 69.2902489, 41.2994108 ] } },
{ "type": "Feature", "properties": { "osm_id": "9321330791", "highway": "traffic_signals", "Туман": "Яшнобод", "Name": "Фарғона йўли кўча", "ID_Geoname": "АPU:53647", "id": 171, "mahalla": "Furqat MFY", "mahalla_id": 1726273004, "geonames": "АPU:282804" }, "geometry": { "type": "Point", "coordinates": [ 69.307546, 41.2783638 ] } },
{ "type": "Feature", "properties": { "osm_id": "4516664877", "highway": "traffic_signals", "Туман": "Миробод", "Name": "Таллимаржон кўча", "ID_Geoname": "АPU:283032", "id": 185, "mahalla": "Furqat MFY", "mahalla_id": 1726273004, "geonames": "АPU:282804" }, "geometry": { "type": "Point", "coordinates": [ 69.3005364, 41.2753241 ] } },
{ "type": "Feature", "properties": { "osm_id": "4516664878", "highway": "traffic_signals", "Туман": "Миробод", "Name": "Эски Сарикўл кўча", "ID_Geoname": "АPU:53642", "id": 185, "mahalla": "Furqat MFY", "mahalla_id": 1726273004, "geonames": "АPU:282804" }, "geometry": { "type": "Point", "coordinates": [ 69.3004051, 41.2748914 ] } },
{ "type": "Feature", "properties": { "osm_id": "8168774752", "highway": "traffic_signals", "Туман": "Миробод", "Name": "Эски Сарикўл кўча", "ID_Geoname": "АPU:53642", "id": 185, "mahalla": "Furqat MFY", "mahalla_id": 1726273004, "geonames": "АPU:282804" }, "geometry": { "type": "Point", "coordinates": [ 69.2974384, 41.2772643 ] } },
{ "type": "Feature", "properties": { "osm_id": "13299687064", "highway": "traffic_signals", "Туман": "Миробод", "Name": "Абу Сулаймон Банокатий кўча", "ID_Geoname": "АPU:53641", "id": 185, "mahalla": "Istiqlolobod MFY", "mahalla_id": 1726273027, "geonames": "АPU:282796" }, "geometry": { "type": "Point", "coordinates": [ 69.287929, 41.2774875 ] } },
{ "type": "Feature", "properties": { "osm_id": "13299709302", "highway": "traffic_signals", "Туман": "Миробод", "Name": "Сарикўл кўча", "ID_Geoname": "АPU:53621", "id": 185, "mahalla": "Istiqlolobod MFY", "mahalla_id": 1726273027, "geonames": "АPU:282796" }, "geometry": { "type": "Point", "coordinates": [ 69.283092, 41.2869276 ] } },
{ "type": "Feature", "properties": { "osm_id": "10303780272", "highway": "traffic_signals", "Туман": "Миробод", "Name": "Меҳржон кўча", "ID_Geoname": "АPU:53636", "id": 185, "mahalla": "Istiqlolobod MFY", "mahalla_id": 1726273027, "geonames": "АPU:282796" }, "geometry": { "type": "Point", "coordinates": [ 69.2837234, 41.2879226 ] } },
{ "type": "Feature", "properties": { "osm_id": "13376423353", "highway": "traffic_signals", "Туман": "Миробод", "Name": "Меҳржон кўча", "ID_Geoname": "АPU:53636", "id": 185, "mahalla": "Istiqlolobod MFY", "mahalla_id": 1726273027, "geonames": "АPU:282796" }, "geometry": { "type": "Point", "coordinates": [ 69.2885064, 41.2866655 ] } },
{ "type": "Feature", "properties": { "osm_id": "5398850075", "highway": "traffic_signals", "Туман": "Чилонзор", "Name": "Катта ҳалқа йўли кўча", "ID_Geoname": "АPU:53220", "id": 173, "mahalla": "Al-Xorazmiy MFY", "mahalla_id": 1726294001, "geonames": "АPU:56867" }, "geometry": { "type": "Point", "coordinates": [ 69.1491858, 41.2609287 ] } },
{ "type": "Feature", "properties": { "osm_id": "5398850076", "highway": "traffic_signals", "Туман": "Чилонзор", "Name": "Катта ҳалқа йўли кўча", "ID_Geoname": "АPU:53220", "id": 173, "mahalla": "Al-Xorazmiy MFY", "mahalla_id": 1726294001, "geonames": "АPU:56867" }, "geometry": { "type": "Point", "coordinates": [ 69.1488305, 41.2610574 ] } },
{ "type": "Feature", "properties": { "osm_id": "11374108000", "highway": "traffic_signals", "Туман": "Чилонзор", "Name": "Гулистон кўча", "ID_Geoname": "АPU:293264", "id": 173, "mahalla": "Al-Xorazmiy MFY", "mahalla_id": 1726294001, "geonames": "АPU:56867" }, "geometry": { "type": "Point", "coordinates": [ 69.1543892, 41.2629019 ] } },
{ "type": "Feature", "properties": { "osm_id": "11374108000", "highway": "traffic_signals", "Туман": "Чилонзор", "Name": "Гулистон кўча", "ID_Geoname": "АPU:293264", "id": 173, "mahalla": "Al-Xorazmiy MFY", "mahalla_id": 1726294001, "geonames": "АPU:56867" }, "geometry": { "type": "Point", "coordinates": [ 69.1543892, 41.2629019 ] } },
{ "type": "Feature", "properties": { "osm_id": "11374107997", "highway": "traffic_signals", "Туман": "Чилонзор", "Name": "Қовунчи кўча", "ID_Geoname": "АPU:55381", "id": 173, "mahalla": "Guliston MFY", "mahalla_id": 1726294005, "geonames": "АPU:282835" }, "geometry": { "type": "Point", "coordinates": [ 69.1547632, 41.262801 ] } },
{ "type": "Feature", "properties": { "osm_id": "3735403703", "highway": "traffic_signals", "Туман": "Чилонзор", "Name": "Заргарлик кўча", "ID_Geoname": "АPU:54745", "id": 173, "mahalla": "Guliston MFY", "mahalla_id": 1726294005, "geonames": "АPU:282835" }, "geometry": { "type": "Point", "coordinates": [ 69.1598003, 41.2580989 ] } },
{ "type": "Feature", "properties": { "osm_id": "10746504273", "highway": "traffic_signals", "Туман": "Чилонзор", "Name": "Бунёдкор шоҳ кўча", "ID_Geoname": "АPU:55497", "id": 173, "mahalla": "Tirsakobod MFY", "mahalla_id": 1726294007, "geonames": "АPU:56765" }, "geometry": { "type": "Point", "coordinates": [ 69.186131, 41.2520413 ] } },
{ "type": "Feature", "properties": { "osm_id": "10746504266", "highway": "traffic_signals", "Туман": "Чилонзор", "Name": "Бунёдкор шоҳ кўча", "ID_Geoname": "АPU:55497", "id": 173, "mahalla": "Tirsakobod MFY", "mahalla_id": 1726294007, "geonames": "АPU:56765" }, "geometry": { "type": "Point", "coordinates": [ 69.1862624, 41.2519315 ] } },
{ "type": "Feature", "properties": { "osm_id": "5057353475", "highway": "traffic_signals", "Туман": "Чилонзор", "Name": "Гавҳар кўча", "ID_Geoname": "АPU:55181", "id": 173, "mahalla": "Tirsakobod MFY", "mahalla_id": 1726294007, "geonames": "АPU:56765" }, "geometry": { "type": "Point", "coordinates": [ 69.2037515, 41.2543702 ] } },
{ "type": "Feature", "properties": { "osm_id": "5057353461", "highway": "traffic_signals", "Туман": "Чилонзор", "Name": "Тирсакобод кўча", "ID_Geoname": "АPU:55324", "id": 173, "mahalla": "Tirsakobod MFY", "mahalla_id": 1726294007, "geonames": "АPU:56765" }, "geometry": { "type": "Point", "coordinates": [ 69.2038746, 41.2542728 ] } },
{ "type": "Feature", "properties": { "osm_id": "2138690810", "highway": "traffic_signals", "Туман": "Чилонзор", "Name": "Катта ҳалқа йўли кўча", "ID_Geoname": "АPU:53220", "id": 173, "mahalla": "Bektoʻpi MFY", "mahalla_id": 1726294003, "geonames": "АPU:282834" }, "geometry": { "type": "Point", "coordinates": [ 69.1571093, 41.2551155 ] } },
{ "type": "Feature", "properties": { "osm_id": "2138690813", "highway": "traffic_signals", "Туман": "Чилонзор", "Name": "Катта ҳалқа йўли кўча", "ID_Geoname": "АPU:53220", "id": 173, "mahalla": "Bektoʻpi MFY", "mahalla_id": 1726294003, "geonames": "АPU:282834" }, "geometry": { "type": "Point", "coordinates": [ 69.1565467, 41.2552543 ] } },
{ "type": "Feature", "properties": { "osm_id": "11374060010", "highway": "traffic_signals", "Туман": "Чилонзор", "Name": "Заргарлик кўча", "ID_Geoname": "АPU:54745", "id": 173, "mahalla": "Bektoʻpi MFY", "mahalla_id": 1726294003, "geonames": "АPU:282834" }, "geometry": { "type": "Point", "coordinates": [ 69.159331, 41.2575025 ] } },
{ "type": "Feature", "properties": { "osm_id": "11374060011", "highway": "traffic_signals", "Туман": "Чилонзор", "Name": "Қовунчи кўча", "ID_Geoname": "АPU:55381", "id": 173, "mahalla": "Bektoʻpi MFY", "mahalla_id": 1726294003, "geonames": "АPU:282834" }, "geometry": { "type": "Point", "coordinates": [ 69.1591604, 41.2579261 ] } },
{ "type": "Feature", "properties": { "osm_id": "8400584921", "highway": "traffic_signals", "Туман": "Чилонзор", "Name": "Сўгаллиота кўча", "ID_Geoname": "АPU:55265", "id": 173, "mahalla": "Bektoʻpi MFY", "mahalla_id": 1726294003, "geonames": "АPU:282834" }, "geometry": { "type": "Point", "coordinates": [ 69.1681978, 41.2606293 ] } },
{ "type": "Feature", "properties": { "osm_id": "13370315863", "highway": "traffic_signals", "Туман": "Чилонзор", "Name": "Заргарлик кўча", "ID_Geoname": "АPU:54745", "id": 173, "mahalla": "Bektoʻpi MFY", "mahalla_id": 1726294003, "geonames": "АPU:282834" }, "geometry": { "type": "Point", "coordinates": [ 69.1629688, 41.2609044 ] } },
{ "type": "Feature", "properties": { "osm_id": "361461239", "highway": "traffic_signals", "Туман": "Чилонзор", "Name": "Пойгоҳ кўча", "ID_Geoname": "АPU:55382", "id": 173, "mahalla": "Bektoʻpi MFY", "mahalla_id": 1726294003, "geonames": "АPU:282834" }, "geometry": { "type": "Point", "coordinates": [ 69.1569406, 41.255427 ] } },
{ "type": "Feature", "properties": { "osm_id": "2021271943", "highway": "traffic_signals", "Туман": "Чилонзор", "Name": "Заргарлик кўча", "ID_Geoname": "АPU:54745", "id": 173, "mahalla": "Bektoʻpi MFY", "mahalla_id": 1726294003, "geonames": "АPU:282834" }, "geometry": { "type": "Point", "coordinates": [ 69.1639664, 41.2618364 ] } },
{ "type": "Feature", "properties": { "osm_id": "2021271902", "highway": "traffic_signals", "Туман": "Чилонзор", "Name": "Сўгаллиота кўча", "ID_Geoname": "АPU:55265", "id": 173, "mahalla": "Bektoʻpi MFY", "mahalla_id": 1726294003, "geonames": "АPU:282834" }, "geometry": { "type": "Point", "coordinates": [ 69.1877988, 41.2598512 ] } },
{ "type": "Feature", "properties": { "osm_id": "12247845490", "highway": "traffic_signals", "Туман": "Чилонзор", "Name": "Катта ҳалқа йўли кўча", "ID_Geoname": "АPU:53220", "id": 173, "mahalla": "Beshqoʻrgʻon MFY", "mahalla_id": 1726294004, "geonames": "АPU:282830" }, "geometry": { "type": "Point", "coordinates": [ 69.1773434, 41.2289867 ] } },
{ "type": "Feature", "properties": { "osm_id": "12247845489", "highway": "traffic_signals", "Туман": "Чилонзор", "Name": "Катта ҳалқа йўли кўча", "ID_Geoname": "АPU:53220", "id": 173, "mahalla": "Beshqoʻrgʻon MFY", "mahalla_id": 1726294004, "geonames": "АPU:282830" }, "geometry": { "type": "Point", "coordinates": [ 69.1767084, 41.2289631 ] } },
{ "type": "Feature", "properties": { "osm_id": "8044853235", "highway": "traffic_signals", "Туман": "Чилонзор", "Name": "Катта ҳалқа йўли кўча", "ID_Geoname": "АPU:53220", "id": 173, "mahalla": "Beshqoʻrgʻon MFY", "mahalla_id": 1726294004, "geonames": "АPU:282830" }, "geometry": { "type": "Point", "coordinates": [ 69.1687111, 41.2359356 ] } },
{ "type": "Feature", "properties": { "osm_id": "8044853260", "highway": "traffic_signals", "Туман": "Чилонзор", "Name": "Катта ҳалқа йўли кўча", "ID_Geoname": "АPU:53220", "id": 173, "mahalla": "Beshqoʻrgʻon MFY", "mahalla_id": 1726294004, "geonames": "АPU:282830" }, "geometry": { "type": "Point", "coordinates": [ 69.1683098, 41.2365708 ] } },
{ "type": "Feature", "properties": { "osm_id": "10731187684", "highway": "traffic_signals", "Туман": "Чилонзор", "Name": "Катта ҳалқа йўли кўча", "ID_Geoname": "АPU:53220", "id": 173, "mahalla": "Beshqoʻrgʻon MFY", "mahalla_id": 1726294004, "geonames": "АPU:282830" }, "geometry": { "type": "Point", "coordinates": [ 69.1689949, 41.2353086 ] } },
{ "type": "Feature", "properties": { "osm_id": "5154231660", "highway": "traffic_signals", "Туман": "Чилонзор", "Name": "Катта ҳалқа йўли кўча", "ID_Geoname": "АPU:53220", "id": 173, "mahalla": "Beshqoʻrgʻon MFY", "mahalla_id": 1726294004, "geonames": "АPU:282830" }, "geometry": { "type": "Point", "coordinates": [ 69.1665494, 41.2429712 ] } },
{ "type": "Feature", "properties": { "osm_id": "7016246809", "highway": "traffic_signals", "Туман": "Чилонзор", "Name": "Катта ҳалқа йўли кўча", "ID_Geoname": "АPU:53220", "id": 173, "mahalla": "Beshqoʻrgʻon MFY", "mahalla_id": 1726294004, "geonames": "АPU:282830" }, "geometry": { "type": "Point", "coordinates": [ 69.168385, 41.2358113 ] } },
{ "type": "Feature", "properties": { "osm_id": "12542983995", "highway": "traffic_signals", "Туман": "Чилонзор", "Name": "Сеул кўча", "ID_Geoname": "АPU:363698", "id": 173, "mahalla": "Charx Kamolon-3 MFY", "mahalla_id": 1726294017, "geonames": "АPU:56843" }, "geometry": { "type": "Point", "coordinates": [ 69.2223473, 41.3019131 ] } },
{ "type": "Feature", "properties": { "osm_id": "12542983933", "highway": "traffic_signals", "Туман": "Чилонзор", "Name": "Сеул кўча", "ID_Geoname": "АPU:363698", "id": 173, "mahalla": "Charx Kamolon-3 MFY", "mahalla_id": 1726294017, "geonames": "АPU:56843" }, "geometry": { "type": "Point", "coordinates": [ 69.2220425, 41.3017608 ] } },
{ "type": "Feature", "properties": { "osm_id": "5327288581", "highway": "traffic_signals", "Туман": "Чилонзор", "Name": "Муқимий кўча", "ID_Geoname": "АPU:252736", "id": 173, "mahalla": "Charx Kamolon-3 MFY", "mahalla_id": 1726294017, "geonames": "АPU:56843" }, "geometry": { "type": "Point", "coordinates": [ 69.2167384, 41.2963458 ] } },
{ "type": "Feature", "properties": { "osm_id": "4388603891", "highway": "traffic_signals", "Туман": "Чилонзор", "Name": "Муқимий кўча", "ID_Geoname": "АPU:252736", "id": 173, "mahalla": "Charx Kamolon-3 MFY", "mahalla_id": 1726294017, "geonames": "АPU:56843" }, "geometry": { "type": "Point", "coordinates": [ 69.2206581, 41.2938716 ] } },
{ "type": "Feature", "properties": { "osm_id": "13116309817", "highway": "traffic_signals", "Туман": "Чилонзор", "Name": "Завқий кўча", "ID_Geoname": "АPU:55235", "id": 173, "mahalla": "Charx Kamolon-3 MFY", "mahalla_id": 1726294017, "geonames": "АPU:56843" }, "geometry": { "type": "Point", "coordinates": [ 69.216641, 41.2966068 ] } },
{ "type": "Feature", "properties": { "osm_id": "6045294596", "highway": "traffic_signals", "Туман": "Чилонзор", "Name": "Сеул кўча", "ID_Geoname": "АPU:363698", "id": 173, "mahalla": "Charx Kamolon-3 MFY", "mahalla_id": 1726294017, "geonames": "АPU:56843" }, "geometry": { "type": "Point", "coordinates": [ 69.2110186, 41.3005638 ] } },
{ "type": "Feature", "properties": { "osm_id": "6045298832", "highway": "traffic_signals", "Туман": "Чилонзор", "Name": "Муқимий кўча", "ID_Geoname": "АPU:252736", "id": 173, "mahalla": "Charx Kamolon-3 MFY", "mahalla_id": 1726294017, "geonames": "АPU:56843" }, "geometry": { "type": "Point", "coordinates": [ 69.2139369, 41.2981272 ] } },
{ "type": "Feature", "properties": { "osm_id": "5142548299", "highway": "traffic_signals", "Туман": "Чилонзор", "Name": "Муқимий кўча", "ID_Geoname": "АPU:252736", "id": 173, "mahalla": "Charx Kamolon-3 MFY", "mahalla_id": 1726294017, "geonames": "АPU:56843" }, "geometry": { "type": "Point", "coordinates": [ 69.2108182, 41.3004572 ] } },
{ "type": "Feature", "properties": { "osm_id": "13364358840", "highway": "traffic_signals", "Туман": "Чилонзор", "Name": "Сеул кўча", "ID_Geoname": "АPU:363698", "id": 173, "mahalla": "Charx Kamolon-3 MFY", "mahalla_id": 1726294017, "geonames": "АPU:56843" }, "geometry": { "type": "Point", "coordinates": [ 69.2165747, 41.3005997 ] } },
{ "type": "Feature", "properties": { "osm_id": "13364358839", "highway": "traffic_signals", "Туман": "Чилонзор", "Name": "Сеул кўча", "ID_Geoname": "АPU:363698", "id": 173, "mahalla": "Charx Kamolon-3 MFY", "mahalla_id": 1726294017, "geonames": "АPU:56843" }, "geometry": { "type": "Point", "coordinates": [ 69.2170013, 41.3006723 ] } },
{ "type": "Feature", "properties": { "osm_id": "1953113106", "highway": "traffic_signals", "Туман": "Чилонзор", "Name": "Чилонзор кўча", "ID_Geoname": "АPU:55206", "id": 173, "mahalla": "Katta Qozirabot MFY", "mahalla_id": 1726294019, "geonames": "АPU:56839" }, "geometry": { "type": "Point", "coordinates": [ 69.211564, 41.2706516 ] } },
{ "type": "Feature", "properties": { "osm_id": "6278893076", "highway": "traffic_signals", "Туман": "Чилонзор", "Name": "Нурхон кўча", "ID_Geoname": "АPU:55188", "id": 173, "mahalla": "Katta Qozirabot MFY", "mahalla_id": 1726294019, "geonames": "АPU:56839" }, "geometry": { "type": "Point", "coordinates": [ 69.2143216, 41.2686627 ] } },
{ "type": "Feature", "properties": { "osm_id": "6264143768", "highway": "traffic_signals", "Туман": "Чилонзор", "Name": "Кичик ҳалқа йўли кўча", "ID_Geoname": "АPU:53596", "id": 173, "mahalla": "Katta Qozirabot MFY", "mahalla_id": 1726294019, "geonames": "АPU:56839" }, "geometry": { "type": "Point", "coordinates": [ 69.2117494, 41.2700548 ] } },
{ "type": "Feature", "properties": { "osm_id": "4203714309", "highway": "traffic_signals", "Туман": "Чилонзор", "Name": "Кичик ҳалқа йўли кўча", "ID_Geoname": "АPU:53596", "id": 173, "mahalla": "Katta Qozirabot MFY", "mahalla_id": 1726294019, "geonames": "АPU:56839" }, "geometry": { "type": "Point", "coordinates": [ 69.2143919, 41.2683317 ] } },
{ "type": "Feature", "properties": { "osm_id": "4203714305", "highway": "traffic_signals", "Туман": "Чилонзор", "Name": "Катта Қозирабод кўча", "ID_Geoname": "АPU:303181", "id": 173, "mahalla": "Katta Qozirabot MFY", "mahalla_id": 1726294019, "geonames": "АPU:56839" }, "geometry": { "type": "Point", "coordinates": [ 69.2179877, 41.266224 ] } },
{ "type": "Feature", "properties": { "osm_id": "4203714301", "highway": "traffic_signals", "Туман": "Чилонзор", "Name": "Кичик ҳалқа йўли кўча", "ID_Geoname": "АPU:53596", "id": 173, "mahalla": "Katta Qozirabot MFY", "mahalla_id": 1726294019, "geonames": "АPU:56839" }, "geometry": { "type": "Point", "coordinates": [ 69.2180572, 41.2659476 ] } },
{ "type": "Feature", "properties": { "osm_id": "2021271926", "highway": "traffic_signals", "Туман": "Чилонзор", "Name": "Ал-Хоразмий кўча", "ID_Geoname": "АPU:303194", "id": 173, "mahalla": "Xayrobod MFY", "mahalla_id": 1726294008, "geonames": "АPU:56844" }, "geometry": { "type": "Point", "coordinates": [ 69.1879512, 41.2602312 ] } },
{ "type": "Feature", "properties": { "osm_id": "8400584920", "highway": "traffic_signals", "Туман": "Чилонзор", "Name": "Сўгаллиота кўча", "ID_Geoname": "АPU:55265", "id": 173, "mahalla": "Xontoʻpi MFY", "mahalla_id": 1726294010, "geonames": "АPU:282833" }, "geometry": { "type": "Point", "coordinates": [ 69.1689248, 41.2606516 ] } },
{ "type": "Feature", "properties": { "osm_id": "9377400972", "highway": "traffic_signals", "Туман": "Чилонзор", "Name": "Чўпонота кўча", "ID_Geoname": "АPU:56471", "id": 173, "mahalla": "Katta Chilonzor-2 MFY", "mahalla_id": 1726294022, "geonames": "АPU:56852" }, "geometry": { "type": "Point", "coordinates": [ 69.2225798, 41.2757442 ] } },
{ "type": "Feature", "properties": { "osm_id": "13803049091", "highway": "traffic_signals", "Туман": "Чилонзор", "Name": "Арнасой кўча", "ID_Geoname": "АPU:55205", "id": 173, "mahalla": "Katta Chilonzor-2 MFY", "mahalla_id": 1726294022, "geonames": "АPU:56852" }, "geometry": { "type": "Point", "coordinates": [ 69.2251648, 41.2776231 ] } },
{ "type": "Feature", "properties": { "osm_id": "13803049090", "highway": "traffic_signals", "Туман": "Чилонзор", "Name": "Арнасой кўча", "ID_Geoname": "АPU:55205", "id": 173, "mahalla": "Katta Chilonzor-2 MFY", "mahalla_id": 1726294022, "geonames": "АPU:56852" }, "geometry": { "type": "Point", "coordinates": [ 69.2251551, 41.2777782 ] } },
{ "type": "Feature", "properties": { "osm_id": "8245488970", "highway": "traffic_signals", "Туман": "Чилонзор", "Name": "Чилонзор кўча", "ID_Geoname": "АPU:55206", "id": 173, "mahalla": "Katta Chilonzor-2 MFY", "mahalla_id": 1726294022, "geonames": "АPU:56852" }, "geometry": { "type": "Point", "coordinates": [ 69.2219011, 41.2817127 ] } },
{ "type": "Feature", "properties": { "osm_id": "8381762206", "highway": "traffic_signals", "Туман": "Чилонзор", "Name": "Чилонзор кўча", "ID_Geoname": "АPU:55206", "id": 173, "mahalla": "Katta Chilonzor-2 MFY", "mahalla_id": 1726294022, "geonames": "АPU:56852" }, "geometry": { "type": "Point", "coordinates": [ 69.2217931, 41.2817168 ] } },
{ "type": "Feature", "properties": { "osm_id": "5995922392", "highway": "traffic_signals", "Туман": "Чилонзор", "Name": "Арнасой кўча", "ID_Geoname": "АPU:55205", "id": 173, "mahalla": "Katta Chilonzor-2 MFY", "mahalla_id": 1726294022, "geonames": "АPU:56852" }, "geometry": { "type": "Point", "coordinates": [ 69.2241194, 41.2750865 ] } },
{ "type": "Feature", "properties": { "osm_id": "4965279833", "highway": "traffic_signals", "Туман": "Чилонзор", "Name": "Чўпонота кўча", "ID_Geoname": "АPU:56471", "id": 173, "mahalla": "Katta Chilonzor-2 MFY", "mahalla_id": 1726294022, "geonames": "АPU:56852" }, "geometry": { "type": "Point", "coordinates": [ 69.2180458, 41.2786165 ] } },
{ "type": "Feature", "properties": { "osm_id": "4975003385", "highway": "traffic_signals", "Туман": "Чилонзор", "Name": "Чўпонота кўча", "ID_Geoname": "АPU:56471", "id": 173, "mahalla": "Katta Chilonzor-2 MFY", "mahalla_id": 1726294022, "geonames": "АPU:56852" }, "geometry": { "type": "Point", "coordinates": [ 69.2236229, 41.2749744 ] } },
{ "type": "Feature", "properties": { "osm_id": "13181503856", "highway": "traffic_signals", "Туман": "Чилонзор", "Name": "Лутфий кўча", "ID_Geoname": "АPU:55211", "id": 173, "mahalla": "Bogʻzor MFY", "mahalla_id": 1726294029, "geonames": "АPU:282826" }, "geometry": { "type": "Point", "coordinates": [ 69.2044127, 41.2969521 ] } },
{ "type": "Feature", "properties": { "osm_id": "7231144968", "highway": "traffic_signals", "Туман": "Чилонзор", "Name": "Қатортол-1 тор кўча", "ID_Geoname": "АPU:55293", "id": 173, "mahalla": "Bogʻzor MFY", "mahalla_id": 1726294029, "geonames": "АPU:282826" }, "geometry": { "type": "Point", "coordinates": [ 69.2026502, 41.295845 ] } },
{ "type": "Feature", "properties": { "osm_id": "1158814321", "highway": "traffic_signals", "Туман": "Чилонзор", "Name": "Сўгаллиота кўча", "ID_Geoname": "АPU:55265", "id": 173, "mahalla": "Bahoriston MFY", "mahalla_id": 1726294002, "geonames": "АPU:56868" }, "geometry": { "type": "Point", "coordinates": [ 69.1638293, 41.262219 ] } },
{ "type": "Feature", "properties": { "osm_id": "13370315864", "highway": "traffic_signals", "Туман": "Чилонзор", "Name": "Заргарлик кўча", "ID_Geoname": "АPU:54745", "id": 173, "mahalla": "Bahoriston MFY", "mahalla_id": 1726294002, "geonames": "АPU:56868" }, "geometry": { "type": "Point", "coordinates": [ 69.1630611, 41.2611764 ] } },
{ "type": "Feature", "properties": { "osm_id": "2898537050", "highway": "traffic_signals", "Туман": "Чилонзор", "Name": "Заргарлик кўча", "ID_Geoname": "АPU:54745", "id": 173, "mahalla": "Katta Xirmontepa MFY", "mahalla_id": 1726294006, "geonames": "АPU:56865" }, "geometry": { "type": "Point", "coordinates": [ 69.1769078, 41.2713286 ] } },
{ "type": "Feature", "properties": { "osm_id": "2898537050", "highway": "traffic_signals", "Туман": "Чилонзор", "Name": "Заргарлик кўча", "ID_Geoname": "АPU:54745", "id": 173, "mahalla": "Katta Xirmontepa MFY", "mahalla_id": 1726294006, "geonames": "АPU:56865" }, "geometry": { "type": "Point", "coordinates": [ 69.1769078, 41.2713286 ] } },
{ "type": "Feature", "properties": { "osm_id": "361460269", "highway": "traffic_signals", "Туман": "Чилонзор", "Name": "Катта Қаъни кўча", "ID_Geoname": "АPU:55364", "id": 173, "mahalla": "Katta Xirmontepa MFY", "mahalla_id": 1726294006, "geonames": "АPU:56865" }, "geometry": { "type": "Point", "coordinates": [ 69.1743146, 41.2669868 ] } },
{ "type": "Feature", "properties": { "osm_id": "6565456287", "highway": "traffic_signals", "Туман": "Чилонзор", "Name": "Арнасой кўча", "ID_Geoname": "АPU:55205", "id": 173, "mahalla": "Katta Chilonzor-1 MFY", "mahalla_id": 1726294021, "geonames": "АPU:56851" }, "geometry": { "type": "Point", "coordinates": [ 69.2332661, 41.2854466 ] } },
{ "type": "Feature", "properties": { "osm_id": "13751154696", "highway": "traffic_signals", "Туман": "Чилонзор", "Name": "Чилонзор кўча", "ID_Geoname": "АPU:55206", "id": 173, "mahalla": "Katta Chilonzor-1 MFY", "mahalla_id": 1726294021, "geonames": "АPU:56851" }, "geometry": { "type": "Point", "coordinates": [ 69.2267005, 41.2857944 ] } },
{ "type": "Feature", "properties": { "osm_id": "13751154697", "highway": "traffic_signals", "Туман": "Чилонзор", "Name": "Лабиҳовуз кўча", "ID_Geoname": "АPU:55372", "id": 173, "mahalla": "Katta Chilonzor-1 MFY", "mahalla_id": 1726294021, "geonames": "АPU:56851" }, "geometry": { "type": "Point", "coordinates": [ 69.2269195, 41.2857541 ] } },
{ "type": "Feature", "properties": { "osm_id": "3130692935", "highway": "traffic_signals", "Туман": "Чилонзор", "Name": "Муқимий кўча", "ID_Geoname": "АPU:252736", "id": 173, "mahalla": "Katta Chilonzor-1 MFY", "mahalla_id": 1726294021, "geonames": "АPU:56851" }, "geometry": { "type": "Point", "coordinates": [ 69.2332375, 41.2857103 ] } },
{ "type": "Feature", "properties": { "osm_id": "7347286660", "highway": "traffic_signals", "Туман": "Чилонзор", "Name": "Чилонзор кўча", "ID_Geoname": "АPU:55206", "id": 173, "mahalla": "Katta Chilonzor-1 MFY", "mahalla_id": 1726294021, "geonames": "АPU:56851" }, "geometry": { "type": "Point", "coordinates": [ 69.2249842, 41.2842443 ] } },
{ "type": "Feature", "properties": { "osm_id": "359901461", "highway": "traffic_signals", "Туман": "Чилонзор", "Name": "Чилонзор кўча", "ID_Geoname": "АPU:55206", "id": 173, "mahalla": "Katta Chilonzor-1 MFY", "mahalla_id": 1726294021, "geonames": "АPU:56851" }, "geometry": { "type": "Point", "coordinates": [ 69.2291239, 41.2879807 ] } },
{ "type": "Feature", "properties": { "osm_id": "9862303487", "highway": "traffic_signals", "Туман": "Чилонзор", "Name": "Фурқат кўча", "ID_Geoname": "АPU:55603", "id": 173, "mahalla": "Katta Olmazor MFY", "mahalla_id": 1726294020, "geonames": "АPU:282825" }, "geometry": { "type": "Point", "coordinates": [ 69.2431044, 41.3115763 ] } },
{ "type": "Feature", "properties": { "osm_id": "9862303487", "highway": "traffic_signals", "Туман": "Чилонзор", "Name": "Фурқат кўча", "ID_Geoname": "АPU:55603", "id": 173, "mahalla": "Katta Olmazor MFY", "mahalla_id": 1726294020, "geonames": "АPU:282825" }, "geometry": { "type": "Point", "coordinates": [ 69.2431044, 41.3115763 ] } },
{ "type": "Feature", "properties": { "osm_id": "8400584923", "highway": "traffic_signals", "Туман": "Чилонзор", "Name": "Дилбанд-1 тор кўча", "ID_Geoname": "АPU:55321", "id": 173, "mahalla": "Sharq tongi MFY", "mahalla_id": 1726294013, "geonames": "АPU:56849" }, "geometry": { "type": "Point", "coordinates": [ 69.1685138, 41.26087 ] } },
{ "type": "Feature", "properties": { "osm_id": "8400584943", "highway": "traffic_signals", "Туман": "Чилонзор", "Name": "Катта Қаъни кўча", "ID_Geoname": "АPU:55364", "id": 173, "mahalla": "Sharq tongi MFY", "mahalla_id": 1726294013, "geonames": "АPU:56849" }, "geometry": { "type": "Point", "coordinates": [ 69.1723152, 41.2687669 ] } },
{ "type": "Feature", "properties": { "osm_id": "8400584942", "highway": "traffic_signals", "Туман": "Чилонзор", "Name": "Катта Қаъни кўча", "ID_Geoname": "АPU:55364", "id": 173, "mahalla": "Sharq tongi MFY", "mahalla_id": 1726294013, "geonames": "АPU:56849" }, "geometry": { "type": "Point", "coordinates": [ 69.1720977, 41.268971 ] } },
{ "type": "Feature", "properties": { "osm_id": "2021271946", "highway": "traffic_signals", "Туман": "Чилонзор", "Name": "Сўгаллиота кўча", "ID_Geoname": "АPU:55265", "id": 173, "mahalla": "Sharq tongi MFY", "mahalla_id": 1726294013, "geonames": "АPU:56849" }, "geometry": { "type": "Point", "coordinates": [ 69.1644125, 41.2619469 ] } },
{ "type": "Feature", "properties": { "osm_id": "7695119303", "highway": "traffic_signals", "Туман": "Чилонзор", "Name": "Сеул кўча", "ID_Geoname": "АPU:363698", "id": 173, "mahalla": "Charx Kamolon-2 MFY", "mahalla_id": 1726294016, "geonames": "АPU:56842" }, "geometry": { "type": "Point", "coordinates": [ 69.2303241, 41.2996221 ] } },
{ "type": "Feature", "properties": { "osm_id": "359859762", "highway": "traffic_signals", "Туман": "Чилонзор", "Name": "Сеул кўча", "ID_Geoname": "АPU:363698", "id": 173, "mahalla": "Charx Kamolon-2 MFY", "mahalla_id": 1726294016, "geonames": "АPU:56842" }, "geometry": { "type": "Point", "coordinates": [ 69.2306437, 41.2997969 ] } },
{ "type": "Feature", "properties": { "osm_id": "2021271953", "highway": "traffic_signals", "Туман": "Чилонзор", "Name": "Заргарлик кўча", "ID_Geoname": "АPU:54745", "id": 173, "mahalla": "Sharaf MFY", "mahalla_id": 1726294011, "geonames": "АPU:56870" }, "geometry": { "type": "Point", "coordinates": [ 69.164261, 41.2623047 ] } },
{ "type": "Feature", "properties": { "osm_id": "6263221380", "highway": "traffic_signals", "Туман": "Чилонзор", "Name": "Катта Хирмонтепа кўча", "ID_Geoname": "АPU:293262", "id": 173, "mahalla": "Shuhrat MFY", "mahalla_id": 1726294014, "geonames": "АPU:223823" }, "geometry": { "type": "Point", "coordinates": [ 69.1829216, 41.2676531 ] } },
{ "type": "Feature", "properties": { "osm_id": "2713557218", "highway": "traffic_signals", "Туман": "Чилонзор", "Name": "Лутфий кўча", "ID_Geoname": "АPU:55211", "id": 173, "mahalla": "Choʻponota MFY", "mahalla_id": 1726294038, "geonames": "АPU:56857" }, "geometry": { "type": "Point", "coordinates": [ 69.1974736, 41.2936392 ] } },
{ "type": "Feature", "properties": { "osm_id": "380324108", "highway": "traffic_signals", "Туман": "Чилонзор", "Name": "Тўхтагул кўча", "ID_Geoname": "АPU:55376", "id": 173, "mahalla": "Choʻponota MFY", "mahalla_id": 1726294038, "geonames": "АPU:56857" }, "geometry": { "type": "Point", "coordinates": [ 69.1945596, 41.2867131 ] } },
{ "type": "Feature", "properties": { "osm_id": "2021314842", "highway": "traffic_signals", "Туман": "Чилонзор", "Name": "Кичик ҳалқа йўли кўча", "ID_Geoname": "АPU:53596", "id": 173, "mahalla": "Choʻponota MFY", "mahalla_id": 1726294038, "geonames": "АPU:56857" }, "geometry": { "type": "Point", "coordinates": [ 69.1943724, 41.2918064 ] } },
{ "type": "Feature", "properties": { "osm_id": "4578542992", "highway": "traffic_signals", "Туман": "Чилонзор", "Name": "Лутфий кўча", "ID_Geoname": "АPU:55211", "id": 173, "mahalla": "Qatortol-1 MFY", "mahalla_id": 1726294027, "geonames": "АPU:56846" }, "geometry": { "type": "Point", "coordinates": [ 69.2021386, 41.2958688 ] } },
{ "type": "Feature", "properties": { "osm_id": "5924043402", "highway": "traffic_signals", "Туман": "Чилонзор", "Name": "Қатортол кўча", "ID_Geoname": "АPU:55267", "id": 173, "mahalla": "Qatortol-1 MFY", "mahalla_id": 1726294027, "geonames": "АPU:56846" }, "geometry": { "type": "Point", "coordinates": [ 69.2113114, 41.2917456 ] } },
{ "type": "Feature", "properties": { "osm_id": "2105290647", "highway": "traffic_signals", "Туман": "Чилонзор", "Name": "Ислом Каримов шоҳ кўча", "ID_Geoname": "АPU:262765", "id": 173, "mahalla": "Beshyogʻoch MFY", "mahalla_id": 1726294018, "geonames": "АPU:56850" }, "geometry": { "type": "Point", "coordinates": [ 69.253011, 41.3113047 ] } },
{ "type": "Feature", "properties": { "osm_id": "2105290647", "highway": "traffic_signals", "Туман": "Чилонзор", "Name": "Ислом Каримов шоҳ кўча", "ID_Geoname": "АPU:262765", "id": 173, "mahalla": "Beshyogʻoch MFY", "mahalla_id": 1726294018, "geonames": "АPU:56850" }, "geometry": { "type": "Point", "coordinates": [ 69.253011, 41.3113047 ] } },
{ "type": "Feature", "properties": { "osm_id": "2105290643", "highway": "traffic_signals", "Туман": "Чилонзор", "Name": "Ботир Зокиров кўча", "ID_Geoname": "АPU:866037", "id": 173, "mahalla": "Beshyogʻoch MFY", "mahalla_id": 1726294018, "geonames": "АPU:56850" }, "geometry": { "type": "Point", "coordinates": [ 69.2534987, 41.3110629 ] } },
{ "type": "Feature", "properties": { "osm_id": "2105290644", "highway": "traffic_signals", "Туман": "Чилонзор", "Name": "Ислом Каримов шоҳ кўча", "ID_Geoname": "АPU:262765", "id": 173, "mahalla": "Beshyogʻoch MFY", "mahalla_id": 1726294018, "geonames": "АPU:56850" }, "geometry": { "type": "Point", "coordinates": [ 69.2587366, 41.3110991 ] } },
{ "type": "Feature", "properties": { "osm_id": "2105290644", "highway": "traffic_signals", "Туман": "Чилонзор", "Name": "Ислом Каримов шоҳ кўча", "ID_Geoname": "АPU:262765", "id": 173, "mahalla": "Beshyogʻoch MFY", "mahalla_id": 1726294018, "geonames": "АPU:56850" }, "geometry": { "type": "Point", "coordinates": [ 69.2587366, 41.3110991 ] } },
{ "type": "Feature", "properties": { "osm_id": "13359926434", "highway": "traffic_signals", "Туман": "Чилонзор", "Name": "Фурқат кўча", "ID_Geoname": "АPU:55603", "id": 173, "mahalla": "Beshyogʻoch MFY", "mahalla_id": 1726294018, "geonames": "АPU:56850" }, "geometry": { "type": "Point", "coordinates": [ 69.2473391, 41.304346 ] } },
{ "type": "Feature", "properties": { "osm_id": "5596133513", "highway": "traffic_signals", "Туман": "Чилонзор", "Name": "Ислом Каримов шоҳ кўча", "ID_Geoname": "АPU:262765", "id": 173, "mahalla": "Beshyogʻoch MFY", "mahalla_id": 1726294018, "geonames": "АPU:56850" }, "geometry": { "type": "Point", "coordinates": [ 69.2425479, 41.3117031 ] } },
{ "type": "Feature", "properties": { "osm_id": "5596133513", "highway": "traffic_signals", "Туман": "Чилонзор", "Name": "Ислом Каримов шоҳ кўча", "ID_Geoname": "АPU:262765", "id": 173, "mahalla": "Beshyogʻoch MFY", "mahalla_id": 1726294018, "geonames": "АPU:56850" }, "geometry": { "type": "Point", "coordinates": [ 69.2425479, 41.3117031 ] } },
{ "type": "Feature", "properties": { "osm_id": "2005076249", "highway": "traffic_signals", "Туман": "Чилонзор", "Name": "Фурқат кўча", "ID_Geoname": "АPU:55603", "id": 173, "mahalla": "Beshyogʻoch MFY", "mahalla_id": 1726294018, "geonames": "АPU:56850" }, "geometry": { "type": "Point", "coordinates": [ 69.2481275, 41.3022971 ] } },
{ "type": "Feature", "properties": { "osm_id": "2005076240", "highway": "traffic_signals", "Туман": "Чилонзор", "Name": "Фурқат кўча", "ID_Geoname": "АPU:55603", "id": 173, "mahalla": "Beshyogʻoch MFY", "mahalla_id": 1726294018, "geonames": "АPU:56850" }, "geometry": { "type": "Point", "coordinates": [ 69.2485347, 41.3018506 ] } },
{ "type": "Feature", "properties": { "osm_id": "8235330702", "highway": "traffic_signals", "Туман": "Чилонзор", "Name": "Сеул кўча", "ID_Geoname": "АPU:363698", "id": 173, "mahalla": "Beshyogʻoch MFY", "mahalla_id": 1726294018, "geonames": "АPU:56850" }, "geometry": { "type": "Point", "coordinates": [ 69.2478647, 41.3017865 ] } },
{ "type": "Feature", "properties": { "osm_id": "3597606075", "highway": "traffic_signals", "Туман": "Чилонзор", "Name": "Бешёғоч кўча", "ID_Geoname": "АPU:55366", "id": 173, "mahalla": "Beshyogʻoch MFY", "mahalla_id": 1726294018, "geonames": "АPU:56850" }, "geometry": { "type": "Point", "coordinates": [ 69.2475096, 41.3046396 ] } },
{ "type": "Feature", "properties": { "osm_id": "9958185073", "highway": "traffic_signals", "Туман": "Чилонзор", "Name": "Ислом Каримов шоҳ кўча", "ID_Geoname": "АPU:262765", "id": 173, "mahalla": "Beshyogʻoch MFY", "mahalla_id": 1726294018, "geonames": "АPU:56850" }, "geometry": { "type": "Point", "coordinates": [ 69.2425744, 41.3116007 ] } },
{ "type": "Feature", "properties": { "osm_id": "9958185073", "highway": "traffic_signals", "Туман": "Чилонзор", "Name": "Ислом Каримов шоҳ кўча", "ID_Geoname": "АPU:262765", "id": 173, "mahalla": "Beshyogʻoch MFY", "mahalla_id": 1726294018, "geonames": "АPU:56850" }, "geometry": { "type": "Point", "coordinates": [ 69.2425744, 41.3116007 ] } },
{ "type": "Feature", "properties": { "osm_id": "9958185089", "highway": "traffic_signals", "Туман": "Чилонзор", "Name": "Фурқат кўча", "ID_Geoname": "АPU:55603", "id": 173, "mahalla": "Beshyogʻoch MFY", "mahalla_id": 1726294018, "geonames": "АPU:56850" }, "geometry": { "type": "Point", "coordinates": [ 69.2429065, 41.3115595 ] } },
{ "type": "Feature", "properties": { "osm_id": "3147085559", "highway": "traffic_signals", "Туман": "Чилонзор", "Name": "Ботир Зокиров кўча", "ID_Geoname": "АPU:866037", "id": 173, "mahalla": "Beshyogʻoch MFY", "mahalla_id": 1726294018, "geonames": "АPU:56850" }, "geometry": { "type": "Point", "coordinates": [ 69.2548674, 41.3079918 ] } },
{ "type": "Feature", "properties": { "osm_id": "3147085550", "highway": "traffic_signals", "Туман": "Чилонзор", "Name": "Афросиёб кўча", "ID_Geoname": "АPU:56512", "id": 173, "mahalla": "Beshyogʻoch MFY", "mahalla_id": 1726294018, "geonames": "АPU:56850" }, "geometry": { "type": "Point", "coordinates": [ 69.2562416, 41.3077245 ] } },
{ "type": "Feature", "properties": { "osm_id": "3147085546", "highway": "traffic_signals", "Туман": "Чилонзор", "Name": "Бешёғоч кўча", "ID_Geoname": "АPU:55366", "id": 173, "mahalla": "Beshyogʻoch MFY", "mahalla_id": 1726294018, "geonames": "АPU:56850" }, "geometry": { "type": "Point", "coordinates": [ 69.2547306, 41.3074341 ] } },
{ "type": "Feature", "properties": { "osm_id": "9842968092", "highway": "traffic_signals", "Туман": "Чилонзор", "Name": "Ислом Каримов шоҳ кўча", "ID_Geoname": "АPU:262765", "id": 173, "mahalla": "Beshyogʻoch MFY", "mahalla_id": 1726294018, "geonames": "АPU:56850" }, "geometry": { "type": "Point", "coordinates": [ 69.2405086, 41.3115626 ] } },
{ "type": "Feature", "properties": { "osm_id": "9842968092", "highway": "traffic_signals", "Туман": "Чилонзор", "Name": "Ислом Каримов шоҳ кўча", "ID_Geoname": "АPU:262765", "id": 173, "mahalla": "Beshyogʻoch MFY", "mahalla_id": 1726294018, "geonames": "АPU:56850" }, "geometry": { "type": "Point", "coordinates": [ 69.2405086, 41.3115626 ] } },
{ "type": "Feature", "properties": { "osm_id": "5736783678", "highway": "traffic_signals", "Туман": "Чилонзор", "Name": "Бешёғоч кўча", "ID_Geoname": "АPU:55366", "id": 173, "mahalla": "Beshyogʻoch MFY", "mahalla_id": 1726294018, "geonames": "АPU:56850" }, "geometry": { "type": "Point", "coordinates": [ 69.2589753, 41.3108231 ] } },
{ "type": "Feature", "properties": { "osm_id": "358866474", "highway": "traffic_signals", "Туман": "Чилонзор", "Name": "Фурқат кўча", "ID_Geoname": "АPU:55603", "id": 173, "mahalla": "Beshyogʻoch MFY", "mahalla_id": 1726294018, "geonames": "АPU:56850" }, "geometry": { "type": "Point", "coordinates": [ 69.2468872, 41.3045974 ] } },
{ "type": "Feature", "properties": { "osm_id": "2105290658", "highway": "traffic_signals", "Туман": "Шайхонтоҳур", "Name": "Ислом Каримов шоҳ кўча", "ID_Geoname": "АPU:262765", "id": 186, "mahalla": "Beshyogʻoch MFY", "mahalla_id": 1726294018, "geonames": "АPU:56850" }, "geometry": { "type": "Point", "coordinates": [ 69.2537944, 41.3114287 ] } },
{ "type": "Feature", "properties": { "osm_id": "2105290658", "highway": "traffic_signals", "Туман": "Шайхонтоҳур", "Name": "Ислом Каримов шоҳ кўча", "ID_Geoname": "АPU:262765", "id": 186, "mahalla": "Beshyogʻoch MFY", "mahalla_id": 1726294018, "geonames": "АPU:56850" }, "geometry": { "type": "Point", "coordinates": [ 69.2537944, 41.3114287 ] } },
{ "type": "Feature", "properties": { "osm_id": "11155512293", "highway": "traffic_signals", "Туман": "Шайхонтоҳур", "Name": "Қоратош кўча", "ID_Geoname": "АPU:55496", "id": 186, "mahalla": "Beshyogʻoch MFY", "mahalla_id": 1726294018, "geonames": "АPU:56850" }, "geometry": { "type": "Point", "coordinates": [ 69.2404023, 41.3115876 ] } },
{ "type": "Feature", "properties": { "osm_id": "3797265884", "highway": "traffic_signals", "Туман": "Шайхонтоҳур", "Name": "Ислом Каримов шоҳ кўча", "ID_Geoname": "АPU:262765", "id": 186, "mahalla": "Beshyogʻoch MFY", "mahalla_id": 1726294018, "geonames": "АPU:56850" }, "geometry": { "type": "Point", "coordinates": [ 69.2409783, 41.3119579 ] } },
{ "type": "Feature", "properties": { "osm_id": "3797265884", "highway": "traffic_signals", "Туман": "Шайхонтоҳур", "Name": "Ислом Каримов шоҳ кўча", "ID_Geoname": "АPU:262765", "id": 186, "mahalla": "Beshyogʻoch MFY", "mahalla_id": 1726294018, "geonames": "АPU:56850" }, "geometry": { "type": "Point", "coordinates": [ 69.2409783, 41.3119579 ] } },
{ "type": "Feature", "properties": { "osm_id": "3931613332", "highway": "traffic_signals", "Туман": "Шайхонтоҳур", "Name": "Ислом Каримов шоҳ кўча", "ID_Geoname": "АPU:262765", "id": 186, "mahalla": "Beshyogʻoch MFY", "mahalla_id": 1726294018, "geonames": "АPU:56850" }, "geometry": { "type": "Point", "coordinates": [ 69.2596478, 41.3111729 ] } },
{ "type": "Feature", "properties": { "osm_id": "3931613332", "highway": "traffic_signals", "Туман": "Шайхонтоҳур", "Name": "Ислом Каримов шоҳ кўча", "ID_Geoname": "АPU:262765", "id": 186, "mahalla": "Beshyogʻoch MFY", "mahalla_id": 1726294018, "geonames": "АPU:56850" }, "geometry": { "type": "Point", "coordinates": [ 69.2596478, 41.3111729 ] } },
{ "type": "Feature", "properties": { "osm_id": "9842968112", "highway": "traffic_signals", "Туман": "Шайхонтоҳур", "Name": "Ислом Каримов шоҳ кўча", "ID_Geoname": "АPU:262765", "id": 186, "mahalla": "Beshyogʻoch MFY", "mahalla_id": 1726294018, "geonames": "АPU:56850" }, "geometry": { "type": "Point", "coordinates": [ 69.2423609, 41.3118182 ] } },
{ "type": "Feature", "properties": { "osm_id": "9842968112", "highway": "traffic_signals", "Туман": "Шайхонтоҳур", "Name": "Ислом Каримов шоҳ кўча", "ID_Geoname": "АPU:262765", "id": 186, "mahalla": "Beshyogʻoch MFY", "mahalla_id": 1726294018, "geonames": "АPU:56850" }, "geometry": { "type": "Point", "coordinates": [ 69.2423609, 41.3118182 ] } },
{ "type": "Feature", "properties": { "osm_id": "358862428", "highway": "traffic_signals", "Туман": "Шайхонтоҳур", "Name": "Ислом Каримов шоҳ кўча", "ID_Geoname": "АPU:262765", "id": 186, "mahalla": "Beshyogʻoch MFY", "mahalla_id": 1726294018, "geonames": "АPU:56850" }, "geometry": { "type": "Point", "coordinates": [ 69.2429546, 41.3118758 ] } },
{ "type": "Feature", "properties": { "osm_id": "358862428", "highway": "traffic_signals", "Туман": "Шайхонтоҳур", "Name": "Ислом Каримов шоҳ кўча", "ID_Geoname": "АPU:262765", "id": 186, "mahalla": "Beshyogʻoch MFY", "mahalla_id": 1726294018, "geonames": "АPU:56850" }, "geometry": { "type": "Point", "coordinates": [ 69.2429546, 41.3118758 ] } },
{ "type": "Feature", "properties": { "osm_id": "4398715288", "highway": "traffic_signals", "Туман": "Чилонзор", "Name": "Муқимий кўча", "ID_Geoname": "АPU:252736", "id": 173, "mahalla": "Chilonzor MFY", "mahalla_id": 1726294025, "geonames": "АPU:56845" }, "geometry": { "type": "Point", "coordinates": [ 69.2297039, 41.2881345 ] } },
{ "type": "Feature", "properties": { "osm_id": "3130692931", "highway": "traffic_signals", "Туман": "Чилонзор", "Name": "Муқимий кўча", "ID_Geoname": "АPU:252736", "id": 173, "mahalla": "Chilonzor MFY", "mahalla_id": 1726294025, "geonames": "АPU:56845" }, "geometry": { "type": "Point", "coordinates": [ 69.2338314, 41.2855313 ] } },
{ "type": "Feature", "properties": { "osm_id": "2713557217", "highway": "traffic_signals", "Туман": "Чилонзор", "Name": "Чилонзор кўча", "ID_Geoname": "АPU:55206", "id": 173, "mahalla": "Chilonzor MFY", "mahalla_id": 1726294025, "geonames": "АPU:56845" }, "geometry": { "type": "Point", "coordinates": [ 69.2296069, 41.288422 ] } },
{ "type": "Feature", "properties": { "osm_id": "10085950877", "highway": "traffic_signals", "Туман": "Чилонзор", "Name": "Новза кўча", "ID_Geoname": "АPU:55225", "id": 173, "mahalla": "Charx Kamolon-1 MFY", "mahalla_id": 1726294015, "geonames": "АPU:56841" }, "geometry": { "type": "Point", "coordinates": [ 69.231514, 41.29904 ] } },
{ "type": "Feature", "properties": { "osm_id": "9839636229", "highway": "traffic_signals", "Туман": "Чилонзор", "Name": "Новза кўча", "ID_Geoname": "АPU:55225", "id": 173, "mahalla": "Charx Kamolon-1 MFY", "mahalla_id": 1726294015, "geonames": "АPU:56841" }, "geometry": { "type": "Point", "coordinates": [ 69.2317369, 41.2992871 ] } },
{ "type": "Feature", "properties": { "osm_id": "7179513059", "highway": "traffic_signals", "Туман": "Чилонзор", "Name": "Новза кўча", "ID_Geoname": "АPU:55225", "id": 173, "mahalla": "Charx Kamolon-1 MFY", "mahalla_id": 1726294015, "geonames": "АPU:56841" }, "geometry": { "type": "Point", "coordinates": [ 69.2312791, 41.2992956 ] } },
{ "type": "Feature", "properties": { "osm_id": "11783647763", "highway": "traffic_signals", "Туман": "Чилонзор", "Name": "Чўпонота кўча", "ID_Geoname": "АPU:56471", "id": 173, "mahalla": "Diyor MFY", "mahalla_id": 1726294039, "geonames": "АPU:868985" }, "geometry": { "type": "Point", "coordinates": [ 69.2020111, 41.2890487 ] } },
{ "type": "Feature", "properties": { "osm_id": "5181467463", "highway": "traffic_signals", "Туман": "Чилонзор", "Name": "Чўпонота кўча", "ID_Geoname": "АPU:56471", "id": 173, "mahalla": "Diyor MFY", "mahalla_id": 1726294039, "geonames": "АPU:868985" }, "geometry": { "type": "Point", "coordinates": [ 69.2010487, 41.2900486 ] } },
{ "type": "Feature", "properties": { "osm_id": "2713557214", "highway": "traffic_signals", "Туман": "Чилонзор", "Name": "Қатортол кўча", "ID_Geoname": "АPU:55267", "id": 173, "mahalla": "Diyor MFY", "mahalla_id": 1726294039, "geonames": "АPU:868985" }, "geometry": { "type": "Point", "coordinates": [ 69.2057719, 41.2867182 ] } },
{ "type": "Feature", "properties": { "osm_id": "359862590", "highway": "traffic_signals", "Туман": "Чилонзор", "Name": "Чўпонота кўча", "ID_Geoname": "АPU:56471", "id": 173, "mahalla": "Diyor MFY", "mahalla_id": 1726294039, "geonames": "АPU:868985" }, "geometry": { "type": "Point", "coordinates": [ 69.1981201, 41.2936811 ] } },
{ "type": "Feature", "properties": { "osm_id": "9377400973", "highway": "traffic_signals", "Туман": "Чилонзор", "Name": "Чўпонота кўча", "ID_Geoname": "АPU:56471", "id": 173, "mahalla": "Qozirabot MFY", "mahalla_id": 1726294026, "geonames": "АPU:868988" }, "geometry": { "type": "Point", "coordinates": [ 69.2222134, 41.2758652 ] } },
{ "type": "Feature", "properties": { "osm_id": "9377400974", "highway": "traffic_signals", "Туман": "Чилонзор", "Name": "Нурхон кўча", "ID_Geoname": "АPU:55188", "id": 173, "mahalla": "Qozirabot MFY", "mahalla_id": 1726294026, "geonames": "АPU:868988" }, "geometry": { "type": "Point", "coordinates": [ 69.2221579, 41.2757238 ] } },
{ "type": "Feature", "properties": { "osm_id": "12674069269", "highway": "traffic_signals", "Туман": "Чилонзор", "Name": "Кичик ҳалқа йўли кўча", "ID_Geoname": "АPU:53596", "id": 173, "mahalla": "Qozirabot MFY", "mahalla_id": 1726294026, "geonames": "АPU:868988" }, "geometry": { "type": "Point", "coordinates": [ 69.205321, 41.2744363 ] } },
{ "type": "Feature", "properties": { "osm_id": "1984623478", "highway": "traffic_signals", "Туман": "Чилонзор", "Name": "Кичик ҳалқа йўли кўча", "ID_Geoname": "АPU:53596", "id": 173, "mahalla": "Qozirabot MFY", "mahalla_id": 1726294026, "geonames": "АPU:868988" }, "geometry": { "type": "Point", "coordinates": [ 69.2052331, 41.2742884 ] } },
{ "type": "Feature", "properties": { "osm_id": "5994885945", "highway": "traffic_signals", "Туман": "Чилонзор", "Name": "Чилонзор кўча", "ID_Geoname": "АPU:55206", "id": 173, "mahalla": "Qozirabot MFY", "mahalla_id": 1726294026, "geonames": "АPU:868988" }, "geometry": { "type": "Point", "coordinates": [ 69.2158652, 41.2772067 ] } },
{ "type": "Feature", "properties": { "osm_id": "5994885948", "highway": "traffic_signals", "Туман": "Чилонзор", "Name": "Чилонзор кўча", "ID_Geoname": "АPU:55206", "id": 173, "mahalla": "Qozirabot MFY", "mahalla_id": 1726294026, "geonames": "АPU:868988" }, "geometry": { "type": "Point", "coordinates": [ 69.2174927, 41.2785733 ] } },
{ "type": "Feature", "properties": { "osm_id": "5994885943", "highway": "traffic_signals", "Туман": "Чилонзор", "Name": "Қирққиз кўча", "ID_Geoname": "АPU:55201", "id": 173, "mahalla": "Qozirabot MFY", "mahalla_id": 1726294026, "geonames": "АPU:868988" }, "geometry": { "type": "Point", "coordinates": [ 69.2158646, 41.2770039 ] } },
{ "type": "Feature", "properties": { "osm_id": "5994885944", "highway": "traffic_signals", "Туман": "Чилонзор", "Name": "Чилонзор кўча", "ID_Geoname": "АPU:55206", "id": 173, "mahalla": "Qozirabot MFY", "mahalla_id": 1726294026, "geonames": "АPU:868988" }, "geometry": { "type": "Point", "coordinates": [ 69.2157268, 41.2769712 ] } },
{ "type": "Feature", "properties": { "osm_id": "5922515293", "highway": "traffic_signals", "Туман": "Чилонзор", "Name": "Арнасой кўча", "ID_Geoname": "АPU:55205", "id": 173, "mahalla": "Qozirabot MFY", "mahalla_id": 1726294026, "geonames": "АPU:868988" }, "geometry": { "type": "Point", "coordinates": [ 69.2240569, 41.2746067 ] } },
{ "type": "Feature", "properties": { "osm_id": "13751154695", "highway": "traffic_signals", "Туман": "Чилонзор", "Name": "Чилонзор кўча", "ID_Geoname": "АPU:55206", "id": 173, "mahalla": "Katta Chilonzor-3 MFY", "mahalla_id": 1726294023, "geonames": "АPU:56853" }, "geometry": { "type": "Point", "coordinates": [ 69.2268186, 41.2860261 ] } },
{ "type": "Feature", "properties": { "osm_id": "4398762789", "highway": "traffic_signals", "Туман": "Чилонзор", "Name": "Муқимий кўча", "ID_Geoname": "АPU:252736", "id": 173, "mahalla": "Katta Chilonzor-3 MFY", "mahalla_id": 1726294023, "geonames": "АPU:56853" }, "geometry": { "type": "Point", "coordinates": [ 69.2290604, 41.2883294 ] } },
{ "type": "Feature", "properties": { "osm_id": "8381762205", "highway": "traffic_signals", "Туман": "Чилонзор", "Name": "Чилонзор кўча", "ID_Geoname": "АPU:55206", "id": 173, "mahalla": "Katta Chilonzor-3 MFY", "mahalla_id": 1726294023, "geonames": "АPU:56853" }, "geometry": { "type": "Point", "coordinates": [ 69.2218277, 41.2818416 ] } },
{ "type": "Feature", "properties": { "osm_id": "5926857588", "highway": "traffic_signals", "Туман": "Чилонзор", "Name": "Чилонзор кўча", "ID_Geoname": "АPU:55206", "id": 173, "mahalla": "Katta Chilonzor-3 MFY", "mahalla_id": 1726294023, "geonames": "АPU:56853" }, "geometry": { "type": "Point", "coordinates": [ 69.2178569, 41.2789807 ] } },
{ "type": "Feature", "properties": { "osm_id": "10039839751", "highway": "traffic_signals", "Туман": "Чилонзор", "Name": "Чилонзор кўча", "ID_Geoname": "АPU:55206", "id": 173, "mahalla": "Katta Chilonzor-3 MFY", "mahalla_id": 1726294023, "geonames": "АPU:56853" }, "geometry": { "type": "Point", "coordinates": [ 69.2249905, 41.2843649 ] } },
{ "type": "Feature", "properties": { "osm_id": "10039839752", "highway": "traffic_signals", "Туман": "Чилонзор", "Name": "Чилонзор кўча", "ID_Geoname": "АPU:55206", "id": 173, "mahalla": "Katta Chilonzor-3 MFY", "mahalla_id": 1726294023, "geonames": "АPU:56853" }, "geometry": { "type": "Point", "coordinates": [ 69.2247808, 41.2844249 ] } },
{ "type": "Feature", "properties": { "osm_id": "6087304140", "highway": "traffic_signals", "Туман": "Олмазор", "Name": "Қорақамиш-4 кўча", "ID_Geoname": "АPU:434340", "id": 167, "mahalla": "Shon-shuhrat MFY", "mahalla_id": 1726280014, "geonames": "АPU:56760" }, "geometry": { "type": "Point", "coordinates": [ 69.2045195, 41.3673688 ] } },
{ "type": "Feature", "properties": { "osm_id": "5783489578", "highway": "traffic_signals", "Туман": "Олмазор", "Name": "Қорақамиш-4 кўча", "ID_Geoname": "АPU:434340", "id": 167, "mahalla": "Shon-shuhrat MFY", "mahalla_id": 1726280014, "geonames": "АPU:56760" }, "geometry": { "type": "Point", "coordinates": [ 69.2044426, 41.3669794 ] } },
{ "type": "Feature", "properties": { "osm_id": "6087355836", "highway": "traffic_signals", "Туман": "Олмазор", "Name": "Қорақамиш-1 кўча", "ID_Geoname": "АPU:53737", "id": 167, "mahalla": "Tabassum MFY", "mahalla_id": 1726280013, "geonames": "АPU:56749" }, "geometry": { "type": "Point", "coordinates": [ 69.2147015, 41.3642679 ] } },
{ "type": "Feature", "properties": { "osm_id": "6087355826", "highway": "traffic_signals", "Туман": "Олмазор", "Name": "Қорақамиш-4 кўча", "ID_Geoname": "АPU:434340", "id": 167, "mahalla": "Tepaguzar MFY", "mahalla_id": 1726280002, "geonames": "АPU:282838" }, "geometry": { "type": "Point", "coordinates": [ 69.2048045, 41.3673042 ] } },
{ "type": "Feature", "properties": { "osm_id": "6087389920", "highway": "traffic_signals", "Туман": "Олмазор", "Name": "Қорақамиш-4 кўча", "ID_Geoname": "АPU:434340", "id": 167, "mahalla": "Tepaguzar MFY", "mahalla_id": 1726280002, "geonames": "АPU:282838" }, "geometry": { "type": "Point", "coordinates": [ 69.2051238, 41.3702765 ] } },
{ "type": "Feature", "properties": { "osm_id": "6087304104", "highway": "traffic_signals", "Туман": "Олмазор", "Name": "Қорақамиш-4 кўча", "ID_Geoname": "АPU:434340", "id": 167, "mahalla": "Tepaguzar MFY", "mahalla_id": 1726280002, "geonames": "АPU:282838" }, "geometry": { "type": "Point", "coordinates": [ 69.2045771, 41.3671958 ] } },
{ "type": "Feature", "properties": { "osm_id": "5783390525", "highway": "traffic_signals", "Туман": "Олмазор", "Name": "Қорақамиш-2 кўча", "ID_Geoname": "АPU:53931", "id": 167, "mahalla": "Tepaguzar MFY", "mahalla_id": 1726280002, "geonames": "АPU:282838" }, "geometry": { "type": "Point", "coordinates": [ 69.2044614, 41.3640898 ] } },
{ "type": "Feature", "properties": { "osm_id": "5783489579", "highway": "traffic_signals", "Туман": "Олмазор", "Name": "Қорақамиш-4 кўча", "ID_Geoname": "АPU:434340", "id": 167, "mahalla": "Tepaguzar MFY", "mahalla_id": 1726280002, "geonames": "АPU:282838" }, "geometry": { "type": "Point", "coordinates": [ 69.2044791, 41.3666134 ] } },
{ "type": "Feature", "properties": { "osm_id": "13005441085", "highway": "traffic_signals", "Туман": "Олмазор", "Name": "Келес йўли кўча", "ID_Geoname": "АPU:53700", "id": 167, "mahalla": "Elparvar MFY", "mahalla_id": 1726280061, "geonames": "АPU:906751" }, "geometry": { "type": "Point", "coordinates": [ 69.2208219, 41.3786264 ] } },
{ "type": "Feature", "properties": { "osm_id": "5649685016", "highway": "traffic_signals", "Туман": "Олмазор", "Name": "Катта ҳалқа йўли кўча", "ID_Geoname": "АPU:53220", "id": 167, "mahalla": "Shifokorlar MFY", "mahalla_id": 1726280054, "geonames": "АPU:56726" }, "geometry": { "type": "Point", "coordinates": [ 69.1685532, 41.3559593 ] } },
{ "type": "Feature", "properties": { "osm_id": "5649685015", "highway": "traffic_signals", "Туман": "Олмазор", "Name": "Катта ҳалқа йўли кўча", "ID_Geoname": "АPU:53220", "id": 167, "mahalla": "Shifokorlar MFY", "mahalla_id": 1726280054, "geonames": "АPU:56726" }, "geometry": { "type": "Point", "coordinates": [ 69.1685778, 41.3557312 ] } },
{ "type": "Feature", "properties": { "osm_id": "4497015247", "highway": "traffic_signals", "Туман": "Олмазор", "Name": "Форобий кўча", "ID_Geoname": "АPU:55545", "id": 167, "mahalla": "Shifokorlar MFY", "mahalla_id": 1726280054, "geonames": "АPU:56726" }, "geometry": { "type": "Point", "coordinates": [ 69.1744637, 41.3485552 ] } },
{ "type": "Feature", "properties": { "osm_id": "4497015247", "highway": "traffic_signals", "Туман": "Олмазор", "Name": "Форобий кўча", "ID_Geoname": "АPU:55545", "id": 167, "mahalla": "Shifokorlar MFY", "mahalla_id": 1726280054, "geonames": "АPU:56726" }, "geometry": { "type": "Point", "coordinates": [ 69.1744637, 41.3485552 ] } },
{ "type": "Feature", "properties": { "osm_id": "12247554875", "highway": "traffic_signals", "Туман": "Олмазор", "Name": "Форобий кўча", "ID_Geoname": "АPU:55545", "id": 167, "mahalla": "Shifokorlar MFY", "mahalla_id": 1726280054, "geonames": "АPU:56726" }, "geometry": { "type": "Point", "coordinates": [ 69.1699232, 41.3483484 ] } },
{ "type": "Feature", "properties": { "osm_id": "12247554875", "highway": "traffic_signals", "Туман": "Олмазор", "Name": "Форобий кўча", "ID_Geoname": "АPU:55545", "id": 167, "mahalla": "Shifokorlar MFY", "mahalla_id": 1726280054, "geonames": "АPU:56726" }, "geometry": { "type": "Point", "coordinates": [ 69.1699232, 41.3483484 ] } },
{ "type": "Feature", "properties": { "osm_id": "13297153534", "highway": "traffic_signals", "Туман": "Олмазор", "Name": "Форобий кўча", "ID_Geoname": "АPU:55545", "id": 167, "mahalla": "Shifokorlar MFY", "mahalla_id": 1726280054, "geonames": "АPU:56726" }, "geometry": { "type": "Point", "coordinates": [ 69.1705676, 41.3483462 ] } },
{ "type": "Feature", "properties": { "osm_id": "13297153534", "highway": "traffic_signals", "Туман": "Олмазор", "Name": "Форобий кўча", "ID_Geoname": "АPU:55545", "id": 167, "mahalla": "Shifokorlar MFY", "mahalla_id": 1726280054, "geonames": "АPU:56726" }, "geometry": { "type": "Point", "coordinates": [ 69.1705676, 41.3483462 ] } },
{ "type": "Feature", "properties": { "osm_id": "13297153532", "highway": "traffic_signals", "Туман": "Олмазор", "Name": "Форобий кўча", "ID_Geoname": "АPU:55545", "id": 167, "mahalla": "Shifokorlar MFY", "mahalla_id": 1726280054, "geonames": "АPU:56726" }, "geometry": { "type": "Point", "coordinates": [ 69.1703859, 41.3484101 ] } },
{ "type": "Feature", "properties": { "osm_id": "13297153532", "highway": "traffic_signals", "Туман": "Олмазор", "Name": "Форобий кўча", "ID_Geoname": "АPU:55545", "id": 167, "mahalla": "Shifokorlar MFY", "mahalla_id": 1726280054, "geonames": "АPU:56726" }, "geometry": { "type": "Point", "coordinates": [ 69.1703859, 41.3484101 ] } },
{ "type": "Feature", "properties": { "osm_id": "13627044454", "highway": "traffic_signals", "Туман": "Олмазор", "Name": "Соғлом авлод кўча", "ID_Geoname": "АPU:917766", "id": 167, "mahalla": "Shifokorlar MFY", "mahalla_id": 1726280054, "geonames": "АPU:56726" }, "geometry": { "type": "Point", "coordinates": [ 69.1755289, 41.3568729 ] } },
{ "type": "Feature", "properties": { "osm_id": "6087048293", "highway": "traffic_signals", "Туман": "Олмазор", "Name": "Алломалар кўча", "ID_Geoname": "АPU:53736", "id": 167, "mahalla": "Shifokorlar MFY", "mahalla_id": 1726280054, "geonames": "АPU:56726" }, "geometry": { "type": "Point", "coordinates": [ 69.1761953, 41.3569577 ] } },
{ "type": "Feature", "properties": { "osm_id": "6087035001", "highway": "traffic_signals", "Туман": "Олмазор", "Name": "Соғлом авлод кўча", "ID_Geoname": "АPU:917766", "id": 167, "mahalla": "Shifokorlar MFY", "mahalla_id": 1726280054, "geonames": "АPU:56726" }, "geometry": { "type": "Point", "coordinates": [ 69.1755132, 41.3569814 ] } },
{ "type": "Feature", "properties": { "osm_id": "5840489902", "highway": "traffic_signals", "Туман": "Олмазор", "Name": "Форобий кўча", "ID_Geoname": "АPU:55545", "id": 167, "mahalla": "Shifokorlar MFY", "mahalla_id": 1726280054, "geonames": "АPU:56726" }, "geometry": { "type": "Point", "coordinates": [ 69.1660792, 41.3483615 ] } },
{ "type": "Feature", "properties": { "osm_id": "5840489902", "highway": "traffic_signals", "Туман": "Олмазор", "Name": "Форобий кўча", "ID_Geoname": "АPU:55545", "id": 167, "mahalla": "Shifokorlar MFY", "mahalla_id": 1726280054, "geonames": "АPU:56726" }, "geometry": { "type": "Point", "coordinates": [ 69.1660792, 41.3483615 ] } },
{ "type": "Feature", "properties": { "osm_id": "5840512354", "highway": "traffic_signals", "Туман": "Олмазор", "Name": "Форобий кўча", "ID_Geoname": "АPU:55545", "id": 167, "mahalla": "Shifokorlar MFY", "mahalla_id": 1726280054, "geonames": "АPU:56726" }, "geometry": { "type": "Point", "coordinates": [ 69.1746825, 41.3485756 ] } },
{ "type": "Feature", "properties": { "osm_id": "5840512354", "highway": "traffic_signals", "Туман": "Олмазор", "Name": "Форобий кўча", "ID_Geoname": "АPU:55545", "id": 167, "mahalla": "Shifokorlar MFY", "mahalla_id": 1726280054, "geonames": "АPU:56726" }, "geometry": { "type": "Point", "coordinates": [ 69.1746825, 41.3485756 ] } },
{ "type": "Feature", "properties": { "osm_id": "5884549898", "highway": "traffic_signals", "Туман": "Олмазор", "Name": "Белтепа кўча", "ID_Geoname": "АPU:55546", "id": 167, "mahalla": "Shifokorlar MFY", "mahalla_id": 1726280054, "geonames": "АPU:56726" }, "geometry": { "type": "Point", "coordinates": [ 69.1784805, 41.3494307 ] } },
{ "type": "Feature", "properties": { "osm_id": "5884549898", "highway": "traffic_signals", "Туман": "Олмазор", "Name": "Шифокорлар кўча", "ID_Geoname": "АPU:53765", "id": 167, "mahalla": "Shifokorlar MFY", "mahalla_id": 1726280054, "geonames": "АPU:56726" }, "geometry": { "type": "Point", "coordinates": [ 69.1784805, 41.3494307 ] } },
{ "type": "Feature", "properties": { "osm_id": "1866032370", "highway": "traffic_signals", "Туман": "Олмазор", "Name": "Янги Олмазор кўча", "ID_Geoname": "АPU:404248", "id": 167, "mahalla": "Miskin MFY", "mahalla_id": 1726280022, "geonames": "АPU:56741" }, "geometry": { "type": "Point", "coordinates": [ 69.2524026, 41.3504834 ] } },
{ "type": "Feature", "properties": { "osm_id": "1864782131", "highway": "traffic_signals", "Туман": "Олмазор", "Name": "Кичик ҳалқа йўли кўча", "ID_Geoname": "АPU:53596", "id": 167, "mahalla": "Miskin MFY", "mahalla_id": 1726280022, "geonames": "АPU:56741" }, "geometry": { "type": "Point", "coordinates": [ 69.2525752, 41.3482772 ] } },
{ "type": "Feature", "properties": { "osm_id": "8123282849", "highway": "traffic_signals", "Туман": "Олмазор", "Name": "Широқ кўча", "ID_Geoname": "АPU:293228", "id": 167, "mahalla": "Miskin MFY", "mahalla_id": 1726280022, "geonames": "АPU:56741" }, "geometry": { "type": "Point", "coordinates": [ 69.2480377, 41.3563067 ] } },
{ "type": "Feature", "properties": { "osm_id": "8123282847", "highway": "traffic_signals", "Туман": "Олмазор", "Name": "Уста Ширин кўча", "ID_Geoname": "АPU:56055", "id": 167, "mahalla": "Miskin MFY", "mahalla_id": 1726280022, "geonames": "АPU:56741" }, "geometry": { "type": "Point", "coordinates": [ 69.2478256, 41.3561571 ] } },
{ "type": "Feature", "properties": { "osm_id": "8123282848", "highway": "traffic_signals", "Туман": "Олмазор", "Name": "Уста Ширин кўча", "ID_Geoname": "АPU:56055", "id": 167, "mahalla": "Miskin MFY", "mahalla_id": 1726280022, "geonames": "АPU:56741" }, "geometry": { "type": "Point", "coordinates": [ 69.2482701, 41.3561579 ] } },
{ "type": "Feature", "properties": { "osm_id": "6855761128", "highway": "traffic_signals", "Туман": "Олмазор", "Name": "Уста Ширин кўча", "ID_Geoname": "АPU:56055", "id": 167, "mahalla": "Miskin MFY", "mahalla_id": 1726280022, "geonames": "АPU:56741" }, "geometry": { "type": "Point", "coordinates": [ 69.2628938, 41.3492598 ] } },
{ "type": "Feature", "properties": { "osm_id": "6855761128", "highway": "traffic_signals", "Туман": "Олмазор", "Name": "Уста Ширин кўча", "ID_Geoname": "АPU:56055", "id": 167, "mahalla": "Miskin MFY", "mahalla_id": 1726280022, "geonames": "АPU:56741" }, "geometry": { "type": "Point", "coordinates": [ 69.2628938, 41.3492598 ] } },
{ "type": "Feature", "properties": { "osm_id": "6855761126", "highway": "traffic_signals", "Туман": "Олмазор", "Name": "Уста Ширин кўча", "ID_Geoname": "АPU:56055", "id": 167, "mahalla": "Miskin MFY", "mahalla_id": 1726280022, "geonames": "АPU:56741" }, "geometry": { "type": "Point", "coordinates": [ 69.2627824, 41.3494821 ] } },
{ "type": "Feature", "properties": { "osm_id": "6855761126", "highway": "traffic_signals", "Туман": "Олмазор", "Name": "Уста Ширин кўча", "ID_Geoname": "АPU:56055", "id": 167, "mahalla": "Miskin MFY", "mahalla_id": 1726280022, "geonames": "АPU:56741" }, "geometry": { "type": "Point", "coordinates": [ 69.2627824, 41.3494821 ] } },
{ "type": "Feature", "properties": { "osm_id": "6855761129", "highway": "traffic_signals", "Туман": "Олмазор", "Name": "Уста Ширин кўча", "ID_Geoname": "АPU:56055", "id": 167, "mahalla": "Miskin MFY", "mahalla_id": 1726280022, "geonames": "АPU:56741" }, "geometry": { "type": "Point", "coordinates": [ 69.2623326, 41.3495946 ] } },
{ "type": "Feature", "properties": { "osm_id": "359536175", "highway": "traffic_signals", "Туман": "Олмазор", "Name": "Шимолий Олмазор кўча", "ID_Geoname": "АPU:53965", "id": 167, "mahalla": "Miskin MFY", "mahalla_id": 1726280022, "geonames": "АPU:56741" }, "geometry": { "type": "Point", "coordinates": [ 69.2524956, 41.3498825 ] } },
{ "type": "Feature", "properties": { "osm_id": "6855774807", "highway": "traffic_signals", "Туман": "Олмазор", "Name": "Уста Ширин кўча", "ID_Geoname": "АPU:56055", "id": 167, "mahalla": "Miskin MFY", "mahalla_id": 1726280022, "geonames": "АPU:56741" }, "geometry": { "type": "Point", "coordinates": [ 69.2657358, 41.3475878 ] } },
{ "type": "Feature", "properties": { "osm_id": "6855774807", "highway": "traffic_signals", "Туман": "Олмазор", "Name": "Уста Ширин кўча", "ID_Geoname": "АPU:56055", "id": 167, "mahalla": "Miskin MFY", "mahalla_id": 1726280022, "geonames": "АPU:56741" }, "geometry": { "type": "Point", "coordinates": [ 69.2657358, 41.3475878 ] } },
{ "type": "Feature", "properties": { "osm_id": "360213844", "highway": "traffic_signals", "Туман": "Олмазор", "Name": "Уста Ширин кўча", "ID_Geoname": "АPU:56055", "id": 167, "mahalla": "Miskin MFY", "mahalla_id": 1726280022, "geonames": "АPU:56741" }, "geometry": { "type": "Point", "coordinates": [ 69.2426664, 41.3571689 ] } },
{ "type": "Feature", "properties": { "osm_id": "13689087856", "highway": "traffic_signals", "Туман": "Олмазор", "Name": "Мухбир кўча", "ID_Geoname": "АPU:53923", "id": 167, "mahalla": "Olimpiya MFY", "mahalla_id": 1726280015, "geonames": "АPU:56746" }, "geometry": { "type": "Point", "coordinates": [ 69.205661, 41.3584639 ] } },
{ "type": "Feature", "properties": { "osm_id": "5783489554", "highway": "traffic_signals", "Туман": "Олмазор", "Name": "Мухбир кўча", "ID_Geoname": "АPU:53923", "id": 167, "mahalla": "Olimpiya MFY", "mahalla_id": 1726280015, "geonames": "АPU:56746" }, "geometry": { "type": "Point", "coordinates": [ 69.2036681, 41.3604893 ] } },
{ "type": "Feature", "properties": { "osm_id": "5783488142", "highway": "traffic_signals", "Туман": "Олмазор", "Name": "Қорақамиш-4 кўча", "ID_Geoname": "АPU:434340", "id": 167, "mahalla": "Olimpiya MFY", "mahalla_id": 1726280015, "geonames": "АPU:56746" }, "geometry": { "type": "Point", "coordinates": [ 69.2038146, 41.3608114 ] } },
{ "type": "Feature", "properties": { "osm_id": "5783488148", "highway": "traffic_signals", "Туман": "Олмазор", "Name": "Мухбир кўча", "ID_Geoname": "АPU:53923", "id": 167, "mahalla": "Olimpiya MFY", "mahalla_id": 1726280015, "geonames": "АPU:56746" }, "geometry": { "type": "Point", "coordinates": [ 69.2062024, 41.3578808 ] } },
{ "type": "Feature", "properties": { "osm_id": "6355948158", "highway": "traffic_signals", "Туман": "Олмазор", "Name": "461-Номсиз кўча", "ID_Geoname": null, "id": 167, "mahalla": "Istiqbol MFY", "mahalla_id": 1726280017, "geonames": "АPU:282845" }, "geometry": { "type": "Point", "coordinates": [ 69.2194909, 41.3556131 ] } },
{ "type": "Feature", "properties": { "osm_id": "12534149347", "highway": "traffic_signals", "Туман": "Олмазор", "Name": "Келес йўли кўча", "ID_Geoname": "АPU:53700", "id": 167, "mahalla": "Ahil MFY", "mahalla_id": 1726280018, "geonames": "АPU:56719" }, "geometry": { "type": "Point", "coordinates": [ 69.2192008, 41.3800894 ] } },
{ "type": "Feature", "properties": { "osm_id": "12534149386", "highway": "traffic_signals", "Туман": "Олмазор", "Name": "Келес йўли кўча", "ID_Geoname": "АPU:53700", "id": 167, "mahalla": "Ahil MFY", "mahalla_id": 1726280018, "geonames": "АPU:56719" }, "geometry": { "type": "Point", "coordinates": [ 69.219661, 41.3796429 ] } },
{ "type": "Feature", "properties": { "osm_id": "12534172880", "highway": "traffic_signals", "Туман": "Олмазор", "Name": "Узумбоғ кўча", "ID_Geoname": "АPU:53701", "id": 167, "mahalla": "Ahil MFY", "mahalla_id": 1726280018, "geonames": "АPU:56719" }, "geometry": { "type": "Point", "coordinates": [ 69.2198425, 41.3799403 ] } },
{ "type": "Feature", "properties": { "osm_id": "13191349651", "highway": "traffic_signals", "Туман": "Олмазор", "Name": "Келес йўли кўча", "ID_Geoname": "АPU:53700", "id": 167, "mahalla": "Ahil MFY", "mahalla_id": 1726280018, "geonames": "АPU:56719" }, "geometry": { "type": "Point", "coordinates": [ 69.2154162, 41.3837122 ] } },
{ "type": "Feature", "properties": { "osm_id": "13005441078", "highway": "traffic_signals", "Туман": "Олмазор", "Name": "Келес йўли кўча", "ID_Geoname": "АPU:53700", "id": 167, "mahalla": "Ahil MFY", "mahalla_id": 1726280018, "geonames": "АPU:56719" }, "geometry": { "type": "Point", "coordinates": [ 69.2177782, 41.3815108 ] } },
{ "type": "Feature", "properties": { "osm_id": "367918146", "highway": "traffic_signals", "Туман": "Олмазор", "Name": "Узумбоғ кўча", "ID_Geoname": "АPU:53701", "id": 167, "mahalla": "Ahil MFY", "mahalla_id": 1726280018, "geonames": "АPU:56719" }, "geometry": { "type": "Point", "coordinates": [ 69.2197115, 41.3797053 ] } },
{ "type": "Feature", "properties": { "osm_id": "4320549756", "highway": "traffic_signals", "Туман": "Олмазор", "Name": "Форобий кўча", "ID_Geoname": "АPU:55545", "id": 167, "mahalla": "Chimboy MFY", "mahalla_id": 1726280053, "geonames": "АPU:56757" }, "geometry": { "type": "Point", "coordinates": [ 69.2209976, 41.3391894 ] } },
{ "type": "Feature", "properties": { "osm_id": "6159191457", "highway": "traffic_signals", "Туман": "Олмазор", "Name": "Қорақамиш-4 кўча", "ID_Geoname": "АPU:434340", "id": 167, "mahalla": "Mustaqil yurt MFY", "mahalla_id": 1726280001, "geonames": "АPU:56743" }, "geometry": { "type": "Point", "coordinates": [ 69.2040054, 41.3644598 ] } },
{ "type": "Feature", "properties": { "osm_id": "6087319980", "highway": "traffic_signals", "Туман": "Олмазор", "Name": "Қорақамиш-2 кўча", "ID_Geoname": "АPU:53931", "id": 167, "mahalla": "Mustaqil yurt MFY", "mahalla_id": 1726280001, "geonames": "АPU:56743" }, "geometry": { "type": "Point", "coordinates": [ 69.2036367, 41.3640273 ] } },
{ "type": "Feature", "properties": { "osm_id": "5783489577", "highway": "traffic_signals", "Туман": "Олмазор", "Name": "Бешқўрғон кўча", "ID_Geoname": "АPU:434369", "id": 167, "mahalla": "Mustaqil yurt MFY", "mahalla_id": 1726280001, "geonames": "АPU:56743" }, "geometry": { "type": "Point", "coordinates": [ 69.20423, 41.3668128 ] } },
{ "type": "Feature", "properties": { "osm_id": "12534149399", "highway": "traffic_signals", "Туман": "Олмазор", "Name": "Келес йўли кўча", "ID_Geoname": "АPU:53700", "id": 167, "mahalla": "Moyariq MFY", "mahalla_id": 1726280010, "geonames": "АPU:56742" }, "geometry": { "type": "Point", "coordinates": [ 69.2191146, 41.3800354 ] } },
{ "type": "Feature", "properties": { "osm_id": "13191349401", "highway": "traffic_signals", "Туман": "Олмазор", "Name": "Келес йўли кўча", "ID_Geoname": "АPU:53700", "id": 167, "mahalla": "Moyariq MFY", "mahalla_id": 1726280010, "geonames": "АPU:56742" }, "geometry": { "type": "Point", "coordinates": [ 69.2177525, 41.3814157 ] } },
{ "type": "Feature", "properties": { "osm_id": "13191349404", "highway": "traffic_signals", "Туман": "Олмазор", "Name": "Келес йўли кўча", "ID_Geoname": "АPU:53700", "id": 167, "mahalla": "Moyariq MFY", "mahalla_id": 1726280010, "geonames": "АPU:56742" }, "geometry": { "type": "Point", "coordinates": [ 69.2162712, 41.3828364 ] } },
{ "type": "Feature", "properties": { "osm_id": "13191349650", "highway": "traffic_signals", "Туман": "Олмазор", "Name": "Бирлик кўча", "ID_Geoname": "АPU:293229", "id": 167, "mahalla": "Moyariq MFY", "mahalla_id": 1726280010, "geonames": "АPU:56742" }, "geometry": { "type": "Point", "coordinates": [ 69.2151215, 41.3837785 ] } },
{ "type": "Feature", "properties": { "osm_id": "13005441052", "highway": "traffic_signals", "Туман": "Олмазор", "Name": "Келес йўли кўча", "ID_Geoname": "АPU:53700", "id": 167, "mahalla": "Moyariq MFY", "mahalla_id": 1726280010, "geonames": "АPU:56742" }, "geometry": { "type": "Point", "coordinates": [ 69.2204106, 41.3788148 ] } },
{ "type": "Feature", "properties": { "osm_id": "6087355839", "highway": "traffic_signals", "Туман": "Олмазор", "Name": "Қорақамиш-2 кўча", "ID_Geoname": "АPU:53931", "id": 167, "mahalla": "Shodiyona MFY", "mahalla_id": 1726280007, "geonames": "АPU:282839" }, "geometry": { "type": "Point", "coordinates": [ 69.2144149, 41.3639569 ] } },
{ "type": "Feature", "properties": { "osm_id": "1523036382", "highway": "traffic_signals", "Туман": "Олмазор", "Name": "Қорақамиш кўча", "ID_Geoname": "АPU:293222", "id": 167, "mahalla": "Shodiyona MFY", "mahalla_id": 1726280007, "geonames": "АPU:282839" }, "geometry": { "type": "Point", "coordinates": [ 69.2060367, 41.3584548 ] } },
{ "type": "Feature", "properties": { "osm_id": "1547004857", "highway": "traffic_signals", "Туман": "Олмазор", "Name": "Мухбир кўча", "ID_Geoname": "АPU:53923", "id": 167, "mahalla": "Shodiyona MFY", "mahalla_id": 1726280007, "geonames": "АPU:282839" }, "geometry": { "type": "Point", "coordinates": [ 69.2089545, 41.3629274 ] } },
{ "type": "Feature", "properties": { "osm_id": "5912460925", "highway": "traffic_signals", "Туман": "Олмазор", "Name": "Қорақамиш-4 кўча", "ID_Geoname": "АPU:434340", "id": 167, "mahalla": "Shodiyona MFY", "mahalla_id": 1726280007, "geonames": "АPU:282839" }, "geometry": { "type": "Point", "coordinates": [ 69.2039571, 41.363582 ] } },
{ "type": "Feature", "properties": { "osm_id": "5783489556", "highway": "traffic_signals", "Туман": "Олмазор", "Name": "Мухбир кўча", "ID_Geoname": "АPU:53923", "id": 167, "mahalla": "Shodiyona MFY", "mahalla_id": 1726280007, "geonames": "АPU:282839" }, "geometry": { "type": "Point", "coordinates": [ 69.2042568, 41.3601496 ] } },
{ "type": "Feature", "properties": { "osm_id": "6355974949", "highway": "traffic_signals", "Туман": "Олмазор", "Name": "Қорақамиш кўча", "ID_Geoname": "АPU:293222", "id": 167, "mahalla": "Boʻstonobod MFY", "mahalla_id": 1726280016, "geonames": "АPU:282843" }, "geometry": { "type": "Point", "coordinates": [ 69.2197079, 41.3553537 ] } },
{ "type": "Feature", "properties": { "osm_id": "6205796596", "highway": "traffic_signals", "Туман": "Олмазор", "Name": "Қорақамиш кўча", "ID_Geoname": "АPU:293222", "id": 167, "mahalla": "Boʻstonobod MFY", "mahalla_id": 1726280016, "geonames": "АPU:282843" }, "geometry": { "type": "Point", "coordinates": [ 69.2262171, 41.3559568 ] } },
{ "type": "Feature", "properties": { "osm_id": "6205543699", "highway": "traffic_signals", "Туман": "Олмазор", "Name": "Қорақамиш кўча", "ID_Geoname": "АPU:293222", "id": 167, "mahalla": "Boʻstonobod MFY", "mahalla_id": 1726280016, "geonames": "АPU:282843" }, "geometry": { "type": "Point", "coordinates": [ 69.2264203, 41.3557002 ] } },
{ "type": "Feature", "properties": { "osm_id": "6087355838", "highway": "traffic_signals", "Туман": "Олмазор", "Name": "Қорақамиш-1 кўча", "ID_Geoname": "АPU:53737", "id": 167, "mahalla": "Paxta MFY", "mahalla_id": 1726280011, "geonames": "АPU:56747" }, "geometry": { "type": "Point", "coordinates": [ 69.2148514, 41.3632799 ] } },
{ "type": "Feature", "properties": { "osm_id": "3532235229", "highway": "traffic_signals", "Туман": "Олмазор", "Name": "Сағбон кўча", "ID_Geoname": "АPU:57048", "id": 167, "mahalla": "Paxta MFY", "mahalla_id": 1726280011, "geonames": "АPU:56747" }, "geometry": { "type": "Point", "coordinates": [ 69.2251425, 41.3616152 ] } },
{ "type": "Feature", "properties": { "osm_id": "3532235223", "highway": "traffic_signals", "Туман": "Олмазор", "Name": "Сағбон-11 тор кўча", "ID_Geoname": "АPU:53930", "id": 167, "mahalla": "Paxta MFY", "mahalla_id": 1726280011, "geonames": "АPU:56747" }, "geometry": { "type": "Point", "coordinates": [ 69.2250079, 41.3613519 ] } },
{ "type": "Feature", "properties": { "osm_id": "3532235225", "highway": "traffic_signals", "Туман": "Олмазор", "Name": "Сағбон-12 тор кўча", "ID_Geoname": "АPU:53929", "id": 167, "mahalla": "Paxta MFY", "mahalla_id": 1726280011, "geonames": "АPU:56747" }, "geometry": { "type": "Point", "coordinates": [ 69.2258757, 41.3613458 ] } },
{ "type": "Feature", "properties": { "osm_id": "3532235220", "highway": "traffic_signals", "Туман": "Олмазор", "Name": "Сағбон кўча", "ID_Geoname": "АPU:57048", "id": 167, "mahalla": "Paxta MFY", "mahalla_id": 1726280011, "geonames": "АPU:56747" }, "geometry": { "type": "Point", "coordinates": [ 69.2255406, 41.3611059 ] } },
{ "type": "Feature", "properties": { "osm_id": "13005441059", "highway": "traffic_signals", "Туман": "Олмазор", "Name": "Сағбон кўча", "ID_Geoname": "АPU:57048", "id": 167, "mahalla": "Paxta MFY", "mahalla_id": 1726280011, "geonames": "АPU:56747" }, "geometry": { "type": "Point", "coordinates": [ 69.2252952, 41.3643634 ] } },
{ "type": "Feature", "properties": { "osm_id": "12513018731", "highway": "traffic_signals", "Туман": "Олмазор", "Name": "Сағбон кўча", "ID_Geoname": "АPU:57048", "id": 167, "mahalla": "Paxta MFY", "mahalla_id": 1726280011, "geonames": "АPU:56747" }, "geometry": { "type": "Point", "coordinates": [ 69.2254143, 41.3610867 ] } },
{ "type": "Feature", "properties": { "osm_id": "8123311006", "highway": "traffic_signals", "Туман": "Олмазор", "Name": "Қорасарой кўча", "ID_Geoname": "АPU:53952", "id": 167, "mahalla": "Gulsaroy MFY", "mahalla_id": 1726280030, "geonames": "АPU:282836" }, "geometry": { "type": "Point", "coordinates": [ 69.2394134, 41.3612406 ] } },
{ "type": "Feature", "properties": { "osm_id": "6355974972", "highway": "traffic_signals", "Туман": "Олмазор", "Name": "Зиё кўча", "ID_Geoname": "АPU:293224", "id": 167, "mahalla": "Zamondosh MFY", "mahalla_id": 1726280063, "geonames": "АPU:906747" }, "geometry": { "type": "Point", "coordinates": [ 69.2194672, 41.3537911 ] } },
{ "type": "Feature", "properties": { "osm_id": "6355974957", "highway": "traffic_signals", "Туман": "Олмазор", "Name": "Қорақамиш кўча", "ID_Geoname": "АPU:293222", "id": 167, "mahalla": "Zamondosh MFY", "mahalla_id": 1726280063, "geonames": "АPU:906747" }, "geometry": { "type": "Point", "coordinates": [ 69.2259278, 41.3556 ] } },
{ "type": "Feature", "properties": { "osm_id": "1864793562", "highway": "traffic_signals", "Туман": "Олмазор", "Name": "Кичик ҳалқа йўли кўча", "ID_Geoname": "АPU:53596", "id": 167, "mahalla": "Zamondosh MFY", "mahalla_id": 1726280063, "geonames": "АPU:906747" }, "geometry": { "type": "Point", "coordinates": [ 69.2269932, 41.3499122 ] } },
{ "type": "Feature", "properties": { "osm_id": "6205801042", "highway": "traffic_signals", "Туман": "Олмазор", "Name": "Чимбой кўча", "ID_Geoname": "АPU:57047", "id": 167, "mahalla": "Zamondosh MFY", "mahalla_id": 1726280063, "geonames": "АPU:906747" }, "geometry": { "type": "Point", "coordinates": [ 69.2162955, 41.3474172 ] } },
{ "type": "Feature", "properties": { "osm_id": "6205543700", "highway": "traffic_signals", "Туман": "Олмазор", "Name": "Сағбон кўча", "ID_Geoname": "АPU:57048", "id": 167, "mahalla": "Zamondosh MFY", "mahalla_id": 1726280063, "geonames": "АPU:906747" }, "geometry": { "type": "Point", "coordinates": [ 69.2270338, 41.355711 ] } },
{ "type": "Feature", "properties": { "osm_id": "6019200798", "highway": "traffic_signals", "Туман": "Олмазор", "Name": "Кичик ҳалқа йўли кўча", "ID_Geoname": "АPU:53596", "id": 167, "mahalla": "Zamondosh MFY", "mahalla_id": 1726280063, "geonames": "АPU:906747" }, "geometry": { "type": "Point", "coordinates": [ 69.2268559, 41.3495446 ] } },
{ "type": "Feature", "properties": { "osm_id": "6050565561", "highway": "traffic_signals", "Туман": "Олмазор", "Name": "Кичик ҳалқа йўли кўча", "ID_Geoname": "АPU:53596", "id": 167, "mahalla": "Zamondosh MFY", "mahalla_id": 1726280063, "geonames": "АPU:906747" }, "geometry": { "type": "Point", "coordinates": [ 69.2278148, 41.3494595 ] } },
{ "type": "Feature", "properties": { "osm_id": "6050565559", "highway": "traffic_signals", "Туман": "Олмазор", "Name": "Кичик ҳалқа йўли кўча", "ID_Geoname": "АPU:53596", "id": 167, "mahalla": "Zamondosh MFY", "mahalla_id": 1726280063, "geonames": "АPU:906747" }, "geometry": { "type": "Point", "coordinates": [ 69.2272781, 41.3496313 ] } },
{ "type": "Feature", "properties": { "osm_id": "6087377596", "highway": "traffic_signals", "Туман": "Олмазор", "Name": "Қорақамиш-3 кўча", "ID_Geoname": "АPU:53738", "id": 167, "mahalla": "Gʻalaba MFY", "mahalla_id": 1726280009, "geonames": "АPU:56727" }, "geometry": { "type": "Point", "coordinates": [ 69.2053161, 41.3705319 ] } },
{ "type": "Feature", "properties": { "osm_id": "6087355860", "highway": "traffic_signals", "Туман": "Олмазор", "Name": "Остона кўча", "ID_Geoname": "АPU:53904", "id": 167, "mahalla": "Gʻalaba MFY", "mahalla_id": 1726280009, "geonames": "АPU:56727" }, "geometry": { "type": "Point", "coordinates": [ 69.2148601, 41.3706284 ] } },
{ "type": "Feature", "properties": { "osm_id": "6087389963", "highway": "traffic_signals", "Туман": "Олмазор", "Name": "Қорақамиш-3 кўча", "ID_Geoname": "АPU:53738", "id": 167, "mahalla": "Gʻalaba MFY", "mahalla_id": 1726280009, "geonames": "АPU:56727" }, "geometry": { "type": "Point", "coordinates": [ 69.2146274, 41.3704137 ] } },
{ "type": "Feature", "properties": { "osm_id": "1864793553", "highway": "traffic_signals", "Туман": "Олмазор", "Name": "Кичик ҳалқа йўли кўча", "ID_Geoname": "АPU:53596", "id": 167, "mahalla": "Gʻani Aʻzamov MFY", "mahalla_id": 1726280032, "geonames": "АPU:56728" }, "geometry": { "type": "Point", "coordinates": [ 69.2282506, 41.3495284 ] } },
{ "type": "Feature", "properties": { "osm_id": "6205543698", "highway": "traffic_signals", "Туман": "Олмазор", "Name": "Сағбон кўча", "ID_Geoname": "АPU:57048", "id": 167, "mahalla": "Gʻani Aʻzamov MFY", "mahalla_id": 1726280032, "geonames": "АPU:56728" }, "geometry": { "type": "Point", "coordinates": [ 69.2273229, 41.3554843 ] } },
{ "type": "Feature", "properties": { "osm_id": "6323258177", "highway": "traffic_signals", "Туман": "Олмазор", "Name": "Қорасарой кўча", "ID_Geoname": "АPU:53952", "id": 167, "mahalla": "Taraqqiyot MFY", "mahalla_id": 1726280023, "geonames": "АPU:56989" }, "geometry": { "type": "Point", "coordinates": [ 69.2424475, 41.356843 ] } },
{ "type": "Feature", "properties": { "osm_id": "6323258168", "highway": "traffic_signals", "Туман": "Олмазор", "Name": "Қорасарой кўча", "ID_Geoname": "АPU:53952", "id": 167, "mahalla": "Taraqqiyot MFY", "mahalla_id": 1726280023, "geonames": "АPU:56989" }, "geometry": { "type": "Point", "coordinates": [ 69.2423879, 41.3574999 ] } },
{ "type": "Feature", "properties": { "osm_id": "6323258167", "highway": "traffic_signals", "Туман": "Олмазор", "Name": "Қорасарой кўча", "ID_Geoname": "АPU:53952", "id": 167, "mahalla": "Taraqqiyot MFY", "mahalla_id": 1726280023, "geonames": "АPU:56989" }, "geometry": { "type": "Point", "coordinates": [ 69.242009, 41.3513743 ] } },
{ "type": "Feature", "properties": { "osm_id": "13753424788", "highway": "traffic_signals", "Туман": "Олмазор", "Name": "Олтинсой кўча", "ID_Geoname": "АPU:53781", "id": 167, "mahalla": "Taraqqiyot MFY", "mahalla_id": 1726280023, "geonames": "АPU:56989" }, "geometry": { "type": "Point", "coordinates": [ 69.2391979, 41.3608688 ] } },
{ "type": "Feature", "properties": { "osm_id": "1864787441", "highway": "traffic_signals", "Туман": "Олмазор", "Name": "Кичик ҳалқа йўли кўча", "ID_Geoname": "АPU:53596", "id": 167, "mahalla": "Taraqqiyot MFY", "mahalla_id": 1726280023, "geonames": "АPU:56989" }, "geometry": { "type": "Point", "coordinates": [ 69.2418383, 41.3484126 ] } },
{ "type": "Feature", "properties": { "osm_id": "6321810560", "highway": "traffic_signals", "Туман": "Олмазор", "Name": "Янги Олмазор кўча", "ID_Geoname": "АPU:404248", "id": 167, "mahalla": "Taraqqiyot MFY", "mahalla_id": 1726280023, "geonames": "АPU:56989" }, "geometry": { "type": "Point", "coordinates": [ 69.2521678, 41.3503332 ] } },
{ "type": "Feature", "properties": { "osm_id": "6321811579", "highway": "traffic_signals", "Туман": "Олмазор", "Name": "Янги Олмазор кўча", "ID_Geoname": "АPU:404248", "id": 167, "mahalla": "Taraqqiyot MFY", "mahalla_id": 1726280023, "geonames": "АPU:56989" }, "geometry": { "type": "Point", "coordinates": [ 69.2422788, 41.3512556 ] } },
{ "type": "Feature", "properties": { "osm_id": "6050795450", "highway": "traffic_signals", "Туман": "Олмазор", "Name": "Шимолий Олмазор кўча", "ID_Geoname": "АPU:53965", "id": 167, "mahalla": "Taraqqiyot MFY", "mahalla_id": 1726280023, "geonames": "АPU:56989" }, "geometry": { "type": "Point", "coordinates": [ 69.2521154, 41.3485138 ] } },
{ "type": "Feature", "properties": { "osm_id": "6050761653", "highway": "traffic_signals", "Туман": "Олмазор", "Name": "Қорасарой кўча", "ID_Geoname": "АPU:53952", "id": 167, "mahalla": "Taraqqiyot MFY", "mahalla_id": 1726280023, "geonames": "АPU:56989" }, "geometry": { "type": "Point", "coordinates": [ 69.2420665, 41.3509922 ] } },
{ "type": "Feature", "properties": { "osm_id": "6050748848", "highway": "traffic_signals", "Туман": "Олмазор", "Name": "Қорасарой кўча", "ID_Geoname": "АPU:53952", "id": 167, "mahalla": "Taraqqiyot MFY", "mahalla_id": 1726280023, "geonames": "АPU:56989" }, "geometry": { "type": "Point", "coordinates": [ 69.241528, 41.3486424 ] } },
{ "type": "Feature", "properties": { "osm_id": "3532235231", "highway": "traffic_signals", "Туман": "Олмазор", "Name": "Келес йўли кўча", "ID_Geoname": "АPU:53700", "id": 167, "mahalla": "Yangi Toshkent MFY", "mahalla_id": 1726280008, "geonames": "АPU:282840" }, "geometry": { "type": "Point", "coordinates": [ 69.2251398, 41.3648053 ] } },
{ "type": "Feature", "properties": { "osm_id": "13123332714", "highway": "traffic_signals", "Туман": "Олмазор", "Name": "Норазтепа кўча", "ID_Geoname": "АPU:53752", "id": 167, "mahalla": "Yangi Toshkent MFY", "mahalla_id": 1726280008, "geonames": "АPU:282840" }, "geometry": { "type": "Point", "coordinates": [ 69.2255346, 41.3645839 ] } },
{ "type": "Feature", "properties": { "osm_id": "12513009695", "highway": "traffic_signals", "Туман": "Олмазор", "Name": "Келес йўли кўча", "ID_Geoname": "АPU:53700", "id": 167, "mahalla": "Yangi Toshkent MFY", "mahalla_id": 1726280008, "geonames": "АPU:282840" }, "geometry": { "type": "Point", "coordinates": [ 69.2252047, 41.3701633 ] } },
{ "type": "Feature", "properties": { "osm_id": "12513009685", "highway": "traffic_signals", "Туман": "Олмазор", "Name": "Сағбон Оқтепа кўча", "ID_Geoname": "АPU:53811", "id": 167, "mahalla": "Yangi Toshkent MFY", "mahalla_id": 1726280008, "geonames": "АPU:282840" }, "geometry": { "type": "Point", "coordinates": [ 69.2253437, 41.3703169 ] } },
{ "type": "Feature", "properties": { "osm_id": "5651600529", "highway": "traffic_signals", "Туман": "Олмазор", "Name": "Шифокорлар кўча", "ID_Geoname": "АPU:53765", "id": 167, "mahalla": "Xislat MFY", "mahalla_id": 1726280055, "geonames": "АPU:56753" }, "geometry": { "type": "Point", "coordinates": [ 69.1839261, 41.3590928 ] } },
{ "type": "Feature", "properties": { "osm_id": "5651600530", "highway": "traffic_signals", "Туман": "Олмазор", "Name": "Шифокорлар кўча", "ID_Geoname": "АPU:53765", "id": 167, "mahalla": "Xislat MFY", "mahalla_id": 1726280055, "geonames": "АPU:56753" }, "geometry": { "type": "Point", "coordinates": [ 69.1839066, 41.3592133 ] } },
{ "type": "Feature", "properties": { "osm_id": "5323191955", "highway": "traffic_signals", "Туман": "Олмазор", "Name": "Соғлом авлод кўча", "ID_Geoname": "АPU:917766", "id": 167, "mahalla": "Xislat MFY", "mahalla_id": 1726280055, "geonames": "АPU:56753" }, "geometry": { "type": "Point", "coordinates": [ 69.1762193, 41.356719 ] } },
{ "type": "Feature", "properties": { "osm_id": "13627044443", "highway": "traffic_signals", "Туман": "Олмазор", "Name": "Шифокорлар кўча", "ID_Geoname": "АPU:53765", "id": 167, "mahalla": "Xislat MFY", "mahalla_id": 1726280055, "geonames": "АPU:56753" }, "geometry": { "type": "Point", "coordinates": [ 69.1795652, 41.3552323 ] } },
{ "type": "Feature", "properties": { "osm_id": "6087010215", "highway": "traffic_signals", "Туман": "Олмазор", "Name": "Алломалар кўча", "ID_Geoname": "АPU:53736", "id": 167, "mahalla": "Xislat MFY", "mahalla_id": 1726280055, "geonames": "АPU:56753" }, "geometry": { "type": "Point", "coordinates": [ 69.185685, 41.3636794 ] } },
{ "type": "Feature", "properties": { "osm_id": "5840391630", "highway": "traffic_signals", "Туман": "Шайхонтоҳур", "Name": "Катта ҳалқа йўли кўча", "ID_Geoname": "АPU:53220", "id": 186, "mahalla": "Ibn Sino MFY", "mahalla_id": 1726277008, "geonames": "АPU:56883" }, "geometry": { "type": "Point", "coordinates": [ 69.1615157, 41.3313955 ] } },
{ "type": "Feature", "properties": { "osm_id": "5840391629", "highway": "traffic_signals", "Туман": "Шайхонтоҳур", "Name": "Катта ҳалқа йўли кўча", "ID_Geoname": "АPU:53220", "id": 186, "mahalla": "Ibn Sino MFY", "mahalla_id": 1726277008, "geonames": "АPU:56883" }, "geometry": { "type": "Point", "coordinates": [ 69.1616407, 41.331116 ] } },
{ "type": "Feature", "properties": { "osm_id": "2103294481", "highway": "traffic_signals", "Туман": "Шайхонтоҳур", "Name": "Беруний кўча", "ID_Geoname": "АPU:55460", "id": 186, "mahalla": "Bogʻkoʻcha MFY", "mahalla_id": 1726277031, "geonames": "АPU:56876" }, "geometry": { "type": "Point", "coordinates": [ 69.222114, 41.330522 ] } },
{ "type": "Feature", "properties": { "osm_id": "2103294481", "highway": "traffic_signals", "Туман": "Шайхонтоҳур", "Name": "Беруний кўча", "ID_Geoname": "АPU:55460", "id": 186, "mahalla": "Bogʻkoʻcha MFY", "mahalla_id": 1726277031, "geonames": "АPU:56876" }, "geometry": { "type": "Point", "coordinates": [ 69.222114, 41.330522 ] } },
{ "type": "Feature", "properties": { "osm_id": "2103294485", "highway": "traffic_signals", "Туман": "Шайхонтоҳур", "Name": "Беруний кўча", "ID_Geoname": "АPU:55460", "id": 186, "mahalla": "Bogʻkoʻcha MFY", "mahalla_id": 1726277031, "geonames": "АPU:56876" }, "geometry": { "type": "Point", "coordinates": [ 69.2214444, 41.3308945 ] } },
{ "type": "Feature", "properties": { "osm_id": "2103294485", "highway": "traffic_signals", "Туман": "Шайхонтоҳур", "Name": "Беруний кўча", "ID_Geoname": "АPU:55460", "id": 186, "mahalla": "Bogʻkoʻcha MFY", "mahalla_id": 1726277031, "geonames": "АPU:56876" }, "geometry": { "type": "Point", "coordinates": [ 69.2214444, 41.3308945 ] } },
{ "type": "Feature", "properties": { "osm_id": "4373155013", "highway": "traffic_signals", "Туман": "Шайхонтоҳур", "Name": "Нурафшон шоҳкўча", "ID_Geoname": "АPU:252732", "id": 186, "mahalla": "Bogʻkoʻcha MFY", "mahalla_id": 1726277031, "geonames": "АPU:56876" }, "geometry": { "type": "Point", "coordinates": [ 69.2181386, 41.3324856 ] } },
{ "type": "Feature", "properties": { "osm_id": "4373155013", "highway": "traffic_signals", "Туман": "Шайхонтоҳур", "Name": "Нурафшон шоҳкўча", "ID_Geoname": "АPU:252732", "id": 186, "mahalla": "Bogʻkoʻcha MFY", "mahalla_id": 1726277031, "geonames": "АPU:56876" }, "geometry": { "type": "Point", "coordinates": [ 69.2181386, 41.3324856 ] } },
{ "type": "Feature", "properties": { "osm_id": "1976808692", "highway": "traffic_signals", "Туман": "Шайхонтоҳур", "Name": "Беруний кўча", "ID_Geoname": "АPU:55460", "id": 186, "mahalla": "Ilgʻor MFY", "mahalla_id": 1726277034, "geonames": "АPU:56884" }, "geometry": { "type": "Point", "coordinates": [ 69.2135747, 41.3353747 ] } },
{ "type": "Feature", "properties": { "osm_id": "1976808692", "highway": "traffic_signals", "Туман": "Шайхонтоҳур", "Name": "Беруний кўча", "ID_Geoname": "АPU:55460", "id": 186, "mahalla": "Ilgʻor MFY", "mahalla_id": 1726277034, "geonames": "АPU:56884" }, "geometry": { "type": "Point", "coordinates": [ 69.2135747, 41.3353747 ] } },
{ "type": "Feature", "properties": { "osm_id": "3146954822", "highway": "traffic_signals", "Туман": "Шайхонтоҳур", "Name": "Беруний кўча", "ID_Geoname": "АPU:55460", "id": 186, "mahalla": "Ilgʻor MFY", "mahalla_id": 1726277034, "geonames": "АPU:56884" }, "geometry": { "type": "Point", "coordinates": [ 69.2179364, 41.3329012 ] } },
{ "type": "Feature", "properties": { "osm_id": "3146954822", "highway": "traffic_signals", "Туман": "Шайхонтоҳур", "Name": "Беруний кўча", "ID_Geoname": "АPU:55460", "id": 186, "mahalla": "Ilgʻor MFY", "mahalla_id": 1726277034, "geonames": "АPU:56884" }, "geometry": { "type": "Point", "coordinates": [ 69.2179364, 41.3329012 ] } },
{ "type": "Feature", "properties": { "osm_id": "5783943075", "highway": "traffic_signals", "Туман": "Шайхонтоҳур", "Name": "Алоқа кўча", "ID_Geoname": "АPU:53668", "id": 186, "mahalla": "Ilgʻor MFY", "mahalla_id": 1726277034, "geonames": "АPU:56884" }, "geometry": { "type": "Point", "coordinates": [ 69.213733, 41.3351937 ] } },
{ "type": "Feature", "properties": { "osm_id": "5783943075", "highway": "traffic_signals", "Туман": "Шайхонтоҳур", "Name": "Алоқа кўча", "ID_Geoname": "АPU:53668", "id": 186, "mahalla": "Ilgʻor MFY", "mahalla_id": 1726277034, "geonames": "АPU:56884" }, "geometry": { "type": "Point", "coordinates": [ 69.213733, 41.3351937 ] } },
{ "type": "Feature", "properties": { "osm_id": "1966255918", "highway": "traffic_signals", "Туман": "Шайхонтоҳур", "Name": "Кўкча Дарвоза кўча", "ID_Geoname": "АPU:303220", "id": 186, "mahalla": "Kattahovuz MFY", "mahalla_id": 1726277029, "geonames": "АPU:56889" }, "geometry": { "type": "Point", "coordinates": [ 69.2249109, 41.3204924 ] } },
{ "type": "Feature", "properties": { "osm_id": "5649816812", "highway": "traffic_signals", "Туман": "Шайхонтоҳур", "Name": "Форобий кўча", "ID_Geoname": "АPU:55545", "id": 186, "mahalla": "Beltepa MFY", "mahalla_id": 1726277001, "geonames": "АPU:56875" }, "geometry": { "type": "Point", "coordinates": [ 69.1783185, 41.3492374 ] } },
{ "type": "Feature", "properties": { "osm_id": "5649816812", "highway": "traffic_signals", "Туман": "Шайхонтоҳур", "Name": "Форобий кўча", "ID_Geoname": "АPU:55545", "id": 186, "mahalla": "Beltepa MFY", "mahalla_id": 1726277001, "geonames": "АPU:56875" }, "geometry": { "type": "Point", "coordinates": [ 69.1783185, 41.3492374 ] } },
{ "type": "Feature", "properties": { "osm_id": "12247554874", "highway": "traffic_signals", "Туман": "Шайхонтоҳур", "Name": "Форобий кўча", "ID_Geoname": "АPU:55545", "id": 186, "mahalla": "Beltepa MFY", "mahalla_id": 1726277001, "geonames": "АPU:56875" }, "geometry": { "type": "Point", "coordinates": [ 69.169535, 41.3482785 ] } },
{ "type": "Feature", "properties": { "osm_id": "12247554874", "highway": "traffic_signals", "Туман": "Шайхонтоҳур", "Name": "Форобий кўча", "ID_Geoname": "АPU:55545", "id": 186, "mahalla": "Beltepa MFY", "mahalla_id": 1726277001, "geonames": "АPU:56875" }, "geometry": { "type": "Point", "coordinates": [ 69.169535, 41.3482785 ] } },
{ "type": "Feature", "properties": { "osm_id": "13297153533", "highway": "traffic_signals", "Туман": "Шайхонтоҳур", "Name": "Форобий кўча", "ID_Geoname": "АPU:55545", "id": 186, "mahalla": "Beltepa MFY", "mahalla_id": 1726277001, "geonames": "АPU:56875" }, "geometry": { "type": "Point", "coordinates": [ 69.1702551, 41.3482764 ] } },
{ "type": "Feature", "properties": { "osm_id": "13297153533", "highway": "traffic_signals", "Туман": "Шайхонтоҳур", "Name": "Форобий кўча", "ID_Geoname": "АPU:55545", "id": 186, "mahalla": "Beltepa MFY", "mahalla_id": 1726277001, "geonames": "АPU:56875" }, "geometry": { "type": "Point", "coordinates": [ 69.1702551, 41.3482764 ] } },
{ "type": "Feature", "properties": { "osm_id": "7706786791", "highway": "traffic_signals", "Туман": "Шайхонтоҳур", "Name": "Катта ҳалқа йўли кўча", "ID_Geoname": "АPU:53220", "id": 186, "mahalla": "Beltepa MFY", "mahalla_id": 1726277001, "geonames": "АPU:56875" }, "geometry": { "type": "Point", "coordinates": [ 69.1654248, 41.3479741 ] } },
{ "type": "Feature", "properties": { "osm_id": "5840512353", "highway": "traffic_signals", "Туман": "Шайхонтоҳур", "Name": "Форобий кўча", "ID_Geoname": "АPU:55545", "id": 186, "mahalla": "Beltepa MFY", "mahalla_id": 1726277001, "geonames": "АPU:56875" }, "geometry": { "type": "Point", "coordinates": [ 69.1743316, 41.3484471 ] } },
{ "type": "Feature", "properties": { "osm_id": "5840512353", "highway": "traffic_signals", "Туман": "Шайхонтоҳур", "Name": "Форобий кўча", "ID_Geoname": "АPU:55545", "id": 186, "mahalla": "Beltepa MFY", "mahalla_id": 1726277001, "geonames": "АPU:56875" }, "geometry": { "type": "Point", "coordinates": [ 69.1743316, 41.3484471 ] } },
{ "type": "Feature", "properties": { "osm_id": "9366065634", "highway": "traffic_signals", "Туман": "Шайхонтоҳур", "Name": "Нурафшон шоҳкўча", "ID_Geoname": "АPU:252732", "id": 186, "mahalla": "Kohota MFY", "mahalla_id": 1726277020, "geonames": "АPU:56890" }, "geometry": { "type": "Point", "coordinates": [ 69.257156, 41.3377252 ] } },
{ "type": "Feature", "properties": { "osm_id": "13328825955", "highway": "traffic_signals", "Туман": "Шайхонтоҳур", "Name": "Нурафшон шоҳкўча", "ID_Geoname": "АPU:252732", "id": 186, "mahalla": "Kohota MFY", "mahalla_id": 1726277020, "geonames": "АPU:56890" }, "geometry": { "type": "Point", "coordinates": [ 69.2574096, 41.3379968 ] } },
{ "type": "Feature", "properties": { "osm_id": "4389669669", "highway": "traffic_signals", "Туман": "Шайхонтоҳур", "Name": "Зулфияхоним кўча", "ID_Geoname": "АPU:55486", "id": 186, "mahalla": "Kohota MFY", "mahalla_id": 1726277020, "geonames": "АPU:56890" }, "geometry": { "type": "Point", "coordinates": [ 69.2519275, 41.3319556 ] } },
{ "type": "Feature", "properties": { "osm_id": "1919800840", "highway": "traffic_signals", "Туман": "Шайхонтоҳур", "Name": "Лабзак кўча", "ID_Geoname": "АPU:55495", "id": 186, "mahalla": "Kohota MFY", "mahalla_id": 1726277020, "geonames": "АPU:56890" }, "geometry": { "type": "Point", "coordinates": [ 69.2645422, 41.3350058 ] } },
{ "type": "Feature", "properties": { "osm_id": "13289881735", "highway": "traffic_signals", "Туман": "Шайхонтоҳур", "Name": "Нурафшон шоҳкўча", "ID_Geoname": "АPU:252732", "id": 186, "mahalla": "Kohota MFY", "mahalla_id": 1726277020, "geonames": "АPU:56890" }, "geometry": { "type": "Point", "coordinates": [ 69.2637976, 41.3348424 ] } },
{ "type": "Feature", "properties": { "osm_id": "6016965049", "highway": "traffic_signals", "Туман": "Шайхонтоҳур", "Name": "Себзор кўча", "ID_Geoname": "АPU:55813", "id": 186, "mahalla": "Kohota MFY", "mahalla_id": 1726277020, "geonames": "АPU:56890" }, "geometry": { "type": "Point", "coordinates": [ 69.2568404, 41.3377205 ] } },
{ "type": "Feature", "properties": { "osm_id": "6016965049", "highway": "traffic_signals", "Туман": "Шайхонтоҳур", "Name": "Себзор кўча", "ID_Geoname": "АPU:55813", "id": 186, "mahalla": "Kohota MFY", "mahalla_id": 1726277020, "geonames": "АPU:56890" }, "geometry": { "type": "Point", "coordinates": [ 69.2568404, 41.3377205 ] } },
{ "type": "Feature", "properties": { "osm_id": "10012620033", "highway": "traffic_signals", "Туман": "Шайхонтоҳур", "Name": "Нурафшон шоҳкўча", "ID_Geoname": "АPU:252732", "id": 186, "mahalla": "Kohota MFY", "mahalla_id": 1726277020, "geonames": "АPU:56890" }, "geometry": { "type": "Point", "coordinates": [ 69.2571734, 41.3375039 ] } },
{ "type": "Feature", "properties": { "osm_id": "3428134686", "highway": "traffic_signals", "Туман": "Шайхонтоҳур", "Name": "Зулфияхоним кўча", "ID_Geoname": "АPU:55486", "id": 186, "mahalla": "Kohota MFY", "mahalla_id": 1726277020, "geonames": "АPU:56890" }, "geometry": { "type": "Point", "coordinates": [ 69.2570555, 41.3297367 ] } },
{ "type": "Feature", "properties": { "osm_id": "3428146898", "highway": "traffic_signals", "Туман": "Шайхонтоҳур", "Name": "Лабзак кўча", "ID_Geoname": "АPU:55495", "id": 186, "mahalla": "Kohota MFY", "mahalla_id": 1726277020, "geonames": "АPU:56890" }, "geometry": { "type": "Point", "coordinates": [ 69.263201, 41.3303446 ] } },
{ "type": "Feature", "properties": { "osm_id": "3146962056", "highway": "traffic_signals", "Туман": "Шайхонтоҳур", "Name": "Беруний кўча", "ID_Geoname": "АPU:55460", "id": 186, "mahalla": "Gulobod MFY", "mahalla_id": 1726277046, "geonames": "АPU:56879" }, "geometry": { "type": "Point", "coordinates": [ 69.2314639, 41.3252142 ] } },
{ "type": "Feature", "properties": { "osm_id": "3146962056", "highway": "traffic_signals", "Туман": "Шайхонтоҳур", "Name": "Беруний кўча", "ID_Geoname": "АPU:55460", "id": 186, "mahalla": "Gulobod MFY", "mahalla_id": 1726277046, "geonames": "АPU:56879" }, "geometry": { "type": "Point", "coordinates": [ 69.2314639, 41.3252142 ] } },
{ "type": "Feature", "properties": { "osm_id": "5795100160", "highway": "traffic_signals", "Туман": "Шайхонтоҳур", "Name": "Беруний кўча", "ID_Geoname": "АPU:55460", "id": 186, "mahalla": "Gulobod MFY", "mahalla_id": 1726277046, "geonames": "АPU:56879" }, "geometry": { "type": "Point", "coordinates": [ 69.228692, 41.3267817 ] } },
{ "type": "Feature", "properties": { "osm_id": "5795100160", "highway": "traffic_signals", "Туман": "Шайхонтоҳур", "Name": "Беруний кўча", "ID_Geoname": "АPU:55460", "id": 186, "mahalla": "Gulobod MFY", "mahalla_id": 1726277046, "geonames": "АPU:56879" }, "geometry": { "type": "Point", "coordinates": [ 69.228692, 41.3267817 ] } },
{ "type": "Feature", "properties": { "osm_id": "5935893018", "highway": "traffic_signals", "Туман": "Шайхонтоҳур", "Name": "Сағбон кўча", "ID_Geoname": "АPU:57048", "id": 186, "mahalla": "Gulbozor MFY", "mahalla_id": 1726277016, "geonames": "АPU:56878" }, "geometry": { "type": "Point", "coordinates": [ 69.2382137, 41.3289952 ] } },
{ "type": "Feature", "properties": { "osm_id": "5935893018", "highway": "traffic_signals", "Туман": "Шайхонтоҳур", "Name": "Сағбон кўча", "ID_Geoname": "АPU:57048", "id": 186, "mahalla": "Gulbozor MFY", "mahalla_id": 1726277016, "geonames": "АPU:56878" }, "geometry": { "type": "Point", "coordinates": [ 69.2382137, 41.3289952 ] } },
{ "type": "Feature", "properties": { "osm_id": "3146962053", "highway": "traffic_signals", "Туман": "Шайхонтоҳур", "Name": "Беруний кўча", "ID_Geoname": "АPU:55460", "id": 186, "mahalla": "Gulbozor MFY", "mahalla_id": 1726277016, "geonames": "АPU:56878" }, "geometry": { "type": "Point", "coordinates": [ 69.2319861, 41.325087 ] } },
{ "type": "Feature", "properties": { "osm_id": "3146962053", "highway": "traffic_signals", "Туман": "Шайхонтоҳур", "Name": "Беруний кўча", "ID_Geoname": "АPU:55460", "id": 186, "mahalla": "Gulbozor MFY", "mahalla_id": 1726277016, "geonames": "АPU:56878" }, "geometry": { "type": "Point", "coordinates": [ 69.2319861, 41.325087 ] } },
{ "type": "Feature", "properties": { "osm_id": "9854050246", "highway": "traffic_signals", "Туман": "Шайхонтоҳур", "Name": "Навоий кўча", "ID_Geoname": "АPU:55811", "id": 186, "mahalla": "Gulbozor MFY", "mahalla_id": 1726277016, "geonames": "АPU:56878" }, "geometry": { "type": "Point", "coordinates": [ 69.2425318, 41.3221335 ] } },
{ "type": "Feature", "properties": { "osm_id": "9854050255", "highway": "traffic_signals", "Туман": "Шайхонтоҳур", "Name": "Навоий кўча", "ID_Geoname": "АPU:55811", "id": 186, "mahalla": "Gulbozor MFY", "mahalla_id": 1726277016, "geonames": "АPU:56878" }, "geometry": { "type": "Point", "coordinates": [ 69.2425575, 41.3220236 ] } },
{ "type": "Feature", "properties": { "osm_id": "9654252567", "highway": "traffic_signals", "Туман": "Шайхонтоҳур", "Name": "Навоий кўча", "ID_Geoname": "АPU:55811", "id": 186, "mahalla": "Gulbozor MFY", "mahalla_id": 1726277016, "geonames": "АPU:56878" }, "geometry": { "type": "Point", "coordinates": [ 69.2366763, 41.322549 ] } },
{ "type": "Feature", "properties": { "osm_id": "9654252527", "highway": "traffic_signals", "Туман": "Шайхонтоҳур", "Name": "Зарқайнар кўча", "ID_Geoname": "АPU:53796", "id": 186, "mahalla": "Gulbozor MFY", "mahalla_id": 1726277016, "geonames": "АPU:56878" }, "geometry": { "type": "Point", "coordinates": [ 69.2424894, 41.3223124 ] } },
{ "type": "Feature", "properties": { "osm_id": "9654252527", "highway": "traffic_signals", "Туман": "Шайхонтоҳур", "Name": "Зарқайнар кўча", "ID_Geoname": "АPU:53796", "id": 186, "mahalla": "Gulbozor MFY", "mahalla_id": 1726277016, "geonames": "АPU:56878" }, "geometry": { "type": "Point", "coordinates": [ 69.2424894, 41.3223124 ] } },
{ "type": "Feature", "properties": { "osm_id": "9654252520", "highway": "traffic_signals", "Туман": "Шайхонтоҳур", "Name": "Навоий кўча", "ID_Geoname": "АPU:55811", "id": 186, "mahalla": "Gulbozor MFY", "mahalla_id": 1726277016, "geonames": "АPU:56878" }, "geometry": { "type": "Point", "coordinates": [ 69.2396594, 41.3222422 ] } },
{ "type": "Feature", "properties": { "osm_id": "9654252597", "highway": "traffic_signals", "Туман": "Шайхонтоҳур", "Name": "Навоий кўча", "ID_Geoname": "АPU:55811", "id": 186, "mahalla": "Gulbozor MFY", "mahalla_id": 1726277016, "geonames": "АPU:56878" }, "geometry": { "type": "Point", "coordinates": [ 69.2367151, 41.322452 ] } },
{ "type": "Feature", "properties": { "osm_id": "5745022855", "highway": "traffic_signals", "Туман": "Шайхонтоҳур", "Name": "Чақичмон кўча", "ID_Geoname": "АPU:54051", "id": 186, "mahalla": "Gulbozor MFY", "mahalla_id": 1726277016, "geonames": "АPU:56878" }, "geometry": { "type": "Point", "coordinates": [ 69.2357431, 41.3289886 ] } },
{ "type": "Feature", "properties": { "osm_id": "5745022855", "highway": "traffic_signals", "Туман": "Шайхонтоҳур", "Name": "Чақичмон кўча", "ID_Geoname": "АPU:54051", "id": 186, "mahalla": "Gulbozor MFY", "mahalla_id": 1726277016, "geonames": "АPU:56878" }, "geometry": { "type": "Point", "coordinates": [ 69.2357431, 41.3289886 ] } },
{ "type": "Feature", "properties": { "osm_id": "5202617025", "highway": "traffic_signals", "Туман": "Шайхонтоҳур", "Name": "Абай кўча", "ID_Geoname": "АPU:56127", "id": 186, "mahalla": "Janggoh MFY", "mahalla_id": 1726277017, "geonames": "АPU:56880" }, "geometry": { "type": "Point", "coordinates": [ 69.2550698, 41.3256266 ] } },
{ "type": "Feature", "properties": { "osm_id": "3667611441", "highway": "traffic_signals", "Туман": "Шайхонтоҳур", "Name": "Себзор кўча", "ID_Geoname": "АPU:55813", "id": 186, "mahalla": "Janggoh MFY", "mahalla_id": 1726277017, "geonames": "АPU:56880" }, "geometry": { "type": "Point", "coordinates": [ 69.2512752, 41.332022 ] } },
{ "type": "Feature", "properties": { "osm_id": "3667611441", "highway": "traffic_signals", "Туман": "Шайхонтоҳур", "Name": "Себзор кўча", "ID_Geoname": "АPU:55813", "id": 186, "mahalla": "Janggoh MFY", "mahalla_id": 1726277017, "geonames": "АPU:56880" }, "geometry": { "type": "Point", "coordinates": [ 69.2512752, 41.332022 ] } },
{ "type": "Feature", "properties": { "osm_id": "3667611440", "highway": "traffic_signals", "Туман": "Шайхонтоҳур", "Name": "Зулфияхоним кўча", "ID_Geoname": "АPU:55486", "id": 186, "mahalla": "Janggoh MFY", "mahalla_id": 1726277017, "geonames": "АPU:56880" }, "geometry": { "type": "Point", "coordinates": [ 69.2514583, 41.331923 ] } },
{ "type": "Feature", "properties": { "osm_id": "5359046740", "highway": "traffic_signals", "Туман": "Шайхонтоҳур", "Name": "Бўстон-6 тор кўча", "ID_Geoname": "АPU:55405", "id": 186, "mahalla": "Boʻston MFY", "mahalla_id": 1726277006, "geonames": "АPU:56877" }, "geometry": { "type": "Point", "coordinates": [ 69.1976748, 41.3481416 ] } },
{ "type": "Feature", "properties": { "osm_id": "5323228251", "highway": "traffic_signals", "Туман": "Шайхонтоҳур", "Name": "Форобий кўча", "ID_Geoname": "АPU:55545", "id": 186, "mahalla": "Boʻston MFY", "mahalla_id": 1726277006, "geonames": "АPU:56877" }, "geometry": { "type": "Point", "coordinates": [ 69.2008139, 41.3470314 ] } },
{ "type": "Feature", "properties": { "osm_id": "5323228251", "highway": "traffic_signals", "Туман": "Шайхонтоҳур", "Name": "Форобий кўча", "ID_Geoname": "АPU:55545", "id": 186, "mahalla": "Boʻston MFY", "mahalla_id": 1726277006, "geonames": "АPU:56877" }, "geometry": { "type": "Point", "coordinates": [ 69.2008139, 41.3470314 ] } },
{ "type": "Feature", "properties": { "osm_id": "6022760046", "highway": "traffic_signals", "Туман": "Шайхонтоҳур", "Name": "Пахтачи кўча", "ID_Geoname": "АPU:55698", "id": 186, "mahalla": "Boʻston MFY", "mahalla_id": 1726277006, "geonames": "АPU:56877" }, "geometry": { "type": "Point", "coordinates": [ 69.1941531, 41.348577 ] } },
{ "type": "Feature", "properties": { "osm_id": "358185039", "highway": "traffic_signals", "Туман": "Шайхонтоҳур", "Name": "Форобий кўча", "ID_Geoname": "АPU:55545", "id": 186, "mahalla": "Boʻston MFY", "mahalla_id": 1726277006, "geonames": "АPU:56877" }, "geometry": { "type": "Point", "coordinates": [ 69.2064749, 41.3453295 ] } },
{ "type": "Feature", "properties": { "osm_id": "358185039", "highway": "traffic_signals", "Туман": "Шайхонтоҳур", "Name": "Форобий кўча", "ID_Geoname": "АPU:55545", "id": 186, "mahalla": "Boʻston MFY", "mahalla_id": 1726277006, "geonames": "АPU:56877" }, "geometry": { "type": "Point", "coordinates": [ 69.2064749, 41.3453295 ] } },
{ "type": "Feature", "properties": { "osm_id": "4324649433", "highway": "traffic_signals", "Туман": "Шайхонтоҳур", "Name": "Кичик ҳалқа йўли кўча", "ID_Geoname": "АPU:53596", "id": 186, "mahalla": "Ipakchi MFY", "mahalla_id": 1726277009, "geonames": "АPU:56885" }, "geometry": { "type": "Point", "coordinates": [ 69.1940393, 41.3266051 ] } },
{ "type": "Feature", "properties": { "osm_id": "5834978857", "highway": "traffic_signals", "Туман": "Шайхонтоҳур", "Name": "Ипакчи кўча", "ID_Geoname": "АPU:55832", "id": 186, "mahalla": "Ipakchi MFY", "mahalla_id": 1726277009, "geonames": "АPU:56885" }, "geometry": { "type": "Point", "coordinates": [ 69.1960637, 41.3287443 ] } },
{ "type": "Feature", "properties": { "osm_id": "5834978860", "highway": "traffic_signals", "Туман": "Шайхонтоҳур", "Name": "Кичик ҳалқа йўли кўча", "ID_Geoname": "АPU:53596", "id": 186, "mahalla": "Ipakchi MFY", "mahalla_id": 1726277009, "geonames": "АPU:56885" }, "geometry": { "type": "Point", "coordinates": [ 69.1964521, 41.3289088 ] } },
{ "type": "Feature", "properties": { "osm_id": "4381260253", "highway": "traffic_signals", "Туман": "Шайхонтоҳур", "Name": "Нурафшон шоҳкўча", "ID_Geoname": "АPU:252732", "id": 186, "mahalla": "Katta Oqtepa MFY", "mahalla_id": 1726277044, "geonames": "АPU:282821" }, "geometry": { "type": "Point", "coordinates": [ 69.2098938, 41.3019612 ] } },
{ "type": "Feature", "properties": { "osm_id": "6045294591", "highway": "traffic_signals", "Туман": "Шайхонтоҳур", "Name": "Нурафшон шоҳкўча", "ID_Geoname": "АPU:252732", "id": 186, "mahalla": "Katta Oqtepa MFY", "mahalla_id": 1726277044, "geonames": "АPU:282821" }, "geometry": { "type": "Point", "coordinates": [ 69.207893, 41.3050414 ] } },
{ "type": "Feature", "properties": { "osm_id": "1976808743", "highway": "traffic_signals", "Туман": "Шайхонтоҳур", "Name": "Беруний кўча", "ID_Geoname": "АPU:55460", "id": 186, "mahalla": "Zafarobod MFY", "mahalla_id": 1726277012, "geonames": "АPU:56873" }, "geometry": { "type": "Point", "coordinates": [ 69.2068379, 41.3392002 ] } },
{ "type": "Feature", "properties": { "osm_id": "1976808743", "highway": "traffic_signals", "Туман": "Шайхонтоҳур", "Name": "Беруний кўча", "ID_Geoname": "АPU:55460", "id": 186, "mahalla": "Zafarobod MFY", "mahalla_id": 1726277012, "geonames": "АPU:56873" }, "geometry": { "type": "Point", "coordinates": [ 69.2068379, 41.3392002 ] } },
{ "type": "Feature", "properties": { "osm_id": "13136267501", "highway": "traffic_signals", "Туман": "Шайхонтоҳур", "Name": "Қозирабод-2 тор кўча", "ID_Geoname": "АPU:55862", "id": 186, "mahalla": "Kamolon Darvoza MFY", "mahalla_id": 1726277048, "geonames": "АPU:223825" }, "geometry": { "type": "Point", "coordinates": [ 69.2312767, 41.3000431 ] } },
{ "type": "Feature", "properties": { "osm_id": "13136247600", "highway": "traffic_signals", "Туман": "Шайхонтоҳур", "Name": "Қозирабод-2 тор кўча", "ID_Geoname": "АPU:55862", "id": 186, "mahalla": "Kamolon Darvoza MFY", "mahalla_id": 1726277048, "geonames": "АPU:223825" }, "geometry": { "type": "Point", "coordinates": [ 69.2306517, 41.3001623 ] } },
{ "type": "Feature", "properties": { "osm_id": "10141589889", "highway": "traffic_signals", "Туман": "Шайхонтоҳур", "Name": "Сеул кўча", "ID_Geoname": "АPU:363698", "id": 186, "mahalla": "Kamolon Darvoza MFY", "mahalla_id": 1726277048, "geonames": "АPU:223825" }, "geometry": { "type": "Point", "coordinates": [ 69.23125, 41.3002575 ] } },
{ "type": "Feature", "properties": { "osm_id": "10141589891", "highway": "traffic_signals", "Туман": "Шайхонтоҳур", "Name": "Қозирабод-2 тор кўча", "ID_Geoname": "АPU:55862", "id": 186, "mahalla": "Kamolon Darvoza MFY", "mahalla_id": 1726277048, "geonames": "АPU:223825" }, "geometry": { "type": "Point", "coordinates": [ 69.2304907, 41.3003237 ] } },
{ "type": "Feature", "properties": { "osm_id": "4324649424", "highway": "traffic_signals", "Туман": "Шайхонтоҳур", "Name": "Кичик ҳалқа йўли кўча", "ID_Geoname": "АPU:53596", "id": 186, "mahalla": "Koʻkcha MFY", "mahalla_id": 1726277027, "geonames": "АPU:56891" }, "geometry": { "type": "Point", "coordinates": [ 69.1936784, 41.3258868 ] } },
{ "type": "Feature", "properties": { "osm_id": "3132805050", "highway": "traffic_signals", "Туман": "Шайхонтоҳур", "Name": "Бешқайрағоч кўча", "ID_Geoname": "АPU:55692", "id": 186, "mahalla": "Koʻkcha MFY", "mahalla_id": 1726277027, "geonames": "АPU:56891" }, "geometry": { "type": "Point", "coordinates": [ 69.193487, 41.3224611 ] } },
{ "type": "Feature", "properties": { "osm_id": "3132805050", "highway": "traffic_signals", "Туман": "Шайхонтоҳур", "Name": "Бешқайрағоч кўча", "ID_Geoname": "АPU:55692", "id": 186, "mahalla": "Koʻkcha MFY", "mahalla_id": 1726277027, "geonames": "АPU:56891" }, "geometry": { "type": "Point", "coordinates": [ 69.193487, 41.3224611 ] } },
{ "type": "Feature", "properties": { "osm_id": "5834978858", "highway": "traffic_signals", "Туман": "Шайхонтоҳур", "Name": "Қўрғонча кўча", "ID_Geoname": "АPU:303202", "id": 186, "mahalla": "Koʻkcha MFY", "mahalla_id": 1726277027, "geonames": "АPU:56891" }, "geometry": { "type": "Point", "coordinates": [ 69.196725, 41.328627 ] } },
{ "type": "Feature", "properties": { "osm_id": "5834978859", "highway": "traffic_signals", "Туман": "Шайхонтоҳур", "Name": "Кичик ҳалқа йўли кўча", "ID_Geoname": "АPU:53596", "id": 186, "mahalla": "Koʻkcha MFY", "mahalla_id": 1726277027, "geonames": "АPU:56891" }, "geometry": { "type": "Point", "coordinates": [ 69.1963902, 41.3284915 ] } },
{ "type": "Feature", "properties": { "osm_id": "5915883765", "highway": "traffic_signals", "Туман": "Шайхонтоҳур", "Name": "Кўкча Дарвоза кўча", "ID_Geoname": "АPU:303220", "id": 186, "mahalla": "Koʻkcha MFY", "mahalla_id": 1726277027, "geonames": "АPU:56891" }, "geometry": { "type": "Point", "coordinates": [ 69.2064603, 41.3223393 ] } },
{ "type": "Feature", "properties": { "osm_id": "5917956777", "highway": "traffic_signals", "Туман": "Шайхонтоҳур", "Name": "Қўрғонча кўча", "ID_Geoname": "АPU:303202", "id": 186, "mahalla": "Koʻkcha MFY", "mahalla_id": 1726277027, "geonames": "АPU:56891" }, "geometry": { "type": "Point", "coordinates": [ 69.2061086, 41.3249282 ] } },
{ "type": "Feature", "properties": { "osm_id": "5917956778", "highway": "traffic_signals", "Туман": "Шайхонтоҳур", "Name": "Қўрғонча кўча", "ID_Geoname": "АPU:303202", "id": 186, "mahalla": "Koʻkcha MFY", "mahalla_id": 1726277027, "geonames": "АPU:56891" }, "geometry": { "type": "Point", "coordinates": [ 69.2064473, 41.3249186 ] } },
{ "type": "Feature", "properties": { "osm_id": "5917956771", "highway": "traffic_signals", "Туман": "Шайхонтоҳур", "Name": "Оқсой кўча", "ID_Geoname": "АPU:55558", "id": 186, "mahalla": "Koʻkcha MFY", "mahalla_id": 1726277027, "geonames": "АPU:56891" }, "geometry": { "type": "Point", "coordinates": [ 69.2062677, 41.3247907 ] } },
{ "type": "Feature", "properties": { "osm_id": "5917956779", "highway": "traffic_signals", "Туман": "Шайхонтоҳур", "Name": "Оқсой кўча", "ID_Geoname": "АPU:55558", "id": 186, "mahalla": "Koʻkcha MFY", "mahalla_id": 1726277027, "geonames": "АPU:56891" }, "geometry": { "type": "Point", "coordinates": [ 69.2062777, 41.3250525 ] } },
{ "type": "Feature", "properties": { "osm_id": "11366986333", "highway": "traffic_signals", "Туман": "Шайхонтоҳур", "Name": "Самарқанд Дарвоза кўча", "ID_Geoname": "АPU:55388", "id": 186, "mahalla": "Zangiota MFY", "mahalla_id": 1726277051, "geonames": "АPU:56882" }, "geometry": { "type": "Point", "coordinates": [ 69.2262444, 41.3136452 ] } },
{ "type": "Feature", "properties": { "osm_id": "359897015", "highway": "traffic_signals", "Туман": "Шайхонтоҳур", "Name": "Самарқанд Дарвоза кўча", "ID_Geoname": "АPU:55388", "id": 186, "mahalla": "Zangiota MFY", "mahalla_id": 1726277051, "geonames": "АPU:56882" }, "geometry": { "type": "Point", "coordinates": [ 69.226099, 41.3133474 ] } },
{ "type": "Feature", "properties": { "osm_id": "5934086643", "highway": "traffic_signals", "Туман": "Юнусобод", "Name": "Дўрмон йўли кўча", "ID_Geoname": "АPU:53417", "id": 12, "mahalla": "Obod MFY", "mahalla_id": 1726266056, "geonames": "АPU:56767" }, "geometry": { "type": "Point", "coordinates": [ 69.3208847, 41.3494647 ] } },
{ "type": "Feature", "properties": { "osm_id": "3121791559", "highway": "traffic_signals", "Туман": "Юнусобод", "Name": "Боғишамол кўча", "ID_Geoname": "АPU:55973", "id": 12, "mahalla": "Obod MFY", "mahalla_id": 1726266056, "geonames": "АPU:56767" }, "geometry": { "type": "Point", "coordinates": [ 69.3241845, 41.3508665 ] } },
{ "type": "Feature", "properties": { "osm_id": "3121791564", "highway": "traffic_signals", "Туман": "Юнусобод", "Name": "Боғишамол кўча", "ID_Geoname": "АPU:55973", "id": 12, "mahalla": "Obod MFY", "mahalla_id": 1726266056, "geonames": "АPU:56767" }, "geometry": { "type": "Point", "coordinates": [ 69.3246155, 41.3511241 ] } },
{ "type": "Feature", "properties": { "osm_id": "5698741312", "highway": "traffic_signals", "Туман": "Юнусобод", "Name": "Янгишаҳар кўча", "ID_Geoname": "АPU:55913", "id": 12, "mahalla": "Oqtepa MFY", "mahalla_id": 1726266025, "geonames": "АPU:282870" }, "geometry": { "type": "Point", "coordinates": [ 69.3101017, 41.3559505 ] } },
{ "type": "Feature", "properties": { "osm_id": "5162627248", "highway": "traffic_signals", "Туман": "Юнусобод", "Name": "Янги Юнусобод кўча", "ID_Geoname": "АPU:56458", "id": 12, "mahalla": "Begʻubor MFY", "mahalla_id": 1726266021, "geonames": "АPU:282873" }, "geometry": { "type": "Point", "coordinates": [ 69.3183429, 41.3721602 ] } },
{ "type": "Feature", "properties": { "osm_id": "4648368421", "highway": "traffic_signals", "Туман": "Юнусобод", "Name": "Юнусота кўча", "ID_Geoname": "АPU:56039", "id": 12, "mahalla": "Begʻubor MFY", "mahalla_id": 1726266021, "geonames": "АPU:282873" }, "geometry": { "type": "Point", "coordinates": [ 69.3116825, 41.3696766 ] } },
{ "type": "Feature", "properties": { "osm_id": "4545270460", "highway": "traffic_signals", "Туман": "Юнусобод", "Name": "Аҳмад Дониш кўча", "ID_Geoname": "АPU:293227", "id": 12, "mahalla": "Bogʻishamol MFY", "mahalla_id": 1726266002, "geonames": "АPU:56928" }, "geometry": { "type": "Point", "coordinates": [ 69.2924477, 41.367149 ] } },
{ "type": "Feature", "properties": { "osm_id": "4545270454", "highway": "traffic_signals", "Туман": "Юнусобод", "Name": "Аҳмад Дониш кўча", "ID_Geoname": "АPU:293227", "id": 12, "mahalla": "Bogʻishamol MFY", "mahalla_id": 1726266002, "geonames": "АPU:56928" }, "geometry": { "type": "Point", "coordinates": [ 69.2922159, 41.3668428 ] } },
{ "type": "Feature", "properties": { "osm_id": "10538343713", "highway": "traffic_signals", "Туман": "Юнусобод", "Name": "Янгишаҳар кўча", "ID_Geoname": "АPU:55913", "id": 12, "mahalla": "Bogʻishamol MFY", "mahalla_id": 1726266002, "geonames": "АPU:56928" }, "geometry": { "type": "Point", "coordinates": [ 69.2914856, 41.3664721 ] } },
{ "type": "Feature", "properties": { "osm_id": "13005122782", "highway": "traffic_signals", "Туман": "Юнусобод", "Name": "Амир Темур шоҳ кўча", "ID_Geoname": "АPU:55912", "id": 12, "mahalla": "Bogʻishamol MFY", "mahalla_id": 1726266002, "geonames": "АPU:56928" }, "geometry": { "type": "Point", "coordinates": [ 69.2859369, 41.3668281 ] } },
{ "type": "Feature", "properties": { "osm_id": "13005122783", "highway": "traffic_signals", "Туман": "Юнусобод", "Name": "Амир Темур шоҳ кўча", "ID_Geoname": "АPU:55912", "id": 12, "mahalla": "Bogʻishamol MFY", "mahalla_id": 1726266002, "geonames": "АPU:56928" }, "geometry": { "type": "Point", "coordinates": [ 69.285697, 41.3669052 ] } },
{ "type": "Feature", "properties": { "osm_id": "5044393997", "highway": "traffic_signals", "Туман": "Юнусобод", "Name": "Янгишаҳар кўча", "ID_Geoname": "АPU:55913", "id": 12, "mahalla": "Bogʻishamol MFY", "mahalla_id": 1726266002, "geonames": "АPU:56928" }, "geometry": { "type": "Point", "coordinates": [ 69.286437, 41.3672864 ] } },
{ "type": "Feature", "properties": { "osm_id": "4337999346", "highway": "traffic_signals", "Туман": "Юнусобод", "Name": "Амир Темур шоҳ кўча", "ID_Geoname": "АPU:55912", "id": 12, "mahalla": "Mingchinor MFY", "mahalla_id": 1726266008, "geonames": "АPU:282881" }, "geometry": { "type": "Point", "coordinates": [ 69.2857255, 41.3678535 ] } },
{ "type": "Feature", "properties": { "osm_id": "13000125352", "highway": "traffic_signals", "Туман": "Юнусобод", "Name": "Амир Темур шоҳ кўча", "ID_Geoname": "АPU:55912", "id": 12, "mahalla": "Mingchinor MFY", "mahalla_id": 1726266008, "geonames": "АPU:282881" }, "geometry": { "type": "Point", "coordinates": [ 69.2855047, 41.3675379 ] } },
{ "type": "Feature", "properties": { "osm_id": "13005122768", "highway": "traffic_signals", "Туман": "Юнусобод", "Name": "Рихсилий кўча", "ID_Geoname": "АPU:55915", "id": 12, "mahalla": "Mingchinor MFY", "mahalla_id": 1726266008, "geonames": "АPU:282881" }, "geometry": { "type": "Point", "coordinates": [ 69.2844804, 41.3674734 ] } },
{ "type": "Feature", "properties": { "osm_id": "13341109572", "highway": "traffic_signals", "Туман": "Юнусобод", "Name": "Рихсилий кўча", "ID_Geoname": "АPU:55915", "id": 12, "mahalla": "Mingchinor MFY", "mahalla_id": 1726266008, "geonames": "АPU:282881" }, "geometry": { "type": "Point", "coordinates": [ 69.280634, 41.3692363 ] } },
{ "type": "Feature", "properties": { "osm_id": "4337999343", "highway": "traffic_signals", "Туман": "Юнусобод", "Name": "Рихсилий кўча", "ID_Geoname": "АPU:55915", "id": 12, "mahalla": "Billur MFY", "mahalla_id": 1726266035, "geonames": "АPU:282882" }, "geometry": { "type": "Point", "coordinates": [ 69.2848858, 41.367139 ] } },
{ "type": "Feature", "properties": { "osm_id": "13341109573", "highway": "traffic_signals", "Туман": "Юнусобод", "Name": "Рихсилий кўча", "ID_Geoname": "АPU:55915", "id": 12, "mahalla": "Billur MFY", "mahalla_id": 1726266035, "geonames": "АPU:282882" }, "geometry": { "type": "Point", "coordinates": [ 69.2802275, 41.3692769 ] } },
{ "type": "Feature", "properties": { "osm_id": "4658443866", "highway": "traffic_signals", "Туман": "Юнусобод", "Name": "Рихсилий кўча", "ID_Geoname": "АPU:55915", "id": 12, "mahalla": "Billur MFY", "mahalla_id": 1726266035, "geonames": "АPU:282882" }, "geometry": { "type": "Point", "coordinates": [ 69.2842013, 41.3674474 ] } },
{ "type": "Feature", "properties": { "osm_id": "2082974771", "highway": "traffic_signals", "Туман": "Юнусобод", "Name": "Осиё кўча", "ID_Geoname": "АPU:56243", "id": 12, "mahalla": "Minor MFY", "mahalla_id": 1726266042, "geonames": "АPU:56938" }, "geometry": { "type": "Point", "coordinates": [ 69.2785704, 41.3282533 ] } },
{ "type": "Feature", "properties": { "osm_id": "2082974771", "highway": "traffic_signals", "Туман": "Юнусобод", "Name": "Осиё кўча", "ID_Geoname": "АPU:56243", "id": 12, "mahalla": "Minor MFY", "mahalla_id": 1726266042, "geonames": "АPU:56938" }, "geometry": { "type": "Point", "coordinates": [ 69.2785704, 41.3282533 ] } },
{ "type": "Feature", "properties": { "osm_id": "7926222224", "highway": "traffic_signals", "Туман": "Юнусобод", "Name": "Осиё кўча", "ID_Geoname": "АPU:56243", "id": 12, "mahalla": "Minor MFY", "mahalla_id": 1726266042, "geonames": "АPU:56938" }, "geometry": { "type": "Point", "coordinates": [ 69.2794942, 41.3283077 ] } },
{ "type": "Feature", "properties": { "osm_id": "7926222224", "highway": "traffic_signals", "Туман": "Юнусобод", "Name": "Осиё кўча", "ID_Geoname": "АPU:56243", "id": 12, "mahalla": "Minor MFY", "mahalla_id": 1726266042, "geonames": "АPU:56938" }, "geometry": { "type": "Point", "coordinates": [ 69.2794942, 41.3283077 ] } },
{ "type": "Feature", "properties": { "osm_id": "7926222227", "highway": "traffic_signals", "Туман": "Юнусобод", "Name": "Осиё кўча", "ID_Geoname": "АPU:56243", "id": 12, "mahalla": "Minor MFY", "mahalla_id": 1726266042, "geonames": "АPU:56938" }, "geometry": { "type": "Point", "coordinates": [ 69.27959, 41.3281508 ] } },
{ "type": "Feature", "properties": { "osm_id": "7926222227", "highway": "traffic_signals", "Туман": "Юнусобод", "Name": "Осиё кўча", "ID_Geoname": "АPU:56243", "id": 12, "mahalla": "Minor MFY", "mahalla_id": 1726266042, "geonames": "АPU:56938" }, "geometry": { "type": "Point", "coordinates": [ 69.27959, 41.3281508 ] } },
{ "type": "Feature", "properties": { "osm_id": "1860764404", "highway": "traffic_signals", "Туман": "Юнусобод", "Name": "Осиё кўча", "ID_Geoname": "АPU:56243", "id": 12, "mahalla": "Minor MFY", "mahalla_id": 1726266042, "geonames": "АPU:56938" }, "geometry": { "type": "Point", "coordinates": [ 69.2748911, 41.3286388 ] } },
{ "type": "Feature", "properties": { "osm_id": "1860764404", "highway": "traffic_signals", "Туман": "Юнусобод", "Name": "Осиё кўча", "ID_Geoname": "АPU:56243", "id": 12, "mahalla": "Minor MFY", "mahalla_id": 1726266042, "geonames": "АPU:56938" }, "geometry": { "type": "Point", "coordinates": [ 69.2748911, 41.3286388 ] } },
{ "type": "Feature", "properties": { "osm_id": "1860768274", "highway": "traffic_signals", "Туман": "Юнусобод", "Name": "Кичик ҳалқа йўли кўча", "ID_Geoname": "АPU:53596", "id": 12, "mahalla": "Minor MFY", "mahalla_id": 1726266042, "geonames": "АPU:56938" }, "geometry": { "type": "Point", "coordinates": [ 69.27904, 41.3350433 ] } },
{ "type": "Feature", "properties": { "osm_id": "7817770697", "highway": "traffic_signals", "Туман": "Юнусобод", "Name": "Амир Темур шоҳ кўча", "ID_Geoname": "АPU:55912", "id": 12, "mahalla": "Minor MFY", "mahalla_id": 1726266042, "geonames": "АPU:56938" }, "geometry": { "type": "Point", "coordinates": [ 69.2832431, 41.3280261 ] } },
{ "type": "Feature", "properties": { "osm_id": "6030303575", "highway": "traffic_signals", "Туман": "Юнусобод", "Name": "Арчазор кўча", "ID_Geoname": "АPU:866178", "id": 12, "mahalla": "Minor MFY", "mahalla_id": 1726266042, "geonames": "АPU:56938" }, "geometry": { "type": "Point", "coordinates": [ 69.2796054, 41.3350994 ] } },
{ "type": "Feature", "properties": { "osm_id": "5998751568", "highway": "traffic_signals", "Туман": "Юнусобод", "Name": "Шароф Рашидов кўча", "ID_Geoname": "АPU:56079", "id": 12, "mahalla": "Minor MFY", "mahalla_id": 1726266042, "geonames": "АPU:56938" }, "geometry": { "type": "Point", "coordinates": [ 69.2745487, 41.3289355 ] } },
{ "type": "Feature", "properties": { "osm_id": "2596535144", "highway": "traffic_signals", "Туман": "Юнусобод", "Name": "Амир Темур шоҳ кўча", "ID_Geoname": "АPU:55912", "id": 12, "mahalla": "Minor MFY", "mahalla_id": 1726266042, "geonames": "АPU:56938" }, "geometry": { "type": "Point", "coordinates": [ 69.2855757, 41.3399849 ] } },
{ "type": "Feature", "properties": { "osm_id": "2596535148", "highway": "traffic_signals", "Туман": "Юнусобод", "Name": "Амир Темур шоҳ кўча", "ID_Geoname": "АPU:55912", "id": 12, "mahalla": "Minor MFY", "mahalla_id": 1726266042, "geonames": "АPU:56938" }, "geometry": { "type": "Point", "coordinates": [ 69.2860003, 41.342265 ] } },
{ "type": "Feature", "properties": { "osm_id": "13424093160", "highway": "traffic_signals", "Туман": "Юнусобод", "Name": "Амир Темур шоҳ кўча", "ID_Geoname": "АPU:55912", "id": 12, "mahalla": "Minor MFY", "mahalla_id": 1726266042, "geonames": "АPU:56938" }, "geometry": { "type": "Point", "coordinates": [ 69.2842993, 41.3331024 ] } },
{ "type": "Feature", "properties": { "osm_id": "13424093157", "highway": "traffic_signals", "Туман": "Юнусобод", "Name": "Амир Темур шоҳ кўча", "ID_Geoname": "АPU:55912", "id": 12, "mahalla": "Minor MFY", "mahalla_id": 1726266042, "geonames": "АPU:56938" }, "geometry": { "type": "Point", "coordinates": [ 69.2835688, 41.32958 ] } },
{ "type": "Feature", "properties": { "osm_id": "2755481587", "highway": "traffic_signals", "Туман": "Юнусобод", "Name": "Кичик ҳалқа йўли кўча", "ID_Geoname": "АPU:53596", "id": 12, "mahalla": "Minor MFY", "mahalla_id": 1726266042, "geonames": "АPU:56938" }, "geometry": { "type": "Point", "coordinates": [ 69.2797623, 41.3347885 ] } },
{ "type": "Feature", "properties": { "osm_id": "2755481590", "highway": "traffic_signals", "Туман": "Юнусобод", "Name": "Кичик ҳалқа йўли кўча", "ID_Geoname": "АPU:53596", "id": 12, "mahalla": "Minor MFY", "mahalla_id": 1726266042, "geonames": "АPU:56938" }, "geometry": { "type": "Point", "coordinates": [ 69.2743245, 41.3378476 ] } },
{ "type": "Feature", "properties": { "osm_id": "2755481586", "highway": "traffic_signals", "Туман": "Юнусобод", "Name": "Шароф Рашидов кўча", "ID_Geoname": "АPU:56079", "id": 12, "mahalla": "Minor MFY", "mahalla_id": 1726266042, "geonames": "АPU:56938" }, "geometry": { "type": "Point", "coordinates": [ 69.2793434, 41.3346278 ] } },
{ "type": "Feature", "properties": { "osm_id": "2596535137", "highway": "traffic_signals", "Туман": "Юнусобод", "Name": "Амир Темур шоҳ кўча", "ID_Geoname": "АPU:55912", "id": 12, "mahalla": "Minor MFY", "mahalla_id": 1726266042, "geonames": "АPU:56938" }, "geometry": { "type": "Point", "coordinates": [ 69.2851573, 41.3377062 ] } },
{ "type": "Feature", "properties": { "osm_id": "13341109595", "highway": "traffic_signals", "Туман": "Юнусобод", "Name": "Рихсилий кўча", "ID_Geoname": "АPU:55915", "id": 12, "mahalla": "Nurmakon MFY", "mahalla_id": 1726266010, "geonames": "АPU:223829" }, "geometry": { "type": "Point", "coordinates": [ 69.2754507, 41.3717936 ] } },
{ "type": "Feature", "properties": { "osm_id": "13637994376", "highway": "traffic_signals", "Туман": "Юнусобод", "Name": "Амир Темур шоҳ кўча", "ID_Geoname": "АPU:55912", "id": 12, "mahalla": "Bogʻieram MFY", "mahalla_id": 1726266003, "geonames": "АPU:223830" }, "geometry": { "type": "Point", "coordinates": [ 69.2876187, 41.3740899 ] } },
{ "type": "Feature", "properties": { "osm_id": "4545270455", "highway": "traffic_signals", "Туман": "Юнусобод", "Name": "Янгишаҳар кўча", "ID_Geoname": "АPU:55913", "id": 12, "mahalla": "Qadrdon MFY", "mahalla_id": 1726266055, "geonames": "АPU:282872" }, "geometry": { "type": "Point", "coordinates": [ 69.2984282, 41.3629884 ] } },
{ "type": "Feature", "properties": { "osm_id": "5162627244", "highway": "traffic_signals", "Туман": "Юнусобод", "Name": "Янги Юнусобод кўча", "ID_Geoname": "АPU:56458", "id": 12, "mahalla": "Qadrdon MFY", "mahalla_id": 1726266055, "geonames": "АPU:282872" }, "geometry": { "type": "Point", "coordinates": [ 69.3091515, 41.3690213 ] } },
{ "type": "Feature", "properties": { "osm_id": "4648368415", "highway": "traffic_signals", "Туман": "Юнусобод", "Name": "Янги Юнусобод кўча", "ID_Geoname": "АPU:56458", "id": 12, "mahalla": "Qadrdon MFY", "mahalla_id": 1726266055, "geonames": "АPU:282872" }, "geometry": { "type": "Point", "coordinates": [ 69.3111906, 41.3696723 ] } },
{ "type": "Feature", "properties": { "osm_id": "13637994380", "highway": "traffic_signals", "Туман": "Юнусобод", "Name": "Амир Темур шоҳ кўча", "ID_Geoname": "АPU:55912", "id": 12, "mahalla": "Kulolqoʻrgʻon MFY", "mahalla_id": 1726266006, "geonames": "АPU:56936" }, "geometry": { "type": "Point", "coordinates": [ 69.2889631, 41.3784903 ] } },
{ "type": "Feature", "properties": { "osm_id": "5733984522", "highway": "traffic_signals", "Туман": "Юнусобод", "Name": "Юнусота кўча", "ID_Geoname": "АPU:56039", "id": 12, "mahalla": "Muruvvat MFY", "mahalla_id": 1726266024, "geonames": "АPU:282877" }, "geometry": { "type": "Point", "coordinates": [ 69.2958024, 41.3756137 ] } },
{ "type": "Feature", "properties": { "osm_id": "13341109546", "highway": "traffic_signals", "Туман": "Юнусобод", "Name": "Хиёбон кўча", "ID_Geoname": "АPU:55957", "id": 12, "mahalla": "Muruvvat MFY", "mahalla_id": 1726266024, "geonames": "АPU:282877" }, "geometry": { "type": "Point", "coordinates": [ 69.2975947, 41.381472 ] } },
{ "type": "Feature", "properties": { "osm_id": "13331990820", "highway": "traffic_signals", "Туман": "Юнусобод", "Name": "Аҳмад Дониш кўча", "ID_Geoname": "АPU:293227", "id": 12, "mahalla": "Qoʻshchinor MFY", "mahalla_id": 1726266039, "geonames": "АPU:56935" }, "geometry": { "type": "Point", "coordinates": [ 69.2767409, 41.3594519 ] } },
{ "type": "Feature", "properties": { "osm_id": "13331976577", "highway": "traffic_signals", "Туман": "Юнусобод", "Name": "Мойқўрғон кўча", "ID_Geoname": "АPU:454727", "id": 12, "mahalla": "Qoʻshchinor MFY", "mahalla_id": 1726266039, "geonames": "АPU:56935" }, "geometry": { "type": "Point", "coordinates": [ 69.277799, 41.3601189 ] } },
{ "type": "Feature", "properties": { "osm_id": "3667640865", "highway": "traffic_signals", "Туман": "Юнусобод", "Name": "Мойқўрғон кўча", "ID_Geoname": "АPU:454727", "id": 12, "mahalla": "Qoʻshchinor MFY", "mahalla_id": 1726266039, "geonames": "АPU:56935" }, "geometry": { "type": "Point", "coordinates": [ 69.2776172, 41.3605165 ] } },
{ "type": "Feature", "properties": { "osm_id": "3571124610", "highway": "traffic_signals", "Туман": "Юнусобод", "Name": "Мойқўрғон кўча", "ID_Geoname": "АPU:454727", "id": 12, "mahalla": "Qoʻshchinor MFY", "mahalla_id": 1726266039, "geonames": "АPU:56935" }, "geometry": { "type": "Point", "coordinates": [ 69.2744155, 41.3636817 ] } },
{ "type": "Feature", "properties": { "osm_id": "13163196988", "highway": "traffic_signals", "Туман": "Юнусобод", "Name": "Аҳмад Дониш кўча", "ID_Geoname": "АPU:293227", "id": 12, "mahalla": "Qoʻshchinor MFY", "mahalla_id": 1726266039, "geonames": "АPU:56935" }, "geometry": { "type": "Point", "coordinates": [ 69.2765767, 41.3595127 ] } },
{ "type": "Feature", "properties": { "osm_id": "2082974768", "highway": "traffic_signals", "Туман": "Юнусобод", "Name": "Осиё кўча", "ID_Geoname": "АPU:56243", "id": 12, "mahalla": "Matonat MFY", "mahalla_id": 1726266041, "geonames": "АPU:56937" }, "geometry": { "type": "Point", "coordinates": [ 69.2791945, 41.3280975 ] } },
{ "type": "Feature", "properties": { "osm_id": "2082974768", "highway": "traffic_signals", "Туман": "Юнусобод", "Name": "Осиё кўча", "ID_Geoname": "АPU:56243", "id": 12, "mahalla": "Matonat MFY", "mahalla_id": 1726266041, "geonames": "АPU:56937" }, "geometry": { "type": "Point", "coordinates": [ 69.2791945, 41.3280975 ] } },
{ "type": "Feature", "properties": { "osm_id": "6341738185", "highway": "traffic_signals", "Туман": "Юнусобод", "Name": "Амир Темур шоҳ кўча", "ID_Geoname": "АPU:55912", "id": 12, "mahalla": "Matonat MFY", "mahalla_id": 1726266041, "geonames": "АPU:56937" }, "geometry": { "type": "Point", "coordinates": [ 69.2823606, 41.3238455 ] } },
{ "type": "Feature", "properties": { "osm_id": "1860764375", "highway": "traffic_signals", "Туман": "Юнусобод", "Name": "Шароф Рашидов кўча", "ID_Geoname": "АPU:56079", "id": 12, "mahalla": "Matonat MFY", "mahalla_id": 1726266041, "geonames": "АPU:56937" }, "geometry": { "type": "Point", "coordinates": [ 69.2728928, 41.3228931 ] } },
{ "type": "Feature", "properties": { "osm_id": "1860764377", "highway": "traffic_signals", "Туман": "Юнусобод", "Name": "Абдулла Қодирий кўча", "ID_Geoname": "АPU:303217", "id": 12, "mahalla": "Matonat MFY", "mahalla_id": 1726266041, "geonames": "АPU:56937" }, "geometry": { "type": "Point", "coordinates": [ 69.2732556, 41.3230106 ] } },
{ "type": "Feature", "properties": { "osm_id": "1860764372", "highway": "traffic_signals", "Туман": "Юнусобод", "Name": "Шароф Рашидов кўча", "ID_Geoname": "АPU:56079", "id": 12, "mahalla": "Matonat MFY", "mahalla_id": 1726266041, "geonames": "АPU:56937" }, "geometry": { "type": "Point", "coordinates": [ 69.2726939, 41.3226559 ] } },
{ "type": "Feature", "properties": { "osm_id": "1860764390", "highway": "traffic_signals", "Туман": "Юнусобод", "Name": "Шароф Рашидов кўча", "ID_Geoname": "АPU:56079", "id": 12, "mahalla": "Matonat MFY", "mahalla_id": 1726266041, "geonames": "АPU:56937" }, "geometry": { "type": "Point", "coordinates": [ 69.2728845, 41.3233442 ] } },
{ "type": "Feature", "properties": { "osm_id": "1860757194", "highway": "traffic_signals", "Туман": "Юнусобод", "Name": "Осиё кўча", "ID_Geoname": "АPU:56243", "id": 12, "mahalla": "Matonat MFY", "mahalla_id": 1726266041, "geonames": "АPU:56937" }, "geometry": { "type": "Point", "coordinates": [ 69.2828013, 41.3277274 ] } },
{ "type": "Feature", "properties": { "osm_id": "1860757194", "highway": "traffic_signals", "Туман": "Юнусобод", "Name": "Осиё кўча", "ID_Geoname": "АPU:56243", "id": 12, "mahalla": "Matonat MFY", "mahalla_id": 1726266041, "geonames": "АPU:56937" }, "geometry": { "type": "Point", "coordinates": [ 69.2828013, 41.3277274 ] } },
{ "type": "Feature", "properties": { "osm_id": "5998734586", "highway": "traffic_signals", "Туман": "Юнусобод", "Name": "Амир Темур шоҳ кўча", "ID_Geoname": "АPU:55912", "id": 12, "mahalla": "Matonat MFY", "mahalla_id": 1726266041, "geonames": "АPU:56937" }, "geometry": { "type": "Point", "coordinates": [ 69.2827419, 41.3256494 ] } },
{ "type": "Feature", "properties": { "osm_id": "362562817", "highway": "traffic_signals", "Туман": "Юнусобод", "Name": "Осиё кўча", "ID_Geoname": "АPU:56243", "id": 12, "mahalla": "Matonat MFY", "mahalla_id": 1726266041, "geonames": "АPU:56937" }, "geometry": { "type": "Point", "coordinates": [ 69.2785545, 41.3281625 ] } },
{ "type": "Feature", "properties": { "osm_id": "362562817", "highway": "traffic_signals", "Туман": "Юнусобод", "Name": "Осиё кўча", "ID_Geoname": "АPU:56243", "id": 12, "mahalla": "Matonat MFY", "mahalla_id": 1726266041, "geonames": "АPU:56937" }, "geometry": { "type": "Point", "coordinates": [ 69.2785545, 41.3281625 ] } },
{ "type": "Feature", "properties": { "osm_id": "4647852063", "highway": "traffic_signals", "Туман": "Юнусобод", "Name": "Катта ҳалқа йўли кўча", "ID_Geoname": "АPU:53220", "id": 12, "mahalla": "Mehnatobod MFY", "mahalla_id": 1726266023, "geonames": "АPU:223826" }, "geometry": { "type": "Point", "coordinates": [ 69.3228599, 41.37336 ] } },
{ "type": "Feature", "properties": { "osm_id": "13339363557", "highway": "traffic_signals", "Туман": "Юнусобод", "Name": "Янги Юнусобод кўча", "ID_Geoname": "АPU:56458", "id": 12, "mahalla": "Mehnatobod MFY", "mahalla_id": 1726266023, "geonames": "АPU:223826" }, "geometry": { "type": "Point", "coordinates": [ 69.3223554, 41.3733366 ] } },
{ "type": "Feature", "properties": { "osm_id": "6855761127", "highway": "traffic_signals", "Туман": "Юнусобод", "Name": "Уста Ширин кўча", "ID_Geoname": "АPU:56055", "id": 12, "mahalla": "Jomiy MFY", "mahalla_id": 1726266037, "geonames": "АPU:56932" }, "geometry": { "type": "Point", "coordinates": [ 69.2633575, 41.3491321 ] } },
{ "type": "Feature", "properties": { "osm_id": "6855761127", "highway": "traffic_signals", "Туман": "Юнусобод", "Name": "Уста Ширин кўча", "ID_Geoname": "АPU:56055", "id": 12, "mahalla": "Jomiy MFY", "mahalla_id": 1726266037, "geonames": "АPU:56932" }, "geometry": { "type": "Point", "coordinates": [ 69.2633575, 41.3491321 ] } },
{ "type": "Feature", "properties": { "osm_id": "6855774806", "highway": "traffic_signals", "Туман": "Юнусобод", "Name": "Уста Ширин кўча", "ID_Geoname": "АPU:56055", "id": 12, "mahalla": "Jomiy MFY", "mahalla_id": 1726266037, "geonames": "АPU:56932" }, "geometry": { "type": "Point", "coordinates": [ 69.2661159, 41.3474 ] } },
{ "type": "Feature", "properties": { "osm_id": "6855774806", "highway": "traffic_signals", "Туман": "Юнусобод", "Name": "Уста Ширин кўча", "ID_Geoname": "АPU:56055", "id": 12, "mahalla": "Jomiy MFY", "mahalla_id": 1726266037, "geonames": "АPU:56932" }, "geometry": { "type": "Point", "coordinates": [ 69.2661159, 41.3474 ] } },
{ "type": "Feature", "properties": { "osm_id": "6855774804", "highway": "traffic_signals", "Туман": "Юнусобод", "Name": "Тахтапул Дарвоза кўча", "ID_Geoname": "АPU:293188", "id": 12, "mahalla": "Jomiy MFY", "mahalla_id": 1726266037, "geonames": "АPU:56932" }, "geometry": { "type": "Point", "coordinates": [ 69.266104, 41.3475684 ] } },
{ "type": "Feature", "properties": { "osm_id": "6855774804", "highway": "traffic_signals", "Туман": "Юнусобод", "Name": "Тахтапул Дарвоза кўча", "ID_Geoname": "АPU:293188", "id": 12, "mahalla": "Jomiy MFY", "mahalla_id": 1726266037, "geonames": "АPU:56932" }, "geometry": { "type": "Point", "coordinates": [ 69.266104, 41.3475684 ] } },
{ "type": "Feature", "properties": { "osm_id": "6855774804", "highway": "traffic_signals", "Туман": "Юнусобод", "Name": "Тахтапул Дарвоза кўча", "ID_Geoname": "АPU:293188", "id": 12, "mahalla": "Jomiy MFY", "mahalla_id": 1726266037, "geonames": "АPU:56932" }, "geometry": { "type": "Point", "coordinates": [ 69.266104, 41.3475684 ] } },
{ "type": "Feature", "properties": { "osm_id": "6855774802", "highway": "traffic_signals", "Туман": "Юнусобод", "Name": "Боғиравон кўча", "ID_Geoname": "АPU:56044", "id": 12, "mahalla": "Jomiy MFY", "mahalla_id": 1726266037, "geonames": "АPU:56932" }, "geometry": { "type": "Point", "coordinates": [ 69.2674621, 41.3467973 ] } },
{ "type": "Feature", "properties": { "osm_id": "6855774803", "highway": "traffic_signals", "Туман": "Юнусобод", "Name": "Уста Ширин кўча", "ID_Geoname": "АPU:56055", "id": 12, "mahalla": "Jomiy MFY", "mahalla_id": 1726266037, "geonames": "АPU:56932" }, "geometry": { "type": "Point", "coordinates": [ 69.2671526, 41.3467581 ] } },
{ "type": "Feature", "properties": { "osm_id": "6855774800", "highway": "traffic_signals", "Туман": "Юнусобод", "Name": "Боғиравон кўча", "ID_Geoname": "АPU:56044", "id": 12, "mahalla": "Jomiy MFY", "mahalla_id": 1726266037, "geonames": "АPU:56932" }, "geometry": { "type": "Point", "coordinates": [ 69.2672087, 41.346569 ] } },
{ "type": "Feature", "properties": { "osm_id": "6855774805", "highway": "traffic_signals", "Туман": "Олмазор", "Name": "Тахтапул Дарвоза кўча", "ID_Geoname": "АPU:293188", "id": 167, "mahalla": "Jomiy MFY", "mahalla_id": 1726266037, "geonames": "АPU:56932" }, "geometry": { "type": "Point", "coordinates": [ 69.2658003, 41.3473726 ] } },
{ "type": "Feature", "properties": { "osm_id": "6855774805", "highway": "traffic_signals", "Туман": "Олмазор", "Name": "Тахтапул Дарвоза кўча", "ID_Geoname": "АPU:293188", "id": 167, "mahalla": "Jomiy MFY", "mahalla_id": 1726266037, "geonames": "АPU:56932" }, "geometry": { "type": "Point", "coordinates": [ 69.2658003, 41.3473726 ] } },
{ "type": "Feature", "properties": { "osm_id": "6855774805", "highway": "traffic_signals", "Туман": "Олмазор", "Name": "Тахтапул Дарвоза кўча", "ID_Geoname": "АPU:293188", "id": 167, "mahalla": "Jomiy MFY", "mahalla_id": 1726266037, "geonames": "АPU:56932" }, "geometry": { "type": "Point", "coordinates": [ 69.2658003, 41.3473726 ] } },
{ "type": "Feature", "properties": { "osm_id": "13341120430", "highway": "traffic_signals", "Туман": "Юнусобод", "Name": "Мойқўрғон кўча", "ID_Geoname": "АPU:454727", "id": 12, "mahalla": "Astrobod MFY", "mahalla_id": 1726266001, "geonames": "АPU:56924" }, "geometry": { "type": "Point", "coordinates": [ 69.2647471, 41.3713669 ] } },
{ "type": "Feature", "properties": { "osm_id": "6213315303", "highway": "traffic_signals", "Туман": "Юнусобод", "Name": "Юқори Қорақамиш кўча", "ID_Geoname": "АPU:56286", "id": 12, "mahalla": "Astrobod MFY", "mahalla_id": 1726266001, "geonames": "АPU:56924" }, "geometry": { "type": "Point", "coordinates": [ 69.2712141, 41.375389 ] } },
{ "type": "Feature", "properties": { "osm_id": "13341109594", "highway": "traffic_signals", "Туман": "Юнусобод", "Name": "Бинкат кўча", "ID_Geoname": "АPU:55984", "id": 12, "mahalla": "Astrobod MFY", "mahalla_id": 1726266001, "geonames": "АPU:56924" }, "geometry": { "type": "Point", "coordinates": [ 69.2748274, 41.371752 ] } },
{ "type": "Feature", "properties": { "osm_id": "13341109596", "highway": "traffic_signals", "Туман": "Юнусобод", "Name": "Рихсилий кўча", "ID_Geoname": "АPU:55915", "id": 12, "mahalla": "Astrobod MFY", "mahalla_id": 1726266001, "geonames": "АPU:56924" }, "geometry": { "type": "Point", "coordinates": [ 69.2748494, 41.3721644 ] } },
{ "type": "Feature", "properties": { "osm_id": "12350556503", "highway": "traffic_signals", "Туман": "Юнусобод", "Name": "Юнусота кўча", "ID_Geoname": "АPU:56039", "id": 12, "mahalla": "Bobodehqon MFY", "mahalla_id": 1726266022, "geonames": "АPU:56929" }, "geometry": { "type": "Point", "coordinates": [ 69.3059147, 41.3741434 ] } },
{ "type": "Feature", "properties": { "osm_id": "12350542300", "highway": "traffic_signals", "Туман": "Юнусобод", "Name": "Деҳқонобод кўча", "ID_Geoname": "АPU:55952", "id": 12, "mahalla": "Bobodehqon MFY", "mahalla_id": 1726266022, "geonames": "АPU:56929" }, "geometry": { "type": "Point", "coordinates": [ 69.3091254, 41.3735868 ] } },
{ "type": "Feature", "properties": { "osm_id": "12350556506", "highway": "traffic_signals", "Туман": "Юнусобод", "Name": "271-Номсиз кўча", "ID_Geoname": null, "id": 12, "mahalla": "Bobodehqon MFY", "mahalla_id": 1726266022, "geonames": "АPU:56929" }, "geometry": { "type": "Point", "coordinates": [ 69.3057483, 41.3742387 ] } },
{ "type": "Feature", "properties": { "osm_id": "4545270461", "highway": "traffic_signals", "Туман": "Юнусобод", "Name": "Янги Юнусобод кўча", "ID_Geoname": "АPU:56458", "id": 12, "mahalla": "Ahilobod MFY", "mahalla_id": 1726266019, "geonames": "АPU:56925" }, "geometry": { "type": "Point", "coordinates": [ 69.2981977, 41.3634625 ] } },
{ "type": "Feature", "properties": { "osm_id": "4545270452", "highway": "traffic_signals", "Туман": "Юнусобод", "Name": "Янгишаҳар кўча", "ID_Geoname": "АPU:55913", "id": 12, "mahalla": "Ahilobod MFY", "mahalla_id": 1726266019, "geonames": "АPU:56925" }, "geometry": { "type": "Point", "coordinates": [ 69.2946874, 41.3652507 ] } },
{ "type": "Feature", "properties": { "osm_id": "6341737984", "highway": "traffic_signals", "Туман": "Юнусобод", "Name": "Амир Темур шоҳ кўча", "ID_Geoname": "АPU:55912", "id": 12, "mahalla": "Buyuk Turon MFY", "mahalla_id": 1726266052, "geonames": "АPU:282866" }, "geometry": { "type": "Point", "coordinates": [ 69.2825396, 41.3236542 ] } },
{ "type": "Feature", "properties": { "osm_id": "13637994365", "highway": "traffic_signals", "Туман": "Юнусобод", "Name": "Амир Темур шоҳ кўча", "ID_Geoname": "АPU:55912", "id": 12, "mahalla": "Buyuk Turon MFY", "mahalla_id": 1726266052, "geonames": "АPU:282866" }, "geometry": { "type": "Point", "coordinates": [ 69.2822094, 41.3220405 ] } },
{ "type": "Feature", "properties": { "osm_id": "1860752016", "highway": "traffic_signals", "Туман": "Юнусобод", "Name": "Осиё кўча", "ID_Geoname": "АPU:56243", "id": 12, "mahalla": "Buyuk Turon MFY", "mahalla_id": 1726266052, "geonames": "АPU:282866" }, "geometry": { "type": "Point", "coordinates": [ 69.2905157, 41.326897 ] } },
{ "type": "Feature", "properties": { "osm_id": "1860752016", "highway": "traffic_signals", "Туман": "Юнусобод", "Name": "Осиё кўча", "ID_Geoname": "АPU:56243", "id": 12, "mahalla": "Buyuk Turon MFY", "mahalla_id": 1726266052, "geonames": "АPU:282866" }, "geometry": { "type": "Point", "coordinates": [ 69.2905157, 41.326897 ] } },
{ "type": "Feature", "properties": { "osm_id": "5998734587", "highway": "traffic_signals", "Туман": "Юнусобод", "Name": "Амир Темур шоҳ кўча", "ID_Geoname": "АPU:55912", "id": 12, "mahalla": "Buyuk Turon MFY", "mahalla_id": 1726266052, "geonames": "АPU:282866" }, "geometry": { "type": "Point", "coordinates": [ 69.2828887, 41.3253666 ] } },
{ "type": "Feature", "properties": { "osm_id": "5998734588", "highway": "traffic_signals", "Туман": "Юнусобод", "Name": "Ниёзбек йўли кўча", "ID_Geoname": "АPU:56248", "id": 12, "mahalla": "Buyuk Turon MFY", "mahalla_id": 1726266052, "geonames": "АPU:282866" }, "geometry": { "type": "Point", "coordinates": [ 69.2831487, 41.3255048 ] } },
{ "type": "Feature", "properties": { "osm_id": "5998734588", "highway": "traffic_signals", "Туман": "Юнусобод", "Name": "Ниёзбек йўли кўча", "ID_Geoname": "АPU:56248", "id": 12, "mahalla": "Buyuk Turon MFY", "mahalla_id": 1726266052, "geonames": "АPU:282866" }, "geometry": { "type": "Point", "coordinates": [ 69.2831487, 41.3255048 ] } },
{ "type": "Feature", "properties": { "osm_id": "5995451151", "highway": "traffic_signals", "Туман": "Юнусобод", "Name": "Амир Темур шоҳ кўча", "ID_Geoname": "АPU:55912", "id": 12, "mahalla": "Buyuk Turon MFY", "mahalla_id": 1726266052, "geonames": "АPU:282866" }, "geometry": { "type": "Point", "coordinates": [ 69.2833087, 41.3274274 ] } },
{ "type": "Feature", "properties": { "osm_id": "2798514937", "highway": "traffic_signals", "Туман": "Юнусобод", "Name": "Шаҳрисабз кўча", "ID_Geoname": "АPU:53546", "id": 12, "mahalla": "Buyuk Turon MFY", "mahalla_id": 1726266052, "geonames": "АPU:282866" }, "geometry": { "type": "Point", "coordinates": [ 69.2813863, 41.3167371 ] } },
{ "type": "Feature", "properties": { "osm_id": "2798514931", "highway": "traffic_signals", "Туман": "Юнусобод", "Name": "Амир Темур шоҳ кўча", "ID_Geoname": "АPU:55912", "id": 12, "mahalla": "Buyuk Turon MFY", "mahalla_id": 1726266052, "geonames": "АPU:282866" }, "geometry": { "type": "Point", "coordinates": [ 69.280993, 41.3163724 ] } },
{ "type": "Feature", "properties": { "osm_id": "6918344882", "highway": "traffic_signals", "Туман": "Юнусобод", "Name": "Истиқлол кўча", "ID_Geoname": "АPU:53876", "id": 12, "mahalla": "Buyuk Turon MFY", "mahalla_id": 1726266052, "geonames": "АPU:282866" }, "geometry": { "type": "Point", "coordinates": [ 69.2809276, 41.3150175 ] } },
{ "type": "Feature", "properties": { "osm_id": "12550020720", "highway": "traffic_signals", "Туман": "Юнусобод", "Name": "Мойқўрғон кўча", "ID_Geoname": "АPU:454727", "id": 12, "mahalla": "Adolat MFY", "mahalla_id": 1726266033, "geonames": "АPU:56922" }, "geometry": { "type": "Point", "coordinates": [ 69.2747476, 41.3637709 ] } },
{ "type": "Feature", "properties": { "osm_id": "13285994607", "highway": "traffic_signals", "Туман": "Юнусобод", "Name": "Аҳмад Дониш кўча", "ID_Geoname": "АPU:293227", "id": 12, "mahalla": "Adolat MFY", "mahalla_id": 1726266033, "geonames": "АPU:56922" }, "geometry": { "type": "Point", "coordinates": [ 69.2799486, 41.3608545 ] } },
{ "type": "Feature", "properties": { "osm_id": "13285981492", "highway": "traffic_signals", "Туман": "Юнусобод", "Name": "Аҳмад Дониш кўча", "ID_Geoname": "АPU:293227", "id": 12, "mahalla": "Adolat MFY", "mahalla_id": 1726266033, "geonames": "АPU:56922" }, "geometry": { "type": "Point", "coordinates": [ 69.2837548, 41.362534 ] } },
{ "type": "Feature", "properties": { "osm_id": "13285981487", "highway": "traffic_signals", "Туман": "Юнусобод", "Name": "Аҳмад Дониш кўча", "ID_Geoname": "АPU:293227", "id": 12, "mahalla": "Adolat MFY", "mahalla_id": 1726266033, "geonames": "АPU:56922" }, "geometry": { "type": "Point", "coordinates": [ 69.2797732, 41.3609769 ] } },
{ "type": "Feature", "properties": { "osm_id": "13285981490", "highway": "traffic_signals", "Туман": "Юнусобод", "Name": "Аҳмад Дониш кўча", "ID_Geoname": "АPU:293227", "id": 12, "mahalla": "Adolat MFY", "mahalla_id": 1726266033, "geonames": "АPU:56922" }, "geometry": { "type": "Point", "coordinates": [ 69.2836158, 41.3626538 ] } },
{ "type": "Feature", "properties": { "osm_id": "1854295990", "highway": "traffic_signals", "Туман": "Юнусобод", "Name": "Рихсилий кўча", "ID_Geoname": "АPU:55915", "id": 12, "mahalla": "Adolat MFY", "mahalla_id": 1726266033, "geonames": "АPU:56922" }, "geometry": { "type": "Point", "coordinates": [ 69.2746879, 41.3640889 ] } },
{ "type": "Feature", "properties": { "osm_id": "4545270453", "highway": "traffic_signals", "Туман": "Юнусобод", "Name": "Янгишаҳар кўча", "ID_Geoname": "АPU:55913", "id": 12, "mahalla": "Akbarobod MFY", "mahalla_id": 1726266049, "geonames": "АPU:56923" }, "geometry": { "type": "Point", "coordinates": [ 69.2942527, 41.3653512 ] } },
{ "type": "Feature", "properties": { "osm_id": "4545270448", "highway": "traffic_signals", "Туман": "Юнусобод", "Name": "Аҳмад Дониш кўча", "ID_Geoname": "АPU:293227", "id": 12, "mahalla": "Akbarobod MFY", "mahalla_id": 1726266049, "geonames": "АPU:56923" }, "geometry": { "type": "Point", "coordinates": [ 69.2920295, 41.3663424 ] } },
{ "type": "Feature", "properties": { "osm_id": "4545270449", "highway": "traffic_signals", "Туман": "Юнусобод", "Name": "Янгишаҳар кўча", "ID_Geoname": "АPU:55913", "id": 12, "mahalla": "Akbarobod MFY", "mahalla_id": 1726266049, "geonames": "АPU:56923" }, "geometry": { "type": "Point", "coordinates": [ 69.2975422, 41.3633762 ] } },
{ "type": "Feature", "properties": { "osm_id": "13637994379", "highway": "traffic_signals", "Туман": "Юнусобод", "Name": "Амир Темур шоҳ кўча", "ID_Geoname": "АPU:55912", "id": 12, "mahalla": "Yoʻlayriq MFY", "mahalla_id": 1726266005, "geonames": "АPU:282880" }, "geometry": { "type": "Point", "coordinates": [ 69.2889248, 41.378775 ] } },
{ "type": "Feature", "properties": { "osm_id": "13637994377", "highway": "traffic_signals", "Туман": "Юнусобод", "Name": "Амир Темур шоҳ кўча", "ID_Geoname": "АPU:55912", "id": 12, "mahalla": "Yoʻlayriq MFY", "mahalla_id": 1726266005, "geonames": "АPU:282880" }, "geometry": { "type": "Point", "coordinates": [ 69.2876119, 41.374445 ] } },
{ "type": "Feature", "properties": { "osm_id": "12550020785", "highway": "traffic_signals", "Туман": "Юнусобод", "Name": "Рихсилий кўча", "ID_Geoname": "АPU:55915", "id": 12, "mahalla": "Islomobod MFY", "mahalla_id": 1726266004, "geonames": "АPU:56886" }, "geometry": { "type": "Point", "coordinates": [ 69.2699031, 41.376919 ] } },
{ "type": "Feature", "properties": { "osm_id": "12550020786", "highway": "traffic_signals", "Туман": "Юнусобод", "Name": "Барака кўча", "ID_Geoname": "АPU:56375", "id": 12, "mahalla": "Islomobod MFY", "mahalla_id": 1726266004, "geonames": "АPU:56886" }, "geometry": { "type": "Point", "coordinates": [ 69.2696008, 41.3772705 ] } },
{ "type": "Feature", "properties": { "osm_id": "4532561748", "highway": "traffic_signals", "Туман": "Юнусобод", "Name": "Анорзор кўча", "ID_Geoname": "АPU:55962", "id": 12, "mahalla": "Anorzor MFY", "mahalla_id": 1726266034, "geonames": "АPU:56930" }, "geometry": { "type": "Point", "coordinates": [ 69.2785188, 41.3594104 ] } },
{ "type": "Feature", "properties": { "osm_id": "13331990821", "highway": "traffic_signals", "Туман": "Юнусобод", "Name": "Аҳмад Дониш кўча", "ID_Geoname": "АPU:293227", "id": 12, "mahalla": "Anorzor MFY", "mahalla_id": 1726266034, "geonames": "АPU:56930" }, "geometry": { "type": "Point", "coordinates": [ 69.2762165, 41.3590181 ] } },
{ "type": "Feature", "properties": { "osm_id": "4341524891", "highway": "traffic_signals", "Туман": "Юнусобод", "Name": "Амир Темур шоҳ кўча", "ID_Geoname": "АPU:55912", "id": 12, "mahalla": "Anorzor MFY", "mahalla_id": 1726266034, "geonames": "АPU:56930" }, "geometry": { "type": "Point", "coordinates": [ 69.2887052, 41.3567695 ] } },
{ "type": "Feature", "properties": { "osm_id": "5698741310", "highway": "traffic_signals", "Туман": "Юнусобод", "Name": "Чинобод кўча", "ID_Geoname": "АPU:56188", "id": 12, "mahalla": "Otchopar-2 MFY", "mahalla_id": 1726266058, "geonames": "АPU:56942" }, "geometry": { "type": "Point", "coordinates": [ 69.3094254, 41.3560148 ] } },
{ "type": "Feature", "properties": { "osm_id": "5698741311", "highway": "traffic_signals", "Туман": "Юнусобод", "Name": "Янгишаҳар кўча", "ID_Geoname": "АPU:55913", "id": 12, "mahalla": "Otchopar-2 MFY", "mahalla_id": 1726266058, "geonames": "АPU:56942" }, "geometry": { "type": "Point", "coordinates": [ 69.3094874, 41.3561723 ] } },
{ "type": "Feature", "properties": { "osm_id": "13339363459", "highway": "traffic_signals", "Туман": "Юнусобод", "Name": "Темур Малик кўча", "ID_Geoname": "АPU:53472", "id": 12, "mahalla": "Posira MFY", "mahalla_id": 1726266059, "geonames": "АPU:56944" }, "geometry": { "type": "Point", "coordinates": [ 69.3433561, 41.3561617 ] } },
{ "type": "Feature", "properties": { "osm_id": "4580538748", "highway": "traffic_signals", "Туман": "Юнусобод", "Name": "Боғишамол кўча", "ID_Geoname": "АPU:55973", "id": 12, "mahalla": "Posira MFY", "mahalla_id": 1726266059, "geonames": "АPU:56944" }, "geometry": { "type": "Point", "coordinates": [ 69.3281799, 41.3511376 ] } },
{ "type": "Feature", "properties": { "osm_id": "3121834661", "highway": "traffic_signals", "Туман": "Юнусобод", "Name": "Шаҳриобод кўча", "ID_Geoname": "АPU:56241", "id": 12, "mahalla": "Posira MFY", "mahalla_id": 1726266059, "geonames": "АPU:56944" }, "geometry": { "type": "Point", "coordinates": [ 69.3298693, 41.3512062 ] } },
{ "type": "Feature", "properties": { "osm_id": "3121834661", "highway": "traffic_signals", "Туман": "Юнусобод", "Name": "Шаҳриобод кўча", "ID_Geoname": "АPU:56241", "id": 12, "mahalla": "Posira MFY", "mahalla_id": 1726266059, "geonames": "АPU:56944" }, "geometry": { "type": "Point", "coordinates": [ 69.3298693, 41.3512062 ] } },
{ "type": "Feature", "properties": { "osm_id": "13424095660", "highway": "traffic_signals", "Туман": "Юнусобод", "Name": "Гуллола кўча", "ID_Geoname": "АPU:56238", "id": 12, "mahalla": "Posira MFY", "mahalla_id": 1726266059, "geonames": "АPU:56944" }, "geometry": { "type": "Point", "coordinates": [ 69.3337217, 41.3547195 ] } },
{ "type": "Feature", "properties": { "osm_id": "13424095658", "highway": "traffic_signals", "Туман": "Юнусобод", "Name": "Боғишамол кўча", "ID_Geoname": "АPU:55973", "id": 12, "mahalla": "Posira MFY", "mahalla_id": 1726266059, "geonames": "АPU:56944" }, "geometry": { "type": "Point", "coordinates": [ 69.3338522, 41.3544316 ] } },
{ "type": "Feature", "properties": { "osm_id": "13424095659", "highway": "traffic_signals", "Туман": "Юнусобод", "Name": "Боғишамол кўча", "ID_Geoname": "АPU:55973", "id": 12, "mahalla": "Posira MFY", "mahalla_id": 1726266059, "geonames": "АPU:56944" }, "geometry": { "type": "Point", "coordinates": [ 69.3340709, 41.3547547 ] } },
{ "type": "Feature", "properties": { "osm_id": "2505220508", "highway": "traffic_signals", "Туман": "Юнусобод", "Name": "Боғишамол кўча", "ID_Geoname": "АPU:55973", "id": 12, "mahalla": "Posira MFY", "mahalla_id": 1726266059, "geonames": "АPU:56944" }, "geometry": { "type": "Point", "coordinates": [ 69.3296913, 41.3514591 ] } },
{ "type": "Feature", "properties": { "osm_id": "13339363528", "highway": "traffic_signals", "Туман": "Юнусобод", "Name": "Катта ҳалқа йўли кўча", "ID_Geoname": "АPU:53220", "id": 12, "mahalla": "Posira MFY", "mahalla_id": 1726266059, "geonames": "АPU:56944" }, "geometry": { "type": "Point", "coordinates": [ 69.3374438, 41.359877 ] } },
{ "type": "Feature", "properties": { "osm_id": "13339363523", "highway": "traffic_signals", "Туман": "Юнусобод", "Name": "Темур Малик кўча", "ID_Geoname": "АPU:53472", "id": 12, "mahalla": "Posira MFY", "mahalla_id": 1726266059, "geonames": "АPU:56944" }, "geometry": { "type": "Point", "coordinates": [ 69.3380984, 41.3595523 ] } },
{ "type": "Feature", "properties": { "osm_id": "13339363526", "highway": "traffic_signals", "Туман": "Юнусобод", "Name": "Боғишамол кўча", "ID_Geoname": "АPU:55973", "id": 12, "mahalla": "Posira MFY", "mahalla_id": 1726266059, "geonames": "АPU:56944" }, "geometry": { "type": "Point", "coordinates": [ 69.3377624, 41.3593946 ] } },
{ "type": "Feature", "properties": { "osm_id": "4341528323", "highway": "traffic_signals", "Туман": "Юнусобод", "Name": "Амир Темур шоҳ кўча", "ID_Geoname": "АPU:55912", "id": 12, "mahalla": "Otchopar-1 MFY", "mahalla_id": 1726266057, "geonames": "АPU:56941" }, "geometry": { "type": "Point", "coordinates": [ 69.2878452, 41.3510078 ] } },
{ "type": "Feature", "properties": { "osm_id": "5934086644", "highway": "traffic_signals", "Туман": "Юнусобод", "Name": "Чинобод кўча", "ID_Geoname": "АPU:56188", "id": 12, "mahalla": "Otchopar-1 MFY", "mahalla_id": 1726266057, "geonames": "АPU:56941" }, "geometry": { "type": "Point", "coordinates": [ 69.2881728, 41.3512305 ] } },
{ "type": "Feature", "properties": { "osm_id": "9879155789", "highway": "traffic_signals", "Туман": "Юнусобод", "Name": "Чинобод кўча", "ID_Geoname": "АPU:56188", "id": 12, "mahalla": "Otchopar-1 MFY", "mahalla_id": 1726266057, "geonames": "АPU:56941" }, "geometry": { "type": "Point", "coordinates": [ 69.3013256, 41.3541676 ] } },
{ "type": "Feature", "properties": { "osm_id": "9879155851", "highway": "traffic_signals", "Туман": "Юнусобод", "Name": "Чинобод кўча", "ID_Geoname": "АPU:56188", "id": 12, "mahalla": "Otchopar-1 MFY", "mahalla_id": 1726266057, "geonames": "АPU:56941" }, "geometry": { "type": "Point", "coordinates": [ 69.2924123, 41.3511113 ] } },
{ "type": "Feature", "properties": { "osm_id": "9879155852", "highway": "traffic_signals", "Туман": "Юнусобод", "Name": "Чинобод кўча", "ID_Geoname": "АPU:56188", "id": 12, "mahalla": "Otchopar-1 MFY", "mahalla_id": 1726266057, "geonames": "АPU:56941" }, "geometry": { "type": "Point", "coordinates": [ 69.2921544, 41.351075 ] } },
{ "type": "Feature", "properties": { "osm_id": "364373551", "highway": "traffic_signals", "Туман": "Юнусобод", "Name": "Чинобод кўча", "ID_Geoname": "АPU:56188", "id": 12, "mahalla": "Otchopar-1 MFY", "mahalla_id": 1726266057, "geonames": "АPU:56941" }, "geometry": { "type": "Point", "coordinates": [ 69.297207, 41.3532276 ] } },
{ "type": "Feature", "properties": { "osm_id": "6855750166", "highway": "traffic_signals", "Туман": "Юнусобод", "Name": "Корхожаота кўча", "ID_Geoname": "АPU:56056", "id": 12, "mahalla": "Iftixor MFY", "mahalla_id": 1726266038, "geonames": "АPU:282874" }, "geometry": { "type": "Point", "coordinates": [ 69.2770157, 41.3456914 ] } },
{ "type": "Feature", "properties": { "osm_id": "6855750165", "highway": "traffic_signals", "Туман": "Юнусобод", "Name": "Ифтихор кўча", "ID_Geoname": "АPU:454731", "id": 12, "mahalla": "Iftixor MFY", "mahalla_id": 1726266038, "geonames": "АPU:282874" }, "geometry": { "type": "Point", "coordinates": [ 69.2769549, 41.3458787 ] } },
{ "type": "Feature", "properties": { "osm_id": "3894578798", "highway": "traffic_signals", "Туман": "Юнусобод", "Name": "Боғишамол кўча", "ID_Geoname": "АPU:55973", "id": 12, "mahalla": "Bogʻiboʻston MFY", "mahalla_id": 1726266050, "geonames": "АPU:282868" }, "geometry": { "type": "Point", "coordinates": [ 69.3208733, 41.3498631 ] } },
{ "type": "Feature", "properties": { "osm_id": "3894578795", "highway": "traffic_signals", "Туман": "Юнусобод", "Name": "Боғишамол кўча", "ID_Geoname": "АPU:55973", "id": 12, "mahalla": "Bogʻiboʻston MFY", "mahalla_id": 1726266050, "geonames": "АPU:282868" }, "geometry": { "type": "Point", "coordinates": [ 69.3201198, 41.3494903 ] } },
{ "type": "Feature", "properties": { "osm_id": "3121791565", "highway": "traffic_signals", "Туман": "Юнусобод", "Name": "Наманган кўча", "ID_Geoname": "АPU:866231", "id": 12, "mahalla": "Bogʻiboʻston MFY", "mahalla_id": 1726266050, "geonames": "АPU:282868" }, "geometry": { "type": "Point", "coordinates": [ 69.3244403, 41.3511186 ] } },
{ "type": "Feature", "properties": { "osm_id": "5934086642", "highway": "traffic_signals", "Туман": "Юнусобод", "Name": "Янгишаҳар кўча", "ID_Geoname": "АPU:55913", "id": 12, "mahalla": "Bogʻiboʻston MFY", "mahalla_id": 1726266050, "geonames": "АPU:282868" }, "geometry": { "type": "Point", "coordinates": [ 69.3199335, 41.3498785 ] } },
{ "type": "Feature", "properties": { "osm_id": "4006923454", "highway": "traffic_signals", "Туман": "Юнусобод", "Name": "Боғишамол кўча", "ID_Geoname": "АPU:55973", "id": 12, "mahalla": "Boʻzsuv MFY", "mahalla_id": 1726266053, "geonames": "АPU:282871" }, "geometry": { "type": "Point", "coordinates": [ 69.2995678, 41.3414639 ] } },
{ "type": "Feature", "properties": { "osm_id": "3456794909", "highway": "traffic_signals", "Туман": "Юнусобод", "Name": "Чингиз Айтматов кўча", "ID_Geoname": "АPU:55936", "id": 12, "mahalla": "Boʻzsuv MFY", "mahalla_id": 1726266053, "geonames": "АPU:282871" }, "geometry": { "type": "Point", "coordinates": [ 69.2935665, 41.3404626 ] } },
{ "type": "Feature", "properties": { "osm_id": "3456794907", "highway": "traffic_signals", "Туман": "Юнусобод", "Name": "Боғишамол кўча", "ID_Geoname": "АPU:55973", "id": 12, "mahalla": "Boʻzsuv MFY", "mahalla_id": 1726266053, "geonames": "АPU:282871" }, "geometry": { "type": "Point", "coordinates": [ 69.2937865, 41.3403302 ] } },
{ "type": "Feature", "properties": { "osm_id": "1860752011", "highway": "traffic_signals", "Туман": "Юнусобод", "Name": "Чингиз Айтматов кўча", "ID_Geoname": "АPU:55936", "id": 12, "mahalla": "Mirzo Ulugʻbek MFY", "mahalla_id": 1726266054, "geonames": "АPU:56997" }, "geometry": { "type": "Point", "coordinates": [ 69.2911628, 41.3266673 ] } },
{ "type": "Feature", "properties": { "osm_id": "1860757196", "highway": "traffic_signals", "Туман": "Юнусобод", "Name": "Осиё кўча", "ID_Geoname": "АPU:56243", "id": 12, "mahalla": "Mirzo Ulugʻbek MFY", "mahalla_id": 1726266054, "geonames": "АPU:56997" }, "geometry": { "type": "Point", "coordinates": [ 69.2836769, 41.3277284 ] } },
{ "type": "Feature", "properties": { "osm_id": "1860757196", "highway": "traffic_signals", "Туман": "Юнусобод", "Name": "Осиё кўча", "ID_Geoname": "АPU:56243", "id": 12, "mahalla": "Mirzo Ulugʻbek MFY", "mahalla_id": 1726266054, "geonames": "АPU:56997" }, "geometry": { "type": "Point", "coordinates": [ 69.2836769, 41.3277284 ] } },
{ "type": "Feature", "properties": { "osm_id": "13424093159", "highway": "traffic_signals", "Туман": "Юнусобод", "Name": "Амир Темур шоҳ кўча", "ID_Geoname": "АPU:55912", "id": 12, "mahalla": "Mirzo Ulugʻbek MFY", "mahalla_id": 1726266054, "geonames": "АPU:56997" }, "geometry": { "type": "Point", "coordinates": [ 69.2844323, 41.3328264 ] } },
{ "type": "Feature", "properties": { "osm_id": "2362800626", "highway": "traffic_signals", "Туман": "Юнусобод", "Name": "Чингиз Айтматов кўча", "ID_Geoname": "АPU:55936", "id": 12, "mahalla": "Mirzo Ulugʻbek MFY", "mahalla_id": 1726266054, "geonames": "АPU:56997" }, "geometry": { "type": "Point", "coordinates": [ 69.2921977, 41.3323252 ] } },
{ "type": "Feature", "properties": { "osm_id": "2362800631", "highway": "traffic_signals", "Туман": "Юнусобод", "Name": "Кичик ҳалқа йўли кўча", "ID_Geoname": "АPU:53596", "id": 12, "mahalla": "Mirzo Ulugʻbek MFY", "mahalla_id": 1726266054, "geonames": "АPU:56997" }, "geometry": { "type": "Point", "coordinates": [ 69.2916356, 41.3325816 ] } },
{ "type": "Feature", "properties": { "osm_id": "2012713026", "highway": "traffic_signals", "Туман": "Юнусобод", "Name": "Чингиз Айтматов кўча", "ID_Geoname": "АPU:55936", "id": 12, "mahalla": "Mirzo Ulugʻbek MFY", "mahalla_id": 1726266054, "geonames": "АPU:56997" }, "geometry": { "type": "Point", "coordinates": [ 69.2909434, 41.3271923 ] } },
{ "type": "Feature", "properties": { "osm_id": "1853907430", "highway": "traffic_signals", "Туман": "Яккасарой", "Name": "Ислом Каримов шоҳ кўча", "ID_Geoname": "АPU:262765", "id": 10, "mahalla": "Qashqar MFY", "mahalla_id": 1726266040, "geonames": "АPU:56934" }, "geometry": { "type": "Point", "coordinates": [ 69.2670015, 41.3095645 ] } },
{ "type": "Feature", "properties": { "osm_id": "13322742099", "highway": "traffic_signals", "Туман": "Юнусобод", "Name": "Шароф Рашидов кўча", "ID_Geoname": "АPU:56079", "id": 12, "mahalla": "Qashqar MFY", "mahalla_id": 1726266040, "geonames": "АPU:56934" }, "geometry": { "type": "Point", "coordinates": [ 69.2717314, 41.3184515 ] } },
{ "type": "Feature", "properties": { "osm_id": "13322742099", "highway": "traffic_signals", "Туман": "Юнусобод", "Name": "Шароф Рашидов кўча", "ID_Geoname": "АPU:56079", "id": 12, "mahalla": "Qashqar MFY", "mahalla_id": 1726266040, "geonames": "АPU:56934" }, "geometry": { "type": "Point", "coordinates": [ 69.2717314, 41.3184515 ] } },
{ "type": "Feature", "properties": { "osm_id": "1867717662", "highway": "traffic_signals", "Туман": "Юнусобод", "Name": "Навоий кўча", "ID_Geoname": "АPU:55811", "id": 12, "mahalla": "Qashqar MFY", "mahalla_id": 1726266040, "geonames": "АPU:56934" }, "geometry": { "type": "Point", "coordinates": [ 69.272207, 41.3188128 ] } },
{ "type": "Feature", "properties": { "osm_id": "1867717687", "highway": "traffic_signals", "Туман": "Юнусобод", "Name": "Навоий кўча", "ID_Geoname": "АPU:55811", "id": 12, "mahalla": "Qashqar MFY", "mahalla_id": 1726266040, "geonames": "АPU:56934" }, "geometry": { "type": "Point", "coordinates": [ 69.2711211, 41.3189175 ] } },
{ "type": "Feature", "properties": { "osm_id": "1860764369", "highway": "traffic_signals", "Туман": "Юнусобод", "Name": "Абдулла Қодирий кўча", "ID_Geoname": "АPU:303217", "id": 12, "mahalla": "Qashqar MFY", "mahalla_id": 1726266040, "geonames": "АPU:56934" }, "geometry": { "type": "Point", "coordinates": [ 69.2723526, 41.3225377 ] } },
{ "type": "Feature", "properties": { "osm_id": "1768294328", "highway": "traffic_signals", "Туман": "Юнусобод", "Name": "Навоий кўча", "ID_Geoname": "АPU:55811", "id": 12, "mahalla": "Qashqar MFY", "mahalla_id": 1726266040, "geonames": "АPU:56934" }, "geometry": { "type": "Point", "coordinates": [ 69.2769461, 41.3177411 ] } },
{ "type": "Feature", "properties": { "osm_id": "3844439861", "highway": "traffic_signals", "Туман": "Юнусобод", "Name": "Матбуотчилар кўча", "ID_Geoname": "АPU:282947", "id": 12, "mahalla": "Qashqar MFY", "mahalla_id": 1726266040, "geonames": "АPU:56934" }, "geometry": { "type": "Point", "coordinates": [ 69.2705114, 41.3124043 ] } },
{ "type": "Feature", "properties": { "osm_id": "5998858156", "highway": "traffic_signals", "Туман": "Юнусобод", "Name": "Шароф Рашидов кўча", "ID_Geoname": "АPU:56079", "id": 12, "mahalla": "Qashqar MFY", "mahalla_id": 1726266040, "geonames": "АPU:56934" }, "geometry": { "type": "Point", "coordinates": [ 69.2717576, 41.3192337 ] } },
{ "type": "Feature", "properties": { "osm_id": "5998870231", "highway": "traffic_signals", "Туман": "Юнусобод", "Name": "Ислом Каримов шоҳ кўча", "ID_Geoname": "АPU:262765", "id": 12, "mahalla": "Qashqar MFY", "mahalla_id": 1726266040, "geonames": "АPU:56934" }, "geometry": { "type": "Point", "coordinates": [ 69.2679513, 41.3093785 ] } },
{ "type": "Feature", "properties": { "osm_id": "5998870228", "highway": "traffic_signals", "Туман": "Юнусобод", "Name": "Шароф Рашидов кўча", "ID_Geoname": "АPU:56079", "id": 12, "mahalla": "Qashqar MFY", "mahalla_id": 1726266040, "geonames": "АPU:56934" }, "geometry": { "type": "Point", "coordinates": [ 69.2690625, 41.3125807 ] } },
{ "type": "Feature", "properties": { "osm_id": "5998870228", "highway": "traffic_signals", "Туман": "Юнусобод", "Name": "Шароф Рашидов кўча", "ID_Geoname": "АPU:56079", "id": 12, "mahalla": "Qashqar MFY", "mahalla_id": 1726266040, "geonames": "АPU:56934" }, "geometry": { "type": "Point", "coordinates": [ 69.2690625, 41.3125807 ] } },
{ "type": "Feature", "properties": { "osm_id": "5998870229", "highway": "traffic_signals", "Туман": "Юнусобод", "Name": "Шароф Рашидов кўча", "ID_Geoname": "АPU:56079", "id": 12, "mahalla": "Qashqar MFY", "mahalla_id": 1726266040, "geonames": "АPU:56934" }, "geometry": { "type": "Point", "coordinates": [ 69.2690585, 41.3130371 ] } },
{ "type": "Feature", "properties": { "osm_id": "5998870229", "highway": "traffic_signals", "Туман": "Юнусобод", "Name": "Шароф Рашидов кўча", "ID_Geoname": "АPU:56079", "id": 12, "mahalla": "Qashqar MFY", "mahalla_id": 1726266040, "geonames": "АPU:56934" }, "geometry": { "type": "Point", "coordinates": [ 69.2690585, 41.3130371 ] } },
{ "type": "Feature", "properties": { "osm_id": "5998870227", "highway": "traffic_signals", "Туман": "Юнусобод", "Name": "Матбуотчилар кўча", "ID_Geoname": "АPU:282947", "id": 12, "mahalla": "Qashqar MFY", "mahalla_id": 1726266040, "geonames": "АPU:56934" }, "geometry": { "type": "Point", "coordinates": [ 69.2694861, 41.3126809 ] } },
{ "type": "Feature", "properties": { "osm_id": "2798514936", "highway": "traffic_signals", "Туман": "Юнусобод", "Name": "Навоий кўча", "ID_Geoname": "АPU:55811", "id": 12, "mahalla": "Qashqar MFY", "mahalla_id": 1726266040, "geonames": "АPU:56934" }, "geometry": { "type": "Point", "coordinates": [ 69.2805355, 41.3167588 ] } },
{ "type": "Feature", "properties": { "osm_id": "2798514942", "highway": "traffic_signals", "Туман": "Юнусобод", "Name": "Амир Темур шоҳ кўча", "ID_Geoname": "АPU:55912", "id": 12, "mahalla": "Qashqar MFY", "mahalla_id": 1726266040, "geonames": "АPU:56934" }, "geometry": { "type": "Point", "coordinates": [ 69.280928, 41.3170778 ] } },
{ "type": "Feature", "properties": { "osm_id": "5736785760", "highway": "traffic_signals", "Туман": "Юнусобод", "Name": "Ислом Каримов шоҳ кўча", "ID_Geoname": "АPU:262765", "id": 12, "mahalla": "Qashqar MFY", "mahalla_id": 1726266040, "geonames": "АPU:56934" }, "geometry": { "type": "Point", "coordinates": [ 69.2639421, 41.3108136 ] } },
{ "type": "Feature", "properties": { "osm_id": "9487509460", "highway": "traffic_signals", "Туман": "Юнусобод", "Name": "Зарафшон кўча", "ID_Geoname": "АPU:282948", "id": 12, "mahalla": "Qashqar MFY", "mahalla_id": 1726266040, "geonames": "АPU:56934" }, "geometry": { "type": "Point", "coordinates": [ 69.2765404, 41.3174243 ] } },
{ "type": "Feature", "properties": { "osm_id": "5740751558", "highway": "traffic_signals", "Туман": "Юнусобод", "Name": "Шароф Рашидов кўча", "ID_Geoname": "АPU:56079", "id": 12, "mahalla": "Qashqar MFY", "mahalla_id": 1726266040, "geonames": "АPU:56934" }, "geometry": { "type": "Point", "coordinates": [ 69.2676025, 41.3098258 ] } },
{ "type": "Feature", "properties": { "osm_id": "5740751558", "highway": "traffic_signals", "Туман": "Юнусобод", "Name": "Шароф Рашидов кўча", "ID_Geoname": "АPU:56079", "id": 12, "mahalla": "Qashqar MFY", "mahalla_id": 1726266040, "geonames": "АPU:56934" }, "geometry": { "type": "Point", "coordinates": [ 69.2676025, 41.3098258 ] } },
{ "type": "Feature", "properties": { "osm_id": "2494962114", "highway": "traffic_signals", "Туман": "Юнусобод", "Name": "Навоий кўча", "ID_Geoname": "АPU:55811", "id": 12, "mahalla": "Qashqar MFY", "mahalla_id": 1726266040, "geonames": "АPU:56934" }, "geometry": { "type": "Point", "coordinates": [ 69.2762703, 41.3177354 ] } },
{ "type": "Feature", "properties": { "osm_id": "567217435", "highway": "traffic_signals", "Туман": "Юнусобод", "Name": "Бухоро кўча", "ID_Geoname": "АPU:282946", "id": 12, "mahalla": "Qashqar MFY", "mahalla_id": 1726266040, "geonames": "АPU:56934" }, "geometry": { "type": "Point", "coordinates": [ 69.269607, 41.3104202 ] } },
{ "type": "Feature", "properties": { "osm_id": "6918344883", "highway": "traffic_signals", "Туман": "Юнусобод", "Name": "Амир Темур шоҳ кўча", "ID_Geoname": "АPU:55912", "id": 12, "mahalla": "Qashqar MFY", "mahalla_id": 1726266040, "geonames": "АPU:56934" }, "geometry": { "type": "Point", "coordinates": [ 69.2805594, 41.3153948 ] } },
{ "type": "Feature", "properties": { "osm_id": "6918344880", "highway": "traffic_signals", "Туман": "Юнусобод", "Name": "Амир Темур шоҳ кўча", "ID_Geoname": "АPU:55912", "id": 12, "mahalla": "Qashqar MFY", "mahalla_id": 1726266040, "geonames": "АPU:56934" }, "geometry": { "type": "Point", "coordinates": [ 69.2805911, 41.3146233 ] } },
{ "type": "Feature", "properties": { "osm_id": "6918344881", "highway": "traffic_signals", "Туман": "Юнусобод", "Name": "Истиқлол кўча", "ID_Geoname": "АPU:53876", "id": 12, "mahalla": "Qashqar MFY", "mahalla_id": 1726266040, "geonames": "АPU:56934" }, "geometry": { "type": "Point", "coordinates": [ 69.2802265, 41.3151431 ] } },
{ "type": "Feature", "properties": { "osm_id": "5440605057", "highway": "traffic_signals", "Туман": "Юнусобод", "Name": "Аҳмад Дониш кўча", "ID_Geoname": "АPU:293227", "id": 12, "mahalla": "Barhayot MFY", "mahalla_id": 1726266016, "geonames": "АPU:56959" }, "geometry": { "type": "Point", "coordinates": [ 69.2953965, 41.3758342 ] } },
{ "type": "Feature", "properties": { "osm_id": "12487448417", "highway": "traffic_signals", "Туман": "Бектемир", "Name": "Ҳусайн Бойқаро кўча", "ID_Geoname": "АPU:53183", "id": 169, "mahalla": "Mirishkor MFY", "mahalla_id": 1726264001, "geonames": "АPU:56648" }, "geometry": { "type": "Point", "coordinates": [ 69.3790219, 41.2575611 ] } },
{ "type": "Feature", "properties": { "osm_id": "1182415297", "highway": "traffic_signals", "Туман": "Бектемир", "Name": "Оҳангарон шоҳкўча", "ID_Geoname": "АPU:54782", "id": 169, "mahalla": "Mirishkor MFY", "mahalla_id": 1726264001, "geonames": "АPU:56648" }, "geometry": { "type": "Point", "coordinates": [ 69.3789224, 41.2580577 ] } },
{ "type": "Feature", "properties": { "osm_id": "1182415301", "highway": "traffic_signals", "Туман": "Бектемир", "Name": "Оҳангарон шоҳкўча", "ID_Geoname": "АPU:54782", "id": 169, "mahalla": "Mirishkor MFY", "mahalla_id": 1726264001, "geonames": "АPU:56648" }, "geometry": { "type": "Point", "coordinates": [ 69.3797367, 41.2575972 ] } },
{ "type": "Feature", "properties": { "osm_id": "5111129632", "highway": "traffic_signals", "Туман": "Бектемир", "Name": "Ҳусайн Бойқаро кўча", "ID_Geoname": "АPU:53183", "id": 169, "mahalla": "Mirishkor MFY", "mahalla_id": 1726264001, "geonames": "АPU:56648" }, "geometry": { "type": "Point", "coordinates": [ 69.3701954, 41.2514735 ] } },
{ "type": "Feature", "properties": { "osm_id": "13376423219", "highway": "traffic_signals", "Туман": "Бектемир", "Name": "Ҳусайн Бойқаро кўча", "ID_Geoname": "АPU:53183", "id": 169, "mahalla": "Husayn Boyqaro MFY", "mahalla_id": 1726264013, "geonames": "АPU:142905" }, "geometry": { "type": "Point", "coordinates": [ 69.3393906, 41.2354886 ] } },
{ "type": "Feature", "properties": { "osm_id": "13376423188", "highway": "traffic_signals", "Туман": "Бектемир", "Name": "Ҳусайн Бойқаро кўча", "ID_Geoname": "АPU:53183", "id": 169, "mahalla": "Husayn Boyqaro MFY", "mahalla_id": 1726264013, "geonames": "АPU:142905" }, "geometry": { "type": "Point", "coordinates": [ 69.346948, 41.2394464 ] } },
{ "type": "Feature", "properties": { "osm_id": "13376423187", "highway": "traffic_signals", "Туман": "Бектемир", "Name": "Ҳусайн Бойқаро кўча", "ID_Geoname": "АPU:53183", "id": 169, "mahalla": "Husayn Boyqaro MFY", "mahalla_id": 1726264013, "geonames": "АPU:142905" }, "geometry": { "type": "Point", "coordinates": [ 69.3468431, 41.239188 ] } },
{ "type": "Feature", "properties": { "osm_id": "4561054979", "highway": "traffic_signals", "Туман": "Бектемир", "Name": "Бектемир шоҳ кўча", "ID_Geoname": "АPU:57069", "id": 169, "mahalla": "Zabardast MFY", "mahalla_id": 1726264004, "geonames": "АPU:883035" }, "geometry": { "type": "Point", "coordinates": [ 69.3345067, 41.2156972 ] } },
{ "type": "Feature", "properties": { "osm_id": "4561054977", "highway": "traffic_signals", "Туман": "Бектемир", "Name": "Бектемир шоҳ кўча", "ID_Geoname": "АPU:57069", "id": 169, "mahalla": "Zabardast MFY", "mahalla_id": 1726264004, "geonames": "АPU:883035" }, "geometry": { "type": "Point", "coordinates": [ 69.3348803, 41.215898 ] } },
{ "type": "Feature", "properties": { "osm_id": "4289917244", "highway": "traffic_signals", "Туман": "Бектемир", "Name": "Катта ҳалқа йўли кўча", "ID_Geoname": "АPU:53220", "id": 169, "mahalla": "Zabardast MFY", "mahalla_id": 1726264004, "geonames": "АPU:883035" }, "geometry": { "type": "Point", "coordinates": [ 69.333014, 41.2025134 ] } },
{ "type": "Feature", "properties": { "osm_id": "573243981", "highway": "traffic_signals", "Туман": "Бектемир", "Name": "Сарчашма кўча", "ID_Geoname": "АPU:916028", "id": 169, "mahalla": "Sohil MFY", "mahalla_id": 1726264005, "geonames": "АPU:883036" }, "geometry": { "type": "Point", "coordinates": [ 69.3342343, 41.2202712 ] } },
{ "type": "Feature", "properties": { "osm_id": "4561054978", "highway": "traffic_signals", "Туман": "Бектемир", "Name": "Бектемир шоҳ кўча", "ID_Geoname": "АPU:57069", "id": 169, "mahalla": "Nurliyoʻl MFY", "mahalla_id": 1726264014, "geonames": "АPU:883032" }, "geometry": { "type": "Point", "coordinates": [ 69.3344235, 41.2161399 ] } },
{ "type": "Feature", "properties": { "osm_id": "4289917243", "highway": "traffic_signals", "Туман": "Бектемир", "Name": "Катта ҳалқа йўли кўча", "ID_Geoname": "АPU:53220", "id": 169, "mahalla": "Nurliyoʻl MFY", "mahalla_id": 1726264014, "geonames": "АPU:883032" }, "geometry": { "type": "Point", "coordinates": [ 69.3318494, 41.2014701 ] } },
{ "type": "Feature", "properties": { "osm_id": "954698860", "highway": "traffic_signals", "Туман": "Бектемир", "Name": "Бектемир шоҳ кўча", "ID_Geoname": "АPU:57069", "id": 169, "mahalla": "Ustozlar MFY", "mahalla_id": 1726264016, "geonames": "АPU:883034" }, "geometry": { "type": "Point", "coordinates": [ 69.3343818, 41.2203037 ] } },
{ "type": "Feature", "properties": { "osm_id": "5111129630", "highway": "traffic_signals", "Туман": "Бектемир", "Name": "Барҳаёт кўча", "ID_Geoname": "АPU:53223", "id": 169, "mahalla": "Iqbol MFY", "mahalla_id": 1726264008, "geonames": "АPU:56647" }, "geometry": { "type": "Point", "coordinates": [ 69.3702764, 41.2511849 ] } },
{ "type": "Feature", "properties": { "osm_id": "5111129631", "highway": "traffic_signals", "Туман": "Бектемир", "Name": "Ҳусайн Бойқаро кўча", "ID_Geoname": "АPU:53183", "id": 169, "mahalla": "Iqbol MFY", "mahalla_id": 1726264008, "geonames": "АPU:56647" }, "geometry": { "type": "Point", "coordinates": [ 69.3698708, 41.2511624 ] } },
{ "type": "Feature", "properties": { "osm_id": "4412771628", "highway": "traffic_signals", "Туман": "Янгиҳает", "Name": "Софдил кўча", "ID_Geoname": "АPU:54157", "id": 168, "mahalla": "Fayzli MFY", "mahalla_id": 1726292013, "geonames": "АPU:865917" }, "geometry": { "type": "Point", "coordinates": [ 69.232161, 41.2095793 ] } },
{ "type": "Feature", "properties": { "osm_id": "9492369357", "highway": "traffic_signals", "Туман": "Янгиҳает", "Name": "Дарёбўйи-4 тор кўча", "ID_Geoname": "АPU:54111", "id": 168, "mahalla": "Fayzli MFY", "mahalla_id": 1726292013, "geonames": "АPU:865917" }, "geometry": { "type": "Point", "coordinates": [ 69.2432617, 41.2071132 ] } },
{ "type": "Feature", "properties": { "osm_id": "9492369347", "highway": "traffic_signals", "Туман": "Янгиҳает", "Name": "Дарёбўйи-4 тор кўча", "ID_Geoname": "АPU:54111", "id": 168, "mahalla": "Fayzli MFY", "mahalla_id": 1726292013, "geonames": "АPU:865917" }, "geometry": { "type": "Point", "coordinates": [ 69.2433873, 41.2070559 ] } },
{ "type": "Feature", "properties": { "osm_id": "9492369352", "highway": "traffic_signals", "Туман": "Янгиҳает", "Name": "Дарёбўйи-4 тор кўча", "ID_Geoname": "АPU:54111", "id": 168, "mahalla": "Fayzli MFY", "mahalla_id": 1726292013, "geonames": "АPU:865917" }, "geometry": { "type": "Point", "coordinates": [ 69.2433433, 41.2072061 ] } },
{ "type": "Feature", "properties": { "osm_id": "9492339135", "highway": "traffic_signals", "Туман": "Янгиҳает", "Name": "Дарёбўйи-4 тор кўча", "ID_Geoname": "АPU:54111", "id": 168, "mahalla": "Fayzli MFY", "mahalla_id": 1726292013, "geonames": "АPU:865917" }, "geometry": { "type": "Point", "coordinates": [ 69.2432047, 41.2064481 ] } },
{ "type": "Feature", "properties": { "osm_id": "9492339174", "highway": "traffic_signals", "Туман": "Янгиҳает", "Name": "Дарёбўйи-4 тор кўча", "ID_Geoname": "АPU:54111", "id": 168, "mahalla": "Fayzli MFY", "mahalla_id": 1726292013, "geonames": "АPU:865917" }, "geometry": { "type": "Point", "coordinates": [ 69.2432651, 41.2062233 ] } },
{ "type": "Feature", "properties": { "osm_id": "9492339159", "highway": "traffic_signals", "Туман": "Янгиҳает", "Name": "Дарёбўйи-4 тор кўча", "ID_Geoname": "АPU:54111", "id": 168, "mahalla": "Fayzli MFY", "mahalla_id": 1726292013, "geonames": "АPU:865917" }, "geometry": { "type": "Point", "coordinates": [ 69.2430811, 41.2063114 ] } },
{ "type": "Feature", "properties": { "osm_id": "9492369342", "highway": "traffic_signals", "Туман": "Янгиҳает", "Name": "Дарёбўйи-4 тор кўча", "ID_Geoname": "АPU:54111", "id": 168, "mahalla": "Fayzli MFY", "mahalla_id": 1726292013, "geonames": "АPU:865917" }, "geometry": { "type": "Point", "coordinates": [ 69.2434714, 41.2071507 ] } },
{ "type": "Feature", "properties": { "osm_id": "9492339196", "highway": "traffic_signals", "Туман": "Янгиҳает", "Name": "Дарёбўйи-4 тор кўча", "ID_Geoname": "АPU:54111", "id": 168, "mahalla": "Fayzli MFY", "mahalla_id": 1726292013, "geonames": "АPU:865917" }, "geometry": { "type": "Point", "coordinates": [ 69.2433782, 41.2063588 ] } },
{ "type": "Feature", "properties": { "osm_id": "2051178904", "highway": "traffic_signals", "Туман": "Яшнобод", "Name": "Фарғона йўли кўча", "ID_Geoname": "АPU:53647", "id": 171, "mahalla": "Joʻrabek MFY", "mahalla_id": 1726290043, "geonames": "АPU:57014" }, "geometry": { "type": "Point", "coordinates": [ 69.3038582, 41.2860038 ] } },
{ "type": "Feature", "properties": { "osm_id": "9319279180", "highway": "traffic_signals", "Туман": "Яшнобод", "Name": "Фарғона йўли кўча", "ID_Geoname": "АPU:53647", "id": 171, "mahalla": "Joʻrabek MFY", "mahalla_id": 1726290043, "geonames": "АPU:57014" }, "geometry": { "type": "Point", "coordinates": [ 69.3069849, 41.2803861 ] } },
{ "type": "Feature", "properties": { "osm_id": "9319279171", "highway": "traffic_signals", "Туман": "Яшнобод", "Name": "Фарғона йўли кўча", "ID_Geoname": "АPU:53647", "id": 171, "mahalla": "Joʻrabek MFY", "mahalla_id": 1726290043, "geonames": "АPU:57014" }, "geometry": { "type": "Point", "coordinates": [ 69.3076475, 41.278472 ] } },
{ "type": "Feature", "properties": { "osm_id": "8463462659", "highway": "traffic_signals", "Туман": "Яшнобод", "Name": "Мухтор Ашрафий кўча", "ID_Geoname": "АPU:55004", "id": 171, "mahalla": "Joʻrabek MFY", "mahalla_id": 1726290043, "geonames": "АPU:57014" }, "geometry": { "type": "Point", "coordinates": [ 69.311406, 41.2732574 ] } },
{ "type": "Feature", "properties": { "osm_id": "8465905053", "highway": "traffic_signals", "Туман": "Яшнобод", "Name": "Фарғона йўли кўча", "ID_Geoname": "АPU:53647", "id": 171, "mahalla": "Joʻrabek MFY", "mahalla_id": 1726290043, "geonames": "АPU:57014" }, "geometry": { "type": "Point", "coordinates": [ 69.3068612, 41.2801635 ] } },
{ "type": "Feature", "properties": { "osm_id": "959388059", "highway": "traffic_signals", "Туман": "Яшнобод", "Name": "Фарғона йўли кўча", "ID_Geoname": "АPU:53647", "id": 171, "mahalla": "Joʻrabek MFY", "mahalla_id": 1726290043, "geonames": "АPU:57014" }, "geometry": { "type": "Point", "coordinates": [ 69.3105409, 41.2732417 ] } },
{ "type": "Feature", "properties": { "osm_id": "9171297715", "highway": "traffic_signals", "Туман": "Яшнобод", "Name": "Олот кўча", "ID_Geoname": "АPU:55005", "id": 171, "mahalla": "Joʻrabek MFY", "mahalla_id": 1726290043, "geonames": "АPU:57014" }, "geometry": { "type": "Point", "coordinates": [ 69.3081063, 41.2780251 ] } },
{ "type": "Feature", "properties": { "osm_id": "13688686515", "highway": "traffic_signals", "Туман": "Яшнобод", "Name": "Оҳангарон шоҳкўча", "ID_Geoname": "АPU:54782", "id": 171, "mahalla": "Goʻzal MFY", "mahalla_id": 1726290008, "geonames": "АPU:57023" }, "geometry": { "type": "Point", "coordinates": [ 69.3602601, 41.2858101 ] } },
{ "type": "Feature", "properties": { "osm_id": "13688686513", "highway": "traffic_signals", "Туман": "Яшнобод", "Name": "Оҳангарон шоҳкўча", "ID_Geoname": "АPU:54782", "id": 171, "mahalla": "Goʻzal MFY", "mahalla_id": 1726290008, "geonames": "АPU:57023" }, "geometry": { "type": "Point", "coordinates": [ 69.3610421, 41.2810437 ] } },
{ "type": "Feature", "properties": { "osm_id": "13688686516", "highway": "traffic_signals", "Туман": "Яшнобод", "Name": "Оҳангарон шоҳкўча", "ID_Geoname": "АPU:54782", "id": 171, "mahalla": "Goʻzal MFY", "mahalla_id": 1726290008, "geonames": "АPU:57023" }, "geometry": { "type": "Point", "coordinates": [ 69.3604686, 41.2858201 ] } },
{ "type": "Feature", "properties": { "osm_id": "8602007909", "highway": "traffic_signals", "Туман": "Яшнобод", "Name": "Фарғона йўли кўча", "ID_Geoname": "АPU:53647", "id": 171, "mahalla": "Yoshavlod MFY", "mahalla_id": 1726290056, "geonames": "АPU:56991" }, "geometry": { "type": "Point", "coordinates": [ 69.3225309, 41.2528609 ] } },
{ "type": "Feature", "properties": { "osm_id": "4554900394", "highway": "traffic_signals", "Туман": "Яшнобод", "Name": "Уйсозлар кўча", "ID_Geoname": "АPU:54810", "id": 171, "mahalla": "Yoshavlod MFY", "mahalla_id": 1726290056, "geonames": "АPU:56991" }, "geometry": { "type": "Point", "coordinates": [ 69.3229038, 41.2526935 ] } },
{ "type": "Feature", "properties": { "osm_id": "11273685242", "highway": "traffic_signals", "Туман": "Яшнобод", "Name": "Фарғона йўли кўча", "ID_Geoname": "АPU:53647", "id": 171, "mahalla": "Yoshavlod MFY", "mahalla_id": 1726290056, "geonames": "АPU:56991" }, "geometry": { "type": "Point", "coordinates": [ 69.3222361, 41.2527653 ] } },
{ "type": "Feature", "properties": { "osm_id": "13322774195", "highway": "traffic_signals", "Туман": "Яшнобод", "Name": "Фарғона йўли-10 берк кўча", "ID_Geoname": "АPU:54841", "id": 171, "mahalla": "Yangidavr MFY", "mahalla_id": 1726290040, "geonames": "АPU:56994" }, "geometry": { "type": "Point", "coordinates": [ 69.3170538, 41.2625748 ] } },
{ "type": "Feature", "properties": { "osm_id": "13322774196", "highway": "traffic_signals", "Туман": "Яшнобод", "Name": "Фарғона йўли-10 берк кўча", "ID_Geoname": "АPU:54841", "id": 171, "mahalla": "Yangidavr MFY", "mahalla_id": 1726290040, "geonames": "АPU:56994" }, "geometry": { "type": "Point", "coordinates": [ 69.3171966, 41.2623291 ] } },
{ "type": "Feature", "properties": { "osm_id": "13322774177", "highway": "traffic_signals", "Туман": "Яшнобод", "Name": "Фарғона йўли кўча", "ID_Geoname": "АPU:53647", "id": 171, "mahalla": "Yangidavr MFY", "mahalla_id": 1726290040, "geonames": "АPU:56994" }, "geometry": { "type": "Point", "coordinates": [ 69.3185373, 41.2599972 ] } },
{ "type": "Feature", "properties": { "osm_id": "4545922319", "highway": "traffic_signals", "Туман": "Яшнобод", "Name": "Мўйноқ кўча", "ID_Geoname": "АPU:54811", "id": 171, "mahalla": "Yangidavr MFY", "mahalla_id": 1726290040, "geonames": "АPU:56994" }, "geometry": { "type": "Point", "coordinates": [ 69.3189341, 41.2596873 ] } },
{ "type": "Feature", "properties": { "osm_id": "3128971378", "highway": "traffic_signals", "Туман": "Яшнобод", "Name": "Фарғона йўли кўча", "ID_Geoname": "АPU:53647", "id": 171, "mahalla": "Yangidavr MFY", "mahalla_id": 1726290040, "geonames": "АPU:56994" }, "geometry": { "type": "Point", "coordinates": [ 69.3167334, 41.2624346 ] } },
{ "type": "Feature", "properties": { "osm_id": "3128971374", "highway": "traffic_signals", "Туман": "Яшнобод", "Name": "Фарғона йўли кўча", "ID_Geoname": "АPU:53647", "id": 171, "mahalla": "Yangidavr MFY", "mahalla_id": 1726290040, "geonames": "АPU:56994" }, "geometry": { "type": "Point", "coordinates": [ 69.3181932, 41.2598825 ] } },
{ "type": "Feature", "properties": { "osm_id": "3128971372", "highway": "traffic_signals", "Туман": "Яшнобод", "Name": "Фарғона йўли кўча", "ID_Geoname": "АPU:53647", "id": 171, "mahalla": "Yangidavr MFY", "mahalla_id": 1726290040, "geonames": "АPU:56994" }, "geometry": { "type": "Point", "coordinates": [ 69.3185104, 41.2596335 ] } },
{ "type": "Feature", "properties": { "osm_id": "579946011", "highway": "traffic_signals", "Туман": "Яшнобод", "Name": "Фарғона йўли кўча", "ID_Geoname": "АPU:53647", "id": 171, "mahalla": "Yangidavr MFY", "mahalla_id": 1726290040, "geonames": "АPU:56994" }, "geometry": { "type": "Point", "coordinates": [ 69.315138, 41.2654426 ] } },
{ "type": "Feature", "properties": { "osm_id": "988668168", "highway": "traffic_signals", "Туман": "Яшнобод", "Name": "Фарғона йўли кўча", "ID_Geoname": "АPU:53647", "id": 171, "mahalla": "Yangidavr MFY", "mahalla_id": 1726290040, "geonames": "АPU:56994" }, "geometry": { "type": "Point", "coordinates": [ 69.3170571, 41.2621963 ] } },
{ "type": "Feature", "properties": { "osm_id": "2958137705", "highway": "traffic_signals", "Туман": "Яшнобод", "Name": "Фарғона йўли кўча", "ID_Geoname": "АPU:53647", "id": 171, "mahalla": "Yangidavr MFY", "mahalla_id": 1726290040, "geonames": "АPU:56994" }, "geometry": { "type": "Point", "coordinates": [ 69.3148055, 41.2656748 ] } },
{ "type": "Feature", "properties": { "osm_id": "13382168673", "highway": "traffic_signals", "Туман": "Яшнобод", "Name": "Фарғона йўли кўча", "ID_Geoname": "АPU:53647", "id": 171, "mahalla": "Yangidavr MFY", "mahalla_id": 1726290040, "geonames": "АPU:56994" }, "geometry": { "type": "Point", "coordinates": [ 69.3154805, 41.2653931 ] } },
{ "type": "Feature", "properties": { "osm_id": "13382168674", "highway": "traffic_signals", "Туман": "Яшнобод", "Name": "Фарғона йўли кўча", "ID_Geoname": "АPU:53647", "id": 171, "mahalla": "Yangidavr MFY", "mahalla_id": 1726290040, "geonames": "АPU:56994" }, "geometry": { "type": "Point", "coordinates": [ 69.3153179, 41.2653722 ] } },
{ "type": "Feature", "properties": { "osm_id": "13382168665", "highway": "traffic_signals", "Туман": "Яшнобод", "Name": "Жарқўрғон кўча", "ID_Geoname": "АPU:54852", "id": 171, "mahalla": "Yangidavr MFY", "mahalla_id": 1726290040, "geonames": "АPU:56994" }, "geometry": { "type": "Point", "coordinates": [ 69.3150261, 41.2662304 ] } },
{ "type": "Feature", "properties": { "osm_id": "13382168669", "highway": "traffic_signals", "Туман": "Яшнобод", "Name": "Фарғона йўли-8 берк кўча", "ID_Geoname": "АPU:54839", "id": 171, "mahalla": "Yangidavr MFY", "mahalla_id": 1726290040, "geonames": "АPU:56994" }, "geometry": { "type": "Point", "coordinates": [ 69.3152104, 41.2657024 ] } },
{ "type": "Feature", "properties": { "osm_id": "13688686511", "highway": "traffic_signals", "Туман": "Яшнобод", "Name": "Оҳангарон шоҳкўча", "ID_Geoname": "АPU:54782", "id": 171, "mahalla": "Olmos MFY", "mahalla_id": 1726290009, "geonames": "АPU:57024" }, "geometry": { "type": "Point", "coordinates": [ 69.3618157, 41.2762684 ] } },
{ "type": "Feature", "properties": { "osm_id": "2051178941", "highway": "traffic_signals", "Туман": "Яшнобод", "Name": "Фарғона йўли кўча", "ID_Geoname": "АPU:53647", "id": 171, "mahalla": "Maʻrifat MFY", "mahalla_id": 1726290048, "geonames": "АPU:282898" }, "geometry": { "type": "Point", "coordinates": [ 69.3025925, 41.2875889 ] } },
{ "type": "Feature", "properties": { "osm_id": "2051178932", "highway": "traffic_signals", "Туман": "Яшнобод", "Name": "Фарғона йўли кўча", "ID_Geoname": "АPU:53647", "id": 171, "mahalla": "Maʻrifat MFY", "mahalla_id": 1726290048, "geonames": "АPU:282898" }, "geometry": { "type": "Point", "coordinates": [ 69.3031776, 41.2870406 ] } },
{ "type": "Feature", "properties": { "osm_id": "2051178939", "highway": "traffic_signals", "Туман": "Яшнобод", "Name": "Боку кўча", "ID_Geoname": "АPU:55006", "id": 171, "mahalla": "Maʻrifat MFY", "mahalla_id": 1726290048, "geonames": "АPU:282898" }, "geometry": { "type": "Point", "coordinates": [ 69.3034459, 41.28738 ] } },
{ "type": "Feature", "properties": { "osm_id": "2051178921", "highway": "traffic_signals", "Туман": "Яшнобод", "Name": "8 март кўча", "ID_Geoname": "АPU:53611", "id": 171, "mahalla": "Maʻrifat MFY", "mahalla_id": 1726290048, "geonames": "АPU:282898" }, "geometry": { "type": "Point", "coordinates": [ 69.3032635, 41.2864524 ] } },
{ "type": "Feature", "properties": { "osm_id": "2051178930", "highway": "traffic_signals", "Туман": "Яшнобод", "Name": "8 март кўча", "ID_Geoname": "АPU:53611", "id": 171, "mahalla": "Maʻrifat MFY", "mahalla_id": 1726290048, "geonames": "АPU:282898" }, "geometry": { "type": "Point", "coordinates": [ 69.3032916, 41.2865733 ] } },
{ "type": "Feature", "properties": { "osm_id": "13324943844", "highway": "traffic_signals", "Туман": "Яшнобод", "Name": "Фарғона йўли кўча", "ID_Geoname": "АPU:53647", "id": 171, "mahalla": "Maʻrifat MFY", "mahalla_id": 1726290048, "geonames": "АPU:282898" }, "geometry": { "type": "Point", "coordinates": [ 69.2987755, 41.2921368 ] } },
{ "type": "Feature", "properties": { "osm_id": "13324943834", "highway": "traffic_signals", "Туман": "Яшнобод", "Name": "Фарғона йўли кўча", "ID_Geoname": "АPU:53647", "id": 171, "mahalla": "Maʻrifat MFY", "mahalla_id": 1726290048, "geonames": "АPU:282898" }, "geometry": { "type": "Point", "coordinates": [ 69.2993079, 41.2920785 ] } },
{ "type": "Feature", "properties": { "osm_id": "13324943845", "highway": "traffic_signals", "Туман": "Яшнобод", "Name": "Фарғона йўли кўча", "ID_Geoname": "АPU:53647", "id": 171, "mahalla": "Maʻrifat MFY", "mahalla_id": 1726290048, "geonames": "АPU:282898" }, "geometry": { "type": "Point", "coordinates": [ 69.2992334, 41.2918301 ] } },
{ "type": "Feature", "properties": { "osm_id": "8981467895", "highway": "traffic_signals", "Туман": "Яшнобод", "Name": "Фарғона йўли кўча", "ID_Geoname": "АPU:53647", "id": 171, "mahalla": "Maʻrifat MFY", "mahalla_id": 1726290048, "geonames": "АPU:282898" }, "geometry": { "type": "Point", "coordinates": [ 69.3014899, 41.2890739 ] } },
{ "type": "Feature", "properties": { "osm_id": "8981467885", "highway": "traffic_signals", "Туман": "Яшнобод", "Name": "Фарғона йўли кўча", "ID_Geoname": "АPU:53647", "id": 171, "mahalla": "Maʻrifat MFY", "mahalla_id": 1726290048, "geonames": "АPU:282898" }, "geometry": { "type": "Point", "coordinates": [ 69.3018684, 41.28882 ] } },
{ "type": "Feature", "properties": { "osm_id": "13382168613", "highway": "traffic_signals", "Туман": "Яшнобод", "Name": "Алимкент кўча", "ID_Geoname": "АPU:54951", "id": 171, "mahalla": "Maʻrifat MFY", "mahalla_id": 1726290048, "geonames": "АPU:282898" }, "geometry": { "type": "Point", "coordinates": [ 69.3238734, 41.2931187 ] } },
{ "type": "Feature", "properties": { "osm_id": "1952309261", "highway": "traffic_signals", "Туман": "Яшнобод", "Name": "Мирзо Улуғбек шоҳкўча", "ID_Geoname": "АPU:55025", "id": 171, "mahalla": "Boyqoʻrgʻon MFY", "mahalla_id": 1726290030, "geonames": "АPU:56985" }, "geometry": { "type": "Point", "coordinates": [ 69.3163278, 41.3164954 ] } },
{ "type": "Feature", "properties": { "osm_id": "1952309249", "highway": "traffic_signals", "Туман": "Яшнобод", "Name": "Мирзо Улуғбек шоҳкўча", "ID_Geoname": "АPU:55025", "id": 171, "mahalla": "Boyqoʻrgʻon MFY", "mahalla_id": 1726290030, "geonames": "АPU:56985" }, "geometry": { "type": "Point", "coordinates": [ 69.3141306, 41.3132816 ] } },
{ "type": "Feature", "properties": { "osm_id": "1952309212", "highway": "traffic_signals", "Туман": "Яшнобод", "Name": "Султонали Машҳадий кўча", "ID_Geoname": "АPU:55040", "id": 171, "mahalla": "Boyqoʻrgʻon MFY", "mahalla_id": 1726290030, "geonames": "АPU:56985" }, "geometry": { "type": "Point", "coordinates": [ 69.3136919, 41.3131018 ] } },
{ "type": "Feature", "properties": { "osm_id": "1952309309", "highway": "traffic_signals", "Туман": "Яшнобод", "Name": "Паркент кўча", "ID_Geoname": "АPU:54762", "id": 171, "mahalla": "Boyqoʻrgʻon MFY", "mahalla_id": 1726290030, "geonames": "АPU:56985" }, "geometry": { "type": "Point", "coordinates": [ 69.3159943, 41.3170774 ] } },
{ "type": "Feature", "properties": { "osm_id": "1952309309", "highway": "traffic_signals", "Туман": "Яшнобод", "Name": "Паркент кўча", "ID_Geoname": "АPU:54762", "id": 171, "mahalla": "Boyqoʻrgʻon MFY", "mahalla_id": 1726290030, "geonames": "АPU:56985" }, "geometry": { "type": "Point", "coordinates": [ 69.3159943, 41.3170774 ] } },
{ "type": "Feature", "properties": { "osm_id": "1952309298", "highway": "traffic_signals", "Туман": "Яшнобод", "Name": "Паркент кўча", "ID_Geoname": "АPU:54762", "id": 171, "mahalla": "Boyqoʻrgʻon MFY", "mahalla_id": 1726290030, "geonames": "АPU:56985" }, "geometry": { "type": "Point", "coordinates": [ 69.3171966, 41.316794 ] } },
{ "type": "Feature", "properties": { "osm_id": "1952309298", "highway": "traffic_signals", "Туман": "Яшнобод", "Name": "Паркент кўча", "ID_Geoname": "АPU:54762", "id": 171, "mahalla": "Boyqoʻrgʻon MFY", "mahalla_id": 1726290030, "geonames": "АPU:56985" }, "geometry": { "type": "Point", "coordinates": [ 69.3171966, 41.316794 ] } },
{ "type": "Feature", "properties": { "osm_id": "1952309198", "highway": "traffic_signals", "Туман": "Яшнобод", "Name": "Султонали Машҳадий кўча", "ID_Geoname": "АPU:55040", "id": 171, "mahalla": "Boyqoʻrgʻon MFY", "mahalla_id": 1726290030, "geonames": "АPU:56985" }, "geometry": { "type": "Point", "coordinates": [ 69.3144053, 41.3128755 ] } },
{ "type": "Feature", "properties": { "osm_id": "1952309178", "highway": "traffic_signals", "Туман": "Яшнобод", "Name": "Мирзо Улуғбек шоҳкўча", "ID_Geoname": "АPU:55025", "id": 171, "mahalla": "Boyqoʻrgʻon MFY", "mahalla_id": 1726290030, "geonames": "АPU:56985" }, "geometry": { "type": "Point", "coordinates": [ 69.314057, 41.3127634 ] } },
{ "type": "Feature", "properties": { "osm_id": "6084614560", "highway": "traffic_signals", "Туман": "Яшнобод", "Name": "Мирзо Улуғбек шоҳкўча", "ID_Geoname": "АPU:55025", "id": 171, "mahalla": "Boyqoʻrgʻon MFY", "mahalla_id": 1726290030, "geonames": "АPU:56985" }, "geometry": { "type": "Point", "coordinates": [ 69.3125528, 41.3106875 ] } },
{ "type": "Feature", "properties": { "osm_id": "6084614558", "highway": "traffic_signals", "Туман": "Яшнобод", "Name": "Мирзо Улуғбек шоҳкўча", "ID_Geoname": "АPU:55025", "id": 171, "mahalla": "Boyqoʻrgʻon MFY", "mahalla_id": 1726290030, "geonames": "АPU:56985" }, "geometry": { "type": "Point", "coordinates": [ 69.3125464, 41.3102807 ] } },
{ "type": "Feature", "properties": { "osm_id": "6084614557", "highway": "traffic_signals", "Туман": "Яшнобод", "Name": "Мавлоно Риёзий-1 тор кўча", "ID_Geoname": "АPU:55045", "id": 171, "mahalla": "Boyqoʻrgʻon MFY", "mahalla_id": 1726290030, "geonames": "АPU:56985" }, "geometry": { "type": "Point", "coordinates": [ 69.3128753, 41.3103641 ] } },
{ "type": "Feature", "properties": { "osm_id": "13534580385", "highway": "traffic_signals", "Туман": "Яшнобод", "Name": "Бойсун кўча", "ID_Geoname": "АPU:54984", "id": 171, "mahalla": "Boysun MFY", "mahalla_id": 1726290046, "geonames": "АPU:56983" }, "geometry": { "type": "Point", "coordinates": [ 69.3237628, 41.2791453 ] } },
{ "type": "Feature", "properties": { "osm_id": "2026752057", "highway": "traffic_signals", "Туман": "Яшнобод", "Name": "Паркент кўча", "ID_Geoname": "АPU:54762", "id": 171, "mahalla": "Doʻstobod MFY", "mahalla_id": 1726290033, "geonames": "АPU:57017" }, "geometry": { "type": "Point", "coordinates": [ 69.3315643, 41.3127402 ] } },
{ "type": "Feature", "properties": { "osm_id": "2026752055", "highway": "traffic_signals", "Туман": "Яшнобод", "Name": "Олтинтепа кўча", "ID_Geoname": "АPU:55039", "id": 171, "mahalla": "Doʻstobod MFY", "mahalla_id": 1726290033, "geonames": "АPU:57017" }, "geometry": { "type": "Point", "coordinates": [ 69.330854, 41.3126888 ] } },
{ "type": "Feature", "properties": { "osm_id": "2026752055", "highway": "traffic_signals", "Туман": "Яшнобод", "Name": "Олтинтепа кўча", "ID_Geoname": "АPU:55039", "id": 171, "mahalla": "Doʻstobod MFY", "mahalla_id": 1726290033, "geonames": "АPU:57017" }, "geometry": { "type": "Point", "coordinates": [ 69.330854, 41.3126888 ] } },
{ "type": "Feature", "properties": { "osm_id": "13764011001", "highway": "traffic_signals", "Туман": "Яшнобод", "Name": "Маҳтумқули шоҳкўча", "ID_Geoname": "АPU:262764", "id": 171, "mahalla": "Doʻstobod MFY", "mahalla_id": 1726290033, "geonames": "АPU:57017" }, "geometry": { "type": "Point", "coordinates": [ 69.3314583, 41.3052919 ] } },
{ "type": "Feature", "properties": { "osm_id": "13448639891", "highway": "traffic_signals", "Туман": "Яшнобод", "Name": "Паркент кўча", "ID_Geoname": "АPU:54762", "id": 171, "mahalla": "Doʻstobod MFY", "mahalla_id": 1726290033, "geonames": "АPU:57017" }, "geometry": { "type": "Point", "coordinates": [ 69.3354747, 41.3097381 ] } },
{ "type": "Feature", "properties": { "osm_id": "13448639891", "highway": "traffic_signals", "Туман": "Яшнобод", "Name": "Паркент кўча", "ID_Geoname": "АPU:54762", "id": 171, "mahalla": "Doʻstobod MFY", "mahalla_id": 1726290033, "geonames": "АPU:57017" }, "geometry": { "type": "Point", "coordinates": [ 69.3354747, 41.3097381 ] } },
{ "type": "Feature", "properties": { "osm_id": "7276284198", "highway": "traffic_signals", "Туман": "Яшнобод", "Name": "Маҳтумқули шоҳкўча", "ID_Geoname": "АPU:262764", "id": 171, "mahalla": "Doʻstobod MFY", "mahalla_id": 1726290033, "geonames": "АPU:57017" }, "geometry": { "type": "Point", "coordinates": [ 69.3260242, 41.3048611 ] } },
{ "type": "Feature", "properties": { "osm_id": "7252264850", "highway": "traffic_signals", "Туман": "Яшнобод", "Name": "Паркент кўча", "ID_Geoname": "АPU:54762", "id": 171, "mahalla": "Doʻstobod MFY", "mahalla_id": 1726290033, "geonames": "АPU:57017" }, "geometry": { "type": "Point", "coordinates": [ 69.3359171, 41.3095587 ] } },
{ "type": "Feature", "properties": { "osm_id": "7252264850", "highway": "traffic_signals", "Туман": "Яшнобод", "Name": "Паркент кўча", "ID_Geoname": "АPU:54762", "id": 171, "mahalla": "Doʻstobod MFY", "mahalla_id": 1726290033, "geonames": "АPU:57017" }, "geometry": { "type": "Point", "coordinates": [ 69.3359171, 41.3095587 ] } },
{ "type": "Feature", "properties": { "osm_id": "7276284452", "highway": "traffic_signals", "Туман": "Яшнобод", "Name": "Маҳтумқули шоҳкўча", "ID_Geoname": "АPU:262764", "id": 171, "mahalla": "Doʻstobod MFY", "mahalla_id": 1726290033, "geonames": "АPU:57017" }, "geometry": { "type": "Point", "coordinates": [ 69.3220791, 41.3044996 ] } },
{ "type": "Feature", "properties": { "osm_id": "13391400898", "highway": "traffic_signals", "Туман": "Яшнобод", "Name": "Олтинтепа кўча", "ID_Geoname": "АPU:55039", "id": 171, "mahalla": "Doʻstobod MFY", "mahalla_id": 1726290033, "geonames": "АPU:57017" }, "geometry": { "type": "Point", "coordinates": [ 69.3275608, 41.3110995 ] } },
{ "type": "Feature", "properties": { "osm_id": "11914389721", "highway": "traffic_signals", "Туман": "Сергели", "Name": "Қумариқ кўча", "ID_Geoname": "АPU:54105", "id": 172, "mahalla": "Oltinvodiy MFY", "mahalla_id": 1726283041, "geonames": "АPU:56776" }, "geometry": { "type": "Point", "coordinates": [ 69.2650895, 41.2648105 ] } },
{ "type": "Feature", "properties": { "osm_id": "1781242011", "highway": "traffic_signals", "Туман": "Сергели", "Name": "Қумариқ кўча", "ID_Geoname": "АPU:54105", "id": 172, "mahalla": "Oltinvodiy MFY", "mahalla_id": 1726283041, "geonames": "АPU:56776" }, "geometry": { "type": "Point", "coordinates": [ 69.2554076, 41.2596648 ] } },
{ "type": "Feature", "properties": { "osm_id": "3096707401", "highway": "traffic_signals", "Туман": "Сергели", "Name": "Қумариқ кўча", "ID_Geoname": "АPU:54105", "id": 172, "mahalla": "Oltinvodiy MFY", "mahalla_id": 1726283041, "geonames": "АPU:56776" }, "geometry": { "type": "Point", "coordinates": [ 69.2550235, 41.2598714 ] } },
{ "type": "Feature", "properties": { "osm_id": "1242803001", "highway": "traffic_signals", "Туман": "Сергели", "Name": "Қумариқ кўча", "ID_Geoname": "АPU:54105", "id": 172, "mahalla": "Oltinvodiy MFY", "mahalla_id": 1726283041, "geonames": "АPU:56776" }, "geometry": { "type": "Point", "coordinates": [ 69.2659485, 41.2641094 ] } },
{ "type": "Feature", "properties": { "osm_id": "956141729", "highway": "traffic_signals", "Туман": "Сергели", "Name": "Қумариқ кўча", "ID_Geoname": "АPU:54105", "id": 172, "mahalla": "Oltinvodiy MFY", "mahalla_id": 1726283041, "geonames": "АPU:56776" }, "geometry": { "type": "Point", "coordinates": [ 69.2651624, 41.2650554 ] } },
{ "type": "Feature", "properties": { "osm_id": "3051113093", "highway": "traffic_signals", "Туман": "Сергели", "Name": "Қумариқ кўча", "ID_Geoname": "АPU:54105", "id": 172, "mahalla": "Oltinvodiy MFY", "mahalla_id": 1726283041, "geonames": "АPU:56776" }, "geometry": { "type": "Point", "coordinates": [ 69.2656565, 41.2641281 ] } },
{ "type": "Feature", "properties": { "osm_id": "964715996", "highway": "traffic_signals", "Туман": "Сергели", "Name": "Янги Сергели кўча", "ID_Geoname": "АPU:54096", "id": 172, "mahalla": "Qut-baraka MFY", "mahalla_id": 1726283032, "geonames": "АPU:883019" }, "geometry": { "type": "Point", "coordinates": [ 69.2199495, 41.2267822 ] } },
{ "type": "Feature", "properties": { "osm_id": "965883189", "highway": "traffic_signals", "Туман": "Сергели", "Name": "Хонободтепа шоҳкўчаси", "ID_Geoname": null, "id": 172, "mahalla": "Qut-baraka MFY", "mahalla_id": 1726283032, "geonames": "АPU:883019" }, "geometry": { "type": "Point", "coordinates": [ 69.2244731, 41.2437762 ] } },
{ "type": "Feature", "properties": { "osm_id": "964657760", "highway": "traffic_signals", "Туман": "Сергели", "Name": "Хонободтепа шоҳкўчаси", "ID_Geoname": null, "id": 172, "mahalla": "Noʻgʻoyqoʻrgʻon MFY", "mahalla_id": 1726283045, "geonames": "АPU:56774" }, "geometry": { "type": "Point", "coordinates": [ 69.2244661, 41.243895 ] } },
{ "type": "Feature", "properties": { "osm_id": "13352014181", "highway": "traffic_signals", "Туман": "Сергели", "Name": "Шокирариқ кўча", "ID_Geoname": "АPU:54097", "id": 172, "mahalla": "Sofdil MFY", "mahalla_id": 1726283013, "geonames": "АPU:282854" }, "geometry": { "type": "Point", "coordinates": [ 69.2184281, 41.2170834 ] } },
{ "type": "Feature", "properties": { "osm_id": "4590499025", "highway": "traffic_signals", "Туман": "Сергели", "Name": "Янги Сергели кўча", "ID_Geoname": "АPU:54096", "id": 172, "mahalla": "Sofdil MFY", "mahalla_id": 1726283013, "geonames": "АPU:282854" }, "geometry": { "type": "Point", "coordinates": [ 69.2282042, 41.2142018 ] } },
{ "type": "Feature", "properties": { "osm_id": "1193830016", "highway": "traffic_signals", "Туман": "Сергели", "Name": "Бирлик кўча", "ID_Geoname": "АPU:283152", "id": 172, "mahalla": "Sofdil MFY", "mahalla_id": 1726283013, "geonames": "АPU:282854" }, "geometry": { "type": "Point", "coordinates": [ 69.2268738, 41.2158186 ] } },
{ "type": "Feature", "properties": { "osm_id": "4590499017", "highway": "traffic_signals", "Туман": "Сергели", "Name": "Янги Сергели кўча", "ID_Geoname": "АPU:54096", "id": 172, "mahalla": "Sugʻdiyona MFY", "mahalla_id": 1726283020, "geonames": "АPU:282863" }, "geometry": { "type": "Point", "coordinates": [ 69.2285805, 41.2139852 ] } },
{ "type": "Feature", "properties": { "osm_id": "13743110733", "highway": "traffic_signals", "Туман": "Сергели", "Name": "Янги Сергели кўча", "ID_Geoname": "АPU:54096", "id": 172, "mahalla": "Sugʻdiyona MFY", "mahalla_id": 1726283020, "geonames": "АPU:282863" }, "geometry": { "type": "Point", "coordinates": [ 69.2247221, 41.2191853 ] } },
{ "type": "Feature", "properties": { "osm_id": "9837552022", "highway": "traffic_signals", "Туман": "Сергели", "Name": "Сергели йўли шоҳкўча", "ID_Geoname": null, "id": 172, "mahalla": "Sugʻdiyona MFY", "mahalla_id": 1726283020, "geonames": "АPU:282863" }, "geometry": { "type": "Point", "coordinates": [ 69.2438454, 41.2199514 ] } },
{ "type": "Feature", "properties": { "osm_id": "9837552023", "highway": "traffic_signals", "Туман": "Сергели", "Name": "Обиҳаёт кўча", "ID_Geoname": "АPU:54069", "id": 172, "mahalla": "Sugʻdiyona MFY", "mahalla_id": 1726283020, "geonames": "АPU:282863" }, "geometry": { "type": "Point", "coordinates": [ 69.2436224, 41.2195951 ] } },
{ "type": "Feature", "properties": { "osm_id": "13735720539", "highway": "traffic_signals", "Туман": "Учтепа", "Name": "Кўкча Дарвоза кўча", "ID_Geoname": "АPU:303220", "id": 170, "mahalla": "Nishabariq MFY", "mahalla_id": 1726262010, "geonames": "АPU:56786" }, "geometry": { "type": "Point", "coordinates": [ 69.1826055, 41.3130682 ] } },
{ "type": "Feature", "properties": { "osm_id": "13735720531", "highway": "traffic_signals", "Туман": "Учтепа", "Name": "Кўкча Дарвоза кўча", "ID_Geoname": "АPU:303220", "id": 170, "mahalla": "Nishabariq MFY", "mahalla_id": 1726262010, "geonames": "АPU:56786" }, "geometry": { "type": "Point", "coordinates": [ 69.1862828, 41.3144884 ] } },
{ "type": "Feature", "properties": { "osm_id": "13735720524", "highway": "traffic_signals", "Туман": "Учтепа", "Name": "Кўкча Дарвоза кўча", "ID_Geoname": "АPU:303220", "id": 170, "mahalla": "Nishabariq MFY", "mahalla_id": 1726262010, "geonames": "АPU:56786" }, "geometry": { "type": "Point", "coordinates": [ 69.1867699, 41.3147869 ] } },
{ "type": "Feature", "properties": { "osm_id": "6052883436", "highway": "traffic_signals", "Туман": "Учтепа", "Name": "Ҳамкор кўча", "ID_Geoname": "АPU:283173", "id": 170, "mahalla": "Nishabariq MFY", "mahalla_id": 1726262010, "geonames": "АPU:56786" }, "geometry": { "type": "Point", "coordinates": [ 69.1788182, 41.3214945 ] } },
{ "type": "Feature", "properties": { "osm_id": "6052883435", "highway": "traffic_signals", "Туман": "Учтепа", "Name": "Бешқайрағоч кўча", "ID_Geoname": "АPU:55692", "id": 170, "mahalla": "Nishabariq MFY", "mahalla_id": 1726262010, "geonames": "АPU:56786" }, "geometry": { "type": "Point", "coordinates": [ 69.1785684, 41.3215425 ] } },
{ "type": "Feature", "properties": { "osm_id": "5975249201", "highway": "traffic_signals", "Туман": "Учтепа", "Name": "Дилкаш кўча", "ID_Geoname": "АPU:54356", "id": 170, "mahalla": "Nishabariq MFY", "mahalla_id": 1726262010, "geonames": "АPU:56786" }, "geometry": { "type": "Point", "coordinates": [ 69.180765, 41.3128021 ] } },
{ "type": "Feature", "properties": { "osm_id": "5975249188", "highway": "traffic_signals", "Туман": "Учтепа", "Name": "Кўкча Дарвоза кўча", "ID_Geoname": "АPU:303220", "id": 170, "mahalla": "Nishabariq MFY", "mahalla_id": 1726262010, "geonames": "АPU:56786" }, "geometry": { "type": "Point", "coordinates": [ 69.1809684, 41.3127247 ] } },
{ "type": "Feature", "properties": { "osm_id": "6052883434", "highway": "traffic_signals", "Туман": "Учтепа", "Name": "Бешқайрағоч кўча", "ID_Geoname": "АPU:55692", "id": 170, "mahalla": "Bogʻichinor MFY", "mahalla_id": 1726262004, "geonames": "АPU:56787" }, "geometry": { "type": "Point", "coordinates": [ 69.1788695, 41.3217742 ] } },
{ "type": "Feature", "properties": { "osm_id": "6052883437", "highway": "traffic_signals", "Туман": "Учтепа", "Name": "Ҳамкор кўча", "ID_Geoname": "АPU:283173", "id": 170, "mahalla": "Qoryogʻdi MFY", "mahalla_id": 1726262047, "geonames": "АPU:56807" }, "geometry": { "type": "Point", "coordinates": [ 69.1786508, 41.3217951 ] } },
{ "type": "Feature", "properties": { "osm_id": "6052888696", "highway": "traffic_signals", "Туман": "Учтепа", "Name": "Қорёғди-1 тор кўча", "ID_Geoname": "АPU:54294", "id": 170, "mahalla": "Qoryogʻdi MFY", "mahalla_id": 1726262047, "geonames": "АPU:56807" }, "geometry": { "type": "Point", "coordinates": [ 69.1753764, 41.3205009 ] } },
{ "type": "Feature", "properties": { "osm_id": "6052888695", "highway": "traffic_signals", "Туман": "Учтепа", "Name": "Бешқайрағоч кўча", "ID_Geoname": "АPU:55692", "id": 170, "mahalla": "Qoryogʻdi MFY", "mahalla_id": 1726262047, "geonames": "АPU:56807" }, "geometry": { "type": "Point", "coordinates": [ 69.1756343, 41.3205114 ] } },
{ "type": "Feature", "properties": { "osm_id": "12479478196", "highway": "traffic_signals", "Туман": "Учтепа", "Name": "Бешқайрағоч кўча", "ID_Geoname": "АPU:55692", "id": 170, "mahalla": "Degrez MFY", "mahalla_id": 1726262006, "geonames": "АPU:56808" }, "geometry": { "type": "Point", "coordinates": [ 69.1885356, 41.3226338 ] } },
{ "type": "Feature", "properties": { "osm_id": "12479478197", "highway": "traffic_signals", "Туман": "Учтепа", "Name": "Бешқайрағоч кўча", "ID_Geoname": "АPU:55692", "id": 170, "mahalla": "Degrez MFY", "mahalla_id": 1726262006, "geonames": "АPU:56808" }, "geometry": { "type": "Point", "coordinates": [ 69.1880312, 41.3225526 ] } },
{ "type": "Feature", "properties": { "osm_id": "12479478195", "highway": "traffic_signals", "Туман": "Учтепа", "Name": "Қувноқ кўча", "ID_Geoname": "АPU:54445", "id": 170, "mahalla": "Degrez MFY", "mahalla_id": 1726262006, "geonames": "АPU:56808" }, "geometry": { "type": "Point", "coordinates": [ 69.188405, 41.3223833 ] } },
{ "type": "Feature", "properties": { "osm_id": "3132805057", "highway": "traffic_signals", "Туман": "Учтепа", "Name": "Кичик ҳалқа йўли кўча", "ID_Geoname": "АPU:53596", "id": 170, "mahalla": "Degrez MFY", "mahalla_id": 1726262006, "geonames": "АPU:56808" }, "geometry": { "type": "Point", "coordinates": [ 69.193023, 41.3226396 ] } },
{ "type": "Feature", "properties": { "osm_id": "5834986610", "highway": "traffic_signals", "Туман": "Учтепа", "Name": "Истироҳат кўча", "ID_Geoname": "АPU:283170", "id": 170, "mahalla": "Degrez MFY", "mahalla_id": 1726262006, "geonames": "АPU:56808" }, "geometry": { "type": "Point", "coordinates": [ 69.1933546, 41.3261267 ] } },
{ "type": "Feature", "properties": { "osm_id": "8740277082", "highway": "traffic_signals", "Туман": "Учтепа", "Name": "Кичик ҳалқа йўли кўча", "ID_Geoname": "АPU:53596", "id": 170, "mahalla": "Katta Choʻponota MFY", "mahalla_id": 1726262060, "geonames": "АPU:56905" }, "geometry": { "type": "Point", "coordinates": [ 69.1939, 41.297994 ] } },
{ "type": "Feature", "properties": { "osm_id": "5439939784", "highway": "traffic_signals", "Туман": "Учтепа", "Name": "Боғистон кўча", "ID_Geoname": "АPU:293247", "id": 170, "mahalla": "Katta Choʻponota MFY", "mahalla_id": 1726262060, "geonames": "АPU:56905" }, "geometry": { "type": "Point", "coordinates": [ 69.1898353, 41.2983521 ] } },
{ "type": "Feature", "properties": { "osm_id": "8312243034", "highway": "traffic_signals", "Туман": "Учтепа", "Name": "Фозилтепа кўча", "ID_Geoname": "АPU:54743", "id": 170, "mahalla": "Katta Choʻponota MFY", "mahalla_id": 1726262060, "geonames": "АPU:56905" }, "geometry": { "type": "Point", "coordinates": [ 69.1652955, 41.2852851 ] } },
{ "type": "Feature", "properties": { "osm_id": "5999830579", "highway": "traffic_signals", "Туман": "Учтепа", "Name": "Фозилтепа кўча", "ID_Geoname": "АPU:54743", "id": 170, "mahalla": "Katta Choʻponota MFY", "mahalla_id": 1726262060, "geonames": "АPU:56905" }, "geometry": { "type": "Point", "coordinates": [ 69.1899448, 41.2982637 ] } },
{ "type": "Feature", "properties": { "osm_id": "5999830553", "highway": "traffic_signals", "Туман": "Учтепа", "Name": "Қўшилиш кўча", "ID_Geoname": "АPU:864398", "id": 170, "mahalla": "Katta Choʻponota MFY", "mahalla_id": 1726262060, "geonames": "АPU:56905" }, "geometry": { "type": "Point", "coordinates": [ 69.1660443, 41.2871423 ] } },
{ "type": "Feature", "properties": { "osm_id": "5999830582", "highway": "traffic_signals", "Туман": "Учтепа", "Name": "Фозилтепа кўча", "ID_Geoname": "АPU:54743", "id": 170, "mahalla": "Katta Choʻponota MFY", "mahalla_id": 1726262060, "geonames": "АPU:56905" }, "geometry": { "type": "Point", "coordinates": [ 69.190453, 41.2982091 ] } },
{ "type": "Feature", "properties": { "osm_id": "6016128694", "highway": "traffic_signals", "Туман": "Учтепа", "Name": "Фозилтепа кўча", "ID_Geoname": "АPU:54743", "id": 170, "mahalla": "Katta Choʻponota MFY", "mahalla_id": 1726262060, "geonames": "АPU:56905" }, "geometry": { "type": "Point", "coordinates": [ 69.176631, 41.2955185 ] } },
{ "type": "Feature", "properties": { "osm_id": "6016128693", "highway": "traffic_signals", "Туман": "Учтепа", "Name": "Фарҳод кўча", "ID_Geoname": "АPU:293260", "id": 170, "mahalla": "Katta Choʻponota MFY", "mahalla_id": 1726262060, "geonames": "АPU:56905" }, "geometry": { "type": "Point", "coordinates": [ 69.1761833, 41.2955427 ] } },
{ "type": "Feature", "properties": { "osm_id": "1195159089", "highway": "traffic_signals", "Туман": "Учтепа", "Name": "Гулистон-7 кўча", "ID_Geoname": "АPU:54596", "id": 170, "mahalla": "Qoziguzar MFY", "mahalla_id": 1726262032, "geonames": "АPU:56820" }, "geometry": { "type": "Point", "coordinates": [ 69.164194, 41.2687779 ] } },
{ "type": "Feature", "properties": { "osm_id": "361460318", "highway": "traffic_signals", "Туман": "Учтепа", "Name": "Катта Қаъни кўча", "ID_Geoname": "АPU:55364", "id": 170, "mahalla": "Qoziguzar MFY", "mahalla_id": 1726262032, "geonames": "АPU:56820" }, "geometry": { "type": "Point", "coordinates": [ 69.1695674, 41.2713149 ] } },
{ "type": "Feature", "properties": { "osm_id": "8724401615", "highway": "traffic_signals", "Туман": "Учтепа", "Name": "Тўқимачи кўча", "ID_Geoname": "АPU:54345", "id": 170, "mahalla": "Beshqayragʻoch MFY", "mahalla_id": 1726262015, "geonames": "АPU:56813" }, "geometry": { "type": "Point", "coordinates": [ 69.159092, 41.3137188 ] } },
{ "type": "Feature", "properties": { "osm_id": "6016111963", "highway": "traffic_signals", "Туман": "Учтепа", "Name": "Кўкча Дарвоза кўча", "ID_Geoname": "АPU:303220", "id": 170, "mahalla": "Beshqayragʻoch MFY", "mahalla_id": 1726262015, "geonames": "АPU:56813" }, "geometry": { "type": "Point", "coordinates": [ 69.1678161, 41.3093186 ] } },
{ "type": "Feature", "properties": { "osm_id": "6016111964", "highway": "traffic_signals", "Туман": "Учтепа", "Name": "Кўкча Дарвоза кўча", "ID_Geoname": "АPU:303220", "id": 170, "mahalla": "Beshqayragʻoch MFY", "mahalla_id": 1726262015, "geonames": "АPU:56813" }, "geometry": { "type": "Point", "coordinates": [ 69.1674736, 41.3091474 ] } },
{ "type": "Feature", "properties": { "osm_id": "6016111965", "highway": "traffic_signals", "Туман": "Учтепа", "Name": "Назарбек кўча", "ID_Geoname": "АPU:54405", "id": 170, "mahalla": "Beshqayragʻoch MFY", "mahalla_id": 1726262015, "geonames": "АPU:56813" }, "geometry": { "type": "Point", "coordinates": [ 69.1677304, 41.3091189 ] } },
{ "type": "Feature", "properties": { "osm_id": "3132804720", "highway": "traffic_signals", "Туман": "Учтепа", "Name": "Бешқайрағоч кўча", "ID_Geoname": "АPU:55692", "id": 170, "mahalla": "Beshqayragʻoch MFY", "mahalla_id": 1726262015, "geonames": "АPU:56813" }, "geometry": { "type": "Point", "coordinates": [ 69.1619707, 41.3150909 ] } },
{ "type": "Feature", "properties": { "osm_id": "355225734", "highway": "traffic_signals", "Туман": "Учтепа", "Name": "Кўкча Дарвоза кўча", "ID_Geoname": "АPU:303220", "id": 170, "mahalla": "Beshqayragʻoch MFY", "mahalla_id": 1726262015, "geonames": "АPU:56813" }, "geometry": { "type": "Point", "coordinates": [ 69.1616968, 41.3075593 ] } },
{ "type": "Feature", "properties": { "osm_id": "13409313089", "highway": "traffic_signals", "Туман": "Учтепа", "Name": "Юсуф Саккокий кўча", "ID_Geoname": "АPU:54423", "id": 170, "mahalla": "Chamanzor MFY", "mahalla_id": 1726262029, "geonames": "АPU:56874" }, "geometry": { "type": "Point", "coordinates": [ 69.1699206, 41.297011 ] } },
{ "type": "Feature", "properties": { "osm_id": "13409313108", "highway": "traffic_signals", "Туман": "Учтепа", "Name": "Учтепа кўча", "ID_Geoname": "АPU:54462", "id": 170, "mahalla": "Chamanzor MFY", "mahalla_id": 1726262029, "geonames": "АPU:56874" }, "geometry": { "type": "Point", "coordinates": [ 69.1673554, 41.29979 ] } },
{ "type": "Feature", "properties": { "osm_id": "5398875402", "highway": "traffic_signals", "Туман": "Учтепа", "Name": "Катта ҳалқа йўли кўча", "ID_Geoname": "АPU:53220", "id": 170, "mahalla": "Foziltepa MFY", "mahalla_id": 1726262040, "geonames": "АPU:223815" }, "geometry": { "type": "Point", "coordinates": [ 69.1466567, 41.2772264 ] } },
{ "type": "Feature", "properties": { "osm_id": "5398868227", "highway": "traffic_signals", "Туман": "Учтепа", "Name": "Катта ҳалқа йўли кўча", "ID_Geoname": "АPU:53220", "id": 170, "mahalla": "Foziltepa MFY", "mahalla_id": 1726262040, "geonames": "АPU:223815" }, "geometry": { "type": "Point", "coordinates": [ 69.1468385, 41.272462 ] } },
{ "type": "Feature", "properties": { "osm_id": "5398868228", "highway": "traffic_signals", "Туман": "Учтепа", "Name": "Катта ҳалқа йўли кўча", "ID_Geoname": "АPU:53220", "id": 170, "mahalla": "Foziltepa MFY", "mahalla_id": 1726262040, "geonames": "АPU:223815" }, "geometry": { "type": "Point", "coordinates": [ 69.1466383, 41.2728467 ] } },
{ "type": "Feature", "properties": { "osm_id": "4548673555", "highway": "traffic_signals", "Туман": "Учтепа", "Name": "Катта ҳалқа йўли кўча", "ID_Geoname": "АPU:53220", "id": 170, "mahalla": "Foziltepa MFY", "mahalla_id": 1726262040, "geonames": "АPU:223815" }, "geometry": { "type": "Point", "coordinates": [ 69.1465116, 41.2773296 ] } },
{ "type": "Feature", "properties": { "osm_id": "8724408026", "highway": "traffic_signals", "Туман": "Учтепа", "Name": "Катта ҳалқа йўли кўча", "ID_Geoname": "АPU:53220", "id": 170, "mahalla": "Zarafshon MFY", "mahalla_id": 1726262041, "geonames": "АPU:223814" }, "geometry": { "type": "Point", "coordinates": [ 69.1539497, 41.3142676 ] } },
{ "type": "Feature", "properties": { "osm_id": "6015679239", "highway": "traffic_signals", "Туман": "Учтепа", "Name": "Катта ҳалқа йўли кўча", "ID_Geoname": "АPU:53220", "id": 170, "mahalla": "Zarafshon MFY", "mahalla_id": 1726262041, "geonames": "АPU:223814" }, "geometry": { "type": "Point", "coordinates": [ 69.1497911, 41.2907731 ] } },
{ "type": "Feature", "properties": { "osm_id": "13393175496", "highway": "traffic_signals", "Туман": "Учтепа", "Name": "Катта ҳалқа йўли кўча", "ID_Geoname": "АPU:53220", "id": 170, "mahalla": "Zarafshon MFY", "mahalla_id": 1726262041, "geonames": "АPU:223814" }, "geometry": { "type": "Point", "coordinates": [ 69.1570031, 41.3212982 ] } },
{ "type": "Feature", "properties": { "osm_id": "13735720522", "highway": "traffic_signals", "Туман": "Учтепа", "Name": "Заковат кўча", "ID_Geoname": "АPU:293242", "id": 170, "mahalla": "Paxtakor MFY", "mahalla_id": 1726262011, "geonames": "АPU:56819" }, "geometry": { "type": "Point", "coordinates": [ 69.1867164, 41.3145275 ] } },
{ "type": "Feature", "properties": { "osm_id": "6190357244", "highway": "traffic_signals", "Туман": "Учтепа", "Name": "Мерганча-4 тор кўча", "ID_Geoname": "АPU:54584", "id": 170, "mahalla": "Paxtakor MFY", "mahalla_id": 1726262011, "geonames": "АPU:56819" }, "geometry": { "type": "Point", "coordinates": [ 69.1934259, 41.3082544 ] } },
{ "type": "Feature", "properties": { "osm_id": "6190357245", "highway": "traffic_signals", "Туман": "Учтепа", "Name": "Мерганча-4 тор кўча", "ID_Geoname": "АPU:54584", "id": 170, "mahalla": "Paxtakor MFY", "mahalla_id": 1726262011, "geonames": "АPU:56819" }, "geometry": { "type": "Point", "coordinates": [ 69.1935298, 41.3083411 ] } },
{ "type": "Feature", "properties": { "osm_id": "5975320540", "highway": "traffic_signals", "Туман": "Учтепа", "Name": "Кўкча Дарвоза кўча", "ID_Geoname": "АPU:303220", "id": 170, "mahalla": "Paxtakor MFY", "mahalla_id": 1726262011, "geonames": "АPU:56819" }, "geometry": { "type": "Point", "coordinates": [ 69.1871632, 41.3149448 ] } },
{ "type": "Feature", "properties": { "osm_id": "3132805043", "highway": "traffic_signals", "Туман": "Учтепа", "Name": "Бешқайрағоч кўча", "ID_Geoname": "АPU:55692", "id": 170, "mahalla": "Shofayzibogʻ MFY", "mahalla_id": 1726262014, "geonames": "АPU:56806" }, "geometry": { "type": "Point", "coordinates": [ 69.1928154, 41.3223776 ] } },
{ "type": "Feature", "properties": { "osm_id": "3132805043", "highway": "traffic_signals", "Туман": "Учтепа", "Name": "Бешқайрағоч кўча", "ID_Geoname": "АPU:55692", "id": 170, "mahalla": "Shofayzibogʻ MFY", "mahalla_id": 1726262014, "geonames": "АPU:56806" }, "geometry": { "type": "Point", "coordinates": [ 69.1928154, 41.3223776 ] } },
{ "type": "Feature", "properties": { "osm_id": "5975320541", "highway": "traffic_signals", "Туман": "Учтепа", "Name": "Кўкча Дарвоза кўча", "ID_Geoname": "АPU:303220", "id": 170, "mahalla": "Shofayzibogʻ MFY", "mahalla_id": 1726262014, "geonames": "АPU:56806" }, "geometry": { "type": "Point", "coordinates": [ 69.187326, 41.3151061 ] } },
{ "type": "Feature", "properties": { "osm_id": "11914734887", "highway": "traffic_signals", "Туман": "Учтепа", "Name": "Кўкча Дарвоза кўча", "ID_Geoname": "АPU:303220", "id": 170, "mahalla": "Abdulla Qodiriy MFY", "mahalla_id": 1726262003, "geonames": "АPU:56815" }, "geometry": { "type": "Point", "coordinates": [ 69.175922, 41.3109967 ] } },
{ "type": "Feature", "properties": { "osm_id": "5975249187", "highway": "traffic_signals", "Туман": "Учтепа", "Name": "Кўкча Дарвоза кўча", "ID_Geoname": "АPU:303220", "id": 170, "mahalla": "Abdulla Qodiriy MFY", "mahalla_id": 1726262003, "geonames": "АPU:56815" }, "geometry": { "type": "Point", "coordinates": [ 69.1807578, 41.3126203 ] } },
{ "type": "Feature", "properties": { "osm_id": "6015679240", "highway": "traffic_signals", "Туман": "Учтепа", "Name": "Самарбону кўча", "ID_Geoname": "АPU:54643", "id": 170, "mahalla": "Oʻrikzor MFY", "mahalla_id": 1726262036, "geonames": "АPU:56822" }, "geometry": { "type": "Point", "coordinates": [ 69.1495148, 41.2902961 ] } },
{ "type": "Feature", "properties": { "osm_id": "13735720546", "highway": "traffic_signals", "Туман": "Учтепа", "Name": "Кўкча Дарвоза кўча", "ID_Geoname": "АPU:303220", "id": 170, "mahalla": "Koʻkcha-Oqtepa MFY", "mahalla_id": 1726262009, "geonames": "АPU:56796" }, "geometry": { "type": "Point", "coordinates": [ 69.1823358, 41.3129423 ] } },
{ "type": "Feature", "properties": { "osm_id": "13735720532", "highway": "traffic_signals", "Туман": "Учтепа", "Name": "Кўкча Дарвоза кўча", "ID_Geoname": "АPU:303220", "id": 170, "mahalla": "Koʻkcha-Oqtepa MFY", "mahalla_id": 1726262009, "geonames": "АPU:56796" }, "geometry": { "type": "Point", "coordinates": [ 69.1861889, 41.3143454 ] } },
{ "type": "Feature", "properties": { "osm_id": "5975249186", "highway": "traffic_signals", "Туман": "Учтепа", "Name": "Жамшид кўча", "ID_Geoname": "АPU:54533", "id": 170, "mahalla": "Koʻkcha-Oqtepa MFY", "mahalla_id": 1726262009, "geonames": "АPU:56796" }, "geometry": { "type": "Point", "coordinates": [ 69.1809275, 41.3124685 ] } },
{ "type": "Feature", "properties": { "osm_id": "6362606408", "highway": "traffic_signals", "Туман": "Яккасарой", "Name": "Имом ат-Термизий кўча", "ID_Geoname": "АPU:56609", "id": 10, "mahalla": "Rakat MFY", "mahalla_id": 1726287008, "geonames": "АPU:56968" }, "geometry": { "type": "Point", "coordinates": [ 69.2432815, 41.287027 ] } },
{ "type": "Feature", "properties": { "osm_id": "8381762210", "highway": "traffic_signals", "Туман": "Яккасарой", "Name": "Имом ат-Термизий кўча", "ID_Geoname": "АPU:56609", "id": 10, "mahalla": "Rakat MFY", "mahalla_id": 1726287008, "geonames": "АPU:56968" }, "geometry": { "type": "Point", "coordinates": [ 69.2444334, 41.28415 ] } },
{ "type": "Feature", "properties": { "osm_id": "8381762209", "highway": "traffic_signals", "Туман": "Яккасарой", "Name": "Шоҳжаҳон кўча", "ID_Geoname": "АPU:56600", "id": 10, "mahalla": "Rakat MFY", "mahalla_id": 1726287008, "geonames": "АPU:56968" }, "geometry": { "type": "Point", "coordinates": [ 69.2442213, 41.2842186 ] } },
{ "type": "Feature", "properties": { "osm_id": "13311625785", "highway": "traffic_signals", "Туман": "Яккасарой", "Name": "Муқимий кўча", "ID_Geoname": "АPU:252736", "id": 10, "mahalla": "Rakat MFY", "mahalla_id": 1726287008, "geonames": "АPU:56968" }, "geometry": { "type": "Point", "coordinates": [ 69.2407277, 41.2811427 ] } },
{ "type": "Feature", "properties": { "osm_id": "5195678909", "highway": "traffic_signals", "Туман": "Яккасарой", "Name": "Муқимий кўча", "ID_Geoname": "АPU:252736", "id": 10, "mahalla": "Rakat MFY", "mahalla_id": 1726287008, "geonames": "АPU:56968" }, "geometry": { "type": "Point", "coordinates": [ 69.2384733, 41.2825967 ] } },
{ "type": "Feature", "properties": { "osm_id": "3428100613", "highway": "traffic_signals", "Туман": "Яккасарой", "Name": "Шота Руставели кўча", "ID_Geoname": "АPU:56482", "id": 10, "mahalla": "Rakat MFY", "mahalla_id": 1726287008, "geonames": "АPU:56968" }, "geometry": { "type": "Point", "coordinates": [ 69.2490878, 41.2814613 ] } },
{ "type": "Feature", "properties": { "osm_id": "7077004661", "highway": "traffic_signals", "Туман": "Яккасарой", "Name": "Имом ат-Термизий кўча", "ID_Geoname": "АPU:56609", "id": 10, "mahalla": "Rakat MFY", "mahalla_id": 1726287008, "geonames": "АPU:56968" }, "geometry": { "type": "Point", "coordinates": [ 69.244238, 41.2844008 ] } },
{ "type": "Feature", "properties": { "osm_id": "13414265454", "highway": "traffic_signals", "Туман": "Яккасарой", "Name": "Муқимий кўча", "ID_Geoname": "АPU:252736", "id": 10, "mahalla": "Rakat MFY", "mahalla_id": 1726287008, "geonames": "АPU:56968" }, "geometry": { "type": "Point", "coordinates": [ 69.245429, 41.2782214 ] } },
{ "type": "Feature", "properties": { "osm_id": "7126153767", "highway": "traffic_signals", "Туман": "Яккасарой", "Name": "Шоҳжаҳон кўча", "ID_Geoname": "АPU:56600", "id": 10, "mahalla": "Rakat MFY", "mahalla_id": 1726287008, "geonames": "АPU:56968" }, "geometry": { "type": "Point", "coordinates": [ 69.2444667, 41.2842962 ] } },
{ "type": "Feature", "properties": { "osm_id": "7306635344", "highway": "traffic_signals", "Туман": "Яккасарой", "Name": "Шоҳжаҳон кўча", "ID_Geoname": "АPU:56600", "id": 10, "mahalla": "Rakat MFY", "mahalla_id": 1726287008, "geonames": "АPU:56968" }, "geometry": { "type": "Point", "coordinates": [ 69.238336, 41.2828818 ] } },
{ "type": "Feature", "properties": { "osm_id": "13359545716", "highway": "traffic_signals", "Туман": "Яккасарой", "Name": "Кичик ҳалқа йўли кўча", "ID_Geoname": "АPU:53596", "id": 10, "mahalla": "Damariq MFY", "mahalla_id": 1726287019, "geonames": "АPU:56964" }, "geometry": { "type": "Point", "coordinates": [ 69.2726568, 41.277814 ] } },
{ "type": "Feature", "properties": { "osm_id": "1913808349", "highway": "traffic_signals", "Туман": "Яккасарой", "Name": "Нукус кўча", "ID_Geoname": "АPU:282953", "id": 10, "mahalla": "Damariq MFY", "mahalla_id": 1726287019, "geonames": "АPU:56964" }, "geometry": { "type": "Point", "coordinates": [ 69.2657815, 41.2842778 ] } },
{ "type": "Feature", "properties": { "osm_id": "1913808341", "highway": "traffic_signals", "Туман": "Яккасарой", "Name": "Нукус кўча", "ID_Geoname": "АPU:282953", "id": 10, "mahalla": "Damariq MFY", "mahalla_id": 1726287019, "geonames": "АPU:56964" }, "geometry": { "type": "Point", "coordinates": [ 69.2648091, 41.2838685 ] } },
{ "type": "Feature", "properties": { "osm_id": "13619585821", "highway": "traffic_signals", "Туман": "Яккасарой", "Name": "Абдулла Қаҳҳор кўча", "ID_Geoname": "АPU:56534", "id": 10, "mahalla": "Damariq MFY", "mahalla_id": 1726287019, "geonames": "АPU:56964" }, "geometry": { "type": "Point", "coordinates": [ 69.2645279, 41.2705383 ] } },
{ "type": "Feature", "properties": { "osm_id": "13619585819", "highway": "traffic_signals", "Туман": "Яккасарой", "Name": "Кичик ҳалқа йўли кўча", "ID_Geoname": "АPU:53596", "id": 10, "mahalla": "Damariq MFY", "mahalla_id": 1726287019, "geonames": "АPU:56964" }, "geometry": { "type": "Point", "coordinates": [ 69.2646406, 41.2702541 ] } },
{ "type": "Feature", "properties": { "osm_id": "2760086077", "highway": "traffic_signals", "Туман": "Яккасарой", "Name": "Бобур кўча", "ID_Geoname": "АPU:56491", "id": 10, "mahalla": "Damariq MFY", "mahalla_id": 1726287019, "geonames": "АPU:56964" }, "geometry": { "type": "Point", "coordinates": [ 69.2595922, 41.2721287 ] } },
{ "type": "Feature", "properties": { "osm_id": "5850926026", "highway": "traffic_signals", "Туман": "Яккасарой", "Name": "Кичик ҳалқа йўли кўча", "ID_Geoname": "АPU:53596", "id": 10, "mahalla": "Damariq MFY", "mahalla_id": 1726287019, "geonames": "АPU:56964" }, "geometry": { "type": "Point", "coordinates": [ 69.2648618, 41.2704598 ] } },
{ "type": "Feature", "properties": { "osm_id": "5850926027", "highway": "traffic_signals", "Туман": "Яккасарой", "Name": "Кичик ҳалқа йўли кўча", "ID_Geoname": "АPU:53596", "id": 10, "mahalla": "Damariq MFY", "mahalla_id": 1726287019, "geonames": "АPU:56964" }, "geometry": { "type": "Point", "coordinates": [ 69.2646894, 41.2701904 ] } },
{ "type": "Feature", "properties": { "osm_id": "365384946", "highway": "traffic_signals", "Туман": "Яккасарой", "Name": "Кичик Бешёғоч кўча", "ID_Geoname": "АPU:56492", "id": 10, "mahalla": "Damariq MFY", "mahalla_id": 1726287019, "geonames": "АPU:56964" }, "geometry": { "type": "Point", "coordinates": [ 69.2691097, 41.2801257 ] } },
{ "type": "Feature", "properties": { "osm_id": "13351813812", "highway": "traffic_signals", "Туман": "Яккасарой", "Name": "Шота Руставели кўча", "ID_Geoname": "АPU:56482", "id": 10, "mahalla": "Hamid Sulaymonov MFY", "mahalla_id": 1726287020, "geonames": "АPU:56975" }, "geometry": { "type": "Point", "coordinates": [ 69.2683188, 41.2954576 ] } },
{ "type": "Feature", "properties": { "osm_id": "13351731664", "highway": "traffic_signals", "Туман": "Яккасарой", "Name": "Шота Руставели кўча", "ID_Geoname": "АPU:56482", "id": 10, "mahalla": "Hamid Sulaymonov MFY", "mahalla_id": 1726287020, "geonames": "АPU:56975" }, "geometry": { "type": "Point", "coordinates": [ 69.2682977, 41.295512 ] } },
{ "type": "Feature", "properties": { "osm_id": "1938338590", "highway": "traffic_signals", "Туман": "Яккасарой", "Name": "Кичик Бешёғоч кўча", "ID_Geoname": "АPU:56492", "id": 10, "mahalla": "Hamid Sulaymonov MFY", "mahalla_id": 1726287020, "geonames": "АPU:56975" }, "geometry": { "type": "Point", "coordinates": [ 69.2657491, 41.2845814 ] } },
{ "type": "Feature", "properties": { "osm_id": "1913808350", "highway": "traffic_signals", "Туман": "Яккасарой", "Name": "Нукус кўча", "ID_Geoname": "АPU:282953", "id": 10, "mahalla": "Hamid Sulaymonov MFY", "mahalla_id": 1726287020, "geonames": "АPU:56975" }, "geometry": { "type": "Point", "coordinates": [ 69.2654018, 41.2842268 ] } },
{ "type": "Feature", "properties": { "osm_id": "3917941508", "highway": "traffic_signals", "Туман": "Яккасарой", "Name": "Кичик Миробод кўча", "ID_Geoname": "АPU:56503", "id": 10, "mahalla": "Hamid Sulaymonov MFY", "mahalla_id": 1726287020, "geonames": "АPU:56975" }, "geometry": { "type": "Point", "coordinates": [ 69.2638464, 41.2928099 ] } },
{ "type": "Feature", "properties": { "osm_id": "3917941510", "highway": "traffic_signals", "Туман": "Яккасарой", "Name": "Шота Руставели кўча", "ID_Geoname": "АPU:56482", "id": 10, "mahalla": "Hamid Sulaymonov MFY", "mahalla_id": 1726287020, "geonames": "АPU:56975" }, "geometry": { "type": "Point", "coordinates": [ 69.2635021, 41.2928819 ] } },
{ "type": "Feature", "properties": { "osm_id": "13424448864", "highway": "traffic_signals", "Туман": "Яккасарой", "Name": "Шота Руставели кўча", "ID_Geoname": "АPU:56482", "id": 10, "mahalla": "Hamid Sulaymonov MFY", "mahalla_id": 1726287020, "geonames": "АPU:56975" }, "geometry": { "type": "Point", "coordinates": [ 69.2616975, 41.2920337 ] } },
{ "type": "Feature", "properties": { "osm_id": "9655692274", "highway": "traffic_signals", "Туман": "Яккасарой", "Name": "Шота Руставели кўча", "ID_Geoname": "АPU:56482", "id": 10, "mahalla": "Hamid Sulaymonov MFY", "mahalla_id": 1726287020, "geonames": "АPU:56975" }, "geometry": { "type": "Point", "coordinates": [ 69.2667742, 41.2944955 ] } },
{ "type": "Feature", "properties": { "osm_id": "9133171895", "highway": "traffic_signals", "Туман": "Яккасарой", "Name": "Муқимий кўча", "ID_Geoname": "АPU:252736", "id": 10, "mahalla": "Muqimiy MFY", "mahalla_id": 1726287007, "geonames": "АPU:56967" }, "geometry": { "type": "Point", "coordinates": [ 69.2377491, 41.2828494 ] } },
{ "type": "Feature", "properties": { "osm_id": "8529771242", "highway": "traffic_signals", "Туман": "Яккасарой", "Name": "Гавҳар кўча", "ID_Geoname": "АPU:55181", "id": 10, "mahalla": "Yakkasaroy MFY", "mahalla_id": 1726287010, "geonames": "АPU:56973" }, "geometry": { "type": "Point", "coordinates": [ 69.2194588, 41.259166 ] } },
{ "type": "Feature", "properties": { "osm_id": "8529771244", "highway": "traffic_signals", "Туман": "Яккасарой", "Name": "Шота Руставели кўча", "ID_Geoname": "АPU:56482", "id": 10, "mahalla": "Yakkasaroy MFY", "mahalla_id": 1726287010, "geonames": "АPU:56973" }, "geometry": { "type": "Point", "coordinates": [ 69.2245746, 41.2598206 ] } },
{ "type": "Feature", "properties": { "osm_id": "8529771239", "highway": "traffic_signals", "Туман": "Яккасарой", "Name": "Гавҳар кўча", "ID_Geoname": "АPU:55181", "id": 10, "mahalla": "Yakkasaroy MFY", "mahalla_id": 1726287010, "geonames": "АPU:56973" }, "geometry": { "type": "Point", "coordinates": [ 69.2194561, 41.2590539 ] } },
{ "type": "Feature", "properties": { "osm_id": "11860682899", "highway": "traffic_signals", "Туман": "Яккасарой", "Name": "Боғибўстон кўча", "ID_Geoname": "АPU:56472", "id": 10, "mahalla": "Yakkasaroy MFY", "mahalla_id": 1726287010, "geonames": "АPU:56973" }, "geometry": { "type": "Point", "coordinates": [ 69.230651, 41.2703435 ] } },
{ "type": "Feature", "properties": { "osm_id": "8088286135", "highway": "traffic_signals", "Туман": "Яккасарой", "Name": "Чўпонота кўча", "ID_Geoname": "АPU:56471", "id": 10, "mahalla": "Yakkasaroy MFY", "mahalla_id": 1726287010, "geonames": "АPU:56973" }, "geometry": { "type": "Point", "coordinates": [ 69.2305239, 41.2705806 ] } },
{ "type": "Feature", "properties": { "osm_id": "4240720800", "highway": "traffic_signals", "Туман": "Яккасарой", "Name": "Яккасарой кўча", "ID_Geoname": "АPU:56627", "id": 10, "mahalla": "Yakkasaroy MFY", "mahalla_id": 1726287010, "geonames": "АPU:56973" }, "geometry": { "type": "Point", "coordinates": [ 69.2315709, 41.2659895 ] } },
{ "type": "Feature", "properties": { "osm_id": "4240720801", "highway": "traffic_signals", "Туман": "Яккасарой", "Name": "Шота Руставели кўча", "ID_Geoname": "АPU:56482", "id": 10, "mahalla": "Yakkasaroy MFY", "mahalla_id": 1726287010, "geonames": "АPU:56973" }, "geometry": { "type": "Point", "coordinates": [ 69.2319738, 41.2660409 ] } },
{ "type": "Feature", "properties": { "osm_id": "957862896", "highway": "traffic_signals", "Туман": "Яккасарой", "Name": "Гавҳар кўча", "ID_Geoname": "АPU:55181", "id": 10, "mahalla": "Yakkasaroy MFY", "mahalla_id": 1726287010, "geonames": "АPU:56973" }, "geometry": { "type": "Point", "coordinates": [ 69.2192211, 41.2588985 ] } },
{ "type": "Feature", "properties": { "osm_id": "5836977789", "highway": "traffic_signals", "Туман": "Яккасарой", "Name": "Кичик ҳалқа йўли кўча", "ID_Geoname": "АPU:53596", "id": 10, "mahalla": "Yakkasaroy MFY", "mahalla_id": 1726287010, "geonames": "АPU:56973" }, "geometry": { "type": "Point", "coordinates": [ 69.2228732, 41.2630214 ] } },
{ "type": "Feature", "properties": { "osm_id": "5837002511", "highway": "traffic_signals", "Туман": "Яккасарой", "Name": "Боғибўстон кўча", "ID_Geoname": "АPU:56472", "id": 10, "mahalla": "Yakkasaroy MFY", "mahalla_id": 1726287010, "geonames": "АPU:56973" }, "geometry": { "type": "Point", "coordinates": [ 69.2228318, 41.2633467 ] } },
{ "type": "Feature", "properties": { "osm_id": "964653100", "highway": "traffic_signals", "Туман": "Яккасарой", "Name": "Шота Руставели кўча", "ID_Geoname": "АPU:56482", "id": 10, "mahalla": "Yakkasaroy MFY", "mahalla_id": 1726287010, "geonames": "АPU:56973" }, "geometry": { "type": "Point", "coordinates": [ 69.2170391, 41.2581162 ] } },
{ "type": "Feature", "properties": { "osm_id": "1001063666", "highway": "traffic_signals", "Туман": "Яккасарой", "Name": "Шота Руставели кўча", "ID_Geoname": "АPU:56482", "id": 10, "mahalla": "Yakkasaroy MFY", "mahalla_id": 1726287010, "geonames": "АPU:56973" }, "geometry": { "type": "Point", "coordinates": [ 69.2174871, 41.2578651 ] } },
{ "type": "Feature", "properties": { "osm_id": "7212527696", "highway": "traffic_signals", "Туман": "Яккасарой", "Name": "Шота Руставели кўча", "ID_Geoname": "АPU:56482", "id": 10, "mahalla": "Yakkasaroy MFY", "mahalla_id": 1726287010, "geonames": "АPU:56973" }, "geometry": { "type": "Point", "coordinates": [ 69.2168104, 41.2581196 ] } },
{ "type": "Feature", "properties": { "osm_id": "245847192", "highway": "traffic_signals", "Туман": "Яккасарой", "Name": "Шота Руставели кўча", "ID_Geoname": "АPU:56482", "id": 10, "mahalla": "Yakkasaroy MFY", "mahalla_id": 1726287010, "geonames": "АPU:56973" }, "geometry": { "type": "Point", "coordinates": [ 69.217618, 41.2577653 ] } },
{ "type": "Feature", "properties": { "osm_id": "13372032869", "highway": "traffic_signals", "Туман": "Яккасарой", "Name": "Шота Руставели кўча", "ID_Geoname": "АPU:56482", "id": 10, "mahalla": "Yakkasaroy MFY", "mahalla_id": 1726287010, "geonames": "АPU:56973" }, "geometry": { "type": "Point", "coordinates": [ 69.2274417, 41.2619799 ] } },
{ "type": "Feature", "properties": { "osm_id": "2593697880", "highway": "traffic_signals", "Туман": "Яккасарой", "Name": "Чўпонота кўча", "ID_Geoname": "АPU:56471", "id": 10, "mahalla": "Yakkasaroy MFY", "mahalla_id": 1726287010, "geonames": "АPU:56973" }, "geometry": { "type": "Point", "coordinates": [ 69.2340946, 41.2683099 ] } },
{ "type": "Feature", "properties": { "osm_id": "5613509736", "highway": "traffic_signals", "Туман": "Яккасарой", "Name": "Кичик ҳалқа йўли кўча", "ID_Geoname": "АPU:53596", "id": 10, "mahalla": "Yakkasaroy MFY", "mahalla_id": 1726287010, "geonames": "АPU:56973" }, "geometry": { "type": "Point", "coordinates": [ 69.2223541, 41.2632126 ] } },
{ "type": "Feature", "properties": { "osm_id": "5103743350", "highway": "traffic_signals", "Туман": "Мирзо Улугбек", "Name": "Асака кўча", "ID_Geoname": "АPU:53274", "id": 11, "mahalla": "Mirzakalon Ismoiliy MFY", "mahalla_id": 1726269039, "geonames": "АPU:56685" }, "geometry": { "type": "Point", "coordinates": [ 69.3081623, 41.3142102 ] } },
{ "type": "Feature", "properties": { "osm_id": "5103743351", "highway": "traffic_signals", "Туман": "Мирзо Улугбек", "Name": "Асака кўча", "ID_Geoname": "АPU:53274", "id": 11, "mahalla": "Mirzakalon Ismoiliy MFY", "mahalla_id": 1726269039, "geonames": "АPU:56685" }, "geometry": { "type": "Point", "coordinates": [ 69.3081821, 41.3143118 ] } },
{ "type": "Feature", "properties": { "osm_id": "5103743352", "highway": "traffic_signals", "Туман": "Мирзо Улугбек", "Name": "Асака кўча", "ID_Geoname": "АPU:53274", "id": 11, "mahalla": "Mirzakalon Ismoiliy MFY", "mahalla_id": 1726269039, "geonames": "АPU:56685" }, "geometry": { "type": "Point", "coordinates": [ 69.3080215, 41.3143222 ] } },
{ "type": "Feature", "properties": { "osm_id": "245038765", "highway": "traffic_signals", "Туман": "Мирзо Улугбек", "Name": "Мустақиллик шоҳ кўча", "ID_Geoname": "АPU:53278", "id": 11, "mahalla": "Mirzakalon Ismoiliy MFY", "mahalla_id": 1726269039, "geonames": "АPU:56685" }, "geometry": { "type": "Point", "coordinates": [ 69.3029492, 41.3209079 ] } },
{ "type": "Feature", "properties": { "osm_id": "12326680293", "highway": "traffic_signals", "Туман": "Мирзо Улугбек", "Name": "Паркент кўча", "ID_Geoname": "АPU:54762", "id": 11, "mahalla": "Mirzakalon Ismoiliy MFY", "mahalla_id": 1726269039, "geonames": "АPU:56685" }, "geometry": { "type": "Point", "coordinates": [ 69.3104078, 41.3190896 ] } },
{ "type": "Feature", "properties": { "osm_id": "2026609178", "highway": "traffic_signals", "Туман": "Мирзо Улугбек", "Name": "Содиқ Азимов кўча", "ID_Geoname": "АPU:283130", "id": 11, "mahalla": "Oqibat MFY", "mahalla_id": 1726269042, "geonames": "АPU:56682" }, "geometry": { "type": "Point", "coordinates": [ 69.2921628, 41.3079384 ] } },
{ "type": "Feature", "properties": { "osm_id": "2105299863", "highway": "traffic_signals", "Туман": "Мирзо Улугбек", "Name": "Шастри кўча", "ID_Geoname": "АPU:57041", "id": 11, "mahalla": "Oqibat MFY", "mahalla_id": 1726269042, "geonames": "АPU:56682" }, "geometry": { "type": "Point", "coordinates": [ 69.2917069, 41.3121286 ] } },
{ "type": "Feature", "properties": { "osm_id": "2105299859", "highway": "traffic_signals", "Туман": "Мирзо Улугбек", "Name": "Ўзбекистон овози кўча", "ID_Geoname": "АPU:57073", "id": 11, "mahalla": "Oqibat MFY", "mahalla_id": 1726269042, "geonames": "АPU:56682" }, "geometry": { "type": "Point", "coordinates": [ 69.2914904, 41.3119052 ] } },
{ "type": "Feature", "properties": { "osm_id": "10805355048", "highway": "traffic_signals", "Туман": "Мирзо Улугбек", "Name": "Шастри кўча", "ID_Geoname": "АPU:57041", "id": 11, "mahalla": "Oqibat MFY", "mahalla_id": 1726269042, "geonames": "АPU:56682" }, "geometry": { "type": "Point", "coordinates": [ 69.2910027, 41.3138827 ] } },
{ "type": "Feature", "properties": { "osm_id": "3428139773", "highway": "traffic_signals", "Туман": "Мирзо Улугбек", "Name": "Мустақиллик шоҳ кўча", "ID_Geoname": "АPU:53278", "id": 11, "mahalla": "Oqibat MFY", "mahalla_id": 1726269042, "geonames": "АPU:56682" }, "geometry": { "type": "Point", "coordinates": [ 69.2899387, 41.3155474 ] } },
{ "type": "Feature", "properties": { "osm_id": "2026609200", "highway": "traffic_signals", "Туман": "Мирзо Улугбек", "Name": "Шаҳрисабз кўча", "ID_Geoname": "АPU:53546", "id": 11, "mahalla": "Shahrisabz MFY", "mahalla_id": 1726269048, "geonames": "АPU:56675" }, "geometry": { "type": "Point", "coordinates": [ 69.2864229, 41.3096983 ] } },
{ "type": "Feature", "properties": { "osm_id": "2026609191", "highway": "traffic_signals", "Туман": "Мирзо Улугбек", "Name": "Яҳё Ғуломов кўча", "ID_Geoname": "АPU:55038", "id": 11, "mahalla": "Shahrisabz MFY", "mahalla_id": 1726269048, "geonames": "АPU:56675" }, "geometry": { "type": "Point", "coordinates": [ 69.2890339, 41.3088593 ] } },
{ "type": "Feature", "properties": { "osm_id": "3169994263", "highway": "traffic_signals", "Туман": "Мирзо Улугбек", "Name": "Шаҳрисабз кўча", "ID_Geoname": "АPU:53546", "id": 11, "mahalla": "Shahrisabz MFY", "mahalla_id": 1726269048, "geonames": "АPU:56675" }, "geometry": { "type": "Point", "coordinates": [ 69.2870399, 41.3113422 ] } },
{ "type": "Feature", "properties": { "osm_id": "3169994272", "highway": "traffic_signals", "Туман": "Мирзо Улугбек", "Name": "Шаҳрисабз кўча", "ID_Geoname": "АPU:53546", "id": 11, "mahalla": "Shahrisabz MFY", "mahalla_id": 1726269048, "geonames": "АPU:56675" }, "geometry": { "type": "Point", "coordinates": [ 69.2868687, 41.3118789 ] } },
{ "type": "Feature", "properties": { "osm_id": "3169994277", "highway": "traffic_signals", "Туман": "Мирзо Улугбек", "Name": "Мустақиллик шоҳ кўча", "ID_Geoname": "АPU:53278", "id": 11, "mahalla": "Shahrisabz MFY", "mahalla_id": 1726269048, "geonames": "АPU:56675" }, "geometry": { "type": "Point", "coordinates": [ 69.2860034, 41.3138019 ] } },
{ "type": "Feature", "properties": { "osm_id": "9654509263", "highway": "traffic_signals", "Туман": "Мирзо Улугбек", "Name": "Шаҳрисабз кўча", "ID_Geoname": "АPU:53546", "id": 11, "mahalla": "Shahrisabz MFY", "mahalla_id": 1726269048, "geonames": "АPU:56675" }, "geometry": { "type": "Point", "coordinates": [ 69.2865455, 41.3136725 ] } },
{ "type": "Feature", "properties": { "osm_id": "3169994283", "highway": "traffic_signals", "Туман": "Мирзо Улугбек", "Name": "Мустақиллик шоҳ кўча", "ID_Geoname": "АPU:53278", "id": 11, "mahalla": "Mustaqillik MFY", "mahalla_id": 1726269040, "geonames": "АPU:56658" }, "geometry": { "type": "Point", "coordinates": [ 69.2866357, 41.3142114 ] } },
{ "type": "Feature", "properties": { "osm_id": "3169994284", "highway": "traffic_signals", "Туман": "Мирзо Улугбек", "Name": "Шаҳрисабз кўча", "ID_Geoname": "АPU:53546", "id": 11, "mahalla": "Mustaqillik MFY", "mahalla_id": 1726269040, "geonames": "АPU:56658" }, "geometry": { "type": "Point", "coordinates": [ 69.2859692, 41.3141691 ] } },
{ "type": "Feature", "properties": { "osm_id": "3428139774", "highway": "traffic_signals", "Туман": "Мирзо Улугбек", "Name": "Мустақиллик шоҳ кўча", "ID_Geoname": "АPU:53278", "id": 11, "mahalla": "Mustaqillik MFY", "mahalla_id": 1726269040, "geonames": "АPU:56658" }, "geometry": { "type": "Point", "coordinates": [ 69.2902872, 41.3158163 ] } },
{ "type": "Feature", "properties": { "osm_id": "1952309374", "highway": "traffic_signals", "Туман": "Мирзо Улугбек", "Name": "Мирзо Улуғбек шоҳкўча", "ID_Geoname": "АPU:55025", "id": 11, "mahalla": "Bahor MFY", "mahalla_id": 1726269056, "geonames": "АPU:142909" }, "geometry": { "type": "Point", "coordinates": [ 69.3405228, 41.339588 ] } },
{ "type": "Feature", "properties": { "osm_id": "1909509029", "highway": "traffic_signals", "Туман": "Мирзо Улугбек", "Name": "Дўрмон йўли кўча", "ID_Geoname": "АPU:53417", "id": 11, "mahalla": "Bahor MFY", "mahalla_id": 1726269056, "geonames": "АPU:142909" }, "geometry": { "type": "Point", "coordinates": [ 69.3395971, 41.3382393 ] } },
{ "type": "Feature", "properties": { "osm_id": "2713525586", "highway": "traffic_signals", "Туман": "Мирзо Улугбек", "Name": "Мирзо Улуғбек шоҳкўча", "ID_Geoname": "АPU:55025", "id": 11, "mahalla": "Bahor MFY", "mahalla_id": 1726269056, "geonames": "АPU:142909" }, "geometry": { "type": "Point", "coordinates": [ 69.3449102, 41.3437407 ] } },
{ "type": "Feature", "properties": { "osm_id": "2713525592", "highway": "traffic_signals", "Туман": "Мирзо Улугбек", "Name": "Мирзо Улуғбек шоҳкўча", "ID_Geoname": "АPU:55025", "id": 11, "mahalla": "Bahor MFY", "mahalla_id": 1726269056, "geonames": "АPU:142909" }, "geometry": { "type": "Point", "coordinates": [ 69.3520091, 41.3504591 ] } },
{ "type": "Feature", "properties": { "osm_id": "2713525587", "highway": "traffic_signals", "Туман": "Мирзо Улугбек", "Name": "Шукур Бурҳонов кўча", "ID_Geoname": "АPU:53469", "id": 11, "mahalla": "Bahor MFY", "mahalla_id": 1726269056, "geonames": "АPU:142909" }, "geometry": { "type": "Point", "coordinates": [ 69.3453003, 41.3437996 ] } },
{ "type": "Feature", "properties": { "osm_id": "13382060349", "highway": "traffic_signals", "Туман": "Мирзо Улугбек", "Name": "Мирзо Улуғбек шоҳкўча", "ID_Geoname": "АPU:55025", "id": 11, "mahalla": "Bahor MFY", "mahalla_id": 1726269056, "geonames": "АPU:142909" }, "geometry": { "type": "Point", "coordinates": [ 69.3484911, 41.3471297 ] } },
{ "type": "Feature", "properties": { "osm_id": "6605248263", "highway": "traffic_signals", "Туман": "Мирзо Улугбек", "Name": "238-Номсиз кўча", "ID_Geoname": null, "id": 11, "mahalla": "Geofizika MFY", "mahalla_id": 1726269031, "geonames": "АPU:883001" }, "geometry": { "type": "Point", "coordinates": [ 69.385633, 41.3386431 ] } },
{ "type": "Feature", "properties": { "osm_id": "1865718096", "highway": "traffic_signals", "Туман": "Мирзо Улугбек", "Name": "238-Номсиз кўча", "ID_Geoname": null, "id": 11, "mahalla": "Geofizika MFY", "mahalla_id": 1726269031, "geonames": "АPU:883001" }, "geometry": { "type": "Point", "coordinates": [ 69.385694, 41.3384883 ] } },
{ "type": "Feature", "properties": { "osm_id": "13155354973", "highway": "traffic_signals", "Туман": "Мирзо Улугбек", "Name": "Аҳмад Югнакий кўча", "ID_Geoname": "АPU:283137", "id": 11, "mahalla": "Geofizika MFY", "mahalla_id": 1726269031, "geonames": "АPU:883001" }, "geometry": { "type": "Point", "coordinates": [ 69.3977565, 41.3361333 ] } },
{ "type": "Feature", "properties": { "osm_id": "9956953513", "highway": "traffic_signals", "Туман": "Мирзо Улугбек", "Name": "Аҳмад Югнакий кўча", "ID_Geoname": "АPU:283137", "id": 11, "mahalla": "Geofizika MFY", "mahalla_id": 1726269031, "geonames": "АPU:883001" }, "geometry": { "type": "Point", "coordinates": [ 69.3984962, 41.3364101 ] } },
{ "type": "Feature", "properties": { "osm_id": "9956953528", "highway": "traffic_signals", "Туман": "Мирзо Улугбек", "Name": "Аҳмад Югнакий кўча", "ID_Geoname": "АPU:283137", "id": 11, "mahalla": "Geofizika MFY", "mahalla_id": 1726269031, "geonames": "АPU:883001" }, "geometry": { "type": "Point", "coordinates": [ 69.3976311, 41.3364858 ] } },
{ "type": "Feature", "properties": { "osm_id": "579972585", "highway": "traffic_signals", "Туман": "Мирзо Улугбек", "Name": "238-Номсиз кўча", "ID_Geoname": null, "id": 11, "mahalla": "Geofizika MFY", "mahalla_id": 1726269031, "geonames": "АPU:883001" }, "geometry": { "type": "Point", "coordinates": [ 69.3851701, 41.3386868 ] } },
{ "type": "Feature", "properties": { "osm_id": "360332847", "highway": "traffic_signals", "Туман": "Мирзо Улугбек", "Name": "238-Номсиз кўча", "ID_Geoname": null, "id": 11, "mahalla": "Geofizika MFY", "mahalla_id": 1726269031, "geonames": "АPU:883001" }, "geometry": { "type": "Point", "coordinates": [ 69.3851105, 41.3383681 ] } },
{ "type": "Feature", "properties": { "osm_id": "1976666287", "highway": "traffic_signals", "Туман": "Мирзо Улугбек", "Name": "Қува кўча", "ID_Geoname": "АPU:53436", "id": 11, "mahalla": "Gulzorobod MFY", "mahalla_id": 1726269053, "geonames": "АPU:883017" }, "geometry": { "type": "Point", "coordinates": [ 69.3617389, 41.3205597 ] } },
{ "type": "Feature", "properties": { "osm_id": "5219479611", "highway": "traffic_signals", "Туман": "Мирзо Улугбек", "Name": "Ўзбекистон овози кўча", "ID_Geoname": "АPU:57073", "id": 11, "mahalla": "Nur MFY", "mahalla_id": 1726269041, "geonames": "АPU:56686" }, "geometry": { "type": "Point", "coordinates": [ 69.2920601, 41.3119338 ] } },
{ "type": "Feature", "properties": { "osm_id": "5202745906", "highway": "traffic_signals", "Туман": "Мирзо Улугбек", "Name": "Махатма Ганди кўча", "ID_Geoname": "АPU:53275", "id": 11, "mahalla": "Nur MFY", "mahalla_id": 1726269041, "geonames": "АPU:56686" }, "geometry": { "type": "Point", "coordinates": [ 69.291321, 41.3138346 ] } },
{ "type": "Feature", "properties": { "osm_id": "4402519807", "highway": "traffic_signals", "Туман": "Мирзо Улугбек", "Name": "Содиқ Азимов кўча", "ID_Geoname": "АPU:283130", "id": 11, "mahalla": "Nur MFY", "mahalla_id": 1726269041, "geonames": "АPU:56686" }, "geometry": { "type": "Point", "coordinates": [ 69.2919088, 41.311695 ] } },
{ "type": "Feature", "properties": { "osm_id": "10805355049", "highway": "traffic_signals", "Туман": "Мирзо Улугбек", "Name": "Шастри кўча", "ID_Geoname": "АPU:57041", "id": 11, "mahalla": "Nur MFY", "mahalla_id": 1726269041, "geonames": "АPU:56686" }, "geometry": { "type": "Point", "coordinates": [ 69.2911985, 41.3136528 ] } },
{ "type": "Feature", "properties": { "osm_id": "3428139772", "highway": "traffic_signals", "Туман": "Мирзо Улугбек", "Name": "Шастри кўча", "ID_Geoname": "АPU:57041", "id": 11, "mahalla": "Nur MFY", "mahalla_id": 1726269041, "geonames": "АPU:56686" }, "geometry": { "type": "Point", "coordinates": [ 69.290286, 41.3154673 ] } },
{ "type": "Feature", "properties": { "osm_id": "6855771212", "highway": "traffic_signals", "Туман": "Мирзо Улугбек", "Name": "Абдулла Қодирий кўча", "ID_Geoname": "АPU:303217", "id": 11, "mahalla": "Nur MFY", "mahalla_id": 1726269041, "geonames": "АPU:56686" }, "geometry": { "type": "Point", "coordinates": [ 69.2945454, 41.314703 ] } },
{ "type": "Feature", "properties": { "osm_id": "5819939536", "highway": "traffic_signals", "Туман": "Мирзо Улугбек", "Name": "Махатма Ганди кўча", "ID_Geoname": "АPU:53275", "id": 11, "mahalla": "Nur MFY", "mahalla_id": 1726269041, "geonames": "АPU:56686" }, "geometry": { "type": "Point", "coordinates": [ 69.2943654, 41.3145106 ] } },
{ "type": "Feature", "properties": { "osm_id": "5819939537", "highway": "traffic_signals", "Туман": "Мирзо Улугбек", "Name": "Абдулла Қодирий кўча", "ID_Geoname": "АPU:303217", "id": 11, "mahalla": "Nur MFY", "mahalla_id": 1726269041, "geonames": "АPU:56686" }, "geometry": { "type": "Point", "coordinates": [ 69.2948544, 41.3143726 ] } },
{ "type": "Feature", "properties": { "osm_id": "1096169890", "highway": "traffic_signals", "Туман": "Мирзо Улугбек", "Name": "Қува кўча", "ID_Geoname": "АPU:53436", "id": 11, "mahalla": "Temuriylar MFY", "mahalla_id": 1726269050, "geonames": "АPU:883014" }, "geometry": { "type": "Point", "coordinates": [ 69.3622144, 41.3205918 ] } },
{ "type": "Feature", "properties": { "osm_id": "13787601899", "highway": "traffic_signals", "Туман": "Мирзо Улугбек", "Name": "Аҳмад Югнакий кўча", "ID_Geoname": "АPU:283137", "id": 11, "mahalla": "Alisherobod MFY", "mahalla_id": 1726269015, "geonames": "АPU:883004" }, "geometry": { "type": "Point", "coordinates": [ 69.4063966, 41.334983 ] } },
{ "type": "Feature", "properties": { "osm_id": "7642061835", "highway": "traffic_signals", "Туман": "Мирзо Улугбек", "Name": "Янги Ўзбекистон шоҳ кўча", "ID_Geoname": "АPU:904794", "id": 11, "mahalla": "Alisherobod MFY", "mahalla_id": 1726269015, "geonames": "АPU:883004" }, "geometry": { "type": "Point", "coordinates": [ 69.388089, 41.320055 ] } },
{ "type": "Feature", "properties": { "osm_id": "7642061836", "highway": "traffic_signals", "Туман": "Мирзо Улугбек", "Name": "Янги Ўзбекистон шоҳ кўча", "ID_Geoname": "АPU:904794", "id": 11, "mahalla": "Alisherobod MFY", "mahalla_id": 1726269015, "geonames": "АPU:883004" }, "geometry": { "type": "Point", "coordinates": [ 69.3889786, 41.3203564 ] } },
{ "type": "Feature", "properties": { "osm_id": "7642061841", "highway": "traffic_signals", "Туман": "Мирзо Улугбек", "Name": "Янги Ўзбекистон шоҳ кўча", "ID_Geoname": "АPU:904794", "id": 11, "mahalla": "Alisherobod MFY", "mahalla_id": 1726269015, "geonames": "АPU:883004" }, "geometry": { "type": "Point", "coordinates": [ 69.3883349, 41.3205987 ] } },
{ "type": "Feature", "properties": { "osm_id": "9956953214", "highway": "traffic_signals", "Туман": "Мирзо Улугбек", "Name": "Янги Ўзбекистон шоҳ кўча", "ID_Geoname": "АPU:904794", "id": 11, "mahalla": "Alisherobod MFY", "mahalla_id": 1726269015, "geonames": "АPU:883004" }, "geometry": { "type": "Point", "coordinates": [ 69.4118354, 41.3339195 ] } },
{ "type": "Feature", "properties": { "osm_id": "13308775502", "highway": "traffic_signals", "Туман": "Мирзо Улугбек", "Name": "Жасорат кўча", "ID_Geoname": "АPU:53481", "id": 11, "mahalla": "Nodirabegim MFY", "mahalla_id": 1726269062, "geonames": "АPU:142915" }, "geometry": { "type": "Point", "coordinates": [ 69.360039, 41.3415985 ] } },
{ "type": "Feature", "properties": { "osm_id": "13308770799", "highway": "traffic_signals", "Туман": "Мирзо Улугбек", "Name": "Жасорат кўча", "ID_Geoname": "АPU:53481", "id": 11, "mahalla": "Nodirabegim MFY", "mahalla_id": 1726269062, "geonames": "АPU:142915" }, "geometry": { "type": "Point", "coordinates": [ 69.3599455, 41.3415739 ] } },
{ "type": "Feature", "properties": { "osm_id": "6418270126", "highway": "traffic_signals", "Туман": "Мирзо Улугбек", "Name": "Темур Малик кўча", "ID_Geoname": "АPU:53472", "id": 11, "mahalla": "Koʻhna Mevazor MFY", "mahalla_id": 1726269051, "geonames": "АPU:883015" }, "geometry": { "type": "Point", "coordinates": [ 69.3554747, 41.3162934 ] } },
{ "type": "Feature", "properties": { "osm_id": "13448637066", "highway": "traffic_signals", "Туман": "Мирзо Улугбек", "Name": "Темур Малик кўча", "ID_Geoname": "АPU:53472", "id": 11, "mahalla": "Koʻhna Mevazor MFY", "mahalla_id": 1726269051, "geonames": "АPU:883015" }, "geometry": { "type": "Point", "coordinates": [ 69.345367, 41.3105746 ] } },
{ "type": "Feature", "properties": { "osm_id": "13787601886", "highway": "traffic_signals", "Туман": "Мирзо Улугбек", "Name": "Янги Ўзбекистон шоҳ кўча", "ID_Geoname": "АPU:904794", "id": 11, "mahalla": "Iqtidor MFY", "mahalla_id": 1726269033, "geonames": "АPU:883007" }, "geometry": { "type": "Point", "coordinates": [ 69.4340526, 41.3337597 ] } },
{ "type": "Feature", "properties": { "osm_id": "9919321297", "highway": "traffic_signals", "Туман": "Мирзо Улугбек", "Name": "Янги Ўзбекистон шоҳ кўча", "ID_Geoname": "АPU:904794", "id": 11, "mahalla": "Iqtidor MFY", "mahalla_id": 1726269033, "geonames": "АPU:883007" }, "geometry": { "type": "Point", "coordinates": [ 69.4345923, 41.3339535 ] } },
{ "type": "Feature", "properties": { "osm_id": "4712766637", "highway": "traffic_signals", "Туман": "Мирзо Улугбек", "Name": "Янги Ўзбекистон шоҳ кўча", "ID_Geoname": "АPU:904794", "id": 11, "mahalla": "Iqtidor MFY", "mahalla_id": 1726269033, "geonames": "АPU:883007" }, "geometry": { "type": "Point", "coordinates": [ 69.4343921, 41.3337173 ] } },
{ "type": "Feature", "properties": { "osm_id": "13787601900", "highway": "traffic_signals", "Туман": "Мирзо Улугбек", "Name": "Аҳмад Югнакий кўча", "ID_Geoname": "АPU:283137", "id": 11, "mahalla": "Zakovat MFY", "mahalla_id": 1726269030, "geonames": "АPU:883012" }, "geometry": { "type": "Point", "coordinates": [ 69.4058623, 41.3349997 ] } },
{ "type": "Feature", "properties": { "osm_id": "9065912276", "highway": "traffic_signals", "Туман": "Мирзо Улугбек", "Name": "Янги Ўзбекистон шоҳ кўча", "ID_Geoname": "АPU:904794", "id": 11, "mahalla": "Chingeldi MFY", "mahalla_id": 1726269032, "geonames": "АPU:883005" }, "geometry": { "type": "Point", "coordinates": [ 69.4292551, 41.3264619 ] } },
{ "type": "Feature", "properties": { "osm_id": "9919321309", "highway": "traffic_signals", "Туман": "Мирзо Улугбек", "Name": "Янги Ўзбекистон шоҳ кўча", "ID_Geoname": "АPU:904794", "id": 11, "mahalla": "Chingeldi MFY", "mahalla_id": 1726269032, "geonames": "АPU:883005" }, "geometry": { "type": "Point", "coordinates": [ 69.4290499, 41.3267029 ] } },
{ "type": "Feature", "properties": { "osm_id": "9319279181", "highway": "traffic_signals", "Туман": "Яшнобод", "Name": "Фарғона йўли кўча", "ID_Geoname": "АPU:53647", "id": 171, "mahalla": "Tong yulduzi MFY", "mahalla_id": 1726273028, "geonames": "АPU:282802" }, "geometry": { "type": "Point", "coordinates": [ 69.3064949, 41.2805174 ] } },
{ "type": "Feature", "properties": { "osm_id": "9321459561", "highway": "traffic_signals", "Туман": "Яшнобод", "Name": "Фарғона йўли кўча", "ID_Geoname": "АPU:53647", "id": 171, "mahalla": "Tong yulduzi MFY", "mahalla_id": 1726273028, "geonames": "АPU:282802" }, "geometry": { "type": "Point", "coordinates": [ 69.3061588, 41.2804159 ] } },
{ "type": "Feature", "properties": { "osm_id": "8981467877", "highway": "traffic_signals", "Туман": "Миробод", "Name": "Фарғона йўли-2 берк кўча", "ID_Geoname": "АPU:53597", "id": 185, "mahalla": "Tong yulduzi MFY", "mahalla_id": 1726273028, "geonames": "АPU:282802" }, "geometry": { "type": "Point", "coordinates": [ 69.3024643, 41.2875324 ] } },
{ "type": "Feature", "properties": { "osm_id": "13300407657", "highway": "traffic_signals", "Туман": "Миробод", "Name": "Меҳржон кўча", "ID_Geoname": "АPU:53636", "id": 185, "mahalla": "Tong yulduzi MFY", "mahalla_id": 1726273028, "geonames": "АPU:282802" }, "geometry": { "type": "Point", "coordinates": [ 69.283933, 41.2879757 ] } },
{ "type": "Feature", "properties": { "osm_id": "13376423345", "highway": "traffic_signals", "Туман": "Миробод", "Name": "Сайхун кўча", "ID_Geoname": "АPU:53655", "id": 185, "mahalla": "Tong yulduzi MFY", "mahalla_id": 1726273028, "geonames": "АPU:282802" }, "geometry": { "type": "Point", "coordinates": [ 69.3002248, 41.2847322 ] } },
{ "type": "Feature", "properties": { "osm_id": "13299687065", "highway": "traffic_signals", "Туман": "Миробод", "Name": "Сарикўл кўча", "ID_Geoname": "АPU:53621", "id": 185, "mahalla": "Navroʻz MFY", "mahalla_id": 1726273026, "geonames": "АPU:56679" }, "geometry": { "type": "Point", "coordinates": [ 69.2875185, 41.2774443 ] } },
{ "type": "Feature", "properties": { "osm_id": "11539409183", "highway": "traffic_signals", "Туман": "Миробод", "Name": "Ҳайдар Алиев кўча", "ID_Geoname": "АPU:53575", "id": 185, "mahalla": "Navroʻz MFY", "mahalla_id": 1726273026, "geonames": "АPU:56679" }, "geometry": { "type": "Point", "coordinates": [ 69.2828183, 41.2869586 ] } },
{ "type": "Feature", "properties": { "osm_id": "1913808348", "highway": "traffic_signals", "Туман": "Миробод", "Name": "Кичик Бешёғоч кўча", "ID_Geoname": "АPU:56492", "id": 185, "mahalla": "Baynalmilal MFY", "mahalla_id": 1726273022, "geonames": "АPU:56700" }, "geometry": { "type": "Point", "coordinates": [ 69.2660763, 41.2841734 ] } },
{ "type": "Feature", "properties": { "osm_id": "6050907889", "highway": "traffic_signals", "Туман": "Миробод", "Name": "Кичик ҳалқа йўли кўча", "ID_Geoname": "АPU:53596", "id": 185, "mahalla": "Baynalmilal MFY", "mahalla_id": 1726273022, "geonames": "АPU:56700" }, "geometry": { "type": "Point", "coordinates": [ 69.2820412, 41.2886532 ] } },
{ "type": "Feature", "properties": { "osm_id": "3543034537", "highway": "traffic_signals", "Туман": "Миробод", "Name": "Кичик ҳалқа йўли кўча", "ID_Geoname": "АPU:53596", "id": 185, "mahalla": "Baynalmilal MFY", "mahalla_id": 1726273022, "geonames": "АPU:56700" }, "geometry": { "type": "Point", "coordinates": [ 69.2812532, 41.2875725 ] } },
{ "type": "Feature", "properties": { "osm_id": "3543034540", "highway": "traffic_signals", "Туман": "Миробод", "Name": "Кичик ҳалқа йўли кўча", "ID_Geoname": "АPU:53596", "id": 185, "mahalla": "Baynalmilal MFY", "mahalla_id": 1726273022, "geonames": "АPU:56700" }, "geometry": { "type": "Point", "coordinates": [ 69.28126, 41.2879148 ] } },
{ "type": "Feature", "properties": { "osm_id": "3130645892", "highway": "traffic_signals", "Туман": "Миробод", "Name": "Кичик Бешёғоч кўча", "ID_Geoname": "АPU:56492", "id": 185, "mahalla": "Baynalmilal MFY", "mahalla_id": 1726273022, "geonames": "АPU:56700" }, "geometry": { "type": "Point", "coordinates": [ 69.2723316, 41.2781776 ] } },
{ "type": "Feature", "properties": { "osm_id": "3130645893", "highway": "traffic_signals", "Туман": "Миробод", "Name": "Кичик ҳалқа йўли кўча", "ID_Geoname": "АPU:53596", "id": 185, "mahalla": "Baynalmilal MFY", "mahalla_id": 1726273022, "geonames": "АPU:56700" }, "geometry": { "type": "Point", "coordinates": [ 69.2727646, 41.2782045 ] } },
{ "type": "Feature", "properties": { "osm_id": "11539409177", "highway": "traffic_signals", "Туман": "Миробод", "Name": "Ҳайдар Алиев кўча", "ID_Geoname": "АPU:53575", "id": 185, "mahalla": "Temiryoʻlchilar MFY", "mahalla_id": 1726273023, "geonames": "АPU:56701" }, "geometry": { "type": "Point", "coordinates": [ 69.2828093, 41.2871353 ] } },
{ "type": "Feature", "properties": { "osm_id": "13362139529", "highway": "traffic_signals", "Туман": "Миробод", "Name": "Ҳайдар Алиев кўча", "ID_Geoname": "АPU:53575", "id": 185, "mahalla": "Temiryoʻlchilar MFY", "mahalla_id": 1726273023, "geonames": "АPU:56701" }, "geometry": { "type": "Point", "coordinates": [ 69.2771477, 41.2803221 ] } },
{ "type": "Feature", "properties": { "osm_id": "13362139530", "highway": "traffic_signals", "Туман": "Миробод", "Name": "Ҳайдар Алиев кўча", "ID_Geoname": "АPU:53575", "id": 185, "mahalla": "Temiryoʻlchilar MFY", "mahalla_id": 1726273023, "geonames": "АPU:56701" }, "geometry": { "type": "Point", "coordinates": [ 69.2771571, 41.2804826 ] } },
{ "type": "Feature", "properties": { "osm_id": "13376423308", "highway": "traffic_signals", "Туман": "Миробод", "Name": "Бадахшон-1 тор кўча", "ID_Geoname": "АPU:283107", "id": 185, "mahalla": "Barotxoʻja MFY", "mahalla_id": 1726273037, "geonames": "АPU:56716" }, "geometry": { "type": "Point", "coordinates": [ 69.3256133, 41.2463538 ] } },
{ "type": "Feature", "properties": { "osm_id": "10946172512", "highway": "traffic_signals", "Туман": "Миробод", "Name": "Янгизамон кўча", "ID_Geoname": "АPU:283004", "id": 185, "mahalla": "Inoqobod MFY", "mahalla_id": 1726273029, "geonames": "АPU:56998" }, "geometry": { "type": "Point", "coordinates": [ 69.2973847, 41.2776068 ] } },
{ "type": "Feature", "properties": { "osm_id": "13376423374", "highway": "traffic_signals", "Туман": "Миробод", "Name": "Сайхун кўча", "ID_Geoname": "АPU:53655", "id": 185, "mahalla": "Inoqobod MFY", "mahalla_id": 1726273029, "geonames": "АPU:56998" }, "geometry": { "type": "Point", "coordinates": [ 69.3031994, 41.2821553 ] } },
{ "type": "Feature", "properties": { "osm_id": "13376423354", "highway": "traffic_signals", "Туман": "Миробод", "Name": "Меҳржон кўча", "ID_Geoname": "АPU:53636", "id": 185, "mahalla": "Inoqobod MFY", "mahalla_id": 1726273029, "geonames": "АPU:56998" }, "geometry": { "type": "Point", "coordinates": [ 69.2889077, 41.2864369 ] } },
{ "type": "Feature", "properties": { "osm_id": "13376423346", "highway": "traffic_signals", "Туман": "Миробод", "Name": "8 март кўча", "ID_Geoname": "АPU:53611", "id": 185, "mahalla": "Inoqobod MFY", "mahalla_id": 1726273029, "geonames": "АPU:56998" }, "geometry": { "type": "Point", "coordinates": [ 69.2999092, 41.2847266 ] } },
{ "type": "Feature", "properties": { "osm_id": "1942326125", "highway": "traffic_signals", "Туман": "Миробод", "Name": "Янги Қўйлиқ кўча", "ID_Geoname": "АPU:282941", "id": 185, "mahalla": "Fayziobod MFY", "mahalla_id": 1726273009, "geonames": "АPU:282803" }, "geometry": { "type": "Point", "coordinates": [ 69.3019179, 41.2525988 ] } },
{ "type": "Feature", "properties": { "osm_id": "6264143767", "highway": "traffic_signals", "Туман": "Чилонзор", "Name": "Дўмбиробод кўча", "ID_Geoname": "АPU:55149", "id": 173, "mahalla": "Gavhar MFY", "mahalla_id": 1726294045, "geonames": "АPU:223821" }, "geometry": { "type": "Point", "coordinates": [ 69.2111114, 41.2697619 ] } },
{ "type": "Feature", "properties": { "osm_id": "4203714298", "highway": "traffic_signals", "Туман": "Чилонзор", "Name": "Дилхуш-2 тор кўча", "ID_Geoname": "АPU:55171", "id": 173, "mahalla": "Gavhar MFY", "mahalla_id": 1726294045, "geonames": "АPU:223821" }, "geometry": { "type": "Point", "coordinates": [ 69.2175308, 41.2658081 ] } },
{ "type": "Feature", "properties": { "osm_id": "4203714303", "highway": "traffic_signals", "Туман": "Чилонзор", "Name": "Кичик ҳалқа йўли кўча", "ID_Geoname": "АPU:53596", "id": 173, "mahalla": "Gavhar MFY", "mahalla_id": 1726294045, "geonames": "АPU:223821" }, "geometry": { "type": "Point", "coordinates": [ 69.2175243, 41.2660885 ] } },
{ "type": "Feature", "properties": { "osm_id": "4203714312", "highway": "traffic_signals", "Туман": "Чилонзор", "Name": "Кичик ҳалқа йўли кўча", "ID_Geoname": "АPU:53596", "id": 173, "mahalla": "Gavhar MFY", "mahalla_id": 1726294045, "geonames": "АPU:223821" }, "geometry": { "type": "Point", "coordinates": [ 69.2137622, 41.2685284 ] } },
{ "type": "Feature", "properties": { "osm_id": "13356497116", "highway": "traffic_signals", "Туман": "Чилонзор", "Name": "Ал-Хоразмий кўча", "ID_Geoname": "АPU:303194", "id": 173, "mahalla": "Boʻrijar MFY", "mahalla_id": 1726294044, "geonames": "АPU:56866" }, "geometry": { "type": "Point", "coordinates": [ 69.1919663, 41.2704047 ] } },
{ "type": "Feature", "properties": { "osm_id": "8740277080", "highway": "traffic_signals", "Туман": "Чилонзор", "Name": "Кичик ҳалқа йўли кўча", "ID_Geoname": "АPU:53596", "id": 173, "mahalla": "Lutfiy MFY", "mahalla_id": 1726294033, "geonames": "АPU:56840" }, "geometry": { "type": "Point", "coordinates": [ 69.1941598, 41.2975335 ] } },
{ "type": "Feature", "properties": { "osm_id": "12006660709", "highway": "traffic_signals", "Туман": "Чилонзор", "Name": "Лутфий кўча", "ID_Geoname": "АPU:55211", "id": 173, "mahalla": "Lutfiy MFY", "mahalla_id": 1726294033, "geonames": "АPU:56840" }, "geometry": { "type": "Point", "coordinates": [ 69.1945557, 41.2924311 ] } },
{ "type": "Feature", "properties": { "osm_id": "6400651747", "highway": "traffic_signals", "Туман": "Чилонзор", "Name": "Лутфий кўча", "ID_Geoname": "АPU:55211", "id": 173, "mahalla": "Lutfiy MFY", "mahalla_id": 1726294033, "geonames": "АPU:56840" }, "geometry": { "type": "Point", "coordinates": [ 69.19807, 41.2940864 ] } },
{ "type": "Feature", "properties": { "osm_id": "4578542993", "highway": "traffic_signals", "Туман": "Чилонзор", "Name": "Лутфий кўча", "ID_Geoname": "АPU:55211", "id": 173, "mahalla": "Lutfiy MFY", "mahalla_id": 1726294033, "geonames": "АPU:56840" }, "geometry": { "type": "Point", "coordinates": [ 69.2025076, 41.2962657 ] } },
{ "type": "Feature", "properties": { "osm_id": "4578542991", "highway": "traffic_signals", "Туман": "Чилонзор", "Name": "Лутфий-4 тор кўча", "ID_Geoname": "АPU:465213", "id": 173, "mahalla": "Lutfiy MFY", "mahalla_id": 1726294033, "geonames": "АPU:56840" }, "geometry": { "type": "Point", "coordinates": [ 69.2021009, 41.2962009 ] } },
{ "type": "Feature", "properties": { "osm_id": "13181503855", "highway": "traffic_signals", "Туман": "Чилонзор", "Name": "Лутфий кўча", "ID_Geoname": "АPU:55211", "id": 173, "mahalla": "Lutfiy MFY", "mahalla_id": 1726294033, "geonames": "АPU:56840" }, "geometry": { "type": "Point", "coordinates": [ 69.2044987, 41.2972142 ] } },
{ "type": "Feature", "properties": { "osm_id": "3419030386", "highway": "traffic_signals", "Туман": "Чилонзор", "Name": "Лутфий-4 тор кўча", "ID_Geoname": "АPU:465213", "id": 173, "mahalla": "Lutfiy MFY", "mahalla_id": 1726294033, "geonames": "АPU:56840" }, "geometry": { "type": "Point", "coordinates": [ 69.2017198, 41.2960334 ] } },
{ "type": "Feature", "properties": { "osm_id": "2713557228", "highway": "traffic_signals", "Туман": "Чилонзор", "Name": "Лутфий кўча", "ID_Geoname": "АPU:55211", "id": 173, "mahalla": "Lutfiy MFY", "mahalla_id": 1726294033, "geonames": "АPU:56840" }, "geometry": { "type": "Point", "coordinates": [ 69.1979689, 41.2941464 ] } },
{ "type": "Feature", "properties": { "osm_id": "359862446", "highway": "traffic_signals", "Туман": "Чилонзор", "Name": "Лутфий-5 тор кўча", "ID_Geoname": "АPU:55214", "id": 173, "mahalla": "Lutfiy MFY", "mahalla_id": 1726294033, "geonames": "АPU:56840" }, "geometry": { "type": "Point", "coordinates": [ 69.1974723, 41.2941005 ] } },
{ "type": "Feature", "properties": { "osm_id": "2524597771", "highway": "traffic_signals", "Туман": "Чилонзор", "Name": "Муқимий кўча", "ID_Geoname": "АPU:252736", "id": 173, "mahalla": "Lutfiy MFY", "mahalla_id": 1726294033, "geonames": "АPU:56840" }, "geometry": { "type": "Point", "coordinates": [ 69.2105973, 41.3006974 ] } },
{ "type": "Feature", "properties": { "osm_id": "1818905574", "highway": "traffic_signals", "Туман": "Чилонзор", "Name": "Ал-Хоразмий кўча", "ID_Geoname": "АPU:303194", "id": 173, "mahalla": "Yakkabogʻ MFY", "mahalla_id": 1726294054, "geonames": "АPU:56833" }, "geometry": { "type": "Point", "coordinates": [ 69.1884673, 41.2596282 ] } },
{ "type": "Feature", "properties": { "osm_id": "11141812572", "highway": "traffic_signals", "Туман": "Чилонзор", "Name": "Сўгаллиота кўча", "ID_Geoname": "АPU:55265", "id": 173, "mahalla": "Yakkabogʻ MFY", "mahalla_id": 1726294054, "geonames": "АPU:56833" }, "geometry": { "type": "Point", "coordinates": [ 69.1886792, 41.2600967 ] } },
{ "type": "Feature", "properties": { "osm_id": "5828968210", "highway": "traffic_signals", "Туман": "Чилонзор", "Name": "Бунёдкор шоҳ кўча", "ID_Geoname": "АPU:55497", "id": 173, "mahalla": "Yakkabogʻ MFY", "mahalla_id": 1726294054, "geonames": "АPU:56833" }, "geometry": { "type": "Point", "coordinates": [ 69.1935809, 41.2564951 ] } },
{ "type": "Feature", "properties": { "osm_id": "13184687413", "highway": "traffic_signals", "Туман": "Чилонзор", "Name": "Чўпонота кўча", "ID_Geoname": "АPU:56471", "id": 173, "mahalla": "Dilobod MFY", "mahalla_id": 1726294030, "geonames": "АPU:282828" }, "geometry": { "type": "Point", "coordinates": [ 69.2084856, 41.2847438 ] } },
{ "type": "Feature", "properties": { "osm_id": "5924043400", "highway": "traffic_signals", "Туман": "Чилонзор", "Name": "Қатортол кўча", "ID_Geoname": "АPU:55267", "id": 173, "mahalla": "Dilobod MFY", "mahalla_id": 1726294030, "geonames": "АPU:282828" }, "geometry": { "type": "Point", "coordinates": [ 69.2112134, 41.291517 ] } },
{ "type": "Feature", "properties": { "osm_id": "2713557200", "highway": "traffic_signals", "Туман": "Чилонзор", "Name": "Чўпонота кўча", "ID_Geoname": "АPU:56471", "id": 173, "mahalla": "Dilobod MFY", "mahalla_id": 1726294030, "geonames": "АPU:282828" }, "geometry": { "type": "Point", "coordinates": [ 69.2058728, 41.2864136 ] } },
{ "type": "Feature", "properties": { "osm_id": "5923760572", "highway": "traffic_signals", "Туман": "Чилонзор", "Name": "Қатортол тор кўча", "ID_Geoname": "АPU:55374", "id": 173, "mahalla": "Beshchinor MFY", "mahalla_id": 1726294028, "geonames": "АPU:282829" }, "geometry": { "type": "Point", "coordinates": [ 69.2113086, 41.2916041 ] } },
{ "type": "Feature", "properties": { "osm_id": "5923760589", "highway": "traffic_signals", "Туман": "Чилонзор", "Name": "Қатортол кўча", "ID_Geoname": "АPU:55267", "id": 173, "mahalla": "Beshchinor MFY", "mahalla_id": 1726294028, "geonames": "АPU:282829" }, "geometry": { "type": "Point", "coordinates": [ 69.2162601, 41.2961358 ] } },
{ "type": "Feature", "properties": { "osm_id": "5924627215", "highway": "traffic_signals", "Туман": "Чилонзор", "Name": "Қатортол кўча", "ID_Geoname": "АPU:55267", "id": 173, "mahalla": "Beshchinor MFY", "mahalla_id": 1726294028, "geonames": "АPU:282829" }, "geometry": { "type": "Point", "coordinates": [ 69.2133591, 41.2934834 ] } },
{ "type": "Feature", "properties": { "osm_id": "1332435752", "highway": "traffic_signals", "Туман": "Чилонзор", "Name": "Катта Хирмонтепа кўча", "ID_Geoname": "АPU:293262", "id": 173, "mahalla": "Yakkatut MFY", "mahalla_id": 1726294055, "geonames": "АPU:282832" }, "geometry": { "type": "Point", "coordinates": [ 69.1825314, 41.2676942 ] } },
{ "type": "Feature", "properties": { "osm_id": "1235449088", "highway": "traffic_signals", "Туман": "Чилонзор", "Name": "Гавҳар кўча", "ID_Geoname": "АPU:55181", "id": 173, "mahalla": "Doʻmbirobod MFY", "mahalla_id": 1726294046, "geonames": "АPU:56836" }, "geometry": { "type": "Point", "coordinates": [ 69.2040978, 41.2545069 ] } },
{ "type": "Feature", "properties": { "osm_id": "5995107641", "highway": "traffic_signals", "Туман": "Чилонзор", "Name": "Дўмбиробод кўча", "ID_Geoname": "АPU:55149", "id": 173, "mahalla": "Doʻmbirobod MFY", "mahalla_id": 1726294046, "geonames": "АPU:56836" }, "geometry": { "type": "Point", "coordinates": [ 69.2070696, 41.2636232 ] } },
{ "type": "Feature", "properties": { "osm_id": "5995107621", "highway": "traffic_signals", "Туман": "Чилонзор", "Name": "Дўмбиробод кўча", "ID_Geoname": "АPU:55149", "id": 173, "mahalla": "Doʻmbirobod MFY", "mahalla_id": 1726294046, "geonames": "АPU:56836" }, "geometry": { "type": "Point", "coordinates": [ 69.2069315, 41.2632193 ] } },
{ "type": "Feature", "properties": { "osm_id": "7106575227", "highway": "traffic_signals", "Туман": "Чилонзор", "Name": "Дўмбиробод кўча", "ID_Geoname": "АPU:55149", "id": 173, "mahalla": "Doʻmbirobod MFY", "mahalla_id": 1726294046, "geonames": "АPU:56836" }, "geometry": { "type": "Point", "coordinates": [ 69.2071951, 41.2637187 ] } },
{ "type": "Feature", "properties": { "osm_id": "7112623668", "highway": "traffic_signals", "Туман": "Чилонзор", "Name": "Дўмбиробод кўча", "ID_Geoname": "АPU:55149", "id": 173, "mahalla": "Doʻmbirobod MFY", "mahalla_id": 1726294046, "geonames": "АPU:56836" }, "geometry": { "type": "Point", "coordinates": [ 69.2089286, 41.266481 ] } },
{ "type": "Feature", "properties": { "osm_id": "7112623672", "highway": "traffic_signals", "Туман": "Чилонзор", "Name": "Саноат кўча", "ID_Geoname": "АPU:55165", "id": 173, "mahalla": "Doʻmbirobod MFY", "mahalla_id": 1726294046, "geonames": "АPU:56836" }, "geometry": { "type": "Point", "coordinates": [ 69.2050883, 41.2590964 ] } },
{ "type": "Feature", "properties": { "osm_id": "361459771", "highway": "traffic_signals", "Туман": "Чилонзор", "Name": "Дўмбиробод-4 тор кўча", "ID_Geoname": "АPU:55153", "id": 173, "mahalla": "Doʻmbirobod MFY", "mahalla_id": 1726294046, "geonames": "АPU:56836" }, "geometry": { "type": "Point", "coordinates": [ 69.2071288, 41.2634058 ] } },
{ "type": "Feature", "properties": { "osm_id": "4698387875", "highway": "traffic_signals", "Туман": "Чилонзор", "Name": "Гавҳар кўча", "ID_Geoname": "АPU:55181", "id": 173, "mahalla": "Katta Doʻmbirobod MFY", "mahalla_id": 1726294048, "geonames": "АPU:56838" }, "geometry": { "type": "Point", "coordinates": [ 69.1970001, 41.2544068 ] } },
{ "type": "Feature", "properties": { "osm_id": "1953113095", "highway": "traffic_signals", "Туман": "Чилонзор", "Name": "Кичик ҳалқа йўли кўча", "ID_Geoname": "АPU:53596", "id": 173, "mahalla": "Katta Doʻmbirobod MFY", "mahalla_id": 1726294048, "geonames": "АPU:56838" }, "geometry": { "type": "Point", "coordinates": [ 69.2109996, 41.2703201 ] } },
{ "type": "Feature", "properties": { "osm_id": "7112623669", "highway": "traffic_signals", "Туман": "Чилонзор", "Name": "Дўмбиробод кўча", "ID_Geoname": "АPU:55149", "id": 173, "mahalla": "Katta Doʻmbirobod MFY", "mahalla_id": 1726294048, "geonames": "АPU:56838" }, "geometry": { "type": "Point", "coordinates": [ 69.2090602, 41.2667821 ] } },
{ "type": "Feature", "properties": { "osm_id": "7106575228", "highway": "traffic_signals", "Туман": "Чилонзор", "Name": "Дўмбиробод кўча", "ID_Geoname": "АPU:55149", "id": 173, "mahalla": "Katta Doʻmbirobod MFY", "mahalla_id": 1726294048, "geonames": "АPU:56838" }, "geometry": { "type": "Point", "coordinates": [ 69.2071922, 41.2638517 ] } },
{ "type": "Feature", "properties": { "osm_id": "7110365754", "highway": "traffic_signals", "Туман": "Чилонзор", "Name": "Дўмбиробод-4 тор кўча", "ID_Geoname": "АPU:55153", "id": 173, "mahalla": "Katta Doʻmbirobod MFY", "mahalla_id": 1726294048, "geonames": "АPU:56838" }, "geometry": { "type": "Point", "coordinates": [ 69.206806, 41.2635903 ] } },
{ "type": "Feature", "properties": { "osm_id": "7112623673", "highway": "traffic_signals", "Туман": "Чилонзор", "Name": "Дўмбиробод кўча", "ID_Geoname": "АPU:55149", "id": 173, "mahalla": "Katta Doʻmbirobod MFY", "mahalla_id": 1726294048, "geonames": "АPU:56838" }, "geometry": { "type": "Point", "coordinates": [ 69.2050524, 41.2592799 ] } },
{ "type": "Feature", "properties": { "osm_id": "4940379601", "highway": "traffic_signals", "Туман": "Чилонзор", "Name": "Дўмбиробод кўча", "ID_Geoname": "АPU:55149", "id": 173, "mahalla": "Katta Doʻmbirobod MFY", "mahalla_id": 1726294048, "geonames": "АPU:56838" }, "geometry": { "type": "Point", "coordinates": [ 69.2038592, 41.2546033 ] } },
{ "type": "Feature", "properties": { "osm_id": "5057353466", "highway": "traffic_signals", "Туман": "Чилонзор", "Name": "Наққошлик кўча", "ID_Geoname": "АPU:55159", "id": 173, "mahalla": "Katta Doʻmbirobod MFY", "mahalla_id": 1726294048, "geonames": "АPU:56838" }, "geometry": { "type": "Point", "coordinates": [ 69.203475, 41.2544 ] } },
{ "type": "Feature", "properties": { "osm_id": "12674069222", "highway": "traffic_signals", "Туман": "Чилонзор", "Name": "Кичик ҳалқа йўли кўча", "ID_Geoname": "АPU:53596", "id": 173, "mahalla": "Zarqoʻrgʻon MFY", "mahalla_id": 1726294047, "geonames": "АPU:282831" }, "geometry": { "type": "Point", "coordinates": [ 69.2040336, 41.2746731 ] } },
{ "type": "Feature", "properties": { "osm_id": "1984623483", "highway": "traffic_signals", "Туман": "Чилонзор", "Name": "Кичик ҳалқа йўли кўча", "ID_Geoname": "АPU:53596", "id": 173, "mahalla": "Zarqoʻrgʻon MFY", "mahalla_id": 1726294047, "geonames": "АPU:282831" }, "geometry": { "type": "Point", "coordinates": [ 69.204137, 41.2747705 ] } },
{ "type": "Feature", "properties": { "osm_id": "1245251806", "highway": "traffic_signals", "Туман": "Чилонзор", "Name": "Қатортол-2 кўча", "ID_Geoname": "АPU:55379", "id": 173, "mahalla": "Qatortol-2 MFY", "mahalla_id": 1726294042, "geonames": "АPU:56847" }, "geometry": { "type": "Point", "coordinates": [ 69.2002696, 41.2684203 ] } },
{ "type": "Feature", "properties": { "osm_id": "13247077097", "highway": "traffic_signals", "Туман": "Чилонзор", "Name": "Кичик ҳалқа йўли кўча", "ID_Geoname": "АPU:53596", "id": 173, "mahalla": "Koʻtarma MFY", "mahalla_id": 1726294031, "geonames": "АPU:56860" }, "geometry": { "type": "Point", "coordinates": [ 69.1949265, 41.2808572 ] } },
{ "type": "Feature", "properties": { "osm_id": "3483274225", "highway": "traffic_signals", "Туман": "Чилонзор", "Name": "Қатортол кўча", "ID_Geoname": "АPU:55267", "id": 173, "mahalla": "Koʻtarma MFY", "mahalla_id": 1726294031, "geonames": "АPU:56860" }, "geometry": { "type": "Point", "coordinates": [ 69.2018231, 41.2827368 ] } },
{ "type": "Feature", "properties": { "osm_id": "5171027625", "highway": "traffic_signals", "Туман": "Чилонзор", "Name": "Тўхтагул кўча", "ID_Geoname": "АPU:55376", "id": 173, "mahalla": "Koʻtarma MFY", "mahalla_id": 1726294031, "geonames": "АPU:56860" }, "geometry": { "type": "Point", "coordinates": [ 69.202559, 41.2836043 ] } },
{ "type": "Feature", "properties": { "osm_id": "13567441325", "highway": "traffic_signals", "Туман": "Чилонзор", "Name": "Кичик ҳалқа йўли кўча", "ID_Geoname": "АPU:53596", "id": 173, "mahalla": "Koʻtarma MFY", "mahalla_id": 1726294031, "geonames": "АPU:56860" }, "geometry": { "type": "Point", "coordinates": [ 69.1945702, 41.2864328 ] } },
{ "type": "Feature", "properties": { "osm_id": "2713557186", "highway": "traffic_signals", "Туман": "Чилонзор", "Name": "Қатортол кўча", "ID_Geoname": "АPU:55267", "id": 173, "mahalla": "Koʻtarma MFY", "mahalla_id": 1726294031, "geonames": "АPU:56860" }, "geometry": { "type": "Point", "coordinates": [ 69.1982614, 41.2790988 ] } },
{ "type": "Feature", "properties": { "osm_id": "2713557186", "highway": "traffic_signals", "Туман": "Чилонзор", "Name": "Қатортол кўча", "ID_Geoname": "АPU:55267", "id": 173, "mahalla": "Koʻtarma MFY", "mahalla_id": 1726294031, "geonames": "АPU:56860" }, "geometry": { "type": "Point", "coordinates": [ 69.1982614, 41.2790988 ] } },
{ "type": "Feature", "properties": { "osm_id": "3483274215", "highway": "traffic_signals", "Туман": "Чилонзор", "Name": "Меҳр кўча", "ID_Geoname": "АPU:55378", "id": 173, "mahalla": "Katta Navbahor MFY", "mahalla_id": 1726294041, "geonames": "АPU:868987" }, "geometry": { "type": "Point", "coordinates": [ 69.2019963, 41.2823223 ] } },
{ "type": "Feature", "properties": { "osm_id": "3885947069", "highway": "traffic_signals", "Туман": "Чилонзор", "Name": "Қатортол кўча", "ID_Geoname": "АPU:55267", "id": 173, "mahalla": "Katta Navbahor MFY", "mahalla_id": 1726294041, "geonames": "АPU:868987" }, "geometry": { "type": "Point", "coordinates": [ 69.2026099, 41.2833944 ] } },
{ "type": "Feature", "properties": { "osm_id": "2713557189", "highway": "traffic_signals", "Туман": "Чилонзор", "Name": "Қатортол кўча", "ID_Geoname": "АPU:55267", "id": 173, "mahalla": "Katta Navbahor MFY", "mahalla_id": 1726294041, "geonames": "АPU:868987" }, "geometry": { "type": "Point", "coordinates": [ 69.2053961, 41.2862464 ] } },
{ "type": "Feature", "properties": { "osm_id": "3077663091", "highway": "traffic_signals", "Туман": "Чилонзор", "Name": "Ал-Хоразмий кўча", "ID_Geoname": "АPU:303194", "id": 173, "mahalla": "Mehrjon MFY", "mahalla_id": 1726294051, "geonames": "АPU:56862" }, "geometry": { "type": "Point", "coordinates": [ 69.1921442, 41.2709313 ] } },
{ "type": "Feature", "properties": { "osm_id": "5670367992", "highway": "traffic_signals", "Туман": "Чилонзор", "Name": "Муқимий кўча", "ID_Geoname": "АPU:252736", "id": 173, "mahalla": "Chilonzor-Oqtepa MFY", "mahalla_id": 1726294036, "geonames": "АPU:56855" }, "geometry": { "type": "Point", "coordinates": [ 69.2161733, 41.2964866 ] } },
{ "type": "Feature", "properties": { "osm_id": "13181503828", "highway": "traffic_signals", "Туман": "Чилонзор", "Name": "Муқимий кўча", "ID_Geoname": "АPU:252736", "id": 173, "mahalla": "Chilonzor-Oqtepa MFY", "mahalla_id": 1726294036, "geonames": "АPU:56855" }, "geometry": { "type": "Point", "coordinates": [ 69.2135685, 41.29816 ] } },
{ "type": "Feature", "properties": { "osm_id": "5924657845", "highway": "traffic_signals", "Туман": "Чилонзор", "Name": "Қатортол кўча", "ID_Geoname": "АPU:55267", "id": 173, "mahalla": "Chilonzor-Oqtepa MFY", "mahalla_id": 1726294036, "geonames": "АPU:56855" }, "geometry": { "type": "Point", "coordinates": [ 69.2136291, 41.2938581 ] } },
{ "type": "Feature", "properties": { "osm_id": "562882177", "highway": "traffic_signals", "Туман": "Чилонзор", "Name": "Қатортол-1 тор кўча", "ID_Geoname": "АPU:55293", "id": 173, "mahalla": "Chilonzor-Oqtepa MFY", "mahalla_id": 1726294036, "geonames": "АPU:56855" }, "geometry": { "type": "Point", "coordinates": [ 69.2132714, 41.2937175 ] } },
{ "type": "Feature", "properties": { "osm_id": "12674069263", "highway": "traffic_signals", "Туман": "Чилонзор", "Name": "Бунёдкор шоҳ кўча", "ID_Geoname": "АPU:55497", "id": 173, "mahalla": "Navbahor MFY", "mahalla_id": 1726294034, "geonames": "АPU:56861" }, "geometry": { "type": "Point", "coordinates": [ 69.2047227, 41.2747593 ] } },
{ "type": "Feature", "properties": { "osm_id": "1984623498", "highway": "traffic_signals", "Туман": "Чилонзор", "Name": "Бунёдкор шоҳ кўча", "ID_Geoname": "АPU:55497", "id": 173, "mahalla": "Navbahor MFY", "mahalla_id": 1726294034, "geonames": "АPU:56861" }, "geometry": { "type": "Point", "coordinates": [ 69.2047837, 41.275083 ] } },
{ "type": "Feature", "properties": { "osm_id": "3483274211", "highway": "traffic_signals", "Туман": "Чилонзор", "Name": "Қатортол кўча", "ID_Geoname": "АPU:55267", "id": 173, "mahalla": "Navbahor MFY", "mahalla_id": 1726294034, "geonames": "АPU:56861" }, "geometry": { "type": "Point", "coordinates": [ 69.2014993, 41.2822575 ] } },
{ "type": "Feature", "properties": { "osm_id": "2713557179", "highway": "traffic_signals", "Туман": "Чилонзор", "Name": "Кичик ҳалқа йўли кўча", "ID_Geoname": "АPU:53596", "id": 173, "mahalla": "Navbahor MFY", "mahalla_id": 1726294034, "geonames": "АPU:56861" }, "geometry": { "type": "Point", "coordinates": [ 69.1983574, 41.2787364 ] } },
{ "type": "Feature", "properties": { "osm_id": "13619621118", "highway": "traffic_signals", "Туман": "Чилонзор", "Name": "Токзор-2 тор кўча", "ID_Geoname": "АPU:55306", "id": 173, "mahalla": "Mevazor MFY", "mahalla_id": 1726294050, "geonames": "АPU:56848" }, "geometry": { "type": "Point", "coordinates": [ 69.1982762, 41.2645692 ] } },
{ "type": "Feature", "properties": { "osm_id": "13619621119", "highway": "traffic_signals", "Туман": "Чилонзор", "Name": "Токзор-2 тор кўча", "ID_Geoname": "АPU:55306", "id": 173, "mahalla": "Mevazor MFY", "mahalla_id": 1726294050, "geonames": "АPU:56848" }, "geometry": { "type": "Point", "coordinates": [ 69.198665, 41.264449 ] } },
{ "type": "Feature", "properties": { "osm_id": "1111547856", "highway": "traffic_signals", "Туман": "Чилонзор", "Name": "Бунёдкор шоҳ кўча", "ID_Geoname": "АPU:55497", "id": 173, "mahalla": "Mevazor MFY", "mahalla_id": 1726294050, "geonames": "АPU:56848" }, "geometry": { "type": "Point", "coordinates": [ 69.1988663, 41.2646224 ] } },
{ "type": "Feature", "properties": { "osm_id": "1201332088", "highway": "traffic_signals", "Туман": "Чилонзор", "Name": "Токзор-2 тор кўча", "ID_Geoname": "АPU:55306", "id": 173, "mahalla": "Mevazor MFY", "mahalla_id": 1726294050, "geonames": "АPU:56848" }, "geometry": { "type": "Point", "coordinates": [ 69.1985357, 41.2646758 ] } },
{ "type": "Feature", "properties": { "osm_id": "2713557175", "highway": "traffic_signals", "Туман": "Чилонзор", "Name": "Қатортол кўча", "ID_Geoname": "АPU:55267", "id": 173, "mahalla": "Fidokor MFY", "mahalla_id": 1726294053, "geonames": "АPU:223822" }, "geometry": { "type": "Point", "coordinates": [ 69.1978232, 41.2784954 ] } },
{ "type": "Feature", "properties": { "osm_id": "2713557175", "highway": "traffic_signals", "Туман": "Чилонзор", "Name": "Қатортол кўча", "ID_Geoname": "АPU:55267", "id": 173, "mahalla": "Fidokor MFY", "mahalla_id": 1726294053, "geonames": "АPU:223822" }, "geometry": { "type": "Point", "coordinates": [ 69.1978232, 41.2784954 ] } },
{ "type": "Feature", "properties": { "osm_id": "3077663090", "highway": "traffic_signals", "Туман": "Чилонзор", "Name": "Қатортол-2 кўча", "ID_Geoname": "АPU:55379", "id": 173, "mahalla": "Botirma MFY", "mahalla_id": 1726294043, "geonames": "АPU:56837" }, "geometry": { "type": "Point", "coordinates": [ 69.1923064, 41.2705376 ] } },
{ "type": "Feature", "properties": { "osm_id": "5082694528", "highway": "traffic_signals", "Туман": "Чилонзор", "Name": "Бунёдкор шоҳ кўча", "ID_Geoname": "АPU:55497", "id": 173, "mahalla": "Botirma MFY", "mahalla_id": 1726294043, "geonames": "АPU:56837" }, "geometry": { "type": "Point", "coordinates": [ 69.200991, 41.268571 ] } },
{ "type": "Feature", "properties": { "osm_id": "2016272237", "highway": "traffic_signals", "Туман": "Чилонзор", "Name": "Қатортол-2 кўча", "ID_Geoname": "АPU:55379", "id": 173, "mahalla": "Botirma MFY", "mahalla_id": 1726294043, "geonames": "АPU:56837" }, "geometry": { "type": "Point", "coordinates": [ 69.2007059, 41.268642 ] } },
{ "type": "Feature", "properties": { "osm_id": "6263221378", "highway": "traffic_signals", "Туман": "Чилонзор", "Name": "Заргарлик кўча", "ID_Geoname": "АPU:54745", "id": 173, "mahalla": "Kichik Xirmontepa MFY", "mahalla_id": 1726294049, "geonames": "АPU:56864" }, "geometry": { "type": "Point", "coordinates": [ 69.1828605, 41.2727244 ] } },
{ "type": "Feature", "properties": { "osm_id": "6263221378", "highway": "traffic_signals", "Туман": "Чилонзор", "Name": "Заргарлик кўча", "ID_Geoname": "АPU:54745", "id": 173, "mahalla": "Kichik Xirmontepa MFY", "mahalla_id": 1726294049, "geonames": "АPU:56864" }, "geometry": { "type": "Point", "coordinates": [ 69.1828605, 41.2727244 ] } },
{ "type": "Feature", "properties": { "osm_id": "2901515579", "highway": "traffic_signals", "Туман": "Чилонзор", "Name": "Заргарлик кўча", "ID_Geoname": "АPU:54745", "id": 173, "mahalla": "Kichik Xirmontepa MFY", "mahalla_id": 1726294049, "geonames": "АPU:56864" }, "geometry": { "type": "Point", "coordinates": [ 69.1872519, 41.2737637 ] } },
{ "type": "Feature", "properties": { "osm_id": "2901515579", "highway": "traffic_signals", "Туман": "Чилонзор", "Name": "Заргарлик кўча", "ID_Geoname": "АPU:54745", "id": 173, "mahalla": "Kichik Xirmontepa MFY", "mahalla_id": 1726294049, "geonames": "АPU:56864" }, "geometry": { "type": "Point", "coordinates": [ 69.1872519, 41.2737637 ] } },
{ "type": "Feature", "properties": { "osm_id": "12674069236", "highway": "traffic_signals", "Туман": "Чилонзор", "Name": "Бунёдкор шоҳ кўча", "ID_Geoname": "АPU:55497", "id": 173, "mahalla": "Naqqoshlik MFY", "mahalla_id": 1726294052, "geonames": "АPU:56871" }, "geometry": { "type": "Point", "coordinates": [ 69.2047605, 41.2742034 ] } },
{ "type": "Feature", "properties": { "osm_id": "1984623475", "highway": "traffic_signals", "Туман": "Чилонзор", "Name": "Кичик ҳалқа йўли кўча", "ID_Geoname": "АPU:53596", "id": 173, "mahalla": "Naqqoshlik MFY", "mahalla_id": 1726294052, "geonames": "АPU:56871" }, "geometry": { "type": "Point", "coordinates": [ 69.2048208, 41.2740631 ] } },
{ "type": "Feature", "properties": { "osm_id": "1111547953", "highway": "traffic_signals", "Туман": "Чилонзор", "Name": "Бунёдкор шоҳ кўча", "ID_Geoname": "АPU:55497", "id": 173, "mahalla": "Naqqoshlik MFY", "mahalla_id": 1726294052, "geonames": "АPU:56871" }, "geometry": { "type": "Point", "coordinates": [ 69.1988056, 41.2641918 ] } },
{ "type": "Feature", "properties": { "osm_id": "7281991375", "highway": "traffic_signals", "Туман": "Чилонзор", "Name": "Дўмбиробод-4 тор кўча", "ID_Geoname": "АPU:55153", "id": 173, "mahalla": "Naqqoshlik MFY", "mahalla_id": 1726294052, "geonames": "АPU:56871" }, "geometry": { "type": "Point", "coordinates": [ 69.2013477, 41.2682182 ] } },
{ "type": "Feature", "properties": { "osm_id": "5082694529", "highway": "traffic_signals", "Туман": "Чилонзор", "Name": "Бунёдкор шоҳ кўча", "ID_Geoname": "АPU:55497", "id": 173, "mahalla": "Naqqoshlik MFY", "mahalla_id": 1726294052, "geonames": "АPU:56871" }, "geometry": { "type": "Point", "coordinates": [ 69.2009144, 41.2680939 ] } },
{ "type": "Feature", "properties": { "osm_id": "2021102030", "highway": "traffic_signals", "Туман": "Чилонзор", "Name": "Дўмбиробод-4 тор кўча", "ID_Geoname": "АPU:55153", "id": 173, "mahalla": "Naqqoshlik MFY", "mahalla_id": 1726294052, "geonames": "АPU:56871" }, "geometry": { "type": "Point", "coordinates": [ 69.2011634, 41.2681496 ] } },
{ "type": "Feature", "properties": { "osm_id": "1823150918", "highway": "traffic_signals", "Туман": "Чилонзор", "Name": "Қатортол кўча", "ID_Geoname": "АPU:55267", "id": 173, "mahalla": "Qatortol MFY", "mahalla_id": 1726294032, "geonames": "АPU:56856" }, "geometry": { "type": "Point", "coordinates": [ 69.2028033, 41.2837375 ] } },
{ "type": "Feature", "properties": { "osm_id": "5181467462", "highway": "traffic_signals", "Туман": "Чилонзор", "Name": "Чўпонота кўча", "ID_Geoname": "АPU:56471", "id": 173, "mahalla": "Qatortol MFY", "mahalla_id": 1726294032, "geonames": "АPU:56856" }, "geometry": { "type": "Point", "coordinates": [ 69.2006764, 41.2901608 ] } },
{ "type": "Feature", "properties": { "osm_id": "2713557207", "highway": "traffic_signals", "Туман": "Чилонзор", "Name": "Чўпонота кўча", "ID_Geoname": "АPU:56471", "id": 173, "mahalla": "Qatortol MFY", "mahalla_id": 1726294032, "geonames": "АPU:56856" }, "geometry": { "type": "Point", "coordinates": [ 69.2052965, 41.2865615 ] } },
{ "type": "Feature", "properties": { "osm_id": "4388591268", "highway": "traffic_signals", "Туман": "Чилонзор", "Name": "Муқимий кўча", "ID_Geoname": "АPU:252736", "id": 173, "mahalla": "Koʻrkam MFY", "mahalla_id": 1726294040, "geonames": "АPU:868986" }, "geometry": { "type": "Point", "coordinates": [ 69.2203867, 41.2938069 ] } },
{ "type": "Feature", "properties": { "osm_id": "8051671040", "highway": "traffic_signals", "Туман": "Олмазор", "Name": "Форобий кўча", "ID_Geoname": "АPU:55545", "id": 167, "mahalla": "Achaobod MFY", "mahalla_id": 1726280050, "geonames": "АPU:56720" }, "geometry": { "type": "Point", "coordinates": [ 69.2224308, 41.3388434 ] } },
{ "type": "Feature", "properties": { "osm_id": "3474448652", "highway": "traffic_signals", "Туман": "Олмазор", "Name": "Нурафшон шоҳкўча", "ID_Geoname": "АPU:252732", "id": 167, "mahalla": "Achaobod MFY", "mahalla_id": 1726280050, "geonames": "АPU:56720" }, "geometry": { "type": "Point", "coordinates": [ 69.2243608, 41.3381938 ] } },
{ "type": "Feature", "properties": { "osm_id": "6016997490", "highway": "traffic_signals", "Туман": "Олмазор", "Name": "Сағбон кўча", "ID_Geoname": "АPU:57048", "id": 167, "mahalla": "Achaobod MFY", "mahalla_id": 1726280050, "geonames": "АPU:56720" }, "geometry": { "type": "Point", "coordinates": [ 69.2308845, 41.3413622 ] } },
{ "type": "Feature", "properties": { "osm_id": "8051671156", "highway": "traffic_signals", "Туман": "Олмазор", "Name": "Озод кўча", "ID_Geoname": "АPU:54042", "id": 167, "mahalla": "Eskishahar MFY", "mahalla_id": 1726280033, "geonames": "АPU:56761" }, "geometry": { "type": "Point", "coordinates": [ 69.2326809, 41.330354 ] } },
{ "type": "Feature", "properties": { "osm_id": "13567441363", "highway": "traffic_signals", "Туман": "Олмазор", "Name": "Беруний кўча", "ID_Geoname": "АPU:55460", "id": 167, "mahalla": "Eskishahar MFY", "mahalla_id": 1726280033, "geonames": "АPU:56761" }, "geometry": { "type": "Point", "coordinates": [ 69.2263424, 41.3282479 ] } },
{ "type": "Feature", "properties": { "osm_id": "13567441363", "highway": "traffic_signals", "Туман": "Олмазор", "Name": "Беруний кўча", "ID_Geoname": "АPU:55460", "id": 167, "mahalla": "Eskishahar MFY", "mahalla_id": 1726280033, "geonames": "АPU:56761" }, "geometry": { "type": "Point", "coordinates": [ 69.2263424, 41.3282479 ] } },
{ "type": "Feature", "properties": { "osm_id": "1259582713", "highway": "traffic_signals", "Туман": "Олмазор", "Name": "Форобий кўча", "ID_Geoname": "АPU:55545", "id": 167, "mahalla": "Eskishahar MFY", "mahalla_id": 1726280033, "geonames": "АPU:56761" }, "geometry": { "type": "Point", "coordinates": [ 69.2326144, 41.3305726 ] } },
{ "type": "Feature", "properties": { "osm_id": "1244283261", "highway": "traffic_signals", "Туман": "Олмазор", "Name": "Форобий кўча", "ID_Geoname": "АPU:55545", "id": 167, "mahalla": "Eskishahar MFY", "mahalla_id": 1726280033, "geonames": "АPU:56761" }, "geometry": { "type": "Point", "coordinates": [ 69.2345185, 41.3297448 ] } },
{ "type": "Feature", "properties": { "osm_id": "3146962059", "highway": "traffic_signals", "Туман": "Олмазор", "Name": "Чақичмон кўча", "ID_Geoname": "АPU:54051", "id": 167, "mahalla": "Eskishahar MFY", "mahalla_id": 1726280033, "geonames": "АPU:56761" }, "geometry": { "type": "Point", "coordinates": [ 69.231897, 41.3254063 ] } },
{ "type": "Feature", "properties": { "osm_id": "3146962059", "highway": "traffic_signals", "Туман": "Олмазор", "Name": "Чақичмон кўча", "ID_Geoname": "АPU:54051", "id": 167, "mahalla": "Eskishahar MFY", "mahalla_id": 1726280033, "geonames": "АPU:56761" }, "geometry": { "type": "Point", "coordinates": [ 69.231897, 41.3254063 ] } },
{ "type": "Feature", "properties": { "osm_id": "5745022856", "highway": "traffic_signals", "Туман": "Олмазор", "Name": "Сағбон кўча", "ID_Geoname": "АPU:57048", "id": 167, "mahalla": "Eskishahar MFY", "mahalla_id": 1726280033, "geonames": "АPU:56761" }, "geometry": { "type": "Point", "coordinates": [ 69.2354427, 41.3294143 ] } },
{ "type": "Feature", "properties": { "osm_id": "5795100161", "highway": "traffic_signals", "Туман": "Олмазор", "Name": "Беруний кўча", "ID_Geoname": "АPU:55460", "id": 167, "mahalla": "Eskishahar MFY", "mahalla_id": 1726280033, "geonames": "АPU:56761" }, "geometry": { "type": "Point", "coordinates": [ 69.2291506, 41.3266439 ] } },
{ "type": "Feature", "properties": { "osm_id": "5795100161", "highway": "traffic_signals", "Туман": "Олмазор", "Name": "Беруний кўча", "ID_Geoname": "АPU:55460", "id": 167, "mahalla": "Eskishahar MFY", "mahalla_id": 1726280033, "geonames": "АPU:56761" }, "geometry": { "type": "Point", "coordinates": [ 69.2291506, 41.3266439 ] } },
{ "type": "Feature", "properties": { "osm_id": "2103294480", "highway": "traffic_signals", "Туман": "Олмазор", "Name": "Беруний кўча", "ID_Geoname": "АPU:55460", "id": 167, "mahalla": "Chustiy MFY", "mahalla_id": 1726280034, "geonames": "АPU:56759" }, "geometry": { "type": "Point", "coordinates": [ 69.2228771, 41.3302554 ] } },
{ "type": "Feature", "properties": { "osm_id": "2103294480", "highway": "traffic_signals", "Туман": "Олмазор", "Name": "Беруний кўча", "ID_Geoname": "АPU:55460", "id": 167, "mahalla": "Chustiy MFY", "mahalla_id": 1726280034, "geonames": "АPU:56759" }, "geometry": { "type": "Point", "coordinates": [ 69.2228771, 41.3302554 ] } },
{ "type": "Feature", "properties": { "osm_id": "2103294484", "highway": "traffic_signals", "Туман": "Олмазор", "Name": "Беруний кўча", "ID_Geoname": "АPU:55460", "id": 167, "mahalla": "Chustiy MFY", "mahalla_id": 1726280034, "geonames": "АPU:56759" }, "geometry": { "type": "Point", "coordinates": [ 69.2218009, 41.330861 ] } },
{ "type": "Feature", "properties": { "osm_id": "2103294484", "highway": "traffic_signals", "Туман": "Олмазор", "Name": "Беруний кўча", "ID_Geoname": "АPU:55460", "id": 167, "mahalla": "Chustiy MFY", "mahalla_id": 1726280034, "geonames": "АPU:56759" }, "geometry": { "type": "Point", "coordinates": [ 69.2218009, 41.330861 ] } },
{ "type": "Feature", "properties": { "osm_id": "3146954821", "highway": "traffic_signals", "Туман": "Олмазор", "Name": "Беруний кўча", "ID_Geoname": "АPU:55460", "id": 167, "mahalla": "Chustiy MFY", "mahalla_id": 1726280034, "geonames": "АPU:56759" }, "geometry": { "type": "Point", "coordinates": [ 69.2186889, 41.3326491 ] } },
{ "type": "Feature", "properties": { "osm_id": "3146954821", "highway": "traffic_signals", "Туман": "Олмазор", "Name": "Беруний кўча", "ID_Geoname": "АPU:55460", "id": 167, "mahalla": "Chustiy MFY", "mahalla_id": 1726280034, "geonames": "АPU:56759" }, "geometry": { "type": "Point", "coordinates": [ 69.2186889, 41.3326491 ] } },
{ "type": "Feature", "properties": { "osm_id": "6205801045", "highway": "traffic_signals", "Туман": "Олмазор", "Name": "Кичик ҳалқа йўли кўча", "ID_Geoname": "АPU:53596", "id": 167, "mahalla": "Allon MFY", "mahalla_id": 1726280048, "geonames": "АPU:56718" }, "geometry": { "type": "Point", "coordinates": [ 69.2158303, 41.3473 ] } },
{ "type": "Feature", "properties": { "osm_id": "4320549766", "highway": "traffic_signals", "Туман": "Олмазор", "Name": "Чимбой кўча", "ID_Geoname": "АPU:57047", "id": 167, "mahalla": "Allon MFY", "mahalla_id": 1726280048, "geonames": "АPU:56718" }, "geometry": { "type": "Point", "coordinates": [ 69.2200835, 41.3397992 ] } },
{ "type": "Feature", "properties": { "osm_id": "4320549762", "highway": "traffic_signals", "Туман": "Олмазор", "Name": "Форобий кўча", "ID_Geoname": "АPU:55545", "id": 167, "mahalla": "Allon MFY", "mahalla_id": 1726280048, "geonames": "АPU:56718" }, "geometry": { "type": "Point", "coordinates": [ 69.219937, 41.3394241 ] } },
{ "type": "Feature", "properties": { "osm_id": "358864755", "highway": "traffic_signals", "Туман": "Олмазор", "Name": "Форобий кўча", "ID_Geoname": "АPU:55545", "id": 167, "mahalla": "Allon MFY", "mahalla_id": 1726280048, "geonames": "АPU:56718" }, "geometry": { "type": "Point", "coordinates": [ 69.2110592, 41.3423956 ] } },
{ "type": "Feature", "properties": { "osm_id": "5323167609", "highway": "traffic_signals", "Туман": "Олмазор", "Name": "Форобий кўча", "ID_Geoname": "АPU:55545", "id": 167, "mahalla": "Chigʻatoy-Oqtepa MFY", "mahalla_id": 1726280056, "geonames": "АPU:56756" }, "geometry": { "type": "Point", "coordinates": [ 69.1787888, 41.3493685 ] } },
{ "type": "Feature", "properties": { "osm_id": "5323167609", "highway": "traffic_signals", "Туман": "Олмазор", "Name": "Форобий кўча", "ID_Geoname": "АPU:55545", "id": 167, "mahalla": "Chigʻatoy-Oqtepa MFY", "mahalla_id": 1726280056, "geonames": "АPU:56756" }, "geometry": { "type": "Point", "coordinates": [ 69.1787888, 41.3493685 ] } },
{ "type": "Feature", "properties": { "osm_id": "5641725994", "highway": "traffic_signals", "Туман": "Олмазор", "Name": "Чиғатой Оқтепа-3 тор кўча", "ID_Geoname": "АPU:54010", "id": 167, "mahalla": "Chigʻatoy-Oqtepa MFY", "mahalla_id": 1726280056, "geonames": "АPU:56756" }, "geometry": { "type": "Point", "coordinates": [ 69.1869102, 41.3502028 ] } },
{ "type": "Feature", "properties": { "osm_id": "5641725992", "highway": "traffic_signals", "Туман": "Олмазор", "Name": "Форобий кўча", "ID_Geoname": "АPU:55545", "id": 167, "mahalla": "Chigʻatoy-Oqtepa MFY", "mahalla_id": 1726280056, "geonames": "АPU:56756" }, "geometry": { "type": "Point", "coordinates": [ 69.1869937, 41.3501155 ] } },
{ "type": "Feature", "properties": { "osm_id": "5641725992", "highway": "traffic_signals", "Туман": "Олмазор", "Name": "Форобий кўча", "ID_Geoname": "АPU:55545", "id": 167, "mahalla": "Chigʻatoy-Oqtepa MFY", "mahalla_id": 1726280056, "geonames": "АPU:56756" }, "geometry": { "type": "Point", "coordinates": [ 69.1869937, 41.3501155 ] } },
{ "type": "Feature", "properties": { "osm_id": "5653750949", "highway": "traffic_signals", "Туман": "Олмазор", "Name": "Шифокорлар кўча", "ID_Geoname": "АPU:53765", "id": 167, "mahalla": "Beruniy MFY", "mahalla_id": 1726280059, "geonames": "АPU:282844" }, "geometry": { "type": "Point", "coordinates": [ 69.1877732, 41.362668 ] } },
{ "type": "Feature", "properties": { "osm_id": "6391282876", "highway": "traffic_signals", "Туман": "Олмазор", "Name": "Нозимахоним-3 тор кўча", "ID_Geoname": "АPU:293198", "id": 167, "mahalla": "Beruniy MFY", "mahalla_id": 1726280059, "geonames": "АPU:282844" }, "geometry": { "type": "Point", "coordinates": [ 69.1932788, 41.3587322 ] } },
{ "type": "Feature", "properties": { "osm_id": "5653465508", "highway": "traffic_signals", "Туман": "Олмазор", "Name": "Қамарнисо кўча", "ID_Geoname": "АPU:53735", "id": 167, "mahalla": "Beruniy MFY", "mahalla_id": 1726280059, "geonames": "АPU:282844" }, "geometry": { "type": "Point", "coordinates": [ 69.1932652, 41.3590393 ] } },
{ "type": "Feature", "properties": { "osm_id": "5653465507", "highway": "traffic_signals", "Туман": "Олмазор", "Name": "Қамарнисо-1 берк кўча", "ID_Geoname": "АPU:917730", "id": 167, "mahalla": "Beruniy MFY", "mahalla_id": 1726280059, "geonames": "АPU:282844" }, "geometry": { "type": "Point", "coordinates": [ 69.1937349, 41.3587983 ] } },
{ "type": "Feature", "properties": { "osm_id": "6087304098", "highway": "traffic_signals", "Туман": "Олмазор", "Name": "Қорақамиш-3 кўча", "ID_Geoname": "АPU:53738", "id": 167, "mahalla": "Yuqori Beshqoʻrgʻon MFY", "mahalla_id": 1726280006, "geonames": "АPU:56722" }, "geometry": { "type": "Point", "coordinates": [ 69.2047561, 41.3705514 ] } },
{ "type": "Feature", "properties": { "osm_id": "6087304097", "highway": "traffic_signals", "Туман": "Олмазор", "Name": "Кошона кўча", "ID_Geoname": "АPU:53886", "id": 167, "mahalla": "Yuqori Beshqoʻrgʻon MFY", "mahalla_id": 1726280006, "geonames": "АPU:56722" }, "geometry": { "type": "Point", "coordinates": [ 69.2050193, 41.3706682 ] } },
{ "type": "Feature", "properties": { "osm_id": "6024710319", "highway": "traffic_signals", "Туман": "Олмазор", "Name": "Себзор кўча", "ID_Geoname": "АPU:55813", "id": 167, "mahalla": "Sebzor MFY", "mahalla_id": 1726280042, "geonames": "АPU:56748" }, "geometry": { "type": "Point", "coordinates": [ 69.251337, 41.3326301 ] } },
{ "type": "Feature", "properties": { "osm_id": "6024710319", "highway": "traffic_signals", "Туман": "Олмазор", "Name": "Себзор кўча", "ID_Geoname": "АPU:55813", "id": 167, "mahalla": "Sebzor MFY", "mahalla_id": 1726280042, "geonames": "АPU:56748" }, "geometry": { "type": "Point", "coordinates": [ 69.251337, 41.3326301 ] } },
{ "type": "Feature", "properties": { "osm_id": "6024710318", "highway": "traffic_signals", "Туман": "Олмазор", "Name": "Себзор кўча", "ID_Geoname": "АPU:55813", "id": 167, "mahalla": "Sebzor MFY", "mahalla_id": 1726280042, "geonames": "АPU:56748" }, "geometry": { "type": "Point", "coordinates": [ 69.2514912, 41.3324885 ] } },
{ "type": "Feature", "properties": { "osm_id": "6024710318", "highway": "traffic_signals", "Туман": "Олмазор", "Name": "Себзор кўча", "ID_Geoname": "АPU:55813", "id": 167, "mahalla": "Sebzor MFY", "mahalla_id": 1726280042, "geonames": "АPU:56748" }, "geometry": { "type": "Point", "coordinates": [ 69.2514912, 41.3324885 ] } },
{ "type": "Feature", "properties": { "osm_id": "9366065665", "highway": "traffic_signals", "Туман": "Олмазор", "Name": "Нурафшон шоҳкўча", "ID_Geoname": "АPU:252732", "id": 167, "mahalla": "Yuqori Sebzor MFY", "mahalla_id": 1726280037, "geonames": "АPU:363710" }, "geometry": { "type": "Point", "coordinates": [ 69.2556202, 41.3384496 ] } },
{ "type": "Feature", "properties": { "osm_id": "13328825950", "highway": "traffic_signals", "Туман": "Олмазор", "Name": "Нурафшон шоҳкўча", "ID_Geoname": "АPU:252732", "id": 167, "mahalla": "Yuqori Sebzor MFY", "mahalla_id": 1726280037, "geonames": "АPU:363710" }, "geometry": { "type": "Point", "coordinates": [ 69.2565375, 41.3380811 ] } },
{ "type": "Feature", "properties": { "osm_id": "2611878079", "highway": "traffic_signals", "Туман": "Олмазор", "Name": "Абдулла Қодирий кўча", "ID_Geoname": "АPU:303217", "id": 167, "mahalla": "Yangi Sebzor MFY", "mahalla_id": 1726280041, "geonames": "АPU:56762" }, "geometry": { "type": "Point", "coordinates": [ 69.243238, 41.3309022 ] } },
{ "type": "Feature", "properties": { "osm_id": "8051671163", "highway": "traffic_signals", "Туман": "Олмазор", "Name": "Форобий кўча", "ID_Geoname": "АPU:55545", "id": 167, "mahalla": "Zarhal MFY", "mahalla_id": 1726280064, "geonames": "АPU:906748" }, "geometry": { "type": "Point", "coordinates": [ 69.23307, 41.3303948 ] } },
{ "type": "Feature", "properties": { "osm_id": "13260345374", "highway": "traffic_signals", "Туман": "Олмазор", "Name": "Сағбон кўча", "ID_Geoname": "АPU:57048", "id": 167, "mahalla": "Zarhal MFY", "mahalla_id": 1726280064, "geonames": "АPU:906748" }, "geometry": { "type": "Point", "coordinates": [ 69.2348104, 41.3301418 ] } },
{ "type": "Feature", "properties": { "osm_id": "3474448629", "highway": "traffic_signals", "Туман": "Олмазор", "Name": "Форобий кўча", "ID_Geoname": "АPU:55545", "id": 167, "mahalla": "Zarhal MFY", "mahalla_id": 1726280064, "geonames": "АPU:906748" }, "geometry": { "type": "Point", "coordinates": [ 69.2297433, 41.3330561 ] } },
{ "type": "Feature", "properties": { "osm_id": "11931925930", "highway": "traffic_signals", "Туман": "Олмазор", "Name": "Қамарнисо кўча", "ID_Geoname": "АPU:53735", "id": 167, "mahalla": "Jiydali MFY", "mahalla_id": 1726280058, "geonames": "АPU:56721" }, "geometry": { "type": "Point", "coordinates": [ 69.1811093, 41.3647195 ] } },
{ "type": "Feature", "properties": { "osm_id": "6087010213", "highway": "traffic_signals", "Туман": "Олмазор", "Name": "Қамарнисо кўча", "ID_Geoname": "АPU:53735", "id": 167, "mahalla": "Jiydali MFY", "mahalla_id": 1726280058, "geonames": "АPU:56721" }, "geometry": { "type": "Point", "coordinates": [ 69.1862126, 41.3637516 ] } },
{ "type": "Feature", "properties": { "osm_id": "6087010214", "highway": "traffic_signals", "Туман": "Олмазор", "Name": "Қамарнисо кўча", "ID_Geoname": "АPU:53735", "id": 167, "mahalla": "Jiydali MFY", "mahalla_id": 1726280058, "geonames": "АPU:56721" }, "geometry": { "type": "Point", "coordinates": [ 69.1855805, 41.363917 ] } },
{ "type": "Feature", "properties": { "osm_id": "4319114503", "highway": "traffic_signals", "Туман": "Олмазор", "Name": "Қамарнисо кўча", "ID_Geoname": "АPU:53735", "id": 167, "mahalla": "Jiydali MFY", "mahalla_id": 1726280058, "geonames": "АPU:56721" }, "geometry": { "type": "Point", "coordinates": [ 69.1877184, 41.3630348 ] } },
{ "type": "Feature", "properties": { "osm_id": "1565958231", "highway": "traffic_signals", "Туман": "Олмазор", "Name": "Катта ҳалқа йўли кўча", "ID_Geoname": "АPU:53220", "id": 167, "mahalla": "Jiydali MFY", "mahalla_id": 1726280058, "geonames": "АPU:56721" }, "geometry": { "type": "Point", "coordinates": [ 69.18043, 41.3647481 ] } },
{ "type": "Feature", "properties": { "osm_id": "246192638", "highway": "traffic_signals", "Туман": "Олмазор", "Name": "Катта ҳалқа йўли кўча", "ID_Geoname": "АPU:53220", "id": 167, "mahalla": "Jiydali MFY", "mahalla_id": 1726280058, "geonames": "АPU:56721" }, "geometry": { "type": "Point", "coordinates": [ 69.1806802, 41.3650611 ] } },
{ "type": "Feature", "properties": { "osm_id": "361422233", "highway": "traffic_signals", "Туман": "Олмазор", "Name": "Қамарнисо кўча", "ID_Geoname": "АPU:53735", "id": 167, "mahalla": "Jiydali MFY", "mahalla_id": 1726280058, "geonames": "АPU:56721" }, "geometry": { "type": "Point", "coordinates": [ 69.1882712, 41.3627424 ] } },
{ "type": "Feature", "properties": { "osm_id": "13326721966", "highway": "traffic_signals", "Туман": "Олмазор", "Name": "Нурафшон шоҳкўча", "ID_Geoname": "АPU:252732", "id": 167, "mahalla": "Chigʻatoy Darvoza MFY", "mahalla_id": 1726280045, "geonames": "АPU:56755" }, "geometry": { "type": "Point", "coordinates": [ 69.2210267, 41.3353779 ] } },
{ "type": "Feature", "properties": { "osm_id": "6087005203", "highway": "traffic_signals", "Туман": "Олмазор", "Name": "Форобий кўча", "ID_Geoname": "АPU:55545", "id": 167, "mahalla": "Chigʻatoy Darvoza MFY", "mahalla_id": 1726280045, "geonames": "АPU:56755" }, "geometry": { "type": "Point", "coordinates": [ 69.2228503, 41.3386602 ] } },
{ "type": "Feature", "properties": { "osm_id": "8051671039", "highway": "traffic_signals", "Туман": "Олмазор", "Name": "Форобий кўча", "ID_Geoname": "АPU:55545", "id": 167, "mahalla": "Chigʻatoy Darvoza MFY", "mahalla_id": 1726280045, "geonames": "АPU:56755" }, "geometry": { "type": "Point", "coordinates": [ 69.2222498, 41.3388084 ] } },
{ "type": "Feature", "properties": { "osm_id": "3474448643", "highway": "traffic_signals", "Туман": "Олмазор", "Name": "Нурафшон шоҳкўча", "ID_Geoname": "АPU:252732", "id": 167, "mahalla": "Chigʻatoy Darvoza MFY", "mahalla_id": 1726280045, "geonames": "АPU:56755" }, "geometry": { "type": "Point", "coordinates": [ 69.2239148, 41.3377217 ] } },
{ "type": "Feature", "properties": { "osm_id": "3474448650", "highway": "traffic_signals", "Туман": "Олмазор", "Name": "Форобий кўча", "ID_Geoname": "АPU:55545", "id": 167, "mahalla": "Chigʻatoy Darvoza MFY", "mahalla_id": 1726280045, "geonames": "АPU:56755" }, "geometry": { "type": "Point", "coordinates": [ 69.2237775, 41.3381687 ] } },
{ "type": "Feature", "properties": { "osm_id": "3474448632", "highway": "traffic_signals", "Туман": "Олмазор", "Name": "Форобий кўча", "ID_Geoname": "АPU:55545", "id": 167, "mahalla": "Chigʻatoy Darvoza MFY", "mahalla_id": 1726280045, "geonames": "АPU:56755" }, "geometry": { "type": "Point", "coordinates": [ 69.2295351, 41.333133 ] } },
{ "type": "Feature", "properties": { "osm_id": "6016997487", "highway": "traffic_signals", "Туман": "Олмазор", "Name": "Сағбон кўча", "ID_Geoname": "АPU:57048", "id": 167, "mahalla": "Guzarboshi MFY", "mahalla_id": 1726280046, "geonames": "АPU:56729" }, "geometry": { "type": "Point", "coordinates": [ 69.2313128, 41.3407584 ] } },
{ "type": "Feature", "properties": { "osm_id": "6016981983", "highway": "traffic_signals", "Туман": "Олмазор", "Name": "Нурафшон шоҳкўча", "ID_Geoname": "АPU:252732", "id": 167, "mahalla": "Guzarboshi MFY", "mahalla_id": 1726280046, "geonames": "АPU:56729" }, "geometry": { "type": "Point", "coordinates": [ 69.2307495, 41.3408985 ] } },
{ "type": "Feature", "properties": { "osm_id": "6018817349", "highway": "traffic_signals", "Туман": "Олмазор", "Name": "Сағбон кўча", "ID_Geoname": "АPU:57048", "id": 167, "mahalla": "Guzarboshi MFY", "mahalla_id": 1726280046, "geonames": "АPU:56729" }, "geometry": { "type": "Point", "coordinates": [ 69.2320419, 41.3393523 ] } },
{ "type": "Feature", "properties": { "osm_id": "6018817350", "highway": "traffic_signals", "Туман": "Олмазор", "Name": "Сағбон кўча", "ID_Geoname": "АPU:57048", "id": 167, "mahalla": "Guzarboshi MFY", "mahalla_id": 1726280046, "geonames": "АPU:56729" }, "geometry": { "type": "Point", "coordinates": [ 69.2318327, 41.3395189 ] } },
{ "type": "Feature", "properties": { "osm_id": "13326721967", "highway": "traffic_signals", "Туман": "Олмазор", "Name": "Форобий тор кўча", "ID_Geoname": "АPU:57045", "id": 167, "mahalla": "Quyosh MFY", "mahalla_id": 1726280035, "geonames": "АPU:282841" }, "geometry": { "type": "Point", "coordinates": [ 69.2211256, 41.3356673 ] } },
{ "type": "Feature", "properties": { "osm_id": "1976808678", "highway": "traffic_signals", "Туман": "Олмазор", "Name": "Беруний кўча", "ID_Geoname": "АPU:55460", "id": 167, "mahalla": "Quyosh MFY", "mahalla_id": 1726280035, "geonames": "АPU:282841" }, "geometry": { "type": "Point", "coordinates": [ 69.2141022, 41.3352215 ] } },
{ "type": "Feature", "properties": { "osm_id": "1976808678", "highway": "traffic_signals", "Туман": "Олмазор", "Name": "Беруний кўча", "ID_Geoname": "АPU:55460", "id": 167, "mahalla": "Quyosh MFY", "mahalla_id": 1726280035, "geonames": "АPU:282841" }, "geometry": { "type": "Point", "coordinates": [ 69.2141022, 41.3352215 ] } },
{ "type": "Feature", "properties": { "osm_id": "3146955393", "highway": "traffic_signals", "Туман": "Олмазор", "Name": "Нурафшон шоҳкўча", "ID_Geoname": "АPU:252732", "id": 167, "mahalla": "Quyosh MFY", "mahalla_id": 1726280035, "geonames": "АPU:282841" }, "geometry": { "type": "Point", "coordinates": [ 69.218486, 41.3330484 ] } },
{ "type": "Feature", "properties": { "osm_id": "3146955393", "highway": "traffic_signals", "Туман": "Олмазор", "Name": "Нурафшон шоҳкўча", "ID_Geoname": "АPU:252732", "id": 167, "mahalla": "Quyosh MFY", "mahalla_id": 1726280035, "geonames": "АPU:282841" }, "geometry": { "type": "Point", "coordinates": [ 69.218486, 41.3330484 ] } },
{ "type": "Feature", "properties": { "osm_id": "5653613340", "highway": "traffic_signals", "Туман": "Олмазор", "Name": "Беруний кўча", "ID_Geoname": "АPU:55460", "id": 167, "mahalla": "Quyosh MFY", "mahalla_id": 1726280035, "geonames": "АPU:282841" }, "geometry": { "type": "Point", "coordinates": [ 69.2108152, 41.3370871 ] } },
{ "type": "Feature", "properties": { "osm_id": "5653613340", "highway": "traffic_signals", "Туман": "Олмазор", "Name": "Беруний кўча", "ID_Geoname": "АPU:55460", "id": 167, "mahalla": "Quyosh MFY", "mahalla_id": 1726280035, "geonames": "АPU:282841" }, "geometry": { "type": "Point", "coordinates": [ 69.2108152, 41.3370871 ] } },
{ "type": "Feature", "properties": { "osm_id": "5653613342", "highway": "traffic_signals", "Туман": "Олмазор", "Name": "Алоқа кўча", "ID_Geoname": "АPU:53668", "id": 167, "mahalla": "Quyosh MFY", "mahalla_id": 1726280035, "geonames": "АPU:282841" }, "geometry": { "type": "Point", "coordinates": [ 69.2140221, 41.3355171 ] } },
{ "type": "Feature", "properties": { "osm_id": "3474448646", "highway": "traffic_signals", "Туман": "Олмазор", "Name": "Форобий кўча", "ID_Geoname": "АPU:55545", "id": 167, "mahalla": "Qoʻshtut MFY", "mahalla_id": 1726280043, "geonames": "АPU:56739" }, "geometry": { "type": "Point", "coordinates": [ 69.2244814, 41.3377504 ] } },
{ "type": "Feature", "properties": { "osm_id": "6016935446", "highway": "traffic_signals", "Туман": "Олмазор", "Name": "Нурафшон шоҳкўча", "ID_Geoname": "АPU:252732", "id": 167, "mahalla": "Hazrati Imom MFY", "mahalla_id": 1726280027, "geonames": "АPU:282837" }, "geometry": { "type": "Point", "coordinates": [ 69.2415726, 41.3416624 ] } },
{ "type": "Feature", "properties": { "osm_id": "3480498215", "highway": "traffic_signals", "Туман": "Олмазор", "Name": "Беруний кўча", "ID_Geoname": "АPU:55460", "id": 167, "mahalla": "Orzu MFY", "mahalla_id": 1726280049, "geonames": "АPU:282847" }, "geometry": { "type": "Point", "coordinates": [ 69.2069704, 41.3446959 ] } },
{ "type": "Feature", "properties": { "osm_id": "3480498215", "highway": "traffic_signals", "Туман": "Олмазор", "Name": "Беруний кўча", "ID_Geoname": "АPU:55460", "id": 167, "mahalla": "Orzu MFY", "mahalla_id": 1726280049, "geonames": "АPU:282847" }, "geometry": { "type": "Point", "coordinates": [ 69.2069704, 41.3446959 ] } },
{ "type": "Feature", "properties": { "osm_id": "3480498211", "highway": "traffic_signals", "Туман": "Олмазор", "Name": "Форобий кўча", "ID_Geoname": "АPU:55545", "id": 167, "mahalla": "Orzu MFY", "mahalla_id": 1726280049, "geonames": "АPU:282847" }, "geometry": { "type": "Point", "coordinates": [ 69.2104679, 41.3426128 ] } },
{ "type": "Feature", "properties": { "osm_id": "3480498211", "highway": "traffic_signals", "Туман": "Олмазор", "Name": "Форобий кўча", "ID_Geoname": "АPU:55545", "id": 167, "mahalla": "Orzu MFY", "mahalla_id": 1726280049, "geonames": "АPU:282847" }, "geometry": { "type": "Point", "coordinates": [ 69.2104679, 41.3426128 ] } },
{ "type": "Feature", "properties": { "osm_id": "9676706180", "highway": "traffic_signals", "Туман": "Олмазор", "Name": "Беруний кўча", "ID_Geoname": "АPU:55460", "id": 167, "mahalla": "Orzu MFY", "mahalla_id": 1726280049, "geonames": "АPU:282847" }, "geometry": { "type": "Point", "coordinates": [ 69.2052961, 41.3415757 ] } },
{ "type": "Feature", "properties": { "osm_id": "9676706180", "highway": "traffic_signals", "Туман": "Олмазор", "Name": "Беруний кўча", "ID_Geoname": "АPU:55460", "id": 167, "mahalla": "Orzu MFY", "mahalla_id": 1726280049, "geonames": "АPU:282847" }, "geometry": { "type": "Point", "coordinates": [ 69.2052961, 41.3415757 ] } },
{ "type": "Feature", "properties": { "osm_id": "5653349843", "highway": "traffic_signals", "Туман": "Олмазор", "Name": "Беруний кўча", "ID_Geoname": "АPU:55460", "id": 167, "mahalla": "Orzu MFY", "mahalla_id": 1726280049, "geonames": "АPU:282847" }, "geometry": { "type": "Point", "coordinates": [ 69.2074554, 41.3389913 ] } },
{ "type": "Feature", "properties": { "osm_id": "5653349843", "highway": "traffic_signals", "Туман": "Олмазор", "Name": "Беруний кўча", "ID_Geoname": "АPU:55460", "id": 167, "mahalla": "Orzu MFY", "mahalla_id": 1726280049, "geonames": "АPU:282847" }, "geometry": { "type": "Point", "coordinates": [ 69.2074554, 41.3389913 ] } },
{ "type": "Feature", "properties": { "osm_id": "5653349835", "highway": "traffic_signals", "Туман": "Олмазор", "Name": "Кичик ҳалқа йўли кўча", "ID_Geoname": "АPU:53596", "id": 167, "mahalla": "Orzu MFY", "mahalla_id": 1726280049, "geonames": "АPU:282847" }, "geometry": { "type": "Point", "coordinates": [ 69.2105784, 41.3422157 ] } },
{ "type": "Feature", "properties": { "osm_id": "5653349841", "highway": "traffic_signals", "Туман": "Олмазор", "Name": "Кичик ҳалқа йўли кўча", "ID_Geoname": "АPU:53596", "id": 167, "mahalla": "Orzu MFY", "mahalla_id": 1726280049, "geonames": "АPU:282847" }, "geometry": { "type": "Point", "coordinates": [ 69.207342, 41.3393552 ] } },
{ "type": "Feature", "properties": { "osm_id": "5323228238", "highway": "traffic_signals", "Туман": "Олмазор", "Name": "Мирзо Ғолиб кўча", "ID_Geoname": "АPU:53850", "id": 167, "mahalla": "Ziyokor MFY", "mahalla_id": 1726280052, "geonames": "АPU:811177" }, "geometry": { "type": "Point", "coordinates": [ 69.1985581, 41.3563584 ] } },
{ "type": "Feature", "properties": { "osm_id": "6087355837", "highway": "traffic_signals", "Туман": "Олмазор", "Name": "Қорақамиш-2 кўча", "ID_Geoname": "АPU:53931", "id": 167, "mahalla": "Umid MFY", "mahalla_id": 1726280005, "geonames": "АPU:57007" }, "geometry": { "type": "Point", "coordinates": [ 69.2152711, 41.3634766 ] } },
{ "type": "Feature", "properties": { "osm_id": "6087355835", "highway": "traffic_signals", "Туман": "Олмазор", "Name": "Қорақамиш-2 кўча", "ID_Geoname": "АPU:53931", "id": 167, "mahalla": "Umid MFY", "mahalla_id": 1726280005, "geonames": "АPU:57007" }, "geometry": { "type": "Point", "coordinates": [ 69.2148463, 41.3637313 ] } },
{ "type": "Feature", "properties": { "osm_id": "6087355861", "highway": "traffic_signals", "Туман": "Олмазор", "Name": "Қорақамиш-3 кўча", "ID_Geoname": "АPU:53738", "id": 167, "mahalla": "Umid MFY", "mahalla_id": 1726280005, "geonames": "АPU:57007" }, "geometry": { "type": "Point", "coordinates": [ 69.2150604, 41.3704856 ] } },
{ "type": "Feature", "properties": { "osm_id": "6159179820", "highway": "traffic_signals", "Туман": "Олмазор", "Name": "Мирзо Ғолиб кўча", "ID_Geoname": "АPU:53850", "id": 167, "mahalla": "Mirzo Gʻolib MFY", "mahalla_id": 1726280057, "geonames": "АPU:56740" }, "geometry": { "type": "Point", "coordinates": [ 69.1980248, 41.3483249 ] } },
{ "type": "Feature", "properties": { "osm_id": "6159179828", "highway": "traffic_signals", "Туман": "Олмазор", "Name": "Қамарнисо кўча", "ID_Geoname": "АPU:53735", "id": 167, "mahalla": "Mirzo Gʻolib MFY", "mahalla_id": 1726280057, "geonames": "АPU:56740" }, "geometry": { "type": "Point", "coordinates": [ 69.1990509, 41.3566754 ] } },
{ "type": "Feature", "properties": { "osm_id": "6022760048", "highway": "traffic_signals", "Туман": "Олмазор", "Name": "Форобий кўча", "ID_Geoname": "АPU:55545", "id": 167, "mahalla": "Mirzo Gʻolib MFY", "mahalla_id": 1726280057, "geonames": "АPU:56740" }, "geometry": { "type": "Point", "coordinates": [ 69.1943975, 41.3487457 ] } },
{ "type": "Feature", "properties": { "osm_id": "6022760048", "highway": "traffic_signals", "Туман": "Олмазор", "Name": "Форобий кўча", "ID_Geoname": "АPU:55545", "id": 167, "mahalla": "Mirzo Gʻolib MFY", "mahalla_id": 1726280057, "geonames": "АPU:56740" }, "geometry": { "type": "Point", "coordinates": [ 69.1943975, 41.3487457 ] } },
{ "type": "Feature", "properties": { "osm_id": "361423845", "highway": "traffic_signals", "Туман": "Олмазор", "Name": "Қамарнисо кўча", "ID_Geoname": "АPU:53735", "id": 167, "mahalla": "Mirzo Gʻolib MFY", "mahalla_id": 1726280057, "geonames": "АPU:56740" }, "geometry": { "type": "Point", "coordinates": [ 69.1982207, 41.3567068 ] } },
{ "type": "Feature", "properties": { "osm_id": "2611878080", "highway": "traffic_signals", "Туман": "Олмазор", "Name": "Қорасарой кўча", "ID_Geoname": "АPU:53952", "id": 167, "mahalla": "Hastimom MFY", "mahalla_id": 1726280044, "geonames": "АPU:56752" }, "geometry": { "type": "Point", "coordinates": [ 69.2427912, 41.3313027 ] } },
{ "type": "Feature", "properties": { "osm_id": "2611878078", "highway": "traffic_signals", "Туман": "Олмазор", "Name": "Зарқайнар кўча", "ID_Geoname": "АPU:53796", "id": 167, "mahalla": "Hastimom MFY", "mahalla_id": 1726280044, "geonames": "АPU:56752" }, "geometry": { "type": "Point", "coordinates": [ 69.2425569, 41.3308067 ] } },
{ "type": "Feature", "properties": { "osm_id": "7998021952", "highway": "traffic_signals", "Туман": "Олмазор", "Name": "Сағбон кўча", "ID_Geoname": "АPU:57048", "id": 167, "mahalla": "Hofiz Koʻhakiy MFY", "mahalla_id": 1726280039, "geonames": "АPU:56754" }, "geometry": { "type": "Point", "coordinates": [ 69.2353293, 41.3295777 ] } },
{ "type": "Feature", "properties": { "osm_id": "8051671215", "highway": "traffic_signals", "Туман": "Олмазор", "Name": "Сағбон кўча", "ID_Geoname": "АPU:57048", "id": 167, "mahalla": "Hofiz Koʻhakiy MFY", "mahalla_id": 1726280039, "geonames": "АPU:56754" }, "geometry": { "type": "Point", "coordinates": [ 69.2362215, 41.3293389 ] } },
{ "type": "Feature", "properties": { "osm_id": "6355974953", "highway": "traffic_signals", "Туман": "Олмазор", "Name": "Шифонур кўча", "ID_Geoname": "АPU:53778", "id": 167, "mahalla": "Ziyo MFY", "mahalla_id": 1726280051, "geonames": "АPU:56733" }, "geometry": { "type": "Point", "coordinates": [ 69.219403, 41.3551698 ] } },
{ "type": "Feature", "properties": { "osm_id": "6355974934", "highway": "traffic_signals", "Туман": "Олмазор", "Name": "Қорақамиш кўча", "ID_Geoname": "АPU:293222", "id": 167, "mahalla": "Ziyo MFY", "mahalla_id": 1726280051, "geonames": "АPU:56733" }, "geometry": { "type": "Point", "coordinates": [ 69.2192282, 41.3554913 ] } },
{ "type": "Feature", "properties": { "osm_id": "6355974974", "highway": "traffic_signals", "Туман": "Олмазор", "Name": "Шифонур кўча", "ID_Geoname": "АPU:53778", "id": 167, "mahalla": "Ziyo MFY", "mahalla_id": 1726280051, "geonames": "АPU:56733" }, "geometry": { "type": "Point", "coordinates": [ 69.2191929, 41.3537158 ] } },
{ "type": "Feature", "properties": { "osm_id": "6355974975", "highway": "traffic_signals", "Туман": "Олмазор", "Name": "Зиё кўча", "ID_Geoname": "АPU:293224", "id": 167, "mahalla": "Ziyo MFY", "mahalla_id": 1726280051, "geonames": "АPU:56733" }, "geometry": { "type": "Point", "coordinates": [ 69.218993, 41.3538312 ] } },
{ "type": "Feature", "properties": { "osm_id": "6355974973", "highway": "traffic_signals", "Туман": "Олмазор", "Name": "Шифонур кўча", "ID_Geoname": "АPU:53778", "id": 167, "mahalla": "Ziyo MFY", "mahalla_id": 1726280051, "geonames": "АPU:56733" }, "geometry": { "type": "Point", "coordinates": [ 69.2192119, 41.3538507 ] } },
{ "type": "Feature", "properties": { "osm_id": "4320565330", "highway": "traffic_signals", "Туман": "Олмазор", "Name": "Талабалар кўча", "ID_Geoname": "АPU:293223", "id": 167, "mahalla": "Ziyo MFY", "mahalla_id": 1726280051, "geonames": "АPU:56733" }, "geometry": { "type": "Point", "coordinates": [ 69.2091533, 41.354767 ] } },
{ "type": "Feature", "properties": { "osm_id": "4320565327", "highway": "traffic_signals", "Туман": "Олмазор", "Name": "Зиё кўча", "ID_Geoname": "АPU:293224", "id": 167, "mahalla": "Ziyo MFY", "mahalla_id": 1726280051, "geonames": "АPU:56733" }, "geometry": { "type": "Point", "coordinates": [ 69.2098173, 41.3546176 ] } },
{ "type": "Feature", "properties": { "osm_id": "4320565324", "highway": "traffic_signals", "Туман": "Олмазор", "Name": "Талабалар кўча", "ID_Geoname": "АPU:293223", "id": 167, "mahalla": "Ziyo MFY", "mahalla_id": 1726280051, "geonames": "АPU:56733" }, "geometry": { "type": "Point", "coordinates": [ 69.2096549, 41.3544221 ] } },
{ "type": "Feature", "properties": { "osm_id": "4320565337", "highway": "traffic_signals", "Туман": "Олмазор", "Name": "Мухбир кўча", "ID_Geoname": "АPU:53923", "id": 167, "mahalla": "Ziyo MFY", "mahalla_id": 1726280051, "geonames": "АPU:56733" }, "geometry": { "type": "Point", "coordinates": [ 69.2060233, 41.3582344 ] } },
{ "type": "Feature", "properties": { "osm_id": "4320565335", "highway": "traffic_signals", "Туман": "Олмазор", "Name": "Талабалар кўча", "ID_Geoname": "АPU:293223", "id": 167, "mahalla": "Ziyo MFY", "mahalla_id": 1726280051, "geonames": "АPU:56733" }, "geometry": { "type": "Point", "coordinates": [ 69.2067221, 41.3574847 ] } },
{ "type": "Feature", "properties": { "osm_id": "6205801043", "highway": "traffic_signals", "Туман": "Олмазор", "Name": "Кичик ҳалқа йўли кўча", "ID_Geoname": "АPU:53596", "id": 167, "mahalla": "Ziyo MFY", "mahalla_id": 1726280051, "geonames": "АPU:56733" }, "geometry": { "type": "Point", "coordinates": [ 69.2162254, 41.3479009 ] } },
{ "type": "Feature", "properties": { "osm_id": "4320565300", "highway": "traffic_signals", "Туман": "Олмазор", "Name": "Талабалар кўча", "ID_Geoname": "АPU:293223", "id": 167, "mahalla": "Ziyo MFY", "mahalla_id": 1726280051, "geonames": "АPU:56733" }, "geometry": { "type": "Point", "coordinates": [ 69.2130923, 41.3507993 ] } },
{ "type": "Feature", "properties": { "osm_id": "6007778203", "highway": "traffic_signals", "Туман": "Олмазор", "Name": "Талабалар кўча", "ID_Geoname": "АPU:293223", "id": 167, "mahalla": "Ziyo MFY", "mahalla_id": 1726280051, "geonames": "АPU:56733" }, "geometry": { "type": "Point", "coordinates": [ 69.2076276, 41.3563559 ] } },
{ "type": "Feature", "properties": { "osm_id": "1207233782", "highway": "traffic_signals", "Туман": "Олмазор", "Name": "Қамарнисо кўча", "ID_Geoname": "АPU:53735", "id": 167, "mahalla": "Ziyo MFY", "mahalla_id": 1726280051, "geonames": "АPU:56733" }, "geometry": { "type": "Point", "coordinates": [ 69.2062475, 41.3575473 ] } },
{ "type": "Feature", "properties": { "osm_id": "1481152770", "highway": "traffic_signals", "Туман": "Олмазор", "Name": "Талабалар кўча", "ID_Geoname": "АPU:293223", "id": 167, "mahalla": "Ziyo MFY", "mahalla_id": 1726280051, "geonames": "АPU:56733" }, "geometry": { "type": "Point", "coordinates": [ 69.2126666, 41.3510625 ] } },
{ "type": "Feature", "properties": { "osm_id": "6016981980", "highway": "traffic_signals", "Туман": "Олмазор", "Name": "Нурафшон шоҳкўча", "ID_Geoname": "АPU:252732", "id": 167, "mahalla": "Chinniobod MFY", "mahalla_id": 1726280060, "geonames": "АPU:906749" }, "geometry": { "type": "Point", "coordinates": [ 69.2314121, 41.3412118 ] } },
{ "type": "Feature", "properties": { "osm_id": "13753491607", "highway": "traffic_signals", "Туман": "Олмазор", "Name": "Қорасарой кўча", "ID_Geoname": "АPU:53952", "id": 167, "mahalla": "Qorasaroy MFY", "mahalla_id": 1726280020, "geonames": "АPU:56738" }, "geometry": { "type": "Point", "coordinates": [ 69.2417217, 41.344404 ] } },
{ "type": "Feature", "properties": { "osm_id": "1864787435", "highway": "traffic_signals", "Туман": "Олмазор", "Name": "Қорасарой кўча", "ID_Geoname": "АPU:53952", "id": 167, "mahalla": "Qorasaroy MFY", "mahalla_id": 1726280020, "geonames": "АPU:56738" }, "geometry": { "type": "Point", "coordinates": [ 69.2415585, 41.3481886 ] } },
{ "type": "Feature", "properties": { "osm_id": "6016935443", "highway": "traffic_signals", "Туман": "Олмазор", "Name": "Нурафшон шоҳкўча", "ID_Geoname": "АPU:252732", "id": 167, "mahalla": "Qorasaroy MFY", "mahalla_id": 1726280020, "geonames": "АPU:56738" }, "geometry": { "type": "Point", "coordinates": [ 69.2424086, 41.3417286 ] } },
{ "type": "Feature", "properties": { "osm_id": "6016965044", "highway": "traffic_signals", "Туман": "Олмазор", "Name": "Қорасарой кўча", "ID_Geoname": "АPU:53952", "id": 167, "mahalla": "Qorasaroy MFY", "mahalla_id": 1726280020, "geonames": "АPU:56738" }, "geometry": { "type": "Point", "coordinates": [ 69.2420485, 41.3413814 ] } },
{ "type": "Feature", "properties": { "osm_id": "13753491608", "highway": "traffic_signals", "Туман": "Олмазор", "Name": "Қорасарой кўча", "ID_Geoname": "АPU:53952", "id": 167, "mahalla": "Guruchariq MFY", "mahalla_id": 1726280026, "geonames": "АPU:56731" }, "geometry": { "type": "Point", "coordinates": [ 69.2415716, 41.3446206 ] } },
{ "type": "Feature", "properties": { "osm_id": "1864793543", "highway": "traffic_signals", "Туман": "Олмазор", "Name": "Кичик ҳалқа йўли кўча", "ID_Geoname": "АPU:53596", "id": 167, "mahalla": "Guruchariq MFY", "mahalla_id": 1726280026, "geonames": "АPU:56731" }, "geometry": { "type": "Point", "coordinates": [ 69.2279729, 41.3492929 ] } },
{ "type": "Feature", "properties": { "osm_id": "6016965043", "highway": "traffic_signals", "Туман": "Олмазор", "Name": "Қорасарой кўча", "ID_Geoname": "АPU:53952", "id": 167, "mahalla": "Guruchariq MFY", "mahalla_id": 1726280026, "geonames": "АPU:56731" }, "geometry": { "type": "Point", "coordinates": [ 69.2418953, 41.3420242 ] } },
{ "type": "Feature", "properties": { "osm_id": "6050711765", "highway": "traffic_signals", "Туман": "Олмазор", "Name": "Кичик ҳалқа йўли кўча", "ID_Geoname": "АPU:53596", "id": 167, "mahalla": "Guruchariq MFY", "mahalla_id": 1726280026, "geonames": "АPU:56731" }, "geometry": { "type": "Point", "coordinates": [ 69.2412298, 41.348351 ] } },
{ "type": "Feature", "properties": { "osm_id": "6205801044", "highway": "traffic_signals", "Туман": "Олмазор", "Name": "Талабалар кўча", "ID_Geoname": "АPU:293223", "id": 167, "mahalla": "Universitet MFY", "mahalla_id": 1726280047, "geonames": "АPU:56751" }, "geometry": { "type": "Point", "coordinates": [ 69.2157457, 41.3478034 ] } },
{ "type": "Feature", "properties": { "osm_id": "5323228250", "highway": "traffic_signals", "Туман": "Олмазор", "Name": "Форобий кўча", "ID_Geoname": "АPU:55545", "id": 167, "mahalla": "Universitet MFY", "mahalla_id": 1726280047, "geonames": "АPU:56751" }, "geometry": { "type": "Point", "coordinates": [ 69.2014437, 41.3469153 ] } },
{ "type": "Feature", "properties": { "osm_id": "5323228250", "highway": "traffic_signals", "Туман": "Олмазор", "Name": "Форобий кўча", "ID_Geoname": "АPU:55545", "id": 167, "mahalla": "Universitet MFY", "mahalla_id": 1726280047, "geonames": "АPU:56751" }, "geometry": { "type": "Point", "coordinates": [ 69.2014437, 41.3469153 ] } },
{ "type": "Feature", "properties": { "osm_id": "4320565302", "highway": "traffic_signals", "Туман": "Олмазор", "Name": "Университет кўча", "ID_Geoname": "АPU:869311", "id": 167, "mahalla": "Universitet MFY", "mahalla_id": 1726280047, "geonames": "АPU:56751" }, "geometry": { "type": "Point", "coordinates": [ 69.2125934, 41.3508877 ] } },
{ "type": "Feature", "properties": { "osm_id": "3480498219", "highway": "traffic_signals", "Туман": "Олмазор", "Name": "Форобий кўча", "ID_Geoname": "АPU:55545", "id": 167, "mahalla": "Universitet MFY", "mahalla_id": 1726280047, "geonames": "АPU:56751" }, "geometry": { "type": "Point", "coordinates": [ 69.2074045, 41.3450297 ] } },
{ "type": "Feature", "properties": { "osm_id": "3480498219", "highway": "traffic_signals", "Туман": "Олмазор", "Name": "Форобий кўча", "ID_Geoname": "АPU:55545", "id": 167, "mahalla": "Universitet MFY", "mahalla_id": 1726280047, "geonames": "АPU:56751" }, "geometry": { "type": "Point", "coordinates": [ 69.2074045, 41.3450297 ] } },
{ "type": "Feature", "properties": { "osm_id": "3480498214", "highway": "traffic_signals", "Туман": "Олмазор", "Name": "Кичик ҳалқа йўли кўча", "ID_Geoname": "АPU:53596", "id": 167, "mahalla": "Universitet MFY", "mahalla_id": 1726280047, "geonames": "АPU:56751" }, "geometry": { "type": "Point", "coordinates": [ 69.210821, 41.3426713 ] } },
{ "type": "Feature", "properties": { "osm_id": "6007726592", "highway": "traffic_signals", "Туман": "Олмазор", "Name": "Университет кўча", "ID_Geoname": "АPU:869311", "id": 167, "mahalla": "Universitet MFY", "mahalla_id": 1726280047, "geonames": "АPU:56751" }, "geometry": { "type": "Point", "coordinates": [ 69.2068729, 41.345711 ] } },
{ "type": "Feature", "properties": { "osm_id": "5912581256", "highway": "traffic_signals", "Туман": "Олмазор", "Name": "Форобий кўча", "ID_Geoname": "АPU:55545", "id": 167, "mahalla": "Universitet MFY", "mahalla_id": 1726280047, "geonames": "АPU:56751" }, "geometry": { "type": "Point", "coordinates": [ 69.1983217, 41.3479658 ] } },
{ "type": "Feature", "properties": { "osm_id": "5912581256", "highway": "traffic_signals", "Туман": "Олмазор", "Name": "Форобий кўча", "ID_Geoname": "АPU:55545", "id": 167, "mahalla": "Universitet MFY", "mahalla_id": 1726280047, "geonames": "АPU:56751" }, "geometry": { "type": "Point", "coordinates": [ 69.1983217, 41.3479658 ] } },
{ "type": "Feature", "properties": { "osm_id": "9366077560", "highway": "traffic_signals", "Туман": "Олмазор", "Name": "Аҳмад Дониш кўча", "ID_Geoname": "АPU:293227", "id": 167, "mahalla": "Chiltoʻgʻon MFY", "mahalla_id": 1726280031, "geonames": "АPU:56717" }, "geometry": { "type": "Point", "coordinates": [ 69.257154, 41.3385294 ] } },
{ "type": "Feature", "properties": { "osm_id": "9366077560", "highway": "traffic_signals", "Туман": "Олмазор", "Name": "Аҳмад Дониш кўча", "ID_Geoname": "АPU:293227", "id": 167, "mahalla": "Chiltoʻgʻon MFY", "mahalla_id": 1726280031, "geonames": "АPU:56717" }, "geometry": { "type": "Point", "coordinates": [ 69.257154, 41.3385294 ] } },
{ "type": "Feature", "properties": { "osm_id": "1864771820", "highway": "traffic_signals", "Туман": "Олмазор", "Name": "Кичик ҳалқа йўли кўча", "ID_Geoname": "АPU:53596", "id": 167, "mahalla": "Chiltoʻgʻon MFY", "mahalla_id": 1726280031, "geonames": "АPU:56717" }, "geometry": { "type": "Point", "coordinates": [ 69.262573, 41.3443337 ] } },
{ "type": "Feature", "properties": { "osm_id": "360769467", "highway": "traffic_signals", "Туман": "Олмазор", "Name": "Аҳмад Дониш кўча", "ID_Geoname": "АPU:293227", "id": 167, "mahalla": "Chiltoʻgʻon MFY", "mahalla_id": 1726280031, "geonames": "АPU:56717" }, "geometry": { "type": "Point", "coordinates": [ 69.2571012, 41.3384076 ] } },
{ "type": "Feature", "properties": { "osm_id": "360769467", "highway": "traffic_signals", "Туман": "Олмазор", "Name": "Аҳмад Дониш кўча", "ID_Geoname": "АPU:293227", "id": 167, "mahalla": "Chiltoʻgʻon MFY", "mahalla_id": 1726280031, "geonames": "АPU:56717" }, "geometry": { "type": "Point", "coordinates": [ 69.2571012, 41.3384076 ] } },
{ "type": "Feature", "properties": { "osm_id": "1864782123", "highway": "traffic_signals", "Туман": "Олмазор", "Name": "Шимолий Олмазор кўча", "ID_Geoname": "АPU:53965", "id": 167, "mahalla": "Xonchorbogʻ MFY", "mahalla_id": 1726280036, "geonames": "АPU:56725" }, "geometry": { "type": "Point", "coordinates": [ 69.2521787, 41.3478293 ] } },
{ "type": "Feature", "properties": { "osm_id": "6019334887", "highway": "traffic_signals", "Туман": "Олмазор", "Name": "Шимолий Олмазор кўча", "ID_Geoname": "АPU:53965", "id": 167, "mahalla": "Xonchorbogʻ MFY", "mahalla_id": 1726280036, "geonames": "АPU:56725" }, "geometry": { "type": "Point", "coordinates": [ 69.2508792, 41.3404487 ] } },
{ "type": "Feature", "properties": { "osm_id": "6019334885", "highway": "traffic_signals", "Туман": "Олмазор", "Name": "Нурафшон шоҳкўча", "ID_Geoname": "АPU:252732", "id": 167, "mahalla": "Xonchorbogʻ MFY", "mahalla_id": 1726280036, "geonames": "АPU:56725" }, "geometry": { "type": "Point", "coordinates": [ 69.251476, 41.339961 ] } },
{ "type": "Feature", "properties": { "osm_id": "6050761657", "highway": "traffic_signals", "Туман": "Олмазор", "Name": "Кичик ҳалқа йўли кўча", "ID_Geoname": "АPU:53596", "id": 167, "mahalla": "Xonchorbogʻ MFY", "mahalla_id": 1726280036, "geonames": "АPU:56725" }, "geometry": { "type": "Point", "coordinates": [ 69.2517667, 41.3480096 ] } },
{ "type": "Feature", "properties": { "osm_id": "6019334886", "highway": "traffic_signals", "Туман": "Олмазор", "Name": "Нурафшон шоҳкўча", "ID_Geoname": "АPU:252732", "id": 167, "mahalla": "Kaykovus MFY", "mahalla_id": 1726280062, "geonames": "АPU:906750" }, "geometry": { "type": "Point", "coordinates": [ 69.2509391, 41.3399897 ] } },
{ "type": "Feature", "properties": { "osm_id": "4731509684", "highway": "traffic_signals", "Туман": "Шайхонтоҳур", "Name": "Кўкча Дарвоза кўча", "ID_Geoname": "АPU:303220", "id": 186, "mahalla": "Oqlon MFY", "mahalla_id": 1726277025, "geonames": "АPU:56897" }, "geometry": { "type": "Point", "coordinates": [ 69.2094543, 41.3221473 ] } },
{ "type": "Feature", "properties": { "osm_id": "13299450376", "highway": "traffic_signals", "Туман": "Шайхонтоҳур", "Name": "Нурафшон шоҳкўча", "ID_Geoname": "АPU:252732", "id": 186, "mahalla": "Oqlon MFY", "mahalla_id": 1726277025, "geonames": "АPU:56897" }, "geometry": { "type": "Point", "coordinates": [ 69.2099523, 41.3168919 ] } },
{ "type": "Feature", "properties": { "osm_id": "13299450377", "highway": "traffic_signals", "Туман": "Шайхонтоҳур", "Name": "Нурафшон шоҳкўча", "ID_Geoname": "АPU:252732", "id": 186, "mahalla": "Oqlon MFY", "mahalla_id": 1726277025, "geonames": "АPU:56897" }, "geometry": { "type": "Point", "coordinates": [ 69.2101686, 41.3165092 ] } },
{ "type": "Feature", "properties": { "osm_id": "1856840244", "highway": "traffic_signals", "Туман": "Шайхонтоҳур", "Name": "Нурафшон шоҳкўча", "ID_Geoname": "АPU:252732", "id": 186, "mahalla": "Oqlon MFY", "mahalla_id": 1726277025, "geonames": "АPU:56897" }, "geometry": { "type": "Point", "coordinates": [ 69.2100585, 41.3218346 ] } },
{ "type": "Feature", "properties": { "osm_id": "7833689942", "highway": "traffic_signals", "Туман": "Шайхонтоҳур", "Name": "Кўкча Дарвоза кўча", "ID_Geoname": "АPU:303220", "id": 186, "mahalla": "Oqlon MFY", "mahalla_id": 1726277025, "geonames": "АPU:56897" }, "geometry": { "type": "Point", "coordinates": [ 69.2140076, 41.3220885 ] } },
{ "type": "Feature", "properties": { "osm_id": "11155512294", "highway": "traffic_signals", "Туман": "Шайхонтоҳур", "Name": "Ислом Каримов шоҳ кўча", "ID_Geoname": "АPU:262765", "id": 186, "mahalla": "Chaqar MFY", "mahalla_id": 1726277013, "geonames": "АPU:56903" }, "geometry": { "type": "Point", "coordinates": [ 69.240673, 41.3122049 ] } },
{ "type": "Feature", "properties": { "osm_id": "11155512294", "highway": "traffic_signals", "Туман": "Шайхонтоҳур", "Name": "Ислом Каримов шоҳ кўча", "ID_Geoname": "АPU:262765", "id": 186, "mahalla": "Chaqar MFY", "mahalla_id": 1726277013, "geonames": "АPU:56903" }, "geometry": { "type": "Point", "coordinates": [ 69.240673, 41.3122049 ] } },
{ "type": "Feature", "properties": { "osm_id": "11155512295", "highway": "traffic_signals", "Туман": "Шайхонтоҳур", "Name": "Ислом Каримов шоҳ кўча", "ID_Geoname": "АPU:262765", "id": 186, "mahalla": "Chaqar MFY", "mahalla_id": 1726277013, "geonames": "АPU:56903" }, "geometry": { "type": "Point", "coordinates": [ 69.2408285, 41.312159 ] } },
{ "type": "Feature", "properties": { "osm_id": "11155512295", "highway": "traffic_signals", "Туман": "Шайхонтоҳур", "Name": "Ислом Каримов шоҳ кўча", "ID_Geoname": "АPU:262765", "id": 186, "mahalla": "Chaqar MFY", "mahalla_id": 1726277013, "geonames": "АPU:56903" }, "geometry": { "type": "Point", "coordinates": [ 69.2408285, 41.312159 ] } },
{ "type": "Feature", "properties": { "osm_id": "9866621007", "highway": "traffic_signals", "Туман": "Шайхонтоҳур", "Name": "Навоий кўча", "ID_Geoname": "АPU:55811", "id": 186, "mahalla": "Chaqar MFY", "mahalla_id": 1726277013, "geonames": "АPU:56903" }, "geometry": { "type": "Point", "coordinates": [ 69.2388871, 41.3221898 ] } },
{ "type": "Feature", "properties": { "osm_id": "9898146720", "highway": "traffic_signals", "Туман": "Шайхонтоҳур", "Name": "Навоий кўча", "ID_Geoname": "АPU:55811", "id": 186, "mahalla": "Chaqar MFY", "mahalla_id": 1726277013, "geonames": "АPU:56903" }, "geometry": { "type": "Point", "coordinates": [ 69.2420715, 41.3219794 ] } },
{ "type": "Feature", "properties": { "osm_id": "5735951888", "highway": "traffic_signals", "Туман": "Шайхонтоҳур", "Name": "Навоий кўча", "ID_Geoname": "АPU:55811", "id": 186, "mahalla": "Chaqar MFY", "mahalla_id": 1726277013, "geonames": "АPU:56903" }, "geometry": { "type": "Point", "coordinates": [ 69.2420268, 41.3218729 ] } },
{ "type": "Feature", "properties": { "osm_id": "9654252576", "highway": "traffic_signals", "Туман": "Шайхонтоҳур", "Name": "Самарқанд Дарвоза кўча", "ID_Geoname": "АPU:55388", "id": 186, "mahalla": "Chaqar MFY", "mahalla_id": 1726277013, "geonames": "АPU:56903" }, "geometry": { "type": "Point", "coordinates": [ 69.2363733, 41.3222475 ] } },
{ "type": "Feature", "properties": { "osm_id": "355220710", "highway": "traffic_signals", "Туман": "Шайхонтоҳур", "Name": "Қоратош кўча", "ID_Geoname": "АPU:55496", "id": 186, "mahalla": "Chaqar MFY", "mahalla_id": 1726277013, "geonames": "АPU:56903" }, "geometry": { "type": "Point", "coordinates": [ 69.2372756, 41.3136711 ] } },
{ "type": "Feature", "properties": { "osm_id": "2489194221", "highway": "traffic_signals", "Туман": "Шайхонтоҳур", "Name": "Самарқанд Дарвоза кўча", "ID_Geoname": "АPU:55388", "id": 186, "mahalla": "Chaqar MFY", "mahalla_id": 1726277013, "geonames": "АPU:56903" }, "geometry": { "type": "Point", "coordinates": [ 69.2364737, 41.3221658 ] } },
{ "type": "Feature", "properties": { "osm_id": "13289881736", "highway": "traffic_signals", "Туман": "Шайхонтоҳур", "Name": "Нурафшон шоҳкўча", "ID_Geoname": "АPU:252732", "id": 186, "mahalla": "Labzak MFY", "mahalla_id": 1726277024, "geonames": "АPU:56892" }, "geometry": { "type": "Point", "coordinates": [ 69.2647674, 41.3345175 ] } },
{ "type": "Feature", "properties": { "osm_id": "13289881737", "highway": "traffic_signals", "Туман": "Шайхонтоҳур", "Name": "Лабзак кўча", "ID_Geoname": "АPU:55495", "id": 186, "mahalla": "Labzak MFY", "mahalla_id": 1726277024, "geonames": "АPU:56892" }, "geometry": { "type": "Point", "coordinates": [ 69.2640427, 41.3343185 ] } },
{ "type": "Feature", "properties": { "osm_id": "3428134685", "highway": "traffic_signals", "Туман": "Шайхонтоҳур", "Name": "Лабзак кўча", "ID_Geoname": "АPU:55495", "id": 186, "mahalla": "Labzak MFY", "mahalla_id": 1726277024, "geonames": "АPU:56892" }, "geometry": { "type": "Point", "coordinates": [ 69.2634861, 41.3297188 ] } },
{ "type": "Feature", "properties": { "osm_id": "3428146895", "highway": "traffic_signals", "Туман": "Шайхонтоҳур", "Name": "Зулфияхоним кўча", "ID_Geoname": "АPU:55486", "id": 186, "mahalla": "Labzak MFY", "mahalla_id": 1726277024, "geonames": "АPU:56892" }, "geometry": { "type": "Point", "coordinates": [ 69.263677, 41.3301219 ] } },
{ "type": "Feature", "properties": { "osm_id": "4731509685", "highway": "traffic_signals", "Туман": "Шайхонтоҳур", "Name": "Кўкча Дарвоза кўча", "ID_Geoname": "АPU:303220", "id": 186, "mahalla": "Yangishahar MFY", "mahalla_id": 1726277037, "geonames": "АPU:56911" }, "geometry": { "type": "Point", "coordinates": [ 69.2106166, 41.3222816 ] } },
{ "type": "Feature", "properties": { "osm_id": "4731509686", "highway": "traffic_signals", "Туман": "Шайхонтоҳур", "Name": "Кўкча Дарвоза кўча", "ID_Geoname": "АPU:303220", "id": 186, "mahalla": "Yangishahar MFY", "mahalla_id": 1726277037, "geonames": "АPU:56911" }, "geometry": { "type": "Point", "coordinates": [ 69.2100346, 41.3225377 ] } },
{ "type": "Feature", "properties": { "osm_id": "13246453183", "highway": "traffic_signals", "Туман": "Шайхонтоҳур", "Name": "Кўкча Дарвоза кўча", "ID_Geoname": "АPU:303220", "id": 186, "mahalla": "Yangishahar MFY", "mahalla_id": 1726277037, "geonames": "АPU:56911" }, "geometry": { "type": "Point", "coordinates": [ 69.2106167, 41.3223332 ] } },
{ "type": "Feature", "properties": { "osm_id": "355223937", "highway": "traffic_signals", "Туман": "Шайхонтоҳур", "Name": "Кўкча Дарвоза кўча", "ID_Geoname": "АPU:303220", "id": 186, "mahalla": "Yangishahar MFY", "mahalla_id": 1726277037, "geonames": "АPU:56911" }, "geometry": { "type": "Point", "coordinates": [ 69.2147473, 41.3222201 ] } },
{ "type": "Feature", "properties": { "osm_id": "1976808718", "highway": "traffic_signals", "Туман": "Шайхонтоҳур", "Name": "Кичик ҳалқа йўли кўча", "ID_Geoname": "АPU:53596", "id": 186, "mahalla": "Tinchlik MFY", "mahalla_id": 1726277030, "geonames": "АPU:56764" }, "geometry": { "type": "Point", "coordinates": [ 69.2070265, 41.3388009 ] } },
{ "type": "Feature", "properties": { "osm_id": "6158878992", "highway": "traffic_signals", "Туман": "Шайхонтоҳур", "Name": "Тинчлик кўча", "ID_Geoname": "АPU:55406", "id": 186, "mahalla": "Tinchlik MFY", "mahalla_id": 1726277030, "geonames": "АPU:56764" }, "geometry": { "type": "Point", "coordinates": [ 69.2103658, 41.3369411 ] } },
{ "type": "Feature", "properties": { "osm_id": "5653613338", "highway": "traffic_signals", "Туман": "Шайхонтоҳур", "Name": "Беруний кўча", "ID_Geoname": "АPU:55460", "id": 186, "mahalla": "Tinchlik MFY", "mahalla_id": 1726277030, "geonames": "АPU:56764" }, "geometry": { "type": "Point", "coordinates": [ 69.2103421, 41.337211 ] } },
{ "type": "Feature", "properties": { "osm_id": "8740752131", "highway": "traffic_signals", "Туман": "Шайхонтоҳур", "Name": "Кўкча Дарвоза кўча", "ID_Geoname": "АPU:303220", "id": 186, "mahalla": "Shofayzi MFY", "mahalla_id": 1726277032, "geonames": "АPU:56908" }, "geometry": { "type": "Point", "coordinates": [ 69.1967803, 41.3192741 ] } },
{ "type": "Feature", "properties": { "osm_id": "3132805035", "highway": "traffic_signals", "Туман": "Шайхонтоҳур", "Name": "Кичик ҳалқа йўли кўча", "ID_Geoname": "АPU:53596", "id": 186, "mahalla": "Shofayzi MFY", "mahalla_id": 1726277032, "geonames": "АPU:56908" }, "geometry": { "type": "Point", "coordinates": [ 69.1932211, 41.3222036 ] } },
{ "type": "Feature", "properties": { "osm_id": "355224567", "highway": "traffic_signals", "Туман": "Шайхонтоҳур", "Name": "Кўкча Дарвоза кўча", "ID_Geoname": "АPU:303220", "id": 186, "mahalla": "Shofayzi MFY", "mahalla_id": 1726277032, "geonames": "АPU:56908" }, "geometry": { "type": "Point", "coordinates": [ 69.1966893, 41.3190013 ] } },
{ "type": "Feature", "properties": { "osm_id": "3132554022", "highway": "traffic_signals", "Туман": "Шайхонтоҳур", "Name": "Самарқанд Дарвоза кўча", "ID_Geoname": "АPU:55388", "id": 186, "mahalla": "Eshonguzar MFY", "mahalla_id": 1726277045, "geonames": "АPU:56909" }, "geometry": { "type": "Point", "coordinates": [ 69.2304546, 41.3170457 ] } },
{ "type": "Feature", "properties": { "osm_id": "5880513281", "highway": "traffic_signals", "Туман": "Шайхонтоҳур", "Name": "Қоратош кўча", "ID_Geoname": "АPU:55496", "id": 186, "mahalla": "Eshonguzar MFY", "mahalla_id": 1726277045, "geonames": "АPU:56909" }, "geometry": { "type": "Point", "coordinates": [ 69.2358266, 41.3142013 ] } },
{ "type": "Feature", "properties": { "osm_id": "3132554094", "highway": "traffic_signals", "Туман": "Шайхонтоҳур", "Name": "Кўкча Дарвоза кўча", "ID_Geoname": "АPU:303220", "id": 186, "mahalla": "Sarxumdon MFY", "mahalla_id": 1726277028, "geonames": "АPU:56899" }, "geometry": { "type": "Point", "coordinates": [ 69.2212886, 41.322145 ] } },
{ "type": "Feature", "properties": { "osm_id": "5992031438", "highway": "traffic_signals", "Туман": "Шайхонтоҳур", "Name": "Лайлитўғон кўча", "ID_Geoname": "АPU:55882", "id": 186, "mahalla": "Sarxumdon MFY", "mahalla_id": 1726277028, "geonames": "АPU:56899" }, "geometry": { "type": "Point", "coordinates": [ 69.2255522, 41.3206365 ] } },
{ "type": "Feature", "properties": { "osm_id": "1188662203", "highway": "traffic_signals", "Туман": "Шайхонтоҳур", "Name": "Зангиота кўча", "ID_Geoname": "АPU:55554", "id": 186, "mahalla": "Yangi Jarariq MFY", "mahalla_id": 1726277002, "geonames": "АPU:223824" }, "geometry": { "type": "Point", "coordinates": [ 69.1753349, 41.3358047 ] } },
{ "type": "Feature", "properties": { "osm_id": "13299450366", "highway": "traffic_signals", "Туман": "Шайхонтоҳур", "Name": "Кўкча-1 тор кўча", "ID_Geoname": "АPU:55731", "id": 186, "mahalla": "Koʻkcha Darvoza MFY", "mahalla_id": 1726277036, "geonames": "АPU:282822" }, "geometry": { "type": "Point", "coordinates": [ 69.2061513, 41.3220398 ] } },
{ "type": "Feature", "properties": { "osm_id": "5917987316", "highway": "traffic_signals", "Туман": "Шайхонтоҳур", "Name": "Кўкча Дарвоза кўча", "ID_Geoname": "АPU:303220", "id": 186, "mahalla": "Koʻkcha Darvoza MFY", "mahalla_id": 1726277036, "geonames": "АPU:282822" }, "geometry": { "type": "Point", "coordinates": [ 69.2058895, 41.3221919 ] } },
{ "type": "Feature", "properties": { "osm_id": "12386629099", "highway": "traffic_signals", "Туман": "Шайхонтоҳур", "Name": "Навоий кўча", "ID_Geoname": "АPU:55811", "id": 186, "mahalla": "Xadra MFY", "mahalla_id": 1726277015, "geonames": "АPU:56902" }, "geometry": { "type": "Point", "coordinates": [ 69.2486947, 41.3216982 ] } },
{ "type": "Feature", "properties": { "osm_id": "2117867235", "highway": "traffic_signals", "Туман": "Шайхонтоҳур", "Name": "Абай кўча", "ID_Geoname": "АPU:56127", "id": 186, "mahalla": "Xadra MFY", "mahalla_id": 1726277015, "geonames": "АPU:56902" }, "geometry": { "type": "Point", "coordinates": [ 69.2546934, 41.3215484 ] } },
{ "type": "Feature", "properties": { "osm_id": "5202617022", "highway": "traffic_signals", "Туман": "Шайхонтоҳур", "Name": "Абдулла Қодирий кўча", "ID_Geoname": "АPU:303217", "id": 186, "mahalla": "Xadra MFY", "mahalla_id": 1726277015, "geonames": "АPU:56902" }, "geometry": { "type": "Point", "coordinates": [ 69.2549684, 41.3248387 ] } },
{ "type": "Feature", "properties": { "osm_id": "7832983923", "highway": "traffic_signals", "Туман": "Шайхонтоҳур", "Name": "Навоий кўча", "ID_Geoname": "АPU:55811", "id": 186, "mahalla": "Xadra MFY", "mahalla_id": 1726277015, "geonames": "АPU:56902" }, "geometry": { "type": "Point", "coordinates": [ 69.2463582, 41.321867 ] } },
{ "type": "Feature", "properties": { "osm_id": "3428155178", "highway": "traffic_signals", "Туман": "Шайхонтоҳур", "Name": "Абдулла Қодирий кўча", "ID_Geoname": "АPU:303217", "id": 186, "mahalla": "Xadra MFY", "mahalla_id": 1726277015, "geonames": "АPU:56902" }, "geometry": { "type": "Point", "coordinates": [ 69.2544967, 41.3247255 ] } },
{ "type": "Feature", "properties": { "osm_id": "9866620982", "highway": "traffic_signals", "Туман": "Шайхонтоҳур", "Name": "Навоий кўча", "ID_Geoname": "АPU:55811", "id": 186, "mahalla": "Xadra MFY", "mahalla_id": 1726277015, "geonames": "АPU:56902" }, "geometry": { "type": "Point", "coordinates": [ 69.2460091, 41.3217939 ] } },
{ "type": "Feature", "properties": { "osm_id": "9898098512", "highway": "traffic_signals", "Туман": "Шайхонтоҳур", "Name": "Навоий кўча", "ID_Geoname": "АPU:55811", "id": 186, "mahalla": "Xadra MFY", "mahalla_id": 1726277015, "geonames": "АPU:56902" }, "geometry": { "type": "Point", "coordinates": [ 69.2432628, 41.32198 ] } },
{ "type": "Feature", "properties": { "osm_id": "357168568", "highway": "traffic_signals", "Туман": "Шайхонтоҳур", "Name": "Навоий кўча", "ID_Geoname": "АPU:55811", "id": 186, "mahalla": "Xadra MFY", "mahalla_id": 1726277015, "geonames": "АPU:56902" }, "geometry": { "type": "Point", "coordinates": [ 69.2434792, 41.3220675 ] } },
{ "type": "Feature", "properties": { "osm_id": "12386629098", "highway": "traffic_signals", "Туман": "Шайхонтоҳур", "Name": "Навоий кўча", "ID_Geoname": "АPU:55811", "id": 186, "mahalla": "Olmazor MFY", "mahalla_id": 1726277022, "geonames": "АPU:56712" }, "geometry": { "type": "Point", "coordinates": [ 69.2484593, 41.3215405 ] } },
{ "type": "Feature", "properties": { "osm_id": "10989971462", "highway": "traffic_signals", "Туман": "Шайхонтоҳур", "Name": "Навоий кўча", "ID_Geoname": "АPU:55811", "id": 186, "mahalla": "Olmazor MFY", "mahalla_id": 1726277022, "geonames": "АPU:56712" }, "geometry": { "type": "Point", "coordinates": [ 69.243233, 41.3216976 ] } },
{ "type": "Feature", "properties": { "osm_id": "7832983924", "highway": "traffic_signals", "Туман": "Шайхонтоҳур", "Name": "Навоий кўча", "ID_Geoname": "АPU:55811", "id": 186, "mahalla": "Olmazor MFY", "mahalla_id": 1726277022, "geonames": "АPU:56712" }, "geometry": { "type": "Point", "coordinates": [ 69.246123, 41.3217048 ] } },
{ "type": "Feature", "properties": { "osm_id": "9866528513", "highway": "traffic_signals", "Туман": "Шайхонтоҳур", "Name": "Навоий кўча", "ID_Geoname": "АPU:55811", "id": 186, "mahalla": "Olmazor MFY", "mahalla_id": 1726277022, "geonames": "АPU:56712" }, "geometry": { "type": "Point", "coordinates": [ 69.2431427, 41.3217132 ] } },
{ "type": "Feature", "properties": { "osm_id": "3428134690", "highway": "traffic_signals", "Туман": "Шайхонтоҳур", "Name": "Зулфияхоним кўча", "ID_Geoname": "АPU:55486", "id": 186, "mahalla": "Shayxontohur MFY", "mahalla_id": 1726277023, "geonames": "АPU:56906" }, "geometry": { "type": "Point", "coordinates": [ 69.2629723, 41.3298848 ] } },
{ "type": "Feature", "properties": { "osm_id": "3428139789", "highway": "traffic_signals", "Туман": "Шайхонтоҳур", "Name": "Лабзак кўча", "ID_Geoname": "АPU:55495", "id": 186, "mahalla": "Shayxontohur MFY", "mahalla_id": 1726277023, "geonames": "АPU:56906" }, "geometry": { "type": "Point", "coordinates": [ 69.264753, 41.3246386 ] } },
{ "type": "Feature", "properties": { "osm_id": "3428134672", "highway": "traffic_signals", "Туман": "Шайхонтоҳур", "Name": "Абай кўча", "ID_Geoname": "АPU:56127", "id": 186, "mahalla": "Shayxontohur MFY", "mahalla_id": 1726277023, "geonames": "АPU:56906" }, "geometry": { "type": "Point", "coordinates": [ 69.2556295, 41.3289343 ] } },
{ "type": "Feature", "properties": { "osm_id": "2798514947", "highway": "traffic_signals", "Туман": "Шайхонтоҳур", "Name": "Абдулла Қодирий кўча", "ID_Geoname": "АPU:303217", "id": 186, "mahalla": "Shayxontohur MFY", "mahalla_id": 1726277023, "geonames": "АPU:56906" }, "geometry": { "type": "Point", "coordinates": [ 69.2555986, 41.3251379 ] } },
{ "type": "Feature", "properties": { "osm_id": "13392741417", "highway": "traffic_signals", "Туман": "Шайхонтоҳур", "Name": "Абай кўча", "ID_Geoname": "АPU:56127", "id": 186, "mahalla": "Shayxontohur MFY", "mahalla_id": 1726277023, "geonames": "АPU:56906" }, "geometry": { "type": "Point", "coordinates": [ 69.2551411, 41.3251117 ] } },
{ "type": "Feature", "properties": { "osm_id": "2117867229", "highway": "traffic_signals", "Туман": "Шайхонтоҳур", "Name": "Навоий кўча", "ID_Geoname": "АPU:55811", "id": 186, "mahalla": "Oʻqchi MFY", "mahalla_id": 1726277021, "geonames": "АPU:56914" }, "geometry": { "type": "Point", "coordinates": [ 69.2542963, 41.3211371 ] } },
{ "type": "Feature", "properties": { "osm_id": "2105290660", "highway": "traffic_signals", "Туман": "Шайхонтоҳур", "Name": "Ботир Зокиров кўча", "ID_Geoname": "АPU:866037", "id": 186, "mahalla": "Oʻqchi MFY", "mahalla_id": 1726277021, "geonames": "АPU:56914" }, "geometry": { "type": "Point", "coordinates": [ 69.2533113, 41.3117009 ] } },
{ "type": "Feature", "properties": { "osm_id": "13667387717", "highway": "traffic_signals", "Туман": "Шайхонтоҳур", "Name": "Ботир Зокиров кўча", "ID_Geoname": "АPU:866037", "id": 186, "mahalla": "Oʻqchi MFY", "mahalla_id": 1726277021, "geonames": "АPU:56914" }, "geometry": { "type": "Point", "coordinates": [ 69.254184, 41.3182014 ] } },
{ "type": "Feature", "properties": { "osm_id": "3428155143", "highway": "traffic_signals", "Туман": "Шайхонтоҳур", "Name": "Ботир Зокиров кўча", "ID_Geoname": "АPU:866037", "id": 186, "mahalla": "Oʻqchi MFY", "mahalla_id": 1726277021, "geonames": "АPU:56914" }, "geometry": { "type": "Point", "coordinates": [ 69.2536982, 41.3145036 ] } },
{ "type": "Feature", "properties": { "osm_id": "1966255913", "highway": "traffic_signals", "Туман": "Шайхонтоҳур", "Name": "Кўкча Дарвоза кўча", "ID_Geoname": "АPU:303220", "id": 186, "mahalla": "Chorsu MFY", "mahalla_id": 1726277050, "geonames": "АPU:56904" }, "geometry": { "type": "Point", "coordinates": [ 69.2257092, 41.3202357 ] } },
{ "type": "Feature", "properties": { "osm_id": "1967855862", "highway": "traffic_signals", "Туман": "Шайхонтоҳур", "Name": "Самарқанд Дарвоза кўча", "ID_Geoname": "АPU:55388", "id": 186, "mahalla": "Chorsu MFY", "mahalla_id": 1726277050, "geonames": "АPU:56904" }, "geometry": { "type": "Point", "coordinates": [ 69.2307934, 41.3175601 ] } },
{ "type": "Feature", "properties": { "osm_id": "10169279370", "highway": "traffic_signals", "Туман": "Шайхонтоҳур", "Name": "Самарқанд Дарвоза кўча", "ID_Geoname": "АPU:55388", "id": 186, "mahalla": "Chorsu MFY", "mahalla_id": 1726277050, "geonames": "АPU:56904" }, "geometry": { "type": "Point", "coordinates": [ 69.2306442, 41.3176768 ] } },
{ "type": "Feature", "properties": { "osm_id": "5992073562", "highway": "traffic_signals", "Туман": "Шайхонтоҳур", "Name": "Кўкча Дарвоза кўча", "ID_Geoname": "АPU:303220", "id": 186, "mahalla": "Chorsu MFY", "mahalla_id": 1726277050, "geonames": "АPU:56904" }, "geometry": { "type": "Point", "coordinates": [ 69.2284868, 41.3186221 ] } },
{ "type": "Feature", "properties": { "osm_id": "9654252572", "highway": "traffic_signals", "Туман": "Шайхонтоҳур", "Name": "Беруний кўча", "ID_Geoname": "АPU:55460", "id": 186, "mahalla": "Chorsu MFY", "mahalla_id": 1726277050, "geonames": "АPU:56904" }, "geometry": { "type": "Point", "coordinates": [ 69.2360989, 41.3224097 ] } },
{ "type": "Feature", "properties": { "osm_id": "9654252572", "highway": "traffic_signals", "Туман": "Шайхонтоҳур", "Name": "Беруний кўча", "ID_Geoname": "АPU:55460", "id": 186, "mahalla": "Chorsu MFY", "mahalla_id": 1726277050, "geonames": "АPU:56904" }, "geometry": { "type": "Point", "coordinates": [ 69.2360989, 41.3224097 ] } },
{ "type": "Feature", "properties": { "osm_id": "9654252554", "highway": "traffic_signals", "Туман": "Шайхонтоҳур", "Name": "Беруний кўча", "ID_Geoname": "АPU:55460", "id": 186, "mahalla": "Chorsu MFY", "mahalla_id": 1726277050, "geonames": "АPU:56904" }, "geometry": { "type": "Point", "coordinates": [ 69.2362368, 41.322516 ] } },
{ "type": "Feature", "properties": { "osm_id": "9654252554", "highway": "traffic_signals", "Туман": "Шайхонтоҳур", "Name": "Беруний кўча", "ID_Geoname": "АPU:55460", "id": 186, "mahalla": "Chorsu MFY", "mahalla_id": 1726277050, "geonames": "АPU:56904" }, "geometry": { "type": "Point", "coordinates": [ 69.2362368, 41.322516 ] } },
{ "type": "Feature", "properties": { "osm_id": "5738566393", "highway": "traffic_signals", "Туман": "Шайхонтоҳур", "Name": "Лайлитўғон кўча", "ID_Geoname": "АPU:55882", "id": 186, "mahalla": "Chorsu MFY", "mahalla_id": 1726277050, "geonames": "АPU:56904" }, "geometry": { "type": "Point", "coordinates": [ 69.2315377, 41.3248698 ] } },
{ "type": "Feature", "properties": { "osm_id": "6299159963", "highway": "traffic_signals", "Туман": "Шайхонтоҳур", "Name": "Ўзгариш кўча", "ID_Geoname": "АPU:55432", "id": 186, "mahalla": "Yangi Kamolon MFY", "mahalla_id": 1726277049, "geonames": "АPU:56910" }, "geometry": { "type": "Point", "coordinates": [ 69.2357271, 41.3139839 ] } },
{ "type": "Feature", "properties": { "osm_id": "3669346379", "highway": "traffic_signals", "Туман": "Шайхонтоҳур", "Name": "Қоратош кўча", "ID_Geoname": "АPU:55496", "id": 186, "mahalla": "Yangi Kamolon MFY", "mahalla_id": 1726277049, "geonames": "АPU:56910" }, "geometry": { "type": "Point", "coordinates": [ 69.2366731, 41.3137762 ] } },
{ "type": "Feature", "properties": { "osm_id": "9958183112", "highway": "traffic_signals", "Туман": "Шайхонтоҳур", "Name": "Қоратош кўча", "ID_Geoname": "АPU:55496", "id": 186, "mahalla": "Yangi Kamolon MFY", "mahalla_id": 1726277049, "geonames": "АPU:56910" }, "geometry": { "type": "Point", "coordinates": [ 69.2400597, 41.311705 ] } },
{ "type": "Feature", "properties": { "osm_id": "5131953412", "highway": "traffic_signals", "Туман": "Шайхонтоҳур", "Name": "Қоратош кўча", "ID_Geoname": "АPU:55496", "id": 186, "mahalla": "Yangi Kamolon MFY", "mahalla_id": 1726277049, "geonames": "АPU:56910" }, "geometry": { "type": "Point", "coordinates": [ 69.2368457, 41.3134369 ] } },
{ "type": "Feature", "properties": { "osm_id": "355220361", "highway": "traffic_signals", "Туман": "Шайхонтоҳур", "Name": "Қоратош кўча", "ID_Geoname": "АPU:55496", "id": 186, "mahalla": "Yangi Kamolon MFY", "mahalla_id": 1726277049, "geonames": "АPU:56910" }, "geometry": { "type": "Point", "coordinates": [ 69.2400624, 41.3117769 ] } },
{ "type": "Feature", "properties": { "osm_id": "12554754115", "highway": "traffic_signals", "Туман": "Шайхонтоҳур", "Name": "Кўкча Дарвоза кўча", "ID_Geoname": "АPU:303220", "id": 186, "mahalla": "Suzukota MFY", "mahalla_id": 1726277043, "geonames": "АPU:56900" }, "geometry": { "type": "Point", "coordinates": [ 69.230403, 41.3174076 ] } },
{ "type": "Feature", "properties": { "osm_id": "5992073563", "highway": "traffic_signals", "Туман": "Шайхонтоҳур", "Name": "Кўкча Дарвоза кўча", "ID_Geoname": "АPU:303220", "id": 186, "mahalla": "Suzukota MFY", "mahalla_id": 1726277043, "geonames": "АPU:56900" }, "geometry": { "type": "Point", "coordinates": [ 69.2279633, 41.3187293 ] } },
{ "type": "Feature", "properties": { "osm_id": "355223723", "highway": "traffic_signals", "Туман": "Шайхонтоҳур", "Name": "Кўкча Дарвоза кўча", "ID_Geoname": "АPU:303220", "id": 186, "mahalla": "Suzukota MFY", "mahalla_id": 1726277043, "geonames": "АPU:56900" }, "geometry": { "type": "Point", "coordinates": [ 69.2303473, 41.3173448 ] } },
{ "type": "Feature", "properties": { "osm_id": "4737680704", "highway": "traffic_signals", "Туман": "Шайхонтоҳур", "Name": "Кичик ҳалқа йўли кўча", "ID_Geoname": "АPU:53596", "id": 186, "mahalla": "Taxtapul MFY", "mahalla_id": 1726277014, "geonames": "АPU:56901" }, "geometry": { "type": "Point", "coordinates": [ 69.2667882, 41.3419399 ] } },
{ "type": "Feature", "properties": { "osm_id": "4737680703", "highway": "traffic_signals", "Туман": "Шайхонтоҳур", "Name": "Туркқўрғон кўча", "ID_Geoname": "АPU:303214", "id": 186, "mahalla": "Taxtapul MFY", "mahalla_id": 1726277014, "geonames": "АPU:56901" }, "geometry": { "type": "Point", "coordinates": [ 69.2667985, 41.3416949 ] } },
{ "type": "Feature", "properties": { "osm_id": "4737680688", "highway": "traffic_signals", "Туман": "Шайхонтоҳур", "Name": "Туркқўрғон кўча", "ID_Geoname": "АPU:303214", "id": 186, "mahalla": "Taxtapul MFY", "mahalla_id": 1726277014, "geonames": "АPU:56901" }, "geometry": { "type": "Point", "coordinates": [ 69.2639245, 41.343383 ] } },
{ "type": "Feature", "properties": { "osm_id": "4737680689", "highway": "traffic_signals", "Туман": "Шайхонтоҳур", "Name": "Кичик ҳалқа йўли кўча", "ID_Geoname": "АPU:53596", "id": 186, "mahalla": "Taxtapul MFY", "mahalla_id": 1726277014, "geonames": "АPU:56901" }, "geometry": { "type": "Point", "coordinates": [ 69.2637427, 41.3436708 ] } },
{ "type": "Feature", "properties": { "osm_id": "1864767320", "highway": "traffic_signals", "Туман": "Шайхонтоҳур", "Name": "Кичик ҳалқа йўли кўча", "ID_Geoname": "АPU:53596", "id": 186, "mahalla": "Taxtapul MFY", "mahalla_id": 1726277014, "geonames": "АPU:56901" }, "geometry": { "type": "Point", "coordinates": [ 69.2696432, 41.3403253 ] } },
{ "type": "Feature", "properties": { "osm_id": "1921360187", "highway": "traffic_signals", "Туман": "Шайхонтоҳур", "Name": "Лабзак кўча", "ID_Geoname": "АPU:55495", "id": 186, "mahalla": "Taxtapul MFY", "mahalla_id": 1726277014, "geonames": "АPU:56901" }, "geometry": { "type": "Point", "coordinates": [ 69.2698108, 41.3399412 ] } },
{ "type": "Feature", "properties": { "osm_id": "6030266908", "highway": "traffic_signals", "Туман": "Шайхонтоҳур", "Name": "Лабзак кўча", "ID_Geoname": "АPU:55495", "id": 186, "mahalla": "Taxtapul MFY", "mahalla_id": 1726277014, "geonames": "АPU:56901" }, "geometry": { "type": "Point", "coordinates": [ 69.2673733, 41.3377206 ] } },
{ "type": "Feature", "properties": { "osm_id": "6030266911", "highway": "traffic_signals", "Туман": "Шайхонтоҳур", "Name": "Туркқўрғон кўча", "ID_Geoname": "АPU:303214", "id": 186, "mahalla": "Taxtapul MFY", "mahalla_id": 1726277014, "geonames": "АPU:56901" }, "geometry": { "type": "Point", "coordinates": [ 69.267498, 41.3380237 ] } },
{ "type": "Feature", "properties": { "osm_id": "6030266909", "highway": "traffic_signals", "Туман": "Шайхонтоҳур", "Name": "Туркқўрғон кўча", "ID_Geoname": "АPU:303214", "id": 186, "mahalla": "Taxtapul MFY", "mahalla_id": 1726277014, "geonames": "АPU:56901" }, "geometry": { "type": "Point", "coordinates": [ 69.2675597, 41.3378109 ] } },
{ "type": "Feature", "properties": { "osm_id": "6030266910", "highway": "traffic_signals", "Туман": "Шайхонтоҳур", "Name": "Туркқўрғон кўча", "ID_Geoname": "АPU:303214", "id": 186, "mahalla": "Taxtapul MFY", "mahalla_id": 1726277014, "geonames": "АPU:56901" }, "geometry": { "type": "Point", "coordinates": [ 69.2673171, 41.3379875 ] } },
{ "type": "Feature", "properties": { "osm_id": "367828009", "highway": "traffic_signals", "Туман": "Шайхонтоҳур", "Name": "Кичик ҳалқа йўли кўча", "ID_Geoname": "АPU:53596", "id": 186, "mahalla": "Taxtapul MFY", "mahalla_id": 1726277014, "geonames": "АPU:56901" }, "geometry": { "type": "Point", "coordinates": [ 69.2737879, 41.3380007 ] } },
{ "type": "Feature", "properties": { "osm_id": "13763588739", "highway": "traffic_signals", "Туман": "Шайхонтоҳур", "Name": "Самарқанд Дарвоза кўча", "ID_Geoname": "АPU:55388", "id": 186, "mahalla": "Olim Xoʻjayev MFY", "mahalla_id": 1726277041, "geonames": "АPU:56896" }, "geometry": { "type": "Point", "coordinates": [ 69.2150795, 41.304845 ] } },
{ "type": "Feature", "properties": { "osm_id": "6045294592", "highway": "traffic_signals", "Туман": "Шайхонтоҳур", "Name": "Нурафшон шоҳкўча", "ID_Geoname": "АPU:252732", "id": 186, "mahalla": "Olim Xoʻjayev MFY", "mahalla_id": 1726277041, "geonames": "АPU:56896" }, "geometry": { "type": "Point", "coordinates": [ 69.208367, 41.3045822 ] } },
{ "type": "Feature", "properties": { "osm_id": "6045294593", "highway": "traffic_signals", "Туман": "Шайхонтоҳур", "Name": "Нурафшон шоҳкўча", "ID_Geoname": "АPU:252732", "id": 186, "mahalla": "Olim Xoʻjayev MFY", "mahalla_id": 1726277041, "geonames": "АPU:56896" }, "geometry": { "type": "Point", "coordinates": [ 69.2101356, 41.3019313 ] } },
{ "type": "Feature", "properties": { "osm_id": "13763588740", "highway": "traffic_signals", "Туман": "Шайхонтоҳур", "Name": "Самарқанд Дарвоза кўча", "ID_Geoname": "АPU:55388", "id": 186, "mahalla": "Charxnovza MFY", "mahalla_id": 1726277040, "geonames": "АPU:282824" }, "geometry": { "type": "Point", "coordinates": [ 69.2150278, 41.3046849 ] } },
{ "type": "Feature", "properties": { "osm_id": "13763588728", "highway": "traffic_signals", "Туман": "Шайхонтоҳур", "Name": "Самарқанд Дарвоза кўча", "ID_Geoname": "АPU:55388", "id": 186, "mahalla": "Charxnovza MFY", "mahalla_id": 1726277040, "geonames": "АPU:282824" }, "geometry": { "type": "Point", "coordinates": [ 69.2176236, 41.3068272 ] } },
{ "type": "Feature", "properties": { "osm_id": "6153733988", "highway": "traffic_signals", "Туман": "Шайхонтоҳур", "Name": "Самарқанд Дарвоза кўча", "ID_Geoname": "АPU:55388", "id": 186, "mahalla": "Samarqand Darvoza MFY", "mahalla_id": 1726277047, "geonames": "АPU:56898" }, "geometry": { "type": "Point", "coordinates": [ 69.2180234, 41.3072967 ] } },
{ "type": "Feature", "properties": { "osm_id": "3147009596", "highway": "traffic_signals", "Туман": "Шайхонтоҳур", "Name": "Самарқанд Дарвоза кўча", "ID_Geoname": "АPU:55388", "id": 186, "mahalla": "Samarqand Darvoza MFY", "mahalla_id": 1726277047, "geonames": "АPU:56898" }, "geometry": { "type": "Point", "coordinates": [ 69.2218856, 41.3098872 ] } },
{ "type": "Feature", "properties": { "osm_id": "9687785657", "highway": "traffic_signals", "Туман": "Шайхонтоҳур", "Name": "Термиз тор кўча", "ID_Geoname": "АPU:866025", "id": 186, "mahalla": "Samarqand Darvoza MFY", "mahalla_id": 1726277047, "geonames": "АPU:56898" }, "geometry": { "type": "Point", "coordinates": [ 69.2216134, 41.3098871 ] } },
{ "type": "Feature", "properties": { "osm_id": "6196611646", "highway": "traffic_signals", "Туман": "Шайхонтоҳур", "Name": "Зангиота кўча", "ID_Geoname": "АPU:55554", "id": 186, "mahalla": "Shodlik MFY", "mahalla_id": 1726277011, "geonames": "АPU:56907" }, "geometry": { "type": "Point", "coordinates": [ 69.1745858, 41.3357505 ] } },
{ "type": "Feature", "properties": { "osm_id": "5753548914", "highway": "traffic_signals", "Туман": "Шайхонтоҳур", "Name": "Жарариқ кўча", "ID_Geoname": "АPU:55555", "id": 186, "mahalla": "Shodlik MFY", "mahalla_id": 1726277011, "geonames": "АPU:56907" }, "geometry": { "type": "Point", "coordinates": [ 69.1748835, 41.335978 ] } },
{ "type": "Feature", "properties": { "osm_id": "6022760047", "highway": "traffic_signals", "Туман": "Шайхонтоҳур", "Name": "Форобий кўча", "ID_Geoname": "АPU:55545", "id": 186, "mahalla": "Oʻzbekiston MFY", "mahalla_id": 1726277010, "geonames": "АPU:56912" }, "geometry": { "type": "Point", "coordinates": [ 69.1941106, 41.348741 ] } },
{ "type": "Feature", "properties": { "osm_id": "6022760047", "highway": "traffic_signals", "Туман": "Шайхонтоҳур", "Name": "Форобий кўча", "ID_Geoname": "АPU:55545", "id": 186, "mahalla": "Oʻzbekiston MFY", "mahalla_id": 1726277010, "geonames": "АPU:56912" }, "geometry": { "type": "Point", "coordinates": [ 69.1941106, 41.348741 ] } },
{ "type": "Feature", "properties": { "osm_id": "5884549906", "highway": "traffic_signals", "Туман": "Шайхонтоҳур", "Name": "Белтепа кўча", "ID_Geoname": "АPU:55546", "id": 186, "mahalla": "Oʻzbekiston MFY", "mahalla_id": 1726277010, "geonames": "АPU:56912" }, "geometry": { "type": "Point", "coordinates": [ 69.1786302, 41.3491681 ] } },
{ "type": "Feature", "properties": { "osm_id": "5641725993", "highway": "traffic_signals", "Туман": "Шайхонтоҳур", "Name": "Форобий кўча", "ID_Geoname": "АPU:55545", "id": 186, "mahalla": "Oʻzbekiston MFY", "mahalla_id": 1726277010, "geonames": "АPU:56912" }, "geometry": { "type": "Point", "coordinates": [ 69.1866704, 41.3500146 ] } },
{ "type": "Feature", "properties": { "osm_id": "5641725993", "highway": "traffic_signals", "Туман": "Шайхонтоҳур", "Name": "Форобий кўча", "ID_Geoname": "АPU:55545", "id": 186, "mahalla": "Oʻzbekiston MFY", "mahalla_id": 1726277010, "geonames": "АPU:56912" }, "geometry": { "type": "Point", "coordinates": [ 69.1866704, 41.3500146 ] } },
{ "type": "Feature", "properties": { "osm_id": "13763588610", "highway": "traffic_signals", "Туман": "Шайхонтоҳур", "Name": "Самарқанд Дарвоза кўча", "ID_Geoname": "АPU:55388", "id": 186, "mahalla": "Qoratosh MFY", "mahalla_id": 1726277018, "geonames": "АPU:56915" }, "geometry": { "type": "Point", "coordinates": [ 69.2339093, 41.3200512 ] } },
{ "type": "Feature", "properties": { "osm_id": "10762018384", "highway": "traffic_signals", "Туман": "Шайхонтоҳур", "Name": "Қоратош кўча", "ID_Geoname": "АPU:55496", "id": 186, "mahalla": "Qoratosh MFY", "mahalla_id": 1726277018, "geonames": "АPU:56915" }, "geometry": { "type": "Point", "coordinates": [ 69.2310468, 41.3172415 ] } },
{ "type": "Feature", "properties": { "osm_id": "10762091916", "highway": "traffic_signals", "Туман": "Шайхонтоҳур", "Name": "Қоратош кўча", "ID_Geoname": "АPU:55496", "id": 186, "mahalla": "Qoratosh MFY", "mahalla_id": 1726277018, "geonames": "АPU:56915" }, "geometry": { "type": "Point", "coordinates": [ 69.2309146, 41.3171241 ] } },
{ "type": "Feature", "properties": { "osm_id": "5992031458", "highway": "traffic_signals", "Туман": "Шайхонтоҳур", "Name": "Қоратош кўча", "ID_Geoname": "АPU:55496", "id": 186, "mahalla": "Qoratosh MFY", "mahalla_id": 1726277018, "geonames": "АPU:56915" }, "geometry": { "type": "Point", "coordinates": [ 69.2309671, 41.3171782 ] } },
{ "type": "Feature", "properties": { "osm_id": "5732715751", "highway": "traffic_signals", "Туман": "Шайхонтоҳур", "Name": "Бешёғоч кўча", "ID_Geoname": "АPU:865944", "id": 186, "mahalla": "Qoratosh MFY", "mahalla_id": 1726277018, "geonames": "АPU:56915" }, "geometry": { "type": "Point", "coordinates": [ 69.2371613, 41.3139701 ] } },
{ "type": "Feature", "properties": { "osm_id": "355223539", "highway": "traffic_signals", "Туман": "Шайхонтоҳур", "Name": "Қоратош кўча", "ID_Geoname": "АPU:55496", "id": 186, "mahalla": "Qoratosh MFY", "mahalla_id": 1726277018, "geonames": "АPU:56915" }, "geometry": { "type": "Point", "coordinates": [ 69.2362446, 41.31416 ] } },
{ "type": "Feature", "properties": { "osm_id": "13763588691", "highway": "traffic_signals", "Туман": "Шайхонтоҳур", "Name": "Камолон кўча", "ID_Geoname": "АPU:55438", "id": 186, "mahalla": "Yangiobod MFY", "mahalla_id": 1726277039, "geonames": "АPU:56958" }, "geometry": { "type": "Point", "coordinates": [ 69.221949, 41.3095754 ] } },
{ "type": "Feature", "properties": { "osm_id": "3132553423", "highway": "traffic_signals", "Туман": "Шайхонтоҳур", "Name": "Самарқанд Дарвоза кўча", "ID_Geoname": "АPU:55388", "id": 186, "mahalla": "Yangiobod MFY", "mahalla_id": 1726277039, "geonames": "АPU:56958" }, "geometry": { "type": "Point", "coordinates": [ 69.2216702, 41.3095271 ] } },
{ "type": "Feature", "properties": { "osm_id": "6190357243", "highway": "traffic_signals", "Туман": "Шайхонтоҳур", "Name": "Кичик ҳалқа йўли кўча", "ID_Geoname": "АPU:53596", "id": 186, "mahalla": "Mannon Uygʻur MFY", "mahalla_id": 1726277026, "geonames": "АPU:56893" }, "geometry": { "type": "Point", "coordinates": [ 69.1937501, 41.3080741 ] } },
{ "type": "Feature", "properties": { "osm_id": "12386629119", "highway": "traffic_signals", "Туман": "Шайхонтоҳур", "Name": "Ботир Зокиров кўча", "ID_Geoname": "АPU:866037", "id": 186, "mahalla": "Oʻrda MFY", "mahalla_id": 1726277019, "geonames": "АPU:56913" }, "geometry": { "type": "Point", "coordinates": [ 69.2538513, 41.3141253 ] } },
{ "type": "Feature", "properties": { "osm_id": "2117867230", "highway": "traffic_signals", "Туман": "Шайхонтоҳур", "Name": "Навоий кўча", "ID_Geoname": "АPU:55811", "id": 186, "mahalla": "Oʻrda MFY", "mahalla_id": 1726277019, "geonames": "АPU:56913" }, "geometry": { "type": "Point", "coordinates": [ 69.255204, 41.3212286 ] } },
{ "type": "Feature", "properties": { "osm_id": "12312292624", "highway": "traffic_signals", "Туман": "Шайхонтоҳур", "Name": "Ботир Зокиров кўча", "ID_Geoname": "АPU:866037", "id": 186, "mahalla": "Oʻrda MFY", "mahalla_id": 1726277019, "geonames": "АPU:56913" }, "geometry": { "type": "Point", "coordinates": [ 69.2534591, 41.3116902 ] } },
{ "type": "Feature", "properties": { "osm_id": "5599945707", "highway": "traffic_signals", "Туман": "Шайхонтоҳур", "Name": "Навоий кўча", "ID_Geoname": "АPU:55811", "id": 186, "mahalla": "Oʻrda MFY", "mahalla_id": 1726277019, "geonames": "АPU:56913" }, "geometry": { "type": "Point", "coordinates": [ 69.2613489, 41.3207895 ] } },
{ "type": "Feature", "properties": { "osm_id": "5599945706", "highway": "traffic_signals", "Туман": "Шайхонтоҳур", "Name": "Навоий кўча", "ID_Geoname": "АPU:55811", "id": 186, "mahalla": "Oʻrda MFY", "mahalla_id": 1726277019, "geonames": "АPU:56913" }, "geometry": { "type": "Point", "coordinates": [ 69.2605505, 41.3207069 ] } },
{ "type": "Feature", "properties": { "osm_id": "4457866957", "highway": "traffic_signals", "Туман": "Шайхонтоҳур", "Name": "Навоий кўча", "ID_Geoname": "АPU:55811", "id": 186, "mahalla": "Oʻrda MFY", "mahalla_id": 1726277019, "geonames": "АPU:56913" }, "geometry": { "type": "Point", "coordinates": [ 69.2648851, 41.3205158 ] } },
{ "type": "Feature", "properties": { "osm_id": "7925517880", "highway": "traffic_signals", "Туман": "Шайхонтоҳур", "Name": "Навоий кўча", "ID_Geoname": "АPU:55811", "id": 186, "mahalla": "Oʻrda MFY", "mahalla_id": 1726277019, "geonames": "АPU:56913" }, "geometry": { "type": "Point", "coordinates": [ 69.2570536, 41.3210957 ] } },
{ "type": "Feature", "properties": { "osm_id": "13630292383", "highway": "traffic_signals", "Туман": "Шайхонтоҳур", "Name": "Анҳорбўйи кўча", "ID_Geoname": "АPU:55812", "id": 186, "mahalla": "Oʻrda MFY", "mahalla_id": 1726277019, "geonames": "АPU:56913" }, "geometry": { "type": "Point", "coordinates": [ 69.2668592, 41.3198981 ] } },
{ "type": "Feature", "properties": { "osm_id": "13667387718", "highway": "traffic_signals", "Туман": "Шайхонтоҳур", "Name": "Ботир Зокиров кўча", "ID_Geoname": "АPU:866037", "id": 186, "mahalla": "Oʻrda MFY", "mahalla_id": 1726277019, "geonames": "АPU:56913" }, "geometry": { "type": "Point", "coordinates": [ 69.254294, 41.317941 ] } },
{ "type": "Feature", "properties": { "osm_id": "3428139779", "highway": "traffic_signals", "Туман": "Шайхонтоҳур", "Name": "Навоий кўча", "ID_Geoname": "АPU:55811", "id": 186, "mahalla": "Oʻrda MFY", "mahalla_id": 1726277019, "geonames": "АPU:56913" }, "geometry": { "type": "Point", "coordinates": [ 69.264425, 41.3203945 ] } },
{ "type": "Feature", "properties": { "osm_id": "3428139785", "highway": "traffic_signals", "Туман": "Шайхонтоҳур", "Name": "Лабзак кўча", "ID_Geoname": "АPU:55495", "id": 186, "mahalla": "Oʻrda MFY", "mahalla_id": 1726277019, "geonames": "АPU:56913" }, "geometry": { "type": "Point", "coordinates": [ 69.265165, 41.3232364 ] } },
{ "type": "Feature", "properties": { "osm_id": "3428139784", "highway": "traffic_signals", "Туман": "Шайхонтоҳур", "Name": "Лабзак кўча", "ID_Geoname": "АPU:55495", "id": 186, "mahalla": "Oʻrda MFY", "mahalla_id": 1726277019, "geonames": "АPU:56913" }, "geometry": { "type": "Point", "coordinates": [ 69.2646634, 41.3207831 ] } },
{ "type": "Feature", "properties": { "osm_id": "3428155138", "highway": "traffic_signals", "Туман": "Шайхонтоҳур", "Name": "Ботир Зокиров кўча", "ID_Geoname": "АPU:866037", "id": 186, "mahalla": "Oʻrda MFY", "mahalla_id": 1726277019, "geonames": "АPU:56913" }, "geometry": { "type": "Point", "coordinates": [ 69.2537805, 41.3141272 ] } },
{ "type": "Feature", "properties": { "osm_id": "9861013780", "highway": "traffic_signals", "Туман": "Шайхонтоҳур", "Name": "Навоий кўча", "ID_Geoname": "АPU:55811", "id": 186, "mahalla": "Oʻrda MFY", "mahalla_id": 1726277019, "geonames": "АPU:56913" }, "geometry": { "type": "Point", "coordinates": [ 69.2644367, 41.320468 ] } },
{ "type": "Feature", "properties": { "osm_id": "2798514944", "highway": "traffic_signals", "Туман": "Шайхонтоҳур", "Name": "Абай кўча", "ID_Geoname": "АPU:56127", "id": 186, "mahalla": "Oʻrda MFY", "mahalla_id": 1726277019, "geonames": "АPU:56913" }, "geometry": { "type": "Point", "coordinates": [ 69.2550433, 41.3242315 ] } },
{ "type": "Feature", "properties": { "osm_id": "9898098514", "highway": "traffic_signals", "Туман": "Шайхонтоҳур", "Name": "Ботир Зокиров кўча", "ID_Geoname": "АPU:866037", "id": 186, "mahalla": "Oʻrda MFY", "mahalla_id": 1726277019, "geonames": "АPU:56913" }, "geometry": { "type": "Point", "coordinates": [ 69.2546594, 41.3209033 ] } },
{ "type": "Feature", "properties": { "osm_id": "9898098513", "highway": "traffic_signals", "Туман": "Шайхонтоҳур", "Name": "Навоий кўча", "ID_Geoname": "АPU:55811", "id": 186, "mahalla": "Oʻrda MFY", "mahalla_id": 1726277019, "geonames": "АPU:56913" }, "geometry": { "type": "Point", "coordinates": [ 69.256817, 41.3209627 ] } },
{ "type": "Feature", "properties": { "osm_id": "9883736026", "highway": "traffic_signals", "Туман": "Шайхонтоҳур", "Name": "Навоий кўча", "ID_Geoname": "АPU:55811", "id": 186, "mahalla": "Oʻrda MFY", "mahalla_id": 1726277019, "geonames": "АPU:56913" }, "geometry": { "type": "Point", "coordinates": [ 69.2571903, 41.3209776 ] } },
{ "type": "Feature", "properties": { "osm_id": "9883727806", "highway": "traffic_signals", "Туман": "Шайхонтоҳур", "Name": "Навоий кўча", "ID_Geoname": "АPU:55811", "id": 186, "mahalla": "Oʻrda MFY", "mahalla_id": 1726277019, "geonames": "АPU:56913" }, "geometry": { "type": "Point", "coordinates": [ 69.2605503, 41.3207499 ] } },
{ "type": "Feature", "properties": { "osm_id": "358861157", "highway": "traffic_signals", "Туман": "Шайхонтоҳур", "Name": "Анҳорбўйи кўча", "ID_Geoname": "АPU:55812", "id": 186, "mahalla": "Oʻrda MFY", "mahalla_id": 1726277019, "geonames": "АPU:56913" }, "geometry": { "type": "Point", "coordinates": [ 69.2671009, 41.320013 ] } },
{ "type": "Feature", "properties": { "osm_id": "4341528322", "highway": "traffic_signals", "Туман": "Юнусобод", "Name": "Шаҳристон кўча", "ID_Geoname": "АPU:55985", "id": 12, "mahalla": "Shahriston MFY", "mahalla_id": 1726266046, "geonames": "АPU:56921" }, "geometry": { "type": "Point", "coordinates": [ 69.2873104, 41.3512391 ] } },
{ "type": "Feature", "properties": { "osm_id": "4341528321", "highway": "traffic_signals", "Туман": "Юнусобод", "Name": "Амир Темур шоҳ кўча", "ID_Geoname": "АPU:55912", "id": 12, "mahalla": "Shahriston MFY", "mahalla_id": 1726266046, "geonames": "АPU:56921" }, "geometry": { "type": "Point", "coordinates": [ 69.2877295, 41.3514784 ] } },
{ "type": "Feature", "properties": { "osm_id": "8245652766", "highway": "traffic_signals", "Туман": "Юнусобод", "Name": "Юнусота кўча", "ID_Geoname": "АPU:56039", "id": 12, "mahalla": "Sevinch MFY", "mahalla_id": 1726266026, "geonames": "АPU:282879" }, "geometry": { "type": "Point", "coordinates": [ 69.3086099, 41.3734843 ] } },
{ "type": "Feature", "properties": { "osm_id": "12350556505", "highway": "traffic_signals", "Туман": "Юнусобод", "Name": "Юнусота кўча", "ID_Geoname": "АPU:56039", "id": 12, "mahalla": "Sevinch MFY", "mahalla_id": 1726266026, "geonames": "АPU:282879" }, "geometry": { "type": "Point", "coordinates": [ 69.3057061, 41.3740143 ] } },
{ "type": "Feature", "properties": { "osm_id": "4648368422", "highway": "traffic_signals", "Туман": "Юнусобод", "Name": "Юнусота кўча", "ID_Geoname": "АPU:56039", "id": 12, "mahalla": "Sevinch MFY", "mahalla_id": 1726266026, "geonames": "АPU:282879" }, "geometry": { "type": "Point", "coordinates": [ 69.311257, 41.3701011 ] } },
{ "type": "Feature", "properties": { "osm_id": "4659411643", "highway": "traffic_signals", "Туман": "Юнусобод", "Name": "Янги Юнусобод кўча", "ID_Geoname": "АPU:56458", "id": 12, "mahalla": "Sevinch MFY", "mahalla_id": 1726266026, "geonames": "АPU:282879" }, "geometry": { "type": "Point", "coordinates": [ 69.3095987, 41.3693639 ] } },
{ "type": "Feature", "properties": { "osm_id": "361155892", "highway": "traffic_signals", "Туман": "Юнусобод", "Name": "Аҳмад Дониш кўча", "ID_Geoname": "АPU:293227", "id": 12, "mahalla": "Yunusota MFY", "mahalla_id": 1726266031, "geonames": "АPU:56957" }, "geometry": { "type": "Point", "coordinates": [ 69.2955029, 41.3754293 ] } },
{ "type": "Feature", "properties": { "osm_id": "12350556504", "highway": "traffic_signals", "Туман": "Юнусобод", "Name": "Юнусота кўча", "ID_Geoname": "АPU:56039", "id": 12, "mahalla": "Yunusota MFY", "mahalla_id": 1726266031, "geonames": "АPU:56957" }, "geometry": { "type": "Point", "coordinates": [ 69.3055599, 41.3740865 ] } },
{ "type": "Feature", "properties": { "osm_id": "12350556508", "highway": "traffic_signals", "Туман": "Юнусобод", "Name": "Юнусота кўча", "ID_Geoname": "АPU:56039", "id": 12, "mahalla": "Yunusota MFY", "mahalla_id": 1726266031, "geonames": "АPU:56957" }, "geometry": { "type": "Point", "coordinates": [ 69.3034366, 41.3744072 ] } },
{ "type": "Feature", "properties": { "osm_id": "4006923432", "highway": "traffic_signals", "Туман": "Юнусобод", "Name": "Боғишамол кўча", "ID_Geoname": "АPU:55973", "id": 12, "mahalla": "Xiyobontepa MFY", "mahalla_id": 1726266061, "geonames": "АPU:56919" }, "geometry": { "type": "Point", "coordinates": [ 69.2860584, 41.3397355 ] } },
{ "type": "Feature", "properties": { "osm_id": "2596535145", "highway": "traffic_signals", "Туман": "Юнусобод", "Name": "Амир Темур шоҳ кўча", "ID_Geoname": "АPU:55912", "id": 12, "mahalla": "Xiyobontepa MFY", "mahalla_id": 1726266061, "geonames": "АPU:56919" }, "geometry": { "type": "Point", "coordinates": [ 69.2861798, 41.3420335 ] } },
{ "type": "Feature", "properties": { "osm_id": "5162627246", "highway": "traffic_signals", "Туман": "Юнусобод", "Name": "Янги Юнусобод кўча", "ID_Geoname": "АPU:56458", "id": 12, "mahalla": "Shoshtepa MFY", "mahalla_id": 1726266029, "geonames": "АPU:282878" }, "geometry": { "type": "Point", "coordinates": [ 69.3186615, 41.3725153 ] } },
{ "type": "Feature", "properties": { "osm_id": "4647852065", "highway": "traffic_signals", "Туман": "Юнусобод", "Name": "Катта ҳалқа йўли кўча", "ID_Geoname": "АPU:53220", "id": 12, "mahalla": "Shoshtepa MFY", "mahalla_id": 1726266029, "geonames": "АPU:282878" }, "geometry": { "type": "Point", "coordinates": [ 69.3224671, 41.3738183 ] } },
{ "type": "Feature", "properties": { "osm_id": "6855750172", "highway": "traffic_signals", "Туман": "Юнусобод", "Name": "Уста Ширин кўча", "ID_Geoname": "АPU:56055", "id": 12, "mahalla": "Usta Shirin MFY", "mahalla_id": 1726266044, "geonames": "АPU:56950" }, "geometry": { "type": "Point", "coordinates": [ 69.2734572, 41.342898 ] } },
{ "type": "Feature", "properties": { "osm_id": "6855750170", "highway": "traffic_signals", "Туман": "Юнусобод", "Name": "Уста Ширин кўча", "ID_Geoname": "АPU:56055", "id": 12, "mahalla": "Usta Shirin MFY", "mahalla_id": 1726266044, "geonames": "АPU:56950" }, "geometry": { "type": "Point", "coordinates": [ 69.2738036, 41.3426108 ] } },
{ "type": "Feature", "properties": { "osm_id": "6855750171", "highway": "traffic_signals", "Туман": "Юнусобод", "Name": "Ифтихор кўча", "ID_Geoname": "АPU:454731", "id": 12, "mahalla": "Usta Shirin MFY", "mahalla_id": 1726266044, "geonames": "АPU:56950" }, "geometry": { "type": "Point", "coordinates": [ 69.2739138, 41.3429518 ] } },
{ "type": "Feature", "properties": { "osm_id": "6855750169", "highway": "traffic_signals", "Туман": "Юнусобод", "Name": "Ифтихор кўча", "ID_Geoname": "АPU:454731", "id": 12, "mahalla": "Usta Shirin MFY", "mahalla_id": 1726266044, "geonames": "АPU:56950" }, "geometry": { "type": "Point", "coordinates": [ 69.2734918, 41.3425933 ] } },
{ "type": "Feature", "properties": { "osm_id": "1217318253", "highway": "traffic_signals", "Туман": "Юнусобод", "Name": "Холис кўча", "ID_Geoname": "АPU:56027", "id": 12, "mahalla": "Hamkorobod MFY", "mahalla_id": 1726266014, "geonames": "АPU:56918" }, "geometry": { "type": "Point", "coordinates": [ 69.2468561, 41.3862846 ] } },
{ "type": "Feature", "properties": { "osm_id": "13334213758", "highway": "traffic_signals", "Туман": "Юнусобод", "Name": "Аҳмад Дониш кўча", "ID_Geoname": "АPU:293227", "id": 12, "mahalla": "Husniobod MFY", "mahalla_id": 1726266045, "geonames": "АPU:56952" }, "geometry": { "type": "Point", "coordinates": [ 69.2795827, 41.3604968 ] } },
{ "type": "Feature", "properties": { "osm_id": "4341524787", "highway": "traffic_signals", "Туман": "Юнусобод", "Name": "Амир Темур шоҳ кўча", "ID_Geoname": "АPU:55912", "id": 12, "mahalla": "Husniobod MFY", "mahalla_id": 1726266045, "geonames": "АPU:56952" }, "geometry": { "type": "Point", "coordinates": [ 69.2891406, 41.3591907 ] } },
{ "type": "Feature", "properties": { "osm_id": "13612707936", "highway": "traffic_signals", "Туман": "Юнусобод", "Name": "Амир Темур шоҳ кўча", "ID_Geoname": "АPU:55912", "id": 12, "mahalla": "Husniobod MFY", "mahalla_id": 1726266045, "geonames": "АPU:56952" }, "geometry": { "type": "Point", "coordinates": [ 69.2891246, 41.3590975 ] } },
{ "type": "Feature", "properties": { "osm_id": "13285981491", "highway": "traffic_signals", "Туман": "Юнусобод", "Name": "Аҳмад Дониш кўча", "ID_Geoname": "АPU:293227", "id": 12, "mahalla": "Husniobod MFY", "mahalla_id": 1726266045, "geonames": "АPU:56952" }, "geometry": { "type": "Point", "coordinates": [ 69.2836731, 41.3623043 ] } },
{ "type": "Feature", "properties": { "osm_id": "12350542299", "highway": "traffic_signals", "Туман": "Юнусобод", "Name": "Юнусота кўча", "ID_Geoname": "АPU:56039", "id": 12, "mahalla": "Uvaysiy MFY", "mahalla_id": 1726266027, "geonames": "АPU:56949" }, "geometry": { "type": "Point", "coordinates": [ 69.3091297, 41.3733576 ] } },
{ "type": "Feature", "properties": { "osm_id": "4648368416", "highway": "traffic_signals", "Туман": "Юнусобод", "Name": "Янги Юнусобод кўча", "ID_Geoname": "АPU:56458", "id": 12, "mahalla": "Uvaysiy MFY", "mahalla_id": 1726266027, "geonames": "АPU:56949" }, "geometry": { "type": "Point", "coordinates": [ 69.3117068, 41.3700638 ] } },
{ "type": "Feature", "properties": { "osm_id": "4526717649", "highway": "traffic_signals", "Туман": "Юнусобод", "Name": "Мойқўрғон кўча", "ID_Geoname": "АPU:454727", "id": 12, "mahalla": "Turkiston MFY", "mahalla_id": 1726266018, "geonames": "АPU:56969" }, "geometry": { "type": "Point", "coordinates": [ 69.2744053, 41.3639407 ] } },
{ "type": "Feature", "properties": { "osm_id": "4376806536", "highway": "traffic_signals", "Туман": "Юнусобод", "Name": "Чингиз Айтматов кўча", "ID_Geoname": "АPU:55936", "id": 12, "mahalla": "Shayx Shibliy MFY", "mahalla_id": 1726266062, "geonames": "АPU:56955" }, "geometry": { "type": "Point", "coordinates": [ 69.292114, 41.3328713 ] } },
{ "type": "Feature", "properties": { "osm_id": "3456794904", "highway": "traffic_signals", "Туман": "Юнусобод", "Name": "Боғишамол кўча", "ID_Geoname": "АPU:55973", "id": 12, "mahalla": "Shayx Shibliy MFY", "mahalla_id": 1726266062, "geonames": "АPU:56955" }, "geometry": { "type": "Point", "coordinates": [ 69.2932128, 41.3401896 ] } },
{ "type": "Feature", "properties": { "osm_id": "2596535138", "highway": "traffic_signals", "Туман": "Юнусобод", "Name": "Амир Темур шоҳ кўча", "ID_Geoname": "АPU:55912", "id": 12, "mahalla": "Shayx Shibliy MFY", "mahalla_id": 1726266062, "geonames": "АPU:56955" }, "geometry": { "type": "Point", "coordinates": [ 69.2856905, 41.3394445 ] } },
{ "type": "Feature", "properties": { "osm_id": "13424093152", "highway": "traffic_signals", "Туман": "Юнусобод", "Name": "Амир Темур шоҳ кўча", "ID_Geoname": "АPU:55912", "id": 12, "mahalla": "Shayx Shibliy MFY", "mahalla_id": 1726266062, "geonames": "АPU:56955" }, "geometry": { "type": "Point", "coordinates": [ 69.2845352, 41.3333777 ] } },
{ "type": "Feature", "properties": { "osm_id": "6855894105", "highway": "traffic_signals", "Туман": "Юнусобод", "Name": "Чингиз Айтматов кўча", "ID_Geoname": "АPU:55936", "id": 12, "mahalla": "Shayx Shibliy MFY", "mahalla_id": 1726266062, "geonames": "АPU:56955" }, "geometry": { "type": "Point", "coordinates": [ 69.2926083, 41.3356546 ] } },
{ "type": "Feature", "properties": { "osm_id": "6855894106", "highway": "traffic_signals", "Туман": "Юнусобод", "Name": "Шивли кўча", "ID_Geoname": "АPU:56407", "id": 12, "mahalla": "Shayx Shibliy MFY", "mahalla_id": 1726266062, "geonames": "АPU:56955" }, "geometry": { "type": "Point", "coordinates": [ 69.292505, 41.3355325 ] } },
{ "type": "Feature", "properties": { "osm_id": "2596535134", "highway": "traffic_signals", "Туман": "Юнусобод", "Name": "Амир Темур шоҳ кўча", "ID_Geoname": "АPU:55912", "id": 12, "mahalla": "Shayx Shibliy MFY", "mahalla_id": 1726266062, "geonames": "АPU:56955" }, "geometry": { "type": "Point", "coordinates": [ 69.2852871, 41.3374058 ] } },
{ "type": "Feature", "properties": { "osm_id": "4545270446", "highway": "traffic_signals", "Туман": "Юнусобод", "Name": "261-Номсиз кўча", "ID_Geoname": null, "id": 12, "mahalla": "Yangibogʻ MFY", "mahalla_id": 1726266032, "geonames": "АPU:283076" }, "geometry": { "type": "Point", "coordinates": [ 69.2946943, 41.3654316 ] } },
{ "type": "Feature", "properties": { "osm_id": "4545270447", "highway": "traffic_signals", "Туман": "Юнусобод", "Name": "Янгишаҳар кўча", "ID_Geoname": "АPU:55913", "id": 12, "mahalla": "Yangibogʻ MFY", "mahalla_id": 1726266032, "geonames": "АPU:283076" }, "geometry": { "type": "Point", "coordinates": [ 69.2925383, 41.3665116 ] } },
{ "type": "Feature", "properties": { "osm_id": "12350556507", "highway": "traffic_signals", "Туман": "Юнусобод", "Name": "Юнусота кўча", "ID_Geoname": "АPU:56039", "id": 12, "mahalla": "Oʻzbekiston mustaqilligi MFY", "mahalla_id": 1726266028, "geonames": "АPU:56948" }, "geometry": { "type": "Point", "coordinates": [ 69.3038434, 41.3744502 ] } },
{ "type": "Feature", "properties": { "osm_id": "8518187532", "highway": "traffic_signals", "Туман": "Юнусобод", "Name": "Юқори Қорақамиш кўча", "ID_Geoname": "АPU:56286", "id": 12, "mahalla": "Sobirobod MFY", "mahalla_id": 1726266009, "geonames": "АPU:56945" }, "geometry": { "type": "Point", "coordinates": [ 69.2715239, 41.3756257 ] } },
{ "type": "Feature", "properties": { "osm_id": "6213315304", "highway": "traffic_signals", "Туман": "Юнусобод", "Name": "Рихсилий кўча", "ID_Geoname": "АPU:55915", "id": 12, "mahalla": "Sobirobod MFY", "mahalla_id": 1726266009, "geonames": "АPU:56945" }, "geometry": { "type": "Point", "coordinates": [ 69.2716685, 41.3753659 ] } },
{ "type": "Feature", "properties": { "osm_id": "9911715377", "highway": "traffic_signals", "Туман": "Юнусобод", "Name": "Юқори Қорақамиш кўча", "ID_Geoname": "АPU:56286", "id": 12, "mahalla": "Sobirobod MFY", "mahalla_id": 1726266009, "geonames": "АPU:56945" }, "geometry": { "type": "Point", "coordinates": [ 69.2798533, 41.3804684 ] } },
{ "type": "Feature", "properties": { "osm_id": "13341109597", "highway": "traffic_signals", "Туман": "Юнусобод", "Name": "Учқаҳрамон кўча", "ID_Geoname": "АPU:56285", "id": 12, "mahalla": "Sobirobod MFY", "mahalla_id": 1726266009, "geonames": "АPU:56945" }, "geometry": { "type": "Point", "coordinates": [ 69.275304, 41.3722442 ] } },
{ "type": "Feature", "properties": { "osm_id": "6855750167", "highway": "traffic_signals", "Туман": "Юнусобод", "Name": "Ифтихор кўча", "ID_Geoname": "АPU:454731", "id": 12, "mahalla": "Yangiariq MFY", "mahalla_id": 1726266048, "geonames": "АPU:56960" }, "geometry": { "type": "Point", "coordinates": [ 69.2767209, 41.3456537 ] } },
{ "type": "Feature", "properties": { "osm_id": "6855750168", "highway": "traffic_signals", "Туман": "Юнусобод", "Name": "Корхожаота кўча", "ID_Geoname": "АPU:56056", "id": 12, "mahalla": "Yangiariq MFY", "mahalla_id": 1726266048, "geonames": "АPU:56960" }, "geometry": { "type": "Point", "coordinates": [ 69.276714, 41.3457937 ] } },
{ "type": "Feature", "properties": { "osm_id": "6855774801", "highway": "traffic_signals", "Туман": "Юнусобод", "Name": "Уста Ширин кўча", "ID_Geoname": "АPU:56055", "id": 12, "mahalla": "Yangiariq MFY", "mahalla_id": 1726266048, "geonames": "АPU:56960" }, "geometry": { "type": "Point", "coordinates": [ 69.2674611, 41.3465702 ] } },
{ "type": "Feature", "properties": { "osm_id": "4737680690", "highway": "traffic_signals", "Туман": "Юнусобод", "Name": "Кичик ҳалқа йўли кўча", "ID_Geoname": "АPU:53596", "id": 12, "mahalla": "Turkqoʻrgʻon MFY", "mahalla_id": 1726266043, "geonames": "АPU:56947" }, "geometry": { "type": "Point", "coordinates": [ 69.2642516, 41.3434703 ] } },
{ "type": "Feature", "properties": { "osm_id": "4737680691", "highway": "traffic_signals", "Туман": "Юнусобод", "Name": "Боғиравон кўча", "ID_Geoname": "АPU:56044", "id": 12, "mahalla": "Turkqoʻrgʻon MFY", "mahalla_id": 1726266043, "geonames": "АPU:56947" }, "geometry": { "type": "Point", "coordinates": [ 69.2641854, 41.3437243 ] } },
{ "type": "Feature", "properties": { "osm_id": "4737680705", "highway": "traffic_signals", "Туман": "Юнусобод", "Name": "Кичик ҳалқа йўли кўча", "ID_Geoname": "АPU:53596", "id": 12, "mahalla": "Turkqoʻrgʻon MFY", "mahalla_id": 1726266043, "geonames": "АPU:56947" }, "geometry": { "type": "Point", "coordinates": [ 69.2672477, 41.3417693 ] } },
{ "type": "Feature", "properties": { "osm_id": "1864771793", "highway": "traffic_signals", "Туман": "Юнусобод", "Name": "Кичик ҳалқа йўли кўча", "ID_Geoname": "АPU:53596", "id": 12, "mahalla": "Turkqoʻrgʻon MFY", "mahalla_id": 1726266043, "geonames": "АPU:56947" }, "geometry": { "type": "Point", "coordinates": [ 69.263323, 41.3439975 ] } },
{ "type": "Feature", "properties": { "osm_id": "1641594641", "highway": "traffic_signals", "Туман": "Юнусобод", "Name": "Туркқўрғон кўча", "ID_Geoname": "АPU:303214", "id": 12, "mahalla": "Turkqoʻrgʻon MFY", "mahalla_id": 1726266043, "geonames": "АPU:56947" }, "geometry": { "type": "Point", "coordinates": [ 69.267316, 41.3420059 ] } },
{ "type": "Feature", "properties": { "osm_id": "1641594641", "highway": "traffic_signals", "Туман": "Юнусобод", "Name": "Туркқўрғон кўча", "ID_Geoname": "АPU:303214", "id": 12, "mahalla": "Turkqoʻrgʻon MFY", "mahalla_id": 1726266043, "geonames": "АPU:56947" }, "geometry": { "type": "Point", "coordinates": [ 69.267316, 41.3420059 ] } },
{ "type": "Feature", "properties": { "osm_id": "6030327537", "highway": "traffic_signals", "Туман": "Юнусобод", "Name": "Ифтихор кўча", "ID_Geoname": "АPU:454731", "id": 12, "mahalla": "Turkqoʻrgʻon MFY", "mahalla_id": 1726266043, "geonames": "АPU:56947" }, "geometry": { "type": "Point", "coordinates": [ 69.270275, 41.3403111 ] } },
{ "type": "Feature", "properties": { "osm_id": "2755481595", "highway": "traffic_signals", "Туман": "Юнусобод", "Name": "Кўргазма кўча", "ID_Geoname": "АPU:56258", "id": 12, "mahalla": "Turkqoʻrgʻon MFY", "mahalla_id": 1726266043, "geonames": "АPU:56947" }, "geometry": { "type": "Point", "coordinates": [ 69.2743575, 41.3380897 ] } },
{ "type": "Feature", "properties": { "osm_id": "2410180029", "highway": "traffic_signals", "Туман": "Юнусобод", "Name": "Кичик ҳалқа йўли кўча", "ID_Geoname": "АPU:53596", "id": 12, "mahalla": "Turkqoʻrgʻon MFY", "mahalla_id": 1726266043, "geonames": "АPU:56947" }, "geometry": { "type": "Point", "coordinates": [ 69.2703717, 41.3400596 ] } },
{ "type": "Feature", "properties": { "osm_id": "4341524892", "highway": "traffic_signals", "Туман": "Юнусобод", "Name": "Амир Темур шоҳ кўча", "ID_Geoname": "АPU:55912", "id": 12, "mahalla": "Yunusobod MFY", "mahalla_id": 1726266063, "geonames": "АPU:56956" }, "geometry": { "type": "Point", "coordinates": [ 69.2888716, 41.3566223 ] } },
{ "type": "Feature", "properties": { "osm_id": "4341524788", "highway": "traffic_signals", "Туман": "Юнусобод", "Name": "Амир Темур шоҳ кўча", "ID_Geoname": "АPU:55912", "id": 12, "mahalla": "Yunusobod MFY", "mahalla_id": 1726266063, "geonames": "АPU:56956" }, "geometry": { "type": "Point", "coordinates": [ 69.2892695, 41.3587716 ] } },
{ "type": "Feature", "properties": { "osm_id": "9911715378", "highway": "traffic_signals", "Туман": "Юнусобод", "Name": "Юқори Қорақамиш кўча", "ID_Geoname": "АPU:56286", "id": 12, "mahalla": "Uchqahramon MFY", "mahalla_id": 1726266012, "geonames": "АPU:56951" }, "geometry": { "type": "Point", "coordinates": [ 69.2802428, 41.3808186 ] } },
{ "type": "Feature", "properties": { "osm_id": "13342651250", "highway": "traffic_signals", "Туман": "Юнусобод", "Name": "Учқаҳрамон кўча", "ID_Geoname": "АPU:56285", "id": 12, "mahalla": "Uchqahramon MFY", "mahalla_id": 1726266012, "geonames": "АPU:56951" }, "geometry": { "type": "Point", "coordinates": [ 69.2802051, 41.3805229 ] } },
{ "type": "Feature", "properties": { "osm_id": "13341120431", "highway": "traffic_signals", "Туман": "Юнусобод", "Name": "Юқори Қорақамиш кўча", "ID_Geoname": "АPU:56286", "id": 12, "mahalla": "Tiklanish MFY", "mahalla_id": 1726266011, "geonames": "АPU:282883" }, "geometry": { "type": "Point", "coordinates": [ 69.264664, 41.371691 ] } },
{ "type": "Feature", "properties": { "osm_id": "9410100774", "highway": "traffic_signals", "Туман": "Юнусобод", "Name": "Рихсилий кўча", "ID_Geoname": "АPU:55915", "id": 12, "mahalla": "Tiklanish MFY", "mahalla_id": 1726266011, "geonames": "АPU:282883" }, "geometry": { "type": "Point", "coordinates": [ 69.2712505, 41.375595 ] } },
{ "type": "Feature", "properties": { "osm_id": "11932066059", "highway": "traffic_signals", "Туман": "Юнусобод", "Name": "Катта ҳалқа йўли кўча", "ID_Geoname": "АPU:53220", "id": 12, "mahalla": "Sharq haqiqati MFY", "mahalla_id": 1726266015, "geonames": "АPU:56953" }, "geometry": { "type": "Point", "coordinates": [ 69.2606489, 41.3971046 ] } },
{ "type": "Feature", "properties": { "osm_id": "11932073423", "highway": "traffic_signals", "Туман": "Юнусобод", "Name": "Катта ҳалқа йўли кўча", "ID_Geoname": "АPU:53220", "id": 12, "mahalla": "Sharq haqiqati MFY", "mahalla_id": 1726266015, "geonames": "АPU:56953" }, "geometry": { "type": "Point", "coordinates": [ 69.2615615, 41.3969922 ] } },
{ "type": "Feature", "properties": { "osm_id": "4006923449", "highway": "traffic_signals", "Туман": "Юнусобод", "Name": "Боғишамол кўча", "ID_Geoname": "АPU:55973", "id": 12, "mahalla": "Yangitarnov MFY", "mahalla_id": 1726266064, "geonames": "АPU:223827" }, "geometry": { "type": "Point", "coordinates": [ 69.298861, 41.3411161 ] } },
{ "type": "Feature", "properties": { "osm_id": "3456794899", "highway": "traffic_signals", "Туман": "Юнусобод", "Name": "Чингиз Айтматов кўча", "ID_Geoname": "АPU:55936", "id": 12, "mahalla": "Yangitarnov MFY", "mahalla_id": 1726266064, "geonames": "АPU:223827" }, "geometry": { "type": "Point", "coordinates": [ 69.2935019, 41.3400226 ] } },
{ "type": "Feature", "properties": { "osm_id": "4006923447", "highway": "traffic_signals", "Туман": "Юнусобод", "Name": "Янгитарнов кўча", "ID_Geoname": "АPU:56307", "id": 12, "mahalla": "Yangitarnov MFY", "mahalla_id": 1726266064, "geonames": "АPU:223827" }, "geometry": { "type": "Point", "coordinates": [ 69.2994184, 41.3410388 ] } },
{ "type": "Feature", "properties": { "osm_id": "13787603476", "highway": "traffic_signals", "Туман": "Юнусобод", "Name": "Кичик ҳалқа йўли кўча", "ID_Geoname": "АPU:53596", "id": 12, "mahalla": "Firdavsiy MFY", "mahalla_id": 1726266060, "geonames": "АPU:282867" }, "geometry": { "type": "Point", "coordinates": [ 69.2924606, 41.3325989 ] } },
{ "type": "Feature", "properties": { "osm_id": "4433678894", "highway": "traffic_signals", "Туман": "Юнусобод", "Name": "Кичик ҳалқа йўли кўча", "ID_Geoname": "АPU:53596", "id": 12, "mahalla": "Firdavsiy MFY", "mahalla_id": 1726266060, "geonames": "АPU:282867" }, "geometry": { "type": "Point", "coordinates": [ 69.2986576, 41.332934 ] } },
{ "type": "Feature", "properties": { "osm_id": "4433678891", "highway": "traffic_signals", "Туман": "Юнусобод", "Name": "Қозитарнов кўча", "ID_Geoname": "АPU:56290", "id": 12, "mahalla": "Firdavsiy MFY", "mahalla_id": 1726266060, "geonames": "АPU:282867" }, "geometry": { "type": "Point", "coordinates": [ 69.2985, 41.3325859 ] } },
{ "type": "Feature", "properties": { "osm_id": "4433678893", "highway": "traffic_signals", "Туман": "Юнусобод", "Name": "Кичик ҳалқа йўли кўча", "ID_Geoname": "АPU:53596", "id": 12, "mahalla": "Firdavsiy MFY", "mahalla_id": 1726266060, "geonames": "АPU:282867" }, "geometry": { "type": "Point", "coordinates": [ 69.2981819, 41.3327462 ] } },
{ "type": "Feature", "properties": { "osm_id": "6050852699", "highway": "traffic_signals", "Туман": "Юнусобод", "Name": "Қозитарнов кўча", "ID_Geoname": "АPU:56290", "id": 12, "mahalla": "Firdavsiy MFY", "mahalla_id": 1726266060, "geonames": "АPU:282867" }, "geometry": { "type": "Point", "coordinates": [ 69.2983751, 41.3330634 ] } },
{ "type": "Feature", "properties": { "osm_id": "6855894107", "highway": "traffic_signals", "Туман": "Юнусобод", "Name": "Шивли кўча", "ID_Geoname": "АPU:56407", "id": 12, "mahalla": "Firdavsiy MFY", "mahalla_id": 1726266060, "geonames": "АPU:282867" }, "geometry": { "type": "Point", "coordinates": [ 69.2928226, 41.3354985 ] } },
{ "type": "Feature", "properties": { "osm_id": "6855894104", "highway": "traffic_signals", "Туман": "Юнусобод", "Name": "Чингиз Айтматов кўча", "ID_Geoname": "АPU:55936", "id": 12, "mahalla": "Firdavsiy MFY", "mahalla_id": 1726266060, "geonames": "АPU:282867" }, "geometry": { "type": "Point", "coordinates": [ 69.2926551, 41.3354132 ] } },
{ "type": "Feature", "properties": { "osm_id": "13623705910", "highway": "traffic_signals", "Туман": "Бектемир", "Name": "Барҳаёт кўча", "ID_Geoname": "АPU:53223", "id": 169, "mahalla": "Iykota MFY", "mahalla_id": 1726264006, "geonames": "АPU:883038" }, "geometry": { "type": "Point", "coordinates": [ 69.374202, 41.2480488 ] } },
{ "type": "Feature", "properties": { "osm_id": "13623705907", "highway": "traffic_signals", "Туман": "Бектемир", "Name": "Роҳат кўча", "ID_Geoname": "АPU:53218", "id": 169, "mahalla": "Iykota MFY", "mahalla_id": 1726264006, "geonames": "АPU:883038" }, "geometry": { "type": "Point", "coordinates": [ 69.3741946, 41.2477916 ] } },
{ "type": "Feature", "properties": { "osm_id": "13623705909", "highway": "traffic_signals", "Туман": "Бектемир", "Name": "Барҳаёт кўча", "ID_Geoname": "АPU:53223", "id": 169, "mahalla": "Iykota MFY", "mahalla_id": 1726264006, "geonames": "АPU:883038" }, "geometry": { "type": "Point", "coordinates": [ 69.3745838, 41.2477566 ] } },
{ "type": "Feature", "properties": { "osm_id": "4670473650", "highway": "traffic_signals", "Туман": "Бектемир", "Name": "Олтинтопган кўча", "ID_Geoname": "АPU:53196", "id": 169, "mahalla": "Bektemir MFY", "mahalla_id": 1726264011, "geonames": "АPU:56645" }, "geometry": { "type": "Point", "coordinates": [ 69.3340737, 41.2326242 ] } },
{ "type": "Feature", "properties": { "osm_id": "4556529245", "highway": "traffic_signals", "Туман": "Бектемир", "Name": "Бектемир шоҳ кўча", "ID_Geoname": "АPU:57069", "id": 169, "mahalla": "Bektemir MFY", "mahalla_id": 1726264011, "geonames": "АPU:56645" }, "geometry": { "type": "Point", "coordinates": [ 69.3348937, 41.2328009 ] } },
{ "type": "Feature", "properties": { "osm_id": "4556529252", "highway": "traffic_signals", "Туман": "Бектемир", "Name": "Бектемир шоҳ кўча", "ID_Geoname": "АPU:57069", "id": 169, "mahalla": "Bektemir MFY", "mahalla_id": 1726264011, "geonames": "АPU:56645" }, "geometry": { "type": "Point", "coordinates": [ 69.3340996, 41.2335177 ] } },
{ "type": "Feature", "properties": { "osm_id": "13376423220", "highway": "traffic_signals", "Туман": "Бектемир", "Name": "Ҳусайн Бойқаро кўча", "ID_Geoname": "АPU:53183", "id": 169, "mahalla": "Bektemir MFY", "mahalla_id": 1726264011, "geonames": "АPU:56645" }, "geometry": { "type": "Point", "coordinates": [ 69.3388796, 41.2352037 ] } },
{ "type": "Feature", "properties": { "osm_id": "5620475068", "highway": "traffic_signals", "Туман": "Бектемир", "Name": "Ҳусайн Бойқаро кўча", "ID_Geoname": "АPU:53183", "id": 169, "mahalla": "Bektemir MFY", "mahalla_id": 1726264011, "geonames": "АPU:56645" }, "geometry": { "type": "Point", "coordinates": [ 69.3346693, 41.2335621 ] } },
{ "type": "Feature", "properties": { "osm_id": "13840946140", "highway": "traffic_signals", "Туман": "Ташобл", "Name": "Бунёдкор шоҳ кўча", "ID_Geoname": "АPU:55497", "id": null, "mahalla": null, "mahalla_id": null, "geonames": null }, "geometry": { "type": "Point", "coordinates": [ 69.125802, 41.2283456 ] } },
{ "type": "Feature", "properties": { "osm_id": "13840946141", "highway": "traffic_signals", "Туман": "Ташобл", "Name": "Бунёдкор шоҳ кўча", "ID_Geoname": "АPU:55497", "id": null, "mahalla": null, "mahalla_id": null, "geonames": null }, "geometry": { "type": "Point", "coordinates": [ 69.1255448, 41.2282813 ] } },
{ "type": "Feature", "properties": { "osm_id": "5398850073", "highway": "traffic_signals", "Туман": "Ташобл", "Name": "Катта ҳалқа йўли кўча", "ID_Geoname": "АPU:53220", "id": null, "mahalla": null, "mahalla_id": null, "geonames": null }, "geometry": { "type": "Point", "coordinates": [ 69.1487227, 41.260878 ] } },
{ "type": "Feature", "properties": { "osm_id": "13840946152", "highway": "traffic_signals", "Туман": "Ташобл", "Name": "Бунёдкор шоҳ кўча", "ID_Geoname": "АPU:55497", "id": null, "mahalla": null, "mahalla_id": null, "geonames": null }, "geometry": { "type": "Point", "coordinates": [ 69.1259862, 41.2279678 ] } },
{ "type": "Feature", "properties": { "osm_id": "6412304897", "highway": "traffic_signals", "Туман": "Ташобл", "Name": "Оҳангарон шоҳкўча", "ID_Geoname": "АPU:54782", "id": null, "mahalla": null, "mahalla_id": null, "geonames": null }, "geometry": { "type": "Point", "coordinates": [ 69.4064502, 41.2515047 ] } },
{ "type": "Feature", "properties": { "osm_id": "6412304897", "highway": "traffic_signals", "Туман": "Ташобл", "Name": "Катта ҳалқа йўли кўча", "ID_Geoname": "АPU:53220", "id": null, "mahalla": null, "mahalla_id": null, "geonames": null }, "geometry": { "type": "Point", "coordinates": [ 69.4064502, 41.2515047 ] } },
{ "type": "Feature", "properties": { "osm_id": "6412304899", "highway": "traffic_signals", "Туман": "Ташобл", "Name": "Оҳангарон шоҳкўча", "ID_Geoname": "АPU:54782", "id": null, "mahalla": null, "mahalla_id": null, "geonames": null }, "geometry": { "type": "Point", "coordinates": [ 69.40608, 41.2511648 ] } },
{ "type": "Feature", "properties": { "osm_id": "6412304899", "highway": "traffic_signals", "Туман": "Ташобл", "Name": "Катта ҳалқа йўли кўча", "ID_Geoname": "АPU:53220", "id": null, "mahalla": null, "mahalla_id": null, "geonames": null }, "geometry": { "type": "Point", "coordinates": [ 69.40608, 41.2511648 ] } },
{ "type": "Feature", "properties": { "osm_id": "6503209879", "highway": "traffic_signals", "Туман": "Ташобл", "Name": "Наврўз кўча", "ID_Geoname": "АPU:870923", "id": null, "mahalla": null, "mahalla_id": null, "geonames": null }, "geometry": { "type": "Point", "coordinates": [ 69.158878, 41.1998114 ] } },
{ "type": "Feature", "properties": { "osm_id": "9205691650", "highway": "traffic_signals", "Туман": "Ташобл", "Name": "Янги Ўзбекистон шоҳ кўча", "ID_Geoname": "АPU:904794", "id": null, "mahalla": null, "mahalla_id": null, "geonames": null }, "geometry": { "type": "Point", "coordinates": [ 69.446946, 41.2804598 ] } },
{ "type": "Feature", "properties": { "osm_id": "6503209878", "highway": "traffic_signals", "Туман": "Ташобл", "Name": "Наврўз кўча", "ID_Geoname": "АPU:870923", "id": null, "mahalla": null, "mahalla_id": null, "geonames": null }, "geometry": { "type": "Point", "coordinates": [ 69.1589863, 41.2000628 ] } },
{ "type": "Feature", "properties": { "osm_id": "13840873580", "highway": "traffic_signals", "Туман": "Ташобл", "Name": "Катта ҳалқа йўли кўча", "ID_Geoname": "АPU:53220", "id": null, "mahalla": null, "mahalla_id": null, "geonames": null }, "geometry": { "type": "Point", "coordinates": [ 69.1544172, 41.2519064 ] } },
{ "type": "Feature", "properties": { "osm_id": "13840873581", "highway": "traffic_signals", "Туман": "Ташобл", "Name": "Катта ҳалқа йўли кўча", "ID_Geoname": "АPU:53220", "id": null, "mahalla": null, "mahalla_id": null, "geonames": null }, "geometry": { "type": "Point", "coordinates": [ 69.1538664, 41.2520809 ] } },
{ "type": "Feature", "properties": { "osm_id": "9205691651", "highway": "traffic_signals", "Туман": "Ташобл", "Name": "Янги Ўзбекистон шоҳ кўча", "ID_Geoname": "АPU:904794", "id": null, "mahalla": null, "mahalla_id": null, "geonames": null }, "geometry": { "type": "Point", "coordinates": [ 69.4468385, 41.2805003 ] } },
{ "type": "Feature", "properties": { "osm_id": "6503227291", "highway": "traffic_signals", "Туман": "Ташобл", "Name": "Наврўз кўча", "ID_Geoname": "АPU:870923", "id": null, "mahalla": null, "mahalla_id": null, "geonames": null }, "geometry": { "type": "Point", "coordinates": [ 69.1586841, 41.2000224 ] } },
{ "type": "Feature", "properties": { "osm_id": "12770893232", "highway": "traffic_signals", "Туман": "Ташобл", "Name": "Келес йўли кўча", "ID_Geoname": "АPU:53700", "id": null, "mahalla": null, "mahalla_id": null, "geonames": null }, "geometry": { "type": "Point", "coordinates": [ 69.2057691, 41.3950542 ] } },
{ "type": "Feature", "properties": { "osm_id": "573250671", "highway": "traffic_signals", "Туман": "Ташобл", "Name": "Катта ҳалқа йўли кўча", "ID_Geoname": "АPU:53220", "id": null, "mahalla": null, "mahalla_id": null, "geonames": null }, "geometry": { "type": "Point", "coordinates": [ 69.350216, 41.4240177 ] } },
{ "type": "Feature", "properties": { "osm_id": "12770893233", "highway": "traffic_signals", "Туман": "Ташобл", "Name": "Келес йўли кўча", "ID_Geoname": "АPU:53700", "id": null, "mahalla": null, "mahalla_id": null, "geonames": null }, "geometry": { "type": "Point", "coordinates": [ 69.2058905, 41.3950753 ] } },
{ "type": "Feature", "properties": { "osm_id": "12770893236", "highway": "traffic_signals", "Туман": "Ташобл", "Name": "Келес йўли кўча", "ID_Geoname": "АPU:53700", "id": null, "mahalla": null, "mahalla_id": null, "geonames": null }, "geometry": { "type": "Point", "coordinates": [ 69.2064081, 41.394547 ] } },
{ "type": "Feature", "properties": { "osm_id": "13339363527", "highway": "traffic_signals", "Туман": "Ташобл", "Name": "Катта ҳалқа йўли кўча", "ID_Geoname": "АPU:53220", "id": null, "mahalla": null, "mahalla_id": null, "geonames": null }, "geometry": { "type": "Point", "coordinates": [ 69.3379738, 41.3599586 ] } },
{ "type": "Feature", "properties": { "osm_id": "573233450", "highway": "traffic_signals", "Туман": "Ташобл", "Name": "Катта ҳалқа йўли кўча", "ID_Geoname": "АPU:53220", "id": null, "mahalla": null, "mahalla_id": null, "geonames": null }, "geometry": { "type": "Point", "coordinates": [ 69.1565771, 41.254986 ] } },
{ "type": "Feature", "properties": { "osm_id": "4647852064", "highway": "traffic_signals", "Туман": "Ташобл", "Name": "Янги Юнусобод кўча", "ID_Geoname": "АPU:56458", "id": null, "mahalla": null, "mahalla_id": null, "geonames": null }, "geometry": { "type": "Point", "coordinates": [ 69.3229294, 41.3737148 ] } },
{ "type": "Feature", "properties": { "osm_id": "12770881398", "highway": "traffic_signals", "Туман": "Ташобл", "Name": "Келес йўли кўча", "ID_Geoname": "АPU:53700", "id": null, "mahalla": null, "mahalla_id": null, "geonames": null }, "geometry": { "type": "Point", "coordinates": [ 69.204738, 41.3980121 ] } },
{ "type": "Feature", "properties": { "osm_id": "12770893209", "highway": "traffic_signals", "Туман": "Ташобл", "Name": "Келес йўли кўча", "ID_Geoname": "АPU:53700", "id": null, "mahalla": null, "mahalla_id": null, "geonames": null }, "geometry": { "type": "Point", "coordinates": [ 69.2056355, 41.3960755 ] } },
{ "type": "Feature", "properties": { "osm_id": "13378815094", "highway": "traffic_signals", "Туман": "Ташобл", "Name": "Юзработ кўча", "ID_Geoname": "АPU:53465", "id": null, "mahalla": null, "mahalla_id": null, "geonames": null }, "geometry": { "type": "Point", "coordinates": [ 69.3951337, 41.3658343 ] } },
{ "type": "Feature", "properties": { "osm_id": "12770881397", "highway": "traffic_signals", "Туман": "Ташобл", "Name": "Келес йўли кўча", "ID_Geoname": "АPU:53700", "id": null, "mahalla": null, "mahalla_id": null, "geonames": null }, "geometry": { "type": "Point", "coordinates": [ 69.2048457, 41.3980768 ] } },
{ "type": "Feature", "properties": { "osm_id": "12770893208", "highway": "traffic_signals", "Туман": "Ташобл", "Name": "Келес йўли кўча", "ID_Geoname": "АPU:53700", "id": null, "mahalla": null, "mahalla_id": null, "geonames": null }, "geometry": { "type": "Point", "coordinates": [ 69.2053621, 41.3961556 ] } },
{ "type": "Feature", "properties": { "osm_id": "12770893237", "highway": "traffic_signals", "Туман": "Ташобл", "Name": "Келес йўли кўча", "ID_Geoname": "АPU:53700", "id": null, "mahalla": null, "mahalla_id": null, "geonames": null }, "geometry": { "type": "Point", "coordinates": [ 69.2063015, 41.3945212 ] } },
{ "type": "Feature", "properties": { "osm_id": "12770893210", "highway": "traffic_signals", "Туман": "Ташобл", "Name": "Келес йўли кўча", "ID_Geoname": "АPU:53700", "id": null, "mahalla": null, "mahalla_id": null, "geonames": null }, "geometry": { "type": "Point", "coordinates": [ 69.2055209, 41.3960476 ] } },
{ "type": "Feature", "properties": { "osm_id": "12770893207", "highway": "traffic_signals", "Туман": "Ташобл", "Name": "Келес йўли кўча", "ID_Geoname": "АPU:53700", "id": null, "mahalla": null, "mahalla_id": null, "geonames": null }, "geometry": { "type": "Point", "coordinates": [ 69.2052443, 41.3961274 ] } },
{ "type": "Feature", "properties": { "osm_id": "245419224", "highway": "traffic_signals", "Туман": "Ташобл", "Name": "Катта ҳалқа йўли кўча", "ID_Geoname": "АPU:53220", "id": null, "mahalla": null, "mahalla_id": null, "geonames": null }, "geometry": { "type": "Point", "coordinates": [ 69.3119773, 41.4158734 ] } },
{ "type": "Feature", "properties": { "osm_id": "12770893256", "highway": "traffic_signals", "Туман": "Ташобл", "Name": "Келес йўли кўча", "ID_Geoname": "АPU:53700", "id": null, "mahalla": null, "mahalla_id": null, "geonames": null }, "geometry": { "type": "Point", "coordinates": [ 69.2075604, 41.3922548 ] } },
{ "type": "Feature", "properties": { "osm_id": "9814853882", "highway": "traffic_signals", "Туман": "Ташобл", "Name": "Келес йўли кўча", "ID_Geoname": "АPU:53700", "id": null, "mahalla": null, "mahalla_id": null, "geonames": null }, "geometry": { "type": "Point", "coordinates": [ 69.2043389, 41.3985044 ] } },
{ "type": "Feature", "properties": { "osm_id": "1140628434", "highway": "traffic_signals", "Туман": "Ташобл", "Name": "Юзработ кўча", "ID_Geoname": "АPU:53465", "id": null, "mahalla": null, "mahalla_id": null, "geonames": null }, "geometry": { "type": "Point", "coordinates": [ 69.394895, 41.3661409 ] } },
{ "type": "Feature", "properties": { "osm_id": "13378815095", "highway": "traffic_signals", "Туман": "Ташобл", "Name": "Юзработ кўча", "ID_Geoname": "АPU:53465", "id": null, "mahalla": null, "mahalla_id": null, "geonames": null }, "geometry": { "type": "Point", "coordinates": [ 69.3948171, 41.3657564 ] } },
{ "type": "Feature", "properties": { "osm_id": "13378815093", "highway": "traffic_signals", "Туман": "Ташобл", "Name": "Юзработ кўча", "ID_Geoname": "АPU:53465", "id": null, "mahalla": null, "mahalla_id": null, "geonames": null }, "geometry": { "type": "Point", "coordinates": [ 69.395083, 41.3666284 ] } },
{ "type": "Feature", "properties": { "osm_id": "12770893257", "highway": "traffic_signals", "Туман": "Ташобл", "Name": "Келес йўли кўча", "ID_Geoname": "АPU:53700", "id": null, "mahalla": null, "mahalla_id": null, "geonames": null }, "geometry": { "type": "Point", "coordinates": [ 69.2077488, 41.3921488 ] } },
{ "type": "Feature", "properties": { "osm_id": "12770893255", "highway": "traffic_signals", "Туман": "Ташобл", "Name": "Келес йўли кўча", "ID_Geoname": "АPU:53700", "id": null, "mahalla": null, "mahalla_id": null, "geonames": null }, "geometry": { "type": "Point", "coordinates": [ 69.2079047, 41.3921154 ] } },
{ "type": "Feature", "properties": { "osm_id": "7495227363", "highway": "traffic_signals", "Туман": "Ташобл", "Name": "Хуросон кўча", "ID_Geoname": "АPU:444491", "id": null, "mahalla": null, "mahalla_id": null, "geonames": null }, "geometry": { "type": "Point", "coordinates": [ 69.4575891, 41.3868916 ] } },
{ "type": "Feature", "properties": { "osm_id": "7495227364", "highway": "traffic_signals", "Туман": "Ташобл", "Name": "Хуросон кўча", "ID_Geoname": "АPU:444491", "id": null, "mahalla": null, "mahalla_id": null, "geonames": null }, "geometry": { "type": "Point", "coordinates": [ 69.4587136, 41.3874619 ] } },
{ "type": "Feature", "properties": { "osm_id": "7495227365", "highway": "traffic_signals", "Туман": "Ташобл", "Name": "Хуросон кўча", "ID_Geoname": "АPU:444491", "id": null, "mahalla": null, "mahalla_id": null, "geonames": null }, "geometry": { "type": "Point", "coordinates": [ 69.4591562, 41.3877728 ] } },
{ "type": "Feature", "properties": { "osm_id": "7495227366", "highway": "traffic_signals", "Туман": "Ташобл", "Name": "Хуросон кўча", "ID_Geoname": "АPU:444491", "id": null, "mahalla": null, "mahalla_id": null, "geonames": null }, "geometry": { "type": "Point", "coordinates": [ 69.4587137, 41.3877483 ] } },
{ "type": "Feature", "properties": { "osm_id": "9814853730", "highway": "traffic_signals", "Туман": "Ташобл", "Name": "Келес йўли кўча", "ID_Geoname": "АPU:53700", "id": null, "mahalla": null, "mahalla_id": null, "geonames": null }, "geometry": { "type": "Point", "coordinates": [ 69.2035605, 41.4015346 ] } },
{ "type": "Feature", "properties": { "osm_id": "9814853726", "highway": "traffic_signals", "Туман": "Ташобл", "Name": "Келес йўли кўча", "ID_Geoname": "АPU:53700", "id": null, "mahalla": null, "mahalla_id": null, "geonames": null }, "geometry": { "type": "Point", "coordinates": [ 69.203682, 41.4015596 ] } },
{ "type": "Feature", "properties": { "osm_id": "9814853731", "highway": "traffic_signals", "Туман": "Ташобл", "Name": "Келес йўли кўча", "ID_Geoname": "АPU:53700", "id": null, "mahalla": null, "mahalla_id": null, "geonames": null }, "geometry": { "type": "Point", "coordinates": [ 69.2034136, 41.4016708 ] } },
{ "type": "Feature", "properties": { "osm_id": "9814853727", "highway": "traffic_signals", "Туман": "Ташобл", "Name": "Келес йўли кўча", "ID_Geoname": "АPU:53700", "id": null, "mahalla": null, "mahalla_id": null, "geonames": null }, "geometry": { "type": "Point", "coordinates": [ 69.2032959, 41.4016441 ] } },
{ "type": "Feature", "properties": { "osm_id": "4231227928", "highway": "traffic_signals", "Туман": "Ташобл", "Name": "Келес йўли кўча", "ID_Geoname": "АPU:53700", "id": null, "mahalla": null, "mahalla_id": null, "geonames": null }, "geometry": { "type": "Point", "coordinates": [ 69.2042051, 41.3982499 ] } },
{ "type": "Feature", "properties": { "osm_id": "3458661608", "highway": "traffic_signals", "Туман": "Ташобл", "Name": "Катта ҳалқа йўли кўча", "ID_Geoname": "АPU:53220", "id": null, "mahalla": null, "mahalla_id": null, "geonames": null }, "geometry": { "type": "Point", "coordinates": [ 69.3324879, 41.201554 ] } },
{ "type": "Feature", "properties": { "osm_id": "13198654469", "highway": "traffic_signals", "Туман": "Ташобл", "Name": "Катта ҳалқа йўли кўча", "ID_Geoname": "АPU:53220", "id": null, "mahalla": null, "mahalla_id": null, "geonames": null }, "geometry": { "type": "Point", "coordinates": [ 69.202848, 41.4279596 ] } },
{ "type": "Feature", "properties": { "osm_id": "4269714223", "highway": "traffic_signals", "Туман": "Ташобл", "Name": "Катта ҳалқа йўли кўча", "ID_Geoname": "АPU:53220", "id": null, "mahalla": null, "mahalla_id": null, "geonames": null }, "geometry": { "type": "Point", "coordinates": [ 69.1539523, 41.2518002 ] } },
{ "type": "Feature", "properties": { "osm_id": "13612707838", "highway": "traffic_signals", "Туман": "Ташобл", "Name": "Юзработ кўча", "ID_Geoname": "АPU:53465", "id": null, "mahalla": null, "mahalla_id": null, "geonames": null }, "geometry": { "type": "Point", "coordinates": [ 69.4160237, 41.3671329 ] } },
{ "type": "Feature", "properties": { "osm_id": "7495227362", "highway": "traffic_signals", "Туман": "Ташобл", "Name": "Хуросон кўча", "ID_Geoname": "АPU:444491", "id": null, "mahalla": null, "mahalla_id": null, "geonames": null }, "geometry": { "type": "Point", "coordinates": [ 69.4579753, 41.3871751 ] } },
{ "type": "Feature", "properties": { "osm_id": "13612707839", "highway": "traffic_signals", "Туман": "Ташобл", "Name": "Юзработ кўча", "ID_Geoname": "АPU:53465", "id": null, "mahalla": null, "mahalla_id": null, "geonames": null }, "geometry": { "type": "Point", "coordinates": [ 69.4161598, 41.3671754 ] } },
{ "type": "Feature", "properties": { "osm_id": "13612707840", "highway": "traffic_signals", "Туман": "Ташобл", "Name": "Юзработ кўча", "ID_Geoname": "АPU:53465", "id": null, "mahalla": null, "mahalla_id": null, "geonames": null }, "geometry": { "type": "Point", "coordinates": [ 69.4167819, 41.367052 ] } },
{ "type": "Feature", "properties": { "osm_id": "13198654587", "highway": "traffic_signals", "Туман": "Ташобл", "Name": "Келес йўли кўча", "ID_Geoname": "АPU:53700", "id": null, "mahalla": null, "mahalla_id": null, "geonames": null }, "geometry": { "type": "Point", "coordinates": [ 69.2001624, 41.4168665 ] } },
{ "type": "Feature", "properties": { "osm_id": "13198654574", "highway": "traffic_signals", "Туман": "Ташобл", "Name": "Келес йўли кўча", "ID_Geoname": "АPU:53700", "id": null, "mahalla": null, "mahalla_id": null, "geonames": null }, "geometry": { "type": "Point", "coordinates": [ 69.2007095, 41.4139937 ] } },
{ "type": "Feature", "properties": { "osm_id": "13198654516", "highway": "traffic_signals", "Туман": "Ташобл", "Name": "Келес йўли кўча", "ID_Geoname": "АPU:53700", "id": null, "mahalla": null, "mahalla_id": null, "geonames": null }, "geometry": { "type": "Point", "coordinates": [ 69.2011512, 41.4223401 ] } },
{ "type": "Feature", "properties": { "osm_id": "13198654517", "highway": "traffic_signals", "Туман": "Ташобл", "Name": "Келес йўли кўча", "ID_Geoname": "АPU:53700", "id": null, "mahalla": null, "mahalla_id": null, "geonames": null }, "geometry": { "type": "Point", "coordinates": [ 69.2013331, 41.4222527 ] } },
{ "type": "Feature", "properties": { "osm_id": "13196165460", "highway": "traffic_signals", "Туман": "Ташобл", "Name": "Келес йўли кўча", "ID_Geoname": "АPU:53700", "id": null, "mahalla": null, "mahalla_id": null, "geonames": null }, "geometry": { "type": "Point", "coordinates": [ 69.2044585, 41.3985394 ] } },
{ "type": "Feature", "properties": { "osm_id": "13198585359", "highway": "traffic_signals", "Туман": "Ташобл", "Name": "Келес йўли кўча", "ID_Geoname": "АPU:53700", "id": null, "mahalla": null, "mahalla_id": null, "geonames": null }, "geometry": { "type": "Point", "coordinates": [ 69.200915, 41.4219619 ] } },
{ "type": "Feature", "properties": { "osm_id": "13198654575", "highway": "traffic_signals", "Туман": "Ташобл", "Name": "Келес йўли кўча", "ID_Geoname": "АPU:53700", "id": null, "mahalla": null, "mahalla_id": null, "geonames": null }, "geometry": { "type": "Point", "coordinates": [ 69.2007622, 41.4136876 ] } },
{ "type": "Feature", "properties": { "osm_id": "13198654573", "highway": "traffic_signals", "Туман": "Ташобл", "Name": "Келес йўли кўча", "ID_Geoname": "АPU:53700", "id": null, "mahalla": null, "mahalla_id": null, "geonames": null }, "geometry": { "type": "Point", "coordinates": [ 69.2009623, 41.4139213 ] } },
{ "type": "Feature", "properties": { "osm_id": "13756327708", "highway": "traffic_signals", "Туман": "Ташобл", "Name": "Катта ҳалқа йўли кўча", "ID_Geoname": "АPU:53220", "id": null, "mahalla": null, "mahalla_id": null, "geonames": null }, "geometry": { "type": "Point", "coordinates": [ 69.2624406, 41.4072766 ] } },
{ "type": "Feature", "properties": { "osm_id": "13756327731", "highway": "traffic_signals", "Туман": "Ташобл", "Name": "Катта ҳалқа йўли кўча", "ID_Geoname": "АPU:53220", "id": null, "mahalla": null, "mahalla_id": null, "geonames": null }, "geometry": { "type": "Point", "coordinates": [ 69.260982, 41.3974966 ] } },
{ "type": "Feature", "properties": { "osm_id": "13756327709", "highway": "traffic_signals", "Туман": "Ташобл", "Name": "Катта ҳалқа йўли кўча", "ID_Geoname": "АPU:53220", "id": null, "mahalla": null, "mahalla_id": null, "geonames": null }, "geometry": { "type": "Point", "coordinates": [ 69.2627433, 41.407397 ] } },
{ "type": "Feature", "properties": { "osm_id": "13756327710", "highway": "traffic_signals", "Туман": "Ташобл", "Name": "Катта ҳалқа йўли кўча", "ID_Geoname": "АPU:53220", "id": null, "mahalla": null, "mahalla_id": null, "geonames": null }, "geometry": { "type": "Point", "coordinates": [ 69.262642, 41.4070713 ] } },
{ "type": "Feature", "properties": { "osm_id": "13198654518", "highway": "traffic_signals", "Туман": "Ташобл", "Name": "Келес йўли кўча", "ID_Geoname": "АPU:53700", "id": null, "mahalla": null, "mahalla_id": null, "geonames": null }, "geometry": { "type": "Point", "coordinates": [ 69.2010487, 41.4218783 ] } },
{ "type": "Feature", "properties": { "osm_id": "11037306656", "highway": "traffic_signals", "Туман": "Ташобл", "Name": "209-Номсиз кўча", "ID_Geoname": null, "id": null, "mahalla": null, "mahalla_id": null, "geonames": null }, "geometry": { "type": "Point", "coordinates": [ 69.1166523, 41.3369496 ] } },
{ "type": "Feature", "properties": { "osm_id": "4443386115", "highway": "traffic_signals", "Туман": "Ташобл", "Name": "Катта ҳалқа йўли кўча", "ID_Geoname": "АPU:53220", "id": null, "mahalla": null, "mahalla_id": null, "geonames": null }, "geometry": { "type": "Point", "coordinates": [ 69.1542051, 41.2521553 ] } },
{ "type": "Feature", "properties": { "osm_id": "13198654533", "highway": "traffic_signals", "Туман": "Ташобл", "Name": "Келес йўли кўча", "ID_Geoname": "АPU:53700", "id": null, "mahalla": null, "mahalla_id": null, "geonames": null }, "geometry": { "type": "Point", "coordinates": [ 69.2002208, 41.4165389 ] } }
]
}
