{
"type": "FeatureCollection",
"name": "Туманлар",
"crs": { "type": "name", "properties": { "name": "urn:ogc:def:crs:OGC:1.3:CRS84" } },
"features": [
{ "type": "Feature", "properties": { "id": 10, "reg_name": "Toshkent shahri", "reg_kiril": "Тошкент шаҳри", "dist_name": "Yakkasaroy tumani", "dist_kir": "Яккасарой тумани", "cad_id": "10:05", "shp_len": 25361.8259773723, "shp_area": 25258675.038742997 }, "geometry": { "type": "MultiPolygon", "coordinates": [ [ [ [ 69.267330783244304, 41.304928109053186 ], [ 69.26709635709112, 41.304226373707714 ], [ 69.266529101531916, 41.301866927426587 ], [ 69.267160434818649, 41.30107909958577 ], [ 69.267277519436163, 41.300903179311874 ], [ 69.267347901540361, 41.30077766350076 ], [ 69.267422229943591, 41.300608165786393 ], [ 69.26750576787515, 41.300359603479926 ], [ 69.267971803963064, 41.298630754836594 ], [ 69.26825212684075, 41.297671550892588 ], [ 69.268466914025154, 41.296936591596108 ], [ 69.268661778373229, 41.29615528728749 ], [ 69.26867374752608, 41.296107295638919 ], [ 69.268728388451535, 41.295884753041108 ], [ 69.268754536612846, 41.295778253449392 ], [ 69.268804279025062, 41.295622343003181 ], [ 69.26880717788849, 41.295613255240454 ], [ 69.269791045127008, 41.294379577499583 ], [ 69.269996082895645, 41.294087533869181 ], [ 69.270094639760444, 41.293983240403158 ], [ 69.270178186675125, 41.293896997239926 ], [ 69.270445765153852, 41.293638677428426 ], [ 69.27148045457956, 41.29265300488202 ], [ 69.27114987904659, 41.292450858295659 ], [ 69.270022495161641, 41.291761457854378 ], [ 69.269977970164575, 41.291701327905884 ], [ 69.269971326224734, 41.291647964360983 ], [ 69.26998879576206, 41.29158288010791 ], [ 69.270017903872215, 41.291474437031688 ], [ 69.269767923389892, 41.291213794529106 ], [ 69.269587364712734, 41.290975079940793 ], [ 69.269534329974988, 41.290925038659324 ], [ 69.269475808327513, 41.290884104661394 ], [ 69.269263582239944, 41.290741636653166 ], [ 69.269137198262626, 41.29064666185797 ], [ 69.269133084876913, 41.290623608968431 ], [ 69.269124124181971, 41.290485417004547 ], [ 69.26913614274217, 41.290035891177631 ], [ 69.269152182161548, 41.2896163833231 ], [ 69.269147067154336, 41.289494371891344 ], [ 69.268594258301533, 41.289225246385286 ], [ 69.267991516593682, 41.288854675320962 ], [ 69.267648988077525, 41.288662228037737 ], [ 69.267561845206743, 41.288599916365015 ], [ 69.267055035486379, 41.288149080881979 ], [ 69.266463198427758, 41.287595590329076 ], [ 69.266402690605162, 41.287539002321246 ], [ 69.266269894453345, 41.287491460634776 ], [ 69.265839547533304, 41.287396927959833 ], [ 69.265748513160744, 41.287376929659096 ], [ 69.266040566239383, 41.286607362014145 ], [ 69.266099767013245, 41.286471931792768 ], [ 69.266378410939637, 41.285584779737448 ], [ 69.266397216271827, 41.285529822188323 ], [ 69.266082884075786, 41.285451273233051 ], [ 69.265731226879737, 41.285364864210393 ], [ 69.265471240961773, 41.285308886514748 ], [ 69.265325974397186, 41.285266108876414 ], [ 69.265212732772468, 41.285214356077859 ], [ 69.265236588433154, 41.285187479950714 ], [ 69.265305356264761, 41.28511554583902 ], [ 69.265342895962192, 41.285076803382225 ], [ 69.265623747947572, 41.284786936253646 ], [ 69.265917253602026, 41.284388494177549 ], [ 69.265930369903472, 41.284370171738672 ], [ 69.266031353117825, 41.284229138807056 ], [ 69.26695027216131, 41.282945736395206 ], [ 69.267760878636025, 41.281831657219989 ], [ 69.267796173443557, 41.281783147388651 ], [ 69.268270102129563, 41.2811568630569 ], [ 69.269002795923058, 41.280227780628671 ], [ 69.269135995418452, 41.280125180379045 ], [ 69.26942193815654, 41.279952606669411 ], [ 69.269691605218313, 41.279789855609899 ], [ 69.269900075449669, 41.279664037240508 ], [ 69.270088150330807, 41.279547726507303 ], [ 69.271776055105292, 41.278503862642808 ], [ 69.271892482156005, 41.278433173465139 ], [ 69.272005620474431, 41.278365449907184 ], [ 69.272040927858356, 41.278343412073617 ], [ 69.272475982848775, 41.27807186962773 ], [ 69.272651136362882, 41.277963402070242 ], [ 69.27300151884954, 41.277746423207972 ], [ 69.272974273845321, 41.277716175918393 ], [ 69.272898153303061, 41.277631655044374 ], [ 69.272853896003966, 41.277582511544111 ], [ 69.272667208121646, 41.277373118258843 ], [ 69.272501016200806, 41.277187607604048 ], [ 69.272240927874904, 41.276899750344107 ], [ 69.272004735633885, 41.276636624611875 ], [ 69.271744074182848, 41.276346632228211 ], [ 69.271523251218014, 41.276100135832493 ], [ 69.271237525872223, 41.275775583570621 ], [ 69.270984262945845, 41.275491982151529 ], [ 69.270693451338929, 41.275168723113403 ], [ 69.270458395466747, 41.27490345293625 ], [ 69.270256949162601, 41.274682979535562 ], [ 69.270009378860195, 41.274404062194989 ], [ 69.269730531914504, 41.27409530315466 ], [ 69.269492082207194, 41.273829186037169 ], [ 69.269296306967433, 41.273608268813526 ], [ 69.268994696712468, 41.273272637127839 ], [ 69.268786394466076, 41.273035506971965 ], [ 69.268321745376937, 41.272516060601617 ], [ 69.268056007546235, 41.272223505911242 ], [ 69.267850004088658, 41.271992352527889 ], [ 69.267698637963264, 41.271824323445976 ], [ 69.2674994769732, 41.271603838295384 ], [ 69.267346389675737, 41.271429828929463 ], [ 69.267130180458196, 41.271195277980993 ], [ 69.26690662481829, 41.270965018261052 ], [ 69.266669403107954, 41.270716415252679 ], [ 69.266510689661885, 41.270550964762514 ], [ 69.26638614633255, 41.270429881161675 ], [ 69.266276930956948, 41.270317307969563 ], [ 69.266151801926071, 41.27019152400468 ], [ 69.265976620564203, 41.270015428612361 ], [ 69.265846248067021, 41.269887920322269 ], [ 69.265838425537524, 41.26988027184251 ], [ 69.265826535436403, 41.26986899965074 ], [ 69.265640542850107, 41.269692686653926 ], [ 69.265458031235525, 41.269523870461455 ], [ 69.265318758230492, 41.269401538557581 ], [ 69.26526279408661, 41.269352218713472 ], [ 69.265088529904659, 41.26919864272174 ], [ 69.264870288697949, 41.269018367910448 ], [ 69.264644670526138, 41.26883426627456 ], [ 69.264519684327382, 41.268742241932166 ], [ 69.264344718561176, 41.268617425190371 ], [ 69.2641317316006, 41.268474746519985 ], [ 69.263879044494317, 41.268319337322453 ], [ 69.263718357449548, 41.268223119932841 ], [ 69.263518542485969, 41.268115881757218 ], [ 69.263206962727978, 41.267964024626139 ], [ 69.262912442875574, 41.267827940604526 ], [ 69.262649754825247, 41.267719988762344 ], [ 69.262348839866306, 41.267605112492589 ], [ 69.262601794670545, 41.267322321615815 ], [ 69.262600889168738, 41.267322063010347 ], [ 69.262402645358549, 41.267265526969702 ], [ 69.261456696906507, 41.267123977675894 ], [ 69.261447873653779, 41.267138888383876 ], [ 69.261267148788278, 41.26710505012646 ], [ 69.260569886346246, 41.26696367333944 ], [ 69.260573767068266, 41.266946538436684 ], [ 69.260386084750891, 41.266900056690126 ], [ 69.260133087725848, 41.266806811532973 ], [ 69.259690368309421, 41.266649963529204 ], [ 69.25964525850911, 41.266721544598937 ], [ 69.25923172176303, 41.266548088052964 ], [ 69.258720059343489, 41.266333473004984 ], [ 69.258338513401299, 41.266172013448625 ], [ 69.258160453837263, 41.2660622175352 ], [ 69.257994179271421, 41.265937503706013 ], [ 69.257770411629096, 41.265747394672218 ], [ 69.257261064168048, 41.265204999953454 ], [ 69.257138976832721, 41.265275261854946 ], [ 69.256853453607874, 41.265441193648371 ], [ 69.255759072928157, 41.265184521514676 ], [ 69.254858448973764, 41.265013777351932 ], [ 69.254829150420775, 41.265092766172877 ], [ 69.254523142912518, 41.265032787210885 ], [ 69.253567065955636, 41.264845379862102 ], [ 69.252504521569577, 41.264649658449102 ], [ 69.252529616007038, 41.26450366851337 ], [ 69.25239340446052, 41.26449503220298 ], [ 69.25190378400309, 41.264449941055773 ], [ 69.250483894288607, 41.264217756064546 ], [ 69.249456911509711, 41.26402639957459 ], [ 69.248499938034158, 41.263859958426835 ], [ 69.248408255976258, 41.263844012493138 ], [ 69.247845470433916, 41.263758857157434 ], [ 69.247634239679684, 41.263742931456449 ], [ 69.247194076868567, 41.263727495305879 ], [ 69.246521805557705, 41.263758055639279 ], [ 69.246300210940063, 41.263768128972458 ], [ 69.245570352229578, 41.263863504142918 ], [ 69.245512645354069, 41.263737049378669 ], [ 69.245193839547937, 41.263792812616096 ], [ 69.245098590280023, 41.263854002757803 ], [ 69.244611408748625, 41.263919153155896 ], [ 69.244494887374827, 41.263897063178035 ], [ 69.244309351132671, 41.263891502531045 ], [ 69.244279569286064, 41.26384391188148 ], [ 69.243799905755267, 41.263819613147582 ], [ 69.243442616122351, 41.263784850107861 ], [ 69.243419531216205, 41.263782602211641 ], [ 69.243110883559297, 41.263752569932869 ], [ 69.242701983018378, 41.263679071956297 ], [ 69.242439429715333, 41.263631877522613 ], [ 69.241985080709256, 41.263515191144499 ], [ 69.241922466337343, 41.263661258242671 ], [ 69.2412904413478, 41.263528561757617 ], [ 69.240733422091282, 41.263398684174476 ], [ 69.24054566431542, 41.263324621289414 ], [ 69.238104732381018, 41.262827022565176 ], [ 69.236479770761903, 41.262495762458592 ], [ 69.236479618048293, 41.262495731396662 ], [ 69.23537514210139, 41.262270575015648 ], [ 69.234972291713916, 41.262199918903875 ], [ 69.234651305696616, 41.262118671877587 ], [ 69.234500069826936, 41.262065382054871 ], [ 69.234302543770696, 41.26199578318635 ], [ 69.233992284536185, 41.261878772457983 ], [ 69.233950381721442, 41.261863360176328 ], [ 69.233563472836977, 41.261721050974877 ], [ 69.233419180046184, 41.261656565549302 ], [ 69.233220093616268, 41.261566020735664 ], [ 69.232894368087528, 41.261417878569652 ], [ 69.232384349584947, 41.261175434170447 ], [ 69.231802217026356, 41.260908563452745 ], [ 69.231597097510971, 41.260813329826526 ], [ 69.231187460351563, 41.260623141723144 ], [ 69.230981190094298, 41.260526604389611 ], [ 69.230509447907679, 41.260305824479431 ], [ 69.22983341535074, 41.259989245807347 ], [ 69.229418327214134, 41.25979871968606 ], [ 69.229451713101696, 41.259752490136314 ], [ 69.229213298428633, 41.259576502323597 ], [ 69.22920248001769, 41.25958620354163 ], [ 69.229158008919541, 41.259566932785731 ], [ 69.22904824467328, 41.259498650773175 ], [ 69.228787364931634, 41.259387484276168 ], [ 69.228521577693556, 41.259283772827374 ], [ 69.228340718979098, 41.259200740747431 ], [ 69.228365265444253, 41.259165697027655 ], [ 69.228220944805628, 41.259090780495903 ], [ 69.227865189495247, 41.258935126116263 ], [ 69.227026081273181, 41.258532483201385 ], [ 69.226991605729211, 41.258549676361987 ], [ 69.226776183435859, 41.2584562862464 ], [ 69.226793858687387, 41.258431680271379 ], [ 69.225822403471156, 41.257986848537321 ], [ 69.225376702546328, 41.257782966397791 ], [ 69.225262337129195, 41.257809248732812 ], [ 69.224732686844419, 41.257580212741544 ], [ 69.224142728163031, 41.257314806269726 ], [ 69.224107218658162, 41.257317855310404 ], [ 69.223670410156288, 41.257113946771248 ], [ 69.222908473505356, 41.256758777049008 ], [ 69.222866038887972, 41.256756626156921 ], [ 69.222344252455187, 41.256514160402332 ], [ 69.22185311653989, 41.256288759191804 ], [ 69.221863879255309, 41.256261933284058 ], [ 69.221332228422412, 41.25601799415562 ], [ 69.221066522032714, 41.255930645280309 ], [ 69.220671248934664, 41.255749728743226 ], [ 69.22028369955143, 41.255568635443488 ], [ 69.219966657138201, 41.255420488453133 ], [ 69.219623746838053, 41.255258827678404 ], [ 69.218915246471781, 41.254937778792218 ], [ 69.218616823439447, 41.254800599237186 ], [ 69.218213651455102, 41.254613732513342 ], [ 69.217482423712141, 41.254278571151225 ], [ 69.216738882761604, 41.253902783147808 ], [ 69.216533277257668, 41.253727923617312 ], [ 69.216528015825062, 41.253723448068371 ], [ 69.216433783450071, 41.253673612570722 ], [ 69.215980818747838, 41.253412458462229 ], [ 69.215389570984016, 41.253071185705721 ], [ 69.215389348201839, 41.253071446393676 ], [ 69.215309272377411, 41.25316554657914 ], [ 69.215243009048777, 41.253298004783709 ], [ 69.215166568706337, 41.25342802199134 ], [ 69.215094614550367, 41.253533248774616 ], [ 69.21489293019269, 41.253721903541319 ], [ 69.214795977719021, 41.253804927053139 ], [ 69.214652362257922, 41.253909778410723 ], [ 69.214525443782975, 41.25400987650282 ], [ 69.214349683007768, 41.254300996652077 ], [ 69.214213281018402, 41.254619825443996 ], [ 69.214152660906379, 41.254845903025277 ], [ 69.214132012231246, 41.254918541107045 ], [ 69.214105136434597, 41.255023079346699 ], [ 69.214067744060884, 41.255140354258188 ], [ 69.214043693465797, 41.25529896416532 ], [ 69.214027166261189, 41.255499030326909 ], [ 69.214034918722106, 41.25561848097604 ], [ 69.214072267078322, 41.255781404402043 ], [ 69.214114530117499, 41.255946169040428 ], [ 69.214192982686228, 41.256107162917878 ], [ 69.214318885166563, 41.256329189487033 ], [ 69.214523489947254, 41.256601078993235 ], [ 69.214669556012424, 41.256793217649729 ], [ 69.21471823032779, 41.256857241907667 ], [ 69.214828131117955, 41.25697843914422 ], [ 69.214917759627127, 41.257077279147467 ], [ 69.214972612555002, 41.257133851021528 ], [ 69.215057804284953, 41.257240555500822 ], [ 69.215152440901846, 41.257350037369029 ], [ 69.215175100006576, 41.25739482615127 ], [ 69.215241378606549, 41.257525827912374 ], [ 69.215249991653494, 41.25754889789583 ], [ 69.215336648535683, 41.257761340982817 ], [ 69.215425570969032, 41.257932037252559 ], [ 69.21552690901791, 41.258146700171451 ], [ 69.215621080307457, 41.258420646510736 ], [ 69.215678220346078, 41.258685504197707 ], [ 69.215753149722232, 41.258912794046765 ], [ 69.215822823953971, 41.259026438337052 ], [ 69.215901040265777, 41.259132672420471 ], [ 69.216089599338858, 41.259455672539403 ], [ 69.216320423247751, 41.25985106730662 ], [ 69.216463771010865, 41.260148998000922 ], [ 69.216648675737403, 41.260394991439753 ], [ 69.216836105628161, 41.260661351719321 ], [ 69.216981629110919, 41.26087407842796 ], [ 69.217130130508863, 41.261059014863541 ], [ 69.217210042839895, 41.261191732573266 ], [ 69.217272130799088, 41.261269241092755 ], [ 69.217501632387879, 41.261445093341635 ], [ 69.217573144572683, 41.261517185219077 ], [ 69.217756499705345, 41.261747767948179 ], [ 69.217960995789866, 41.261977052003154 ], [ 69.21819796597191, 41.262191454480913 ], [ 69.218321500493161, 41.262432002352668 ], [ 69.218462820758702, 41.26285403147201 ], [ 69.218489951676943, 41.263077167507205 ], [ 69.218512766190202, 41.263293828466566 ], [ 69.218530826818977, 41.263556803378982 ], [ 69.218560819769706, 41.263719026354146 ], [ 69.218567040603034, 41.263817236280538 ], [ 69.21855563379556, 41.263903754185449 ], [ 69.218524821581312, 41.263964294637724 ], [ 69.218487197442286, 41.264054185191078 ], [ 69.218476828188955, 41.264124335565235 ], [ 69.218485123232284, 41.2641738301947 ], [ 69.218528192060262, 41.26432036173604 ], [ 69.218531265196859, 41.264402204286043 ], [ 69.218521933497684, 41.264496905316804 ], [ 69.218384021440329, 41.264758795005818 ], [ 69.218530837598777, 41.264861732718259 ], [ 69.218982005670441, 41.26526467422795 ], [ 69.219265125003588, 41.265557897517041 ], [ 69.219311539157687, 41.265604228967952 ], [ 69.219349316908648, 41.265641940432772 ], [ 69.219389450042272, 41.265672471510705 ], [ 69.219475633512317, 41.265744096191305 ], [ 69.219511780821051, 41.265774137007327 ], [ 69.219507699774709, 41.265776932443295 ], [ 69.219489692146524, 41.265789268147223 ], [ 69.219553620753729, 41.265842397603592 ], [ 69.219536877055134, 41.265853610395496 ], [ 69.219572268880697, 41.265885892907946 ], [ 69.219709942884492, 41.266011471122006 ], [ 69.219878091336042, 41.266107362937362 ], [ 69.220017445189427, 41.266207213436381 ], [ 69.220293083352885, 41.266415983524752 ], [ 69.220529453460344, 41.26662667799016 ], [ 69.220618217790175, 41.266743196081279 ], [ 69.220697253365501, 41.266885661116362 ], [ 69.220869905969877, 41.267127965478657 ], [ 69.220948952324974, 41.267274134554846 ], [ 69.221009015481499, 41.267644572937741 ], [ 69.22113397203583, 41.268088737960689 ], [ 69.221193957038935, 41.26840534353834 ], [ 69.22129043430381, 41.268623714647255 ], [ 69.221394001072895, 41.268760576185571 ], [ 69.221544138303003, 41.268875122278111 ], [ 69.22171388575569, 41.268982222142533 ], [ 69.221765695191394, 41.269058061117974 ], [ 69.221778302148095, 41.269156202247075 ], [ 69.221738796038537, 41.269292081618524 ], [ 69.221702315454849, 41.269388788295103 ], [ 69.221700810776738, 41.269471220683258 ], [ 69.221755081596314, 41.26954890842805 ], [ 69.221793433370735, 41.269584622437982 ], [ 69.221888068190992, 41.26967274774568 ], [ 69.221974163626143, 41.269724442649363 ], [ 69.222121640046339, 41.269777870711309 ], [ 69.222220137622273, 41.269866585193569 ], [ 69.222293457217432, 41.269980047027971 ], [ 69.222442643131629, 41.270145833179541 ], [ 69.22252171553788, 41.270297558977468 ], [ 69.222657139261912, 41.270415836783599 ], [ 69.222768013825871, 41.270534161637819 ], [ 69.22284955031094, 41.27068773313767 ], [ 69.22293124849277, 41.2708894623728 ], [ 69.223059668950825, 41.271113327140931 ], [ 69.223180977446802, 41.271411291524934 ], [ 69.22325051782957, 41.271646383855078 ], [ 69.223290220670194, 41.271770400813217 ], [ 69.223374099961546, 41.271890630547453 ], [ 69.223548973201275, 41.272056986409453 ], [ 69.223682066695446, 41.272210457779344 ], [ 69.223882402681895, 41.272463816305162 ], [ 69.223980906546046, 41.272552529838279 ], [ 69.224185033422998, 41.272657705555055 ], [ 69.224327843095296, 41.272779670825543 ], [ 69.224448519177315, 41.272890566743833 ], [ 69.224586846256344, 41.273136635737046 ], [ 69.224656062347293, 41.273275413338581 ], [ 69.224738193517084, 41.273421574053209 ], [ 69.224824495564761, 41.273530684470536 ], [ 69.224942807280925, 41.273667514117733 ], [ 69.225113344352792, 41.273907338494951 ], [ 69.225168927611008, 41.273985507062534 ], [ 69.225171190467194, 41.273988688327719 ], [ 69.225488632630714, 41.274435098903716 ], [ 69.225545013592907, 41.274606148570008 ], [ 69.225615092066533, 41.27479787575799 ], [ 69.225790934588431, 41.275242052877303 ], [ 69.225855501897811, 41.275454925847228 ], [ 69.225927065286584, 41.275560359511381 ], [ 69.225981339699459, 41.27563619219552 ], [ 69.226169035491523, 41.275778440689699 ], [ 69.226434950290354, 41.275998325736182 ], [ 69.226698476468854, 41.276236737304906 ], [ 69.226900014401153, 41.276400048794464 ], [ 69.227174245802885, 41.276613643060351 ], [ 69.227560785479739, 41.276924044885369 ], [ 69.227846396739508, 41.277156854399379 ], [ 69.228302639394201, 41.277563427027054 ], [ 69.228595718348899, 41.277824002540342 ], [ 69.228805114743324, 41.277974842989565 ], [ 69.229022035426567, 41.278095423824574 ], [ 69.229221399435858, 41.27823579221441 ], [ 69.229406222415676, 41.278429901278734 ], [ 69.229517285625846, 41.278594523038159 ], [ 69.229695695532868, 41.278884957745341 ], [ 69.229855786096252, 41.279027256542015 ], [ 69.22999355621981, 41.279138235683746 ], [ 69.22999805677938, 41.279141862255784 ], [ 69.230023218590503, 41.279162131090111 ], [ 69.23015558175436, 41.279214606981206 ], [ 69.230335387643294, 41.27926152416719 ], [ 69.230804825651205, 41.279397644438411 ], [ 69.231161185527796, 41.279495094264568 ], [ 69.231304341051455, 41.279533702318098 ], [ 69.231427412042024, 41.279620507234846 ], [ 69.231555597141508, 41.279764718283587 ], [ 69.231637643869661, 41.279881616624927 ], [ 69.231712301954602, 41.279948853902582 ], [ 69.231792886225463, 41.280003624429519 ], [ 69.231936872690795, 41.280061065520442 ], [ 69.232082365630816, 41.280102844080176 ], [ 69.232237733750821, 41.280111744306701 ], [ 69.232436192258305, 41.280115078515898 ], [ 69.232614971372882, 41.280110703336682 ], [ 69.232743302897774, 41.2801148699169 ], [ 69.232876059523718, 41.280145918086824 ], [ 69.233026228194817, 41.280256743434236 ], [ 69.233240425186082, 41.280421152662861 ], [ 69.233474109330857, 41.28054107078183 ], [ 69.233749651374595, 41.280694242050153 ], [ 69.233937279793011, 41.280808695646087 ], [ 69.234134095281874, 41.280917572292537 ], [ 69.234271878880151, 41.280996936787574 ], [ 69.234384940841835, 41.281054551846871 ], [ 69.234463744651819, 41.281094710283355 ], [ 69.234554837414876, 41.281163055446235 ], [ 69.234604261823492, 41.281251859091547 ], [ 69.234621801429427, 41.281349987964703 ], [ 69.234619110076807, 41.281514551053966 ], [ 69.234617772485365, 41.281596334921907 ], [ 69.234611216580419, 41.281822313038482 ], [ 69.234656088327171, 41.28199467793646 ], [ 69.234737926646204, 41.282236940397603 ], [ 69.234795019972395, 41.282410001531318 ], [ 69.234801618098146, 41.282599902732372 ], [ 69.234793856654079, 41.282665305120041 ], [ 69.234774510536127, 41.282725593932732 ], [ 69.234764437726838, 41.282811531215202 ], [ 69.234771547892336, 41.282857615504668 ], [ 69.234785176233501, 41.282915723732017 ], [ 69.234793175731113, 41.282960471352197 ], [ 69.234789915744955, 41.283008338337829 ], [ 69.234777707640234, 41.283060149589957 ], [ 69.234773345421232, 41.283105520854384 ], [ 69.234775696312298, 41.283150823232475 ], [ 69.234800628154701, 41.283289771255703 ], [ 69.23483316693094, 41.283471033396232 ], [ 69.23483319927027, 41.283471218358038 ], [ 69.234846400013382, 41.283728642147224 ], [ 69.234862480755282, 41.284104600089904 ], [ 69.234895045582633, 41.284258319898221 ], [ 69.234738670451236, 41.284283849038871 ], [ 69.234772576463342, 41.284819676523924 ], [ 69.234790365800905, 41.285100811368658 ], [ 69.234955642338448, 41.285229509038004 ], [ 69.234967784866143, 41.285395346913305 ], [ 69.235005686584614, 41.285693467510242 ], [ 69.235057970330772, 41.28589339667473 ], [ 69.235093347783305, 41.28600121316174 ], [ 69.235130034979491, 41.286131253011192 ], [ 69.235223902638509, 41.286286642754838 ], [ 69.235332299648888, 41.286385050262624 ], [ 69.235489866844645, 41.286499562053997 ], [ 69.235760615478029, 41.286676815169947 ], [ 69.236075430967659, 41.286816935599958 ], [ 69.23641962046878, 41.286931063904269 ], [ 69.236670476808513, 41.287037973493369 ], [ 69.236843047666156, 41.28722654024336 ], [ 69.237001180800576, 41.287496630470869 ], [ 69.237228455465754, 41.287872152930603 ], [ 69.237460300759111, 41.288153205099299 ], [ 69.237559505309193, 41.288423417039333 ], [ 69.237705072809419, 41.288950984472933 ], [ 69.237893288726085, 41.289387706620644 ], [ 69.237967792300779, 41.289617221647632 ], [ 69.237929403695418, 41.289865491453419 ], [ 69.237764261006888, 41.290373326582269 ], [ 69.237692279901466, 41.290838368248799 ], [ 69.237654812069295, 41.291330245110395 ], [ 69.237684438507358, 41.291626753787561 ], [ 69.237728286174686, 41.291732711416749 ], [ 69.237770948065844, 41.291811513343369 ], [ 69.237778481337799, 41.291821957623732 ], [ 69.237820721020796, 41.291880519538132 ], [ 69.237951977460227, 41.292023219268557 ], [ 69.238341251608801, 41.292370620170693 ], [ 69.238750633646717, 41.292843927839222 ], [ 69.239530438686984, 41.293540573784576 ], [ 69.239855132949799, 41.293684367331927 ], [ 69.240096290179395, 41.293817219850169 ], [ 69.240201192743299, 41.293961470393327 ], [ 69.240290593080374, 41.29423170079793 ], [ 69.240449072066198, 41.294586985248102 ], [ 69.24051555907532, 41.294737330025548 ], [ 69.240572442195727, 41.294819245129482 ], [ 69.240637620359493, 41.294857530951226 ], [ 69.240717612640609, 41.294875559552402 ], [ 69.240805900863336, 41.294886243615537 ], [ 69.241043300440111, 41.294887270176382 ], [ 69.241233776518001, 41.294927299963298 ], [ 69.241388688293824, 41.294988790959529 ], [ 69.241506170864994, 41.295058399199476 ], [ 69.241605377211712, 41.295143918660351 ], [ 69.241652628595645, 41.295278003311317 ], [ 69.241763987351533, 41.295532540463412 ], [ 69.241887478753611, 41.295721201447265 ], [ 69.242018814244787, 41.295942210523499 ], [ 69.242044885150989, 41.296008541041779 ], [ 69.242057327715983, 41.296066414836261 ], [ 69.242021835279104, 41.296191370089019 ], [ 69.24200599438737, 41.296303011822978 ], [ 69.242020132073336, 41.296443368044386 ], [ 69.242052283675648, 41.296614128535182 ], [ 69.242048679634735, 41.296754067670321 ], [ 69.242037312353119, 41.297030169633857 ], [ 69.242035374687049, 41.297077260958609 ], [ 69.242024299357936, 41.297212891882765 ], [ 69.242024293069719, 41.297212972195986 ], [ 69.242024290374758, 41.29721300796573 ], [ 69.242024291273097, 41.29721303563668 ], [ 69.242024278696675, 41.297213184114874 ], [ 69.242024236475871, 41.29721369771444 ], [ 69.242024231085949, 41.297213761830008 ], [ 69.242013205164184, 41.297348808007385 ], [ 69.242477052956076, 41.297411026961441 ], [ 69.242809707190602, 41.297516748429722 ], [ 69.243032716654838, 41.297587623453232 ], [ 69.243554135676675, 41.297790258942804 ], [ 69.245266683934332, 41.298642323735166 ], [ 69.245897755811299, 41.298937323882008 ], [ 69.245966355657998, 41.298970055026828 ], [ 69.24603495460633, 41.299002786155221 ], [ 69.246180217577674, 41.299072095188286 ], [ 69.247374026487961, 41.299641687419054 ], [ 69.248379236799323, 41.30014701555956 ], [ 69.248722404017641, 41.300448364802079 ], [ 69.248883525847006, 41.300589852626544 ], [ 69.248889215775989, 41.300594849333848 ], [ 69.249098809799776, 41.300778900526446 ], [ 69.249219036724142, 41.300894567388333 ], [ 69.249483787306374, 41.301034640410208 ], [ 69.249959973458701, 41.301180806441018 ], [ 69.250241823472351, 41.301272428722086 ], [ 69.250477814490736, 41.301398235794323 ], [ 69.250796530465379, 41.301567940660625 ], [ 69.251042863787617, 41.301756324368483 ], [ 69.251299478328306, 41.302063223570599 ], [ 69.251471961151083, 41.302207316183861 ], [ 69.251727768106306, 41.302303069118551 ], [ 69.251983318143417, 41.302332144272818 ], [ 69.252230101521633, 41.302316786756911 ], [ 69.252353022493523, 41.302346152089584 ], [ 69.252495762995551, 41.302419925731819 ], [ 69.252688227045184, 41.302649171533645 ], [ 69.252714817177562, 41.302678911255263 ], [ 69.253018780120257, 41.303018878047794 ], [ 69.253111932720273, 41.303073259397273 ], [ 69.253274800874564, 41.303168340270268 ], [ 69.253285727981662, 41.303176531468772 ], [ 69.253429989331465, 41.303284684480616 ], [ 69.25351635695614, 41.303388216029497 ], [ 69.253548831951974, 41.303528908593094 ], [ 69.253566951869558, 41.303620694259358 ], [ 69.25359598362293, 41.303767752021933 ], [ 69.253602268236662, 41.303799584564636 ], [ 69.25362724858806, 41.30392611760405 ], [ 69.253652330449128, 41.304053166643037 ], [ 69.253671942468387, 41.304152506958211 ], [ 69.253686139443147, 41.304224421429353 ], [ 69.25369185901657, 41.304253395852434 ], [ 69.253782980525713, 41.304248066735191 ], [ 69.253798977724301, 41.304276572817294 ], [ 69.253980564972466, 41.304485193472871 ], [ 69.254115566488309, 41.304590758386666 ], [ 69.25423573771711, 41.304737365204282 ], [ 69.254367117225755, 41.304866760367347 ], [ 69.254968925584052, 41.305459473134128 ], [ 69.255308341437726, 41.305793756334317 ], [ 69.255198412799771, 41.305865531333872 ], [ 69.255316597853522, 41.305985434404285 ], [ 69.255455272580548, 41.306126125413023 ], [ 69.255472432199099, 41.306143534124459 ], [ 69.255600024410469, 41.306272981156532 ], [ 69.255659292557993, 41.306332291278487 ], [ 69.255695690496651, 41.306368715300017 ], [ 69.25575489666042, 41.306427963927604 ], [ 69.256019234915925, 41.306692489859351 ], [ 69.256656133265835, 41.307344885263802 ], [ 69.256803874689041, 41.307491789546688 ], [ 69.257161655700415, 41.307847544297736 ], [ 69.258064170608463, 41.308749811685942 ], [ 69.258354086595048, 41.309059891943399 ], [ 69.258772296377273, 41.309838712350427 ], [ 69.258871174838916, 41.309995923503813 ], [ 69.258996957843294, 41.310123439800854 ], [ 69.259191409864627, 41.310223018507173 ], [ 69.259596153900745, 41.310390574899074 ], [ 69.259609692410393, 41.310396179492962 ], [ 69.259760577937101, 41.31050419030079 ], [ 69.259836508934796, 41.31066323790035 ], [ 69.25987452204437, 41.310742861756573 ], [ 69.259989801048121, 41.311086872162043 ], [ 69.260548839717444, 41.311034961711592 ], [ 69.261192532025845, 41.31098868882588 ], [ 69.263440469006298, 41.310850924621285 ], [ 69.263730800912867, 41.310803966048603 ], [ 69.263733500350284, 41.310803529478726 ], [ 69.264006104903046, 41.310750481155971 ], [ 69.264067149019866, 41.310735896199709 ], [ 69.26432396029162, 41.310674535434508 ], [ 69.264932987511514, 41.310465721356323 ], [ 69.267319734864643, 41.309509590313858 ], [ 69.26755594237703, 41.309414962014166 ], [ 69.267606901108138, 41.309394548054435 ], [ 69.269033918056095, 41.309055101017329 ], [ 69.268895454433121, 41.308719599011866 ], [ 69.267339933483811, 41.304950286368623 ], [ 69.267330783244304, 41.304928109053186 ] ] ] ] } },
{ "type": "Feature", "properties": { "id": 11, "reg_name": "Toshkent shahri", "reg_kiril": "Тошкент шаҳри", "dist_name": "Mirzo ulug‘bek tumani", "dist_kir": "Мирзо улуғбек тумани", "cad_id": "10:09", "shp_len": 74160.43102973004, "shp_area": 105700623.22034608 }, "geometry": { "type": "MultiPolygon", "coordinates": [ [ [ [ 69.395841097997433, 41.364208383085106 ], [ 69.395842030448691, 41.36420717018634 ], [ 69.395851103433046, 41.364212534178755 ], [ 69.395858373498655, 41.364216832249319 ], [ 69.395897390924716, 41.364239899567679 ], [ 69.395907093628097, 41.364245635719584 ], [ 69.39590711698429, 41.364245649877915 ], [ 69.395912145753243, 41.364248622455769 ], [ 69.396064642857567, 41.364341802487218 ], [ 69.39649927204654, 41.364607373643224 ], [ 69.396545255907597, 41.364635065180245 ], [ 69.396640478226018, 41.36469240879898 ], [ 69.396994463855336, 41.364905579722254 ], [ 69.397014463048507, 41.364917623629722 ], [ 69.397199302197976, 41.365028933931562 ], [ 69.397244238623443, 41.365055994913675 ], [ 69.397271818699295, 41.365028933931562 ], [ 69.39729729132749, 41.36500394138065 ], [ 69.397337690362463, 41.365028933931562 ], [ 69.397599325587251, 41.365190794007582 ], [ 69.397610903972947, 41.365197957350638 ], [ 69.397628338475982, 41.365208743152643 ], [ 69.39775993268195, 41.365290153044931 ], [ 69.397988065238266, 41.365428152055472 ], [ 69.398083924462242, 41.365486138156328 ], [ 69.398345089868158, 41.365644118466662 ], [ 69.39840802853189, 41.365682588544047 ], [ 69.398864058285881, 41.365961325186454 ], [ 69.398868427691426, 41.36595598695736 ], [ 69.398870094066268, 41.365953950232033 ], [ 69.398871983223316, 41.365951641808437 ], [ 69.398885845126486, 41.365934704152288 ], [ 69.398955775378056, 41.365849253296297 ], [ 69.398988361765007, 41.365809434262047 ], [ 69.399054491244641, 41.365728628420825 ], [ 69.39914578523036, 41.36561707256142 ], [ 69.399184278040281, 41.365561128708421 ], [ 69.39919688499694, 41.365542806831648 ], [ 69.399285689751011, 41.36541374249331 ], [ 69.399451427124291, 41.365169868950993 ], [ 69.399512303256174, 41.365089328623746 ], [ 69.399545351377157, 41.365054559545179 ], [ 69.399798887391356, 41.364787822497824 ], [ 69.400048263307497, 41.364916899539068 ], [ 69.400050012327355, 41.364914233752714 ], [ 69.400054966536132, 41.364906683387623 ], [ 69.400055444439857, 41.364905954577459 ], [ 69.400074684556614, 41.364914018008768 ], [ 69.40012051211086, 41.364933223938394 ], [ 69.400387486023391, 41.365045111327518 ], [ 69.400470532576463, 41.365053037205072 ], [ 69.40049264101394, 41.36505514744622 ], [ 69.400494191506084, 41.365050477947705 ], [ 69.400577750997201, 41.364798838944566 ], [ 69.400580609436432, 41.364799465277379 ], [ 69.400961816713775, 41.364883031774049 ], [ 69.400964261927982, 41.364875255548228 ], [ 69.400964296962258, 41.364875118011405 ], [ 69.400970940003802, 41.364849111403771 ], [ 69.401069322595418, 41.364463964423223 ], [ 69.401093219578598, 41.364358124334061 ], [ 69.401203600967449, 41.363970542573107 ], [ 69.401348400408096, 41.36344183194111 ], [ 69.401381984823317, 41.363289725454038 ], [ 69.401377534569377, 41.363189763308313 ], [ 69.401367239876222, 41.363137210035099 ], [ 69.401341734908684, 41.363106092155874 ], [ 69.401319296789524, 41.363091695563845 ], [ 69.401297838732333, 41.363077928014938 ], [ 69.401270961139033, 41.36306456364607 ], [ 69.401261257537314, 41.36305973826007 ], [ 69.401212370321247, 41.363035429959737 ], [ 69.401184732753222, 41.363021687345018 ], [ 69.401185889783321, 41.363020060453323 ], [ 69.401186180837442, 41.36301965120208 ], [ 69.401190338240596, 41.363013803695843 ], [ 69.401194619611232, 41.363007782914657 ], [ 69.40128691791341, 41.362957323622361 ], [ 69.401371221209544, 41.362911235263539 ], [ 69.401379559372046, 41.362920555689122 ], [ 69.401389183023682, 41.362931312202967 ], [ 69.401389200989996, 41.362931328384228 ], [ 69.401436061606788, 41.362974460274245 ], [ 69.401436815293309, 41.362975154046602 ], [ 69.401516202109903, 41.363036713673374 ], [ 69.401609360998137, 41.363092445295152 ], [ 69.401745554578341, 41.363160740249761 ], [ 69.401860832683809, 41.363208323846507 ], [ 69.40186171213449, 41.363208686575526 ], [ 69.401901022411309, 41.363223862536969 ], [ 69.401901045767502, 41.363223871976032 ], [ 69.401952752795268, 41.363242408906842 ], [ 69.401952786931247, 41.36324242171699 ], [ 69.402024328760461, 41.363269101161066 ], [ 69.402112979902583, 41.363297526141103 ], [ 69.402142954886997, 41.363306935507929 ], [ 69.402163719444772, 41.363313470014397 ], [ 69.402169809124103, 41.363315363888482 ], [ 69.402170660726981, 41.363315629529744 ], [ 69.402187372984542, 41.363320865494586 ], [ 69.40220868641299, 41.363327380447352 ], [ 69.40222318791659, 41.363331820836017 ], [ 69.402261879254212, 41.363343575121782 ], [ 69.40228254320067, 41.363349874997361 ], [ 69.402323211730248, 41.363362276527219 ], [ 69.402381075810951, 41.363380353603439 ], [ 69.402441916010204, 41.363397621615931 ], [ 69.402484747682934, 41.363408756960013 ], [ 69.402507891877917, 41.363414795907914 ], [ 69.402572920023005, 41.36343329974779 ], [ 69.402640005310118, 41.363451788075494 ], [ 69.402640036751151, 41.363451796840287 ], [ 69.402694625574327, 41.363467807423092 ], [ 69.402751280522679, 41.363484448392683 ], [ 69.402795003324201, 41.363496586279005 ], [ 69.402839384590806, 41.363510053713895 ], [ 69.402860280302619, 41.363516410207374 ], [ 69.402891591081854, 41.363525444679446 ], [ 69.402935499834612, 41.363538126648905 ], [ 69.402935526784091, 41.36353813406528 ], [ 69.403019185089846, 41.363561436924904 ], [ 69.403076422146512, 41.363578685337167 ], [ 69.403076479638685, 41.363578702192491 ], [ 69.40314430873083, 41.363599035127095 ], [ 69.403224354910847, 41.363621495872515 ], [ 69.403224403419898, 41.363621510030988 ], [ 69.403240918946381, 41.363626446620536 ], [ 69.403254561660589, 41.363630531004183 ], [ 69.403299667867643, 41.363644014592545 ], [ 69.403300942577033, 41.363644396871337 ], [ 69.40335724179252, 41.363661223878509 ], [ 69.403438274322724, 41.363683803938116 ], [ 69.403438324628397, 41.363683818770795 ], [ 69.403505428780107, 41.363703898168701 ], [ 69.403507681754832, 41.363704569684259 ], [ 69.40353691113755, 41.363713260281919 ], [ 69.403583383682161, 41.363727086352917 ], [ 69.403630711422878, 41.363741780806052 ], [ 69.403639276859138, 41.363744443269375 ], [ 69.403639326266472, 41.363744456753601 ], [ 69.403707709619155, 41.363762773068885 ], [ 69.40377178824501, 41.363780833852744 ], [ 69.403809610013411, 41.363792554346858 ], [ 69.403825814722808, 41.363797576548244 ], [ 69.403894442417268, 41.363816522561905 ], [ 69.403934948351761, 41.363827609291093 ], [ 69.403966901426415, 41.363836355831779 ], [ 69.404038528595578, 41.363857271878288 ], [ 69.404096414235852, 41.363873899938255 ], [ 69.404124650081883, 41.363882006646961 ], [ 69.404124703082474, 41.36388202080537 ], [ 69.404140709264198, 41.3638857936877 ], [ 69.404174885669192, 41.363893853874352 ], [ 69.40420160875226, 41.363900186732984 ], [ 69.404226020470105, 41.363905970109556 ], [ 69.404226063589235, 41.363905980896959 ], [ 69.404271079066447, 41.363917536861159 ], [ 69.404276935183773, 41.363920279548303 ], [ 69.404283804600766, 41.363923517779796 ], [ 69.404293599830609, 41.363930853860161 ], [ 69.40430128761281, 41.363936627795056 ], [ 69.404309742556265, 41.363942978178976 ], [ 69.404309766810783, 41.363942998405257 ], [ 69.404315132447977, 41.363948700198662 ], [ 69.404332739427559, 41.363967392665465 ], [ 69.404340871875803, 41.363977339280495 ], [ 69.404347167269293, 41.36398503807947 ], [ 69.404349850537074, 41.363988316760292 ], [ 69.404358519279555, 41.363998919377913 ], [ 69.404368473511227, 41.364011756997407 ], [ 69.404376442466116, 41.364022042732877 ], [ 69.404378609202581, 41.36402483395868 ], [ 69.404378648728454, 41.364024879804873 ], [ 69.404395286425824, 41.364015688311447 ], [ 69.404415028700839, 41.364004781628182 ], [ 69.404433238449968, 41.363994722424373 ], [ 69.404433803490278, 41.363994444650061 ], [ 69.404482509246677, 41.363970539876277 ], [ 69.404485668621533, 41.363968989868198 ], [ 69.404487422132959, 41.363979794077579 ], [ 69.404488390516832, 41.36398574802211 ], [ 69.404491581332721, 41.364005389764984 ], [ 69.404492647632935, 41.364011953866523 ], [ 69.404496634356192, 41.364036498449465 ], [ 69.404497663825509, 41.364042831294206 ], [ 69.404500390212391, 41.364059617745838 ], [ 69.404502107791217, 41.364070190686618 ], [ 69.404510295036715, 41.364077725641955 ], [ 69.404518863167908, 41.364085611859025 ], [ 69.404540834163114, 41.364105833390894 ], [ 69.404554091500074, 41.36411803453683 ], [ 69.404740658109858, 41.364289739618236 ], [ 69.404750474000977, 41.364299057149545 ], [ 69.405534653836639, 41.365043410324617 ], [ 69.405540353647126, 41.365037776046996 ], [ 69.405546296901051, 41.365031901754215 ], [ 69.405630240871091, 41.364948930092744 ], [ 69.405686260710524, 41.364893559409616 ], [ 69.405866820286022, 41.364715090979438 ], [ 69.405976748025637, 41.364606435152524 ], [ 69.406020949629209, 41.364562745429524 ], [ 69.406117204111908, 41.364467605127743 ], [ 69.406293272110943, 41.364293574503904 ], [ 69.406348687384195, 41.36423760996108 ], [ 69.406350215418485, 41.364236066701451 ], [ 69.406351940183839, 41.364234325224949 ], [ 69.406423420029313, 41.364164932438548 ], [ 69.406459043620217, 41.364129721934013 ], [ 69.406515709348326, 41.364073712078238 ], [ 69.406657058359983, 41.363933997701679 ], [ 69.407053146230012, 41.36354248342063 ], [ 69.407065569930367, 41.363530202609496 ], [ 69.407114117583276, 41.363482214719326 ], [ 69.406936997657027, 41.363380520808967 ], [ 69.40589034357005, 41.362779576693107 ], [ 69.4058047431066, 41.362730428586659 ], [ 69.405798098268463, 41.362726613161264 ], [ 69.405794337022357, 41.362724453626377 ], [ 69.405863250381046, 41.362653559757234 ], [ 69.406099764218951, 41.362410246939454 ], [ 69.40620665205968, 41.362300285331656 ], [ 69.406433620399369, 41.36206679134493 ], [ 69.406615885875539, 41.361879284508021 ], [ 69.406654034630719, 41.361840038838295 ], [ 69.406737601308336, 41.361754069514049 ], [ 69.406856960460146, 41.361631277475894 ], [ 69.406954378261148, 41.361531057247589 ], [ 69.406957490025292, 41.361529251646353 ], [ 69.406993109124599, 41.361508583644401 ], [ 69.407157422668192, 41.36119433602645 ], [ 69.407196232583388, 41.361120113119981 ], [ 69.40719883949437, 41.361115127795102 ], [ 69.407239302309691, 41.36103774261251 ], [ 69.407244179263373, 41.361028415174857 ], [ 69.407259934815116, 41.36099802851237 ], [ 69.407402260295484, 41.360723540592261 ], [ 69.407589516811413, 41.360362395317637 ], [ 69.407610061281957, 41.360368612549451 ], [ 69.407700436291123, 41.36039596067593 ], [ 69.407711395737579, 41.36037501047884 ], [ 69.407854382378005, 41.360101676269323 ], [ 69.407749795122726, 41.36006745673658 ], [ 69.407759748456087, 41.360048619534247 ], [ 69.408239245798541, 41.359141149158347 ], [ 69.408600024487981, 41.358485652144751 ], [ 69.408644732741365, 41.358404420511775 ], [ 69.408868633334365, 41.358006505143734 ], [ 69.409047918200471, 41.357916025267414 ], [ 69.40919738798226, 41.357833582602964 ], [ 69.409423439142046, 41.357708898570294 ], [ 69.409452560726933, 41.357692836000098 ], [ 69.409495714894859, 41.35766903679545 ], [ 69.409499999858753, 41.357666670090282 ], [ 69.409505719432161, 41.357675726276995 ], [ 69.409505708652404, 41.357675793704466 ], [ 69.409544133190337, 41.35773725922585 ], [ 69.409700980835595, 41.357790450002831 ], [ 69.409766804888037, 41.35779539108033 ], [ 69.409845859327973, 41.357801324688204 ], [ 69.409920479683691, 41.357829878819871 ], [ 69.410038611736809, 41.357875082760081 ], [ 69.410038741094226, 41.357874917563208 ], [ 69.410042820343918, 41.357869712176779 ], [ 69.410044910723585, 41.357867044753213 ], [ 69.410044885570755, 41.357866810780521 ], [ 69.410111304307932, 41.357773512245224 ], [ 69.41012082555163, 41.357777169506647 ], [ 69.41012996950289, 41.357780681799014 ], [ 69.410170749423514, 41.357796344503278 ], [ 69.410415308573121, 41.357890276147856 ], [ 69.410493871634614, 41.35792669158166 ], [ 69.410641351648067, 41.357995051293351 ], [ 69.410675970922469, 41.358011097606528 ], [ 69.411105547986296, 41.358312909558123 ], [ 69.411193988922633, 41.358390394401013 ], [ 69.411231723554479, 41.358423454401752 ], [ 69.411310408786832, 41.358557603757419 ], [ 69.411367673691245, 41.358655233319844 ], [ 69.41150061716678, 41.358875414099224 ], [ 69.411530036992318, 41.358924138309284 ], [ 69.411558375246287, 41.358963581947563 ], [ 69.411568931349194, 41.358978275453573 ], [ 69.411583572990011, 41.358998655001038 ], [ 69.411583986215049, 41.3589992294716 ], [ 69.41160300893948, 41.359025707028451 ], [ 69.411624271163944, 41.359055301681373 ], [ 69.411677193612277, 41.359088858274134 ], [ 69.411706405926992, 41.359107381549137 ], [ 69.411728372430645, 41.359121309737645 ], [ 69.411734785503469, 41.359125376199074 ], [ 69.411793390694271, 41.359162536672841 ], [ 69.411831277141388, 41.3591865605339 ], [ 69.411898364225124, 41.359229098186859 ], [ 69.41193262237681, 41.359247603891177 ], [ 69.41219772060704, 41.359390805473396 ], [ 69.412365415409326, 41.359406087509306 ], [ 69.412588301804377, 41.359416636932899 ], [ 69.412617651561334, 41.359418025902002 ], [ 69.412642295044506, 41.359424468425786 ], [ 69.412759273660811, 41.359455050683096 ], [ 69.412765570850951, 41.359459472456791 ], [ 69.412784535184912, 41.359472788345279 ], [ 69.412860172433525, 41.35952589814174 ], [ 69.412862507154955, 41.359542499664038 ], [ 69.412870345854117, 41.359680824391788 ], [ 69.412870338667602, 41.359680867544078 ], [ 69.41286798148829, 41.359688531790162 ], [ 69.412866813678434, 41.35969232042352 ], [ 69.412862546680827, 41.359706162856604 ], [ 69.412854181568875, 41.359733298197391 ], [ 69.412807146678929, 41.359773733845898 ], [ 69.412796696577217, 41.359782717594328 ], [ 69.412760489979703, 41.35981384380522 ], [ 69.412711371896606, 41.359856069543632 ], [ 69.412704545598771, 41.359861938909646 ], [ 69.412642014770142, 41.359938615503644 ], [ 69.412636778490381, 41.359949838417997 ], [ 69.41262282945064, 41.359979736063615 ], [ 69.412622666855555, 41.359980084651419 ], [ 69.412622308427757, 41.359981613852717 ], [ 69.412622160205729, 41.359982245625893 ], [ 69.412606807099209, 41.360047708622076 ], [ 69.412608598339887, 41.360057597176478 ], [ 69.412623964921124, 41.360142418472414 ], [ 69.412669539150443, 41.360195365228471 ], [ 69.412751438554892, 41.360290513799256 ], [ 69.41278267567229, 41.360326803828528 ], [ 69.412859142964223, 41.360400520606291 ], [ 69.412882410228363, 41.360422951440334 ], [ 69.41294975962019, 41.360487877967863 ], [ 69.412995985128063, 41.360532440203151 ], [ 69.413001417240594, 41.360537677066127 ], [ 69.413050789546915, 41.360585274042982 ], [ 69.413062482018674, 41.360596545391452 ], [ 69.413078290571022, 41.360611785341085 ], [ 69.413089934533744, 41.360623010162115 ], [ 69.413098533207659, 41.360631300670178 ], [ 69.413109072242577, 41.36064146018203 ], [ 69.413123260234158, 41.36065513789773 ], [ 69.413151785337703, 41.360684822832638 ], [ 69.413154119160794, 41.360687250784167 ], [ 69.413183402442442, 41.360717723894915 ], [ 69.413202773713223, 41.360737882420217 ], [ 69.413216032846805, 41.360751680130932 ], [ 69.413218790674733, 41.360754550383383 ], [ 69.413219579395545, 41.360755370937127 ], [ 69.413220139045961, 41.360755953483071 ], [ 69.413241901632048, 41.360778600626539 ], [ 69.413255786891398, 41.360793050321199 ], [ 69.413257721862507, 41.360795064283778 ], [ 69.413335102741073, 41.360875589698857 ], [ 69.413343442700196, 41.360880344451388 ], [ 69.41340635171953, 41.36091621072827 ], [ 69.413453180895289, 41.360942909330525 ], [ 69.413455855179876, 41.360943922040576 ], [ 69.413549368902665, 41.360979345980496 ], [ 69.413577468204736, 41.360989990216986 ], [ 69.413676557770472, 41.361016522251624 ], [ 69.413679162884776, 41.361017220090311 ], [ 69.413712145428775, 41.361026050614591 ], [ 69.413770756907795, 41.361041744227116 ], [ 69.413775978814527, 41.361036777774977 ], [ 69.413789864972188, 41.361023574130336 ], [ 69.413981882559128, 41.360840583058298 ], [ 69.414044853562231, 41.360780572112304 ], [ 69.414047632051393, 41.360777923686818 ], [ 69.414058483700032, 41.360790234009826 ], [ 69.414090339756626, 41.360826370033209 ], [ 69.414118980742856, 41.360858860410644 ], [ 69.414129628473916, 41.360870939453406 ], [ 69.414165292489017, 41.360911396645072 ], [ 69.414222006726177, 41.360975734073143 ], [ 69.414355467631282, 41.360886180012969 ], [ 69.414360344584949, 41.360882907918288 ], [ 69.414522901023815, 41.36075568378584 ], [ 69.41486745164768, 41.360569133295975 ], [ 69.414970377917996, 41.360546393708027 ], [ 69.414998756596148, 41.360540123902084 ], [ 69.415082885619114, 41.360572184928394 ], [ 69.415094640972939, 41.360576664611273 ], [ 69.415112735737694, 41.360583560787084 ], [ 69.415437485696074, 41.360648015183514 ], [ 69.415669976878107, 41.360694159084652 ], [ 69.415688804668164, 41.360665536762482 ], [ 69.415867699665398, 41.360727673703636 ], [ 69.41587055001979, 41.360723827819903 ], [ 69.415870168235799, 41.360723169084181 ], [ 69.415876316305628, 41.360716047051625 ], [ 69.41589875711972, 41.360685766099579 ], [ 69.415917728640224, 41.360692238164589 ], [ 69.415929838828561, 41.360696369255237 ], [ 69.416267828157572, 41.36081166885355 ], [ 69.416286551743056, 41.360818055951519 ], [ 69.416306604835128, 41.360824896813909 ], [ 69.416313962935604, 41.360827407017808 ], [ 69.416588396458295, 41.360921023462616 ], [ 69.416629064987831, 41.360934896649482 ], [ 69.416694566545075, 41.360957240996562 ], [ 69.416847739182487, 41.36100949194784 ], [ 69.417145545970541, 41.361111081685223 ], [ 69.417172709228112, 41.361120425292739 ], [ 69.417399938079228, 41.361198588448133 ], [ 69.417467277589537, 41.361221752578238 ], [ 69.417554134796063, 41.361251630086713 ], [ 69.417965796758168, 41.361393235387283 ], [ 69.417829720857242, 41.361612787956766 ], [ 69.417786347500368, 41.361682768699275 ], [ 69.417761471353529, 41.361722904451348 ], [ 69.417862250650302, 41.361757251217803 ], [ 69.418022584657152, 41.361811894376373 ], [ 69.418220896739285, 41.361879481383589 ], [ 69.418675828751987, 41.362033944228834 ], [ 69.418801042224516, 41.362076457771117 ], [ 69.418966541544236, 41.362132648690789 ], [ 69.419428105818668, 41.362288094632511 ], [ 69.419544284934389, 41.362327221368119 ], [ 69.419568156764754, 41.362335260846798 ], [ 69.41956974049458, 41.362335794160039 ], [ 69.419746807420253, 41.362331812851799 ], [ 69.419816387328893, 41.362330247971705 ], [ 69.419873611809138, 41.362328961547227 ], [ 69.419921072500514, 41.362327894246398 ], [ 69.419952312312844, 41.362338509944777 ], [ 69.420285156990218, 41.362451611355795 ], [ 69.420484747374999, 41.362527121186936 ], [ 69.420561351210836, 41.362556102051933 ], [ 69.420686110135833, 41.362633329683398 ], [ 69.420690874800101, 41.362630173643005 ], [ 69.420697591503469, 41.362625723767323 ], [ 69.420727753337445, 41.362605743821888 ], [ 69.420767176802002, 41.362579627757214 ], [ 69.420771074592039, 41.362577045478908 ], [ 69.420777749972899, 41.362572788427698 ], [ 69.420998611565281, 41.362430023328791 ], [ 69.421059081658626, 41.362390142870268 ], [ 69.421111166877139, 41.36235579104406 ], [ 69.421171850769511, 41.362315768952421 ], [ 69.421171902871791, 41.362315733218402 ], [ 69.42126130410719, 41.362256771382086 ], [ 69.421320566864807, 41.362217687080495 ], [ 69.421320604594058, 41.362217661459852 ], [ 69.421366999883503, 41.362187062970811 ], [ 69.421406249074934, 41.362161176649984 ], [ 69.421406275126074, 41.36216115979424 ], [ 69.42146267585116, 41.362122870350987 ], [ 69.421481007771177, 41.362110373518654 ], [ 69.42152404246319, 41.362081046575575 ], [ 69.421570045188886, 41.362049696256314 ], [ 69.421571524714125, 41.362048712555378 ], [ 69.42157195231222, 41.362048427356257 ], [ 69.421656079538607, 41.361987075131687 ], [ 69.421957272975249, 41.361767418644696 ], [ 69.422151118633778, 41.361625737969867 ], [ 69.422164329258365, 41.361615975735539 ], [ 69.422175110838396, 41.361608008311009 ], [ 69.422338288911433, 41.361487422095543 ], [ 69.422433336956701, 41.36141717616816 ], [ 69.422433359414597, 41.361417159986466 ], [ 69.422507310525418, 41.361362608192685 ], [ 69.422641123570131, 41.361263904585464 ], [ 69.422645287261474, 41.361260555646659 ], [ 69.422754423585332, 41.361165124639626 ], [ 69.422809121104663, 41.361118804421672 ], [ 69.42281061859623, 41.361117401329842 ], [ 69.422810640155831, 41.36111738110268 ], [ 69.422810665308646, 41.361117356830057 ], [ 69.422812090036672, 41.361116002283396 ], [ 69.422891455293708, 41.361038784987649 ], [ 69.422894378411655, 41.361035587066986 ], [ 69.422897155104195, 41.361032548941125 ], [ 69.422898922988679, 41.361029851980618 ], [ 69.422899996475451, 41.361028214925504 ], [ 69.422997001051414, 41.360868783228106 ], [ 69.422999009684347, 41.36086517333738 ], [ 69.423012880570667, 41.360837212521957 ], [ 69.423020371621831, 41.360822127700857 ], [ 69.423026855661547, 41.360808950982374 ], [ 69.423026875424483, 41.360808911876305 ], [ 69.423027575212089, 41.360807497989946 ], [ 69.423030498330007, 41.360801577466759 ], [ 69.423035357317417, 41.360791718017822 ], [ 69.423044634219337, 41.360772992949407 ], [ 69.423044831848699, 41.360772593797641 ], [ 69.42306908186977, 41.36072355947104 ], [ 69.423164523377167, 41.360541121110757 ], [ 69.423164535055264, 41.36054110088336 ], [ 69.423230641178705, 41.360424194750742 ], [ 69.42325921838453, 41.360373657265249 ], [ 69.423259290249732, 41.360373531855302 ], [ 69.423259306419411, 41.360373502188438 ], [ 69.423259884036142, 41.360372444969215 ], [ 69.423302986101774, 41.360290807771243 ], [ 69.423436912334239, 41.360074539059397 ], [ 69.423538804643655, 41.359904470052911 ], [ 69.423558063625023, 41.35987231295379 ], [ 69.423586018298366, 41.3598256607577 ], [ 69.423623615487955, 41.359762889157231 ], [ 69.423642754095084, 41.359730935612824 ], [ 69.423642772061356, 41.359730905271391 ], [ 69.423740417136116, 41.359579487964524 ], [ 69.423752283881015, 41.35956251156572 ], [ 69.423755047997147, 41.35955855773225 ], [ 69.423772990048349, 41.359532884779178 ], [ 69.423773007116324, 41.35953286252871 ], [ 69.42382140564888, 41.359476320773823 ], [ 69.423876803854142, 41.359427655637482 ], [ 69.423949284422861, 41.359377035792981 ], [ 69.424000560259245, 41.359352488778391 ], [ 69.424062867407358, 41.359322661641642 ], [ 69.424225064520115, 41.359261054674732 ], [ 69.42433273838671, 41.359220135264032 ], [ 69.424489187179944, 41.359163181264869 ], [ 69.424513048230551, 41.359154493430907 ], [ 69.424598379199367, 41.359123423542457 ], [ 69.424689738762083, 41.359089484661915 ], [ 69.42490478915289, 41.359011225925357 ], [ 69.424908864809325, 41.359009745922336 ], [ 69.424937700729942, 41.358999302966055 ], [ 69.424964404050101, 41.35898953561788 ], [ 69.424972528413505, 41.358986563474119 ], [ 69.425060338732564, 41.35895429803962 ], [ 69.4251121580497, 41.358935251493897 ], [ 69.425112188592436, 41.358935240031457 ], [ 69.425363819279909, 41.358837845532527 ], [ 69.425363866890621, 41.35883782732742 ], [ 69.425506805920321, 41.358782998946317 ], [ 69.425661092468701, 41.358723659692785 ], [ 69.425784909060937, 41.358676039777961 ], [ 69.425976897901762, 41.358600475582769 ], [ 69.42599662490538, 41.35859326768621 ], [ 69.426036175032436, 41.358578818851697 ], [ 69.426056688061919, 41.358571355406013 ], [ 69.426056715011399, 41.358571345966347 ], [ 69.426213766574179, 41.358514027295683 ], [ 69.426489386771351, 41.358411760585604 ], [ 69.426491540033112, 41.358410946070769 ], [ 69.426491578660645, 41.358410929888329 ], [ 69.426782121671309, 41.358293844619439 ], [ 69.427016560400915, 41.358202084030623 ], [ 69.427016622384642, 41.358202060431189 ], [ 69.427016649334121, 41.358202050317182 ], [ 69.427152132346976, 41.358150198976723 ], [ 69.427155974441419, 41.358148609722392 ], [ 69.427156029238645, 41.358148586122951 ], [ 69.427156062476328, 41.358148571289007 ], [ 69.427183653331952, 41.358136240238224 ], [ 69.427207107445696, 41.358125762079737 ], [ 69.427222589011308, 41.358118844741057 ], [ 69.42722619215391, 41.358117234583581 ], [ 69.427231157142486, 41.358115015559946 ], [ 69.42724096494878, 41.35811063887104 ], [ 69.427247637634707, 41.358107281004408 ], [ 69.427275516849534, 41.358091364174932 ], [ 69.427275762987946, 41.358091223926678 ], [ 69.427265913859159, 41.358036903991305 ], [ 69.427263668969246, 41.358034500214622 ], [ 69.427247726567927, 41.358017443848759 ], [ 69.427197234062405, 41.357963388166461 ], [ 69.427156025645374, 41.357919271888939 ], [ 69.42693488827021, 41.357723454807577 ], [ 69.426533699766011, 41.357398318881721 ], [ 69.426389371042561, 41.357289692643242 ], [ 69.426389352177949, 41.357289679157688 ], [ 69.426374246108125, 41.357279805691164 ], [ 69.426317577685055, 41.357242764164177 ], [ 69.426246179586286, 41.357203470521689 ], [ 69.426204721437614, 41.357180658284086 ], [ 69.426148984567504, 41.357157868963967 ], [ 69.426048639156988, 41.357116831580427 ], [ 69.425945305949853, 41.357067781013868 ], [ 69.425757347849682, 41.356978560740131 ], [ 69.425606967176179, 41.356911466263881 ], [ 69.425475225646522, 41.35685268698213 ], [ 69.425129473076822, 41.356704444255534 ], [ 69.425173964836191, 41.356578658973213 ], [ 69.425174534368082, 41.356577059566199 ], [ 69.425202440532388, 41.356499341958347 ], [ 69.425226679773687, 41.356431836346893 ], [ 69.425242390409707, 41.356388080449804 ], [ 69.425351868093401, 41.356149215428914 ], [ 69.425353052971232, 41.356146779890814 ], [ 69.42539324090211, 41.356064192035561 ], [ 69.425393249885261, 41.356064170458218 ], [ 69.425400411254714, 41.356047709649978 ], [ 69.425424781650051, 41.355991741387278 ], [ 69.425487753551479, 41.355747491341923 ], [ 69.425511036087016, 41.355749371275948 ], [ 69.42552082323202, 41.355750161549516 ], [ 69.425676806697965, 41.355762757375892 ], [ 69.425676844427201, 41.355762761421673 ], [ 69.42567724058425, 41.355762797833549 ], [ 69.425724465018732, 41.355766612992923 ], [ 69.425747113343661, 41.355769860395974 ], [ 69.425840894764377, 41.355783297063731 ], [ 69.425841396922607, 41.35578350339788 ], [ 69.426138288327394, 41.355905622736046 ], [ 69.426951806241973, 41.3562689268676 ], [ 69.426951817021731, 41.356268902593172 ], [ 69.426954043047019, 41.356266007868463 ], [ 69.426957876158326, 41.356261023520304 ], [ 69.42709982254965, 41.356076433123832 ], [ 69.427131379467255, 41.356034774035614 ], [ 69.427248487440963, 41.3558801789504 ], [ 69.427251379117862, 41.355876050925517 ], [ 69.427251412355517, 41.355876000353497 ], [ 69.427254378592593, 41.355871771858617 ], [ 69.427257853276103, 41.355866814452014 ], [ 69.427282710558316, 41.355831347271732 ], [ 69.42731745110531, 41.355781773158185 ], [ 69.427434824980324, 41.355614274140336 ], [ 69.427446985474333, 41.355596118037099 ], [ 69.427486431396773, 41.3555372236113 ], [ 69.427493196609191, 41.355527123315078 ], [ 69.42753502037219, 41.35546467932334 ], [ 69.427607625806715, 41.355356277770873 ], [ 69.42761069265508, 41.355351698606754 ], [ 69.427661634318213, 41.35527564033611 ], [ 69.427661739421112, 41.355275440069065 ], [ 69.427655312873569, 41.355272841992083 ], [ 69.427446660284218, 41.355188507263577 ], [ 69.427446088057366, 41.355188275978406 ], [ 69.42734658616493, 41.355148058651771 ], [ 69.427313988099883, 41.355134882807448 ], [ 69.427313193090853, 41.355134560491436 ], [ 69.427028533146995, 41.355019005389586 ], [ 69.427028282517028, 41.355018900198381 ], [ 69.426922391806286, 41.354973759007649 ], [ 69.426882974629933, 41.354956954703368 ], [ 69.426877672773145, 41.35495087046661 ], [ 69.426865822197897, 41.354937233358925 ], [ 69.42681622710937, 41.354916812755832 ], [ 69.426997066060935, 41.354724076983572 ], [ 69.427134725691673, 41.354546379718293 ], [ 69.427600227282028, 41.353945488890247 ], [ 69.427957519609876, 41.353431342345772 ], [ 69.42820296539665, 41.353078139237915 ], [ 69.428517303880867, 41.352619325208124 ], [ 69.428417367203792, 41.352526526245974 ], [ 69.427617575546805, 41.352114168505736 ], [ 69.426840083668395, 41.35171203851592 ], [ 69.426553168953177, 41.351563589872306 ], [ 69.42655312044414, 41.351563566944826 ], [ 69.426493005185336, 41.351535126050372 ], [ 69.426413736946316, 41.351497628098528 ], [ 69.426300820511742, 41.351444229202976 ], [ 69.426300797155548, 41.35144420290375 ], [ 69.426299950044253, 41.351443300637513 ], [ 69.426299477530421, 41.351442798254659 ], [ 69.426244087409984, 41.351383889281607 ], [ 69.426203676696915, 41.351340914249256 ], [ 69.426203656933978, 41.351340890647343 ], [ 69.426002211528171, 41.351066551489851 ], [ 69.425801961779968, 41.350793847814558 ], [ 69.425784741974283, 41.3507703610072 ], [ 69.425497730241005, 41.350378810019876 ], [ 69.42549426274401, 41.350374113168655 ], [ 69.425270040554167, 41.350070408584848 ], [ 69.425269661465109, 41.350069898773434 ], [ 69.425115895939612, 41.349862989877145 ], [ 69.425094550171821, 41.349825684502392 ], [ 69.425042896144689, 41.349735537176407 ], [ 69.425021593496027, 41.349719571094738 ], [ 69.42501501782813, 41.349714653006707 ], [ 69.425014984590476, 41.349714636147745 ], [ 69.425006579952694, 41.349710033658631 ], [ 69.424985651901508, 41.349698566209945 ], [ 69.424952766375569, 41.3496805547923 ], [ 69.424838774657616, 41.349547168723333 ], [ 69.425213455674424, 41.349420846981097 ], [ 69.425324067031966, 41.349383555514564 ], [ 69.425661519168457, 41.349239016908932 ], [ 69.425802377699966, 41.349178684384789 ], [ 69.426530058894173, 41.348866996473483 ], [ 69.426608612074162, 41.348833349640671 ], [ 69.426692900098985, 41.348797245397641 ], [ 69.426819267008312, 41.348743117319081 ], [ 69.426931416281661, 41.348695079412423 ], [ 69.426995156242626, 41.348667776947103 ], [ 69.427080215021931, 41.3486213345412 ], [ 69.427084718276447, 41.348618881862294 ], [ 69.427026908992971, 41.348545823412856 ], [ 69.426892687214789, 41.348376193645358 ], [ 69.426876259723201, 41.348355752101668 ], [ 69.426853354480073, 41.348327249112408 ], [ 69.426783810504048, 41.348240711651499 ], [ 69.426673886357662, 41.348103927159414 ], [ 69.426662645738517, 41.348089939965881 ], [ 69.426579735729376, 41.347986769400379 ], [ 69.426534828049995, 41.347930887945218 ], [ 69.426481153711762, 41.347864097728312 ], [ 69.426521418897764, 41.34784296074141 ], [ 69.426510483705783, 41.347829180525508 ], [ 69.426444842909689, 41.347746464101412 ], [ 69.426443427164784, 41.347744679697861 ], [ 69.426381126304904, 41.34766617061446 ], [ 69.426375563038334, 41.347659160448799 ], [ 69.426338864164052, 41.347612914242113 ], [ 69.426324959141752, 41.347595391846845 ], [ 69.426269565428058, 41.34752558680713 ], [ 69.426079136062555, 41.347285616322857 ], [ 69.426015027792332, 41.347204829293396 ], [ 69.42582577521982, 41.346956462871447 ], [ 69.425815918006251, 41.346943526799286 ], [ 69.425797453135573, 41.346919294080436 ], [ 69.425793897603668, 41.346914628001386 ], [ 69.425755463184245, 41.346863232322157 ], [ 69.42570511800244, 41.346795909592608 ], [ 69.425669465665436, 41.346748233744464 ], [ 69.425587335393985, 41.346638407529177 ], [ 69.425524722818651, 41.346554680704742 ], [ 69.426014912807972, 41.346345309221128 ], [ 69.426141124308757, 41.346291400979354 ], [ 69.426176740713117, 41.346276188698845 ], [ 69.426599144729394, 41.346095768771114 ], [ 69.427054025538126, 41.34590147735048 ], [ 69.427155127330124, 41.345858294356795 ], [ 69.427104314126069, 41.345783268962542 ], [ 69.427151069639962, 41.345764082334384 ], [ 69.427599208592483, 41.345580183106087 ], [ 69.427797510793155, 41.345498807231643 ], [ 69.427863206386519, 41.345471848045129 ], [ 69.42781979709703, 41.345385658152594 ], [ 69.427797510793155, 41.345341406563023 ], [ 69.427791027651736, 41.345328534238298 ], [ 69.427797398503742, 41.345325775256406 ], [ 69.427797510793155, 41.345325726025017 ], [ 69.427963245471474, 41.345254004594679 ], [ 69.427981504627951, 41.345246102607675 ], [ 69.428080602278527, 41.345203218614799 ], [ 69.428315586285493, 41.345106546089291 ], [ 69.428894493892258, 41.344868548773327 ], [ 69.428900265567947, 41.344875947023773 ], [ 69.428906304941592, 41.344883689895525 ], [ 69.429132151285486, 41.345173208974806 ], [ 69.429353038929023, 41.345466808918353 ], [ 69.42958311094803, 41.345772616844037 ], [ 69.429808885426695, 41.34605954768849 ], [ 69.430114901918117, 41.346448452040072 ], [ 69.431354883335729, 41.346001814711549 ], [ 69.43247353110452, 41.345594230860343 ], [ 69.432553453317013, 41.345565110260281 ], [ 69.432595959799642, 41.345545167564801 ], [ 69.432604760594472, 41.34554103955896 ], [ 69.432608572146236, 41.345539249699776 ], [ 69.432608614367055, 41.345539234862954 ], [ 69.432609359070412, 41.34554014597817 ], [ 69.432609545021677, 41.345540371227962 ], [ 69.432678759316005, 41.345625079933896 ], [ 69.432780548319144, 41.345777177798858 ], [ 69.432835942931163, 41.345859950002136 ], [ 69.432853752929987, 41.345877988103794 ], [ 69.432860487599655, 41.345874990408632 ], [ 69.432861500899321, 41.345874539236952 ], [ 69.432870263964901, 41.345870638523813 ], [ 69.433652956190485, 41.345522242663044 ], [ 69.433653009191076, 41.345522219733439 ], [ 69.434963832650311, 41.344968398106964 ], [ 69.435665669313806, 41.344666632862271 ], [ 69.435749951948708, 41.344631328182281 ], [ 69.435767605640677, 41.344623930578457 ], [ 69.435771707348252, 41.344622213530329 ], [ 69.435771740585906, 41.344622237809105 ], [ 69.435775112861521, 41.344626552684836 ], [ 69.43578305127366, 41.344636716043631 ], [ 69.435784577511328, 41.344638669809243 ], [ 69.435789410447555, 41.344644854148008 ], [ 69.435792587788711, 41.344648910723279 ], [ 69.4357940798904, 41.344650829419173 ], [ 69.435803665812784, 41.344663074676909 ], [ 69.435828566214155, 41.34467336144693 ], [ 69.435851855936221, 41.344682975829109 ], [ 69.435904297785882, 41.344679112811555 ], [ 69.435954708544685, 41.344675404907932 ], [ 69.435988398062761, 41.344671929001002 ], [ 69.436073356230764, 41.344634871532357 ], [ 69.436096824717566, 41.344621970068289 ], [ 69.436096993600842, 41.344621714466896 ], [ 69.436135540309664, 41.344558130376335 ], [ 69.436150591582262, 41.344528355808563 ], [ 69.436166744189379, 41.344479649148063 ], [ 69.436167532011908, 41.344477457984787 ], [ 69.43617857230673, 41.344439667319641 ], [ 69.436554328606931, 41.344466713258207 ], [ 69.43672928179673, 41.344478433183937 ], [ 69.436732497765448, 41.344478648995633 ], [ 69.437435162675627, 41.344525720884455 ], [ 69.437990334995945, 41.344556251467914 ], [ 69.438440751177694, 41.344574896900291 ], [ 69.43894362358219, 41.344595385490877 ], [ 69.439317690151327, 41.344604825212308 ], [ 69.439725547748196, 41.344616010980339 ], [ 69.440074748950295, 41.344625587604028 ], [ 69.440895082382909, 41.344647468835007 ], [ 69.441848007151449, 41.344672210229781 ], [ 69.442635495482364, 41.344693879006172 ], [ 69.442645817124969, 41.344694162932548 ], [ 69.443204703080667, 41.344708260784223 ], [ 69.44357779946931, 41.344716284230138 ], [ 69.444287830564789, 41.344735160938946 ], [ 69.445111413203819, 41.344756989529252 ], [ 69.445857213417284, 41.344777770081436 ], [ 69.446277121015399, 41.344788485757093 ], [ 69.446547542662003, 41.34479538495448 ], [ 69.447540897906578, 41.344820599727534 ], [ 69.448374298233304, 41.344841689812625 ], [ 69.449357710025978, 41.344868276987107 ], [ 69.45024817762777, 41.344891174468401 ], [ 69.451274742690046, 41.344916226672211 ], [ 69.452267548165665, 41.344941386771495 ], [ 69.45328911410337, 41.344970509673757 ], [ 69.454143585313432, 41.344989458470309 ], [ 69.455273628211614, 41.34501945673005 ], [ 69.456219242490405, 41.345044779321221 ], [ 69.457279738717602, 41.345074313564517 ], [ 69.457410710391059, 41.345079834247059 ], [ 69.458111694553367, 41.345109378590557 ], [ 69.458401683303492, 41.345125593309383 ], [ 69.459312041402299, 41.345189255751059 ], [ 69.460225681945161, 41.345271699592899 ], [ 69.460230453795944, 41.345272215511471 ], [ 69.460285287859207, 41.345278141493644 ], [ 69.460362890621653, 41.345286526349454 ], [ 69.461317377560519, 41.345389664775965 ], [ 69.461988481061482, 41.345485062262924 ], [ 69.462267371126288, 41.345524946335708 ], [ 69.462491668774632, 41.345557022176486 ], [ 69.46252622247205, 41.345561964182586 ], [ 69.462527292365522, 41.34556211794591 ], [ 69.462528222121861, 41.345558850476003 ], [ 69.46262071446013, 41.345233901295863 ], [ 69.462666103636522, 41.345074432259864 ], [ 69.462666781864556, 41.345072108258755 ], [ 69.462666819593764, 41.345071970680081 ], [ 69.462689343052887, 41.344990250897709 ], [ 69.462714269505426, 41.344909238465881 ], [ 69.462740441921213, 41.34481947751253 ], [ 69.462809703826267, 41.344569714054671 ], [ 69.462833007921319, 41.344451619247877 ], [ 69.462850336423173, 41.344277463614418 ], [ 69.462850342711391, 41.34427738201034 ], [ 69.462850532255899, 41.34427499188827 ], [ 69.4628574322156, 41.344157568264251 ], [ 69.462860901509231, 41.343900598813796 ], [ 69.462861723467711, 41.343729978361743 ], [ 69.462862063030883, 41.343659368641326 ], [ 69.462870216140402, 41.343542673630992 ], [ 69.462872372995406, 41.343511781756739 ], [ 69.46288221403934, 41.343306208959753 ], [ 69.462888328871472, 41.343078650575805 ], [ 69.46288867023128, 41.343062645093866 ], [ 69.462894210141656, 41.342802767906008 ], [ 69.462895300696417, 41.342751542309593 ], [ 69.462898396290882, 41.342467136126501 ], [ 69.462898436715051, 41.342458033985857 ], [ 69.46289843761339, 41.342457478253507 ], [ 69.462898549902789, 41.342378643788081 ], [ 69.462899120332978, 41.342298521057977 ], [ 69.46289887060135, 41.342088569362488 ], [ 69.462898626259573, 41.342068836026478 ], [ 69.462897753995463, 41.341998301390753 ], [ 69.462897753995463, 41.341998275087661 ], [ 69.46290720067897, 41.341878235257894 ], [ 69.462908230148273, 41.341865161940262 ], [ 69.462523207725923, 41.341793375998783 ], [ 69.462523114301163, 41.34179335846337 ], [ 69.462513931722327, 41.341791677760348 ], [ 69.462513933518963, 41.341791646061708 ], [ 69.462514920767433, 41.341616168828281 ], [ 69.462516785669976, 41.341540725787873 ], [ 69.462520671781888, 41.341471747193964 ], [ 69.462522475598988, 41.341447009304261 ], [ 69.462522469310784, 41.341446987722122 ], [ 69.462522803484063, 41.341445497877551 ], [ 69.462550784208531, 41.341310019672584 ], [ 69.462554751168838, 41.341286145010656 ], [ 69.462575704372838, 41.341160052064879 ], [ 69.462582904369839, 41.341116726990869 ], [ 69.462587114773569, 41.341037395183669 ], [ 69.462588811691148, 41.341005397375838 ], [ 69.462588858403535, 41.341004826793188 ], [ 69.462598892585234, 41.340877045157193 ], [ 69.462599341742887, 41.340872386064056 ], [ 69.462603568316297, 41.340827947957187 ], [ 69.462604229476369, 41.340667631811989 ], [ 69.462604228578044, 41.340667608880665 ], [ 69.462599149503419, 41.340614721779311 ], [ 69.46259906596012, 41.340613853760061 ], [ 69.462592571140604, 41.34059163124995 ], [ 69.462592560360804, 41.340591604946333 ], [ 69.462573611298239, 41.34056010803743 ], [ 69.46249933320064, 41.340457579760695 ], [ 69.462357225112555, 41.340261414067292 ], [ 69.462336032956713, 41.340232376738236 ], [ 69.46214660161948, 41.339972709478126 ], [ 69.462136277281928, 41.339958609926761 ], [ 69.462136253925749, 41.339958578901651 ], [ 69.462323312812273, 41.339848197620306 ], [ 69.46232950669615, 41.339844625008027 ], [ 69.462329539035522, 41.339844606123137 ], [ 69.462417448169205, 41.33979391169774 ], [ 69.462482207718068, 41.339751343808572 ], [ 69.462536316840868, 41.339715780843044 ], [ 69.46253635996004, 41.339715752515644 ], [ 69.462536984289144, 41.339715341768979 ], [ 69.462607191221863, 41.339670616226485 ], [ 69.462616075560021, 41.339664954797371 ], [ 69.46261610789935, 41.339664935912424 ], [ 69.46261613574714, 41.339664919050911 ], [ 69.4626491173928, 41.339646726125345 ], [ 69.462695945670234, 41.339620882099389 ], [ 69.462703994575179, 41.339616440767614 ], [ 69.462756192083091, 41.33958121361065 ], [ 69.462779411736534, 41.339565537081285 ], [ 69.462795159203495, 41.339548755778317 ], [ 69.462795188847892, 41.339548723404114 ], [ 69.462890805526712, 41.339480686274548 ], [ 69.462961926046091, 41.339431760010122 ], [ 69.462992393307275, 41.339403617325068 ], [ 69.462992442714622, 41.339403570787056 ], [ 69.46306748258354, 41.33933360183849 ], [ 69.463079811960824, 41.339344347411981 ], [ 69.463091737096221, 41.339354740238697 ], [ 69.463098027099832, 41.339360233078644 ], [ 69.463117215114295, 41.33937282802934 ], [ 69.463185936233543, 41.339417934174044 ], [ 69.46323049716321, 41.339447193764769 ], [ 69.46329100588413, 41.339490658214444 ], [ 69.46329105618976, 41.339490694635423 ], [ 69.463310811041197, 41.33950502023329 ], [ 69.46334453110201, 41.339529472213925 ], [ 69.463344576017761, 41.339529504588135 ], [ 69.463370139375812, 41.339549698677082 ], [ 69.463387351994953, 41.339563774710832 ], [ 69.463407176914956, 41.339579988112632 ], [ 69.463411415166476, 41.339583454174402 ], [ 69.463411433132777, 41.339583440010706 ], [ 69.463423230707434, 41.339573679191737 ], [ 69.463433419399365, 41.339565251783647 ], [ 69.463434764177364, 41.339563773361881 ], [ 69.463449959180366, 41.339547075691847 ], [ 69.46345654023817, 41.339539843428277 ], [ 69.463514378267718, 41.339476269213911 ], [ 69.463546999688958, 41.339447399476221 ], [ 69.46360810758614, 41.339390787666744 ], [ 69.46367708023368, 41.339320699998602 ], [ 69.463723792628443, 41.339275894598174 ], [ 69.463802824610511, 41.339205249697272 ], [ 69.463863141091934, 41.339151684918228 ], [ 69.463962208199803, 41.339050017743013 ], [ 69.463962224369453, 41.339050002230238 ], [ 69.463962825342378, 41.339049385092196 ], [ 69.463974175556004, 41.339037937348898 ], [ 69.46408078851222, 41.338930408860307 ], [ 69.464081277195746, 41.338929915148952 ], [ 69.464118647111562, 41.338896099959591 ], [ 69.464195260828888, 41.338816497008246 ], [ 69.46426881757931, 41.338739085990454 ], [ 69.464287136922891, 41.33872081861449 ], [ 69.464340287543322, 41.338667817969856 ], [ 69.464340322577613, 41.338667783571815 ], [ 69.464346236187097, 41.338661885990355 ], [ 69.464383819901968, 41.338624671321945 ], [ 69.464384640063813, 41.338623923332257 ], [ 69.464472193464687, 41.33854391603888 ], [ 69.464467718956243, 41.33853726775768 ], [ 69.46446776746528, 41.338537227289258 ], [ 69.46448953544126, 41.338515750712588 ], [ 69.464642367617174, 41.338364922785125 ], [ 69.464655658191802, 41.338353584186514 ], [ 69.464658080948098, 41.338351512199203 ], [ 69.464658110592509, 41.338351483871222 ], [ 69.464658946924047, 41.338350902473735 ], [ 69.464715639601621, 41.33831195085336 ], [ 69.464823785982063, 41.338246795817312 ], [ 69.464824766942343, 41.338246204976222 ], [ 69.46486734978177, 41.338220549922369 ], [ 69.464927424616391, 41.33818435615963 ], [ 69.465030560194151, 41.338122220631391 ], [ 69.465039871232065, 41.338130928808802 ], [ 69.465073972178587, 41.338162821461545 ], [ 69.465094154628062, 41.33818169669766 ], [ 69.465459372791642, 41.338523260972835 ], [ 69.465465090568443, 41.338519776643864 ], [ 69.465473762904182, 41.338514490796342 ], [ 69.465567408679306, 41.338457418184774 ], [ 69.465615296070482, 41.33842572397171 ], [ 69.465765073974424, 41.338326599784104 ], [ 69.465765132364908, 41.338326562013506 ], [ 69.465836642753118, 41.338281952876102 ], [ 69.465836696652005, 41.338281921850189 ], [ 69.465911154412666, 41.338240032844801 ], [ 69.465957996164832, 41.338213681054334 ], [ 69.466001915697404, 41.33818683823413 ], [ 69.466008756368268, 41.338182657152601 ], [ 69.466020911472384, 41.338175226441329 ], [ 69.466021130661318, 41.338175092220418 ], [ 69.466061112877995, 41.338150184459259 ], [ 69.466184603381791, 41.338073255575701 ], [ 69.466185425340271, 41.338072744321472 ], [ 69.466452581610824, 41.337906719343337 ], [ 69.466453874286501, 41.33790590794429 ], [ 69.466767002740028, 41.337709438467726 ], [ 69.466969046423841, 41.337593951586122 ], [ 69.467210477639611, 41.337452345098214 ], [ 69.467211249292419, 41.337451892519198 ], [ 69.467339974279398, 41.337372703285581 ], [ 69.467376757595318, 41.337350074303821 ], [ 69.467515275117194, 41.337265836416712 ], [ 69.467517833519125, 41.3372640712861 ], [ 69.467631870152857, 41.337185425460767 ], [ 69.467713162296192, 41.337128332124344 ], [ 69.46774661555736, 41.337104704815502 ], [ 69.467787424224113, 41.337075883264255 ], [ 69.467901759996806, 41.336999032027059 ], [ 69.46801528818412, 41.336926826585085 ], [ 69.468081635056052, 41.336881692410032 ], [ 69.468082140807553, 41.336881317393477 ], [ 69.468201252922654, 41.33679320597188 ], [ 69.468287375307241, 41.336736829276433 ], [ 69.468310171854228, 41.336722451133845 ], [ 69.468405356443412, 41.336662417953235 ], [ 69.468430979090257, 41.336646258459055 ], [ 69.468526448445417, 41.336584797980287 ], [ 69.468527857902089, 41.336583926534914 ], [ 69.468762122358484, 41.336439095789267 ], [ 69.468765124528204, 41.336437292190041 ], [ 69.46882854019735, 41.336400547722711 ], [ 69.468881638715501, 41.336369783987159 ], [ 69.468924281742005, 41.336344518727259 ], [ 69.468943904541078, 41.336332892441604 ], [ 69.468993025319122, 41.336303789958365 ], [ 69.46901239479331, 41.336291522893887 ], [ 69.469022587976838, 41.336285066614252 ], [ 69.469031517230746, 41.336279410961311 ], [ 69.469032563768039, 41.336278748605736 ], [ 69.469033206961797, 41.336278341209884 ], [ 69.469032915009336, 41.336278031615969 ], [ 69.469027163096555, 41.33627191190876 ], [ 69.46902443670966, 41.336269010224434 ], [ 69.469016208141682, 41.336260243791386 ], [ 69.469015759882339, 41.336259781086603 ], [ 69.469015146333007, 41.336259134244266 ], [ 69.46901470166695, 41.336258664120088 ], [ 69.469013567993059, 41.336257365039366 ], [ 69.4690104382626, 41.336254041119403 ], [ 69.468967683844966, 41.336208640051751 ], [ 69.468885689219107, 41.336137058318727 ], [ 69.468798184327269, 41.336060662609476 ], [ 69.468443809727461, 41.335751292222561 ], [ 69.468428572503626, 41.335738045676983 ], [ 69.46842854196089, 41.335738018696894 ], [ 69.468305999179748, 41.335631041225419 ], [ 69.468297116638212, 41.335622545856864 ], [ 69.468291000907726, 41.335616703308972 ], [ 69.46829098473809, 41.335616687120918 ], [ 69.468276834475716, 41.335601958663744 ], [ 69.468276808424562, 41.335601931009087 ], [ 69.468047847621591, 41.335363588009557 ], [ 69.46804782067214, 41.335363559680324 ], [ 69.467843033533427, 41.335183723994774 ], [ 69.467694596814212, 41.335082876899101 ], [ 69.467627579799085, 41.335044220782876 ], [ 69.467510989254961, 41.334976935748053 ], [ 69.46732566681186, 41.33487002582676 ], [ 69.467325028109684, 41.334869694641782 ], [ 69.467324975109094, 41.334869663614299 ], [ 69.467315784445432, 41.33486415488187 ], [ 69.467315728749867, 41.334864118458306 ], [ 69.467308273631332, 41.334859291656237 ], [ 69.466902950181861, 41.334588161193842 ], [ 69.466902923232425, 41.334588144331015 ], [ 69.466874332551868, 41.334569904120421 ], [ 69.46648459127934, 41.33432132425137 ], [ 69.466484571516403, 41.334321311435538 ], [ 69.466417738655878, 41.334278683984643 ], [ 69.466404775966325, 41.334269921330851 ], [ 69.466091551393077, 41.334045266207518 ], [ 69.465955018249673, 41.333947348141599 ], [ 69.465926322466217, 41.333926869691396 ], [ 69.465480076264015, 41.333608410749953 ], [ 69.465346062894952, 41.333530607714025 ], [ 69.465253268722748, 41.33347673473164 ], [ 69.464827093578933, 41.333307404321836 ], [ 69.464827044171599, 41.333307384760516 ], [ 69.464827001950766, 41.333307367897348 ], [ 69.464826128788317, 41.333307007025219 ], [ 69.464818345784693, 41.333303792228122 ], [ 69.464798802935675, 41.333294624726726 ], [ 69.464798768799696, 41.333294606514485 ], [ 69.464665458811524, 41.333226531823549 ], [ 69.464526484945495, 41.333155566705386 ], [ 69.464520238959352, 41.333152030150515 ], [ 69.464503250020684, 41.333142377641401 ], [ 69.464492588814892, 41.333135115661918 ], [ 69.4644839191741, 41.333129173060627 ], [ 69.463980430525325, 41.332753712879395 ], [ 69.463980401779253, 41.332753690619782 ], [ 69.463974881631827, 41.332749358768631 ], [ 69.463912042681059, 41.332697929649946 ], [ 69.463744306556265, 41.332560222123 ], [ 69.463744265233771, 41.332560188396293 ], [ 69.463685299818522, 41.332511762160422 ], [ 69.463685264784203, 41.332511733155407 ], [ 69.463258736602498, 41.33216143917398 ], [ 69.462766982646258, 41.3317877103634 ], [ 69.462766956595146, 41.33178769147618 ], [ 69.462502935444917, 41.331601335211005 ], [ 69.462433379790809, 41.331552235740531 ], [ 69.462433357332912, 41.331552219551469 ], [ 69.462425718958045, 41.331546825885766 ], [ 69.462425692906905, 41.331546806998524 ], [ 69.462181881155658, 41.33137464589354 ], [ 69.462161501076793, 41.331364238302527 ], [ 69.46182626867737, 41.331193037947692 ], [ 69.461802992430052, 41.331179890308434 ], [ 69.461796144572645, 41.331175508435983 ], [ 69.461796123911384, 41.33117549561954 ], [ 69.461783982282, 41.331167418565101 ], [ 69.461314680818035, 41.330855228917549 ], [ 69.461167816150535, 41.330777166263047 ], [ 69.46112146038692, 41.33075252009796 ], [ 69.460965860501602, 41.33066977253899 ], [ 69.460878090606798, 41.330625935245102 ], [ 69.460877321648908, 41.330625591222031 ], [ 69.46041600620778, 41.330395201934671 ], [ 69.460032009661504, 41.330205058757159 ], [ 69.460020306409945, 41.330199262942514 ], [ 69.459914404919431, 41.330146823343405 ], [ 69.459902611836398, 41.33014098367719 ], [ 69.459812210776093, 41.330096219181378 ], [ 69.459741093849985, 41.330062807515255 ], [ 69.459365593569657, 41.329886412306031 ], [ 69.458936941770588, 41.329716074882924 ], [ 69.458898658268097, 41.329703716860791 ], [ 69.458741234802801, 41.329652901215653 ], [ 69.458666613548772, 41.329628883994729 ], [ 69.458666577616157, 41.329628872527124 ], [ 69.458666538988581, 41.329628860384943 ], [ 69.458462766047859, 41.329563123282142 ], [ 69.458228663288196, 41.329495590416329 ], [ 69.458186738913895, 41.329480631222452 ], [ 69.457903331221516, 41.329357221114464 ], [ 69.457792141348918, 41.3293088032908 ], [ 69.457778472583541, 41.329302461670331 ], [ 69.457273163948017, 41.329054236762758 ], [ 69.456865291978119, 41.328863939241693 ], [ 69.456756944375073, 41.328813381977902 ], [ 69.456661341170928, 41.328768781165984 ], [ 69.456623239128177, 41.32875100613149 ], [ 69.456022549172403, 41.328515675010621 ], [ 69.456016967041236, 41.328513328157591 ], [ 69.456012362277079, 41.328511392121811 ], [ 69.45600459005324, 41.328507907257226 ], [ 69.456000041882959, 41.328505841702516 ], [ 69.455782814874212, 41.328401710541463 ], [ 69.455447760341244, 41.328241054178584 ], [ 69.455429762594534, 41.328231753747126 ], [ 69.455296607116594, 41.328157070296399 ], [ 69.455284127720645, 41.328149643163535 ], [ 69.455064864231147, 41.327950227364283 ], [ 69.454939948101, 41.327836588404672 ], [ 69.454700691706563, 41.327618929490399 ], [ 69.454700656672273, 41.327618896435659 ], [ 69.454573432770147, 41.327501732179137 ], [ 69.453930068346821, 41.326909233308115 ], [ 69.453783995993405, 41.326774715847264 ], [ 69.453657624592523, 41.326658344746939 ], [ 69.453519418786044, 41.326531066548235 ], [ 69.452778463186874, 41.325848690798608 ], [ 69.452778443423938, 41.325848671909661 ], [ 69.452738208780673, 41.325800030882817 ], [ 69.452729516681998, 41.325784330123945 ], [ 69.45272949961398, 41.325784294369868 ], [ 69.452729496020723, 41.325784212068044 ], [ 69.452709012635609, 41.325742586891742 ], [ 69.452702091116379, 41.325726789650375 ], [ 69.452702083031539, 41.325726768737603 ], [ 69.452694068262559, 41.325705810082241 ], [ 69.452693640664478, 41.32570061629054 ], [ 69.4526916724557, 41.325676412770555 ], [ 69.452688072906341, 41.325632139693973 ], [ 69.452664632267343, 41.325344010467276 ], [ 69.452633109485689, 41.325250172860791 ], [ 69.452618082467609, 41.325205460322671 ], [ 69.452606116009719, 41.325157264059378 ], [ 69.452582295383337, 41.325061203335252 ], [ 69.452520237966851, 41.324813773156791 ], [ 69.452489169732786, 41.324689809119043 ], [ 69.452484357457791, 41.324681325815952 ], [ 69.45247681969424, 41.324668037891584 ], [ 69.452248448186069, 41.324265472607252 ], [ 69.452237911846112, 41.324246899616696 ], [ 69.452190962296115, 41.324164135699696 ], [ 69.452190949719679, 41.324164115461045 ], [ 69.451770804068062, 41.323594452080279 ], [ 69.451754751173922, 41.323569063805664 ], [ 69.451714468021649, 41.323493571527528 ], [ 69.45164014590658, 41.323354340794218 ], [ 69.451123257088739, 41.322924991145371 ], [ 69.450970456353858, 41.322814081768712 ], [ 69.450845745937912, 41.322723561081624 ], [ 69.450666677565835, 41.322593584739913 ], [ 69.450646011822712, 41.322577002130735 ], [ 69.450639879024266, 41.32257135068479 ], [ 69.45044897534828, 41.322389940156938 ], [ 69.45020147870774, 41.322154749324952 ], [ 69.450142180915833, 41.322122865026223 ], [ 69.44957580301066, 41.321818325031785 ], [ 69.449558408033496, 41.321808214107982 ], [ 69.449546824257894, 41.321799932823637 ], [ 69.449529708656797, 41.32178769878427 ], [ 69.44935809450493, 41.321647462554004 ], [ 69.44891929533641, 41.32128889290194 ], [ 69.448768883221859, 41.321162525116556 ], [ 69.448747830304853, 41.32114483368796 ], [ 69.448634503340188, 41.321049604969424 ], [ 69.448595629644601, 41.321016937530722 ], [ 69.448502779776803, 41.320938890074991 ], [ 69.448451868656406, 41.320896129056472 ], [ 69.448302407857767, 41.32077056470073 ], [ 69.448284783810209, 41.320777439456002 ], [ 69.448149378950774, 41.320830243489198 ], [ 69.448113467898978, 41.3208426227594 ], [ 69.44780239389253, 41.320949853897943 ], [ 69.447660556197349, 41.320998747492823 ], [ 69.447089419916111, 41.321204870374245 ], [ 69.447012711875701, 41.321232554737072 ], [ 69.446655512074315, 41.321361465820871 ], [ 69.446146924588007, 41.321540030168578 ], [ 69.446061598110745, 41.321569988630181 ], [ 69.445774145304654, 41.32167091263959 ], [ 69.445492736363832, 41.32176971337946 ], [ 69.445238579613772, 41.321861455151129 ], [ 69.445088450468504, 41.321915646725905 ], [ 69.444422359566815, 41.322153624695495 ], [ 69.443276716525403, 41.322547761273015 ], [ 69.442986639740383, 41.322647556448651 ], [ 69.442475315087421, 41.322823467977628 ], [ 69.441416866120747, 41.32319652905251 ], [ 69.441406978364427, 41.323200013526531 ], [ 69.441086956239374, 41.32331280514083 ], [ 69.44101370761112, 41.323338621905656 ], [ 69.440891491816714, 41.323381697722986 ], [ 69.440638204635846, 41.323470967408099 ], [ 69.439429401046795, 41.323899619270883 ], [ 69.43836481479012, 41.324279087804797 ], [ 69.437911639882117, 41.324441227304789 ], [ 69.437636538911178, 41.324532173313763 ], [ 69.437339375316895, 41.324629278450523 ], [ 69.437164831758849, 41.324685633917362 ], [ 69.436855805911222, 41.324778038104149 ], [ 69.4364106996711, 41.324903709422848 ], [ 69.436095135884827, 41.324991794425671 ], [ 69.435704114513015, 41.325092248327834 ], [ 69.435268892435957, 41.325196531843297 ], [ 69.434944616788059, 41.325269127394911 ], [ 69.434643448504232, 41.325335579868948 ], [ 69.434226525109523, 41.32541874234122 ], [ 69.433929953504972, 41.32547955965952 ], [ 69.433530295730009, 41.325551941719837 ], [ 69.43311749380581, 41.325620427845145 ], [ 69.432581109749691, 41.325699734580439 ], [ 69.43212380348966, 41.325764340220395 ], [ 69.431740419594419, 41.325808626699285 ], [ 69.431257779945071, 41.325859365064829 ], [ 69.430748657062864, 41.325904307194151 ], [ 69.430079297191838, 41.325951572626742 ], [ 69.429369678423015, 41.325986475924815 ], [ 69.428974747583112, 41.325994565089857 ], [ 69.428571228849052, 41.326003226317134 ], [ 69.428225640671045, 41.326010643575664 ], [ 69.427505758650128, 41.326000193302377 ], [ 69.426973546370164, 41.325983822710874 ], [ 69.426485585999373, 41.32596244251107 ], [ 69.425875035236757, 41.325924985150543 ], [ 69.425420360142226, 41.32588612189344 ], [ 69.424895841034342, 41.325837526767685 ], [ 69.424470252490394, 41.325787180330735 ], [ 69.423889402726005, 41.325710307005558 ], [ 69.423279683803301, 41.325623728021888 ], [ 69.421600545687724, 41.325403752528445 ], [ 69.420739982103399, 41.325280785338038 ], [ 69.419869055553988, 41.325154121718207 ], [ 69.418188090265119, 41.324914586902707 ], [ 69.416083562133238, 41.324627625638499 ], [ 69.414400838841331, 41.32436989034602 ], [ 69.4130963035891, 41.32414901472162 ], [ 69.413066042940429, 41.324143890966567 ], [ 69.412729719986302, 41.324087952622655 ], [ 69.411398524533055, 41.323866528247059 ], [ 69.410448175234407, 41.323712746616067 ], [ 69.409807480604115, 41.323604297598266 ], [ 69.409226364938391, 41.323505930727613 ], [ 69.408582440864635, 41.323398772607192 ], [ 69.407874952001379, 41.323281032722818 ], [ 69.406994866229326, 41.323137701118753 ], [ 69.406898657560674, 41.323122033449977 ], [ 69.406659892544681, 41.323081915052803 ], [ 69.405570974520217, 41.322898950912517 ], [ 69.404736113532849, 41.322761056038253 ], [ 69.40454741432255, 41.322730082795843 ], [ 69.403497824541219, 41.322557799221137 ], [ 69.402671845197034, 41.322417671241134 ], [ 69.402278633732578, 41.322350962126528 ], [ 69.401899225780738, 41.322288967337613 ], [ 69.401083448603231, 41.32215566886299 ], [ 69.400045191967507, 41.321983476870656 ], [ 69.39890385005971, 41.321793078415659 ], [ 69.397460237635201, 41.3215551679436 ], [ 69.395849942809718, 41.321286011464451 ], [ 69.394377189037371, 41.321041421413589 ], [ 69.392957855380047, 41.320806687179974 ], [ 69.391969187544632, 41.320642733250857 ], [ 69.390498592423938, 41.320389242682083 ], [ 69.389897264664327, 41.320275987237324 ], [ 69.389542857725189, 41.320205912061162 ], [ 69.388994268259268, 41.32008998867591 ], [ 69.388814813611603, 41.320048508288416 ], [ 69.388511441760357, 41.319978383617062 ], [ 69.388150016283888, 41.319894837738069 ], [ 69.387228420260868, 41.319666687512985 ], [ 69.38660175911194, 41.319496066997949 ], [ 69.385793442442861, 41.31926709969769 ], [ 69.385202778583974, 41.319089945938629 ], [ 69.384456902013682, 41.318848347934441 ], [ 69.383977528638724, 41.31868208032823 ], [ 69.383390944029571, 41.318475867831431 ], [ 69.382851891977026, 41.318274907763509 ], [ 69.382278400313112, 41.318054482411071 ], [ 69.381922230879368, 41.317906176316313 ], [ 69.381593450180333, 41.317769274813507 ], [ 69.381050439252334, 41.31753605966739 ], [ 69.380612921979733, 41.317343775947343 ], [ 69.379791157530846, 41.316981409040444 ], [ 69.37906571583666, 41.316660834400366 ], [ 69.378275099571937, 41.316306720715993 ], [ 69.377565660466217, 41.315990295576633 ], [ 69.376709728595486, 41.315615938963518 ], [ 69.375918788937284, 41.315266666073697 ], [ 69.374848633125836, 41.314799696155077 ], [ 69.37384518441074, 41.314383091671971 ], [ 69.373051174310916, 41.314065993263618 ], [ 69.372244078452312, 41.31375284318058 ], [ 69.371497911726195, 41.313467012199901 ], [ 69.37117831091102, 41.313348967610686 ], [ 69.371031761552189, 41.313294838410428 ], [ 69.370541585037643, 41.313118293899379 ], [ 69.370443169208372, 41.313082846618784 ], [ 69.36992115999341, 41.312893197436182 ], [ 69.369417922872941, 41.312723973445543 ], [ 69.368783716773919, 41.312504521192736 ], [ 69.368360223101206, 41.312357827254075 ], [ 69.367913927491642, 41.312201413947797 ], [ 69.367289663047899, 41.311989905768399 ], [ 69.366787025103704, 41.311817220665795 ], [ 69.366143523238122, 41.311594354488925 ], [ 69.365651081172416, 41.311426710773858 ], [ 69.365116824326861, 41.31124017347004 ], [ 69.364749024405114, 41.311116361074298 ], [ 69.364242212888158, 41.310941262069775 ], [ 69.363831020744954, 41.310798938409832 ], [ 69.363608606863735, 41.310722034584067 ], [ 69.363085771198698, 41.310542247617136 ], [ 69.362556177507798, 41.310360356912497 ], [ 69.362034908504612, 41.31018219581064 ], [ 69.361506335299879, 41.310002090213786 ], [ 69.361059057831682, 41.309845243451193 ], [ 69.360560176642011, 41.309674620843701 ], [ 69.360057635715904, 41.309503406013143 ], [ 69.359497953852866, 41.30930981989772 ], [ 69.359180663504617, 41.309200049992278 ], [ 69.358812419815123, 41.309077363975426 ], [ 69.358334786476874, 41.308919311181079 ], [ 69.357837946259536, 41.308762327532079 ], [ 69.357230706687034, 41.308575474903542 ], [ 69.356657661485826, 41.308408496186246 ], [ 69.356172255923752, 41.308277448751774 ], [ 69.355609829707504, 41.308133428258202 ], [ 69.355462361372162, 41.308092091414167 ], [ 69.355215948998151, 41.308030859069724 ], [ 69.354970840079616, 41.307972749593858 ], [ 69.354689925212185, 41.307904654520868 ], [ 69.354417703341724, 41.307844967946281 ], [ 69.354175940647622, 41.307793507024776 ], [ 69.35391776393665, 41.307735801537774 ], [ 69.353460774781965, 41.307642064089535 ], [ 69.352829366036744, 41.307517822439422 ], [ 69.352438447971167, 41.307448884072365 ], [ 69.3517943747771, 41.307335772817382 ], [ 69.351395461705494, 41.307274940591931 ], [ 69.351037312384875, 41.307218603135013 ], [ 69.350462440010389, 41.307140717303461 ], [ 69.350011923217281, 41.307078913860529 ], [ 69.349725483710856, 41.30704423391677 ], [ 69.349440690816323, 41.307009751670812 ], [ 69.348996057090048, 41.306959746308543 ], [ 69.348348469686556, 41.306889593384895 ], [ 69.348323904356803, 41.306886927247071 ], [ 69.348175603283181, 41.30687083257159 ], [ 69.347615363566334, 41.306810032977651 ], [ 69.346987846322946, 41.306737172585983 ], [ 69.346496145367311, 41.306684876733797 ], [ 69.345973843301579, 41.306628784395485 ], [ 69.345245719237923, 41.30654636047538 ], [ 69.344353605922549, 41.306450951174028 ], [ 69.344018441795086, 41.30641435647258 ], [ 69.34353289789243, 41.306361339668399 ], [ 69.343312875326518, 41.306333029516793 ], [ 69.342964126875358, 41.306288155542866 ], [ 69.34298055257031, 41.306752782786482 ], [ 69.341727945331414, 41.306622186166983 ], [ 69.341474623116227, 41.306612887373774 ], [ 69.341310332928856, 41.306635152515376 ], [ 69.341181773231909, 41.306692491883794 ], [ 69.341060070375548, 41.306786667293977 ], [ 69.341011569435025, 41.306858847430803 ], [ 69.34097422826531, 41.306941045572657 ], [ 69.340985938703355, 41.307056604333724 ], [ 69.341055464713065, 41.30718162422972 ], [ 69.340845201444424, 41.307321946243022 ], [ 69.34069679077632, 41.307420992766005 ], [ 69.340557804333898, 41.307307972560139 ], [ 69.34038889051773, 41.307170613554163 ], [ 69.340257375363507, 41.307087238852752 ], [ 69.340059210605105, 41.307004061086275 ], [ 69.339834523986255, 41.306947767257348 ], [ 69.339616756191717, 41.306940032697518 ], [ 69.339312525551037, 41.306967734590835 ], [ 69.339108469641005, 41.30703367195953 ], [ 69.338729635712653, 41.307242099574545 ], [ 69.338030994356643, 41.307876225601412 ], [ 69.337466042976118, 41.308400564087677 ], [ 69.336813777146645, 41.308994591590817 ], [ 69.336362777059946, 41.309414094928783 ], [ 69.336127708611343, 41.309597920822583 ], [ 69.335894562557428, 41.309784364308811 ], [ 69.335604547756162, 41.310007287955671 ], [ 69.335269090777928, 41.310257122534388 ], [ 69.334785498016089, 41.310619532895629 ], [ 69.334329321836705, 41.310959420501923 ], [ 69.333715077201632, 41.311417723727402 ], [ 69.333185277796503, 41.311812655308763 ], [ 69.333129398992583, 41.311851830595828 ], [ 69.332958730766691, 41.311971479073492 ], [ 69.332679980839103, 41.312135458863956 ], [ 69.332660462244604, 41.312145955893854 ], [ 69.33245012890734, 41.312259078371333 ], [ 69.332318358631568, 41.312344032782953 ], [ 69.332148089257657, 41.312465415796403 ], [ 69.331659554863464, 41.312843259337093 ], [ 69.33149729486864, 41.312965750690033 ], [ 69.3311398740817, 41.313235571732513 ], [ 69.330268915192931, 41.313886323475273 ], [ 69.329655127800308, 41.314340022726604 ], [ 69.329503295449328, 41.314454662221173 ], [ 69.329471203135782, 41.314478893524289 ], [ 69.329365213610345, 41.314551748637946 ], [ 69.329223617562022, 41.314634301430054 ], [ 69.329075617424024, 41.314713755129802 ], [ 69.328900135126531, 41.314801055713609 ], [ 69.328705150404218, 41.314863782272759 ], [ 69.328604384582164, 41.314881266243688 ], [ 69.328357322726205, 41.314924133090891 ], [ 69.327698738146992, 41.315000278300928 ], [ 69.32711672596264, 41.315059965746691 ], [ 69.326418497831654, 41.315131447839725 ], [ 69.325553657368275, 41.315221105316702 ], [ 69.324762962950118, 41.31529789250726 ], [ 69.323997548920715, 41.315377032331341 ], [ 69.323046883415103, 41.315473531049648 ], [ 69.322258455446431, 41.315554480910286 ], [ 69.321748825016073, 41.315606157010883 ], [ 69.321418068921702, 41.315640237980681 ], [ 69.321198034677721, 41.315666889027511 ], [ 69.321021798693693, 41.315691555742433 ], [ 69.320953842939105, 41.315702517749273 ], [ 69.320768505224606, 41.315732412772732 ], [ 69.320500375180302, 41.315787227477038 ], [ 69.320313635195674, 41.315833704092029 ], [ 69.320058741827054, 41.315911720552492 ], [ 69.319861833811714, 41.31597435698157 ], [ 69.319597746186176, 41.31606446332794 ], [ 69.319260004792199, 41.316187671911237 ], [ 69.318921276149695, 41.316310474764975 ], [ 69.318782871815529, 41.316362183326611 ], [ 69.31864446568477, 41.316413892521993 ], [ 69.31819674355053, 41.316575813421586 ], [ 69.317748207542664, 41.316740783557599 ], [ 69.317310319265829, 41.31689937603889 ], [ 69.316725295030295, 41.317110887180455 ], [ 69.316238753997695, 41.317286790040107 ], [ 69.3155917999065, 41.31755566954557 ], [ 69.315173823686266, 41.317734655206117 ], [ 69.315093709234276, 41.317768961758233 ], [ 69.314499185314617, 41.318025692238095 ], [ 69.314162774325567, 41.318172201377486 ], [ 69.313861861163275, 41.318298175548989 ], [ 69.313715838217178, 41.318355964792929 ], [ 69.313552807467843, 41.318412006560607 ], [ 69.313148820711547, 41.31854695014114 ], [ 69.312995537581344, 41.318598152268216 ], [ 69.312383146170717, 41.318787211376858 ], [ 69.312327578183869, 41.31862319434488 ], [ 69.312295905383564, 41.318534928015367 ], [ 69.312277407275246, 41.318482098508625 ], [ 69.312227821169884, 41.318340478813447 ], [ 69.312186390868959, 41.318207040024639 ], [ 69.312131913436872, 41.318060379159391 ], [ 69.312091931220195, 41.317956510625656 ], [ 69.312062654226793, 41.317892399211807 ], [ 69.312017199473402, 41.317800887993634 ], [ 69.3119663476418, 41.317697365836445 ], [ 69.311919336108033, 41.317612466979242 ], [ 69.311877496175356, 41.317540582118056 ], [ 69.311831322769777, 41.317464383876199 ], [ 69.311757367167374, 41.317346259490535 ], [ 69.311696944684741, 41.31725596600198 ], [ 69.311587785902972, 41.317089092505434 ], [ 69.311498112478048, 41.316955502721385 ], [ 69.311435751431048, 41.316865261317893 ], [ 69.311341030372532, 41.316732511075195 ], [ 69.311268397090245, 41.316632967950675 ], [ 69.310968454108433, 41.316176002220807 ], [ 69.310843003480713, 41.315996923893557 ], [ 69.310672134930499, 41.315759959120683 ], [ 69.310535471531367, 41.315576377305071 ], [ 69.310047065596265, 41.314857253698896 ], [ 69.309931413791617, 41.314695994478704 ], [ 69.309830149404604, 41.314554795005272 ], [ 69.309668932353816, 41.314334725471078 ], [ 69.309658692457901, 41.314320748568143 ], [ 69.309552851154479, 41.314176270466213 ], [ 69.309534242553383, 41.314150587715915 ], [ 69.309392758794417, 41.313955317785165 ], [ 69.30938632955197, 41.31394665293238 ], [ 69.309263546022279, 41.313781091408977 ], [ 69.309199251800763, 41.313694391993394 ], [ 69.308953575146973, 41.313357106250521 ], [ 69.308848845059558, 41.31321263006118 ], [ 69.308765972779668, 41.313098306857945 ], [ 69.308473194760595, 41.312692020432742 ], [ 69.308379881362143, 41.312729602804239 ], [ 69.307897266865638, 41.312923981703669 ], [ 69.307736101917158, 41.312988892845354 ], [ 69.30776525494305, 41.313361212680398 ], [ 69.307801772357664, 41.313802546451853 ], [ 69.307810508473807, 41.313888798378798 ], [ 69.307823586147705, 41.313952423878284 ], [ 69.307843847648954, 41.314008491023465 ], [ 69.307874606862597, 41.314052801684873 ], [ 69.307908138277227, 41.314095851252986 ], [ 69.307957255461972, 41.314145558985771 ], [ 69.307969750129274, 41.314157096793487 ], [ 69.308083903544002, 41.314262488162427 ], [ 69.307915375105125, 41.314334975118847 ], [ 69.307145877334435, 41.314659518432812 ], [ 69.306937501426177, 41.314763939417901 ], [ 69.306727047714674, 41.314899359480194 ], [ 69.306531116168074, 41.315051492660203 ], [ 69.30642369203315, 41.31512465278005 ], [ 69.306288433599107, 41.315185321822092 ], [ 69.305946893229759, 41.315323602468801 ], [ 69.305596421809881, 41.315452689870099 ], [ 69.305174414848992, 41.315553790680887 ], [ 69.305155923028863, 41.315558220158948 ], [ 69.305159907057131, 41.31548289335143 ], [ 69.305160920356784, 41.315455514889727 ], [ 69.30516477143442, 41.315351589577233 ], [ 69.305182629942252, 41.315173325390191 ], [ 69.305194704197987, 41.315042907569705 ], [ 69.305188202191971, 41.314880150934769 ], [ 69.305181584303256, 41.314776130244276 ], [ 69.30519669845792, 41.314709735149215 ], [ 69.305249325360506, 41.314575214771132 ], [ 69.305305145773943, 41.314402616808991 ], [ 69.305357070194006, 41.314271001834967 ], [ 69.305378151857099, 41.314200090965223 ], [ 69.305395441731363, 41.314129469475795 ], [ 69.305432805359004, 41.314011586671178 ], [ 69.305484763016693, 41.313847656806836 ], [ 69.305550026520407, 41.313685304049983 ], [ 69.305650322523576, 41.313505239843423 ], [ 69.305781624777069, 41.313316454874794 ], [ 69.305824836437168, 41.313239037171769 ], [ 69.305848462129134, 41.313164667833284 ], [ 69.305872563928219, 41.313010421695331 ], [ 69.305877776851815, 41.312869667272054 ], [ 69.305867269257945, 41.312712853048566 ], [ 69.305831350121295, 41.312583293300129 ], [ 69.305795019556285, 41.312521722404647 ], [ 69.305720330928608, 41.312419216123637 ], [ 69.305571639986141, 41.312330543968187 ], [ 69.305381199840852, 41.312250123827404 ], [ 69.305213960484409, 41.312155021785216 ], [ 69.305048303959495, 41.312069469301299 ], [ 69.30484895701818, 41.311988584611875 ], [ 69.304720393727976, 41.311960506992769 ], [ 69.304637331005225, 41.311958116359598 ], [ 69.304609170617681, 41.311953117824011 ], [ 69.304554473996674, 41.311934095990516 ], [ 69.304471129202938, 41.311906635743121 ], [ 69.304379707656466, 41.311885920950729 ], [ 69.304280047660541, 41.311874131059611 ], [ 69.304219949469697, 41.31186825062035 ], [ 69.304157432115829, 41.31185537505435 ], [ 69.303985014870094, 41.311815410312192 ], [ 69.303783779670027, 41.311786508073887 ], [ 69.303648737730001, 41.311777351040028 ], [ 69.303485388977037, 41.311787531669779 ], [ 69.303366460118269, 41.311792969480308 ], [ 69.303237025462252, 41.31180484980257 ], [ 69.303157361964523, 41.31181628208887 ], [ 69.30306289692588, 41.311823655079131 ], [ 69.302973077973903, 41.311837224293967 ], [ 69.302914901279436, 41.311859976844801 ], [ 69.30281156986895, 41.311908935287114 ], [ 69.302726096966282, 41.311958794481654 ], [ 69.302688585116655, 41.311985241910257 ], [ 69.302595937369844, 41.312058257027061 ], [ 69.302483541958111, 41.312160321916842 ], [ 69.30236303386107, 41.312317810189832 ], [ 69.302304384652814, 41.312440873362945 ], [ 69.302299999077576, 41.31251196562787 ], [ 69.302297622135328, 41.312537356185622 ], [ 69.302289934353141, 41.312561425588626 ], [ 69.302264747389216, 41.312576707144842 ], [ 69.302217232798867, 41.312577987804957 ], [ 69.302153578177851, 41.312570064310556 ], [ 69.302081853990629, 41.312544418038222 ], [ 69.301970698253982, 41.312498195480153 ], [ 69.301830311338023, 41.312448222666589 ], [ 69.301800854681531, 41.312435467319418 ], [ 69.301797144639423, 41.312432024778715 ], [ 69.301789167599694, 41.312415793149611 ], [ 69.30177387737524, 41.312351766701703 ], [ 69.301738309479887, 41.312279357159923 ], [ 69.301674238938872, 41.312207765329497 ], [ 69.301646384876847, 41.312195537586554 ], [ 69.301628991696347, 41.312152679066166 ], [ 69.301573934850865, 41.312037953204026 ], [ 69.301512248438613, 41.311901811288834 ], [ 69.301423566753783, 41.311807459735107 ], [ 69.301371573163451, 41.311776320696509 ], [ 69.30133559024641, 41.311765007159252 ], [ 69.301217944181872, 41.311728021386017 ], [ 69.301110204738293, 41.311712589836148 ], [ 69.300976790545533, 41.311739145999518 ], [ 69.300829098529675, 41.311833766202462 ], [ 69.300784471124672, 41.311909236225098 ], [ 69.30073312432134, 41.311958139301034 ], [ 69.300694597375454, 41.311986741200329 ], [ 69.300642722362738, 41.312015631879106 ], [ 69.300597150828381, 41.312033264383686 ], [ 69.300510474183241, 41.312053844179829 ], [ 69.300408858554945, 41.312072821445078 ], [ 69.300360333359905, 41.312074932728741 ], [ 69.300324077355043, 41.312070980060184 ], [ 69.300246343438545, 41.312050053449326 ], [ 69.300185620020315, 41.312028950722677 ], [ 69.300151432835548, 41.312013276334824 ], [ 69.300125610762677, 41.31199419851481 ], [ 69.300086224129075, 41.311955224388342 ], [ 69.300039105695788, 41.31189634717218 ], [ 69.299921534191412, 41.311745279481862 ], [ 69.299842761822418, 41.311652426324578 ], [ 69.299749148386709, 41.311504378263493 ], [ 69.299485906974127, 41.311110817270475 ], [ 69.299374934493827, 41.310941411866253 ], [ 69.299294685294541, 41.310864234930939 ], [ 69.29920685880586, 41.310780217182725 ], [ 69.298998351743563, 41.31064671770752 ], [ 69.298843654665149, 41.31056277592721 ], [ 69.298733711654151, 41.310520139005298 ], [ 69.298402961847998, 41.310425029041241 ], [ 69.298236832809252, 41.310426933225692 ], [ 69.297815635230407, 41.31044503444614 ], [ 69.297699987019058, 41.310450004082526 ], [ 69.297714345690508, 41.310095444374859 ], [ 69.297721846623148, 41.310035114727476 ], [ 69.297738316335568, 41.309992355327303 ], [ 69.297790059295949, 41.309889191892069 ], [ 69.297840779075202, 41.309805297719883 ], [ 69.297931411002523, 41.309703708905673 ], [ 69.298044104654934, 41.309567720687497 ], [ 69.298304815513319, 41.30924707179971 ], [ 69.298340104930929, 41.309190020783284 ], [ 69.298354282142753, 41.309132186300218 ], [ 69.298348502382197, 41.309082781768687 ], [ 69.298254527823701, 41.30869436419141 ], [ 69.29822839852703, 41.308567112313483 ], [ 69.298220293028223, 41.308495098040261 ], [ 69.298215364870586, 41.308388731729551 ], [ 69.298227042070948, 41.308269756186498 ], [ 69.298257409619126, 41.308108016416355 ], [ 69.298300859332812, 41.307891793692207 ], [ 69.298329116738358, 41.307754348867988 ], [ 69.298350917053696, 41.307662990090911 ], [ 69.29836605546285, 41.307572486824206 ], [ 69.297855423410951, 41.307460327919223 ], [ 69.296847098640512, 41.307238849076775 ], [ 69.296727014548296, 41.307214028008794 ], [ 69.296335607799193, 41.307129598653255 ], [ 69.2961999972256, 41.30711068203054 ], [ 69.295985575655479, 41.307104530567415 ], [ 69.295824476284011, 41.307099082918683 ], [ 69.295433919341207, 41.307079564366568 ], [ 69.295156232120576, 41.307085300830842 ], [ 69.294866391592478, 41.307106147384701 ], [ 69.294638202442314, 41.30712725575362 ], [ 69.294512746424672, 41.307142653974147 ], [ 69.29435234414585, 41.307169029803575 ], [ 69.294186430702766, 41.307204634153543 ], [ 69.294012202453416, 41.307244028819433 ], [ 69.293803603762996, 41.307298171141312 ], [ 69.293571156598375, 41.307360330668601 ], [ 69.293394749934464, 41.307409361993933 ], [ 69.293244087189933, 41.307501885146777 ], [ 69.292909559968024, 41.307591107753417 ], [ 69.292749578999079, 41.307587325535742 ], [ 69.292487710212299, 41.307654163801125 ], [ 69.292345878805349, 41.307707958939162 ], [ 69.292025261097294, 41.307829565842894 ], [ 69.291208705978761, 41.308064495940336 ], [ 69.290327782976846, 41.308315497246241 ], [ 69.289644338420487, 41.308509035705185 ], [ 69.289229359878377, 41.308620648256444 ], [ 69.288889844311669, 41.308714477417702 ], [ 69.288391131106977, 41.308857707809537 ], [ 69.288339658539513, 41.308899716923754 ], [ 69.287807616939432, 41.309042608169847 ], [ 69.287361024885811, 41.309166437999501 ], [ 69.287288273924204, 41.309169132384731 ], [ 69.286947074914693, 41.3092608662513 ], [ 69.286820025285735, 41.30929468805072 ], [ 69.286194798746308, 41.309469214545786 ], [ 69.285536820529927, 41.309649264933853 ], [ 69.284851109524098, 41.309839428956423 ], [ 69.284372852755055, 41.309964581844028 ], [ 69.284001153246692, 41.310069366627133 ], [ 69.283952373828441, 41.310092102250998 ], [ 69.283893544957124, 41.310103973436505 ], [ 69.283475225580446, 41.310218085290884 ], [ 69.283438640792184, 41.310234927455731 ], [ 69.283362042346226, 41.310247681209191 ], [ 69.282671901747733, 41.310443707860202 ], [ 69.282205898897487, 41.310578873065147 ], [ 69.282149321204244, 41.310597440504218 ], [ 69.281958848719583, 41.310651258854762 ], [ 69.281766662249396, 41.310705562988971 ], [ 69.281761174441314, 41.310795070008929 ], [ 69.281789334828858, 41.310946672285823 ], [ 69.281806351615288, 41.311039102700377 ], [ 69.28181652413754, 41.311138463411176 ], [ 69.281817850949224, 41.311180374565673 ], [ 69.281801620188673, 41.311403815698711 ], [ 69.281762247029789, 41.311576756277972 ], [ 69.281710183370848, 41.31173071701491 ], [ 69.281589928598706, 41.311851225345627 ], [ 69.28142144058404, 41.312020071718834 ], [ 69.281070338546812, 41.312202415945293 ], [ 69.280356714190148, 41.3125792279805 ], [ 69.280304136694895, 41.312613925222415 ], [ 69.280293867154569, 41.312624753473273 ], [ 69.280283708107007, 41.312661506626824 ], [ 69.280276090393414, 41.312756157878553 ], [ 69.280331206527663, 41.31304640273229 ], [ 69.280459783292585, 41.31362771038529 ], [ 69.280588177699528, 41.314165807499599 ], [ 69.280696975358524, 41.314678025334295 ], [ 69.280730820285171, 41.31481881228769 ], [ 69.280777008063836, 41.314897342748495 ], [ 69.280829117536825, 41.31495059078668 ], [ 69.280838602847922, 41.314960281750899 ], [ 69.280898258169287, 41.314971802546488 ], [ 69.281327965488828, 41.314805470399008 ], [ 69.281469666640049, 41.314750180541388 ], [ 69.282009988910417, 41.314539349280672 ], [ 69.282316583916881, 41.314417721156225 ], [ 69.282529499012256, 41.314333255248116 ], [ 69.282685046795265, 41.314254228859944 ], [ 69.284022212451887, 41.315666673120361 ], [ 69.284288754274783, 41.315992981583371 ], [ 69.284349784916856, 41.316056783151424 ], [ 69.284788668527014, 41.316550897402067 ], [ 69.285249427910998, 41.317065480868365 ], [ 69.285501023564194, 41.317455701947956 ], [ 69.285984702564321, 41.317996118742194 ], [ 69.286079111907398, 41.318106638929144 ], [ 69.286118657542815, 41.318150778133671 ], [ 69.290579958043409, 41.317746280762705 ], [ 69.290657794367846, 41.317739223521841 ], [ 69.290730610906436, 41.317744872688024 ], [ 69.290784267278369, 41.317695477382223 ], [ 69.291310477913925, 41.317965077790575 ], [ 69.291411057784714, 41.318027480829322 ], [ 69.291487187310096, 41.318088893370948 ], [ 69.291860523548905, 41.318532633427914 ], [ 69.29175544940675, 41.318653167640925 ], [ 69.291552871225363, 41.318853748723406 ], [ 69.29154305443592, 41.318862388635509 ], [ 69.291381022613194, 41.319004990198586 ], [ 69.291102773945511, 41.319233333672521 ], [ 69.291241806202009, 41.31998493664058 ], [ 69.291340973921194, 41.320630258141158 ], [ 69.291418623396027, 41.32107686436624 ], [ 69.291514087361278, 41.321662564547729 ], [ 69.291626810658059, 41.322261182227308 ], [ 69.291681056324819, 41.322605156133385 ], [ 69.292406428848764, 41.322534026977308 ], [ 69.292554818855606, 41.322520612457602 ], [ 69.293002367615003, 41.322480148949445 ], [ 69.293013451028941, 41.322599460163815 ], [ 69.293030745394802, 41.322685406982835 ], [ 69.29300362345974, 41.322772762329222 ], [ 69.292952287436208, 41.322829066105477 ], [ 69.292887427276057, 41.322937259377618 ], [ 69.292833383730269, 41.323064693015475 ], [ 69.292694433220433, 41.323230562876901 ], [ 69.292830595359604, 41.323302321377994 ], [ 69.293081093271525, 41.323303844694479 ], [ 69.293132688908173, 41.323305440871039 ], [ 69.29322624305513, 41.323588667820879 ], [ 69.293269453816947, 41.323787310355094 ], [ 69.293248514087665, 41.323991864686434 ], [ 69.293541300191592, 41.32443652858278 ], [ 69.29387438471916, 41.325014827071527 ], [ 69.293945959786058, 41.325067672195743 ], [ 69.294183348583033, 41.325084781718019 ], [ 69.294354237794465, 41.325100332881568 ], [ 69.294468937384892, 41.325240042905655 ], [ 69.294586840367643, 41.325454500653791 ], [ 69.29466065044295, 41.325564645253877 ], [ 69.294746698267389, 41.325693047210329 ], [ 69.294864848286792, 41.325642638597941 ], [ 69.294996655393476, 41.325587543450453 ], [ 69.295116261581981, 41.325540604938503 ], [ 69.295186520617008, 41.325516063380505 ], [ 69.295335293306152, 41.325470264230731 ], [ 69.295497831778732, 41.325426303357943 ], [ 69.295635463561709, 41.325391744485138 ], [ 69.295771845788138, 41.325361916630925 ], [ 69.296043132512381, 41.325306011039288 ], [ 69.296264224073468, 41.325274267252162 ], [ 69.296411103113996, 41.325258332951343 ], [ 69.29704823951748, 41.325649063551246 ], [ 69.297590761761967, 41.325961678860139 ], [ 69.297803222309824, 41.326090067216761 ], [ 69.297839213311661, 41.326125840002149 ], [ 69.297857157159456, 41.326164251133385 ], [ 69.297947056959842, 41.326646252610274 ], [ 69.29804925110318, 41.327063773057297 ], [ 69.298072358467238, 41.327181541185475 ], [ 69.298114800271151, 41.327353614206444 ], [ 69.29813781151546, 41.327691048109607 ], [ 69.298110393136383, 41.327795803047813 ], [ 69.297767821501111, 41.328154149362327 ], [ 69.297428614954853, 41.328484492011711 ], [ 69.297380597307964, 41.328513998687043 ], [ 69.297282056612886, 41.328544358013836 ], [ 69.296601413003586, 41.328610209473318 ], [ 69.296546532227907, 41.32864362390805 ], [ 69.296524307009491, 41.328672632000199 ], [ 69.296480914787992, 41.329343378973981 ], [ 69.296507836398746, 41.329413843668327 ], [ 69.296616829890468, 41.329513063041929 ], [ 69.296975998798956, 41.329833627078706 ], [ 69.297066957713028, 41.329918085715384 ], [ 69.297085436058424, 41.329947420402704 ], [ 69.297084819814145, 41.330064091879123 ], [ 69.297099817187828, 41.330084794823222 ], [ 69.297395477002354, 41.330304839507448 ], [ 69.297461011797267, 41.330345288038323 ], [ 69.29762302295876, 41.330422216605129 ], [ 69.297743090881312, 41.330478080706406 ], [ 69.297794181664798, 41.330493505115179 ], [ 69.297827390584203, 41.330484777029156 ], [ 69.298051637028564, 41.330380489160866 ], [ 69.298128261525676, 41.330338375168068 ], [ 69.298204801581136, 41.330277250064313 ], [ 69.298384643402727, 41.330116039790369 ], [ 69.298436079139265, 41.330081336350709 ], [ 69.298479550412495, 41.330060051934012 ], [ 69.298551666265183, 41.330034802439947 ], [ 69.298744647744414, 41.329989362634954 ], [ 69.298850082110974, 41.329979150445588 ], [ 69.298953305723657, 41.32998709206047 ], [ 69.299055421713561, 41.330003678854958 ], [ 69.299130625075904, 41.330026818333565 ], [ 69.299193262804025, 41.330059927814816 ], [ 69.299241637082091, 41.330108196676981 ], [ 69.299288317137496, 41.330161656916232 ], [ 69.299319437473898, 41.330197442306492 ], [ 69.299353344384272, 41.330215934002922 ], [ 69.299501554728081, 41.330283390571466 ], [ 69.299959956932724, 41.33048744759833 ], [ 69.300358051639066, 41.330666167719144 ], [ 69.300559681199559, 41.330755951552746 ], [ 69.300592498453511, 41.330786545928497 ], [ 69.300634557575123, 41.330832238809386 ], [ 69.300679069097441, 41.330912496390347 ], [ 69.300701367977751, 41.331149233384281 ], [ 69.300725882103535, 41.331244233511498 ], [ 69.300749183503697, 41.331324544548742 ], [ 69.300813892746874, 41.331434132168376 ], [ 69.300890617855259, 41.331538070284523 ], [ 69.300930867769907, 41.331564322919384 ], [ 69.300960719685094, 41.331573319329799 ], [ 69.301069114898851, 41.331583407152991 ], [ 69.301209029301006, 41.331590818379915 ], [ 69.301348959872811, 41.33160211970673 ], [ 69.30139373639814, 41.331615397447912 ], [ 69.301439152523969, 41.33164293303534 ], [ 69.301461643643734, 41.331671825794068 ], [ 69.301476245758678, 41.331702585002994 ], [ 69.301474544349546, 41.331734447750669 ], [ 69.301452508675609, 41.331804074774865 ], [ 69.30140726143307, 41.331937715066232 ], [ 69.301412703427062, 41.331999061885071 ], [ 69.301425753253184, 41.332094091801878 ], [ 69.301423655687003, 41.332136442772082 ], [ 69.301407733946917, 41.332164571059145 ], [ 69.301363277221782, 41.332220861998287 ], [ 69.301302089374531, 41.332254294142821 ], [ 69.301169416291899, 41.332325507798082 ], [ 69.301116226145638, 41.332352438700028 ], [ 69.301081925773133, 41.332373700108036 ], [ 69.300909353118826, 41.33249514295224 ], [ 69.300745876805138, 41.332600140418471 ], [ 69.300467850919631, 41.332728771341976 ], [ 69.300223138158159, 41.332871142225621 ], [ 69.300157744398717, 41.333117083474008 ], [ 69.30012564220371, 41.333237824097743 ], [ 69.300294687173889, 41.333267957954597 ], [ 69.302825973456208, 41.333719151334591 ], [ 69.303157417660074, 41.333778226033481 ], [ 69.303286312428597, 41.333802604617595 ], [ 69.303526945940391, 41.333848117309316 ], [ 69.304663883408395, 41.334041672366816 ], [ 69.304485105192114, 41.334379673973793 ], [ 69.304086848789012, 41.335159387746998 ], [ 69.30389249378571, 41.335528921358296 ], [ 69.303618591167378, 41.336052930155148 ], [ 69.303546073767748, 41.336239792373632 ], [ 69.303573141803895, 41.336266078862067 ], [ 69.303548398607703, 41.336369850087692 ], [ 69.303399793903509, 41.336468762089495 ], [ 69.303264022531451, 41.336862339932431 ], [ 69.303197273214295, 41.337056965889388 ], [ 69.302983627788578, 41.337472351650156 ], [ 69.302881371661471, 41.33767571302527 ], [ 69.302950608413695, 41.337770162700892 ], [ 69.303014982585253, 41.337804994242788 ], [ 69.303362922552665, 41.337912968397013 ], [ 69.303780310376411, 41.338036746075296 ], [ 69.304167874132688, 41.338158009742465 ], [ 69.304076942168066, 41.338330229135643 ], [ 69.304373825487971, 41.338430990266644 ], [ 69.304963463470799, 41.338607026451903 ], [ 69.305294747774539, 41.338707261067057 ], [ 69.305586697546929, 41.338793946766643 ], [ 69.305602941782212, 41.338777491708655 ], [ 69.305903404888539, 41.33886579401873 ], [ 69.306670042423391, 41.339091092819793 ], [ 69.307491227458897, 41.33935050999623 ], [ 69.30776262916747, 41.339433127822808 ], [ 69.307932251754366, 41.339427272127466 ], [ 69.308185763514089, 41.339329465345251 ], [ 69.30872585671402, 41.339493579314713 ], [ 69.308869378750359, 41.33952651064746 ], [ 69.308963781805218, 41.339530759088994 ], [ 69.309255458489787, 41.339296689714317 ], [ 69.309358930037462, 41.33921365422011 ], [ 69.309446333419658, 41.33925737309918 ], [ 69.309543351470353, 41.339305901560152 ], [ 69.309555217316941, 41.339288762049172 ], [ 69.309611755484298, 41.339316063725981 ], [ 69.309677081870078, 41.339347609797962 ], [ 69.309711714619212, 41.339370613087986 ], [ 69.309798392162691, 41.339407341716026 ], [ 69.309900082351149, 41.339450433213862 ], [ 69.309999708211109, 41.339492647206541 ], [ 69.310094900885133, 41.339356889083049 ], [ 69.3101428412769, 41.339288519916131 ], [ 69.310212009757137, 41.339184211744033 ], [ 69.310297368573742, 41.339048169701151 ], [ 69.310385746628043, 41.338893928842516 ], [ 69.310480046376696, 41.338717447607209 ], [ 69.310534992729345, 41.338613058258282 ], [ 69.31059469296649, 41.338488372484782 ], [ 69.310661266213884, 41.338351174287162 ], [ 69.310748688460706, 41.338133866831967 ], [ 69.310860118183498, 41.337849321774129 ], [ 69.310874312463312, 41.337807085132965 ], [ 69.310938122492857, 41.337617198309268 ], [ 69.31101860525412, 41.337350259112839 ], [ 69.311109081772912, 41.337047666716416 ], [ 69.311164019142439, 41.336860179539443 ], [ 69.311173862881304, 41.33682658248501 ], [ 69.311247772669631, 41.336586425532715 ], [ 69.311262377479494, 41.336538966816136 ], [ 69.31127475356918, 41.336498234121891 ], [ 69.311317724480801, 41.336356806691128 ], [ 69.311383120036865, 41.336142589876417 ], [ 69.31144425129024, 41.335946295846881 ], [ 69.31148401701293, 41.335829763060254 ], [ 69.311520692531019, 41.335722221181058 ], [ 69.311560158216409, 41.335621761409506 ], [ 69.311590028097925, 41.335552984968338 ], [ 69.311624966274266, 41.335480171543537 ], [ 69.311643410483683, 41.335444695280479 ], [ 69.311702127065587, 41.335331760087776 ], [ 69.311801566974282, 41.335162119504751 ], [ 69.311965740380657, 41.334895884553596 ], [ 69.31215530377024, 41.33457931156935 ], [ 69.312303377570089, 41.334347592627552 ], [ 69.312500937762309, 41.334044476345021 ], [ 69.312778916037104, 41.333626392887091 ], [ 69.313020577221579, 41.333245608150371 ], [ 69.313233980102154, 41.332993028658045 ], [ 69.313490111349239, 41.332703334687359 ], [ 69.313713837669056, 41.332445140951428 ], [ 69.313844430253482, 41.332297223087757 ], [ 69.314421937386712, 41.332490890679111 ], [ 69.314937480528272, 41.332711460792332 ], [ 69.31510936956461, 41.332765968468536 ], [ 69.31516646378914, 41.332784074952244 ], [ 69.315308518876577, 41.33283753771736 ], [ 69.315479187102468, 41.332909955448102 ], [ 69.315709135153952, 41.333029922095136 ], [ 69.315791408257581, 41.333074996882431 ], [ 69.315965414623051, 41.333170330791198 ], [ 69.316317762623569, 41.333406128734012 ], [ 69.316364693308969, 41.333465037783469 ], [ 69.316738905405188, 41.334160232582278 ], [ 69.316772335310162, 41.334218372673902 ], [ 69.316888492866283, 41.334420399224172 ], [ 69.316895728795899, 41.334446106363508 ], [ 69.316918591818208, 41.334773521428957 ], [ 69.316940093892825, 41.335234745097537 ], [ 69.316928600847106, 41.335363462551477 ], [ 69.316914062512524, 41.335496751543452 ], [ 69.316787229377582, 41.335893098013855 ], [ 69.316757408903399, 41.335986284913311 ], [ 69.316623704554814, 41.336008065174255 ], [ 69.316576117200967, 41.336022415145599 ], [ 69.316533381647957, 41.336044082078629 ], [ 69.316310965071807, 41.336167631955853 ], [ 69.316050326976949, 41.336306311899826 ], [ 69.315981527704281, 41.336350564233122 ], [ 69.315948852384167, 41.336374085919751 ], [ 69.315751783570377, 41.336566393752413 ], [ 69.315448038918305, 41.337239823498862 ], [ 69.315420006091543, 41.337381785902437 ], [ 69.315447849373783, 41.337803454403343 ], [ 69.315480823832914, 41.338197177287412 ], [ 69.315513282659097, 41.338494144629863 ], [ 69.315520550928042, 41.338565106629822 ], [ 69.315542418617014, 41.338609921961869 ], [ 69.315709806195485, 41.338863052299224 ], [ 69.315778023359826, 41.338950709701081 ], [ 69.315998743018383, 41.339188017083472 ], [ 69.316058700173727, 41.339224055161317 ], [ 69.316139169460257, 41.339245207086378 ], [ 69.316564591815876, 41.339357024650425 ], [ 69.316808057715747, 41.339420822228838 ], [ 69.316829765504565, 41.339433092750696 ], [ 69.316830718617098, 41.339434256200818 ], [ 69.316842185611705, 41.339480054302385 ], [ 69.316899950877726, 41.339738459587423 ], [ 69.316948975536064, 41.339965958150607 ], [ 69.31696384355233, 41.340034949805258 ], [ 69.317017304989818, 41.340280568594032 ], [ 69.317047528807564, 41.340342503773563 ], [ 69.317118044760747, 41.340390934304573 ], [ 69.317318292712287, 41.340459835806733 ], [ 69.317618891464235, 41.340562186699003 ], [ 69.317709298812744, 41.340592968687972 ], [ 69.317908612516405, 41.340657905552547 ], [ 69.31806068022604, 41.340730383382827 ], [ 69.318295907676415, 41.340861167953882 ], [ 69.31844165214477, 41.34094467143796 ], [ 69.318499815364476, 41.340990589877933 ], [ 69.31857051816722, 41.341088011754209 ], [ 69.318698290939949, 41.341285196741438 ], [ 69.318845708969661, 41.341522298006019 ], [ 69.318847938588178, 41.341529502397293 ], [ 69.318848658138734, 41.341676915047728 ], [ 69.318854239371603, 41.341880468323772 ], [ 69.318856979233217, 41.342325090386709 ], [ 69.31886043056052, 41.342563996015834 ], [ 69.318854904124919, 41.342833366740173 ], [ 69.318845747597223, 41.343119256409153 ], [ 69.318844498040676, 41.343158268550354 ], [ 69.318862282886641, 41.343202085270697 ], [ 69.31892148635545, 41.343292374504209 ], [ 69.318945250387998, 41.34332663792587 ], [ 69.319054480136629, 41.343484125069708 ], [ 69.319171684230056, 41.343659940549529 ], [ 69.319261260636935, 41.343732068387268 ], [ 69.31954444824207, 41.343947712934302 ], [ 69.319910434465214, 41.344215947616469 ], [ 69.320216765367007, 41.344442953054795 ], [ 69.320435369493069, 41.344606183474632 ], [ 69.320532514206221, 41.344678719630778 ], [ 69.320705933971823, 41.344808447567765 ], [ 69.320707752161951, 41.344810484954799 ], [ 69.320731877317229, 41.344854065869519 ], [ 69.320745560455606, 41.344872531149839 ], [ 69.320762226000767, 41.344895022636408 ], [ 69.320812911644055, 41.344930661679292 ], [ 69.320813693178337, 41.34493103395193 ], [ 69.320860169316191, 41.344953139657676 ], [ 69.320898014440814, 41.344966631836272 ], [ 69.320904600888468, 41.344969847406567 ], [ 69.320910165951659, 41.344974817107918 ], [ 69.321087824867078, 41.345140586002763 ], [ 69.321313164561161, 41.345356721571136 ], [ 69.321333504215801, 41.345385035004959 ], [ 69.321347664359649, 41.345417376629015 ], [ 69.321511584441112, 41.345750839848506 ], [ 69.321657463656734, 41.346054826247418 ], [ 69.321804649022766, 41.346359570592661 ], [ 69.321935125724551, 41.346629545379827 ], [ 69.322068026979224, 41.346899461050377 ], [ 69.322107021947389, 41.346984145733508 ], [ 69.322144563441469, 41.347028323373031 ], [ 69.322260634759317, 41.347141829044254 ], [ 69.322402476946053, 41.347276373235403 ], [ 69.322503872487104, 41.347338098098035 ], [ 69.322728429748551, 41.34742531518603 ], [ 69.322909127664602, 41.347498668922576 ], [ 69.323034453426501, 41.347514046814993 ], [ 69.323286669815573, 41.347515386808318 ], [ 69.323788635819938, 41.347518047912317 ], [ 69.323894077373041, 41.347519302259286 ], [ 69.324371192383367, 41.347524981888242 ], [ 69.324458017250521, 41.347530550243981 ], [ 69.324543444339099, 41.347549816602807 ], [ 69.324619737357864, 41.347572565452026 ], [ 69.324669056663609, 41.347616705601475 ], [ 69.325178221766635, 41.348110937277191 ], [ 69.325263316478555, 41.348221558791707 ], [ 69.325304957883532, 41.348348317830521 ], [ 69.325337908986469, 41.34849728362942 ], [ 69.325346332488877, 41.348651394518335 ], [ 69.325345965077943, 41.349040453328712 ], [ 69.325361505034039, 41.349181124904128 ], [ 69.325417371261551, 41.349363696935008 ], [ 69.325462070531799, 41.349502686633642 ], [ 69.325466193798945, 41.349649993567965 ], [ 69.32550028755891, 41.349783899355252 ], [ 69.325557593785845, 41.349873325053657 ], [ 69.325637390234206, 41.350002332545863 ], [ 69.325715841904596, 41.350184708734744 ], [ 69.325727845193455, 41.350240624670462 ], [ 69.325682399423215, 41.350445232159473 ], [ 69.325480284772482, 41.351055756600523 ], [ 69.325584636669149, 41.351058219302857 ], [ 69.325682761444256, 41.351060534998155 ], [ 69.326028773627087, 41.351059110110498 ], [ 69.326526226495474, 41.351053200164422 ], [ 69.326874014647586, 41.351049610633893 ], [ 69.327068600517933, 41.351047599741477 ], [ 69.327657176692085, 41.351042768069703 ], [ 69.327861557792247, 41.351041635846812 ], [ 69.328159889196442, 41.351039982356248 ], [ 69.328716382040227, 41.351036593105086 ], [ 69.32915829566781, 41.351032817454779 ], [ 69.329538222845869, 41.351029569141055 ], [ 69.329904469580498, 41.351026437488706 ], [ 69.331033492890796, 41.351010591082506 ], [ 69.331891904111686, 41.350993617169067 ], [ 69.332259584557477, 41.350986344367456 ], [ 69.332580676576001, 41.350978764738329 ], [ 69.332716127249483, 41.350970549875989 ], [ 69.332817596452415, 41.35095773665774 ], [ 69.332919663933282, 41.350940178073749 ], [ 69.3330512779022, 41.350911018729576 ], [ 69.333163861061834, 41.350878832910716 ], [ 69.333253343145586, 41.350844617295571 ], [ 69.333429277295679, 41.350743871325626 ], [ 69.333463727686805, 41.350723182365627 ], [ 69.333500170541257, 41.350701103569648 ], [ 69.33359454035849, 41.350643928347857 ], [ 69.333610494437949, 41.350658858404962 ], [ 69.333700751767793, 41.350742027661717 ], [ 69.333735742944725, 41.350774269518951 ], [ 69.333780702726386, 41.350815644702472 ], [ 69.333942977094267, 41.350962085505181 ], [ 69.334094963955508, 41.351100243698227 ], [ 69.33423434745329, 41.351227409155101 ], [ 69.334373966309698, 41.351355808406481 ], [ 69.334518470204614, 41.351486977589261 ], [ 69.33464186908023, 41.351600331853476 ], [ 69.334798442739327, 41.351741786196925 ], [ 69.334933436170331, 41.351862673689759 ], [ 69.335062924725278, 41.351978561446671 ], [ 69.335096280968415, 41.352008414201954 ], [ 69.335226470209264, 41.352123444623011 ], [ 69.335363628580126, 41.352235963631252 ], [ 69.335413985439985, 41.35227707759411 ], [ 69.335555809660434, 41.352384656197628 ], [ 69.335633103402429, 41.352440250611771 ], [ 69.335693611225025, 41.352483307186546 ], [ 69.335760240167943, 41.352528315913077 ], [ 69.335854713291411, 41.352591137647764 ], [ 69.335904591349262, 41.352623572795473 ], [ 69.335917090508147, 41.352631701135337 ], [ 69.33594465261767, 41.352649212734555 ], [ 69.335983767960101, 41.35267406572428 ], [ 69.336085049415104, 41.352737262243657 ], [ 69.336162340462167, 41.352784001788322 ], [ 69.336236740730612, 41.352826453266104 ], [ 69.336311903668758, 41.352868699047157 ], [ 69.33640402410451, 41.352919788562723 ], [ 69.336501279310426, 41.352969883410871 ], [ 69.336614432900248, 41.353026221103583 ], [ 69.336664819404547, 41.353051077320998 ], [ 69.336717026793892, 41.353076829703561 ], [ 69.336839444709241, 41.353135800530893 ], [ 69.33692478466125, 41.353175764207265 ], [ 69.337067888980954, 41.353242797125112 ], [ 69.337148059128495, 41.353281340616995 ], [ 69.337279914744215, 41.353343105640242 ], [ 69.337383354850857, 41.353391374106046 ], [ 69.33765112197581, 41.35351608933621 ], [ 69.338596698525322, 41.353955439734285 ], [ 69.338993805983193, 41.354142330153387 ], [ 69.339818024629437, 41.354530227359 ], [ 69.340506589582915, 41.354853798391623 ], [ 69.34121626764049, 41.355180220107968 ], [ 69.341437542457939, 41.355269271574628 ], [ 69.341468142669768, 41.355281586311044 ], [ 69.341759556147949, 41.355398863779463 ], [ 69.341904809237818, 41.355451527817841 ], [ 69.342456549095417, 41.355618545806934 ], [ 69.342608260173861, 41.355657644186159 ], [ 69.342739925346734, 41.35569157676472 ], [ 69.342895082362617, 41.355727724384899 ], [ 69.343090424614417, 41.355769420755863 ], [ 69.343312775613526, 41.355807854190338 ], [ 69.343522799032002, 41.355840220305822 ], [ 69.343945064707711, 41.355890545537704 ], [ 69.343972607054326, 41.355893036377438 ], [ 69.344112304064183, 41.355905678028115 ], [ 69.344307694824991, 41.355915081720767 ], [ 69.344419436263166, 41.355919519918018 ], [ 69.344501067071349, 41.355921662147097 ], [ 69.344607803096807, 41.355924463160406 ], [ 69.344887032724756, 41.355925186002516 ], [ 69.345085695149848, 41.35592355825915 ], [ 69.345086152392298, 41.355923835393561 ], [ 69.345123677716686, 41.355923246735777 ], [ 69.345130410589746, 41.355923191443715 ], [ 69.345156935145141, 41.355923169192067 ], [ 69.345165494293155, 41.355923099065606 ], [ 69.345366090791032, 41.355911979972291 ], [ 69.345600364230634, 41.35589589268406 ], [ 69.345749025528661, 41.355883650213229 ], [ 69.345959638241979, 41.355858536822936 ], [ 69.346201508733913, 41.35582652741806 ], [ 69.346481463302325, 41.355781343632543 ], [ 69.34658291903051, 41.355761006232505 ], [ 69.346780023776915, 41.355721495921046 ], [ 69.346989919634609, 41.35567249824657 ], [ 69.347164730890583, 41.355628453240286 ], [ 69.34733642768748, 41.355584753443992 ], [ 69.347542760826755, 41.355524908923243 ], [ 69.347791570804262, 41.355451061877972 ], [ 69.34810952141423, 41.355350337197088 ], [ 69.348471741899729, 41.355238267261484 ], [ 69.348941265247589, 41.355091446331734 ], [ 69.349320557316759, 41.354974704380304 ], [ 69.349468445165357, 41.354932632587612 ], [ 69.349708324990601, 41.354864391034255 ], [ 69.34971934552253, 41.354861482086662 ], [ 69.349858146013688, 41.354824844440358 ], [ 69.349903455239996, 41.354812884976027 ], [ 69.350089821525486, 41.354767735550766 ], [ 69.350288526171383, 41.354721746583827 ], [ 69.350416253130049, 41.354695895054768 ], [ 69.350582984040031, 41.354661711789568 ], [ 69.350744767029454, 41.354634027471867 ], [ 69.35089597505133, 41.354611453038267 ], [ 69.351167659729214, 41.354574877287533 ], [ 69.35127571807476, 41.354564058704895 ], [ 69.35138077604725, 41.35455354018719 ], [ 69.351405938756642, 41.354551286652409 ], [ 69.351548734055896, 41.354538497739696 ], [ 69.351769878617617, 41.354525424266704 ], [ 69.351961189230394, 41.35451656049365 ], [ 69.352110509891872, 41.354513759419753 ], [ 69.352110423653613, 41.35451331505103 ], [ 69.352112772748058, 41.354513271221045 ], [ 69.352303733017919, 41.354510631306503 ], [ 69.352444155866493, 41.354511749308621 ], [ 69.352445118860487, 41.354511442498662 ], [ 69.352487913702305, 41.354512092531252 ], [ 69.352488556896034, 41.354512100622934 ], [ 69.352489219852714, 41.354512102645835 ], [ 69.352513756436409, 41.354512114783375 ], [ 69.3525169068281, 41.354512139732783 ], [ 69.35276832191991, 41.35452307767644 ], [ 69.352785347689505, 41.354524039238996 ], [ 69.352838649226882, 41.354527050696433 ], [ 69.352940061835938, 41.35453277961274 ], [ 69.352964440316129, 41.354534157222858 ], [ 69.353085928475124, 41.354543488962797 ], [ 69.353312824949612, 41.354563552300263 ], [ 69.353459451563538, 41.354580115304195 ], [ 69.353724932476069, 41.354614737585834 ], [ 69.353929683682182, 41.354648322765975 ], [ 69.354214955378723, 41.35469984513778 ], [ 69.354374883347077, 41.354732846999894 ], [ 69.354596409692775, 41.354785783322008 ], [ 69.354778101145513, 41.354831257075155 ], [ 69.354881739779842, 41.354861482086662 ], [ 69.354899404251611, 41.354866633769348 ], [ 69.355078325299999, 41.354918814088464 ], [ 69.355253476119131, 41.354974933643248 ], [ 69.355253632425985, 41.354974983541645 ], [ 69.3554633854516, 41.355050282899462 ], [ 69.355621658723166, 41.3551086106783 ], [ 69.355919904787399, 41.355231643610871 ], [ 69.356130903776261, 41.355324427927918 ], [ 69.356326758966105, 41.355418490582245 ], [ 69.356546486884582, 41.355531313397471 ], [ 69.356759351674327, 41.35564851556903 ], [ 69.356952986228748, 41.355763702737043 ], [ 69.357181056801295, 41.35590742579614 ], [ 69.357245523499358, 41.355951655369871 ], [ 69.3573387201168, 41.356015595822861 ], [ 69.357513075926931, 41.356141773281948 ], [ 69.35765679828755, 41.356253331224714 ], [ 69.357694337984952, 41.356285283105095 ], [ 69.357712969942256, 41.356301141713061 ], [ 69.357795749695683, 41.356371598820481 ], [ 69.357919808833074, 41.356480089036623 ], [ 69.358047033633497, 41.356599935398251 ], [ 69.358150612979031, 41.356702646611843 ], [ 69.358265318857661, 41.356819422549812 ], [ 69.35836682489149, 41.356935182808776 ], [ 69.358406805311546, 41.356980957812979 ], [ 69.358527337663091, 41.357118958935935 ], [ 69.358695851728939, 41.357326345084815 ], [ 69.358817602196012, 41.357477584904593 ], [ 69.358926997234676, 41.357617932801929 ], [ 69.35893555638269, 41.357628596467883 ], [ 69.359049372929206, 41.357770396425565 ], [ 69.359323027612533, 41.358110831712366 ], [ 69.359623973114182, 41.358483234899275 ], [ 69.3596293180901, 41.358489848779314 ], [ 69.359857508138575, 41.35877382963745 ], [ 69.359963871363163, 41.358905817260784 ], [ 69.360075716107616, 41.359044607233109 ], [ 69.360304379568248, 41.359329283527451 ], [ 69.360470494233951, 41.359536148176424 ], [ 69.360620478750405, 41.359721333566583 ], [ 69.360663929362417, 41.359774981888499 ], [ 69.360730631967186, 41.359858460442233 ], [ 69.360841968265177, 41.359997798571733 ], [ 69.360951433372449, 41.360136978628546 ], [ 69.361194259671862, 41.360434646917845 ], [ 69.361198556313838, 41.360439914129792 ], [ 69.361368370241891, 41.360650252999633 ], [ 69.361412741627049, 41.360704460852119 ], [ 69.361569272166989, 41.360895692213212 ], [ 69.361739770611294, 41.361099792221388 ], [ 69.361835974788306, 41.361207046768243 ], [ 69.361890498034469, 41.361263601178521 ], [ 69.361967350703665, 41.361339806177952 ], [ 69.362037088715795, 41.361406639879299 ], [ 69.362134298107662, 41.361494563596501 ], [ 69.362189010000023, 41.361539774430632 ], [ 69.362248135315411, 41.361588632167113 ], [ 69.362358540060441, 41.361669200425375 ], [ 69.362439764830143, 41.36172270420419 ], [ 69.362510552074525, 41.361769713057861 ], [ 69.3625933884218, 41.361819988531479 ], [ 69.362703828201163, 41.361884291349774 ], [ 69.362802499151968, 41.36193618758562 ], [ 69.362878505608165, 41.361973363310192 ], [ 69.362978122484947, 41.362021636163817 ], [ 69.363070597755254, 41.36206215197231 ], [ 69.363177927567065, 41.362104415357194 ], [ 69.363287115094906, 41.362143815940065 ], [ 69.363401136457284, 41.362181978616107 ], [ 69.36340550855779, 41.362183441691293 ], [ 69.363524567672272, 41.362217213098333 ], [ 69.363622744549673, 41.362242593051931 ], [ 69.363739284788124, 41.362268208300982 ], [ 69.363865717274479, 41.362293698807996 ], [ 69.363989245507511, 41.362312815838884 ], [ 69.364094986199575, 41.362328269790645 ], [ 69.364191600906722, 41.362340086960764 ], [ 69.364365178775799, 41.362354570020003 ], [ 69.364386709596531, 41.362355820710022 ], [ 69.364387404892597, 41.362356372227204 ], [ 69.364393285264427, 41.362355930608921 ], [ 69.364394055120641, 41.362355872625429 ], [ 69.364399918424496, 41.362356589328115 ], [ 69.364403870113421, 41.362356819239288 ], [ 69.364404628291496, 41.362356863064043 ], [ 69.364977047366949, 41.362313904715229 ], [ 69.365404478355558, 41.362281827017036 ], [ 69.36552272000317, 41.362272952838445 ], [ 69.36600182837509, 41.362236996962814 ], [ 69.366193466872986, 41.362222615011525 ], [ 69.366195706372977, 41.362222315654392 ], [ 69.366358800004377, 41.362200527979816 ], [ 69.366571018905404, 41.362172177359959 ], [ 69.366836657921468, 41.362136758788914 ], [ 69.36685993147384, 41.362133655314267 ], [ 69.367022754712337, 41.362111945146339 ], [ 69.367451552038489, 41.362053762534764 ], [ 69.367926076307555, 41.361991378068836 ], [ 69.368385949054328, 41.361929753401235 ], [ 69.368818290234245, 41.361872236767432 ], [ 69.369214329595238, 41.361819623771986 ], [ 69.369564820778066, 41.361771863859417 ], [ 69.37003524423784, 41.361708756345379 ], [ 69.370389353834653, 41.361662636087516 ], [ 69.370398713381604, 41.361661417073194 ], [ 69.370530319265683, 41.361644276030169 ], [ 69.371122206629963, 41.361565403441034 ], [ 69.371484643609421, 41.361514854705526 ], [ 69.371826917004043, 41.361469920964879 ], [ 69.372137001067088, 41.361428037437044 ], [ 69.372360367162472, 41.36139829013721 ], [ 69.372659142334399, 41.361356743007399 ], [ 69.373036997997417, 41.361304198367399 ], [ 69.373325714733099, 41.361264606466946 ], [ 69.373585081711838, 41.361231059086812 ], [ 69.373841224636976, 41.361201568581777 ], [ 69.37400502614085, 41.361184571704655 ], [ 69.374124127476151, 41.361173905250133 ], [ 69.374281301209848, 41.361160306529385 ], [ 69.374443667205853, 41.361150790996668 ], [ 69.374523263329934, 41.361146933001635 ], [ 69.374529520994187, 41.36114662959411 ], [ 69.37462588866461, 41.361141958466618 ], [ 69.374787200038497, 41.361137265763134 ], [ 69.374798995816477, 41.361137227331511 ], [ 69.374798990426598, 41.361137149794011 ], [ 69.374905127275724, 41.36113680390941 ], [ 69.374924211085641, 41.361136741879427 ], [ 69.375128783526975, 41.361138827300714 ], [ 69.375405472719336, 41.361148243047829 ], [ 69.375596167087849, 41.361159689600896 ], [ 69.375622249672105, 41.36116125518334 ], [ 69.375721515307632, 41.361167918010629 ], [ 69.375927169320576, 41.361187294954092 ], [ 69.376123721603065, 41.36121005521948 ], [ 69.37616560734979, 41.361215588692794 ], [ 69.37633278831575, 41.361237674710296 ], [ 69.376556791316702, 41.361274256830562 ], [ 69.376782083400073, 41.361316252380767 ], [ 69.376979620236099, 41.361358271502105 ], [ 69.377048945921501, 41.361374012231117 ], [ 69.377159056917463, 41.361399013592766 ], [ 69.377340800472496, 41.361444918956209 ], [ 69.377584775717125, 41.361514487247391 ], [ 69.377747606142165, 41.36156579921677 ], [ 69.377911609766954, 41.361617481300158 ], [ 69.378077387564446, 41.361673783190447 ], [ 69.378400020193681, 41.361784894074511 ], [ 69.378637885097746, 41.361865104072891 ], [ 69.378916706890578, 41.36195954428311 ], [ 69.379350705462215, 41.362106385454311 ], [ 69.379628838247214, 41.362202923511916 ], [ 69.380072514369417, 41.362354752061151 ], [ 69.380391580686975, 41.362463176343255 ], [ 69.38060466286899, 41.362535628552735 ], [ 69.380826744373564, 41.362611140983283 ], [ 69.381071505644073, 41.362694228895108 ], [ 69.38152094715376, 41.362848186837425 ], [ 69.381931863514168, 41.362986772878571 ], [ 69.382405185837356, 41.36314885310999 ], [ 69.382468990477065, 41.363170704517813 ], [ 69.38254802605239, 41.363197766272663 ], [ 69.382958142013862, 41.363337239512127 ], [ 69.38310903832037, 41.363388556112213 ], [ 69.383461598323279, 41.363508836756857 ], [ 69.383603683953453, 41.363557311409828 ], [ 69.383912280406392, 41.363672336928431 ], [ 69.384094317710492, 41.3637237928262 ], [ 69.384231194908665, 41.363760447712217 ], [ 69.384444832249528, 41.363858277800858 ], [ 69.384498398789901, 41.363878907300773 ], [ 69.384549459928991, 41.363900535299784 ], [ 69.384646202196876, 41.363923451032974 ], [ 69.384778179983471, 41.363960571685475 ], [ 69.384936879954822, 41.364007690841348 ], [ 69.384980021546326, 41.364024688329508 ], [ 69.385100104740275, 41.364072000262574 ], [ 69.385316304076326, 41.36413748274208 ], [ 69.385534287466541, 41.364197540483865 ], [ 69.385605400799378, 41.364217132945654 ], [ 69.385981779632047, 41.364336663690217 ], [ 69.386052924405945, 41.364359257673755 ], [ 69.386155232635346, 41.364391748984168 ], [ 69.386698502278108, 41.364568095908581 ], [ 69.38689736233259, 41.364632733112764 ], [ 69.387000754828506, 41.364667875250717 ], [ 69.387025313870055, 41.364675989950861 ], [ 69.387092612956209, 41.364698024903049 ], [ 69.387328401853679, 41.364775225047062 ], [ 69.387593639322773, 41.364862786886697 ], [ 69.38799594892447, 41.364999068270329 ], [ 69.388424994185613, 41.365147238168035 ], [ 69.388462134132709, 41.365159722955816 ], [ 69.388485376244077, 41.365167571286726 ], [ 69.388694197716688, 41.365237846201346 ], [ 69.388963502757406, 41.365325300895549 ], [ 69.389171015384676, 41.365396390741452 ], [ 69.38946993338871, 41.365496985936389 ], [ 69.389682363393874, 41.365570578873765 ], [ 69.3898236656931, 41.365618146550247 ], [ 69.389919462034996, 41.365650395197001 ], [ 69.390024544261976, 41.365687601160907 ], [ 69.390301597272014, 41.365790428825633 ], [ 69.390306511056636, 41.365792394091855 ], [ 69.390412470039351, 41.365836171982359 ], [ 69.390577653152093, 41.365906322124012 ], [ 69.390591567157529, 41.365912395897972 ], [ 69.390716503948937, 41.365966930393945 ], [ 69.390757233563917, 41.365984708755171 ], [ 69.390764067946606, 41.365987839013705 ], [ 69.390887523416097, 41.366048927903854 ], [ 69.390978490415009, 41.366093940733592 ], [ 69.390985685920455, 41.366097700003941 ], [ 69.391098700271399, 41.366161269799072 ], [ 69.391137327828631, 41.366182576800711 ], [ 69.39114212662885, 41.366185262760702 ], [ 69.39122885986788, 41.366232978982971 ], [ 69.391235219041761, 41.366236649926911 ], [ 69.391250460757178, 41.366246056172002 ], [ 69.391331469032863, 41.366296134021816 ], [ 69.391378034103937, 41.366324979719558 ], [ 69.391384273801918, 41.366328741673293 ], [ 69.391401315741163, 41.366339312896969 ], [ 69.391404796712862, 41.36634155321412 ], [ 69.39158330633289, 41.366460117321601 ], [ 69.391593273140955, 41.366467378955768 ], [ 69.391625941274597, 41.366493693018469 ], [ 69.3917789028079, 41.366616903987165 ], [ 69.391780455995047, 41.366618217968359 ], [ 69.391784310665926, 41.366621480336157 ], [ 69.391846620508957, 41.366678631410899 ], [ 69.391902016917598, 41.366729441088431 ], [ 69.391929909607185, 41.366755018165549 ], [ 69.391970789240787, 41.366792621264239 ], [ 69.391974157024819, 41.366795851936828 ], [ 69.392124393967848, 41.36694504721406 ], [ 69.392129207141167, 41.366950075239778 ], [ 69.39228088588024, 41.367120253252921 ], [ 69.392285462796622, 41.367125732289502 ], [ 69.392315648885116, 41.36716451902808 ], [ 69.392360402952576, 41.367221328492782 ], [ 69.392359263888792, 41.367192560048522 ], [ 69.392358671000707, 41.36717764119966 ], [ 69.392357778973619, 41.367155185052631 ], [ 69.392357750227518, 41.36715370118975 ], [ 69.392357750227518, 41.367153672874352 ], [ 69.39235779783823, 41.367096036135052 ], [ 69.392358005349067, 41.367091970171678 ], [ 69.392363836313592, 41.367034274724197 ], [ 69.392370323946565, 41.366970082166851 ], [ 69.392370326641526, 41.366970055199701 ], [ 69.392370750646322, 41.366967009934903 ], [ 69.392382991090386, 41.366898151990263 ], [ 69.392382997378604, 41.366898120303844 ], [ 69.392383053972452, 41.366897854677156 ], [ 69.392383506723363, 41.366895700674135 ], [ 69.392383918151765, 41.366894090059617 ], [ 69.392383929829862, 41.366894026686737 ], [ 69.392383936118065, 41.366893999045416 ], [ 69.392384117577748, 41.366892977663632 ], [ 69.392386621182439, 41.366883377348351 ], [ 69.392386764912899, 41.366882819801901 ], [ 69.392395712133123, 41.366847390985441 ], [ 69.392414136579589, 41.366774462211751 ], [ 69.392415069929186, 41.366771294236898 ], [ 69.392420327768519, 41.366755664704954 ], [ 69.392427107353981, 41.366735512763036 ], [ 69.39243419057, 41.366714454715286 ], [ 69.392439151965334, 41.366699707673106 ], [ 69.392439431341359, 41.366698966747755 ], [ 69.392440010754726, 41.366697391185802 ], [ 69.392440557828721, 41.366696023271693 ], [ 69.39245234911516, 41.366666560187966 ], [ 69.392468457704837, 41.366626312874018 ], [ 69.392468528671742, 41.366626125451418 ], [ 69.392468538553217, 41.366626098484119 ], [ 69.392468570892547, 41.366626014885533 ], [ 69.392468580774008, 41.366625988592432 ], [ 69.392474848319765, 41.366609336965098 ], [ 69.392478064288468, 41.366602297826972 ], [ 69.392478099322787, 41.366602216925124 ], [ 69.392488720104367, 41.366575668290736 ], [ 69.392490065780692, 41.366572635142774 ], [ 69.392508409378792, 41.366535850375172 ], [ 69.392508461481057, 41.366535736438259 ], [ 69.39250849292209, 41.366535669694109 ], [ 69.392508510888391, 41.366535631265677 ], [ 69.392520631856527, 41.366509090694301 ], [ 69.392533209168818, 41.366486104408239 ], [ 69.392533258576165, 41.366486011370881 ], [ 69.392538305311419, 41.366475881761353 ], [ 69.392540084874014, 41.366472630173227 ], [ 69.392545666106869, 41.366463332504466 ], [ 69.392545714615892, 41.366463245534732 ], [ 69.392569410376453, 41.366419935950013 ], [ 69.392609616273646, 41.366355624804157 ], [ 69.392616475809149, 41.366345286851143 ], [ 69.392616524318157, 41.366345213364987 ], [ 69.392626220733334, 41.366329041685731 ], [ 69.39262815390785, 41.366326067854573 ], [ 69.392648261797135, 41.366297388006963 ], [ 69.392648355221937, 41.36629724979894 ], [ 69.392648392951187, 41.366297192493157 ], [ 69.392648427985478, 41.366297141929238 ], [ 69.392659576976484, 41.366280339200195 ], [ 69.392670036061332, 41.366266323551294 ], [ 69.392670102536641, 41.366266232536162 ], [ 69.392674421636556, 41.366260065757601 ], [ 69.392675835584782, 41.366258145675978 ], [ 69.392675853551097, 41.366258122079472 ], [ 69.392681928857357, 41.366250383772389 ], [ 69.392682007010805, 41.366250279947735 ], [ 69.39273266839956, 41.366182388028442 ], [ 69.392771522332239, 41.366135790919898 ], [ 69.392771587010927, 41.36613571338836 ], [ 69.392794113164996, 41.366106798165426 ], [ 69.392796175696887, 41.366104307042399 ], [ 69.392832702992962, 41.366062773029995 ], [ 69.392834099873255, 41.366061243971586 ], [ 69.392842989601291, 41.366051856577059 ], [ 69.392843055178318, 41.366051784438916 ], [ 69.392850277633187, 41.366043440686347 ], [ 69.39286645179989, 41.366027066675571 ], [ 69.392866569479168, 41.366026946670019 ], [ 69.392871755453314, 41.366021466866755 ], [ 69.392871798572429, 41.366021419673565 ], [ 69.392918976294538, 41.365971580949434 ], [ 69.392930517849322, 41.365961087197711 ], [ 69.392936006555715, 41.36595609213083 ], [ 69.392987251849405, 41.365910342990759 ], [ 69.392987616565421, 41.365910014660408 ], [ 69.39301300744691, 41.365887080075282 ], [ 69.393035881249006, 41.365869691369227 ], [ 69.393035918079917, 41.365869663053267 ], [ 69.393072156118464, 41.365839544282395 ], [ 69.393072187559497, 41.365839518663122 ], [ 69.393078322154565, 41.365835002936294 ], [ 69.39310090580085, 41.365820259065757 ], [ 69.393103256691944, 41.365818471112469 ], [ 69.393108512734656, 41.365815290281489 ], [ 69.393108547768946, 41.365815268707372 ], [ 69.393179077196862, 41.365769216756519 ], [ 69.393184597344288, 41.365765990752315 ], [ 69.393226611550105, 41.365743824694519 ], [ 69.393226635804623, 41.365743810536458 ], [ 69.393240546216816, 41.36573539190919 ], [ 69.393329059018384, 41.365686314128602 ], [ 69.393406553982985, 41.365647587860323 ], [ 69.393406601593696, 41.365647563589398 ], [ 69.39342728620143, 41.365636442112304 ], [ 69.393436204675581, 41.365632347741659 ], [ 69.39349655708962, 41.365609019330151 ], [ 69.393496615480132, 41.36560899573341 ], [ 69.393496655006004, 41.365608980226966 ], [ 69.393500588728628, 41.36560737497414 ], [ 69.393598020902644, 41.365569032948976 ], [ 69.393598073004938, 41.365569012723192 ], [ 69.393598108937553, 41.365568998565102 ], [ 69.393639179912327, 41.365552068225497 ], [ 69.39364400386539, 41.365550080029465 ], [ 69.393650832858199, 41.365547607762551 ], [ 69.393650879570586, 41.365547594278709 ], [ 69.393862164223748, 41.365481238788561 ], [ 69.393877806587795, 41.365476327959122 ], [ 69.393877853300168, 41.36547631245265 ], [ 69.393877889232797, 41.365476300991354 ], [ 69.393877930555291, 41.365476288181654 ], [ 69.393985776000108, 41.365440477005293 ], [ 69.394105573529757, 41.365402511756699 ], [ 69.394170989747067, 41.365378803016711 ], [ 69.394236005315747, 41.365355241242739 ], [ 69.394285360554079, 41.365337354164019 ], [ 69.39431632727856, 41.365325251679288 ], [ 69.394424248181863, 41.365283076683333 ], [ 69.394434850997158, 41.365278933074116 ], [ 69.394435380104852, 41.365278726095916 ], [ 69.394442242335302, 41.365275866155876 ], [ 69.394442527999558, 41.365275746823194 ], [ 69.394443268211361, 41.365275438715514 ], [ 69.394497567777023, 41.365252807969313 ], [ 69.394507960386534, 41.365248476931548 ], [ 69.394509033873305, 41.365248013084432 ], [ 69.394511446748169, 41.365246971450929 ], [ 69.394564049396237, 41.365224253723447 ], [ 69.394608196202569, 41.365205188786781 ], [ 69.394609081043143, 41.365204806517156 ], [ 69.39460965237167, 41.365204559761096 ], [ 69.394611014217631, 41.365203869383492 ], [ 69.39461233923268, 41.365203197209162 ], [ 69.394612987816316, 41.365202868201074 ], [ 69.394624157468556, 41.365197202924229 ], [ 69.394679897033626, 41.36516893114262 ], [ 69.394680761212911, 41.365168492914414 ], [ 69.394685738777909, 41.365165968045574 ], [ 69.394687621646739, 41.365165013382224 ], [ 69.394726715429584, 41.365145183888309 ], [ 69.394743131243075, 41.365136548091911 ], [ 69.394750968145615, 41.365132425373488 ], [ 69.394785757201646, 41.36511412360192 ], [ 69.394786238698615, 41.365113870777726 ], [ 69.394846859708949, 41.365078035804913 ], [ 69.394848148791397, 41.365077292164308 ], [ 69.394944962026173, 41.365022685457653 ], [ 69.394961481145941, 41.365012516516728 ], [ 69.394972182775916, 41.36500592891916 ], [ 69.39499051379758, 41.364994644850441 ], [ 69.394991601657409, 41.364993974696581 ], [ 69.395006238806644, 41.364984965373772 ], [ 69.395011830819314, 41.364981522912757 ], [ 69.395032896312728, 41.364968556038285 ], [ 69.395075595034783, 41.36494049518177 ], [ 69.395095792755669, 41.364927220863997 ], [ 69.395096249998119, 41.36492692084515 ], [ 69.395120897074577, 41.364910723867972 ], [ 69.395121003075772, 41.364910653751146 ], [ 69.395167924778022, 41.364879817187308 ], [ 69.395173475468155, 41.364876169763832 ], [ 69.39519322223471, 41.364861760753641 ], [ 69.395217942074709, 41.364843722518387 ], [ 69.395225144766684, 41.364838467124294 ], [ 69.395243611433969, 41.364824992548094 ], [ 69.395267294618122, 41.364807710756118 ], [ 69.395286606600095, 41.364792312003495 ], [ 69.395293440084473, 41.364786863109487 ], [ 69.395365309798748, 41.364729558003489 ], [ 69.395378255420326, 41.364719235298786 ], [ 69.395412149754321, 41.364689022281254 ], [ 69.395465270730313, 41.36464167169305 ], [ 69.395467456331403, 41.364639723247187 ], [ 69.395479413806143, 41.364627575461036 ], [ 69.395479803674988, 41.364627179029767 ], [ 69.395487578593759, 41.364619280742687 ], [ 69.395497400773081, 41.364609302538192 ], [ 69.395506526758069, 41.364600031571307 ], [ 69.395567454093879, 41.364538135647365 ], [ 69.395567473856815, 41.364538114747042 ], [ 69.395572477472939, 41.364532836405346 ], [ 69.395573599468761, 41.364531634974036 ], [ 69.395591400484392, 41.36451237161851 ], [ 69.395646838215541, 41.364452384284618 ], [ 69.395663126468278, 41.36443341755578 ], [ 69.395719863163293, 41.36436736971558 ], [ 69.395741128082719, 41.364341802487218 ], [ 69.395785259617682, 41.364288742467011 ], [ 69.395829670528684, 41.364223255420228 ], [ 69.395841097997433, 41.364208383085106 ] ] ], [ [ [ 69.452423562174289, 41.422477184473586 ], [ 69.452949957862813, 41.422473496496337 ], [ 69.452950000981957, 41.422473496496337 ], [ 69.45318502361647, 41.422471849536578 ], [ 69.453185065837289, 41.422471849536578 ], [ 69.453588687877584, 41.422469021750288 ], [ 69.453588731895053, 41.422469019055875 ], [ 69.453740560652804, 41.42244935724856 ], [ 69.453740603771934, 41.422449351859747 ], [ 69.453939841118768, 41.422423550149141 ], [ 69.453939883339601, 41.422423544760264 ], [ 69.455007814024086, 41.422285057756326 ], [ 69.45500785804154, 41.42228505236745 ], [ 69.455127179464114, 41.422269578308665 ], [ 69.455127222583229, 41.422269572919781 ], [ 69.455134041694564, 41.422268688476066 ], [ 69.455134084813693, 41.422268683087239 ], [ 69.455521599162665, 41.422224253413837 ], [ 69.455521642281795, 41.422224246677821 ], [ 69.45570492914247, 41.422179441775377 ], [ 69.4557049722616, 41.422179431671267 ], [ 69.455709624636455, 41.422178369394231 ], [ 69.45570966685726, 41.422178359963787 ], [ 69.45599637495998, 41.422112981057012 ], [ 69.456182940671439, 41.422070438724944 ], [ 69.456622507001214, 41.421963326310589 ], [ 69.456876267594254, 41.421901489697753 ], [ 69.456909094729681, 41.421893490589135 ], [ 69.456938899034185, 41.421885430181042 ], [ 69.457086116739589, 41.42184561784007 ], [ 69.457086325148708, 41.421845560583229 ], [ 69.457086432048229, 41.421845531618025 ], [ 69.457109803516971, 41.421839209790797 ], [ 69.457164713937019, 41.421824360062139 ], [ 69.457183539930426, 41.421819268244647 ], [ 69.457234966683828, 41.421805360891959 ], [ 69.457390029376612, 41.421763425281455 ], [ 69.457665479792169, 41.421687258746068 ], [ 69.457970899802262, 41.421602805344541 ], [ 69.458084895113487, 41.42156742789556 ], [ 69.458127707023309, 41.421554142233461 ], [ 69.458260709787609, 41.421512864580812 ], [ 69.45827425458549, 41.421506254414737 ], [ 69.458613532996935, 41.421340673341639 ], [ 69.458662166888104, 41.421316938515524 ], [ 69.458894284371013, 41.421209267104025 ], [ 69.459181261069986, 41.421076148264362 ], [ 69.459376104756799, 41.420982016189804 ], [ 69.459536147709471, 41.420904696175022 ], [ 69.459612528763159, 41.420869063717454 ], [ 69.459679947325213, 41.420837611727102 ], [ 69.459856689959082, 41.420755157875007 ], [ 69.459926304003687, 41.420704913812678 ], [ 69.460029406343779, 41.420630500821865 ], [ 69.460086307430529, 41.420591627415199 ], [ 69.460190172440292, 41.420520669982842 ], [ 69.46049384073558, 41.420313212496936 ], [ 69.460534087056942, 41.420285717115817 ], [ 69.460626317985472, 41.420222707469037 ], [ 69.460921995766299, 41.420019658604446 ], [ 69.461174157358116, 41.41983034241327 ], [ 69.461258492993608, 41.419767025822445 ], [ 69.461396836242301, 41.419655238641887 ], [ 69.461597064430947, 41.419493444062013 ], [ 69.461879649266493, 41.419252217269602 ], [ 69.462005207692073, 41.419145034190379 ], [ 69.462013308699326, 41.419120078603463 ], [ 69.462033257586839, 41.419058620562723 ], [ 69.462046588585622, 41.419017550825608 ], [ 69.462164738605068, 41.418910913007622 ], [ 69.462349546313547, 41.418744109393685 ], [ 69.462418565673431, 41.418685589425664 ], [ 69.462429261015217, 41.418676520850219 ], [ 69.462787674440534, 41.418372629203532 ], [ 69.46288157982876, 41.418293008947487 ], [ 69.463031856297704, 41.418144147039257 ], [ 69.46321971468484, 41.417844428191827 ], [ 69.463248304467101, 41.417798813232928 ], [ 69.46326291376856, 41.417775504881284 ], [ 69.463279908097078, 41.417747018830674 ], [ 69.463315676316782, 41.417687063757405 ], [ 69.463477943498106, 41.417415067778101 ], [ 69.463559828529526, 41.417277809622597 ], [ 69.463589504374937, 41.417228065418591 ], [ 69.463723140451563, 41.417086808027932 ], [ 69.463854734657531, 41.416849113061687 ], [ 69.464047637983299, 41.416500675531175 ], [ 69.46416261245821, 41.416299468961995 ], [ 69.464208382520255, 41.416219370554813 ], [ 69.464261403783269, 41.416047502115447 ], [ 69.464329185264702, 41.415827788372425 ], [ 69.464361181458514, 41.415724069732526 ], [ 69.464405712743755, 41.415579720272582 ], [ 69.464439351956202, 41.415470675155831 ], [ 69.464514556216841, 41.415161251078345 ], [ 69.464527995013484, 41.415105955481074 ], [ 69.464609235054525, 41.414727592342381 ], [ 69.464611580555754, 41.414716665194852 ], [ 69.464653019839787, 41.414523663980326 ], [ 69.464667181780257, 41.414457716186845 ], [ 69.464687359738164, 41.414363736878144 ], [ 69.464702122651531, 41.414294979643415 ], [ 69.46470719274302, 41.41422813359079 ], [ 69.46472874512331, 41.413943964340909 ], [ 69.46472948084353, 41.413934414761215 ], [ 69.464774677780397, 41.413338640148602 ], [ 69.464792868664929, 41.41309879246721 ], [ 69.464798789460957, 41.413020723343394 ], [ 69.464807002757581, 41.412912430498423 ], [ 69.46475922226594, 41.412715248977186 ], [ 69.464572441857143, 41.411944441027124 ], [ 69.464572288245208, 41.411943770683301 ], [ 69.464593466028049, 41.411948847105933 ], [ 69.46459344985837, 41.41194881139922 ], [ 69.464614572843942, 41.411953872999796 ], [ 69.464645927640632, 41.411972939728258 ], [ 69.464822342389382, 41.412080210098736 ], [ 69.464841047110227, 41.41209158368639 ], [ 69.46485884004106, 41.412102402808053 ], [ 69.465004577322873, 41.412191019963608 ], [ 69.465015152290405, 41.412197435028247 ], [ 69.465119281404881, 41.412260602697863 ], [ 69.465257960623489, 41.412344728698756 ], [ 69.465399607875781, 41.412430655410397 ], [ 69.465698036298036, 41.412618174166084 ], [ 69.465732502858842, 41.41263983109603 ], [ 69.465807556202535, 41.41268698976689 ], [ 69.465900299170769, 41.412743308085041 ], [ 69.466182463594777, 41.412914655063524 ], [ 69.466374132635366, 41.41303104781371 ], [ 69.466813888509662, 41.413299814252198 ], [ 69.466903862870183, 41.413356406907759 ], [ 69.46692519336662, 41.413460602937029 ], [ 69.466945939958109, 41.413473420688305 ], [ 69.467056515383049, 41.413541736174494 ], [ 69.467198747438616, 41.41351750737379 ], [ 69.467316873203544, 41.41358759732713 ], [ 69.4673756921934, 41.413622498104736 ], [ 69.467450697926381, 41.413667003053291 ], [ 69.467626717416408, 41.413771444482506 ], [ 69.468085460980859, 41.414048922719147 ], [ 69.468217394749999, 41.414124446754727 ], [ 69.46826198981563, 41.414149974876182 ], [ 69.468323988841618, 41.414182790957341 ], [ 69.468366422560678, 41.414205251076552 ], [ 69.468391569998758, 41.414218546326254 ], [ 69.468425868574641, 41.414210445891698 ], [ 69.468449580504839, 41.414211531204465 ], [ 69.468449635302079, 41.41421153187818 ], [ 69.468449676624601, 41.414211524467568 ], [ 69.468484375849059, 41.414201867136953 ], [ 69.468517496733597, 41.414184454295864 ], [ 69.468576587912978, 41.414146070171654 ], [ 69.46862762659417, 41.414088667754861 ], [ 69.468631419281309, 41.414084782583693 ], [ 69.468675549917947, 41.414039617704546 ], [ 69.468739129978815, 41.41396607489682 ], [ 69.468765156867519, 41.413941166499491 ], [ 69.468794152688275, 41.413913418480973 ], [ 69.468851940412193, 41.413864298908038 ], [ 69.468883135308758, 41.413837778998634 ], [ 69.468915298589167, 41.413810444583504 ], [ 69.468931515874999, 41.413795462996227 ], [ 69.468980319547754, 41.413750376064399 ], [ 69.469018302114577, 41.413715292784396 ], [ 69.469051831732585, 41.413678772495395 ], [ 69.46909683014178, 41.413629769967912 ], [ 69.469158781557056, 41.413550269205146 ], [ 69.469158804913235, 41.413550243604675 ], [ 69.469234080140779, 41.413459430704876 ], [ 69.469234107090273, 41.413459402409586 ], [ 69.469366632849173, 41.41328786486396 ], [ 69.469371545735456, 41.413281255881877 ], [ 69.469372865360626, 41.413279486749524 ], [ 69.469432658124234, 41.413199033620899 ], [ 69.469513210954076, 41.413090648776212 ], [ 69.469629254424177, 41.412938246766977 ], [ 69.469659986688342, 41.412905741981263 ], [ 69.469699948243758, 41.412863476573122 ], [ 69.46973989452782, 41.412805520586133 ], [ 69.469797945458112, 41.41273318904878 ], [ 69.469856673718127, 41.412660559653276 ], [ 69.46987303203943, 41.412640330311518 ], [ 69.469881079147768, 41.412630379011809 ], [ 69.469887340405307, 41.412622629379712 ], [ 69.469887370049705, 41.41262260108406 ], [ 69.46988632530902, 41.412621977906603 ], [ 69.469881133944995, 41.412619576820688 ], [ 69.469432854855285, 41.412375945635667 ], [ 69.468764010617235, 41.412012435413409 ], [ 69.467931568792892, 41.411521631910077 ], [ 69.467422188992515, 41.411220469712781 ], [ 69.467057789194129, 41.411005023167704 ], [ 69.466685495899355, 41.41078264395783 ], [ 69.466266672567812, 41.410532467363147 ], [ 69.465823009022046, 41.410270424078028 ], [ 69.465762930594153, 41.410234939396659 ], [ 69.465369459516566, 41.410002539822678 ], [ 69.464936796739735, 41.409744815737682 ], [ 69.464782841669717, 41.409653114249913 ], [ 69.464751224564978, 41.409634680152763 ], [ 69.464474744680075, 41.409473502009952 ], [ 69.464408785880366, 41.409435051770657 ], [ 69.464275223465577, 41.409357192492941 ], [ 69.464272687521557, 41.409355714309129 ], [ 69.46426868373031, 41.409353380476404 ], [ 69.464263676520929, 41.409350461837896 ], [ 69.464263167176185, 41.409350165392617 ], [ 69.464263112378916, 41.409350133053138 ], [ 69.464263147413249, 41.409350117557118 ], [ 69.464263252516133, 41.409350017843728 ], [ 69.464263596570888, 41.409349689732657 ], [ 69.46427241892529, 41.409341291571891 ], [ 69.464275466010733, 41.409338391123804 ], [ 69.464280890936706, 41.409333226911087 ], [ 69.464308269789939, 41.409307164642385 ], [ 69.464308295841093, 41.409307141061497 ], [ 69.464376246205802, 41.409242452582887 ], [ 69.464380199691405, 41.4092386890689 ], [ 69.464448749232417, 41.409173428515935 ], [ 69.464456802628916, 41.409165762689057 ], [ 69.464489298286026, 41.409134827180999 ], [ 69.464815991300341, 41.408823811182806 ], [ 69.464816020046413, 41.408823792317932 ], [ 69.464987087124271, 41.40866093520853 ], [ 69.465161284830927, 41.408495103092918 ], [ 69.465390503450408, 41.408276885132999 ], [ 69.465421473768131, 41.408251882924091 ], [ 69.465480359233297, 41.408196048508088 ], [ 69.465547075312841, 41.408132791993573 ], [ 69.465735117854621, 41.407954494760311 ], [ 69.465850365417381, 41.40784169211345 ], [ 69.465871527030529, 41.407820979536176 ], [ 69.46594758289406, 41.407746536288009 ], [ 69.465948485700906, 41.407745677249181 ], [ 69.46599798646632, 41.407698550700381 ], [ 69.466132977202406, 41.407570037601765 ], [ 69.466197801429942, 41.407508323384384 ], [ 69.466368923305026, 41.407349746743989 ], [ 69.466510760101883, 41.407437458112753 ], [ 69.466595443385387, 41.407484108503603 ], [ 69.466626315786769, 41.407501114843058 ], [ 69.466630147101455, 41.407503225054541 ], [ 69.466642903178467, 41.407510251680868 ], [ 69.466953918794459, 41.407681574731662 ], [ 69.467124154930701, 41.407696523367328 ], [ 69.467163849686472, 41.407700010056757 ], [ 69.46718086287963, 41.407681150938771 ], [ 69.467181224002374, 41.407680750727359 ], [ 69.467181472835705, 41.407680488636018 ], [ 69.467251015913433, 41.407608472100861 ], [ 69.46730062896826, 41.407557095387972 ], [ 69.467387330766215, 41.407467311024895 ], [ 69.467505216680948, 41.407345233899179 ], [ 69.467539872786304, 41.407309369640508 ], [ 69.467562806775504, 41.407314677525086 ], [ 69.467603859783992, 41.407283846916044 ], [ 69.467661908019338, 41.407240243803201 ], [ 69.467705184358124, 41.407207736166463 ], [ 69.467725095516442, 41.407192779333215 ], [ 69.467733779530278, 41.407186255298775 ], [ 69.467836340186267, 41.407109214642624 ], [ 69.467836377915503, 41.407109202514896 ], [ 69.467866320560546, 41.407098340788323 ], [ 69.467866360086418, 41.407098326639321 ], [ 69.467891986326535, 41.40708903140937 ], [ 69.467894982208023, 41.407080542672134 ], [ 69.467897885562991, 41.407072312658769 ], [ 69.467903567407177, 41.407056217808538 ], [ 69.467903636577461, 41.407056013658334 ], [ 69.467907888303685, 41.407043977553634 ], [ 69.467907934117761, 41.407043968120938 ], [ 69.46808791248327, 41.407013003978257 ], [ 69.468087959195643, 41.407012995893112 ], [ 69.468132323394272, 41.407005362825757 ], [ 69.468132369208362, 41.407005354740548 ], [ 69.468188080925657, 41.406995770452653 ], [ 69.468213060378773, 41.406998231037619 ], [ 69.468231639335485, 41.407000060306011 ], [ 69.468366934600382, 41.407011188185542 ], [ 69.468597445895583, 41.407030141824897 ], [ 69.468662951046099, 41.406961071612919 ], [ 69.468719965320545, 41.406900957008283 ], [ 69.468717931534741, 41.406891865900811 ], [ 69.468717924348198, 41.406891834907611 ], [ 69.468713024936676, 41.406869922725861 ], [ 69.468699363357814, 41.406808807494961 ], [ 69.468683608704353, 41.406801460754018 ], [ 69.468683078698319, 41.406801214155756 ], [ 69.468676100585199, 41.406797959193518 ], [ 69.468664480877024, 41.406792542790463 ], [ 69.468662816298789, 41.406791763243369 ], [ 69.468658470249437, 41.406789737229573 ], [ 69.468583072851018, 41.406754578771228 ], [ 69.468551030843145, 41.40673963463523 ], [ 69.468521207674044, 41.406725727422383 ], [ 69.468422168413952, 41.406679540712496 ], [ 69.468387782701527, 41.40666350370892 ], [ 69.468389143649162, 41.406645831468083 ], [ 69.468389986268903, 41.406634849733479 ], [ 69.468392845606473, 41.406597694817307 ], [ 69.468392886928967, 41.40659769212224 ], [ 69.468405952924783, 41.406598291775616 ], [ 69.468500511388228, 41.406602617364861 ], [ 69.468770827033609, 41.406665860546333 ], [ 69.468798449330293, 41.406674405934126 ], [ 69.468843604046356, 41.406404101493067 ], [ 69.468830724001805, 41.406399073148627 ], [ 69.468824648695531, 41.406396696762179 ], [ 69.46858690596234, 41.406303851202125 ], [ 69.468389016986706, 41.406233072207058 ], [ 69.468338393327215, 41.406214967287674 ], [ 69.468287471427004, 41.406196751190883 ], [ 69.468001825132959, 41.406090667726694 ], [ 69.468001787403722, 41.406090656272553 ], [ 69.467694193470649, 41.405967154222559 ], [ 69.467636588104753, 41.405946296186222 ], [ 69.467420707670613, 41.405836709353252 ], [ 69.46733335998394, 41.405796864266414 ], [ 69.467298755980877, 41.405781079711055 ], [ 69.467165463060724, 41.405732045622742 ], [ 69.46716542173823, 41.405732033494751 ], [ 69.467103089437302, 41.405709105539856 ], [ 69.467010012295745, 41.405674868224281 ], [ 69.466996922943736, 41.405670053410851 ], [ 69.466907221671036, 41.405634021130595 ], [ 69.466825750762979, 41.405601294386138 ], [ 69.466814704179939, 41.405596856209215 ], [ 69.466796922927188, 41.405589714159888 ], [ 69.466680803998642, 41.405547226361506 ], [ 69.4666793038121, 41.40554667723184 ], [ 69.466536990009857, 41.405494604222184 ], [ 69.466355125182275, 41.405427062532198 ], [ 69.466355085656403, 41.405427047709033 ], [ 69.466330168187056, 41.405417934160575 ], [ 69.466229445484132, 41.405381097246703 ], [ 69.466140998259576, 41.405349364201449 ], [ 69.465975239326696, 41.405289895609585 ], [ 69.465889656829589, 41.405258960277344 ], [ 69.465813860579189, 41.405231562285955 ], [ 69.465527173137701, 41.405179814460773 ], [ 69.465354026459963, 41.405153591513191 ], [ 69.46529522274146, 41.405144686125311 ], [ 69.465189288013292, 41.405128631898293 ], [ 69.465189257470541, 41.405128629876955 ], [ 69.465189217046387, 41.405128625834244 ], [ 69.465181796063789, 41.405127503311675 ], [ 69.465146185049321, 41.405122096202291 ], [ 69.464810850241946, 41.40507117367487 ], [ 69.464684997168973, 41.405053632388807 ], [ 69.464643381815122, 41.405047830435954 ], [ 69.464372157074649, 41.405010026431768 ], [ 69.464297375022184, 41.404998239248343 ], [ 69.464296790218938, 41.404998146939867 ], [ 69.464245003241132, 41.404989984041173 ], [ 69.464216196964898, 41.404985444081063 ], [ 69.464151144565307, 41.404975190427074 ], [ 69.464066983202954, 41.404961928322436 ], [ 69.464021849148125, 41.404953119933282 ], [ 69.464021748536823, 41.404953100393548 ], [ 69.463962852291843, 41.404941611012745 ], [ 69.463926095925345, 41.404935476873789 ], [ 69.463925653055924, 41.404935403431239 ], [ 69.46390010407093, 41.404931140392968 ], [ 69.463841302149063, 41.404919521641531 ], [ 69.463776001814423, 41.404906615957998 ], [ 69.463770544549092, 41.404904750920096 ], [ 69.463650815291373, 41.404863864936495 ], [ 69.46353266527197, 41.404808214921616 ], [ 69.463416432257361, 41.404742505892777 ], [ 69.463415089275998, 41.40474174586096 ], [ 69.463389296847566, 41.404727164433304 ], [ 69.463300976285439, 41.404677235433311 ], [ 69.463195519460982, 41.404597749318668 ], [ 69.463180690072264, 41.404586569144051 ], [ 69.463048079871712, 41.404488484977954 ], [ 69.46304514866894, 41.404486317396461 ], [ 69.463045118126246, 41.404486293813818 ], [ 69.462910969111604, 41.40438387836933 ], [ 69.462899325148882, 41.40437488730452 ], [ 69.462894510178941, 41.404371167978773 ], [ 69.462893123180152, 41.404370097324993 ], [ 69.46270328849937, 41.4042234849707 ], [ 69.462462319916, 41.404051451381882 ], [ 69.462462288474953, 41.404051429820449 ], [ 69.46237545462462, 41.403992434392272 ], [ 69.462342927526521, 41.403961732249279 ], [ 69.4623379014525, 41.403956985362221 ], [ 69.462337868214831, 41.403956960431778 ], [ 69.462336021278603, 41.403955705825084 ], [ 69.462219866417414, 41.403846066447763 ], [ 69.462109705115836, 41.403738436149546 ], [ 69.462093464473796, 41.403722568217077 ], [ 69.462077387325152, 41.403706859970768 ], [ 69.462020791665651, 41.403651747329917 ], [ 69.46202075124144, 41.403651710270978 ], [ 69.461992580074138, 41.403627352455203 ], [ 69.46186069122075, 41.403513323392005 ], [ 69.461704086120619, 41.403390618266641 ], [ 69.461704046594747, 41.403390595357365 ], [ 69.461620949736044, 41.403341409881151 ], [ 69.461617736462259, 41.403339512455844 ], [ 69.461617656512217, 41.40333946394211 ], [ 69.461613494617495, 41.403337001197201 ], [ 69.461594416197471, 41.403329393976257 ], [ 69.461582896202302, 41.403324799995993 ], [ 69.461523603800273, 41.403301158309183 ], [ 69.461522981267791, 41.403300909002432 ], [ 69.461514679936244, 41.403297597939236 ], [ 69.46145017820389, 41.403271876214816 ], [ 69.461330695084584, 41.403222972972124 ], [ 69.461228751571198, 41.403181248392876 ], [ 69.461034364228553, 41.403105600457629 ], [ 69.460979528368682, 41.403084260406473 ], [ 69.460966887275987, 41.403079340961355 ], [ 69.460642060062497, 41.402936217356505 ], [ 69.460342997429706, 41.402807522343892 ], [ 69.460288684389297, 41.402784149318023 ], [ 69.460057550561643, 41.402684976252111 ], [ 69.459777476517317, 41.40255883043789 ], [ 69.459731257297634, 41.402533840178656 ], [ 69.45967944067543, 41.402505833261408 ], [ 69.459679410132694, 41.402505816416109 ], [ 69.4596350764768, 41.402481843590415 ], [ 69.459617356309494, 41.402472249201914 ], [ 69.459533953125231, 41.402407271591365 ], [ 69.459344549635787, 41.402300783043501 ], [ 69.459229446701826, 41.402226883976013 ], [ 69.459106644307511, 41.402138716139497 ], [ 69.459025264129295, 41.402080001303148 ], [ 69.459021973600429, 41.402077626780219 ], [ 69.458903949345142, 41.401992475413572 ], [ 69.458844492551421, 41.401949578951999 ], [ 69.458683599792494, 41.401845834111199 ], [ 69.458683567453122, 41.40184581322292 ], [ 69.458503637596664, 41.401731200876007 ], [ 69.458331327250448, 41.401624164078903 ], [ 69.458192214145527, 41.401557033439019 ], [ 69.458192182704508, 41.401557020636425 ], [ 69.457960519769131, 41.401469295265315 ], [ 69.457926302041656, 41.401462761896539 ], [ 69.457843963361029, 41.401456892240901 ], [ 69.457648061458812, 41.401413824948911 ], [ 69.457646465152536, 41.401413718485102 ], [ 69.457574047465926, 41.401408888531854 ], [ 69.457506615429097, 41.401404394141402 ], [ 69.457432110956077, 41.401399422684918 ], [ 69.457432075921773, 41.401399423358697 ], [ 69.457419950462096, 41.401399704342396 ], [ 69.457419915427778, 41.401399705690018 ], [ 69.457419877698527, 41.401399706363847 ], [ 69.457410210029479, 41.401399929398842 ], [ 69.457410174995147, 41.401399930072628 ], [ 69.457379298102211, 41.401400645671309 ], [ 69.457379261271299, 41.401400646345145 ], [ 69.457371889696063, 41.401400816822019 ], [ 69.457371853763476, 41.401400817495841 ], [ 69.457366115325414, 41.40140095023871 ], [ 69.457366079392784, 41.401400950912539 ], [ 69.45731227210392, 41.401402196808881 ], [ 69.457312235272994, 41.401402197482717 ], [ 69.457083625711292, 41.401408760505738 ], [ 69.457083589778676, 41.40140876522247 ], [ 69.456956524878365, 41.401379695876969 ], [ 69.45660713592838, 41.401555493086249 ], [ 69.456509222257338, 41.401586179520699 ], [ 69.456448930928758, 41.401605075446348 ], [ 69.456274985648719, 41.401659590797955 ], [ 69.456099206008858, 41.401666530459778 ], [ 69.455970019287875, 41.401642858521576 ], [ 69.455343977078144, 41.40142282585694 ], [ 69.455329118943354, 41.401417603740221 ], [ 69.45489032246978, 41.401291792377208 ], [ 69.454629122927884, 41.401260434002118 ], [ 69.454177946771367, 41.401069723572043 ], [ 69.453782224515663, 41.400902454349854 ], [ 69.453666676017306, 41.400868672030384 ], [ 69.453484069181286, 41.400815270526508 ], [ 69.453458548942379, 41.400807807883339 ], [ 69.453281579034794, 41.400756059904339 ], [ 69.452938222271939, 41.400655657373811 ], [ 69.452423213627995, 41.400456719708281 ], [ 69.452239045520031, 41.400407107497259 ], [ 69.452239009587402, 41.400407115583228 ], [ 69.451926824364904, 41.400472961740832 ], [ 69.451926788432289, 41.400472969152943 ], [ 69.451572813582828, 41.400536136766867 ], [ 69.451572777650199, 41.400536142831342 ], [ 69.451383185514516, 41.400566659268023 ], [ 69.451383149581915, 41.400566663984812 ], [ 69.451023477616886, 41.400594871865358 ], [ 69.451023441684256, 41.400594874560674 ], [ 69.450881165611264, 41.400604362761214 ], [ 69.450881127882027, 41.400604364108901 ], [ 69.45085958448486, 41.400604448337617 ], [ 69.45080602153773, 41.400604658572561 ], [ 69.45080598650344, 41.400604658572561 ], [ 69.450681029050799, 41.400589405081803 ], [ 69.450397467746512, 41.400572695440147 ], [ 69.450378250985963, 41.400571563405201 ], [ 69.450373168318094, 41.400620280644709 ], [ 69.450339905499774, 41.401149240281327 ], [ 69.4503391616947, 41.401161057137422 ], [ 69.45033569599434, 41.401216173912118 ], [ 69.450329200276528, 41.401319475035237 ], [ 69.450328599303603, 41.401328952348848 ], [ 69.450207514488142, 41.401309346807587 ], [ 69.450207091381628, 41.401309278077711 ], [ 69.450067157216537, 41.401286614722274 ], [ 69.448986677067552, 41.401030386321835 ], [ 69.448986659101251, 41.401030413948689 ], [ 69.448986622270326, 41.401030411253402 ], [ 69.448977683134913, 41.401044465231458 ], [ 69.448967213270279, 41.40106575069882 ], [ 69.448911561740132, 41.401178889218599 ], [ 69.448883864883271, 41.401235193928905 ], [ 69.448860346090839, 41.401283006400568 ], [ 69.448859569048111, 41.401284586515324 ], [ 69.448857090596221, 41.401289624015305 ], [ 69.44884337332185, 41.401317508820988 ], [ 69.448822656374745, 41.401359624066131 ], [ 69.448776884516079, 41.401452672099012 ], [ 69.448775116631623, 41.401456266261064 ], [ 69.448764928837974, 41.401476977498142 ], [ 69.448756242129178, 41.401494636994506 ], [ 69.448748083629781, 41.401511211634968 ], [ 69.448721841145371, 41.401564573485452 ], [ 69.448705666080357, 41.401595384572211 ], [ 69.448562104518189, 41.401868816660802 ], [ 69.448456109602859, 41.402070692552805 ], [ 69.448215609041753, 41.402246321461014 ], [ 69.448099525147455, 41.402331093812627 ], [ 69.447392905853377, 41.402847110522025 ], [ 69.446598015404561, 41.403413076052807 ], [ 69.446006895201535, 41.403843388780992 ], [ 69.446007064983121, 41.403843493219384 ], [ 69.446124781116268, 41.403945076704574 ], [ 69.446037843959701, 41.404028090257917 ], [ 69.445822109950953, 41.404294613831347 ], [ 69.445465419494369, 41.404778845914123 ], [ 69.445279696402608, 41.405030974381944 ], [ 69.445274001083718, 41.40503870537998 ], [ 69.445180971552901, 41.405164996633665 ], [ 69.445125724264599, 41.405232797328367 ], [ 69.444968035796251, 41.405426318005325 ], [ 69.44489713805909, 41.405450513439646 ], [ 69.444779386891668, 41.405490694280978 ], [ 69.444779347365795, 41.405490707756584 ], [ 69.444719620179171, 41.405542032201126 ], [ 69.444487631155354, 41.405783324733626 ], [ 69.444390826005403, 41.405889683599909 ], [ 69.444275573951074, 41.406016310760364 ], [ 69.444166301981596, 41.406136359632313 ], [ 69.444140894032088, 41.406163780824244 ], [ 69.444140931761339, 41.406163770043868 ], [ 69.443977995335104, 41.406339635163391 ], [ 69.443836110029252, 41.406492774932893 ], [ 69.44368005200316, 41.406661902164394 ], [ 69.443669344983292, 41.406673505781399 ], [ 69.443615363421202, 41.40673649623146 ], [ 69.443567796728601, 41.406792001082714 ], [ 69.443796641648902, 41.406902954720564 ], [ 69.443861660810867, 41.406934478813838 ], [ 69.443940812268877, 41.406972855071444 ], [ 69.443941274901249, 41.406973079434863 ], [ 69.443946362060686, 41.406975547432118 ], [ 69.443967210161816, 41.406985655237456 ], [ 69.443976842796602, 41.40699032442047 ], [ 69.443998343972922, 41.407001630849045 ], [ 69.44400387759508, 41.407004540834144 ], [ 69.44400622219797, 41.407005773147752 ], [ 69.444008287424793, 41.40700685790712 ], [ 69.444011508783419, 41.407008551074981 ], [ 69.444013398838777, 41.407009544202516 ], [ 69.44408236609641, 41.407045787281568 ], [ 69.444205796413058, 41.407110650430496 ], [ 69.444205839532188, 41.407110673338458 ], [ 69.444205898820996, 41.407110702984014 ], [ 69.444211006641723, 41.407113387253787 ], [ 69.444218188672423, 41.407117160997302 ], [ 69.444249911778357, 41.407133831899188 ], [ 69.444249878540688, 41.407133853459598 ], [ 69.444228664825275, 41.407153288803016 ], [ 69.444151285743317, 41.407224270271605 ], [ 69.444138526073019, 41.407235974852355 ], [ 69.444039510169148, 41.407326803863491 ], [ 69.443768511804109, 41.407575397344367 ], [ 69.443732893603084, 41.407608071215222 ], [ 69.443704836521846, 41.407633811435886 ], [ 69.443630677001863, 41.407701839305332 ], [ 69.443614799279231, 41.407716758964831 ], [ 69.443479845374071, 41.407843569868412 ], [ 69.443270094145134, 41.408040665113624 ], [ 69.443132157833261, 41.408170278191392 ], [ 69.442987164356509, 41.408306522059434 ], [ 69.442955551743367, 41.408336227021067 ], [ 69.44292535936664, 41.408364597271365 ], [ 69.442849075331026, 41.408436788143092 ], [ 69.442744060477708, 41.408536168703463 ], [ 69.442672119796498, 41.40863713578527 ], [ 69.442513950729449, 41.408859120113881 ], [ 69.442491618611513, 41.408890462694643 ], [ 69.442486722793191, 41.408897333536103 ], [ 69.442450986014563, 41.408946303251319 ], [ 69.442450968048249, 41.408946328179802 ], [ 69.44242720671069, 41.408935801610966 ], [ 69.44225835397998, 41.40918944738273 ], [ 69.442103358660844, 41.409422274994341 ], [ 69.442057966789534, 41.409490459993279 ], [ 69.441998518978991, 41.409579759838628 ], [ 69.441966091593869, 41.409624984412446 ], [ 69.441937275436189, 41.409665172778283 ], [ 69.441790517668238, 41.409869844699145 ], [ 69.441771467994315, 41.409896412716058 ], [ 69.441547826116135, 41.410388113103565 ], [ 69.441358741528589, 41.410817436425361 ], [ 69.441358256438349, 41.410818536616752 ], [ 69.44131761575656, 41.410923209670365 ], [ 69.441227241645734, 41.411155971781092 ], [ 69.441207815577698, 41.411206003597776 ], [ 69.441162508148025, 41.411322693824573 ], [ 69.441162440774377, 41.411322872360074 ], [ 69.441044459638235, 41.411635576852717 ], [ 69.441007322386085, 41.411737908105643 ], [ 69.44098120207255, 41.411894783689867 ], [ 69.440969735976267, 41.411963650585356 ], [ 69.440944117821005, 41.412117515485605 ], [ 69.440934615441947, 41.412174583463013 ], [ 69.440895830679523, 41.412465509650119 ], [ 69.440885904295627, 41.412539970397155 ], [ 69.440884313379271, 41.412562393356836 ], [ 69.440883645931024, 41.412571799638911 ], [ 69.440876114455691, 41.41267794056504 ], [ 69.440863092477315, 41.41286145613828 ], [ 69.440862540013427, 41.412869242121857 ], [ 69.440836899400267, 41.413239330936065 ], [ 69.440834155047071, 41.413278944422203 ], [ 69.44082337077208, 41.41341874884516 ], [ 69.440804488184838, 41.413663523421008 ], [ 69.440818152458618, 41.413851140345393 ], [ 69.440826565181226, 41.413966654945149 ], [ 69.440827272155374, 41.413975509270713 ], [ 69.440866681246874, 41.414469069821294 ], [ 69.44087179535579, 41.414491156619505 ], [ 69.440948058730172, 41.41482055655873 ], [ 69.440979996533443, 41.414950623644835 ], [ 69.440979937244634, 41.414950631728999 ], [ 69.441056701878935, 41.415263252064527 ], [ 69.441152194590245, 41.415562752426304 ], [ 69.441226337042224, 41.415777641548992 ], [ 69.441236181679443, 41.415806175620403 ], [ 69.441240949038644, 41.415819312229488 ], [ 69.441371111330042, 41.416177977682423 ], [ 69.441408998675499, 41.416268294330628 ], [ 69.441494745564299, 41.416442607592451 ], [ 69.441549913800856, 41.416547295162061 ], [ 69.441550728572821, 41.41654883987507 ], [ 69.441569350648649, 41.41658417761704 ], [ 69.441601454640249, 41.416645097047372 ], [ 69.44162635593996, 41.416692349817986 ], [ 69.441660274528431, 41.41675671425682 ], [ 69.441697212354612, 41.416826807451578 ], [ 69.441703123269178, 41.416838023244992 ], [ 69.441705533449095, 41.416842596733581 ], [ 69.441741473246964, 41.416916307394331 ], [ 69.441829659061796, 41.417097173618828 ], [ 69.441858055706206, 41.417157829167621 ], [ 69.441861249217055, 41.417164648610317 ], [ 69.441866191747764, 41.417208347458214 ], [ 69.441939631717162, 41.417332078739371 ], [ 69.441950642367615, 41.417355598778236 ], [ 69.441986035989785, 41.417431199807716 ], [ 69.442015274355683, 41.417473537019461 ], [ 69.442061581610261, 41.417540590586043 ], [ 69.442155698102567, 41.417676872736749 ], [ 69.442167562152534, 41.417693421692427 ], [ 69.442323775587198, 41.417911319699307 ], [ 69.442324901176221, 41.417912889978616 ], [ 69.442328599540275, 41.417917964587446 ], [ 69.442340910052891, 41.417935137281788 ], [ 69.442409142488629, 41.418030312539877 ], [ 69.442428545200471, 41.418050367748883 ], [ 69.442487889704765, 41.418111710202531 ], [ 69.442535786977402, 41.418161219300274 ], [ 69.442727208981282, 41.418359083534227 ], [ 69.442742194676839, 41.418374574018664 ], [ 69.442852953358141, 41.418489060002585 ], [ 69.442896686041095, 41.418534404345394 ], [ 69.443058868780795, 41.418702561845301 ], [ 69.443140897542648, 41.418787612496537 ], [ 69.443355673048998, 41.419011044819619 ], [ 69.443521628712901, 41.41918368953089 ], [ 69.443533280760462, 41.419196530403759 ], [ 69.443758470435881, 41.41944468842965 ], [ 69.443775198863094, 41.419456542376437 ], [ 69.443884263321735, 41.419533827739102 ], [ 69.443910739368107, 41.419552736633342 ], [ 69.444010755995222, 41.419624167339776 ], [ 69.444248801460674, 41.419794175176854 ], [ 69.444501122054305, 41.419969423403899 ], [ 69.44459540383663, 41.420034906186572 ], [ 69.444727716694814, 41.420130178738084 ], [ 69.444768598125094, 41.420159615578577 ], [ 69.44479557453306, 41.420179040288886 ], [ 69.444919074020021, 41.420257717177059 ], [ 69.445025184818007, 41.420325050791845 ], [ 69.445073679470312, 41.420355824016298 ], [ 69.445098089391536, 41.420371313350898 ], [ 69.445145392877762, 41.42040133007297 ], [ 69.445353407663248, 41.420526868665327 ], [ 69.445356205017049, 41.420528557439113 ], [ 69.445363284639797, 41.420532829558226 ], [ 69.445404594566455, 41.420558815919151 ], [ 69.445571716243592, 41.420663946159948 ], [ 69.445661378888758, 41.420720505454433 ], [ 69.445765062438852, 41.420785907992553 ], [ 69.445880715141769, 41.420855819003343 ], [ 69.445974652869339, 41.420897274235593 ], [ 69.445979495687055, 41.420899410956665 ], [ 69.446048612064999, 41.420930956550173 ], [ 69.446261120223568, 41.421027948881573 ], [ 69.446287031229616, 41.421039775594636 ], [ 69.446559960972507, 41.42116393944832 ], [ 69.446721606519688, 41.421237679559141 ], [ 69.447036059089925, 41.421381126599634 ], [ 69.447118054614123, 41.421415826494261 ], [ 69.447169425671973, 41.421437566039891 ], [ 69.447428229406981, 41.421530788750282 ], [ 69.44760237231641, 41.421593743238951 ], [ 69.447638214197937, 41.4216066994966 ], [ 69.447783547237847, 41.421659238529628 ], [ 69.448033973284524, 41.421746632168585 ], [ 69.448198454813081, 41.421802291250636 ], [ 69.448355767785614, 41.421855524616916 ], [ 69.448468970782784, 41.421892357578457 ], [ 69.448500411817733, 41.421900026618736 ], [ 69.44878331106365, 41.421969029753186 ], [ 69.448900317527716, 41.421992445050769 ], [ 69.448998937274538, 41.42201216290588 ], [ 69.449075312938319, 41.422033642912865 ], [ 69.449155154302446, 41.422073536645094 ], [ 69.449180278384304, 41.422085429854882 ], [ 69.44943594340576, 41.422206458094486 ], [ 69.449667096098054, 41.422322402413826 ], [ 69.449754414140273, 41.422361270742861 ], [ 69.449778287767288, 41.422371897523966 ], [ 69.449846583983373, 41.422398437525089 ], [ 69.449897554392621, 41.422418244846234 ], [ 69.449956593469679, 41.42242680971728 ], [ 69.449966013203777, 41.422427446272721 ], [ 69.450175342224526, 41.422462161774753 ], [ 69.450175388038616, 41.422462173226009 ], [ 69.450175432056056, 41.422462166490014 ], [ 69.450393223206831, 41.422443728618148 ], [ 69.450417823570874, 41.422441645836123 ], [ 69.450523720569819, 41.422432680172889 ], [ 69.450523763688935, 41.422432676804867 ], [ 69.450534819255139, 41.422431740495867 ], [ 69.450534863272608, 41.422431736454229 ], [ 69.4508450982526, 41.422405471297139 ], [ 69.450987065305156, 41.422393451508412 ], [ 69.450987107525989, 41.422393450834853 ], [ 69.451220139493842, 41.422408946419459 ], [ 69.451220173629792, 41.4224089484403 ], [ 69.451257910058274, 41.422411459635377 ], [ 69.451501877218092, 41.422434336564095 ], [ 69.451894791340209, 41.422476877310579 ], [ 69.451894834459338, 41.422476878657761 ], [ 69.452020399173122, 41.422476950059689 ], [ 69.452423562174289, 41.422477184473586 ] ] ] ] } },
{ "type": "Feature", "properties": { "id": 12, "reg_name": "Toshkent shahri", "reg_kiril": "Тошкент шаҳри", "dist_name": "Yunusobod tumani", "dist_kir": "Юнусобод тумани", "cad_id": "10:07", "shp_len": 50196.840806412809, "shp_area": 72958000.46761477 }, "geometry": { "type": "MultiPolygon", "coordinates": [ [ [ [ 69.287317174523565, 41.3837223828315 ], [ 69.28781363655014, 41.38372114266231 ], [ 69.28819213091532, 41.383735395844461 ], [ 69.288528433208256, 41.383743006032745 ], [ 69.289115493924513, 41.383756290665417 ], [ 69.289811801457432, 41.383762222579954 ], [ 69.290397454513666, 41.38377805966342 ], [ 69.290914955084205, 41.383792054015444 ], [ 69.292052407286846, 41.383818046310616 ], [ 69.293064401675224, 41.383839530184339 ], [ 69.294898982470983, 41.383874006142037 ], [ 69.295337957709293, 41.383882255943334 ], [ 69.295578884970183, 41.383886783223481 ], [ 69.295994522875716, 41.383894588855014 ], [ 69.296532380168927, 41.383904687444172 ], [ 69.297927327261249, 41.383933393229675 ], [ 69.298343257119271, 41.383941952390607 ], [ 69.298897718872198, 41.383953361907452 ], [ 69.300861234860633, 41.383997149819031 ], [ 69.301323093782528, 41.384020312572325 ], [ 69.301766002743449, 41.384059314354388 ], [ 69.301869354815196, 41.384072044893294 ], [ 69.302215147809108, 41.384114638395346 ], [ 69.302649204771228, 41.384176176672064 ], [ 69.303083349768258, 41.384243222815485 ], [ 69.30343839361295, 41.384307341038486 ], [ 69.303639509337088, 41.38434366080822 ], [ 69.304067047225203, 41.384420867969709 ], [ 69.304662977906588, 41.384504724693009 ], [ 69.305045750049146, 41.38456113214108 ], [ 69.305560860202746, 41.38462001580033 ], [ 69.306016470443481, 41.384673057216759 ], [ 69.306518381650591, 41.384720790882419 ], [ 69.307220494995192, 41.384762647957807 ], [ 69.308064646359256, 41.38480839664615 ], [ 69.308578271597682, 41.384842601144854 ], [ 69.309014419837808, 41.384899916168052 ], [ 69.309459636570708, 41.384950722397924 ], [ 69.309855388470822, 41.385001211811939 ], [ 69.310303291166434, 41.385059553857829 ], [ 69.310765635178527, 41.385119888167345 ], [ 69.311240260957234, 41.385161402598854 ], [ 69.311723834854462, 41.385181042666531 ], [ 69.312204722788948, 41.385176857189329 ], [ 69.31220512433589, 41.385176632750657 ], [ 69.312207063798596, 41.385176836969599 ], [ 69.312219270106681, 41.385176730479195 ], [ 69.312706303416064, 41.385158821216891 ], [ 69.313058867910556, 41.38514207997472 ], [ 69.313190107282011, 41.385135848260411 ], [ 69.313459727631368, 41.385123045812733 ], [ 69.314447267182771, 41.38507806165147 ], [ 69.31452979181465, 41.385074343243424 ], [ 69.314587737642057, 41.385071732876334 ], [ 69.314918297005391, 41.385056839695523 ], [ 69.315391709160124, 41.384991506330337 ], [ 69.315831210811183, 41.384907473648674 ], [ 69.316299835843765, 41.384767440730386 ], [ 69.316656728421307, 41.384642960631254 ], [ 69.316763062899796, 41.384605871999447 ], [ 69.317218721649581, 41.384416308374803 ], [ 69.317235131174868, 41.384406674923625 ], [ 69.317401294349608, 41.38430912309159 ], [ 69.317625427606245, 41.38417753680465 ], [ 69.317969084406386, 41.383921710064122 ], [ 69.317982613034573, 41.383911639111744 ], [ 69.318162082055295, 41.383756467254656 ], [ 69.318537723371122, 41.383360305671737 ], [ 69.318706922851533, 41.383150609083231 ], [ 69.318716783658388, 41.383136068644255 ], [ 69.318860617410124, 41.382923980607607 ], [ 69.31897654499754, 41.382747738707565 ], [ 69.318998954370599, 41.382699709722786 ], [ 69.319028278076431, 41.382636863805288 ], [ 69.319085480997103, 41.382514264854514 ], [ 69.319174448346189, 41.382287882874557 ], [ 69.319259055272923, 41.382072206948223 ], [ 69.319315535049768, 41.381928230952617 ], [ 69.319355999661752, 41.381826801782971 ], [ 69.319537550977316, 41.381371727742241 ], [ 69.319777184664176, 41.380758372971123 ], [ 69.319821068264133, 41.380647649031467 ], [ 69.320032888313165, 41.380113194925848 ], [ 69.320066933564121, 41.380028380790293 ], [ 69.320189382920518, 41.379723330333483 ], [ 69.320407170477978, 41.379227019288237 ], [ 69.320595680143725, 41.378822295892299 ], [ 69.320614586985499, 41.378781702892915 ], [ 69.320769246334706, 41.378423083788057 ], [ 69.320864924098998, 41.378201227375506 ], [ 69.320971357392168, 41.377986515289535 ], [ 69.321094373585495, 41.377738347883778 ], [ 69.321348373130405, 41.377173852064438 ], [ 69.321600854522472, 41.376608830282976 ], [ 69.32171567987703, 41.376354623244623 ], [ 69.32171824456718, 41.376348944783125 ], [ 69.321902248283436, 41.375941584654946 ], [ 69.322082705450995, 41.37554988849579 ], [ 69.322125532632157, 41.375456929439395 ], [ 69.322290176755743, 41.375098664102431 ], [ 69.322393861204162, 41.374873045676253 ], [ 69.3223953407294, 41.374869825516221 ], [ 69.322604940143108, 41.374388830776617 ], [ 69.32268439163839, 41.374206503532818 ], [ 69.322703007426043, 41.374165995286198 ], [ 69.322753726306956, 41.374055628184699 ], [ 69.322789542137343, 41.37397769079449 ], [ 69.322883673901018, 41.373772853258629 ], [ 69.323168164961601, 41.373132598411047 ], [ 69.323365242758513, 41.3726894062345 ], [ 69.323439391498709, 41.372522658559852 ], [ 69.323478746691322, 41.372435413754104 ], [ 69.323522430865268, 41.372338569995094 ], [ 69.323581291177618, 41.372208081230085 ], [ 69.323765762017842, 41.371799123101461 ], [ 69.324100185933517, 41.371082068829068 ], [ 69.324120462706091, 41.371044821456898 ], [ 69.324142754399873, 41.371003871704225 ], [ 69.324232183483048, 41.370839591775095 ], [ 69.324461111946661, 41.370483057147936 ], [ 69.324617101700809, 41.370288266166142 ], [ 69.324658201421713, 41.370236942198765 ], [ 69.324699055902499, 41.370184807868313 ], [ 69.324785765785307, 41.370074156938045 ], [ 69.324928552101412, 41.369912418222015 ], [ 69.324973470560536, 41.369865523114512 ], [ 69.325073442271886, 41.369761152694061 ], [ 69.325116483252089, 41.369721054259116 ], [ 69.325175105510908, 41.369666439989167 ], [ 69.325261588119943, 41.369585870172003 ], [ 69.325379776766937, 41.369482703339386 ], [ 69.325490217444582, 41.369398438259857 ], [ 69.325616953561479, 41.369301740990423 ], [ 69.325955852883908, 41.369031942478102 ], [ 69.326449453776334, 41.368649608587333 ], [ 69.327043056024507, 41.368199050271315 ], [ 69.327295866199947, 41.368004149977487 ], [ 69.327448489068402, 41.367886487351008 ], [ 69.327795944843913, 41.367623711211465 ], [ 69.328222133462461, 41.367309894932447 ], [ 69.328664097395716, 41.366965685848058 ], [ 69.329265165542211, 41.366503637898994 ], [ 69.329281934393634, 41.366490667956917 ], [ 69.329734984435817, 41.366140251342529 ], [ 69.330518682774539, 41.365545335730992 ], [ 69.330672281213381, 41.365425391902832 ], [ 69.330676932689911, 41.365421760016432 ], [ 69.331317577014573, 41.364921482749594 ], [ 69.331667038728085, 41.364653386638452 ], [ 69.33167768735747, 41.364645217325055 ], [ 69.332294857805437, 41.364172827409789 ], [ 69.332630980435283, 41.363918811118488 ], [ 69.33285367189589, 41.363750516570917 ], [ 69.333151732008858, 41.363524959919353 ], [ 69.333250179279162, 41.363450459871856 ], [ 69.333703402696187, 41.36310057232771 ], [ 69.333818069947256, 41.363012633924889 ], [ 69.334362908048561, 41.362594797797357 ], [ 69.334457681209329, 41.362522116417345 ], [ 69.335119044277704, 41.362007430138974 ], [ 69.33575458976479, 41.36151667985996 ], [ 69.33579058166498, 41.361488887209049 ], [ 69.337097751675941, 41.360491553281399 ], [ 69.337738738258707, 41.360000024273695 ], [ 69.33799590885657, 41.359805201233058 ], [ 69.338092359171981, 41.35973213376144 ], [ 69.33811204754808, 41.359717218596153 ], [ 69.338276479669247, 41.359592650772591 ], [ 69.338479392023956, 41.359469956468864 ], [ 69.338595921482593, 41.359399495298611 ], [ 69.339042399450179, 41.359126098331409 ], [ 69.33967568297939, 41.358743630041893 ], [ 69.339837155151713, 41.358645300725165 ], [ 69.33984247497483, 41.358642060882516 ], [ 69.34042968301479, 41.358284474309585 ], [ 69.340440469086417, 41.358277906259019 ], [ 69.340535931255033, 41.35821977348693 ], [ 69.340560267514391, 41.358205005640045 ], [ 69.341030646956725, 41.357919560477534 ], [ 69.3412707863951, 41.357773833199587 ], [ 69.34143482056264, 41.357672394010407 ], [ 69.341465826812978, 41.357653219651489 ], [ 69.342023394940156, 41.357308417365338 ], [ 69.342042125712126, 41.35729715286444 ], [ 69.342703654070505, 41.356899312315115 ], [ 69.342762505399705, 41.356863919194311 ], [ 69.342983534078741, 41.356727305208544 ], [ 69.343411813975308, 41.356462593302297 ], [ 69.343691217876426, 41.35629273400135 ], [ 69.344087787243424, 41.356051645490808 ], [ 69.344102613937196, 41.356042631558573 ], [ 69.344153099256161, 41.356011230455742 ], [ 69.344263071013231, 41.355942834271495 ], [ 69.344307631942911, 41.355915119481168 ], [ 69.344307694824991, 41.355915081720767 ], [ 69.344112304064183, 41.355905678028115 ], [ 69.343972607054326, 41.355893036377438 ], [ 69.343945064707711, 41.355890545537704 ], [ 69.343522799032002, 41.355840220305822 ], [ 69.343312775613526, 41.355807854190338 ], [ 69.343090424614417, 41.355769420755863 ], [ 69.342895082362617, 41.355727724384899 ], [ 69.342739925346734, 41.35569157676472 ], [ 69.342608260173861, 41.355657644186159 ], [ 69.342456549095417, 41.355618545806934 ], [ 69.341904809237818, 41.355451527817841 ], [ 69.341759556147949, 41.355398863779463 ], [ 69.341468142669768, 41.355281586311044 ], [ 69.341437542457939, 41.355269271574628 ], [ 69.34121626764049, 41.355180220107968 ], [ 69.340506589582915, 41.354853798391623 ], [ 69.339818024629437, 41.354530227359 ], [ 69.338993805983193, 41.354142330153387 ], [ 69.338596698525322, 41.353955439734285 ], [ 69.33765112197581, 41.35351608933621 ], [ 69.337383354850857, 41.353391374106046 ], [ 69.337279914744215, 41.353343105640242 ], [ 69.337148059128495, 41.353281340616995 ], [ 69.337067888980954, 41.353242797125112 ], [ 69.33692478466125, 41.353175764207265 ], [ 69.336839444709241, 41.353135800530893 ], [ 69.336717026793892, 41.353076829703561 ], [ 69.336664819404547, 41.353051077320998 ], [ 69.336614432900248, 41.353026221103583 ], [ 69.336501279310426, 41.352969883410871 ], [ 69.33640402410451, 41.352919788562723 ], [ 69.336311903668758, 41.352868699047157 ], [ 69.336236740730612, 41.352826453266104 ], [ 69.336162340462167, 41.352784001788322 ], [ 69.336085049415104, 41.352737262243657 ], [ 69.335983767960101, 41.35267406572428 ], [ 69.33594465261767, 41.352649212734555 ], [ 69.335917090508147, 41.352631701135337 ], [ 69.335904591349262, 41.352623572795473 ], [ 69.335854713291411, 41.352591137647764 ], [ 69.335760240167943, 41.352528315913077 ], [ 69.335693611225025, 41.352483307186546 ], [ 69.335633103402429, 41.352440250611771 ], [ 69.335555809660434, 41.352384656197628 ], [ 69.335413985439985, 41.35227707759411 ], [ 69.335363628580126, 41.352235963631252 ], [ 69.335226470209264, 41.352123444623011 ], [ 69.335096280968415, 41.352008414201954 ], [ 69.335062924725278, 41.351978561446671 ], [ 69.334933436170331, 41.351862673689759 ], [ 69.334798442739327, 41.351741786196925 ], [ 69.33464186908023, 41.351600331853476 ], [ 69.334518470204614, 41.351486977589261 ], [ 69.334373966309698, 41.351355808406481 ], [ 69.33423434745329, 41.351227409155101 ], [ 69.334094963955508, 41.351100243698227 ], [ 69.333942977094267, 41.350962085505181 ], [ 69.333780702726386, 41.350815644702472 ], [ 69.333735742944725, 41.350774269518951 ], [ 69.333700751767793, 41.350742027661717 ], [ 69.333610494437949, 41.350658858404962 ], [ 69.33359454035849, 41.350643928347857 ], [ 69.333500170541257, 41.350701103569648 ], [ 69.333463727686805, 41.350723182365627 ], [ 69.333429277295679, 41.350743871325626 ], [ 69.333253343145586, 41.350844617295571 ], [ 69.333163861061834, 41.350878832910716 ], [ 69.3330512779022, 41.350911018729576 ], [ 69.332919663933282, 41.350940178073749 ], [ 69.332817596452415, 41.35095773665774 ], [ 69.332716127249483, 41.350970549875989 ], [ 69.332580676576001, 41.350978764738329 ], [ 69.332259584557477, 41.350986344367456 ], [ 69.331891904111686, 41.350993617169067 ], [ 69.331033492890796, 41.351010591082506 ], [ 69.329904469580498, 41.351026437488706 ], [ 69.329538222845869, 41.351029569141055 ], [ 69.32915829566781, 41.351032817454779 ], [ 69.328716382040227, 41.351036593105086 ], [ 69.328159889196442, 41.351039982356248 ], [ 69.327861557792247, 41.351041635846812 ], [ 69.327657176692085, 41.351042768069703 ], [ 69.327068600517933, 41.351047599741477 ], [ 69.326874014647586, 41.351049610633893 ], [ 69.326526226495474, 41.351053200164422 ], [ 69.326028773627087, 41.351059110110498 ], [ 69.325682761444256, 41.351060534998155 ], [ 69.325584636669149, 41.351058219302857 ], [ 69.325480284772482, 41.351055756600523 ], [ 69.325682399423215, 41.350445232159473 ], [ 69.325727845193455, 41.350240624670462 ], [ 69.325715841904596, 41.350184708734744 ], [ 69.325637390234206, 41.350002332545863 ], [ 69.325557593785845, 41.349873325053657 ], [ 69.32550028755891, 41.349783899355252 ], [ 69.325466193798945, 41.349649993567965 ], [ 69.325462070531799, 41.349502686633642 ], [ 69.325417371261551, 41.349363696935008 ], [ 69.325361505034039, 41.349181124904128 ], [ 69.325345965077943, 41.349040453328712 ], [ 69.325346332488877, 41.348651394518335 ], [ 69.325337908986469, 41.34849728362942 ], [ 69.325304957883532, 41.348348317830521 ], [ 69.325263316478555, 41.348221558791707 ], [ 69.325178221766635, 41.348110937277191 ], [ 69.324669056663609, 41.347616705601475 ], [ 69.324619737357864, 41.347572565452026 ], [ 69.324543444339099, 41.347549816602807 ], [ 69.324458017250521, 41.347530550243981 ], [ 69.324371192383367, 41.347524981888242 ], [ 69.323894077373041, 41.347519302259286 ], [ 69.323788635819938, 41.347518047912317 ], [ 69.323286669815573, 41.347515386808318 ], [ 69.323034453426501, 41.347514046814993 ], [ 69.322909127664602, 41.347498668922576 ], [ 69.322728429748551, 41.34742531518603 ], [ 69.322503872487104, 41.347338098098035 ], [ 69.322402476946053, 41.347276373235403 ], [ 69.322260634759317, 41.347141829044254 ], [ 69.322144563441469, 41.347028323373031 ], [ 69.322107021947389, 41.346984145733508 ], [ 69.322068026979224, 41.346899461050377 ], [ 69.321935125724551, 41.346629545379827 ], [ 69.321804649022766, 41.346359570592661 ], [ 69.321657463656734, 41.346054826247418 ], [ 69.321511584441112, 41.345750839848506 ], [ 69.321347664359649, 41.345417376629015 ], [ 69.321333504215801, 41.345385035004959 ], [ 69.321313164561161, 41.345356721571136 ], [ 69.321087824867078, 41.345140586002763 ], [ 69.320910165951659, 41.344974817107918 ], [ 69.320904600888468, 41.344969847406567 ], [ 69.320898014440814, 41.344966631836272 ], [ 69.320860169316191, 41.344953139657676 ], [ 69.320813693178337, 41.34493103395193 ], [ 69.320812911644055, 41.344930661679292 ], [ 69.320762226000767, 41.344895022636408 ], [ 69.320745560455606, 41.344872531149839 ], [ 69.320731877317229, 41.344854065869519 ], [ 69.320707752161951, 41.344810484954799 ], [ 69.320705933971823, 41.344808447567765 ], [ 69.320532514206221, 41.344678719630778 ], [ 69.320435369493069, 41.344606183474632 ], [ 69.320216765367007, 41.344442953054795 ], [ 69.319910434465214, 41.344215947616469 ], [ 69.31954444824207, 41.343947712934302 ], [ 69.319261260636935, 41.343732068387268 ], [ 69.319171684230056, 41.343659940549529 ], [ 69.319054480136629, 41.343484125069708 ], [ 69.318945250387998, 41.34332663792587 ], [ 69.31892148635545, 41.343292374504209 ], [ 69.318862282886641, 41.343202085270697 ], [ 69.318844498040676, 41.343158268550354 ], [ 69.318845747597223, 41.343119256409153 ], [ 69.318854904124919, 41.342833366740173 ], [ 69.31886043056052, 41.342563996015834 ], [ 69.318856979233217, 41.342325090386709 ], [ 69.318854239371603, 41.341880468323772 ], [ 69.318848658138734, 41.341676915047728 ], [ 69.318847938588178, 41.341529502397293 ], [ 69.318845708969661, 41.341522298006019 ], [ 69.318698290939949, 41.341285196741438 ], [ 69.31857051816722, 41.341088011754209 ], [ 69.318499815364476, 41.340990589877933 ], [ 69.31844165214477, 41.34094467143796 ], [ 69.318295907676415, 41.340861167953882 ], [ 69.31806068022604, 41.340730383382827 ], [ 69.317908612516405, 41.340657905552547 ], [ 69.317709298812744, 41.340592968687972 ], [ 69.317618891464235, 41.340562186699003 ], [ 69.317318292712287, 41.340459835806733 ], [ 69.317118044760747, 41.340390934304573 ], [ 69.317047528807564, 41.340342503773563 ], [ 69.317017304989818, 41.340280568594032 ], [ 69.31696384355233, 41.340034949805258 ], [ 69.316948975536064, 41.339965958150607 ], [ 69.316899950877726, 41.339738459587423 ], [ 69.316842185611705, 41.339480054302385 ], [ 69.316830718617098, 41.339434256200818 ], [ 69.316829765504565, 41.339433092750696 ], [ 69.316808057715747, 41.339420822228838 ], [ 69.316564591815876, 41.339357024650425 ], [ 69.316139169460257, 41.339245207086378 ], [ 69.316058700173727, 41.339224055161317 ], [ 69.315998743018383, 41.339188017083472 ], [ 69.315778023359826, 41.338950709701081 ], [ 69.315709806195485, 41.338863052299224 ], [ 69.315542418617014, 41.338609921961869 ], [ 69.315520550928042, 41.338565106629822 ], [ 69.315513282659097, 41.338494144629863 ], [ 69.315480823832914, 41.338197177287412 ], [ 69.315447849373783, 41.337803454403343 ], [ 69.315420006091543, 41.337381785902437 ], [ 69.315448038918305, 41.337239823498862 ], [ 69.315751783570377, 41.336566393752413 ], [ 69.315948852384167, 41.336374085919751 ], [ 69.315981527704281, 41.336350564233122 ], [ 69.316050326976949, 41.336306311899826 ], [ 69.316310965071807, 41.336167631955853 ], [ 69.316533381647957, 41.336044082078629 ], [ 69.316576117200967, 41.336022415145599 ], [ 69.316623704554814, 41.336008065174255 ], [ 69.316757408903399, 41.335986284913311 ], [ 69.316787229377582, 41.335893098013855 ], [ 69.316914062512524, 41.335496751543452 ], [ 69.316928600847106, 41.335363462551477 ], [ 69.316940093892825, 41.335234745097537 ], [ 69.316918591818208, 41.334773521428957 ], [ 69.316895728795899, 41.334446106363508 ], [ 69.316888492866283, 41.334420399224172 ], [ 69.316772335310162, 41.334218372673902 ], [ 69.316738905405188, 41.334160232582278 ], [ 69.316364693308969, 41.333465037783469 ], [ 69.316317762623569, 41.333406128734012 ], [ 69.315965414623051, 41.333170330791198 ], [ 69.315791408257581, 41.333074996882431 ], [ 69.315709135153952, 41.333029922095136 ], [ 69.315479187102468, 41.332909955448102 ], [ 69.315308518876577, 41.33283753771736 ], [ 69.31516646378914, 41.332784074952244 ], [ 69.31510936956461, 41.332765968468536 ], [ 69.314937480528272, 41.332711460792332 ], [ 69.314421937386712, 41.332490890679111 ], [ 69.313844430253482, 41.332297223087757 ], [ 69.313713837669056, 41.332445140951428 ], [ 69.313490111349239, 41.332703334687359 ], [ 69.313233980102154, 41.332993028658045 ], [ 69.313020577221579, 41.333245608150371 ], [ 69.312778916037104, 41.333626392887091 ], [ 69.312500937762309, 41.334044476345021 ], [ 69.312303377570089, 41.334347592627552 ], [ 69.31215530377024, 41.33457931156935 ], [ 69.311965740380657, 41.334895884553596 ], [ 69.311801566974282, 41.335162119504751 ], [ 69.311702127065587, 41.335331760087776 ], [ 69.311643410483683, 41.335444695280479 ], [ 69.311624966274266, 41.335480171543537 ], [ 69.311590028097925, 41.335552984968338 ], [ 69.311560158216409, 41.335621761409506 ], [ 69.311520692531019, 41.335722221181058 ], [ 69.31148401701293, 41.335829763060254 ], [ 69.31144425129024, 41.335946295846881 ], [ 69.311383120036865, 41.336142589876417 ], [ 69.311317724480801, 41.336356806691128 ], [ 69.31127475356918, 41.336498234121891 ], [ 69.311262377479494, 41.336538966816136 ], [ 69.311247772669631, 41.336586425532715 ], [ 69.311173862881304, 41.33682658248501 ], [ 69.311164019142439, 41.336860179539443 ], [ 69.311109081772912, 41.337047666716416 ], [ 69.31101860525412, 41.337350259112839 ], [ 69.310938122492857, 41.337617198309268 ], [ 69.310874312463312, 41.337807085132965 ], [ 69.310860118183498, 41.337849321774129 ], [ 69.310748688460706, 41.338133866831967 ], [ 69.310661266213884, 41.338351174287162 ], [ 69.31059469296649, 41.338488372484782 ], [ 69.310534992729345, 41.338613058258282 ], [ 69.310480046376696, 41.338717447607209 ], [ 69.310385746628043, 41.338893928842516 ], [ 69.310297368573742, 41.339048169701151 ], [ 69.310212009757137, 41.339184211744033 ], [ 69.3101428412769, 41.339288519916131 ], [ 69.310094900885133, 41.339356889083049 ], [ 69.309999708211109, 41.339492647206541 ], [ 69.309900082351149, 41.339450433213862 ], [ 69.309798392162691, 41.339407341716026 ], [ 69.309711714619212, 41.339370613087986 ], [ 69.309677081870078, 41.339347609797962 ], [ 69.309611755484298, 41.339316063725981 ], [ 69.309555217316941, 41.339288762049172 ], [ 69.309543351470353, 41.339305901560152 ], [ 69.309446333419658, 41.33925737309918 ], [ 69.309358930037462, 41.33921365422011 ], [ 69.309255458489787, 41.339296689714317 ], [ 69.308963781805218, 41.339530759088994 ], [ 69.308869378750359, 41.33952651064746 ], [ 69.30872585671402, 41.339493579314713 ], [ 69.308185763514089, 41.339329465345251 ], [ 69.307932251754366, 41.339427272127466 ], [ 69.30776262916747, 41.339433127822808 ], [ 69.307491227458897, 41.33935050999623 ], [ 69.306670042423391, 41.339091092819793 ], [ 69.305903404888539, 41.33886579401873 ], [ 69.305602941782212, 41.338777491708655 ], [ 69.305586697546929, 41.338793946766643 ], [ 69.305294747774539, 41.338707261067057 ], [ 69.304963463470799, 41.338607026451903 ], [ 69.304373825487971, 41.338430990266644 ], [ 69.304076942168066, 41.338330229135643 ], [ 69.304167874132688, 41.338158009742465 ], [ 69.303780310376411, 41.338036746075296 ], [ 69.303362922552665, 41.337912968397013 ], [ 69.303014982585253, 41.337804994242788 ], [ 69.302950608413695, 41.337770162700892 ], [ 69.302881371661471, 41.33767571302527 ], [ 69.302983627788578, 41.337472351650156 ], [ 69.303197273214295, 41.337056965889388 ], [ 69.303264022531451, 41.336862339932431 ], [ 69.303399793903509, 41.336468762089495 ], [ 69.303548398607703, 41.336369850087692 ], [ 69.303573141803895, 41.336266078862067 ], [ 69.303546073767748, 41.336239792373632 ], [ 69.303618591167378, 41.336052930155148 ], [ 69.30389249378571, 41.335528921358296 ], [ 69.304086848789012, 41.335159387746998 ], [ 69.304485105192114, 41.334379673973793 ], [ 69.304663883408395, 41.334041672366816 ], [ 69.303526945940391, 41.333848117309316 ], [ 69.303286312428597, 41.333802604617595 ], [ 69.303157417660074, 41.333778226033481 ], [ 69.302825973456208, 41.333719151334591 ], [ 69.300294687173889, 41.333267957954597 ], [ 69.30012564220371, 41.333237824097743 ], [ 69.300151049254922, 41.333142267693177 ], [ 69.300154774568384, 41.333128261771776 ], [ 69.300157747093678, 41.333117082799468 ], [ 69.300223140853078, 41.332871141551074 ], [ 69.300467853614592, 41.33272877066743 ], [ 69.30074587950007, 41.332600139743931 ], [ 69.300909355813786, 41.3324951422777 ], [ 69.301081928468079, 41.332373700108036 ], [ 69.30111622884057, 41.332352438025481 ], [ 69.301169418986859, 41.332325507123521 ], [ 69.301302092069491, 41.332254294142821 ], [ 69.301363279916742, 41.332220861998287 ], [ 69.301407736641835, 41.332164570384599 ], [ 69.301423658381921, 41.332136442097529 ], [ 69.301425755948117, 41.332094091127331 ], [ 69.301412706122022, 41.331999061210531 ], [ 69.301407264128002, 41.331937715066232 ], [ 69.30145251137057, 41.331804074100319 ], [ 69.301474547044464, 41.331734447076109 ], [ 69.301476248453639, 41.33170258432844 ], [ 69.301461646338694, 41.331671825119514 ], [ 69.301439155218929, 41.33164293303534 ], [ 69.301393739093101, 41.331615396773358 ], [ 69.301348962567744, 41.331602119032233 ], [ 69.301209031995938, 41.331590817705361 ], [ 69.301069117593812, 41.33158340647843 ], [ 69.300960722380054, 41.331573318655245 ], [ 69.300930870464839, 41.331564322919384 ], [ 69.30089062055022, 41.331538069609962 ], [ 69.300813895441792, 41.331434131493822 ], [ 69.300749186198644, 41.331324543874189 ], [ 69.300725884798467, 41.331244232836937 ], [ 69.30070137067267, 41.33114923270972 ], [ 69.300679071792388, 41.330912495715786 ], [ 69.300634560270083, 41.330832238809386 ], [ 69.300592501148472, 41.330786545253936 ], [ 69.300559683894505, 41.330755950878178 ], [ 69.300358054334026, 41.330666167044583 ], [ 69.299959959627671, 41.330487446923755 ], [ 69.299501557423028, 41.330283389896891 ], [ 69.299353347079233, 41.330215933328347 ], [ 69.29931944016883, 41.330197441631974 ], [ 69.299288319832456, 41.330161656916232 ], [ 69.299241639777051, 41.330108196002456 ], [ 69.299193265498985, 41.33005992714024 ], [ 69.299130627770836, 41.330026817658982 ], [ 69.299055424408522, 41.330003678180383 ], [ 69.298953308418618, 41.329987091385895 ], [ 69.298850084805935, 41.329979149771013 ], [ 69.298744650439332, 41.329989361960386 ], [ 69.298551668960116, 41.330034801765429 ], [ 69.298479553107427, 41.330060051259451 ], [ 69.298436081834225, 41.330081336350709 ], [ 69.298384646097674, 41.330116039115794 ], [ 69.298204804276097, 41.330277249389745 ], [ 69.298128264220637, 41.330338375168068 ], [ 69.298051639723511, 41.330380488486291 ], [ 69.297827393279164, 41.330484776354588 ], [ 69.297794184359731, 41.330493504440661 ], [ 69.297743093576273, 41.330478080031845 ], [ 69.297623025653678, 41.330422215930611 ], [ 69.2974610144922, 41.330345287363755 ], [ 69.297395479697286, 41.33030483883288 ], [ 69.297099819882789, 41.330084794148704 ], [ 69.297084822509106, 41.330064091204605 ], [ 69.297085438753385, 41.329947419728128 ], [ 69.297066960407989, 41.329918085040802 ], [ 69.296976001493888, 41.329833626404181 ], [ 69.296616832585428, 41.329513062367354 ], [ 69.296507839093707, 41.329413842993802 ], [ 69.296480917482953, 41.329343378299399 ], [ 69.296524309704409, 41.328672631325666 ], [ 69.296546534922868, 41.328643623233525 ], [ 69.296601415698504, 41.328610208798729 ], [ 69.297282059307804, 41.328544357339254 ], [ 69.297380600002924, 41.328513998687043 ], [ 69.2974286176498, 41.328484491337122 ], [ 69.297767824196029, 41.32815414868773 ], [ 69.298110395831316, 41.327795802373267 ], [ 69.298137814210421, 41.32769104743501 ], [ 69.298114802966111, 41.327353613531848 ], [ 69.29807236116217, 41.327181540510871 ], [ 69.298049253798141, 41.327063772382687 ], [ 69.29794705965476, 41.32664625193572 ], [ 69.297857159854416, 41.326164250458767 ], [ 69.297839216006608, 41.326125839327538 ], [ 69.297803225004742, 41.326090066542143 ], [ 69.297590764456885, 41.325961678185521 ], [ 69.297048242212398, 41.325649063551246 ], [ 69.296411105808957, 41.325258332276718 ], [ 69.296264226768429, 41.325274266577537 ], [ 69.296043135207327, 41.325306010364663 ], [ 69.295771848483099, 41.325361915956307 ], [ 69.295635466256655, 41.325391743810513 ], [ 69.29549783447365, 41.325426302683326 ], [ 69.295335296001099, 41.325470263556113 ], [ 69.295186523311941, 41.325516062705887 ], [ 69.295116264276942, 41.325540604263878 ], [ 69.294996658088436, 41.325587542775835 ], [ 69.294864850981753, 41.325642638597941 ], [ 69.294746700962307, 41.325693047210329 ], [ 69.294660653137882, 41.325564644579309 ], [ 69.294586843062561, 41.325454499979166 ], [ 69.294468940079852, 41.325240042231087 ], [ 69.294354240489426, 41.325100332206937 ], [ 69.294183351277979, 41.325084781043394 ], [ 69.293945962480976, 41.325067671521126 ], [ 69.293874387414107, 41.325014826396902 ], [ 69.293541302886553, 41.324436527908141 ], [ 69.293248516782597, 41.323991864011845 ], [ 69.293269456511879, 41.323787309680462 ], [ 69.293226245750091, 41.323588667146247 ], [ 69.293132691603134, 41.3233054401964 ], [ 69.293081095966485, 41.323303844019833 ], [ 69.292830598054564, 41.323302320703355 ], [ 69.292694435915351, 41.323230562202312 ], [ 69.292833386425187, 41.323064693015475 ], [ 69.292887429971003, 41.322937258702972 ], [ 69.292952290131169, 41.322829066105477 ], [ 69.2930036261547, 41.322772761654576 ], [ 69.293030748089762, 41.322685406308182 ], [ 69.293013453723901, 41.322599460163815 ], [ 69.293002370309921, 41.322480148949445 ], [ 69.292554821550524, 41.322520611782956 ], [ 69.292406431543696, 41.322534026302662 ], [ 69.29168105901978, 41.322605155458781 ], [ 69.29162681335302, 41.322261181552697 ], [ 69.291514090056239, 41.321662563873076 ], [ 69.291418626090987, 41.321076863691573 ], [ 69.291340976616155, 41.320630258141158 ], [ 69.29124180889697, 41.319984935965948 ], [ 69.291102776640471, 41.319233332997889 ], [ 69.291381025308112, 41.319004989523897 ], [ 69.29154305713088, 41.31886238796082 ], [ 69.291552873920295, 41.318853748048774 ], [ 69.291755452101711, 41.318653166966236 ], [ 69.291858259794395, 41.318535232970859 ], [ 69.291860526243866, 41.318532632753218 ], [ 69.291487190005057, 41.31808889269626 ], [ 69.291411060479675, 41.318027480154626 ], [ 69.291310480608857, 41.317965077790575 ], [ 69.290784269973329, 41.317695476707513 ], [ 69.290730613601397, 41.317744872013371 ], [ 69.290657794367846, 41.317739223521841 ], [ 69.290579958043409, 41.317746280762705 ], [ 69.2905798807883, 41.3177462875096 ], [ 69.286118660237776, 41.318150776784329 ], [ 69.286079114602359, 41.318106638254449 ], [ 69.285984705259239, 41.317996118067491 ], [ 69.285501026259112, 41.317455701273254 ], [ 69.285249430605916, 41.317065480193655 ], [ 69.284788671221975, 41.31655089672735 ], [ 69.284349787611816, 41.316056782476707 ], [ 69.284288756969715, 41.315992980908703 ], [ 69.284022215146848, 41.315666672445637 ], [ 69.282685049490226, 41.314254228185256 ], [ 69.282529501707216, 41.314333254573377 ], [ 69.282316586611827, 41.314417720481494 ], [ 69.282009991605335, 41.314539349280672 ], [ 69.281469668436685, 41.314750179866657 ], [ 69.28132796818376, 41.314805469724284 ], [ 69.280898260864248, 41.314971801871756 ], [ 69.28083860554284, 41.314960281076168 ], [ 69.280829120231743, 41.314950590112005 ], [ 69.280777011657079, 41.314897342073763 ], [ 69.280730823878415, 41.314818810938277 ], [ 69.280696978951781, 41.314678024659564 ], [ 69.280588180394446, 41.314165806824853 ], [ 69.280459785987546, 41.313627709710552 ], [ 69.28033121012092, 41.313046402057537 ], [ 69.280276093986657, 41.3127561572038 ], [ 69.280283711700278, 41.312661505952121 ], [ 69.280293870747826, 41.312624752123767 ], [ 69.280304140288138, 41.312613924547655 ], [ 69.280356717783434, 41.312579227305797 ], [ 69.281070341241744, 41.312202415270534 ], [ 69.281421444177298, 41.312020071044124 ], [ 69.281543465037274, 41.311897789785377 ], [ 69.281589930395342, 41.311851224670868 ], [ 69.281710186964105, 41.311730715665433 ], [ 69.281762249724707, 41.311576755603255 ], [ 69.281801622883634, 41.311403815023944 ], [ 69.281817853644185, 41.311180373890906 ], [ 69.2818165268325, 41.311138462061692 ], [ 69.28180635610687, 41.311039102025596 ], [ 69.281789338422129, 41.310946671611049 ], [ 69.281761177136275, 41.310795069334155 ], [ 69.281766664944342, 41.310705562314197 ], [ 69.281635139010319, 41.310496408254643 ], [ 69.281544648118512, 41.310378524278377 ], [ 69.281451985100318, 41.310272371567223 ], [ 69.28133929054961, 41.310157892059905 ], [ 69.281257899591623, 41.310089404530018 ], [ 69.281156487880864, 41.310015103123867 ], [ 69.281067400157511, 41.309965063629058 ], [ 69.281007292983531, 41.309937567464289 ], [ 69.28085360830643, 41.309849154418956 ], [ 69.280715033292367, 41.30995519513273 ], [ 69.280573431854137, 41.309926257656564 ], [ 69.280344010215387, 41.30990311036544 ], [ 69.280146141002731, 41.309906380973459 ], [ 69.279906696860365, 41.30991811926318 ], [ 69.279767587348744, 41.309940263167206 ], [ 69.279503956067359, 41.309984176456069 ], [ 69.277359385531682, 41.310538823195067 ], [ 69.270529406391631, 41.312415666297845 ], [ 69.269033918056095, 41.309055101017329 ], [ 69.267606901108138, 41.309394548054435 ], [ 69.26755594237703, 41.309414962014166 ], [ 69.267319734864643, 41.309509590313858 ], [ 69.264932987511514, 41.310465721356323 ], [ 69.26432396029162, 41.310674535434508 ], [ 69.264067149019866, 41.310735896199709 ], [ 69.264006104903046, 41.310750481155971 ], [ 69.263733500350284, 41.310803529478726 ], [ 69.263730800912867, 41.310803966048603 ], [ 69.263440469006298, 41.310850924621285 ], [ 69.261192532025845, 41.31098868882588 ], [ 69.260548839717444, 41.311034961711592 ], [ 69.259989801048121, 41.311086872162043 ], [ 69.260090089864789, 41.311479628993759 ], [ 69.260327116640681, 41.311844024419607 ], [ 69.260430455237724, 41.311936454911411 ], [ 69.260566939872092, 41.312011279756305 ], [ 69.260855245179386, 41.312133031126166 ], [ 69.261135951637655, 41.312178212135265 ], [ 69.263055920894416, 41.312278604144552 ], [ 69.263228954384459, 41.312337481015476 ], [ 69.263328988977875, 41.31245078736552 ], [ 69.263335453254655, 41.312534145761674 ], [ 69.263373628959258, 41.312749718834048 ], [ 69.263423657035759, 41.312819928877808 ], [ 69.263483699531051, 41.312926279187515 ], [ 69.263660252620369, 41.313051097552389 ], [ 69.263990015177995, 41.313278247362597 ], [ 69.264116744108378, 41.313403179083501 ], [ 69.264246276680794, 41.313612225981359 ], [ 69.264301415272925, 41.313717646569913 ], [ 69.26442422395543, 41.313990608054574 ], [ 69.264500324734698, 41.314205189862541 ], [ 69.264588648890083, 41.31451910088289 ], [ 69.264752371342183, 41.315025059295166 ], [ 69.264934504766018, 41.315470026595882 ], [ 69.265321874486219, 41.316519703279702 ], [ 69.265472952252367, 41.316912553547652 ], [ 69.26557850250164, 41.317102616094374 ], [ 69.265620192415653, 41.317177685995645 ], [ 69.265793834963432, 41.317400180894879 ], [ 69.265987697689994, 41.317563257112901 ], [ 69.266457346801957, 41.318002219250864 ], [ 69.266588663428536, 41.318159621218847 ], [ 69.266689115738529, 41.31839380230204 ], [ 69.267277832948196, 41.319877794994369 ], [ 69.267298600200931, 41.31993014165846 ], [ 69.267553496264497, 41.320585215898141 ], [ 69.267663123068516, 41.320866949512897 ], [ 69.267926942996084, 41.321508627943473 ], [ 69.268064128316396, 41.321802748123098 ], [ 69.268177696927864, 41.321952750853335 ], [ 69.268339869786118, 41.3221124539334 ], [ 69.269013942219118, 41.322701602322766 ], [ 69.269124381998466, 41.322797031018148 ], [ 69.269231347992587, 41.322889458796766 ], [ 69.269335016271327, 41.323054510099254 ], [ 69.269379268180543, 41.323219927983331 ], [ 69.269395054275037, 41.32327893799328 ], [ 69.269420958094571, 41.323375760978287 ], [ 69.269782665642026, 41.324666978743323 ], [ 69.269947929603163, 41.32505913699665 ], [ 69.270008040370428, 41.325134129597494 ], [ 69.27080514247146, 41.32587607771196 ], [ 69.270849006308467, 41.32603876371391 ], [ 69.270841734446222, 41.326309626863576 ], [ 69.270820091336091, 41.326377434895086 ], [ 69.270811187234997, 41.32640533158289 ], [ 69.270803228161583, 41.326430268795235 ], [ 69.270802904768104, 41.326431280692987 ], [ 69.270758982540571, 41.326568890541218 ], [ 69.270655389720332, 41.326893449841485 ], [ 69.270645079755809, 41.326925753426863 ], [ 69.270652109072941, 41.326928795842804 ], [ 69.270844629716407, 41.326963195371086 ], [ 69.270830368961256, 41.32700082010836 ], [ 69.270907377038995, 41.327011569740165 ], [ 69.270913081341078, 41.326993295027705 ], [ 69.271134123494832, 41.327040594749178 ], [ 69.270924489945187, 41.327611409877854 ], [ 69.270898820585913, 41.327554436321506 ], [ 69.270475701510691, 41.327476458083012 ], [ 69.270466363523298, 41.3275072698668 ], [ 69.270461803674934, 41.327575297241836 ], [ 69.270458324499842, 41.32762719114681 ], [ 69.270456998586496, 41.327646969333415 ], [ 69.270452335431813, 41.327716542037209 ], [ 69.270449680011865, 41.327756151642454 ], [ 69.270443816707981, 41.327843625663796 ], [ 69.270461635689969, 41.327970602458421 ], [ 69.270477568209856, 41.327996637291626 ], [ 69.270713486464714, 41.328382142377734 ], [ 69.271053730565086, 41.328940935665784 ], [ 69.271261156055772, 41.329138582407388 ], [ 69.272382543686192, 41.329694141415693 ], [ 69.272394647586324, 41.329702376500911 ], [ 69.272410024947362, 41.329712838322536 ], [ 69.272756192538736, 41.329948339830786 ], [ 69.272949533344061, 41.330211218158745 ], [ 69.272986228625115, 41.331042607237706 ], [ 69.273014471657632, 41.331440747447296 ], [ 69.273197549210849, 41.331956534095724 ], [ 69.273199688099552, 41.332032608815361 ], [ 69.273152435817281, 41.332168255391672 ], [ 69.27292654635427, 41.332586976874396 ], [ 69.27287236985778, 41.332819780656244 ], [ 69.272929284419249, 41.333320534668495 ], [ 69.273006208055335, 41.333739769476324 ], [ 69.273476958501888, 41.334361930148823 ], [ 69.273518758010368, 41.334417174364255 ], [ 69.27357998358687, 41.334498091925887 ], [ 69.273795994276725, 41.334783576380005 ], [ 69.273893863032001, 41.335089687415049 ], [ 69.273991731787248, 41.3353957970115 ], [ 69.274162738678001, 41.335938480415422 ], [ 69.274164572139483, 41.335944298652457 ], [ 69.274260860758162, 41.336325037261304 ], [ 69.274564725784472, 41.337062657222695 ], [ 69.274712101593352, 41.337219000072018 ], [ 69.274904670745869, 41.337423285607713 ], [ 69.274913136469124, 41.337432266370321 ], [ 69.274749459831071, 41.337525801799167 ], [ 69.274696256210049, 41.337556205489172 ], [ 69.274138875830772, 41.337868056134738 ], [ 69.27373029688674, 41.338105351948961 ], [ 69.273248787318039, 41.3383802205487 ], [ 69.271546047765, 41.339338170663396 ], [ 69.270268960536256, 41.340056616077959 ], [ 69.270040721978745, 41.340177717487151 ], [ 69.2696230269312, 41.340381222167338 ], [ 69.267288801377816, 41.34168881420225 ], [ 69.266138691014518, 41.342340174098979 ], [ 69.2656437219879, 41.342618101579617 ], [ 69.264584181568154, 41.343218919586256 ], [ 69.264068543205198, 41.343512386038526 ], [ 69.263858088595356, 41.343632161855332 ], [ 69.263009448349834, 41.344142194974417 ], [ 69.263009378281239, 41.3441422354393 ], [ 69.263009277669923, 41.344142296136688 ], [ 69.263009212092911, 41.344142335252769 ], [ 69.263009182448499, 41.34414235346194 ], [ 69.263009124956312, 41.344142387857133 ], [ 69.263008988412395, 41.344142470135751 ], [ 69.263008834800488, 41.344142562530628 ], [ 69.263008797071237, 41.344142584786347 ], [ 69.26300876742684, 41.344142602995511 ], [ 69.263008737782428, 41.344142620530349 ], [ 69.263010521836605, 41.344144471125254 ], [ 69.263717385472418, 41.344881806275659 ], [ 69.263967122511289, 41.345185562039006 ], [ 69.263967194376534, 41.345185651060369 ], [ 69.26414003652539, 41.345395874670714 ], [ 69.264157377603638, 41.345453419352459 ], [ 69.264319273780757, 41.345990637948731 ], [ 69.264404850887985, 41.346089287161981 ], [ 69.264770635888539, 41.346510941772031 ], [ 69.265518729500968, 41.347128703506996 ], [ 69.265999267990821, 41.347473354029503 ], [ 69.265920951966052, 41.347520662483937 ], [ 69.264329335810288, 41.348482057028136 ], [ 69.263082410415521, 41.349209742835562 ], [ 69.263097096972103, 41.349222898973998 ], [ 69.263155170360264, 41.349274930062556 ], [ 69.263277885617995, 41.349384877261656 ], [ 69.264337112525681, 41.35040712194423 ], [ 69.265337550986246, 41.351553640011339 ], [ 69.267337141519903, 41.35352283116702 ], [ 69.267700668155811, 41.353876747983726 ], [ 69.26924490177359, 41.3552645487785 ], [ 69.269707305972844, 41.35568009755805 ], [ 69.269208423884848, 41.356124265319437 ], [ 69.266759463706762, 41.358380991065935 ], [ 69.264538506727533, 41.360580546238687 ], [ 69.264481232839984, 41.360637269754406 ], [ 69.264378897661118, 41.360747356210283 ], [ 69.263448722727134, 41.361617113842605 ], [ 69.262083329309363, 41.36289377631752 ], [ 69.261789401446705, 41.363145364705026 ], [ 69.261733155231838, 41.363193508587884 ], [ 69.261401984115821, 41.363464383085613 ], [ 69.261167078262289, 41.363627817970254 ], [ 69.258999714772884, 41.365135691186772 ], [ 69.258976519373974, 41.365151826081743 ], [ 69.258876529696323, 41.365221904147916 ], [ 69.258422292081335, 41.365540247593493 ], [ 69.257674867713803, 41.36603805864177 ], [ 69.256858286544102, 41.366581917963892 ], [ 69.255441607408429, 41.367410742681038 ], [ 69.254794164633722, 41.367812858605397 ], [ 69.252461948611611, 41.369590897319483 ], [ 69.252163680987834, 41.369863007191938 ], [ 69.251948661139764, 41.370059165267975 ], [ 69.251713086939617, 41.370274074080648 ], [ 69.251243298588747, 41.370702647810475 ], [ 69.250616498200941, 41.371274448753333 ], [ 69.250060741975716, 41.371781427224477 ], [ 69.249903424511544, 41.371924934917985 ], [ 69.249746987396406, 41.372068726775986 ], [ 69.249484147530822, 41.372310316821348 ], [ 69.249331768105804, 41.372448949447559 ], [ 69.24819049626656, 41.373487243814516 ], [ 69.247330085395845, 41.374181509788542 ], [ 69.246505225352522, 41.374798256626619 ], [ 69.244284388747559, 41.376439029633822 ], [ 69.243524819157372, 41.376948465977421 ], [ 69.24198348709794, 41.377794496292957 ], [ 69.241758488763665, 41.377931947728499 ], [ 69.241539793009423, 41.378065549296352 ], [ 69.241139211766381, 41.378359020428697 ], [ 69.240719667087632, 41.37869755164126 ], [ 69.240600728347403, 41.378823054879085 ], [ 69.240413224794779, 41.379020904100052 ], [ 69.240365427235162, 41.379071338801495 ], [ 69.239954177599742, 41.379505275946713 ], [ 69.239353273844955, 41.38013932215182 ], [ 69.238582088139836, 41.380953017340786 ], [ 69.238238239100212, 41.381403933530571 ], [ 69.237986289510829, 41.381814138881005 ], [ 69.237790483728318, 41.38221342453275 ], [ 69.237569211605845, 41.38284236496478 ], [ 69.237454568609309, 41.383206365937923 ], [ 69.237291541453217, 41.383751767420179 ], [ 69.237283837501337, 41.383777544724069 ], [ 69.237179416434415, 41.384126874206856 ], [ 69.237165922840504, 41.384172018090212 ], [ 69.237147471444587, 41.384233748402629 ], [ 69.237146848912104, 41.384235832409594 ], [ 69.23713539629054, 41.384274145909139 ], [ 69.237095033188197, 41.38440916938977 ], [ 69.237069103317495, 41.384495912183283 ], [ 69.23705060161592, 41.384557810013277 ], [ 69.237030137095445, 41.384620698557953 ], [ 69.236978477678392, 41.384779456697039 ], [ 69.236969354388378, 41.384800713117187 ], [ 69.236904212157228, 41.384952512521295 ], [ 69.236859851551856, 41.385055883302094 ], [ 69.236851624780499, 41.38507505228192 ], [ 69.236807407007234, 41.385147582431038 ], [ 69.236774499921765, 41.385201560936743 ], [ 69.236768682432, 41.385211104629526 ], [ 69.236741885687081, 41.385255060865354 ], [ 69.236717839583534, 41.385294502021445 ], [ 69.236630162215178, 41.385438320938839 ], [ 69.236617491478114, 41.3854591073747 ], [ 69.236587459001512, 41.38550255862696 ], [ 69.236559566311939, 41.385542914232104 ], [ 69.236553403869081, 41.38555183039378 ], [ 69.236524229283617, 41.38559404010266 ], [ 69.236520200339569, 41.385599872099661 ], [ 69.236507234056759, 41.385618629788077 ], [ 69.236482028228195, 41.38565509777608 ], [ 69.236423203848432, 41.38574020988797 ], [ 69.236305884770644, 41.385909949858338 ], [ 69.235738041713262, 41.386587318096822 ], [ 69.234727038166625, 41.387713990802901 ], [ 69.234028943884624, 41.388496706534795 ], [ 69.233731634763231, 41.388830050808082 ], [ 69.233731601525577, 41.388830085179663 ], [ 69.233558546475962, 41.389024111638768 ], [ 69.233249901514029, 41.38937015979544 ], [ 69.233206720396652, 41.38941857204609 ], [ 69.233204242843087, 41.389421350051222 ], [ 69.233204046112036, 41.389421570431551 ], [ 69.232715694974146, 41.389969087173867 ], [ 69.231621229852763, 41.391191343799811 ], [ 69.231059236624517, 41.391818585374054 ], [ 69.230695847430837, 41.392224163955198 ], [ 69.230606758809159, 41.392324211552811 ], [ 69.230198184356709, 41.392783046866299 ], [ 69.229284410863158, 41.3938092152707 ], [ 69.22887437934331, 41.394269678342766 ], [ 69.228698407463966, 41.394467286485458 ], [ 69.228687814530161, 41.394479182054191 ], [ 69.228542225470378, 41.394639269969922 ], [ 69.228425712181405, 41.394767387460547 ], [ 69.228425023173557, 41.394768144913428 ], [ 69.228171730602767, 41.395046659883477 ], [ 69.228120072084053, 41.395101408510229 ], [ 69.228132443682142, 41.395109216164869 ], [ 69.228138987010681, 41.395113345743958 ], [ 69.228143507333215, 41.395116198307136 ], [ 69.228147500344647, 41.395118718643978 ], [ 69.228337547027849, 41.395238669044367 ], [ 69.228938916109954, 41.395598791839554 ], [ 69.229244642445522, 41.395786053907166 ], [ 69.229513270156531, 41.395950592265628 ], [ 69.229610924214441, 41.396010407690802 ], [ 69.22995705407655, 41.396227413437423 ], [ 69.230084177367345, 41.396307114648202 ], [ 69.230175138078067, 41.396364141254992 ], [ 69.231067969147375, 41.396926522336379 ], [ 69.231344929630964, 41.397077344625124 ], [ 69.231628834989962, 41.397189968516436 ], [ 69.231629161976741, 41.397190098572445 ], [ 69.231630146530293, 41.39719048874052 ], [ 69.231646940534517, 41.397197151247092 ], [ 69.231721786367359, 41.397226842419229 ], [ 69.231921928317718, 41.397305763417478 ], [ 69.232505342772242, 41.397535819565064 ], [ 69.232578390177892, 41.397564623780788 ], [ 69.232836499515244, 41.397666403740402 ], [ 69.233232030429775, 41.397805004554364 ], [ 69.233542729838774, 41.397908731586959 ], [ 69.233769006475683, 41.39798427438533 ], [ 69.233919229944036, 41.398026112813881 ], [ 69.234096057019485, 41.398075360938584 ], [ 69.234692549147923, 41.398214264115083 ], [ 69.234873712391277, 41.398251950105077 ], [ 69.234906599713838, 41.398258791074234 ], [ 69.23491669318436, 41.398260890804174 ], [ 69.235207713200438, 41.398321429169727 ], [ 69.235524482525832, 41.398372791621796 ], [ 69.235569004827951, 41.398380010609763 ], [ 69.235987608072222, 41.398442548184427 ], [ 69.236276960815132, 41.398479570297894 ], [ 69.236573650098975, 41.398509870046141 ], [ 69.236658274991996, 41.398518512193462 ], [ 69.237087313964977, 41.39854421558374 ], [ 69.237556097999345, 41.398565859684979 ], [ 69.2384290951655, 41.398568930424375 ], [ 69.23843256984901, 41.398568856974613 ], [ 69.238889998279873, 41.398559199340248 ], [ 69.239226655407336, 41.39854871960592 ], [ 69.240215688857063, 41.398517931333387 ], [ 69.241741287822606, 41.398472435552463 ], [ 69.243133361204357, 41.398431032046126 ], [ 69.244478577562518, 41.398388738353674 ], [ 69.245855775741447, 41.398342550434876 ], [ 69.247198626835498, 41.39830410641185 ], [ 69.248617502352033, 41.39825969471282 ], [ 69.249271665423393, 41.398239898892569 ], [ 69.250020824437726, 41.398217228402046 ], [ 69.251196071459319, 41.398180037001566 ], [ 69.252525935609327, 41.398135757967289 ], [ 69.253570147177044, 41.398098811129877 ], [ 69.254335199185377, 41.398068930328598 ], [ 69.254822413056147, 41.398049900625018 ], [ 69.256007699649359, 41.398009756961862 ], [ 69.257024821621371, 41.397967835638397 ], [ 69.257721634905806, 41.397921569926837 ], [ 69.258076236779374, 41.397892401985914 ], [ 69.258447465570526, 41.397855136948941 ], [ 69.258780704608327, 41.397811379260169 ], [ 69.259042727905339, 41.397765690260869 ], [ 69.259425938425764, 41.397691410022439 ], [ 69.259978836211786, 41.397572362405668 ], [ 69.260351630766479, 41.397484457799301 ], [ 69.260960246557985, 41.397312864597751 ], [ 69.26098923878547, 41.397304041694468 ], [ 69.260989272023139, 41.397304031586529 ], [ 69.26098931873554, 41.397304017435395 ], [ 69.261016259210891, 41.39729581920313 ], [ 69.261152291992701, 41.397254422359723 ], [ 69.261762739449082, 41.397068652420046 ], [ 69.261831013207285, 41.397046294195235 ], [ 69.262238578851708, 41.396912823270249 ], [ 69.262515541131904, 41.396805240789469 ], [ 69.262622754162749, 41.396763595649546 ], [ 69.263010736533943, 41.396597167791889 ], [ 69.263237606058937, 41.396491324053848 ], [ 69.263572259943345, 41.39631299420315 ], [ 69.263937702685766, 41.396112380117387 ], [ 69.264299947425741, 41.395900851273318 ], [ 69.264645848217469, 41.395684725872705 ], [ 69.265095989514776, 41.395397764480194 ], [ 69.265753224824422, 41.394982767895364 ], [ 69.266236304648203, 41.394674676236399 ], [ 69.266687519432281, 41.394387672646658 ], [ 69.2672098250913, 41.394060428689478 ], [ 69.267293579516803, 41.394007045177943 ], [ 69.267971956676675, 41.393574660435682 ], [ 69.268721659171746, 41.393100107769385 ], [ 69.269382237112552, 41.39268262730144 ], [ 69.269966442084552, 41.392306610891012 ], [ 69.270133779357337, 41.392198774806602 ], [ 69.270663473659582, 41.391857427476658 ], [ 69.271310605617231, 41.391448091498077 ], [ 69.272023131334294, 41.39098731325798 ], [ 69.272848000360753, 41.390458636863777 ], [ 69.273607024673566, 41.389970836048732 ], [ 69.273660310041265, 41.389936591115585 ], [ 69.274409018101352, 41.389457915650283 ], [ 69.275124252238982, 41.388998769090932 ], [ 69.275780208347669, 41.388582674219151 ], [ 69.276205509430696, 41.388308845886542 ], [ 69.276346929409272, 41.388217793498221 ], [ 69.276992378822356, 41.387807676394857 ], [ 69.277809909511291, 41.387282810370507 ], [ 69.277809949935488, 41.387282784759684 ], [ 69.277823173136468, 41.387274294783232 ], [ 69.277940970117996, 41.387198667423263 ], [ 69.278607945860244, 41.386775091384912 ], [ 69.279305361015901, 41.386329482947197 ], [ 69.279386935230221, 41.386277361514686 ], [ 69.280013157102999, 41.385871840865398 ], [ 69.280110200306524, 41.385813081004699 ], [ 69.280391437669138, 41.385642790809662 ], [ 69.280468427780576, 41.385599660468188 ], [ 69.280754868185326, 41.38543919307827 ], [ 69.28126900007355, 41.385167509622612 ], [ 69.281585236697993, 41.385011972763017 ], [ 69.281984470468132, 41.384837523952598 ], [ 69.282377090841166, 41.384685635986678 ], [ 69.282829754607761, 41.384515207365602 ], [ 69.283153230755048, 41.384408256122661 ], [ 69.283761982192189, 41.384225218262046 ], [ 69.284244580518987, 41.384089211031693 ], [ 69.284541726147012, 41.384018699011769 ], [ 69.284864721695612, 41.383956333584848 ], [ 69.28522763029062, 41.383892168509483 ], [ 69.285641155358618, 41.383841843365232 ], [ 69.286274093934765, 41.383780539999591 ], [ 69.286794837423486, 41.383743406391574 ], [ 69.286828870996359, 41.383742036813885 ], [ 69.286891403621595, 41.38373952007997 ], [ 69.287317174523565, 41.3837223828315 ] ] ] ] } },
{ "type": "Feature", "properties": { "id": 167, "reg_name": "Toshkent shahri", "reg_kiril": "Тошкент шаҳри", "dist_name": "Olmazor tumani", "dist_kir": "Олмазор тумани", "cad_id": "10:08", "shp_len": 34546.708082957171, "shp_area": 60030904.716273487 }, "geometry": { "type": "MultiPolygon", "coordinates": [ [ [ [ 69.231059236624517, 41.391818585374054 ], [ 69.231621229852763, 41.391191343799811 ], [ 69.232715694974146, 41.389969087173867 ], [ 69.233204046112036, 41.389421570431551 ], [ 69.233204242843087, 41.389421350051222 ], [ 69.233206720396652, 41.38941857204609 ], [ 69.233249901514029, 41.38937015979544 ], [ 69.233558546475962, 41.389024111638768 ], [ 69.233731601525577, 41.388830085179663 ], [ 69.233731634763231, 41.388830050808082 ], [ 69.234028943884624, 41.388496706534795 ], [ 69.234727038166625, 41.387713990802901 ], [ 69.235738041713262, 41.386587318096822 ], [ 69.236305884770644, 41.385909949858338 ], [ 69.236423203848432, 41.38574020988797 ], [ 69.236482028228195, 41.38565509777608 ], [ 69.236507234056759, 41.385618629788077 ], [ 69.236520200339569, 41.385599872099661 ], [ 69.236524229283617, 41.38559404010266 ], [ 69.236553403869081, 41.38555183039378 ], [ 69.236559566311939, 41.385542914232104 ], [ 69.236587459001512, 41.38550255862696 ], [ 69.236617491478114, 41.3854591073747 ], [ 69.236630162215178, 41.385438320938839 ], [ 69.236717839583534, 41.385294502021445 ], [ 69.236741885687081, 41.385255060865354 ], [ 69.236768682432, 41.385211104629526 ], [ 69.236774499921765, 41.385201560936743 ], [ 69.236807407007234, 41.385147582431038 ], [ 69.236851624780499, 41.38507505228192 ], [ 69.236859851551856, 41.385055883302094 ], [ 69.236904212157228, 41.384952512521295 ], [ 69.236969354388378, 41.384800713117187 ], [ 69.236978477678392, 41.384779456697039 ], [ 69.237030137095445, 41.384620698557953 ], [ 69.23705060161592, 41.384557810013277 ], [ 69.237069103317495, 41.384495912183283 ], [ 69.237095033188197, 41.38440916938977 ], [ 69.23713539629054, 41.384274145909139 ], [ 69.237146848912104, 41.384235832409594 ], [ 69.237147471444587, 41.384233748402629 ], [ 69.237165922840504, 41.384172018090212 ], [ 69.237179416434415, 41.384126874206856 ], [ 69.237283837501337, 41.383777544724069 ], [ 69.237291541453217, 41.383751767420179 ], [ 69.237454568609309, 41.383206365937923 ], [ 69.237569211605845, 41.38284236496478 ], [ 69.237790483728318, 41.38221342453275 ], [ 69.237986289510829, 41.381814138881005 ], [ 69.238238239100212, 41.381403933530571 ], [ 69.238582088139836, 41.380953017340786 ], [ 69.239353273844955, 41.38013932215182 ], [ 69.239954177599742, 41.379505275946713 ], [ 69.240365427235162, 41.379071338801495 ], [ 69.240413224794779, 41.379020904100052 ], [ 69.240600728347403, 41.378823054879085 ], [ 69.240719667087632, 41.37869755164126 ], [ 69.241139211766381, 41.378359020428697 ], [ 69.241539793009423, 41.378065549296352 ], [ 69.241758488763665, 41.377931947728499 ], [ 69.24198348709794, 41.377794496292957 ], [ 69.243524819157372, 41.376948465977421 ], [ 69.244284388747559, 41.376439029633822 ], [ 69.246505225352522, 41.374798256626619 ], [ 69.247330085395845, 41.374181509788542 ], [ 69.24819049626656, 41.373487243814516 ], [ 69.249331768105804, 41.372448949447559 ], [ 69.249484147530822, 41.372310316821348 ], [ 69.249746987396406, 41.372068726775986 ], [ 69.249903424511544, 41.371924934917985 ], [ 69.250060741975716, 41.371781427224477 ], [ 69.250616498200941, 41.371274448753333 ], [ 69.251243298588747, 41.370702647810475 ], [ 69.251713086939617, 41.370274074080648 ], [ 69.251948661139764, 41.370059165267975 ], [ 69.252163680987834, 41.369863007191938 ], [ 69.252461948611611, 41.369590897319483 ], [ 69.254794164633722, 41.367812858605397 ], [ 69.255441607408429, 41.367410742681038 ], [ 69.256858286544102, 41.366581917963892 ], [ 69.257674867713803, 41.36603805864177 ], [ 69.258422292081335, 41.365540247593493 ], [ 69.258876529696323, 41.365221904147916 ], [ 69.258976519373974, 41.365151826081743 ], [ 69.258999714772884, 41.365135691186772 ], [ 69.261167078262289, 41.363627817970254 ], [ 69.261401984115821, 41.363464383085613 ], [ 69.261733155231838, 41.363193508587884 ], [ 69.261789401446705, 41.363145364705026 ], [ 69.262083329309363, 41.36289377631752 ], [ 69.263448722727134, 41.361617113842605 ], [ 69.264378897661118, 41.360747356210283 ], [ 69.264481232839984, 41.360637269754406 ], [ 69.264538506727533, 41.360580546238687 ], [ 69.266759463706762, 41.358380991065935 ], [ 69.269208423884848, 41.356124265319437 ], [ 69.269707305972844, 41.35568009755805 ], [ 69.26924490177359, 41.3552645487785 ], [ 69.267700668155811, 41.353876747983726 ], [ 69.267337141519903, 41.35352283116702 ], [ 69.265337550986246, 41.351553640011339 ], [ 69.264337112525681, 41.35040712194423 ], [ 69.263277885617995, 41.349384877261656 ], [ 69.263155170360264, 41.349274930062556 ], [ 69.263097096972103, 41.349222898973998 ], [ 69.263082410415521, 41.349209742835562 ], [ 69.264329335810288, 41.348482057028136 ], [ 69.265920951966052, 41.347520662483937 ], [ 69.265999267990821, 41.347473354029503 ], [ 69.265518729500968, 41.347128703506996 ], [ 69.264770635888539, 41.346510941772031 ], [ 69.264404850887985, 41.346089287161981 ], [ 69.264319273780757, 41.345990637948731 ], [ 69.264157377603638, 41.345453419352459 ], [ 69.26414003652539, 41.345395874670714 ], [ 69.263967194376534, 41.345185651060369 ], [ 69.263967122511289, 41.345185562039006 ], [ 69.263717385472418, 41.344881806275659 ], [ 69.263008732392549, 41.344142621879151 ], [ 69.263001014067626, 41.344135170941016 ], [ 69.262801870145552, 41.343942907712375 ], [ 69.262254491608644, 41.343137522551459 ], [ 69.261520218576891, 41.342063288111198 ], [ 69.26105173637643, 41.341334100031247 ], [ 69.260807747657054, 41.34095576610973 ], [ 69.260550427938853, 41.340578798453393 ], [ 69.259927072590173, 41.339979758915426 ], [ 69.258444801167414, 41.338684569148619 ], [ 69.258141353857667, 41.338467389606869 ], [ 69.257889680051051, 41.338287263023574 ], [ 69.257534411627546, 41.338111659663113 ], [ 69.257393792946232, 41.338042152018701 ], [ 69.257159993817112, 41.33797011500392 ], [ 69.256846892313035, 41.33787364285277 ], [ 69.256645393008313, 41.337620194361136 ], [ 69.256280103877799, 41.337216560453321 ], [ 69.256133153870366, 41.337068240637358 ], [ 69.256099341283061, 41.337034112193159 ], [ 69.255717381217508, 41.336648583435327 ], [ 69.254814884275731, 41.335729980654783 ], [ 69.254406082549508, 41.335312977107677 ], [ 69.253672362879982, 41.334570086239218 ], [ 69.252778540070565, 41.333661213828961 ], [ 69.251676798595398, 41.332542668021411 ], [ 69.251365889878954, 41.332227009067587 ], [ 69.25130907323387, 41.332169324536103 ], [ 69.250405513585122, 41.331261673289745 ], [ 69.248917327654496, 41.32975150097527 ], [ 69.247857021870161, 41.328659631584358 ], [ 69.247652595854206, 41.328449114474566 ], [ 69.247501771412942, 41.328532396420499 ], [ 69.247350953259925, 41.328615673537961 ], [ 69.247084344063353, 41.328762887410292 ], [ 69.243942069538861, 41.328211164218175 ], [ 69.242972570853311, 41.328042353715858 ], [ 69.242205843486957, 41.327763715086334 ], [ 69.24036950109496, 41.327128419169441 ], [ 69.240364982569076, 41.327126855466908 ], [ 69.239516650445665, 41.328478474108095 ], [ 69.239363583809464, 41.328607576603439 ], [ 69.23919684661125, 41.328714642510654 ], [ 69.238919913077154, 41.328863282207287 ], [ 69.23864178747867, 41.328968645748652 ], [ 69.238360612099811, 41.32904860544113 ], [ 69.236983722043021, 41.329198544946543 ], [ 69.236371550719596, 41.329273890304776 ], [ 69.236114531937019, 41.329268076868502 ], [ 69.23597541883214, 41.329236229104197 ], [ 69.235853595601498, 41.329179606395968 ], [ 69.23569095921259, 41.32909158844042 ], [ 69.235685736407532, 41.329086501500875 ], [ 69.235384953500926, 41.328793647318086 ], [ 69.234924386356468, 41.328347081162427 ], [ 69.234405552686013, 41.327833315997957 ], [ 69.233418127220645, 41.32685551000678 ], [ 69.231726745966071, 41.325155222684472 ], [ 69.231707533697076, 41.325135911922082 ], [ 69.231362049723629, 41.325331590226334 ], [ 69.230675040652244, 41.325720704031482 ], [ 69.228714514257021, 41.326823350075159 ], [ 69.227866045589721, 41.327314904933253 ], [ 69.225924232000196, 41.328428052809898 ], [ 69.224550634268951, 41.329214403406588 ], [ 69.22254985077258, 41.330360116169494 ], [ 69.222447641357888, 41.330418644824903 ], [ 69.220037434501108, 41.331786569711149 ], [ 69.218340511539537, 41.332742829962847 ], [ 69.218320901316858, 41.332753880163551 ], [ 69.217979969106992, 41.332948449594312 ], [ 69.216489817662548, 41.333798848878153 ], [ 69.212872022637342, 41.335836937054168 ], [ 69.211428823437871, 41.336659875116347 ], [ 69.210660455747814, 41.337095417790181 ], [ 69.210635173562423, 41.337109748636259 ], [ 69.209562712673957, 41.337717647583936 ], [ 69.207963307226365, 41.338616974919042 ], [ 69.207217720811883, 41.339044144477015 ], [ 69.206818079206613, 41.339273108381214 ], [ 69.206233505925354, 41.339609978072929 ], [ 69.205494937149922, 41.340029467139047 ], [ 69.205069566896555, 41.340270566424628 ], [ 69.204997550756858, 41.340314859229615 ], [ 69.204935778106346, 41.340370521953311 ], [ 69.204878786289797, 41.340450997096767 ], [ 69.204837481753017, 41.340532625454472 ], [ 69.204809077023739, 41.340608688134914 ], [ 69.204800542130243, 41.340689055746381 ], [ 69.204806373993065, 41.340766086079952 ], [ 69.204824196568282, 41.340846707764513 ], [ 69.204870808351743, 41.340939014166253 ], [ 69.205025049984329, 41.341227645003947 ], [ 69.205269654947998, 41.341679527830593 ], [ 69.205823909190116, 41.342692715846262 ], [ 69.206164695872928, 41.3433132519664 ], [ 69.206547663848212, 41.34401135696951 ], [ 69.206846699531567, 41.34455260627751 ], [ 69.206915080189319, 41.344676372011214 ], [ 69.206965284335581, 41.344845967581364 ], [ 69.206945418093099, 41.345010199158381 ], [ 69.206907441814437, 41.345089004136156 ], [ 69.206824154512873, 41.345189440537823 ], [ 69.2066871578388, 41.345277148771949 ], [ 69.206524431618348, 41.345341364075679 ], [ 69.205041073234057, 41.345775793933846 ], [ 69.204356554292616, 41.345983658624903 ], [ 69.203654796680894, 41.346202731077156 ], [ 69.202964775558328, 41.346410643635842 ], [ 69.202169138609506, 41.346650857427427 ], [ 69.201436088184835, 41.34687286458945 ], [ 69.200613208028386, 41.347121673051944 ], [ 69.200075526804937, 41.347285123349224 ], [ 69.19920486256359, 41.347570597612474 ], [ 69.198964921652887, 41.347655611193836 ], [ 69.198464896907851, 41.347857760611788 ], [ 69.198206227021814, 41.3479816340326 ], [ 69.198070963197893, 41.348052455540284 ], [ 69.19805529388438, 41.348058040710264 ], [ 69.197948723148983, 41.348096020123286 ], [ 69.197746098255195, 41.348149465599448 ], [ 69.197711561625752, 41.348157025326735 ], [ 69.197517472523813, 41.348199514214734 ], [ 69.197452329394324, 41.348213775854475 ], [ 69.197162541866817, 41.348261240225305 ], [ 69.19693598675218, 41.348298348231182 ], [ 69.196480345070412, 41.348377586896312 ], [ 69.196258874420266, 41.348416102922045 ], [ 69.195020862109743, 41.348613147030541 ], [ 69.194184875533296, 41.348745393983464 ], [ 69.193822901186209, 41.348837428883392 ], [ 69.192521615140365, 41.349153674957108 ], [ 69.192264897293413, 41.349224891040606 ], [ 69.191137636477663, 41.349502876803044 ], [ 69.191128654223121, 41.349505072517687 ], [ 69.191109449140669, 41.349509768082925 ], [ 69.190213755140562, 41.349728717402236 ], [ 69.189501828599788, 41.349900206215601 ], [ 69.189172057957322, 41.349961488237049 ], [ 69.188807173966993, 41.350020540111565 ], [ 69.188066840002023, 41.350086683434334 ], [ 69.18794548479363, 41.350090639866231 ], [ 69.18771144850929, 41.350098270175259 ], [ 69.187121567083025, 41.350083588151676 ], [ 69.186902512002675, 41.350061857105345 ], [ 69.186577060460081, 41.350021922537636 ], [ 69.185563898261847, 41.349845796498855 ], [ 69.184650604468686, 41.349694014970829 ], [ 69.183677699371572, 41.34957793095483 ], [ 69.183495742017499, 41.349556489714075 ], [ 69.183237358694029, 41.349526043072608 ], [ 69.182826379451555, 41.349477615963643 ], [ 69.182697667939323, 41.349463308069922 ], [ 69.182697279867114, 41.34946326423654 ], [ 69.182607628001762, 41.349452778612658 ], [ 69.182454943149551, 41.349436326922245 ], [ 69.182454547890828, 41.349436284437587 ], [ 69.182159896884386, 41.349403531426709 ], [ 69.182144909392179, 41.349402921804774 ], [ 69.182144584202021, 41.349402886063665 ], [ 69.181291705704993, 41.349368260335723 ], [ 69.180826730527414, 41.349362273358956 ], [ 69.180704949517605, 41.349360705469586 ], [ 69.180653698833993, 41.349360188909031 ], [ 69.17988922983227, 41.349352498495392 ], [ 69.178887964921657, 41.349317166009826 ], [ 69.178556388665442, 41.349283574707314 ], [ 69.178549724962679, 41.349282898996776 ], [ 69.178198730723281, 41.349253822531232 ], [ 69.177699017693669, 41.349155071563189 ], [ 69.17667200976193, 41.348936033321593 ], [ 69.176530117269564, 41.348907489450021 ], [ 69.175838538468298, 41.348768361584249 ], [ 69.174948098714253, 41.348589226491576 ], [ 69.174416105623223, 41.348487549772557 ], [ 69.173232471031838, 41.348301372115273 ], [ 69.172769082279046, 41.348286505582863 ], [ 69.171830425452143, 41.348283532275993 ], [ 69.170451045265395, 41.348294076084223 ], [ 69.169859784026855, 41.348301203522283 ], [ 69.169705667260061, 41.348303060742722 ], [ 69.169660260117411, 41.348303607658409 ], [ 69.168700279082302, 41.348315176508578 ], [ 69.168045570733554, 41.348319706938554 ], [ 69.167325919579653, 41.348324687848532 ], [ 69.167117847301952, 41.348326128306553 ], [ 69.166338310857981, 41.348329851512851 ], [ 69.165635362080153, 41.348333209883812 ], [ 69.165326096382344, 41.348348787867479 ], [ 69.165215052935153, 41.348354381104535 ], [ 69.165154488518667, 41.348357429263402 ], [ 69.165200899977847, 41.348535324828219 ], [ 69.165202527725128, 41.348541564769548 ], [ 69.165219532833461, 41.34860674322438 ], [ 69.165244800645752, 41.34873218784535 ], [ 69.165336356041209, 41.349186716046553 ], [ 69.1654113159601, 41.349554780888361 ], [ 69.165414818491371, 41.34957197838969 ], [ 69.165485473683432, 41.349918906763548 ], [ 69.165515518736413, 41.350046338200343 ], [ 69.16552747261791, 41.350097040154658 ], [ 69.165608241043415, 41.350439611453737 ], [ 69.165658871889448, 41.350654357809049 ], [ 69.16575422087034, 41.350963007333995 ], [ 69.165803806975717, 41.351123518642908 ], [ 69.165860207700817, 41.351294396875311 ], [ 69.16592477141694, 41.351490003348253 ], [ 69.165955665377851, 41.351574123708588 ], [ 69.165981834200394, 41.351645376930335 ], [ 69.166008188075907, 41.351717135152221 ], [ 69.166174951325246, 41.352160981325653 ], [ 69.166340425492152, 41.352567864576464 ], [ 69.166437928633087, 41.352807611270705 ], [ 69.166598342589992, 41.353157189344408 ], [ 69.166830564277461, 41.353609732481225 ], [ 69.167005936082191, 41.353911869631766 ], [ 69.16700751801541, 41.353914438093256 ], [ 69.16711567697223, 41.354090025138419 ], [ 69.167227554954351, 41.354271648808982 ], [ 69.167299911555546, 41.354389112183306 ], [ 69.167355764308326, 41.354479783745823 ], [ 69.167614999234715, 41.354900974713942 ], [ 69.167629779216085, 41.354924988684893 ], [ 69.167710361690311, 41.355055913321664 ], [ 69.168058969105999, 41.355570001856684 ], [ 69.168175988146501, 41.355742568989186 ], [ 69.168310253043799, 41.35591682746567 ], [ 69.168650691180289, 41.35635866731625 ], [ 69.168881986704719, 41.356648404409015 ], [ 69.169049858475105, 41.356858690801403 ], [ 69.169331318619911, 41.357185212371157 ], [ 69.16951067085968, 41.357379428987407 ], [ 69.169555759998715, 41.357425502384146 ], [ 69.169732452326897, 41.357606050718132 ], [ 69.170211248983435, 41.358070901408006 ], [ 69.170530109586792, 41.358365400649021 ], [ 69.170637685537002, 41.358463002180535 ], [ 69.170845088569806, 41.358651174920205 ], [ 69.170880227070469, 41.3586815673983 ], [ 69.170963040061551, 41.358753193125018 ], [ 69.170998991537559, 41.358784288137983 ], [ 69.171075255810237, 41.358850250619284 ], [ 69.171095781416156, 41.358867368799039 ], [ 69.171145546286255, 41.358908872342518 ], [ 69.171387125724053, 41.359110347619044 ], [ 69.171405479203614, 41.359125654668389 ], [ 69.17156234032359, 41.35925330474744 ], [ 69.171711781359292, 41.359374915928143 ], [ 69.171968365357287, 41.359574761435638 ], [ 69.172275514624275, 41.359807680460648 ], [ 69.172596250909947, 41.360043489163466 ], [ 69.17290501175458, 41.360252699948823 ], [ 69.172946508530799, 41.360279954403573 ], [ 69.173551995490172, 41.360677621909325 ], [ 69.174137232626407, 41.361063915257859 ], [ 69.174367896635189, 41.361212605188598 ], [ 69.174559401284085, 41.361336052026608 ], [ 69.174700937145303, 41.361427288360808 ], [ 69.174825990717707, 41.361507976832705 ], [ 69.175029611843144, 41.361639359517305 ], [ 69.17576490176782, 41.362112386092036 ], [ 69.176265584977941, 41.362434083515446 ], [ 69.176394949565378, 41.362517202667703 ], [ 69.176455595728513, 41.362556168800168 ], [ 69.176543551574625, 41.362612681584558 ], [ 69.176681955908762, 41.362701608264345 ], [ 69.177377076767186, 41.363146237817581 ], [ 69.177435927198076, 41.363183880758044 ], [ 69.178244290579528, 41.363706878187564 ], [ 69.17826304560603, 41.363718803655537 ], [ 69.179041959517562, 41.364214061932167 ], [ 69.179607718483496, 41.364572203156072 ], [ 69.179877236424929, 41.364742814832347 ], [ 69.180101022931879, 41.36488407880698 ], [ 69.180321208092835, 41.365023069750926 ], [ 69.180691970658359, 41.365257110016309 ], [ 69.181407416798422, 41.36570755993435 ], [ 69.182195237505965, 41.366210284522069 ], [ 69.183024772382055, 41.366730753044827 ], [ 69.18364116938055, 41.367116687530483 ], [ 69.183994177642802, 41.36733770936754 ], [ 69.184114809707353, 41.36741323847324 ], [ 69.185107613386322, 41.368043874633543 ], [ 69.185145592359902, 41.368067979486881 ], [ 69.185158638592782, 41.368076258933982 ], [ 69.185217211444254, 41.368113433847405 ], [ 69.185618020859394, 41.368367815340612 ], [ 69.186201772182173, 41.36873829847665 ], [ 69.186205039354846, 41.368740372193614 ], [ 69.187047192865734, 41.369272847399124 ], [ 69.18731138289921, 41.369439887896299 ], [ 69.187329406697074, 41.369451283777629 ], [ 69.188435876903853, 41.370148743108047 ], [ 69.189151734472304, 41.370598356259173 ], [ 69.189454121769998, 41.370788277680624 ], [ 69.189553306557158, 41.370850624050647 ], [ 69.189989830293044, 41.371126981775348 ], [ 69.190096733405127, 41.371194660227474 ], [ 69.190594266223556, 41.371509639521356 ], [ 69.190897134119922, 41.371704665487961 ], [ 69.191276281560292, 41.37194880980438 ], [ 69.191346046521915, 41.371993732938279 ], [ 69.191357842299894, 41.372001322928533 ], [ 69.191447495961881, 41.372059013297175 ], [ 69.191507937309126, 41.372097905628912 ], [ 69.191999559213016, 41.372404501210056 ], [ 69.19255772741478, 41.372755529891812 ], [ 69.193557422070299, 41.373385343758379 ], [ 69.194487595207647, 41.373972499504156 ], [ 69.195525951556348, 41.374621633410861 ], [ 69.1966153789256, 41.375310969775434 ], [ 69.197181289706805, 41.375666524107345 ], [ 69.197397039885232, 41.375802076418069 ], [ 69.198215078122303, 41.376317653242687 ], [ 69.198715470278259, 41.376635247422328 ], [ 69.199437496577787, 41.377087782340766 ], [ 69.199642156155704, 41.377215852856452 ], [ 69.200373494391442, 41.377673501931419 ], [ 69.200517418872977, 41.377764301480511 ], [ 69.201438448059065, 41.378345359241585 ], [ 69.202385117858285, 41.378943785568978 ], [ 69.202395232888406, 41.378950152013537 ], [ 69.203135173391317, 41.379415856585609 ], [ 69.203405953465705, 41.379586268913236 ], [ 69.203477508769666, 41.379631301360718 ], [ 69.203874568616826, 41.379882236586042 ], [ 69.204439694270476, 41.38023938025762 ], [ 69.204612437604652, 41.380347570502167 ], [ 69.204937831655116, 41.38055136616584 ], [ 69.205497673418265, 41.380901996340725 ], [ 69.206286707749754, 41.381399619070692 ], [ 69.206553835274207, 41.381568088371772 ], [ 69.206758763448406, 41.3816975978729 ], [ 69.207272487501498, 41.382022257848163 ], [ 69.207443485409087, 41.382130323128784 ], [ 69.208518396901681, 41.382800728404071 ], [ 69.208786369740793, 41.382968927840331 ], [ 69.209058016689468, 41.38313943195935 ], [ 69.209465054124507, 41.383394916685198 ], [ 69.209596292597595, 41.38347729056705 ], [ 69.210368566162543, 41.383963912069163 ], [ 69.210471539145217, 41.384028795559622 ], [ 69.210549091602033, 41.384137944668907 ], [ 69.210635950605152, 41.384289319652829 ], [ 69.21063846678625, 41.384293705364847 ], [ 69.210739048453689, 41.384511331210049 ], [ 69.210740677099295, 41.384514854191288 ], [ 69.210772350797896, 41.384583908493731 ], [ 69.210889171310711, 41.384838599646088 ], [ 69.211047216410208, 41.385187579019885 ], [ 69.211151605137815, 41.385418079752135 ], [ 69.211325524366714, 41.385795020271367 ], [ 69.211365938673012, 41.385909214543645 ], [ 69.21137105727351, 41.385923676854567 ], [ 69.211371390548479, 41.385924619081656 ], [ 69.211392380583419, 41.386012810935128 ], [ 69.211404637197148, 41.386089875252836 ], [ 69.211419564502222, 41.386183736397733 ], [ 69.211423308680324, 41.386207278496435 ], [ 69.211429786431864, 41.386336569825062 ], [ 69.211422420246521, 41.386390172612366 ], [ 69.211413999439031, 41.386451449928529 ], [ 69.211383639077397, 41.386595887692039 ], [ 69.211382172128523, 41.386602868726804 ], [ 69.211322594960563, 41.386746818871053 ], [ 69.211321067824571, 41.386750508202603 ], [ 69.211292982895543, 41.386818365850864 ], [ 69.211280867317299, 41.386838456305718 ], [ 69.21127945516568, 41.386840739051188 ], [ 69.211269338338951, 41.386856666371187 ], [ 69.211245768342536, 41.386893774612247 ], [ 69.211319555061664, 41.386931989493753 ], [ 69.21134417069706, 41.386944737667484 ], [ 69.211353941672414, 41.386949801215785 ], [ 69.21136348806894, 41.386954738057078 ], [ 69.211379025330061, 41.386962779210293 ], [ 69.211379060364379, 41.386962796733549 ], [ 69.211379434063545, 41.38696299353321 ], [ 69.211411885703157, 41.386979799681754 ], [ 69.211446045040148, 41.386997490749891 ], [ 69.21150413908957, 41.387027574114143 ], [ 69.211515429116062, 41.387021114104385 ], [ 69.211519594604042, 41.387018726225833 ], [ 69.211529007151583, 41.387013345242607 ], [ 69.211607159683012, 41.386968638043385 ], [ 69.211637280194495, 41.386954475882149 ], [ 69.211735545106777, 41.386908238726136 ], [ 69.211767308636908, 41.386895365186426 ], [ 69.211767449672394, 41.386895307898783 ], [ 69.211868608956578, 41.386854310837265 ], [ 69.211946806403702, 41.386827868194004 ], [ 69.211991550589701, 41.38681273817695 ], [ 69.212097426029104, 41.386783357667404 ], [ 69.212178704697692, 41.386767084581109 ], [ 69.21217982399854, 41.38676686082195 ], [ 69.212259984264605, 41.38675081081675 ], [ 69.212395250783445, 41.3867293029679 ], [ 69.212411324338845, 41.38672674591119 ], [ 69.212411361169757, 41.386726740519357 ], [ 69.212481257285376, 41.386720349225108 ], [ 69.212481324659038, 41.386720342485361 ], [ 69.212547782922059, 41.3867142767199 ], [ 69.2125478736519, 41.386714274024008 ], [ 69.212637181462497, 41.386713923557537 ], [ 69.212665087626803, 41.386713815047742 ], [ 69.212693754664144, 41.386713703842013 ], [ 69.212693792393395, 41.386713707211896 ], [ 69.212694953016737, 41.386713792132589 ], [ 69.21271752228995, 41.386713703842013 ], [ 69.2127175600192, 41.386713706537911 ], [ 69.212774792584241, 41.386717889220286 ], [ 69.212788146939246, 41.386718865134533 ], [ 69.212788439790046, 41.386720623532462 ], [ 69.212864629502562, 41.386726191230714 ], [ 69.212864684299788, 41.386726195274527 ], [ 69.213070889878324, 41.38674462778269 ], [ 69.213248557776893, 41.386760962880217 ], [ 69.213309663877453, 41.38676712299759 ], [ 69.213420183606871, 41.386778298823984 ], [ 69.213462587681548, 41.386782581250223 ], [ 69.21347155825795, 41.38678342506477 ], [ 69.213624352704656, 41.386797769235962 ], [ 69.213624414688397, 41.386797775301716 ], [ 69.213848784201957, 41.386822086855112 ], [ 69.213848820134587, 41.386822090898917 ], [ 69.214086993160791, 41.386844881960982 ], [ 69.214087029991731, 41.386844886004845 ], [ 69.214498808734803, 41.386884649703177 ], [ 69.214498843769121, 41.386884653747039 ], [ 69.214786204048735, 41.386915568844771 ], [ 69.214786252557744, 41.386915576258488 ], [ 69.214938676898512, 41.386944743059239 ], [ 69.214973621363058, 41.386951430204967 ], [ 69.21497371478786, 41.386951453119984 ], [ 69.215205497199165, 41.387012963775113 ], [ 69.215205564572798, 41.387012983320247 ], [ 69.215235076026516, 41.387022183022069 ], [ 69.215236494466353, 41.387022403410526 ], [ 69.215318657975487, 41.387074125255431 ], [ 69.21542133271754, 41.387138759643506 ], [ 69.216643872445559, 41.387905399556097 ], [ 69.216794274678662, 41.387999714351501 ], [ 69.217211749638949, 41.388262037503388 ], [ 69.217800804615152, 41.388632171448322 ], [ 69.21888211390916, 41.389315776338549 ], [ 69.219023262596508, 41.389404275629317 ], [ 69.219506235520797, 41.389707096424011 ], [ 69.220027650949362, 41.390034019261073 ], [ 69.220451473405475, 41.390300120381994 ], [ 69.220975517304566, 41.390629145604848 ], [ 69.222041884920458, 41.391301433817517 ], [ 69.2223495480238, 41.391492878509794 ], [ 69.223069438129528, 41.391940829821998 ], [ 69.224008114719382, 41.39253208190248 ], [ 69.224290870234839, 41.392710182213641 ], [ 69.22531491642107, 41.393354385479697 ], [ 69.225971585792067, 41.393756003397598 ], [ 69.226057735126147, 41.393808691650101 ], [ 69.226291506407463, 41.39395166418614 ], [ 69.226405118138075, 41.394022805637292 ], [ 69.22730681557924, 41.394587424082253 ], [ 69.227335304750198, 41.394605263358208 ], [ 69.227510778962809, 41.394716202088247 ], [ 69.227926413275128, 41.394978973904351 ], [ 69.227987282220454, 41.39501745628413 ], [ 69.228120072084053, 41.395101408510229 ], [ 69.228171730602767, 41.395046659883477 ], [ 69.228425023173557, 41.394768144913428 ], [ 69.228425712181405, 41.394767387460547 ], [ 69.228542225470378, 41.394639269969922 ], [ 69.228687814530161, 41.394479182054191 ], [ 69.228698407463966, 41.394467286485458 ], [ 69.22887437934331, 41.394269678342766 ], [ 69.229284410863158, 41.3938092152707 ], [ 69.230198184356709, 41.392783046866299 ], [ 69.230606758809159, 41.392324211552811 ], [ 69.230695847430837, 41.392224163955198 ], [ 69.231059236624517, 41.391818585374054 ] ] ] ] } },
{ "type": "Feature", "properties": { "id": 168, "reg_name": "Toshkent shahri", "reg_kiril": "Тошкент шаҳри", "dist_name": "Yangihayot tumani", "dist_kir": "Янгиҳаёт тумани", "cad_id": "10:12", "shp_len": 48479.881626986105, "shp_area": 78228037.617740408 }, "geometry": { "type": "MultiPolygon", "coordinates": [ [ [ [ 69.209078120087227, 41.220073033064914 ], [ 69.209332194192285, 41.219732488257357 ], [ 69.2098890589386, 41.219024502125087 ], [ 69.211309401403994, 41.217065164458411 ], [ 69.212590512186864, 41.215298725462048 ], [ 69.212743878860394, 41.215084240733347 ], [ 69.212827491352058, 41.214967307495648 ], [ 69.212829981482045, 41.214963824673781 ], [ 69.213007935943196, 41.214714953122638 ], [ 69.213352351819751, 41.214196649237337 ], [ 69.214006108852629, 41.213295014042387 ], [ 69.214275562115361, 41.21292338897112 ], [ 69.214748320296565, 41.212309351642098 ], [ 69.2150067593156, 41.211965434806601 ], [ 69.215539533042616, 41.211229463274428 ], [ 69.215790572638639, 41.210882672694737 ], [ 69.215825598849875, 41.210834285868579 ], [ 69.215827395480474, 41.210831803677472 ], [ 69.215832506894415, 41.210824742982048 ], [ 69.215836694840291, 41.210818957509268 ], [ 69.215840882786125, 41.210813172035969 ], [ 69.215841865543041, 41.210811814365584 ], [ 69.215846053488917, 41.210806028891653 ], [ 69.215851225090006, 41.210798885070751 ], [ 69.21585608767063, 41.210792168351084 ], [ 69.21585768038365, 41.210789967964615 ], [ 69.215860949352958, 41.21078545163072 ], [ 69.215862584286768, 41.210783193125721 ], [ 69.215864219220592, 41.210780935296462 ], [ 69.216004985225595, 41.210586475826631 ], [ 69.216935505112659, 41.209303584615483 ], [ 69.216945904010387, 41.209289247310643 ], [ 69.216956302009791, 41.209274910678481 ], [ 69.21760384090426, 41.208382131168293 ], [ 69.218394238878332, 41.207244786434892 ], [ 69.219883561177795, 41.205065493924586 ], [ 69.219885582387192, 41.205062537065466 ], [ 69.219886402549037, 41.205061335397886 ], [ 69.219887222710895, 41.205060135081965 ], [ 69.219889839503296, 41.205056303668066 ], [ 69.219892457194049, 41.2050524729298 ], [ 69.219951564543095, 41.20496597374558 ], [ 69.219951764867417, 41.204966338707052 ], [ 69.220285372214505, 41.205103837109789 ], [ 69.22208106044998, 41.205841813169982 ], [ 69.223171930513573, 41.206295806740492 ], [ 69.225134719764966, 41.207107552726349 ], [ 69.225402493178123, 41.207214222647153 ], [ 69.22621321014563, 41.207549150267496 ], [ 69.226609875632391, 41.207715898410754 ], [ 69.226951669326624, 41.20785443450923 ], [ 69.227228495961199, 41.207969138078546 ], [ 69.227527437321456, 41.208093029250634 ], [ 69.227854813055401, 41.208228478076968 ], [ 69.228265116764774, 41.208397412791143 ], [ 69.228581834886199, 41.20852871079083 ], [ 69.229012283315839, 41.208706239081152 ], [ 69.229546990217344, 41.208926442506225 ], [ 69.230056431103193, 41.209137460913382 ], [ 69.230409406127762, 41.2092831623183 ], [ 69.230444793461743, 41.209298458598575 ], [ 69.230945943795817, 41.209505350000391 ], [ 69.231096328960902, 41.209567230297544 ], [ 69.23129694701835, 41.20964997402686 ], [ 69.231548169870734, 41.20975444478794 ], [ 69.232266343295976, 41.210050768418945 ], [ 69.232305584402525, 41.210066985637653 ], [ 69.232873523579642, 41.210302126409609 ], [ 69.233422504711029, 41.210527869378772 ], [ 69.233939077321907, 41.210741666895835 ], [ 69.234229571823548, 41.210864028903437 ], [ 69.234296300479471, 41.210892136505031 ], [ 69.234462714284177, 41.21096260954544 ], [ 69.234737589777964, 41.211075929051304 ], [ 69.234909480610966, 41.2111508634637 ], [ 69.2353315774034, 41.211321059088 ], [ 69.235728417163287, 41.211485110688521 ], [ 69.23642667853197, 41.211773381946152 ], [ 69.237203237959108, 41.212098856383008 ], [ 69.238619484106806, 41.212684386106666 ], [ 69.238933550401484, 41.212812861582478 ], [ 69.239463127024408, 41.213035232575251 ], [ 69.240660641485277, 41.21352494386803 ], [ 69.240837873700926, 41.213599775462001 ], [ 69.24123826989107, 41.213763173966761 ], [ 69.241634507779722, 41.213927087669731 ], [ 69.24206961397411, 41.214107713862852 ], [ 69.242535999506714, 41.214300065988809 ], [ 69.242618944550145, 41.214334197846291 ], [ 69.242987695787733, 41.214486372234575 ], [ 69.243145516308431, 41.214553078120922 ], [ 69.243673687966265, 41.214755849731326 ], [ 69.244411202119579, 41.215060188758798 ], [ 69.244932963399521, 41.215287224233585 ], [ 69.244943595859226, 41.215194109483662 ], [ 69.244953960620975, 41.215103486090776 ], [ 69.244954246285246, 41.215100983113452 ], [ 69.244954908343601, 41.215094679718661 ], [ 69.244956812772017, 41.215078243451714 ], [ 69.244961296263597, 41.215039562154658 ], [ 69.244963331846023, 41.215022002776315 ], [ 69.244965486904391, 41.215003410170212 ], [ 69.244984442255216, 41.21483989853396 ], [ 69.244984806072907, 41.214837154302884 ], [ 69.245018679745627, 41.214611397145809 ], [ 69.245034041835282, 41.214509010738617 ], [ 69.245037665639146, 41.21448372597326 ], [ 69.245097921035153, 41.214063453588771 ], [ 69.245122354312571, 41.213909095504967 ], [ 69.245139754679613, 41.213782619063082 ], [ 69.245140220905242, 41.213779639621947 ], [ 69.245155597367955, 41.213691707866452 ], [ 69.245187053674258, 41.213429510755724 ], [ 69.245187376169454, 41.213427137461622 ], [ 69.245304450905508, 41.212644045041742 ], [ 69.245317838498181, 41.212554497330608 ], [ 69.245319795927188, 41.212250546031186 ], [ 69.245316116427773, 41.211877259357898 ], [ 69.245316142478927, 41.211874516354122 ], [ 69.245317000370022, 41.211842501118745 ], [ 69.245321667117906, 41.211668455550708 ], [ 69.245322743299624, 41.211631306946693 ], [ 69.245334778927813, 41.211461451374795 ], [ 69.245346534281595, 41.211295559541099 ], [ 69.245346536976541, 41.211295531833777 ], [ 69.245346967269569, 41.211289443649072 ], [ 69.245347269103519, 41.211285156442166 ], [ 69.245347768566802, 41.211280224531997 ], [ 69.245399767547028, 41.210885808376105 ], [ 69.245402441831615, 41.210865527813631 ], [ 69.245402922430301, 41.210862353611105 ], [ 69.245483622583848, 41.210391819121398 ], [ 69.245516572788489, 41.210164146271467 ], [ 69.245557293420305, 41.209882780719887 ], [ 69.245633398691169, 41.2093494220697 ], [ 69.245695687872981, 41.208913062071005 ], [ 69.245764900370673, 41.208434499704445 ], [ 69.245768260968148, 41.208410777112185 ], [ 69.24578111406322, 41.208320053086688 ], [ 69.245831800604819, 41.207962281848715 ], [ 69.245903370281837, 41.207481806691476 ], [ 69.245982385195887, 41.206919963684165 ], [ 69.245985413416747, 41.206898436329283 ], [ 69.246059265712859, 41.206381002499135 ], [ 69.246133197060743, 41.205884279906883 ], [ 69.246215327332237, 41.205342045156826 ], [ 69.246251599506778, 41.205069728822444 ], [ 69.246266955308243, 41.204954436231986 ], [ 69.246281617610308, 41.204844362396919 ], [ 69.246316057221676, 41.204613101036387 ], [ 69.246337855740364, 41.204466710668953 ], [ 69.246368476613455, 41.204261079361913 ], [ 69.246445003194196, 41.203723450714882 ], [ 69.246522632007768, 41.203182609281995 ], [ 69.246576377312905, 41.202853855070039 ], [ 69.246621612877362, 41.202561667669293 ], [ 69.246622406988052, 41.202557312302567 ], [ 69.24664582696586, 41.202445656930109 ], [ 69.246646741450789, 41.202441889571816 ], [ 69.246688755656635, 41.202285212827888 ], [ 69.246690543304069, 41.202279384695309 ], [ 69.246743763094742, 41.20212529484585 ], [ 69.246811105300011, 41.201922985595679 ], [ 69.246887602236342, 41.201698315988047 ], [ 69.246901985162381, 41.201637875327172 ], [ 69.246910443699079, 41.201602333023928 ], [ 69.246937058984315, 41.201490490152302 ], [ 69.246937936638346, 41.20148679979053 ], [ 69.246989244814131, 41.201271198490041 ], [ 69.247014345539796, 41.201165721972188 ], [ 69.247015182769616, 41.201162494579293 ], [ 69.247037266054278, 41.201083563652936 ], [ 69.247124387365474, 41.200772178259697 ], [ 69.247156011656728, 41.200655768271531 ], [ 69.24724861897937, 41.200314869591935 ], [ 69.247329726069736, 41.200029163603986 ], [ 69.247402905527721, 41.199771380845142 ], [ 69.247406164615583, 41.199761979637678 ], [ 69.247602963934781, 41.199283418610577 ], [ 69.247604650970857, 41.199279568608794 ], [ 69.247989950074327, 41.198453397329388 ], [ 69.247995094725951, 41.198443935099618 ], [ 69.248113233067286, 41.198252961204233 ], [ 69.248304021758912, 41.197944547913465 ], [ 69.248309538313066, 41.197936523983131 ], [ 69.248311165162036, 41.197934435368289 ], [ 69.248580100995184, 41.197597985684283 ], [ 69.248627324531327, 41.197538900534511 ], [ 69.248638979273849, 41.197524319344417 ], [ 69.248647831272635, 41.197513244883744 ], [ 69.248656761424883, 41.197502073087051 ], [ 69.248664830092778, 41.19749199900162 ], [ 69.248672901455606, 41.197481921534923 ], [ 69.24878094452977, 41.197347025007289 ], [ 69.248782424953347, 41.197345176329918 ], [ 69.248784810878746, 41.197342196816159 ], [ 69.249174985139248, 41.196855024217342 ], [ 69.249177487845628, 41.196852014264074 ], [ 69.249672733553339, 41.196277231644089 ], [ 69.250188213812834, 41.195693628233848 ], [ 69.250271616098757, 41.195602731108238 ], [ 69.250413760119415, 41.195447814395855 ], [ 69.250417647129652, 41.195443784364976 ], [ 69.25068028397601, 41.195184021923495 ], [ 69.250682985210091, 41.195181437069451 ], [ 69.250822511539994, 41.195051818404259 ], [ 69.251079022774448, 41.194815260096078 ], [ 69.251085452016937, 41.19480977536162 ], [ 69.251354094100961, 41.194595640533457 ], [ 69.251359217192999, 41.194591760513617 ], [ 69.25164933350392, 41.194382821106394 ], [ 69.251653236683836, 41.19438011522314 ], [ 69.25184301297412, 41.194253242769648 ], [ 69.251919477571121, 41.194203881747328 ], [ 69.251991528745108, 41.194157371913079 ], [ 69.252354805649361, 41.193922868020927 ], [ 69.252357284999562, 41.193921312617249 ], [ 69.252387357900318, 41.193902883007119 ], [ 69.252766689495346, 41.193670431803795 ], [ 69.252951834970332, 41.193555115075455 ], [ 69.253239099130212, 41.193379460040447 ], [ 69.253268373428696, 41.193361559565751 ], [ 69.253299703970868, 41.193342400421486 ], [ 69.253563175352127, 41.193176605282396 ], [ 69.253857090638363, 41.1929948708365 ], [ 69.254083097780679, 41.192852237263175 ], [ 69.254367878997115, 41.19267206208211 ], [ 69.254468238780646, 41.19260631068201 ], [ 69.254577702989593, 41.192534593666991 ], [ 69.254785371923731, 41.192398534390534 ], [ 69.254910634803551, 41.192316466464064 ], [ 69.254912411671214, 41.192315321345156 ], [ 69.255436172600994, 41.191985281570446 ], [ 69.255458369971635, 41.191971294013314 ], [ 69.255553241947126, 41.191911510219562 ], [ 69.255556326761791, 41.191909619477336 ], [ 69.255926815341169, 41.191689033638461 ], [ 69.255943047898356, 41.191679368309366 ], [ 69.255970343208261, 41.191663116790039 ], [ 69.256126801882985, 41.191569964363524 ], [ 69.256308633472926, 41.191461390355514 ], [ 69.256397215444764, 41.19140833224202 ], [ 69.256397332225745, 41.191408426205285 ], [ 69.256655051694239, 41.191613621320158 ], [ 69.256702530351959, 41.191651570171288 ], [ 69.256842371990544, 41.191722776428229 ], [ 69.257041046992043, 41.191823940474151 ], [ 69.257113813225004, 41.191857509464967 ], [ 69.257274219995367, 41.191931509361069 ], [ 69.257413357354807, 41.191982329528258 ], [ 69.257460644671355, 41.192006914553289 ], [ 69.258038422197501, 41.192307300780648 ], [ 69.258180350622467, 41.192381089261175 ], [ 69.258626091971507, 41.192717175718911 ], [ 69.258722869273711, 41.19280958496293 ], [ 69.259146026976509, 41.193113944955627 ], [ 69.259282906869601, 41.193212396188478 ], [ 69.259567962072197, 41.193417423415426 ], [ 69.260472633835235, 41.194068095651154 ], [ 69.260985625761421, 41.19443705028133 ], [ 69.261825349329413, 41.195064850176266 ], [ 69.261921778983606, 41.195134555477949 ], [ 69.261998287598033, 41.195189862179156 ], [ 69.262044015439244, 41.195222919097901 ], [ 69.26238122592892, 41.195466676180679 ], [ 69.262625705128457, 41.195643398348956 ], [ 69.263697035936275, 41.196300272551923 ], [ 69.263704298815369, 41.196304725671006 ], [ 69.263888577416111, 41.196403034212729 ], [ 69.263963522961973, 41.196443015550535 ], [ 69.26419820693161, 41.196568213509067 ], [ 69.265075304008718, 41.197025470622656 ], [ 69.265337705496464, 41.197149652888321 ], [ 69.266706570004501, 41.197764104210066 ], [ 69.267596166240494, 41.198163407991487 ], [ 69.26815080046994, 41.198412355345731 ], [ 69.268379346251251, 41.198514938627113 ], [ 69.268881628462594, 41.198735550807292 ], [ 69.269057099082005, 41.198860866721908 ], [ 69.26920426378679, 41.198931877908102 ], [ 69.269780213241319, 41.199209781880072 ], [ 69.271325570651541, 41.199873338134189 ], [ 69.27149395086839, 41.199945635823525 ], [ 69.271546075612733, 41.199968017783348 ], [ 69.271669734999819, 41.200021114920688 ], [ 69.271694630011282, 41.200031803014966 ], [ 69.272667377004908, 41.200480992036624 ], [ 69.273202190805932, 41.20077574024122 ], [ 69.273490889575314, 41.200945956094429 ], [ 69.273589497644039, 41.201004097998052 ], [ 69.274002269923855, 41.201247463838207 ], [ 69.274528538949895, 41.201562857023646 ], [ 69.274720138820228, 41.201684597482306 ], [ 69.274870312881191, 41.201780015283838 ], [ 69.275249008469018, 41.202022203550719 ], [ 69.275701467419751, 41.202292918560552 ], [ 69.276053845962977, 41.202493392328677 ], [ 69.276180236228498, 41.202565297141341 ], [ 69.276853916097735, 41.202948560145906 ], [ 69.277046050465628, 41.203060683717005 ], [ 69.27739738157328, 41.20326570713182 ], [ 69.277504187667276, 41.203328034674172 ], [ 69.277726048186267, 41.203457503127765 ], [ 69.277782942086446, 41.203490703210605 ], [ 69.277847586650964, 41.203528426870498 ], [ 69.277886704688285, 41.203551254354551 ], [ 69.27807551978124, 41.203661437151894 ], [ 69.278144343308441, 41.203700123824696 ], [ 69.278154060384836, 41.203705590917465 ], [ 69.278163744223619, 41.203711039085526 ], [ 69.278172677070785, 41.203716065511813 ], [ 69.278660713798359, 41.203990679336343 ], [ 69.279072213165392, 41.204222224055201 ], [ 69.279960023550586, 41.20477155511653 ], [ 69.280074757276964, 41.204842546372447 ], [ 69.280246111815742, 41.20494857116514 ], [ 69.280404972585515, 41.205046864696108 ], [ 69.280405581643279, 41.205046234800484 ], [ 69.280435272760073, 41.205015553738903 ], [ 69.280619826245299, 41.204824843003209 ], [ 69.280719017320635, 41.204813175024469 ], [ 69.28082300360299, 41.204800940676158 ], [ 69.281008032296995, 41.204779172019251 ], [ 69.281043152831359, 41.204763195446581 ], [ 69.281091201020971, 41.204741338239828 ], [ 69.281109532042649, 41.204732998841713 ], [ 69.281123016653382, 41.20472686476392 ], [ 69.281343164085129, 41.204506387675387 ], [ 69.28135650945697, 41.204509376325056 ], [ 69.281356641509319, 41.204509411469722 ], [ 69.281383645765089, 41.204515457706194 ], [ 69.281409113003363, 41.204520083286241 ], [ 69.281423448318677, 41.204522686695569 ], [ 69.28150204910942, 41.204536963541727 ], [ 69.281513134320036, 41.204538976249644 ], [ 69.28171404522827, 41.204586151862216 ], [ 69.281897001508923, 41.204609695386985 ], [ 69.281926032363955, 41.204613431531037 ], [ 69.282008986390551, 41.204624106034061 ], [ 69.282012113426049, 41.204624508845434 ], [ 69.282266967268797, 41.20464885595139 ], [ 69.282340407238209, 41.20465587203082 ], [ 69.282440212761216, 41.204665406355097 ], [ 69.282491926077185, 41.204676698583398 ], [ 69.282543108488824, 41.20468787658983 ], [ 69.282647428046118, 41.204710657711161 ], [ 69.282819248810512, 41.204744557345911 ], [ 69.282821467649271, 41.204745219009752 ], [ 69.282959390486425, 41.204786350966131 ], [ 69.282988819295113, 41.204795126284772 ], [ 69.283006310392025, 41.204800342543386 ], [ 69.283011574519591, 41.204801012992789 ], [ 69.283048219494987, 41.204805677752269 ], [ 69.283071845186953, 41.20480868463639 ], [ 69.283087142597921, 41.204810631777903 ], [ 69.28342301369949, 41.204832684959719 ], [ 69.283451489395674, 41.204834549646115 ], [ 69.283495563438478, 41.204837436902366 ], [ 69.284054351477806, 41.204874030431441 ], [ 69.284423512347175, 41.204891175530854 ], [ 69.284467702272664, 41.204893227427497 ], [ 69.28467806076273, 41.204902997590658 ], [ 69.28509068841376, 41.204928702385502 ], [ 69.285193227510177, 41.204935089889908 ], [ 69.285414106170563, 41.204948193362362 ], [ 69.285763940684916, 41.204968946829588 ], [ 69.285834697386548, 41.204973185112976 ], [ 69.286054349846566, 41.204986340618554 ], [ 69.286184363017668, 41.204985063929733 ], [ 69.286257762562897, 41.204982306444016 ], [ 69.286317526580433, 41.204980061931636 ], [ 69.286592025680136, 41.204969750420588 ], [ 69.286668294444368, 41.204972476141634 ], [ 69.286791504673786, 41.204976879333287 ], [ 69.286868611566206, 41.205001474346595 ], [ 69.286896868073484, 41.205012122428016 ], [ 69.286940260294941, 41.20502847471468 ], [ 69.287055207820401, 41.205071792203036 ], [ 69.287072181487702, 41.205078188479568 ], [ 69.287121381317476, 41.205102129228976 ], [ 69.287454215215064, 41.205264089794071 ], [ 69.287683202967514, 41.205379824520897 ], [ 69.287754657660173, 41.205413711643679 ], [ 69.287759981076533, 41.20541623526718 ], [ 69.287770607248035, 41.205421275079516 ], [ 69.287773617502538, 41.205422702474316 ], [ 69.287831498651258, 41.205450152108483 ], [ 69.287837137376314, 41.205452826444997 ], [ 69.287955168818101, 41.205508800276355 ], [ 69.287991836251393, 41.205526752172858 ], [ 69.288012526249005, 41.205536881792895 ], [ 69.288028365344104, 41.205544636479594 ], [ 69.288062512104673, 41.205561354267154 ], [ 69.288066302096865, 41.205563210146764 ], [ 69.288073420347146, 41.205566694144956 ], [ 69.288104767058996, 41.205582041306833 ], [ 69.28815883306271, 41.205608511570574 ], [ 69.288226516627788, 41.205641647032472 ], [ 69.288294201989487, 41.205674784505121 ], [ 69.288431253460828, 41.205738634462762 ], [ 69.288446639805017, 41.205745801814949 ], [ 69.288449244020995, 41.205747014959343 ], [ 69.288486103693742, 41.205763894222464 ], [ 69.288512204244327, 41.205745632177475 ], [ 69.294178000013844, 41.201780916241809 ], [ 69.294653083933298, 41.20144846056894 ], [ 69.297788355191855, 41.199254395566705 ], [ 69.30347660255525, 41.195273574480893 ], [ 69.303545944410331, 41.195225044976823 ], [ 69.304488314872643, 41.194565519000669 ], [ 69.304488368771544, 41.19456548114681 ], [ 69.304576658790936, 41.194503690085391 ], [ 69.304630149872821, 41.194466252563608 ], [ 69.306483141640328, 41.19316940140282 ], [ 69.306639531144754, 41.193059948572774 ], [ 69.309148783549801, 41.191303755128111 ], [ 69.309440895917263, 41.191099306019524 ], [ 69.310585228316668, 41.190298384424331 ], [ 69.310772094065427, 41.190167596061883 ], [ 69.311255319416347, 41.189829381953608 ], [ 69.311626485325419, 41.189569596557632 ], [ 69.311675514475311, 41.189535280750363 ], [ 69.311996822987822, 41.18931039082878 ], [ 69.312716700517171, 41.188806533738891 ], [ 69.313355665890541, 41.188359305523413 ], [ 69.31353753700634, 41.188232009024887 ], [ 69.313586911109297, 41.188197450498691 ], [ 69.313714502422371, 41.188108145152277 ], [ 69.313788938623418, 41.188056044958678 ], [ 69.314030931286254, 41.18788666631292 ], [ 69.314072364282111, 41.187857666609155 ], [ 69.314072398418062, 41.187857642272022 ], [ 69.314071824394631, 41.187857200823679 ], [ 69.314074776258664, 41.18785514704085 ], [ 69.314077733512562, 41.187853094610041 ], [ 69.314094099918719, 41.187841734580068 ], [ 69.314121801267135, 41.187822506893319 ], [ 69.31418248695617, 41.187780384705434 ], [ 69.314213661191474, 41.187758745593825 ], [ 69.314217829374371, 41.187755852851893 ], [ 69.314217231096407, 41.187755404642488 ], [ 69.314214922426132, 41.187753673323876 ], [ 69.314206565399033, 41.1877474051524 ], [ 69.314024787708036, 41.187611072949927 ], [ 69.313487292435866, 41.187203557866688 ], [ 69.313243676517345, 41.187018853221993 ], [ 69.312467877963243, 41.186431298939148 ], [ 69.312284642306523, 41.186292522789415 ], [ 69.312035204406655, 41.186103376635302 ], [ 69.311510514618874, 41.185705506212102 ], [ 69.311376852491122, 41.185602956941338 ], [ 69.310766404136444, 41.185134598924023 ], [ 69.310185904714999, 41.184692779153615 ], [ 69.309882288522005, 41.184462056401806 ], [ 69.309599042526401, 41.184246812778753 ], [ 69.309303326118027, 41.184024553538244 ], [ 69.309166313274261, 41.183921575709803 ], [ 69.308782402067919, 41.183630400389099 ], [ 69.308763044271871, 41.183615817453159 ], [ 69.308516940918281, 41.183430419174627 ], [ 69.308383312028226, 41.183329751246326 ], [ 69.307832874727765, 41.182910459209424 ], [ 69.307517598402384, 41.182671035052635 ], [ 69.307279529580725, 41.182490241629729 ], [ 69.307204691832723, 41.182433807303937 ], [ 69.306973245391347, 41.182259275838746 ], [ 69.306789604594442, 41.182120793735862 ], [ 69.305931272425298, 41.181471770080641 ], [ 69.305881195839802, 41.181433522579077 ], [ 69.305689724428575, 41.181287281846416 ], [ 69.305083433476995, 41.180824211195393 ], [ 69.305026905191113, 41.180781277237266 ], [ 69.304714737036619, 41.180544180568916 ], [ 69.304256783989615, 41.180196353173073 ], [ 69.304243711705624, 41.180186470468215 ], [ 69.303544713718409, 41.179658004226653 ], [ 69.303368795737981, 41.179525003990925 ], [ 69.303144681345955, 41.179360860103067 ], [ 69.302918745170558, 41.179212379488071 ], [ 69.302802762785902, 41.17913463505608 ], [ 69.302794938459783, 41.179129390383359 ], [ 69.302502000540571, 41.178933030939632 ], [ 69.302053486990587, 41.178644058570704 ], [ 69.301946131127593, 41.178574637264539 ], [ 69.30151840998316, 41.178298052719626 ], [ 69.301445750649705, 41.178250540379103 ], [ 69.300902913096564, 41.177895578406698 ], [ 69.300294512900749, 41.177498558731806 ], [ 69.300180679286242, 41.1774249265709 ], [ 69.299659156958143, 41.177087583101589 ], [ 69.299006562345269, 41.176659769515808 ], [ 69.298283190369503, 41.176185398755926 ], [ 69.297991063628984, 41.175996238960785 ], [ 69.297505447861084, 41.175678884125311 ], [ 69.297338765460125, 41.175569954478235 ], [ 69.296968084641307, 41.175328596037673 ], [ 69.296831447293314, 41.175239628801997 ], [ 69.29669566603981, 41.175151218603297 ], [ 69.296552664128072, 41.175057478766078 ], [ 69.29596222125474, 41.174670436318934 ], [ 69.295425564110744, 41.174320629681759 ], [ 69.295305714478786, 41.174242508225262 ], [ 69.295292476006452, 41.174233878920788 ], [ 69.295117763565173, 41.174123479575464 ], [ 69.294204003546355, 41.173546080077365 ], [ 69.292990909603517, 41.172758103736285 ], [ 69.291696528907252, 41.171918205038374 ], [ 69.290657665908768, 41.171240725756284 ], [ 69.28993932000698, 41.170777175647345 ], [ 69.289645140616031, 41.170587340254841 ], [ 69.28907507871989, 41.170211465433994 ], [ 69.288693742983469, 41.16996002718674 ], [ 69.288651832982211, 41.169932714818785 ], [ 69.28855199332321, 41.169867649936705 ], [ 69.288236132194584, 41.169661805806371 ], [ 69.287969438556388, 41.169488003084638 ], [ 69.28722079158176, 41.169002050064599 ], [ 69.286864471231056, 41.168769703864179 ], [ 69.286840186175652, 41.168753867949434 ], [ 69.286496269762424, 41.168529608588734 ], [ 69.286382152280268, 41.16845428658727 ], [ 69.286258053617061, 41.168372376644108 ], [ 69.285980918860304, 41.168189454188948 ], [ 69.285826020559256, 41.168087213580407 ], [ 69.285283302482043, 41.16773664821563 ], [ 69.284673826104481, 41.16733407587629 ], [ 69.283962716132322, 41.166876791965322 ], [ 69.283508539602749, 41.166597135188198 ], [ 69.282822171030134, 41.166209296172333 ], [ 69.282221199003374, 41.165895155517489 ], [ 69.282034393441734, 41.165806321542746 ], [ 69.281631129829208, 41.165614550490815 ], [ 69.281220482065095, 41.16543247039877 ], [ 69.280437952434553, 41.16510629051411 ], [ 69.27971670407608, 41.164842883683868 ], [ 69.279713227595948, 41.164841614327358 ], [ 69.27952310725091, 41.16477218042273 ], [ 69.278792327767263, 41.164528054119934 ], [ 69.277899181389273, 41.164276670481485 ], [ 69.276963036251928, 41.164050970205523 ], [ 69.276919502994943, 41.164042180633601 ], [ 69.276121199846344, 41.163881001979036 ], [ 69.275848054507804, 41.163835100899441 ], [ 69.275126168345466, 41.163713791183277 ], [ 69.274341674997743, 41.163612506615983 ], [ 69.274293095903801, 41.163606234781462 ], [ 69.274064816922134, 41.163581182603814 ], [ 69.273468507151691, 41.16353102344096 ], [ 69.273153582067593, 41.16351018515109 ], [ 69.272641064451918, 41.163476272955499 ], [ 69.272619176101699, 41.16347563251562 ], [ 69.272367475345618, 41.163468264413282 ], [ 69.272354779455696, 41.16346789245766 ], [ 69.271934725432203, 41.163455594927314 ], [ 69.271114533035089, 41.163458179681172 ], [ 69.270720920921988, 41.163467682133678 ], [ 69.270543700384451, 41.163471960975777 ], [ 69.269808342187801, 41.163508914416234 ], [ 69.269329181713573, 41.163544877082451 ], [ 69.268806572423983, 41.163596135192378 ], [ 69.268744652449755, 41.163602552428443 ], [ 69.268203540560265, 41.163658628995385 ], [ 69.26752500170366, 41.163730277545213 ], [ 69.267376703324999, 41.16374679027787 ], [ 69.266808586281442, 41.163810048809289 ], [ 69.266474302502985, 41.163844092706576 ], [ 69.265776139050672, 41.163919962382792 ], [ 69.265749708818376, 41.163922834536621 ], [ 69.265618319428313, 41.163936919382387 ], [ 69.265543302017235, 41.16394496168121 ], [ 69.264925304220881, 41.16401121051986 ], [ 69.264105488217893, 41.164098176347501 ], [ 69.26407883250846, 41.164101003859273 ], [ 69.263504558411924, 41.16416310223579 ], [ 69.262074728838812, 41.164297452396845 ], [ 69.262045349437486, 41.164300212948881 ], [ 69.261386596873294, 41.164369907042683 ], [ 69.260931797811281, 41.164414150878407 ], [ 69.260886625128904, 41.16441866703056 ], [ 69.260886293650529, 41.164418700844244 ], [ 69.260198292839064, 41.164487483873067 ], [ 69.259986694673898, 41.164508545698276 ], [ 69.259744101038137, 41.164532692669468 ], [ 69.259481863043789, 41.16456117520962 ], [ 69.259307344638572, 41.164580129749261 ], [ 69.258861030164397, 41.164623932514338 ], [ 69.25884426849953, 41.164625577881758 ], [ 69.258631792680319, 41.164646430694901 ], [ 69.258260336615365, 41.164685183704819 ], [ 69.258257574295882, 41.164685471796041 ], [ 69.258091669835949, 41.164702780258068 ], [ 69.25790867762268, 41.164723489001112 ], [ 69.257762723846909, 41.164740005541184 ], [ 69.257758315813788, 41.164740504628291 ], [ 69.257734571544205, 41.164743191448217 ], [ 69.257704893003861, 41.164746549803937 ], [ 69.257625887072933, 41.164755490765785 ], [ 69.257623006175805, 41.164755816727784 ], [ 69.257619690494082, 41.164756192057403 ], [ 69.257506813585366, 41.164768965437474 ], [ 69.257462205045016, 41.164774013789298 ], [ 69.257448379074475, 41.164775578000601 ], [ 69.257402771607474, 41.164780739288908 ], [ 69.257318405429274, 41.164790286859649 ], [ 69.257178804539166, 41.164806687740814 ], [ 69.256776772516901, 41.164853920389149 ], [ 69.25615340728676, 41.164927152127767 ], [ 69.255905819018039, 41.164955823851365 ], [ 69.255531836890512, 41.164999132014032 ], [ 69.255494603518628, 41.16500344389322 ], [ 69.255471291338679, 41.165006143551459 ], [ 69.255071591342912, 41.165052428606515 ], [ 69.255047139200897, 41.165055116766197 ], [ 69.253738666632756, 41.165198963918598 ], [ 69.253670765675395, 41.16520681062196 ], [ 69.252098871133342, 41.165388459885115 ], [ 69.251603320896749, 41.165442696165968 ], [ 69.251306710664664, 41.165475159466475 ], [ 69.250857444326456, 41.165524330475421 ], [ 69.250334261013421, 41.165581176335557 ], [ 69.250006688548424, 41.165616765921172 ], [ 69.249834018876086, 41.165635526068698 ], [ 69.249292712052195, 41.165694337720176 ], [ 69.247712710214714, 41.165863252366883 ], [ 69.247140751974996, 41.165927883010603 ], [ 69.246840429904168, 41.165952226249665 ], [ 69.246560239977157, 41.165974386521874 ], [ 69.246237215682442, 41.165996584656959 ], [ 69.246031456566612, 41.166009269881897 ], [ 69.24595103848408, 41.16601169223344 ], [ 69.24562954671525, 41.166021377581195 ], [ 69.245517796293896, 41.16602367617736 ], [ 69.245286002204509, 41.166028442433507 ], [ 69.244948974971138, 41.166032923985405 ], [ 69.244479107568537, 41.166028849539927 ], [ 69.244289598077899, 41.166027456451523 ], [ 69.244102724244257, 41.166026082974454 ], [ 69.243957852938394, 41.166025018546648 ], [ 69.243833987837149, 41.166024107629049 ], [ 69.24380194223599, 41.166023872291753 ], [ 69.243563202372854, 41.166021976068286 ], [ 69.242783657844001, 41.166015780881317 ], [ 69.241601715678613, 41.166000377781586 ], [ 69.240657592603213, 41.165977624440714 ], [ 69.24041562239826, 41.165971793075933 ], [ 69.240044587643212, 41.165964261600017 ], [ 69.240043661480144, 41.165964242664792 ], [ 69.239876749110465, 41.165960854616216 ], [ 69.239686292795497, 41.165956988453495 ], [ 69.239333822624104, 41.165957382711511 ], [ 69.239332418557311, 41.165957384064043 ], [ 69.239127897319932, 41.165957613315257 ], [ 69.239103111004624, 41.165957641041771 ], [ 69.239102416606926, 41.165957641718038 ], [ 69.23902211530536, 41.165957731660257 ], [ 69.238696418522693, 41.165966843549896 ], [ 69.238693133383705, 41.165966935520913 ], [ 69.238451623116177, 41.165973692682087 ], [ 69.238432768376697, 41.165974666492303 ], [ 69.2384117927148, 41.165975749856145 ], [ 69.238410602447061, 41.165975811395576 ], [ 69.238193847952147, 41.165987003449111 ], [ 69.238060075331603, 41.165993911413587 ], [ 69.237981002925366, 41.165998768966617 ], [ 69.237750337119977, 41.166012937898245 ], [ 69.237738761429213, 41.166013648644061 ], [ 69.237544599563691, 41.166028536433195 ], [ 69.237521398774859, 41.166030315664081 ], [ 69.237342907121146, 41.166044001741881 ], [ 69.237248969393576, 41.166053004742274 ], [ 69.237115162637096, 41.166065829265051 ], [ 69.237102775767596, 41.166067114151687 ], [ 69.236969574475594, 41.166080932091695 ], [ 69.23692170774568, 41.166085897839231 ], [ 69.236857848308759, 41.166092522442021 ], [ 69.236856773025366, 41.166092634024267 ], [ 69.236816868063841, 41.166096773386279 ], [ 69.236815979630009, 41.166096865357062 ], [ 69.236787375474734, 41.166099832767536 ], [ 69.236695198445133, 41.166109394347494 ], [ 69.236681118251354, 41.16611085505977 ], [ 69.23667009951609, 41.166112258290305 ], [ 69.236586032476851, 41.166122966797843 ], [ 69.236375756631787, 41.166149750569822 ], [ 69.236234056378862, 41.166167799820663 ], [ 69.236209776713338, 41.166170892335117 ], [ 69.23619525095522, 41.166173007660888 ], [ 69.236039677121056, 41.166195662876966 ], [ 69.235948579866388, 41.166208928966086 ], [ 69.235914315426498, 41.166213918372783 ], [ 69.235913067666573, 41.166214100285281 ], [ 69.235839189319321, 41.166224858819049 ], [ 69.235824460541906, 41.166227003898271 ], [ 69.235725655742115, 41.166241391886985 ], [ 69.235681277170443, 41.166248374212579 ], [ 69.235672224847335, 41.166249798404053 ], [ 69.235460748853029, 41.166283069428147 ], [ 69.23542181856358, 41.166289194259427 ], [ 69.235328497080289, 41.166303876404832 ], [ 69.235284441003799, 41.166310808004788 ], [ 69.235263415036272, 41.166314610578731 ], [ 69.235164037111332, 41.166332584720017 ], [ 69.235098033395843, 41.166344521943785 ], [ 69.234987961027414, 41.166364430160648 ], [ 69.234928762050203, 41.1663751372745 ], [ 69.234864015077804, 41.16638684726955 ], [ 69.234825762118035, 41.166393766011858 ], [ 69.234785880512689, 41.166400978923392 ], [ 69.23466299367675, 41.166423846403895 ], [ 69.234571291855957, 41.166440910279675 ], [ 69.234510766965343, 41.166452173260289 ], [ 69.234492491639202, 41.166455574132328 ], [ 69.234463003541705, 41.166461061241769 ], [ 69.234320777774315, 41.16648752703717 ], [ 69.234255365150304, 41.166499699568305 ], [ 69.234178139680267, 41.166514069914598 ], [ 69.234177526130921, 41.166514184201077 ], [ 69.234145823686248, 41.166521445789485 ], [ 69.234043229792576, 41.166544944846571 ], [ 69.233979882395388, 41.166559453814394 ], [ 69.2339004434765, 41.166577649022571 ], [ 69.233811624349386, 41.166597992674035 ], [ 69.233711405601369, 41.166620949350829 ], [ 69.23361448816199, 41.166645040091169 ], [ 69.233611475212513, 41.16664582183634 ], [ 69.233610952393036, 41.166645956410136 ], [ 69.233479470476482, 41.166680059696574 ], [ 69.233018826076858, 41.166799536021706 ], [ 69.232790347669194, 41.166865564222576 ], [ 69.232701953445243, 41.166890227654704 ], [ 69.23262485733261, 41.166911739088434 ], [ 69.232359706101775, 41.166984412652518 ], [ 69.232197107442076, 41.167028978644893 ], [ 69.231833075952977, 41.167128647791884 ], [ 69.231416442714078, 41.167242717404775 ], [ 69.23090202605988, 41.167377739523218 ], [ 69.23089388912004, 41.167380063768995 ], [ 69.230893844204289, 41.167380076617619 ], [ 69.230573173495642, 41.167471680373303 ], [ 69.230308924173357, 41.167552113856338 ], [ 69.228396366017705, 41.168134263309391 ], [ 69.227951589459281, 41.168294176413696 ], [ 69.227951544543487, 41.168294192643266 ], [ 69.227772685478868, 41.168358499002615 ], [ 69.227413724081202, 41.168479202331874 ], [ 69.227226812518367, 41.168541104509892 ], [ 69.226981696413304, 41.168622283237788 ], [ 69.226892066107538, 41.168651967012501 ], [ 69.226776054078485, 41.168690388330056 ], [ 69.226463452936002, 41.168793914859293 ], [ 69.225856474773281, 41.168985892998663 ], [ 69.225747581892847, 41.169019270829544 ], [ 69.225747410314597, 41.169019323575128 ], [ 69.225707681422861, 41.169031501045708 ], [ 69.225595225824037, 41.169065970957085 ], [ 69.224953034600446, 41.16926281169637 ], [ 69.223310845989118, 41.169768529987778 ], [ 69.222417023179716, 41.170041475318868 ], [ 69.221536744269883, 41.170310276360006 ], [ 69.220936149535547, 41.170493534380419 ], [ 69.219946068650188, 41.170795626643084 ], [ 69.219472240575513, 41.170942046328236 ], [ 69.218592653368404, 41.171213851425563 ], [ 69.218532513855081, 41.171232473377621 ], [ 69.217904959780753, 41.171426791464746 ], [ 69.217489476385452, 41.171546921133796 ], [ 69.217284982995864, 41.171606046645415 ], [ 69.215888191662273, 41.172035387626835 ], [ 69.214353764952421, 41.172505052407374 ], [ 69.213798581852302, 41.172676659657625 ], [ 69.21305674949744, 41.172905958634473 ], [ 69.212880250307023, 41.172960514613933 ], [ 69.212375804054176, 41.173116053879873 ], [ 69.212098028798664, 41.173201701915147 ], [ 69.211818596151431, 41.173287860355515 ], [ 69.211814218661047, 41.173289210013955 ], [ 69.211680610432211, 41.173330406364357 ], [ 69.211325261160326, 41.173439973316242 ], [ 69.21033516859687, 41.173740289875568 ], [ 69.209087757213581, 41.174146736540955 ], [ 69.208846158911186, 41.174241188337966 ], [ 69.208624892178591, 41.174327690934568 ], [ 69.207886232673289, 41.174616460563229 ], [ 69.206919447798214, 41.175051113364113 ], [ 69.20634927451097, 41.175331014663854 ], [ 69.205617232894369, 41.175731821781753 ], [ 69.205014977175082, 41.176097095989647 ], [ 69.204206238297829, 41.176625967576392 ], [ 69.203481296965236, 41.177164480053435 ], [ 69.202872800649629, 41.17765262879626 ], [ 69.202554127794173, 41.177940119397668 ], [ 69.202535635075719, 41.177956802315535 ], [ 69.202394272589373, 41.178084331094404 ], [ 69.201799643566815, 41.178661000941723 ], [ 69.201278989909625, 41.17921372361554 ], [ 69.201218382374037, 41.179278063204436 ], [ 69.200610497811155, 41.179962676869792 ], [ 69.199914192074871, 41.180739014622922 ], [ 69.199309698652215, 41.181413954285681 ], [ 69.198653058925572, 41.18215535208877 ], [ 69.197913332221745, 41.182988430379183 ], [ 69.197890853678388, 41.183013744892641 ], [ 69.197431607955679, 41.183526126579387 ], [ 69.196632074115158, 41.184426983427322 ], [ 69.195880158171207, 41.18525746785582 ], [ 69.195677802771968, 41.185489465550305 ], [ 69.195216381329658, 41.186018472899811 ], [ 69.195120866160451, 41.186125608512974 ], [ 69.195068665059281, 41.186184160421419 ], [ 69.194612508642848, 41.186695810836383 ], [ 69.194605709294478, 41.186703437955238 ], [ 69.194537690657782, 41.18677973072807 ], [ 69.193760846464684, 41.187646907460639 ], [ 69.193633404271964, 41.187790984886249 ], [ 69.193307155923691, 41.188159815350495 ], [ 69.193045568309614, 41.188455545192319 ], [ 69.192619221587549, 41.188928907018003 ], [ 69.192574587894327, 41.188978461979175 ], [ 69.192409625767141, 41.189161612339355 ], [ 69.191732711962885, 41.189924590574641 ], [ 69.191590205022834, 41.190083579787178 ], [ 69.191068446437868, 41.190665681787053 ], [ 69.190972951929879, 41.190772219647393 ], [ 69.19024327557743, 41.191597147382964 ], [ 69.190183395677224, 41.1916646769793 ], [ 69.189766730098967, 41.192134572801343 ], [ 69.189651856235415, 41.19226412153251 ], [ 69.189582685060202, 41.192342128207549 ], [ 69.189581133669705, 41.192343850617029 ], [ 69.189580924362261, 41.192344082479835 ], [ 69.189580822852633, 41.192344038540831 ], [ 69.189559713341765, 41.19236762432471 ], [ 69.189290951781786, 41.192665924169951 ], [ 69.18877063229786, 41.193243424151149 ], [ 69.18799305238457, 41.194118939846447 ], [ 69.187720693071881, 41.194427404960869 ], [ 69.187618599539874, 41.194543032447136 ], [ 69.18741514819601, 41.194773453348596 ], [ 69.187211163252826, 41.195004478420813 ], [ 69.186852011412356, 41.195425118599935 ], [ 69.186673293383208, 41.195662007947867 ], [ 69.186644976688839, 41.195699542122597 ], [ 69.186638971451174, 41.195707502111965 ], [ 69.186623435986633, 41.195728094253838 ], [ 69.186517901907052, 41.195867978562227 ], [ 69.186474625568266, 41.195929128213209 ], [ 69.186329101187155, 41.196134754606589 ], [ 69.186166595952258, 41.196389553204966 ], [ 69.186102900008734, 41.196495462587606 ], [ 69.18601162398933, 41.196647229641918 ], [ 69.185891125773765, 41.196855529143228 ], [ 69.185852733575146, 41.196929249634906 ], [ 69.185740506148363, 41.197144743570419 ], [ 69.185693176610997, 41.197235622332315 ], [ 69.185549197332222, 41.197549611339838 ], [ 69.185425546928315, 41.197839684508558 ], [ 69.18530103234508, 41.198148995245809 ], [ 69.185131672066248, 41.198640122483802 ], [ 69.185095084583068, 41.198773292078421 ], [ 69.185055408691881, 41.198917699874869 ], [ 69.185034822898842, 41.198992623202521 ], [ 69.184991034520323, 41.199170559256352 ], [ 69.184964092248308, 41.199280038368499 ], [ 69.184913411994927, 41.199534087980602 ], [ 69.184875278511115, 41.199741444865303 ], [ 69.184844075529725, 41.199921790518189 ], [ 69.184821495476754, 41.200106560146551 ], [ 69.184815139896131, 41.200158560179041 ], [ 69.184791387541708, 41.2003606592708 ], [ 69.184775248409281, 41.200563956785054 ], [ 69.184764535101195, 41.20077068858086 ], [ 69.18475652302719, 41.20099738905953 ], [ 69.184754342816007, 41.20116735493152 ], [ 69.184760139644538, 41.201359247646685 ], [ 69.184768385280535, 41.201554311074084 ], [ 69.184780473011003, 41.201830304668746 ], [ 69.184796189935184, 41.201980434524678 ], [ 69.184798821998982, 41.202005587593511 ], [ 69.184836855769788, 41.202313017264451 ], [ 69.18486373785467, 41.202484887053423 ], [ 69.184883947253638, 41.202614096285892 ], [ 69.184901271263854, 41.202700447182217 ], [ 69.184924629257893, 41.202816873133905 ], [ 69.184973935987216, 41.203054512985226 ], [ 69.184986467485416, 41.203114910433584 ], [ 69.18506412235017, 41.203397406758022 ], [ 69.185093844907968, 41.20350553584673 ], [ 69.185171090140912, 41.203758878320428 ], [ 69.18520022070895, 41.203854419484571 ], [ 69.185257425426258, 41.204025015952354 ], [ 69.185377882319358, 41.204343818311798 ], [ 69.185401605029369, 41.204399568706179 ], [ 69.185514734364659, 41.204665428658373 ], [ 69.185548431967575, 41.204737645357952 ], [ 69.185658069551408, 41.204968987380845 ], [ 69.185662237734292, 41.20497779308846 ], [ 69.185662681502066, 41.204978730498517 ], [ 69.185662790198222, 41.204978944068486 ], [ 69.185620526260735, 41.204992415196855 ], [ 69.185562021681207, 41.205011062688847 ], [ 69.185561935442948, 41.205011090398877 ], [ 69.185561888730533, 41.205011105267673 ], [ 69.185561853696242, 41.205011116081316 ], [ 69.185397565305522, 41.205062767531494 ], [ 69.185255568608554, 41.205107416427722 ], [ 69.185255536269224, 41.205107426565547 ], [ 69.185160943669786, 41.20513716071433 ], [ 69.185017152138911, 41.205182368489588 ], [ 69.18484421836186, 41.205238863634023 ], [ 69.184844154581469, 41.20523888458542 ], [ 69.184741584044019, 41.205272386545893 ], [ 69.184584988825364, 41.205323526846627 ], [ 69.184579149776027, 41.205325428015001 ], [ 69.18448412957855, 41.205356459021878 ], [ 69.18430030283038, 41.205416493441824 ], [ 69.184285650409763, 41.205421283865562 ], [ 69.184116195807846, 41.205476683927884 ], [ 69.184113688609884, 41.205477503057139 ], [ 69.184109637207939, 41.205478772977848 ], [ 69.184044339568246, 41.205500151437192 ], [ 69.184043779019532, 41.205500334592259 ], [ 69.184043364896169, 41.20550047043789 ], [ 69.184025863917824, 41.205506196230452 ], [ 69.183715618158018, 41.205605828454402 ], [ 69.183521119424299, 41.205687020717633 ], [ 69.183446126267754, 41.205718324595068 ], [ 69.183412226543879, 41.205732472769498 ], [ 69.183261640156132, 41.205795312281118 ], [ 69.182865745423925, 41.205959885296195 ], [ 69.182803697888929, 41.205989486592181 ], [ 69.182801898563397, 41.205990344238167 ], [ 69.182752344797393, 41.206013933215125 ], [ 69.182703397394206, 41.206037252522044 ], [ 69.182608785031846, 41.206082326534414 ], [ 69.182474798612262, 41.206146159198283 ], [ 69.182017178840255, 41.206364090954878 ], [ 69.181659308895661, 41.206534517327071 ], [ 69.181600603991853, 41.206562507841156 ], [ 69.181528515088615, 41.206596878251226 ], [ 69.181494127579555, 41.206616553910678 ], [ 69.181494097935143, 41.206616570806595 ], [ 69.1814898111746, 41.20661900990401 ], [ 69.18147181073293, 41.206628425670722 ], [ 69.181430559196784, 41.206650000423025 ], [ 69.18143364580807, 41.206651173676242 ], [ 69.181433693418782, 41.206651191923854 ], [ 69.181464166968183, 41.206662781853595 ], [ 69.181464526294292, 41.206662917696818 ], [ 69.18151041134071, 41.206683714549641 ], [ 69.181538090231243, 41.206696258079127 ], [ 69.181576613583857, 41.206713717640937 ], [ 69.181578447045368, 41.206714546216425 ], [ 69.18164256429877, 41.206743605150443 ], [ 69.181642591248206, 41.206743617315503 ], [ 69.18164880040348, 41.206746219960515 ], [ 69.181825404696752, 41.206815843886545 ], [ 69.181832807713008, 41.206818714159496 ], [ 69.181930116817867, 41.206857132686757 ], [ 69.18193597652845, 41.206859446745732 ], [ 69.181940992720982, 41.206861330973616 ], [ 69.181945170785383, 41.206862854981374 ], [ 69.181968775816117, 41.206871261691575 ], [ 69.181973932145823, 41.206873097934839 ], [ 69.182016689258404, 41.206888324491722 ], [ 69.182019451577901, 41.206889362573762 ], [ 69.182022180659715, 41.206890387814916 ], [ 69.182090191211586, 41.206914657032684 ], [ 69.182112652686939, 41.206922671076448 ], [ 69.182126060042577, 41.206927455307401 ], [ 69.182136993437879, 41.20693135622269 ], [ 69.182137040150266, 41.206931373118522 ], [ 69.182254755385117, 41.206972194844688 ], [ 69.182378216244501, 41.207015016336292 ], [ 69.182484583960644, 41.207051903310742 ], [ 69.182495644916756, 41.207055328432212 ], [ 69.182499608283777, 41.207056363132438 ], [ 69.182499637928174, 41.207056371242423 ], [ 69.182637562561965, 41.207090634611589 ], [ 69.182637612867637, 41.207090650831539 ], [ 69.182708314772057, 41.207118188300079 ], [ 69.182813991683773, 41.207207383909825 ], [ 69.182850635760843, 41.207254276452957 ], [ 69.182863480771104, 41.20727074915299 ], [ 69.182880882934768, 41.207293067782885 ], [ 69.182885429308413, 41.207313301468787 ], [ 69.182891618700751, 41.207340851684357 ], [ 69.182894215730215, 41.207352446898575 ], [ 69.182898517762126, 41.207371656684153 ], [ 69.182898535728441, 41.207371843888971 ], [ 69.18290566026694, 41.207444931448464 ], [ 69.182905664758536, 41.207445051070195 ], [ 69.182899954168249, 41.207493698569372 ], [ 69.182898459371614, 41.207506818425152 ], [ 69.182898456676696, 41.207506849513223 ], [ 69.182898223114705, 41.207509869789767 ], [ 69.182897976976307, 41.207513065105665 ], [ 69.182896462416736, 41.207550918233132 ], [ 69.182892065163443, 41.207659907544233 ], [ 69.182882785566562, 41.207697911296052 ], [ 69.182878080191088, 41.207717214920009 ], [ 69.182871028416102, 41.207745999023508 ], [ 69.182870514579776, 41.207748098814264 ], [ 69.182860183055695, 41.207790266950816 ], [ 69.182848628026193, 41.207817538525603 ], [ 69.182844709574908, 41.207826781784483 ], [ 69.182844696998487, 41.207826807465814 ], [ 69.182816865394344, 41.207892485455758 ], [ 69.182816850123004, 41.20789251924694 ], [ 69.182815195426258, 41.207896576220065 ], [ 69.182786935325723, 41.207973674205753 ], [ 69.182766398940004, 41.208029614792899 ], [ 69.182763418329912, 41.208039505460036 ], [ 69.182723135177639, 41.208209930171698 ], [ 69.182723127991096, 41.208209964638598 ], [ 69.182721718534424, 41.20822225917339 ], [ 69.182720948678238, 41.20822893628349 ], [ 69.182720948678238, 41.208228963992106 ], [ 69.182721528989887, 41.208236037132458 ], [ 69.182722002402073, 41.208241805938137 ], [ 69.182735491504346, 41.20832543937091 ], [ 69.182735501385821, 41.208325481947526 ], [ 69.182739925588592, 41.208342008443509 ], [ 69.182747731948425, 41.208357853033391 ], [ 69.182747757101239, 41.208357891555096 ], [ 69.18275867073362, 41.208372553457316 ], [ 69.182758704869599, 41.208372587924075 ], [ 69.182772541619926, 41.208385864393662 ], [ 69.182782260492999, 41.208392584063652 ], [ 69.182786533778781, 41.208395559695191 ], [ 69.182789015823943, 41.208397285737171 ], [ 69.182789047264976, 41.208397306687566 ], [ 69.182863452923328, 41.20844153092186 ], [ 69.182929417112959, 41.208480738527754 ], [ 69.182934296761545, 41.208483523574557 ], [ 69.183041393011408, 41.208541766236372 ], [ 69.183077036365276, 41.208561148682044 ], [ 69.183232374840827, 41.208645642696837 ], [ 69.183299714351151, 41.208686972243015 ], [ 69.183394297967411, 41.208745011303243 ], [ 69.183422894037875, 41.208782889399004 ], [ 69.183451321225022, 41.208839774082961 ], [ 69.183464457289418, 41.208895778807737 ], [ 69.183471110212423, 41.208924250842635 ], [ 69.18347315567631, 41.208929972956462 ], [ 69.183473674004233, 41.208931439471925 ], [ 69.183477611320143, 41.208942602559461 ], [ 69.18348031075756, 41.208947619798373 ], [ 69.183480603608345, 41.208948171262072 ], [ 69.183493312972985, 41.208970415656161 ], [ 69.183513147774462, 41.20900517609703 ], [ 69.183558644748658, 41.209084978051798 ], [ 69.183595357097687, 41.209162659213852 ], [ 69.183595375063973, 41.209162693680206 ], [ 69.183619782290236, 41.209213505199727 ], [ 69.183660286428093, 41.209297851045569 ], [ 69.183723347262756, 41.209498987271161 ], [ 69.183723356245892, 41.209499013627656 ], [ 69.183728253860821, 41.209511295755725 ], [ 69.183728261945646, 41.209511322112206 ], [ 69.183730901195943, 41.209516364312364 ], [ 69.183764793733289, 41.209576622662581 ], [ 69.183764816191186, 41.209576662535163 ], [ 69.183795613134095, 41.209631390031014 ], [ 69.18379636502398, 41.209632686227586 ], [ 69.183797051336839, 41.209633866185406 ], [ 69.183797070201479, 41.209633901327322 ], [ 69.183811427974646, 41.209657755258355 ], [ 69.183818739362763, 41.20966991503574 ], [ 69.183877846711823, 41.20976816836 ], [ 69.183882970702186, 41.209775581939574 ], [ 69.183884399023512, 41.209777661391058 ], [ 69.183884431362841, 41.209777708697395 ], [ 69.183887785672127, 41.209781935180629 ], [ 69.183987116884651, 41.209898428277796 ], [ 69.184044110497865, 41.209974994075218 ], [ 69.184046025706053, 41.210011976020716 ], [ 69.184046999479833, 41.210031280989398 ], [ 69.184047857370928, 41.21004827538529 ], [ 69.184048250833015, 41.210050892090685 ], [ 69.184048723346862, 41.210054041327936 ], [ 69.184048727838416, 41.210054071063219 ], [ 69.18404884102614, 41.210054832016226 ], [ 69.184050205567061, 41.210064343252398 ], [ 69.184053288585105, 41.210072823889455 ], [ 69.184054548023141, 41.210076360360056 ], [ 69.1840558272241, 41.210079951570371 ], [ 69.184058504203648, 41.210084569323271 ], [ 69.184060652075516, 41.210088274743633 ], [ 69.184061210827608, 41.210089248573773 ], [ 69.184064366609221, 41.21009476716948 ], [ 69.184081212715711, 41.210118722978443 ], [ 69.184094569765691, 41.210137761649968 ], [ 69.184101479606866, 41.210147604016541 ], [ 69.184103120828865, 41.210149557757212 ], [ 69.184105769960624, 41.21015270090755 ], [ 69.184106576647764, 41.210153666627079 ], [ 69.184113580812038, 41.210162068183834 ], [ 69.184124588767531, 41.210171390180172 ], [ 69.184128632084636, 41.210174836088164 ], [ 69.184128671610509, 41.2101748685266 ], [ 69.184142004405956, 41.210184563563075 ], [ 69.184145855483592, 41.210187369487173 ], [ 69.184186495267042, 41.21021699049632 ], [ 69.184192208552247, 41.210220804713039 ], [ 69.18419402584405, 41.21022202250505 ], [ 69.184194065369908, 41.210222057646654 ], [ 69.184196877995092, 41.210223705923418 ], [ 69.184197876921658, 41.210224297924412 ], [ 69.184201913052263, 41.210226693636137 ], [ 69.184291990719032, 41.210275912145299 ], [ 69.184297962719043, 41.210278953919563 ], [ 69.18438802241954, 41.210323137685641 ], [ 69.18440389924389, 41.210329872700058 ], [ 69.184408275835949, 41.210331218891866 ], [ 69.184420741757123, 41.210335069595047 ], [ 69.184480996254834, 41.210350195328054 ], [ 69.184554443410761, 41.210368671667744 ], [ 69.184700978396563, 41.210425359667269 ], [ 69.184714092003048, 41.210430843768947 ], [ 69.184729937386351, 41.210437470644571 ], [ 69.184735278769026, 41.210439709563325 ], [ 69.184790880891882, 41.210463018507575 ], [ 69.184798261450226, 41.210465650739742 ], [ 69.184800231455668, 41.210466365733694 ], [ 69.184805695907542, 41.210468350551565 ], [ 69.184855842561646, 41.210483964179573 ], [ 69.184874284076116, 41.210489711161529 ], [ 69.184870341370328, 41.210493448997212 ], [ 69.184846420132615, 41.210516126727725 ], [ 69.184846381505082, 41.21051616592397 ], [ 69.184835101360065, 41.210528529632512 ], [ 69.184829618941876, 41.210536831123193 ], [ 69.184826196360632, 41.210542009079475 ], [ 69.184826173004438, 41.210542050303083 ], [ 69.184824748276384, 41.210545277909148 ], [ 69.184819844373251, 41.210556287991295 ], [ 69.184805633025462, 41.210597578485896 ], [ 69.18479865940391, 41.21061781925944 ], [ 69.184798473452631, 41.210618366654316 ], [ 69.184794483136159, 41.210629972776232 ], [ 69.184794468763116, 41.210630018054573 ], [ 69.184791974141575, 41.210638580389592 ], [ 69.184790915027861, 41.210645130203446 ], [ 69.184790833281156, 41.210645637050362 ], [ 69.184790818009816, 41.210645728958596 ], [ 69.184790328427965, 41.210648666643117 ], [ 69.184787405310033, 41.210676396567528 ], [ 69.18478475617826, 41.210701555754909 ], [ 69.18478430342735, 41.210710295138931 ], [ 69.184784580108456, 41.210715341301466 ], [ 69.18478460615961, 41.210715800166319 ], [ 69.18478467712653, 41.210717330842321 ], [ 69.184786286009185, 41.210735355647259 ], [ 69.184787612820855, 41.210750198129702 ], [ 69.184787615515816, 41.210750229216238 ], [ 69.184787951485731, 41.210752099816204 ], [ 69.184788543475491, 41.210755409858848 ], [ 69.184790143375025, 41.210764449964294 ], [ 69.184791856462255, 41.210769182553889 ], [ 69.184793244359369, 41.210773018363867 ], [ 69.184793571346148, 41.210773934741269 ], [ 69.184795111058548, 41.210778288209504 ], [ 69.184799307987547, 41.210785744925474 ], [ 69.184799855959881, 41.210786720096792 ], [ 69.184802537431011, 41.210791517561084 ], [ 69.184834864204802, 41.210840079449511 ], [ 69.184834884866063, 41.210840110536054 ], [ 69.184845778735522, 41.21085387375215 ], [ 69.184850489500874, 41.210858157608342 ], [ 69.184854469037589, 41.210861808921443 ], [ 69.184859274126026, 41.21086621779888 ], [ 69.184915226591798, 41.210910426172724 ], [ 69.184915265219374, 41.210910455907616 ], [ 69.184926967572565, 41.210918726939134 ], [ 69.184930646173683, 41.2109209698962 ], [ 69.184979024943303, 41.210949497140561 ], [ 69.184987716143681, 41.210954164840736 ], [ 69.184989512774251, 41.210955130548442 ], [ 69.184989567571463, 41.210955160959124 ], [ 69.185012353338635, 41.210966256122134 ], [ 69.185040713152176, 41.210980071347727 ], [ 69.185043008347719, 41.210981126935444 ], [ 69.185044649569747, 41.210981885174505 ], [ 69.185045208321853, 41.210982144678795 ], [ 69.185047019325467, 41.210982996177208 ], [ 69.185065406941021, 41.210989720310984 ], [ 69.185098897033114, 41.210999736903801 ], [ 69.185100122335143, 41.211000106562096 ], [ 69.185111623465758, 41.211011330117991 ], [ 69.185114215105344, 41.211013865014053 ], [ 69.185128738168558, 41.21102808232579 ], [ 69.185151393680016, 41.211067590460466 ], [ 69.185153201988669, 41.211071651291491 ], [ 69.185153558619831, 41.211072459538066 ], [ 69.185165260973051, 41.211099187760297 ], [ 69.18518196604407, 41.211137358462111 ], [ 69.185188085367798, 41.211151341923468 ], [ 69.185191830444197, 41.211162063341064 ], [ 69.185189159752852, 41.211167664292702 ], [ 69.18518767843095, 41.211170771577187 ], [ 69.185183318906894, 41.211179777159899 ], [ 69.185179647492333, 41.211188701646577 ], [ 69.185178570412305, 41.211191907595442 ], [ 69.185177401704124, 41.21119536966863 ], [ 69.185163871279315, 41.211233801844976 ], [ 69.185158111281723, 41.21125016879575 ], [ 69.185158102298544, 41.211250208667316 ], [ 69.185156128699845, 41.211257586937947 ], [ 69.185161332640305, 41.211269483535887 ], [ 69.185174404026014, 41.211299342608676 ], [ 69.185174402229379, 41.211299387210758 ], [ 69.185169720210112, 41.211327718987114 ], [ 69.185169703142122, 41.211327786566031 ], [ 69.185166027235965, 41.211336684676709 ], [ 69.185162109683034, 41.211347863572826 ], [ 69.185164645627069, 41.211366459245262 ], [ 69.1851675220326, 41.211389346167465 ], [ 69.185167875070533, 41.211392162176779 ], [ 69.185172937077141, 41.211432431028584 ], [ 69.185172939772102, 41.211432465493779 ], [ 69.185174278261883, 41.211443232818844 ], [ 69.185174281855126, 41.211443272690275 ], [ 69.185176943563334, 41.211456146443204 ], [ 69.18518162917583, 41.211468753257599 ], [ 69.185185847664428, 41.211476255848382 ], [ 69.185188205742051, 41.211480504522896 ], [ 69.185188329709547, 41.211480726181087 ], [ 69.185188348574158, 41.211480757943121 ], [ 69.18521490277395, 41.211521517361611 ], [ 69.18521656555555, 41.211524069132565 ], [ 69.185217453989381, 41.211525443682881 ], [ 69.185217568973727, 41.211565496201068 ], [ 69.185217657008621, 41.211596217441695 ], [ 69.185217656110311, 41.211596246500484 ], [ 69.185219253314898, 41.211612368050289 ], [ 69.185221372440637, 41.211619108338255 ], [ 69.185222388435221, 41.211622427122251 ], [ 69.185224136556769, 41.211628141566486 ], [ 69.185228275993609, 41.211636037446283 ], [ 69.185230599935238, 41.211640469924042 ], [ 69.185231983340756, 41.211643155495949 ], [ 69.185232030053172, 41.211643198070398 ], [ 69.185242760429233, 41.211657189533049 ], [ 69.185247128936467, 41.211661252354816 ], [ 69.185247385854623, 41.211661492258656 ], [ 69.185249513963555, 41.211663489880159 ], [ 69.185256247734927, 41.211669817933846 ], [ 69.185272026642878, 41.211680783224871 ], [ 69.185274777284292, 41.211683301876135 ], [ 69.185275528275866, 41.211684008071629 ], [ 69.185217284207795, 41.211799578040072 ], [ 69.185208785246886, 41.211816444929248 ], [ 69.185208271410545, 41.211816824719769 ], [ 69.185100982022902, 41.211894772275571 ], [ 69.185084346122153, 41.211906859328465 ], [ 69.185084320071013, 41.211906878250346 ], [ 69.184923725552707, 41.212023557458572 ], [ 69.184861383370304, 41.212068850354861 ], [ 69.18472159742727, 41.212170408695961 ], [ 69.184684436818898, 41.212197396644839 ], [ 69.184628028907255, 41.212238378624093 ], [ 69.184626938352523, 41.212239165231296 ], [ 69.184625854085951, 41.212239953865861 ], [ 69.184528633914354, 41.212310591695953 ], [ 69.1840462053691, 41.212661067141468 ], [ 69.183341923491412, 41.213172705237028 ], [ 69.183341867795846, 41.213172747134756 ], [ 69.183147066329866, 41.213314261277773 ], [ 69.18300653478515, 41.213416349514297 ], [ 69.18289533862432, 41.213497127301409 ], [ 69.182147237825376, 41.214040576386971 ], [ 69.18186299649642, 41.214247059501119 ], [ 69.181693874271176, 41.214369915688586 ], [ 69.181568302370849, 41.214461134763418 ], [ 69.181440633802694, 41.214553876863896 ], [ 69.181442425043372, 41.21455537501383 ], [ 69.181487528555465, 41.214592696977917 ], [ 69.181528188101865, 41.214626341463614 ], [ 69.181529499642167, 41.214627426725713 ], [ 69.181746379002902, 41.214806886662842 ], [ 69.182053876816212, 41.215061333479767 ], [ 69.182232925425396, 41.215209488174729 ], [ 69.182756568675885, 41.21564278560097 ], [ 69.182811016463546, 41.215687839481149 ], [ 69.182825920412427, 41.215700171803888 ], [ 69.18282594376862, 41.215700194103405 ], [ 69.182949074047997, 41.215817749741305 ], [ 69.183002563333275, 41.215868825713102 ], [ 69.183175453092844, 41.2160339220911 ], [ 69.183197742989989, 41.216055161953605 ], [ 69.183199073394931, 41.216056430317558 ], [ 69.183218896518312, 41.216075355088321 ], [ 69.18325579212366, 41.216110578690142 ], [ 69.183371063042586, 41.21622062546296 ], [ 69.18347838297295, 41.21632309027958 ], [ 69.183497744362299, 41.216341578447093 ], [ 69.183733689566594, 41.216566930273707 ], [ 69.183825821680443, 41.216654814241593 ], [ 69.183828855291168, 41.216657735438638 ], [ 69.184008027867847, 41.216830270986407 ], [ 69.184005272734879, 41.216832102895751 ], [ 69.183785565477606, 41.21697597485494 ], [ 69.183785395696034, 41.216976085674695 ], [ 69.183543040113847, 41.217134287500038 ], [ 69.183471775864035, 41.217180806683452 ], [ 69.183231763986427, 41.217337478168325 ], [ 69.182862623778306, 41.217578439850094 ], [ 69.182821578854643, 41.217605232310817 ], [ 69.182736723094592, 41.217660622732325 ], [ 69.18204034100151, 41.218115193794311 ], [ 69.181661844839709, 41.218362260409499 ], [ 69.181478213025969, 41.218482126938085 ], [ 69.18116032350143, 41.218689630548297 ], [ 69.181155230053761, 41.218692955055005 ], [ 69.181082976758816, 41.218740118435065 ], [ 69.180826275081543, 41.218907680666383 ], [ 69.180800267955789, 41.218924657215048 ], [ 69.180792580173559, 41.218929675715493 ], [ 69.180664978979038, 41.21901296709057 ], [ 69.180649271936304, 41.21902321625025 ], [ 69.180630644470554, 41.218999545472883 ], [ 69.180614187334569, 41.218978641042845 ], [ 69.180614168469916, 41.218978617393006 ], [ 69.180538076673784, 41.218881964470725 ], [ 69.179902780020015, 41.218075000006678 ], [ 69.17932548668584, 41.218368429021851 ], [ 69.179290738054021, 41.218386140213667 ], [ 69.179130651083881, 41.218467562577359 ], [ 69.17909908248815, 41.218483618916565 ], [ 69.179099053742064, 41.218483633782292 ], [ 69.179088659335903, 41.218488934765418 ], [ 69.179037580230528, 41.218514986945742 ], [ 69.179036159095759, 41.218515649146042 ], [ 69.178824181841549, 41.218614474353018 ], [ 69.17874698062603, 41.21865046690052 ], [ 69.178621308114373, 41.21871816521633 ], [ 69.178428443416152, 41.218822060655853 ], [ 69.178333537304695, 41.218873182932853 ], [ 69.178333304641058, 41.218873308615095 ], [ 69.178332424292066, 41.218873782288419 ], [ 69.178209713525959, 41.218751396747116 ], [ 69.178209693763023, 41.218751377151435 ], [ 69.178202889923043, 41.218756401070905 ], [ 69.178116629197888, 41.218820117985551 ], [ 69.177861558861181, 41.219008527003751 ], [ 69.177858505487521, 41.219010782521941 ], [ 69.177829489005532, 41.21903221534631 ], [ 69.177822730081346, 41.219037208161609 ], [ 69.177818322048211, 41.219040464404024 ], [ 69.177807143412835, 41.219048716839204 ], [ 69.177801876590308, 41.219045343023801 ], [ 69.177797424539762, 41.219042494234216 ], [ 69.177794178028336, 41.219040413725835 ], [ 69.177778320966922, 41.219030268628018 ], [ 69.177772355255144, 41.219026450194981 ], [ 69.177758986527067, 41.219017898417704 ], [ 69.177757869022869, 41.219018820761001 ], [ 69.177747522227449, 41.219027350915432 ], [ 69.177739299049307, 41.219034130306262 ], [ 69.177726958892251, 41.219044304458954 ], [ 69.177623268155656, 41.219129791064049 ], [ 69.177617129967317, 41.219134852118366 ], [ 69.177558328943732, 41.21918333078257 ], [ 69.177560104014745, 41.219184626789897 ], [ 69.177560168693475, 41.219184674089426 ], [ 69.17756094214289, 41.219185238305293 ], [ 69.177597096638152, 41.219211630764811 ], [ 69.177614233798849, 41.219224146891207 ], [ 69.17761507282529, 41.219224759757672 ], [ 69.177615026112917, 41.219224804354347 ], [ 69.177615138402317, 41.219224873952214 ], [ 69.177613699301247, 41.219226036844361 ], [ 69.177593296764485, 41.219244970833685 ], [ 69.177577120801189, 41.219259997880499 ], [ 69.177567988528011, 41.219268480704017 ], [ 69.177553720586332, 41.219281738069739 ], [ 69.17752141896537, 41.219311739437927 ], [ 69.177516968711444, 41.21931451523951 ], [ 69.177514268375717, 41.219316198423897 ], [ 69.177502069254132, 41.219323800794939 ], [ 69.177462447261917, 41.219348493798059 ], [ 69.177421893716712, 41.219373766547342 ], [ 69.177393979467567, 41.219388475982967 ], [ 69.177371049969963, 41.219400558272703 ], [ 69.177370628660086, 41.219400779904056 ], [ 69.177308898230379, 41.219433309030428 ], [ 69.177280612078704, 41.219441687772857 ], [ 69.177204660419747, 41.219464186718156 ], [ 69.177179529151388, 41.219471631632814 ], [ 69.177110351687972, 41.219492123725573 ], [ 69.17698793916253, 41.219528384720306 ], [ 69.176987463953736, 41.219528526618198 ], [ 69.176946602286435, 41.219540205486759 ], [ 69.176910944559509, 41.219550397804689 ], [ 69.17684060647278, 41.219570502694566 ], [ 69.176815397949255, 41.219577708398077 ], [ 69.176800140064159, 41.219582069388849 ], [ 69.176783840133325, 41.219586728364646 ], [ 69.176760611496704, 41.219593367826825 ], [ 69.176695844761383, 41.219611880071007 ], [ 69.176651132016431, 41.219624660996431 ], [ 69.176649523133761, 41.219625148854064 ], [ 69.176516996476494, 41.219665403853782 ], [ 69.176391620408936, 41.219703487121528 ], [ 69.176347055886026, 41.219717023464106 ], [ 69.176319182959375, 41.219725490011477 ], [ 69.176314866554421, 41.219726801549157 ], [ 69.176296279512897, 41.219732572720133 ], [ 69.176279915801658, 41.219737653998855 ], [ 69.176247642028471, 41.219747677360616 ], [ 69.176208143105441, 41.219759944726228 ], [ 69.176153680046369, 41.219776853483495 ], [ 69.176140586202777, 41.219780919855189 ], [ 69.176116499675075, 41.21978839851888 ], [ 69.176071841727364, 41.219802264586043 ], [ 69.17606350266658, 41.219804853873285 ], [ 69.176043801714073, 41.219810970996328 ], [ 69.176043779256204, 41.219810937211257 ], [ 69.175943846172402, 41.219660607040218 ], [ 69.175925305843279, 41.219632714025508 ], [ 69.175920442364315, 41.219625399539943 ], [ 69.17591291448224, 41.219614076106453 ], [ 69.175885355067621, 41.219572626431145 ], [ 69.175884051612172, 41.219570665539187 ], [ 69.175842564717385, 41.219508256167835 ], [ 69.175840887562771, 41.219505733087942 ], [ 69.175758570441715, 41.219416230582276 ], [ 69.175746719866467, 41.219410245184868 ], [ 69.175712822837525, 41.219393129566917 ], [ 69.175684559143747, 41.219378854611016 ], [ 69.175681422226788, 41.219377272108431 ], [ 69.175681390785755, 41.219377255891473 ], [ 69.175667566611821, 41.21937849243281 ], [ 69.175550234059301, 41.219388986140679 ], [ 69.175260265072112, 41.219414923768326 ], [ 69.175174700541319, 41.219422577481453 ], [ 69.175170376949865, 41.219422963984819 ], [ 69.175144571945012, 41.219425272193703 ], [ 69.175137860631523, 41.219425872219873 ], [ 69.174965542200468, 41.219441285728429 ], [ 69.174818180764603, 41.219454467380153 ], [ 69.174774998748902, 41.219458330384725 ], [ 69.174775748842166, 41.219460671701903 ], [ 69.174818179866307, 41.219593114438027 ], [ 69.174822478304918, 41.219606531203958 ], [ 69.174822364218883, 41.219606490661782 ], [ 69.174822762172568, 41.219607725847347 ], [ 69.174828363168373, 41.219625116420332 ], [ 69.174839420531185, 41.219659577944995 ], [ 69.17485010419486, 41.219692812375932 ], [ 69.174847502673799, 41.219694306353887 ], [ 69.174827005813952, 41.219706082494007 ], [ 69.174818181662928, 41.2197122104375 ], [ 69.174799362856035, 41.219725285273761 ], [ 69.17480583701429, 41.219745392136971 ], [ 69.174754328514211, 41.219769268057682 ], [ 69.174698218843247, 41.219811804811549 ], [ 69.174681478737938, 41.219824493802612 ], [ 69.174621802755283, 41.219839251111637 ], [ 69.174512516412776, 41.219866271033055 ], [ 69.17449733039291, 41.219870024549827 ], [ 69.174462949172025, 41.219878526889516 ], [ 69.174462910544477, 41.219878536349327 ], [ 69.174462411979491, 41.219878660678212 ], [ 69.174462360775522, 41.219878668786649 ], [ 69.174456554963825, 41.219878971500457 ], [ 69.174455621614271, 41.219878953932245 ], [ 69.174451901690645, 41.219878884335074 ], [ 69.174362168976927, 41.219876431542318 ], [ 69.174343745428786, 41.219875925442629 ], [ 69.174305185245203, 41.219874857835819 ], [ 69.174284980337831, 41.219872964522963 ], [ 69.174276962873932, 41.219871159726807 ], [ 69.174273754990026, 41.219870428618755 ], [ 69.174265530913615, 41.219868535981483 ], [ 69.174244649574845, 41.219862281696578 ], [ 69.174073184543303, 41.219810906128977 ], [ 69.174060489551707, 41.219806476907628 ], [ 69.174035789474658, 41.219796413012816 ], [ 69.174008124058858, 41.219785125421126 ], [ 69.173971378472146, 41.219770122820243 ], [ 69.17396861705096, 41.219768985614415 ], [ 69.173968593694781, 41.219768974803209 ], [ 69.173956505964298, 41.21976297592402 ], [ 69.173956471828305, 41.219762957680068 ], [ 69.173891878467813, 41.219726368424169 ], [ 69.173802849134944, 41.219675927246477 ], [ 69.173800113764912, 41.219674319750055 ], [ 69.173797956011583, 41.219673045374932 ], [ 69.173797915587414, 41.219673018346832 ], [ 69.173785273596437, 41.219663747706441 ], [ 69.173679025356194, 41.219573529171235 ], [ 69.173608189602774, 41.21951335976226 ], [ 69.173542783266939, 41.219456187724724 ], [ 69.17349903261767, 41.2194179461979 ], [ 69.17349901465137, 41.219417919845398 ], [ 69.173480988158531, 41.219396323626711 ], [ 69.173428429527888, 41.219308006160347 ], [ 69.173417506014061, 41.219289635728515 ], [ 69.17339250949297, 41.219247590549763 ], [ 69.173391152138549, 41.219245087730968 ], [ 69.173390625725801, 41.219244116064274 ], [ 69.173390448757686, 41.219243792400611 ], [ 69.173389277354573, 41.219241647706433 ], [ 69.173388821010406, 41.219240641578601 ], [ 69.173388226325656, 41.219239348275252 ], [ 69.173388207461059, 41.21923930503003 ], [ 69.173383790444802, 41.219229289023112 ], [ 69.173373078035056, 41.219205262898235 ], [ 69.173356884105402, 41.219168820634621 ], [ 69.173356872427306, 41.219168790227805 ], [ 69.173356329844893, 41.219167545573981 ], [ 69.173354117294338, 41.219162430465545 ], [ 69.173344444235369, 41.219140771321626 ], [ 69.173340132321997, 41.219128068008054 ], [ 69.173337073558443, 41.21911541739729 ], [ 69.17333609798807, 41.219111322604491 ], [ 69.173334506173376, 41.219104629036636 ], [ 69.173327858640249, 41.219076874980814 ], [ 69.17332216601632, 41.219052996780214 ], [ 69.173308331960939, 41.219017927473246 ], [ 69.173297354548183, 41.218990176759178 ], [ 69.173288704670298, 41.218968229030061 ], [ 69.173288678619144, 41.218968189838876 ], [ 69.173280215590864, 41.218955291887326 ], [ 69.173280201217807, 41.218955270264587 ], [ 69.173267099289404, 41.218935220593863 ], [ 69.173238443031835, 41.218891434556525 ], [ 69.173069282179014, 41.218759947883463 ], [ 69.173069243551424, 41.218759930990686 ], [ 69.173058555396196, 41.218753676599775 ], [ 69.173054936083901, 41.218751561620849 ], [ 69.173053381100146, 41.218750646706646 ], [ 69.17295480626909, 41.218691948918732 ], [ 69.172950221267882, 41.218689372425992 ], [ 69.172948313246209, 41.218688302096965 ], [ 69.172948223414693, 41.218688185874363 ], [ 69.172917240520533, 41.218669780807154 ], [ 69.17291666919202, 41.218669440923513 ], [ 69.172917336640253, 41.218671034254669 ], [ 69.172917361793068, 41.218671092366009 ], [ 69.17291968573474, 41.218676639969139 ], [ 69.17292888268662, 41.218698598607453 ], [ 69.172929288725101, 41.218699568930852 ], [ 69.172940250866532, 41.218725740628379 ], [ 69.17295568122816, 41.218762581808967 ], [ 69.172955728838872, 41.218762696004262 ], [ 69.172985083985722, 41.218832780816228 ], [ 69.173012735926818, 41.218900376235354 ], [ 69.173012779045933, 41.218900480970504 ], [ 69.173040665447303, 41.218968651348732 ], [ 69.173084867050846, 41.219076703350801 ], [ 69.17323455242834, 41.21943473747092 ], [ 69.173263437756304, 41.21950316338431 ], [ 69.173264144730425, 41.219504837779688 ], [ 69.173381891406294, 41.219783764558429 ], [ 69.173409136410527, 41.219848507537392 ], [ 69.173472109210266, 41.2199981534689 ], [ 69.173514091975079, 41.220097919710561 ], [ 69.17355012519775, 41.220183547510644 ], [ 69.173708206229875, 41.220555474588174 ], [ 69.173893768523172, 41.220985483157968 ], [ 69.173939601467282, 41.221088613495454 ], [ 69.174038708100994, 41.221311613121507 ], [ 69.174056233333872, 41.22134832108685 ], [ 69.174198476169238, 41.221646259784968 ], [ 69.174246810921431, 41.221740873470331 ], [ 69.174263156666314, 41.221772869671909 ], [ 69.17426339831313, 41.22177334264854 ], [ 69.174346563443819, 41.221937054521256 ], [ 69.174347009906512, 41.22193793290419 ], [ 69.174347390792207, 41.221938682908117 ], [ 69.174366710859019, 41.221976714851962 ], [ 69.174415719347664, 41.222064211819962 ], [ 69.174431509035415, 41.222091738256132 ], [ 69.174604823698118, 41.222393883695318 ], [ 69.174606564633123, 41.222396919500781 ], [ 69.17468727556647, 41.222528358321611 ], [ 69.174687409415441, 41.222528576564038 ], [ 69.174688376901017, 41.222530152233688 ], [ 69.174688398460574, 41.222530187368676 ], [ 69.174688500868527, 41.222530354259931 ], [ 69.174688962602559, 41.222531067095062 ], [ 69.174701632441355, 41.222550624449269 ], [ 69.174708605164554, 41.222561391971325 ], [ 69.174715335342682, 41.222571785168917 ], [ 69.174825431067276, 41.222741790268863 ], [ 69.174836685161154, 41.222757663127695 ], [ 69.174839630736969, 41.22276181647554 ], [ 69.17484563597462, 41.222770286007112 ], [ 69.174869715315822, 41.222804246554198 ], [ 69.174878747876008, 41.222816985639888 ], [ 69.174944186551201, 41.222909276032304 ], [ 69.17505790877459, 41.223071689131125 ], [ 69.175142057560535, 41.223179996512982 ], [ 69.175172268801845, 41.223218265569365 ], [ 69.175268645455404, 41.223340346135139 ], [ 69.175277957391657, 41.223352138510336 ], [ 69.175282421120286, 41.223357791120051 ], [ 69.175371726235952, 41.223470877670898 ], [ 69.175495778186786, 41.223618950481068 ], [ 69.175546119775333, 41.223673308128753 ], [ 69.175547890354736, 41.223675270249103 ], [ 69.175578999911366, 41.223710483001483 ], [ 69.175584502990773, 41.223716711918911 ], [ 69.175613429641231, 41.223749452407333 ], [ 69.175629366652686, 41.223767491188511 ], [ 69.175669159324841, 41.223812004349625 ], [ 69.17576736674495, 41.223922564502828 ], [ 69.175787176393612, 41.223944599756273 ], [ 69.175848101034504, 41.22401237231967 ], [ 69.175930348985275, 41.224098218636989 ], [ 69.175944662741003, 41.224113158084613 ], [ 69.175946449490112, 41.224115065463558 ], [ 69.176032154158108, 41.224208715470347 ], [ 69.176054137729736, 41.224231284395202 ], [ 69.176124758785789, 41.224303780839762 ], [ 69.17618850323835, 41.224370252396817 ], [ 69.176212230439958, 41.224394994168662 ], [ 69.176289360688571, 41.224470907884822 ], [ 69.176292096956942, 41.224473692250925 ], [ 69.176369513768137, 41.224555173925438 ], [ 69.176424823040151, 41.224610719941751 ], [ 69.17643392387231, 41.224619858128833 ], [ 69.176527170795424, 41.224714999924686 ], [ 69.176610550623437, 41.224799495371649 ], [ 69.176689455943063, 41.224879455754767 ], [ 69.176718776953962, 41.224909224834597 ], [ 69.176846374555211, 41.225038771523408 ], [ 69.176949661049946, 41.22514220288793 ], [ 69.176966234966955, 41.225158798780882 ], [ 69.177047362718554, 41.2252401201495 ], [ 69.177161757780112, 41.225354316906362 ], [ 69.177236592833182, 41.225429231583959 ], [ 69.177252038466165, 41.225444692999545 ], [ 69.177388019145667, 41.225580876130586 ], [ 69.177574504907071, 41.225769244727303 ], [ 69.177587790990117, 41.225782664955638 ], [ 69.177684314069069, 41.225876566614254 ], [ 69.177768341582436, 41.225958315444508 ], [ 69.177903018806475, 41.226092232097464 ], [ 69.177963803310192, 41.226153616327252 ], [ 69.178014287730832, 41.226204600448845 ], [ 69.178147279715375, 41.226340994821918 ], [ 69.178151001435594, 41.226344760804125 ], [ 69.178163444000589, 41.226357346506958 ], [ 69.178183506974165, 41.226377641859727 ], [ 69.178312899409377, 41.226508541632803 ], [ 69.178471437683967, 41.226666661620492 ], [ 69.178502789785696, 41.226697931136592 ], [ 69.178675789139746, 41.226868720048621 ], [ 69.178706234841343, 41.226899336135894 ], [ 69.178857000892137, 41.227050942816255 ], [ 69.17899358344286, 41.227184643058344 ], [ 69.17913735161757, 41.227328142946817 ], [ 69.179315436334463, 41.227505567520382 ], [ 69.179517344372627, 41.2277073483789 ], [ 69.17965029233973, 41.227840481110739 ], [ 69.17975855909441, 41.227948638714594 ], [ 69.179759195999949, 41.227949277172733 ], [ 69.179770148259905, 41.227960247842155 ], [ 69.179782265634771, 41.227972388002549 ], [ 69.17986016663788, 41.228050416973169 ], [ 69.179875304148737, 41.228065579146715 ], [ 69.179942597844999, 41.228132983282457 ], [ 69.180030625556299, 41.228220088264436 ], [ 69.180119568650923, 41.22830810115483 ], [ 69.180124956745985, 41.228313462146808 ], [ 69.180137756840452, 41.228326198132422 ], [ 69.18020137463057, 41.228389490897321 ], [ 69.180210995587274, 41.228399063650706 ], [ 69.180269068975434, 41.228456843352632 ], [ 69.180285066174008, 41.228472758738981 ], [ 69.180290305148745, 41.228477969731642 ], [ 69.180302491693908, 41.228490095608024 ], [ 69.180329710646987, 41.228517176813909 ], [ 69.180345112262557, 41.228532613852956 ], [ 69.180358328276995, 41.228545859206534 ], [ 69.180430255483486, 41.22861794550149 ], [ 69.18044502558341, 41.228632749470144 ], [ 69.180586617140179, 41.228773119464009 ], [ 69.180718315550706, 41.228905704810721 ], [ 69.180864033069582, 41.229051275707114 ], [ 69.180940510242976, 41.22912804271138 ], [ 69.181053368287053, 41.229240918628896 ], [ 69.18108807290146, 41.229274715697535 ], [ 69.181157835168079, 41.229342653664098 ], [ 69.181302121670711, 41.229487019666252 ], [ 69.181323040738718, 41.229508269347413 ], [ 69.181342296126829, 41.229527828668552 ], [ 69.181485710365308, 41.22967350762687 ], [ 69.181555871483937, 41.229743058508383 ], [ 69.181659523592998, 41.229845810212019 ], [ 69.181758595192434, 41.229944269014332 ], [ 69.181841836679936, 41.230027986173738 ], [ 69.181893299365925, 41.230079744884272 ], [ 69.182048761809, 41.230233056819742 ], [ 69.182188603447585, 41.230374983995432 ], [ 69.182319515832276, 41.230505473789478 ], [ 69.182407213861879, 41.230593833558864 ], [ 69.182561413273632, 41.230746359255335 ], [ 69.182663983811082, 41.230846776579796 ], [ 69.182781886793833, 41.230966111509566 ], [ 69.182916924242278, 41.231099076816747 ], [ 69.183027921875436, 41.23121243440022 ], [ 69.183154095646969, 41.231335809319191 ], [ 69.183281336617071, 41.231464975759508 ], [ 69.183478038019899, 41.231656891082956 ], [ 69.183480785966367, 41.231659660955863 ], [ 69.183550398214322, 41.231732266039479 ], [ 69.183631592441287, 41.231816087650529 ], [ 69.183723324804859, 41.231905192160355 ], [ 69.183728031078616, 41.231909857689523 ], [ 69.183840469609493, 41.232021271588955 ], [ 69.183942332274484, 41.232124069028984 ], [ 69.184043347828194, 41.232227658078749 ], [ 69.184155509677922, 41.232337464927028 ], [ 69.184291056471167, 41.232470915206882 ], [ 69.184419082568823, 41.232600394219666 ], [ 69.184452271725291, 41.23263349574259 ], [ 69.184483092922704, 41.232664236812873 ], [ 69.184544039123139, 41.232725021048665 ], [ 69.184660939586024, 41.232843591862085 ], [ 69.184714613924243, 41.232897300729213 ], [ 69.184743664542225, 41.232926371677181 ], [ 69.18485369199486, 41.233035919286202 ], [ 69.184952082671273, 41.233135939915947 ], [ 69.185019165263441, 41.233202982802759 ], [ 69.185042287898852, 41.233226093126575 ], [ 69.185062938370606, 41.233246581584758 ], [ 69.185079121520431, 41.233262639699902 ], [ 69.185149675202865, 41.233332640064965 ], [ 69.18524422288651, 41.233429619543124 ], [ 69.185340871729622, 41.233523419694578 ], [ 69.18534355050582, 41.233526102341273 ], [ 69.185431629421075, 41.233617294022864 ], [ 69.185523304292474, 41.233706691971854 ], [ 69.185617815145207, 41.233800319458794 ], [ 69.185750119020241, 41.233932299446373 ], [ 69.185832260969832, 41.234014764425538 ], [ 69.185877227039683, 41.23405990765805 ], [ 69.185998795148777, 41.23418017844314 ], [ 69.186082677135047, 41.234264348878028 ], [ 69.186173459081019, 41.234355436170503 ], [ 69.186245533611213, 41.234428009211449 ], [ 69.186350278071671, 41.234530134073353 ], [ 69.186352344196834, 41.234532199226855 ], [ 69.186419827437575, 41.234601353797004 ], [ 69.186547166324075, 41.234729069465722 ], [ 69.186602464816332, 41.234784602110253 ], [ 69.186709800916347, 41.234893334599811 ], [ 69.186833662424377, 41.235014842799345 ], [ 69.186916074766856, 41.235096110701363 ], [ 69.186958757319246, 41.235138491568172 ], [ 69.187032756939118, 41.235211958157471 ], [ 69.187043203447558, 41.235222185187602 ], [ 69.187155729114977, 41.235332345718113 ], [ 69.187166323845446, 41.235342387631299 ], [ 69.1872294520537, 41.235402222269663 ], [ 69.187354767934167, 41.235520303190256 ], [ 69.187440698079314, 41.235601558979738 ], [ 69.187536418962694, 41.235689722035445 ], [ 69.187630328842502, 41.235774064814947 ], [ 69.187727390012313, 41.235859408629032 ], [ 69.187889535022819, 41.236000404188452 ], [ 69.187985620622214, 41.236080721065676 ], [ 69.188076886760157, 41.236156069980055 ], [ 69.188203468366837, 41.236260335602687 ], [ 69.188308317930151, 41.236339803694392 ], [ 69.188340699501225, 41.236364346384164 ], [ 69.188371178440477, 41.236387448159533 ], [ 69.188533645047826, 41.236512402155306 ], [ 69.188715429027042, 41.236648324448218 ], [ 69.188756142472357, 41.236676853306541 ], [ 69.188839977746227, 41.236735599801598 ], [ 69.188943070204871, 41.236807884452702 ], [ 69.188994874250682, 41.236844208126847 ], [ 69.189134402377221, 41.236939185545921 ], [ 69.189214667746171, 41.236992547206498 ], [ 69.189293838967131, 41.237045183311665 ], [ 69.189481144890394, 41.237168220945769 ], [ 69.189628477580115, 41.237262323094527 ], [ 69.18976468373674, 41.237347976380171 ], [ 69.18986592027602, 41.237411587362288 ], [ 69.189935493896471, 41.237455304255171 ], [ 69.190046125915288, 41.237524882660338 ], [ 69.190212972707954, 41.237630024271702 ], [ 69.190354822979515, 41.23771714429656 ], [ 69.190465135198096, 41.2377842601692 ], [ 69.190468500287139, 41.237786403579705 ], [ 69.190520467826332, 41.237820665713514 ], [ 69.190636866130944, 41.237893215992862 ], [ 69.190738338028808, 41.237955771291944 ], [ 69.190940326915396, 41.238082858259752 ], [ 69.191069174971531, 41.238163285388616 ], [ 69.191136359971665, 41.238205223157998 ], [ 69.191325459830523, 41.238323838071956 ], [ 69.191534013605192, 41.238454487631671 ], [ 69.191701073298589, 41.238556931797405 ], [ 69.191702909455046, 41.2385580781336 ], [ 69.191839280901675, 41.238645108430106 ], [ 69.191962400401266, 41.238722599794592 ], [ 69.192118513224599, 41.238818481687105 ], [ 69.192260092204975, 41.238907972497444 ], [ 69.192351635922307, 41.238963852853423 ], [ 69.192387632314038, 41.238985826295405 ], [ 69.192389658913328, 41.238987083406592 ], [ 69.192502763994142, 41.239059089962858 ], [ 69.192647213091817, 41.239147575973185 ], [ 69.192649330420934, 41.239148899280352 ], [ 69.192715234423432, 41.239191305214987 ], [ 69.192838741096892, 41.239268791203415 ], [ 69.192999876400989, 41.239368543580021 ], [ 69.193148390375356, 41.239461619181327 ], [ 69.193261440658901, 41.239531185993691 ], [ 69.19339372566931, 41.23961255500901 ], [ 69.193494068384865, 41.23967372592243 ], [ 69.193496514497397, 41.239675253894191 ], [ 69.193515801326541, 41.239687695852211 ], [ 69.193625449690117, 41.239758429003921 ], [ 69.193720265970029, 41.239816507367273 ], [ 69.193828672861898, 41.239883869665839 ], [ 69.193945757479412, 41.239957030327112 ], [ 69.194024020503605, 41.24000692424756 ], [ 69.194024733765929, 41.24000737817849 ], [ 69.194060100438648, 41.240029926789063 ], [ 69.194167209264947, 41.240095581224978 ], [ 69.194169004997178, 41.24009669916353 ], [ 69.194181506850981, 41.240104658480057 ], [ 69.194265979030405, 41.240158445817549 ], [ 69.194321170623155, 41.240192654695178 ], [ 69.194327554051554, 41.240196611043274 ], [ 69.194408722227394, 41.24024692020717 ], [ 69.194446472130551, 41.240270976428214 ], [ 69.194453518515644, 41.240275467083968 ], [ 69.194543849507355, 41.24033302958965 ], [ 69.194559052595224, 41.240342377682836 ], [ 69.194598615298673, 41.240366704739749 ], [ 69.19463474464105, 41.240386852540091 ], [ 69.194657964294535, 41.240399801654434 ], [ 69.194658323620644, 41.240400002274519 ], [ 69.194694947036467, 41.240343512504367 ], [ 69.194709685695358, 41.240320777566957 ], [ 69.194934851116258, 41.239973451559884 ], [ 69.194954107402665, 41.239907715266547 ], [ 69.194992346887688, 41.239777173313485 ], [ 69.195022736893748, 41.239673426677697 ], [ 69.195063145810181, 41.239577718291109 ], [ 69.195216680468661, 41.23921407026733 ], [ 69.19543310528185, 41.238851842157061 ], [ 69.195712806525336, 41.238480848671216 ], [ 69.19571385935086, 41.238479451720131 ], [ 69.19649388986825, 41.237338929140655 ], [ 69.196771410900539, 41.236975069381039 ], [ 69.196793984665334, 41.236945472649232 ], [ 69.196843174613662, 41.236880979653669 ], [ 69.197062229693998, 41.236588007272601 ], [ 69.197243267173192, 41.236345878738867 ], [ 69.197884245671162, 41.23547530620727 ], [ 69.198088005137166, 41.235199621407553 ], [ 69.198112732163665, 41.235166165173119 ], [ 69.198423545658684, 41.234745629147959 ], [ 69.199170670887256, 41.233760947331014 ], [ 69.199459109145181, 41.233375344317722 ], [ 69.199893416737297, 41.232794729468871 ], [ 69.200609495291303, 41.231831869130502 ], [ 69.201223833351193, 41.230986452722846 ], [ 69.201833685224514, 41.230130989426385 ], [ 69.202223314207671, 41.229594978622359 ], [ 69.202410427891436, 41.229337565700014 ], [ 69.202844771416139, 41.228734280066483 ], [ 69.202845613137583, 41.228733111262933 ], [ 69.202859166020261, 41.228714286766895 ], [ 69.20286351476453, 41.228708246144862 ], [ 69.202868197682108, 41.228701742054284 ], [ 69.202869525392117, 41.228699897640809 ], [ 69.20287616304374, 41.2286906782752 ], [ 69.20288106335363, 41.22868387150983 ], [ 69.202884720395147, 41.2286787922774 ], [ 69.202891623948119, 41.228669204025891 ], [ 69.20300701793623, 41.228508924897909 ], [ 69.203278673868056, 41.228092974014054 ], [ 69.203565905688578, 41.227692072618154 ], [ 69.204345850866034, 41.226608454689078 ], [ 69.204686246781677, 41.226182327457728 ], [ 69.205375671422914, 41.225256341034658 ], [ 69.206266054583054, 41.224030113063371 ], [ 69.206821622162096, 41.223259243346597 ], [ 69.207136492448953, 41.222822342352401 ], [ 69.207583794171654, 41.222183177643757 ], [ 69.207605189346779, 41.222152605294333 ], [ 69.207841641200915, 41.2218147253881 ], [ 69.207920641741964, 41.221701835299399 ], [ 69.208384481449002, 41.221035907109119 ], [ 69.209078120087227, 41.220073033064914 ] ] ] ] } },
{ "type": "Feature", "properties": { "id": 169, "reg_name": "Toshkent shahri", "reg_kiril": "Тошкент шаҳри", "dist_name": "Bektemir tumani", "dist_kir": "Бектемир тумани", "cad_id": "10:02", "shp_len": 36850.496546138645, "shp_area": 57471425.956036702 }, "geometry": { "type": "MultiPolygon", "coordinates": [ [ [ [ 69.290334179879991, 41.219563943638811 ], [ 69.290344055059904, 41.219661786141501 ], [ 69.290699921761387, 41.22056322411629 ], [ 69.290743034606834, 41.22061208551537 ], [ 69.290845768637652, 41.220728518109738 ], [ 69.290848928012508, 41.220732098600003 ], [ 69.290856156755623, 41.220740292036524 ], [ 69.290940562459696, 41.220835951650237 ], [ 69.291098258114559, 41.221014674269554 ], [ 69.291389853950747, 41.22128325323623 ], [ 69.291659047600376, 41.221482774214167 ], [ 69.291962873100815, 41.221660753842635 ], [ 69.292359085836637, 41.221874844706548 ], [ 69.292735464669349, 41.222056732065234 ], [ 69.292760154864908, 41.222068663861485 ], [ 69.292798904592999, 41.222088165948477 ], [ 69.293284412563054, 41.222332497287525 ], [ 69.293611778415524, 41.222493634120298 ], [ 69.294211821584256, 41.222788987215424 ], [ 69.293584410342092, 41.223182464722193 ], [ 69.293167196791529, 41.223444116666535 ], [ 69.293396010270797, 41.223889388301011 ], [ 69.293662153241698, 41.224373971872417 ], [ 69.293762013561945, 41.224555790120213 ], [ 69.294175670682307, 41.224862199681823 ], [ 69.29425842438458, 41.224923499258978 ], [ 69.294360513425062, 41.224942707938936 ], [ 69.294716793351583, 41.225100920222758 ], [ 69.29473306812956, 41.22510814626191 ], [ 69.294766269862492, 41.225093888093333 ], [ 69.294780279987648, 41.225091699673975 ], [ 69.294830199367979, 41.225095877196914 ], [ 69.294929586276055, 41.225109615792931 ], [ 69.29509581233286, 41.225137984829196 ], [ 69.295176115431062, 41.225161550011038 ], [ 69.295307671009496, 41.225221760167393 ], [ 69.295344347425896, 41.225240055287578 ], [ 69.295373663945199, 41.225259715205318 ], [ 69.295379431129334, 41.225255682280881 ], [ 69.295408633562573, 41.225281665552536 ], [ 69.295404862435035, 41.225292156286294 ], [ 69.295438224068036, 41.22530076534855 ], [ 69.295629935329458, 41.225498369433346 ], [ 69.296157735084762, 41.226172338188306 ], [ 69.297066136652873, 41.226611211938923 ], [ 69.298143238238083, 41.227427824363481 ], [ 69.298836538211432, 41.227768193299767 ], [ 69.299445701975301, 41.22796470758967 ], [ 69.300460174815541, 41.228115141634007 ], [ 69.301650166784185, 41.228552432224888 ], [ 69.302362137342413, 41.228814060655452 ], [ 69.30647874079375, 41.230326641990125 ], [ 69.307126833050418, 41.230564753466595 ], [ 69.307869061562343, 41.231148053975474 ], [ 69.308388294084793, 41.231558886822718 ], [ 69.308330736329552, 41.231875757298113 ], [ 69.308558767376226, 41.231977444320862 ], [ 69.308758475440314, 41.232036743606109 ], [ 69.309261042417575, 41.232149548295595 ], [ 69.309555173299472, 41.232192189817347 ], [ 69.31025264684564, 41.232302313568489 ], [ 69.310407686182231, 41.232326792919331 ], [ 69.311515579320442, 41.232512025677501 ], [ 69.311659950264698, 41.232556250497687 ], [ 69.311948833188723, 41.232670756722918 ], [ 69.31224887139193, 41.232820828644392 ], [ 69.3123455597609, 41.232883293543047 ], [ 69.312459266712921, 41.232978776635555 ], [ 69.312685524485232, 41.233168771617969 ], [ 69.313533348162167, 41.233880714701556 ], [ 69.314280213777607, 41.234507876753767 ], [ 69.314960078547557, 41.235086051861785 ], [ 69.315191041695329, 41.235282467144373 ], [ 69.316037113657444, 41.235975430371255 ], [ 69.316720265363045, 41.236552002305409 ], [ 69.317246918868008, 41.236994744009323 ], [ 69.317355879122076, 41.237086342245341 ], [ 69.317510626506206, 41.237175925947206 ], [ 69.317624836514781, 41.237223263791762 ], [ 69.317740711101621, 41.237252065309612 ], [ 69.31790392510726, 41.237279412418808 ], [ 69.31808638911113, 41.237298763381133 ], [ 69.319323901958327, 41.237398006045197 ], [ 69.319483681704682, 41.237411587362288 ], [ 69.319997605183772, 41.237455264399593 ], [ 69.320232488579393, 41.237475226654269 ], [ 69.320409805236707, 41.237490296122544 ], [ 69.320801331461709, 41.237527326684905 ], [ 69.321196118571223, 41.237561540317238 ], [ 69.321716663532285, 41.237613892247047 ], [ 69.321922214238967, 41.237511112897167 ], [ 69.321933427908633, 41.23751240246154 ], [ 69.322575151109945, 41.237586225758037 ], [ 69.323325743835483, 41.237672573050283 ], [ 69.323543441561441, 41.237705721993002 ], [ 69.323729356892642, 41.23775878174775 ], [ 69.323960670383372, 41.237841595193906 ], [ 69.324143402983509, 41.237939700143954 ], [ 69.324145366700733, 41.237940754621043 ], [ 69.324302594333304, 41.23809443789181 ], [ 69.324481275531539, 41.23828817722017 ], [ 69.324623908235722, 41.238442829028912 ], [ 69.324938229651949, 41.238858154745593 ], [ 69.325086319621477, 41.239047976598393 ], [ 69.325166913773842, 41.239117586407673 ], [ 69.325347848845098, 41.239208125861119 ], [ 69.325829920759162, 41.23941824475714 ], [ 69.326484733312469, 41.23970364835867 ], [ 69.326920234765581, 41.23990610083704 ], [ 69.327321463693977, 41.240115446753478 ], [ 69.327499660700269, 41.240208421994005 ], [ 69.328101980199946, 41.240496918579431 ], [ 69.328491365739637, 41.240692654951488 ], [ 69.328896262489351, 41.240882480257532 ], [ 69.328930748813079, 41.240892507132841 ], [ 69.329404151984662, 41.241030129961892 ], [ 69.32958663305655, 41.240684499140286 ], [ 69.330005634254519, 41.239927746348037 ], [ 69.33042815864502, 41.239211189256871 ], [ 69.330549211121138, 41.239009807999864 ], [ 69.331416887565851, 41.238277606159414 ], [ 69.331594432395249, 41.238127781843495 ], [ 69.331705807320773, 41.238163941985817 ], [ 69.332043069014418, 41.238264647167455 ], [ 69.332456908492802, 41.238401673651502 ], [ 69.332649177607991, 41.238476612558813 ], [ 69.332964626409918, 41.238602266439038 ], [ 69.333152341964919, 41.238688574560683 ], [ 69.333325738374327, 41.238785027304935 ], [ 69.333637519354923, 41.238985804679352 ], [ 69.333826182632606, 41.239113617159703 ], [ 69.334296243172986, 41.239510790021967 ], [ 69.334791559847616, 41.24000531522443 ], [ 69.335554022911325, 41.240766541528878 ], [ 69.336109321894085, 41.24131425932601 ], [ 69.336823646038368, 41.242024607390491 ], [ 69.337368537140236, 41.242568020031143 ], [ 69.337591789149585, 41.242775048685395 ], [ 69.337719921248478, 41.242893868751928 ], [ 69.337948106805356, 41.243079004695218 ], [ 69.338082726537223, 41.243174353337999 ], [ 69.338242242178836, 41.243282300497249 ], [ 69.338265274084421, 41.243297885352376 ], [ 69.338435736596097, 41.243402675219869 ], [ 69.338653861920122, 41.243530768157598 ], [ 69.338881892966796, 41.24364905661799 ], [ 69.339264437835595, 41.243830922580457 ], [ 69.33954354439436, 41.243955396959691 ], [ 69.339717335164167, 41.244023115682971 ], [ 69.340030267784982, 41.244138436676785 ], [ 69.340186844139012, 41.244188313895947 ], [ 69.340453563828305, 41.244267275893762 ], [ 69.340970466120908, 41.244404474865107 ], [ 69.341422609762958, 41.244525383824545 ], [ 69.342068155295792, 41.244695985670973 ], [ 69.342681313867729, 41.244859394962532 ], [ 69.343612502101323, 41.245110385472778 ], [ 69.34397569456398, 41.245206832792164 ], [ 69.344451383947941, 41.245333152547381 ], [ 69.345339385674293, 41.245571354579752 ], [ 69.345581425947799, 41.245636278707657 ], [ 69.346377962110239, 41.245846562680356 ], [ 69.346938431795778, 41.245995739800058 ], [ 69.347249621684924, 41.246092059507355 ], [ 69.347627192581982, 41.246227549866688 ], [ 69.347993329722129, 41.2463668892022 ], [ 69.348239070156311, 41.246466138359267 ], [ 69.34848733575474, 41.24658320168944 ], [ 69.348992836629748, 41.246848332288906 ], [ 69.349823544705586, 41.247295597080374 ], [ 69.350488925039912, 41.24765423922382 ], [ 69.35121837861017, 41.248054058441667 ], [ 69.351579209401933, 41.248254047506592 ], [ 69.351874263751938, 41.24841758027965 ], [ 69.352385934256318, 41.248717505582341 ], [ 69.352853413038574, 41.249021460966773 ], [ 69.353338844651788, 41.249365370686625 ], [ 69.353966990715918, 41.249839806787698 ], [ 69.35444475251326, 41.250225211358881 ], [ 69.354935784223954, 41.250629099558601 ], [ 69.355237217510833, 41.250906563061761 ], [ 69.355621188005983, 41.251308934207913 ], [ 69.355900942250074, 41.251624514879026 ], [ 69.35618069918911, 41.25194009335037 ], [ 69.356227410685548, 41.251997492947893 ], [ 69.356277301319821, 41.252058796796881 ], [ 69.35657071624442, 41.252419334205406 ], [ 69.356835167687663, 41.2528025718618 ], [ 69.35722876452941, 41.253382283642487 ], [ 69.357815174865422, 41.25422342786139 ], [ 69.358359425468493, 41.25503148189236 ], [ 69.358611154072364, 41.255398182870628 ], [ 69.358851545937341, 41.255748362551095 ], [ 69.358899058731012, 41.255818372599428 ], [ 69.359424768106663, 41.256593002154197 ], [ 69.359977567077991, 41.257407116166654 ], [ 69.360486220141297, 41.258173530707538 ], [ 69.361062768772129, 41.259019772491193 ], [ 69.361530536811955, 41.259700167422402 ], [ 69.36199832641131, 41.260387227725353 ], [ 69.362503325128046, 41.261121566218634 ], [ 69.362950826276716, 41.261758355470107 ], [ 69.363538124148221, 41.26261051401611 ], [ 69.363899703236598, 41.263142989206841 ], [ 69.364016813006941, 41.26331544597236 ], [ 69.364163365959001, 41.263525180784164 ], [ 69.364508270519082, 41.264018767964544 ], [ 69.364629994036719, 41.2641929598161 ], [ 69.364943029963769, 41.264653125794716 ], [ 69.364950584795324, 41.2646642321033 ], [ 69.365008564758725, 41.264748748159739 ], [ 69.365299662928223, 41.265173068225138 ], [ 69.36571064756059, 41.265774327421084 ], [ 69.365971847102486, 41.266157294958198 ], [ 69.366263138409764, 41.266584376288961 ], [ 69.36653215239636, 41.266989213296313 ], [ 69.366629331245463, 41.267052009475123 ], [ 69.366984616736957, 41.267227483563566 ], [ 69.367629805638629, 41.267322897570004 ], [ 69.367685741036439, 41.26728812019023 ], [ 69.367735235513635, 41.267257350167938 ], [ 69.368148744411954, 41.266927006519111 ], [ 69.368171278650877, 41.266909481332817 ], [ 69.368312203657695, 41.26679988584803 ], [ 69.368701342160691, 41.266497262341538 ], [ 69.369231359856414, 41.266074573441912 ], [ 69.369729415494319, 41.265681282549174 ], [ 69.369838943483657, 41.265594728511367 ], [ 69.370246617824208, 41.265272562955552 ], [ 69.370740769383929, 41.26488303977203 ], [ 69.371090729662399, 41.26460194275775 ], [ 69.37125961293583, 41.264464518806001 ], [ 69.371432337405395, 41.264323967523552 ], [ 69.371645763642164, 41.264158792539256 ], [ 69.371789911804242, 41.264047233554926 ], [ 69.371957324535515, 41.263914529751261 ], [ 69.372256046706838, 41.263677740367697 ], [ 69.372368217539744, 41.263589078924021 ], [ 69.372435816663184, 41.263535647823595 ], [ 69.372498055539324, 41.263486453196521 ], [ 69.372786288981416, 41.263258630284575 ], [ 69.373060055954113, 41.263039917110461 ], [ 69.373185390699206, 41.262939786263942 ], [ 69.373449932872276, 41.262733338751566 ], [ 69.373815038746457, 41.262464953038645 ], [ 69.374027235189615, 41.262308968394457 ], [ 69.374039592414661, 41.262299884095114 ], [ 69.374058328576524, 41.262286111449434 ], [ 69.374098409607882, 41.262255680077573 ], [ 69.374099733724606, 41.262255821207404 ], [ 69.374105295194539, 41.262256413412608 ], [ 69.374117018208992, 41.262257661297646 ], [ 69.374235956050924, 41.262270319766486 ], [ 69.374252079013658, 41.262257429007342 ], [ 69.374286409030546, 41.262229981608264 ], [ 69.374510153316663, 41.262051092782329 ], [ 69.37457165377765, 41.262001418273925 ], [ 69.374747981389817, 41.261858995928577 ], [ 69.375019672355918, 41.261641357146416 ], [ 69.375087241834976, 41.261588674676666 ], [ 69.375331636592875, 41.261398124184659 ], [ 69.375490356327163, 41.261271227069685 ], [ 69.375733569800417, 41.26107677458981 ], [ 69.375928033499889, 41.260926556190242 ], [ 69.376052242655888, 41.260830607471668 ], [ 69.376243376300593, 41.260682959967383 ], [ 69.376290599836764, 41.260645797341752 ], [ 69.376610417145912, 41.26039411424879 ], [ 69.376792987150964, 41.260250439124199 ], [ 69.376907971507336, 41.260160613564508 ], [ 69.377371443803455, 41.259798548838198 ], [ 69.377952759793487, 41.259341244305972 ], [ 69.377957892767, 41.259337214834837 ], [ 69.378142024044053, 41.2591926628793 ], [ 69.378396784461998, 41.258992662730087 ], [ 69.378600423553763, 41.258832795608598 ], [ 69.378952429296163, 41.258556428694327 ], [ 69.37924297140853, 41.258321718049743 ], [ 69.379641898853151, 41.258006029943672 ], [ 69.379838791597109, 41.257850219683952 ], [ 69.38048723689171, 41.257348867726584 ], [ 69.38076843922002, 41.257127055997231 ], [ 69.380955980501895, 41.256979122565056 ], [ 69.381051436382279, 41.256904061708482 ], [ 69.381161329087647, 41.256817649334472 ], [ 69.381483811698217, 41.256564068693571 ], [ 69.381496009023166, 41.256554477104032 ], [ 69.381973589360783, 41.2561747805793 ], [ 69.382105673148615, 41.256069840337595 ], [ 69.382283202706631, 41.255928792855897 ], [ 69.382767910277721, 41.255547563067509 ], [ 69.38326207441385, 41.255158456638419 ], [ 69.383482537154265, 41.254984346717258 ], [ 69.38371549276529, 41.254800369621762 ], [ 69.383937280520726, 41.254625191706744 ], [ 69.384121640868187, 41.254479575112583 ], [ 69.384151181067992, 41.254456445965523 ], [ 69.384360273831831, 41.254292734484139 ], [ 69.384655193434554, 41.254059158634604 ], [ 69.385198185497927, 41.253629635710979 ], [ 69.38523394024287, 41.253601247972831 ], [ 69.385880004103626, 41.253088286429232 ], [ 69.385889155241443, 41.253081020935376 ], [ 69.386242366522936, 41.252804362241726 ], [ 69.386576260432591, 41.25254015809611 ], [ 69.386588253839946, 41.252530667895535 ], [ 69.3866902126247, 41.252449676284876 ], [ 69.386901333784451, 41.252281969714417 ], [ 69.387224011329437, 41.252025336360774 ], [ 69.387494927049445, 41.251811336799584 ], [ 69.387589410952728, 41.251736741413779 ], [ 69.387815065057154, 41.251558585667794 ], [ 69.388205167452426, 41.251255738897846 ], [ 69.38828930635691, 41.251189000212925 ], [ 69.388367266648842, 41.251127161999456 ], [ 69.388531167865679, 41.25099715507092 ], [ 69.388710761752236, 41.250854841779393 ], [ 69.38907184856383, 41.250568708161609 ], [ 69.3893588189746, 41.250342469219085 ], [ 69.389614616946687, 41.250141249911749 ], [ 69.389959980545882, 41.249870517477653 ], [ 69.390281881048168, 41.249615706992849 ], [ 69.390514672267528, 41.249431211608247 ], [ 69.390634646765307, 41.249336127394855 ], [ 69.390779794752277, 41.249221092487069 ], [ 69.390958999668314, 41.249080378723285 ], [ 69.391105829301495, 41.248965086037828 ], [ 69.391139625719092, 41.248938423270971 ], [ 69.391271195670583, 41.248834627691267 ], [ 69.391378740179761, 41.248749783732762 ], [ 69.391387881436103, 41.248742571788583 ], [ 69.391449540898876, 41.248694386552451 ], [ 69.391678621177789, 41.24851536474636 ], [ 69.391972938909277, 41.248283493904729 ], [ 69.392178621668293, 41.248122542207803 ], [ 69.392775235967605, 41.247655673801972 ], [ 69.392347716045805, 41.247332502538278 ], [ 69.392402102748036, 41.247259297451187 ], [ 69.392533700547276, 41.247094960056444 ], [ 69.392604065583484, 41.246997361230783 ], [ 69.392673700289379, 41.246897600235911 ], [ 69.392763235373749, 41.246770186618832 ], [ 69.392841465160259, 41.246646126908232 ], [ 69.392864752187378, 41.246609196747414 ], [ 69.392900554543033, 41.246544439065275 ], [ 69.392924295219359, 41.246498044111647 ], [ 69.392958639609276, 41.246430925029827 ], [ 69.393006781223662, 41.246332319501349 ], [ 69.393041835282702, 41.246256033342561 ], [ 69.393069387510778, 41.2461960728793 ], [ 69.39315766136049, 41.245978064454768 ], [ 69.393158315334006, 41.245976292799838 ], [ 69.39320561432865, 41.245848087806074 ], [ 69.39325770224211, 41.245690782855661 ], [ 69.393295912082721, 41.24554948061455 ], [ 69.393342788869191, 41.245359739785577 ], [ 69.393357964109256, 41.245291837377465 ], [ 69.393379079908328, 41.245197349631596 ], [ 69.393408581480571, 41.245037958029862 ], [ 69.393419180702637, 41.244953273273531 ], [ 69.393428078515512, 41.244883468398179 ], [ 69.393434146635272, 41.244819893056892 ], [ 69.393434876965571, 41.244810636113485 ], [ 69.393442472221295, 41.244714392193352 ], [ 69.393446469724324, 41.244604307590102 ], [ 69.393448070522155, 41.244537602637592 ], [ 69.393448189998097, 41.244532634734604 ], [ 69.393447059019152, 41.244463675068808 ], [ 69.393442389576308, 41.244402030422251 ], [ 69.393438005797734, 41.244328214149 ], [ 69.393431884677383, 41.244263599427711 ], [ 69.393422859303712, 41.24419250370763 ], [ 69.393415430236317, 41.244148717021645 ], [ 69.393399898365061, 41.244068177703681 ], [ 69.393383690062365, 41.243994402255829 ], [ 69.39336751589569, 41.243926305925093 ], [ 69.393349258535849, 41.243869304508195 ], [ 69.393339076132122, 41.243837122562901 ], [ 69.393329171307798, 41.24380581869093 ], [ 69.393301840963602, 41.243729647111572 ], [ 69.39328543053999, 41.243681835082199 ], [ 69.393268339193369, 41.24363997445159 ], [ 69.393243967899735, 41.243579207795662 ], [ 69.393218934547704, 41.243527368587117 ], [ 69.393196051762487, 41.243475792090109 ], [ 69.393161599574697, 41.243406946812229 ], [ 69.393102561395892, 41.243301134307522 ], [ 69.393047217089546, 41.243213699531815 ], [ 69.392985001569613, 41.243115740967689 ], [ 69.392939103946802, 41.243050180077567 ], [ 69.392869043439475, 41.242958467941001 ], [ 69.392815268489926, 41.242893745142233 ], [ 69.392748884787096, 41.242817706916981 ], [ 69.392743495793695, 41.242811835113088 ], [ 69.392681081746076, 41.242743836167833 ], [ 69.392689127057736, 41.242736850516707 ], [ 69.392690802415757, 41.242735512422023 ], [ 69.392691871410946, 41.242734658635158 ], [ 69.392691900157018, 41.242734634993909 ], [ 69.392692016039703, 41.242734542455295 ], [ 69.392694341777954, 41.24273268492847 ], [ 69.392709543967541, 41.242720540754441 ], [ 69.39272037405658, 41.242711888729943 ], [ 69.392725448639609, 41.242707835267169 ], [ 69.392735870893532, 41.242699508814923 ], [ 69.392743147247359, 41.242693696441314 ], [ 69.392760821600589, 41.242679576525376 ], [ 69.392762495161946, 41.242678239780425 ], [ 69.392778656752228, 41.242665328943559 ], [ 69.392780750725166, 41.242663656492155 ], [ 69.392794557831081, 41.242652626147361 ], [ 69.392814415988752, 41.24263676217118 ], [ 69.392816789337715, 41.242634866815536 ], [ 69.39281779724746, 41.242634060985402 ], [ 69.393074373160601, 41.242429092060256 ], [ 69.39299178654494, 41.242376886511188 ], [ 69.392923669093577, 41.242333826763662 ], [ 69.392906940666364, 41.242323252304438 ], [ 69.392862098564024, 41.242294031528736 ], [ 69.392653280684669, 41.242157960214598 ], [ 69.392123785808423, 41.241817186610547 ], [ 69.391256398621195, 41.241259009175586 ], [ 69.390626162177455, 41.240855140059786 ], [ 69.390128632053958, 41.240532059452015 ], [ 69.38953759449592, 41.240151297096745 ], [ 69.389024969980738, 41.23982335958263 ], [ 69.388272885153498, 41.239340604932003 ], [ 69.38759176813204, 41.238911023072738 ], [ 69.387505945784753, 41.238857229304607 ], [ 69.387228686162175, 41.238683440038542 ], [ 69.38697547713474, 41.23852472561979 ], [ 69.386770413314935, 41.238396896451107 ], [ 69.386315130959261, 41.238113088782391 ], [ 69.385695573687613, 41.237727933639604 ], [ 69.385071673959828, 41.237333778299977 ], [ 69.385060386628297, 41.237326646833793 ], [ 69.384919679013777, 41.23723830427079 ], [ 69.384460827651466, 41.236950216855028 ], [ 69.383576943802396, 41.236394387877745 ], [ 69.383131295878158, 41.236121034839826 ], [ 69.382139320445887, 41.235503652506466 ], [ 69.381467457868482, 41.23508098055774 ], [ 69.381350857442897, 41.235007625961551 ], [ 69.38077657526155, 41.234628779703193 ], [ 69.379562792310907, 41.233843378072997 ], [ 69.379304612904974, 41.233680904582208 ], [ 69.3788673489573, 41.233401007524726 ], [ 69.378019196496965, 41.232873647133957 ], [ 69.377270077008475, 41.232400803801006 ], [ 69.376804794607082, 41.232100914403269 ], [ 69.37614879627759, 41.231676313294379 ], [ 69.375145999739388, 41.231027970829281 ], [ 69.374316449591973, 41.230493897542182 ], [ 69.374059478420108, 41.230328455280471 ], [ 69.373021546974542, 41.229663918170061 ], [ 69.371827011327127, 41.228893602657635 ], [ 69.371561888842407, 41.22872306428085 ], [ 69.371532089029486, 41.228703895896764 ], [ 69.370868024727045, 41.228276740525246 ], [ 69.369995358140912, 41.227722358617676 ], [ 69.369966956106595, 41.227704315522494 ], [ 69.368901643112835, 41.227013918480445 ], [ 69.367941392583134, 41.226389444497329 ], [ 69.36693039801969, 41.225724530882118 ], [ 69.366002184107941, 41.225122928728879 ], [ 69.364876853771761, 41.22439409284646 ], [ 69.364573521446388, 41.224197634715246 ], [ 69.363238066182078, 41.223336891461379 ], [ 69.362959100658813, 41.223157299524317 ], [ 69.361790040334569, 41.222404709351153 ], [ 69.361566899716323, 41.222261064874111 ], [ 69.360442621307314, 41.22153732012611 ], [ 69.360442274557627, 41.221537096474911 ], [ 69.360416527044961, 41.22152052196035 ], [ 69.359642275389774, 41.221021955491004 ], [ 69.359584631396288, 41.220984836523577 ], [ 69.359584416698951, 41.220984698007292 ], [ 69.359584017846956, 41.220984441921146 ], [ 69.359185868343374, 41.220728054585237 ], [ 69.359064763764977, 41.220650068905108 ], [ 69.358841796521574, 41.220507384113645 ], [ 69.358080430300816, 41.22002014747558 ], [ 69.357787173479693, 41.219832476534201 ], [ 69.356626353401566, 41.219080670436831 ], [ 69.355597761739972, 41.218425844592112 ], [ 69.354849913367644, 41.217937718740423 ], [ 69.354532371491118, 41.217730051922771 ], [ 69.354466363284033, 41.217686883365296 ], [ 69.354111006825633, 41.217454485553212 ], [ 69.353782709420216, 41.217238305735002 ], [ 69.353667256143268, 41.217162280912362 ], [ 69.353474994214579, 41.217035676290138 ], [ 69.352829184577061, 41.216627579461452 ], [ 69.352733241809759, 41.216567855354498 ], [ 69.352195491416055, 41.216233107023385 ], [ 69.351856603771765, 41.215994450742727 ], [ 69.350819024465792, 41.215263746719607 ], [ 69.350411546856265, 41.214975018492311 ], [ 69.350196056290955, 41.214811652747713 ], [ 69.349928174181684, 41.214608567759988 ], [ 69.348962903866166, 41.213890622192487 ], [ 69.348345079444655, 41.213431930677707 ], [ 69.347822415357868, 41.213043885824611 ], [ 69.347813782547959, 41.21303747613554 ], [ 69.347250653849187, 41.212619264359802 ], [ 69.347082290700314, 41.212494226180283 ], [ 69.346629002604615, 41.212157581036621 ], [ 69.345517320372494, 41.211333692284185 ], [ 69.344759333613865, 41.21077369077944 ], [ 69.344534901218225, 41.210607879648961 ], [ 69.343745588409007, 41.210013962203995 ], [ 69.343415498864587, 41.209770532325571 ], [ 69.342985157334468, 41.209453165465334 ], [ 69.34243142501353, 41.20903828145471 ], [ 69.341627660108017, 41.208443702327067 ], [ 69.340937536577542, 41.207921495207302 ], [ 69.340099075142462, 41.207299628744977 ], [ 69.339610409594215, 41.206938774854564 ], [ 69.339536190785424, 41.206883968061263 ], [ 69.339160445265037, 41.206606498124053 ], [ 69.338036552233277, 41.20576813042684 ], [ 69.336771704550301, 41.204821547529363 ], [ 69.336591941780497, 41.204688084078036 ], [ 69.335672009437388, 41.204005083361068 ], [ 69.335300799510847, 41.203729596376476 ], [ 69.335197844494431, 41.203653190210048 ], [ 69.334624614240298, 41.203227775827642 ], [ 69.333962714877686, 41.202731703825208 ], [ 69.333479890175411, 41.202369835253776 ], [ 69.333001260605513, 41.202012381590173 ], [ 69.3326156399052, 41.201722485748228 ], [ 69.332436457447017, 41.20158778112647 ], [ 69.332391221882574, 41.201553522310725 ], [ 69.33080285852644, 41.200350570079543 ], [ 69.330537524937583, 41.200149318540568 ], [ 69.330445110752763, 41.200079223174747 ], [ 69.329971111998134, 41.199720092236916 ], [ 69.329954632404238, 41.199707631182896 ], [ 69.329582083987958, 41.199425930024965 ], [ 69.329036034957653, 41.199010162550096 ], [ 69.328987496287894, 41.198973204802662 ], [ 69.32857711801833, 41.198662382548669 ], [ 69.327974212817082, 41.198207237643189 ], [ 69.327447952774207, 41.197806987829367 ], [ 69.326822217788319, 41.19733279052825 ], [ 69.326701325212312, 41.197241398191203 ], [ 69.326115113403986, 41.19679822915375 ], [ 69.325461866614219, 41.196296928656771 ], [ 69.325249710595244, 41.196134119217568 ], [ 69.325228558863557, 41.1961180844309 ], [ 69.3249490058421, 41.19590615341761 ], [ 69.324335653234087, 41.195441165047605 ], [ 69.324175176395116, 41.195319539379007 ], [ 69.323397291054604, 41.194729976952644 ], [ 69.323332154213361, 41.194680278309391 ], [ 69.323036843843482, 41.194454959249498 ], [ 69.322818566704186, 41.194288415931219 ], [ 69.322799452351546, 41.194273808330394 ], [ 69.322112931963673, 41.193749124940965 ], [ 69.321630217754162, 41.193382332254693 ], [ 69.321468658445241, 41.193259570501979 ], [ 69.321348240179731, 41.193168069729417 ], [ 69.321111568238337, 41.192988232730706 ], [ 69.320974796143105, 41.192884305052743 ], [ 69.320969516744157, 41.192880293115486 ], [ 69.32064154183395, 41.19263052638658 ], [ 69.319770092465021, 41.191966875750893 ], [ 69.319223416410637, 41.191551786236886 ], [ 69.318822763302364, 41.191247569728588 ], [ 69.317821230693781, 41.190486317877095 ], [ 69.317547072055589, 41.190277647937144 ], [ 69.317252340200753, 41.190053318272525 ], [ 69.316490184360887, 41.189474215036618 ], [ 69.316090344227916, 41.189170405977443 ], [ 69.315784545128793, 41.188937983263664 ], [ 69.315715319156368, 41.188885367250734 ], [ 69.315319962514991, 41.18858487473549 ], [ 69.315193980982926, 41.188489121318497 ], [ 69.315077614119318, 41.188400674922399 ], [ 69.314925452086598, 41.188286556971427 ], [ 69.314561947010247, 41.188013935765611 ], [ 69.314458479954169, 41.187936336988109 ], [ 69.314386956091241, 41.187882695307337 ], [ 69.314319846549608, 41.187832364108715 ], [ 69.314284738591681, 41.187806034030267 ], [ 69.314226133400865, 41.187762081136697 ], [ 69.314217829374371, 41.187755852851893 ], [ 69.314213661191474, 41.187758745593825 ], [ 69.31418248695617, 41.187780384705434 ], [ 69.314121801267135, 41.187822506893319 ], [ 69.314094099918719, 41.187841734580068 ], [ 69.31407182169967, 41.187857198119566 ], [ 69.314072398418062, 41.187857642272022 ], [ 69.314030931286254, 41.18788666631292 ], [ 69.313788938623418, 41.188056044958678 ], [ 69.313714502422371, 41.188108145152277 ], [ 69.313586911109297, 41.188197450498691 ], [ 69.31353753700634, 41.188232009024887 ], [ 69.313355665890541, 41.188359305523413 ], [ 69.312716700517171, 41.188806533738891 ], [ 69.311996822987822, 41.18931039082878 ], [ 69.311675514475311, 41.189535280750363 ], [ 69.311626485325419, 41.189569596557632 ], [ 69.311255319416347, 41.189829381953608 ], [ 69.310772094065427, 41.190167596061883 ], [ 69.310585227418329, 41.190298383748313 ], [ 69.309440895917263, 41.191099306019524 ], [ 69.309148783549801, 41.191303755128111 ], [ 69.306639531144754, 41.193059948572774 ], [ 69.306483141640328, 41.19316940140282 ], [ 69.304630149872821, 41.194466252563608 ], [ 69.304576657892625, 41.194503689409416 ], [ 69.304488367873233, 41.194565480470843 ], [ 69.304488301397882, 41.194565481822785 ], [ 69.304488314872643, 41.194565519000669 ], [ 69.30347660255525, 41.195273573804926 ], [ 69.297788355191855, 41.199254394890779 ], [ 69.294653083035001, 41.201448461244844 ], [ 69.29417800091214, 41.201780915565912 ], [ 69.288512204244327, 41.205745632177475 ], [ 69.288486103693742, 41.205763894222464 ], [ 69.288449244020995, 41.205747014959343 ], [ 69.288446639805017, 41.205745801814949 ], [ 69.288431253460828, 41.205738634462762 ], [ 69.288294201989487, 41.205674784505121 ], [ 69.288226516627788, 41.205641647032472 ], [ 69.28815883306271, 41.205608511570574 ], [ 69.288104767058996, 41.205582041306833 ], [ 69.288073420347146, 41.205566694144956 ], [ 69.288062512104673, 41.205561354267154 ], [ 69.288028365344104, 41.205544636479594 ], [ 69.288012526249005, 41.205536881792895 ], [ 69.287991836251393, 41.205526752172858 ], [ 69.287955168818101, 41.205508799600494 ], [ 69.287837137376314, 41.205452826444997 ], [ 69.287831498651258, 41.205450152108483 ], [ 69.287773617502538, 41.205422702474316 ], [ 69.287770608146374, 41.205421274403655 ], [ 69.287759981076533, 41.20541623526718 ], [ 69.287754657660173, 41.205413711643679 ], [ 69.287683202967514, 41.205379824520897 ], [ 69.287454215215064, 41.205264089794071 ], [ 69.287121381317476, 41.205102129228976 ], [ 69.287072182385984, 41.205078188479568 ], [ 69.287055208718698, 41.205071792203036 ], [ 69.286940261193266, 41.20502847471468 ], [ 69.286896868073484, 41.205012122428016 ], [ 69.286868611566206, 41.205001474346595 ], [ 69.286791504673786, 41.204976879333287 ], [ 69.286668295342693, 41.204972475465823 ], [ 69.286592025680136, 41.204969750420588 ], [ 69.286317526580433, 41.204980061931636 ], [ 69.286257762562897, 41.204982306444016 ], [ 69.286184363915993, 41.204985063929733 ], [ 69.286054349846566, 41.204986340618554 ], [ 69.285763940684916, 41.204968946829588 ], [ 69.285193227510177, 41.204935089889908 ], [ 69.28509068841376, 41.204928702385502 ], [ 69.28467806166104, 41.204902997590658 ], [ 69.284467702272664, 41.204893227427497 ], [ 69.284423513245514, 41.204891175530854 ], [ 69.284054352376131, 41.204874030431441 ], [ 69.283495563438478, 41.204837436902366 ], [ 69.283451490294013, 41.204834549646115 ], [ 69.283423014597815, 41.204832684959719 ], [ 69.283087142597921, 41.204810631777903 ], [ 69.283071846085249, 41.20480868463639 ], [ 69.283048219494987, 41.204805677752269 ], [ 69.283011574519591, 41.204801012992789 ], [ 69.283006310392025, 41.204800342543386 ], [ 69.282988819295113, 41.204795126284772 ], [ 69.282959391384736, 41.204786350966131 ], [ 69.282821467649271, 41.204745219009752 ], [ 69.282819248810512, 41.204744556670036 ], [ 69.282647428046118, 41.204710657711161 ], [ 69.282491926077185, 41.204676698583398 ], [ 69.282440212761216, 41.204665405679229 ], [ 69.282340407238209, 41.20465587203082 ], [ 69.282012113426049, 41.204624508845434 ], [ 69.282008986390551, 41.204624106034061 ], [ 69.281897001508923, 41.204609695386985 ], [ 69.28171404522827, 41.204586151862216 ], [ 69.281513134320036, 41.204538976249644 ], [ 69.281423448318677, 41.204522686019743 ], [ 69.281383646663386, 41.204515457030368 ], [ 69.281356641509319, 41.204509410793861 ], [ 69.281356510355295, 41.204509376325056 ], [ 69.281343164085129, 41.204506387675387 ], [ 69.281123016653382, 41.20472686476392 ], [ 69.281043152831359, 41.204763195446581 ], [ 69.281008032296995, 41.204779172019251 ], [ 69.280719017320635, 41.204813175024469 ], [ 69.280619826245299, 41.204824843003209 ], [ 69.280435272760073, 41.205015553738903 ], [ 69.280405581643279, 41.205046234800484 ], [ 69.280404972585515, 41.205046864696108 ], [ 69.280219650142413, 41.20523836891055 ], [ 69.279350622631497, 41.206136364214593 ], [ 69.280156685427514, 41.206688765753569 ], [ 69.280184682321661, 41.206707952755565 ], [ 69.280296935799555, 41.20678488115535 ], [ 69.280386998195027, 41.206846601149209 ], [ 69.280553617713892, 41.20696078406575 ], [ 69.28058755247207, 41.206984038831003 ], [ 69.280952219070102, 41.207233938670811 ], [ 69.281382069221749, 41.207528505751107 ], [ 69.281547313419964, 41.207661438291673 ], [ 69.28161329737253, 41.207714519725428 ], [ 69.281696355603685, 41.207809848987473 ], [ 69.281755194356478, 41.207877380780957 ], [ 69.28200336024193, 41.208162207053029 ], [ 69.282079183441809, 41.20824923117965 ], [ 69.282122944870878, 41.208299456796716 ], [ 69.28258973105207, 41.208835190708783 ], [ 69.282883015720984, 41.209086531743544 ], [ 69.283218231052388, 41.209420294823126 ], [ 69.283458173759726, 41.209780130106033 ], [ 69.283584098697943, 41.209968974699528 ], [ 69.283639090864682, 41.21005613766566 ], [ 69.283710541964055, 41.21016295415879 ], [ 69.283792792609802, 41.210285916682956 ], [ 69.283923634027559, 41.210481517792445 ], [ 69.283960793737592, 41.210559466939266 ], [ 69.284005390599873, 41.21070915980301 ], [ 69.284094203438769, 41.211194226231662 ], [ 69.284133095100685, 41.211672237245082 ], [ 69.284210021431718, 41.212457342274021 ], [ 69.284211388667572, 41.212471284906641 ], [ 69.28432803670384, 41.212659648689645 ], [ 69.284528236146372, 41.212973756290921 ], [ 69.28456356868314, 41.213013984298719 ], [ 69.284870795205251, 41.213363776829269 ], [ 69.28500934326982, 41.213497290161101 ], [ 69.285413385721696, 41.213765758762698 ], [ 69.285637412977138, 41.213914613778456 ], [ 69.285981570138901, 41.214125282271503 ], [ 69.286417067998769, 41.214472763855071 ], [ 69.286658847760847, 41.214728370213457 ], [ 69.286852608977725, 41.214926146124519 ], [ 69.287229524104632, 41.21531086797301 ], [ 69.287910055424533, 41.216177526861884 ], [ 69.28802561470269, 41.216322988243256 ], [ 69.288156131828643, 41.216487277322543 ], [ 69.288315701369186, 41.216650807140113 ], [ 69.288316229578584, 41.2166513497544 ], [ 69.288370425837954, 41.216706890320687 ], [ 69.288800529314557, 41.217147658820778 ], [ 69.289074121115789, 41.217582342157435 ], [ 69.28935536566496, 41.217969724235573 ], [ 69.289540712362594, 41.218249956289689 ], [ 69.289798722885223, 41.218600849263765 ], [ 69.289879783263189, 41.218716917851125 ], [ 69.28988741085827, 41.218727838715346 ], [ 69.289933726197688, 41.218794155796381 ], [ 69.290048132039018, 41.218987282018929 ], [ 69.290075182108865, 41.219032943085168 ], [ 69.290104660324914, 41.219082704320051 ], [ 69.290126965493414, 41.219126401035844 ], [ 69.290206102578352, 41.219281434001729 ], [ 69.290229979798582, 41.219328211129231 ], [ 69.290230767621125, 41.219329993642084 ], [ 69.290235099297419, 41.219339794083282 ], [ 69.290259643965911, 41.219395320879791 ], [ 69.290263460907582, 41.219403955719422 ], [ 69.29026495121262, 41.219407327489236 ], [ 69.29032483740103, 41.219542808974097 ], [ 69.29033094055508, 41.21955661563144 ], [ 69.290334179879991, 41.219563943638811 ] ] ] ] } },
{ "type": "Feature", "properties": { "id": 170, "reg_name": "Toshkent shahri", "reg_kiril": "Тошкент шаҳри", "dist_name": "Uchtepa tumani", "dist_kir": "Учтепа тумани", "cad_id": "10:01", "shp_len": 37671.776518574698, "shp_area": 49961643.244097687 }, "geometry": { "type": "MultiPolygon", "coordinates": [ [ [ [ 69.168017594500654, 41.328201517722803 ], [ 69.168021291966369, 41.328118295391647 ], [ 69.168205925401637, 41.328129528513585 ], [ 69.168620158342108, 41.328161086074658 ], [ 69.168923328970706, 41.328181372732793 ], [ 69.169256515906199, 41.328185880953171 ], [ 69.169644424615569, 41.328185324424389 ], [ 69.169850849383025, 41.328172356291162 ], [ 69.171163554812765, 41.328066194781243 ], [ 69.172810511681618, 41.327962726032261 ], [ 69.174978936979656, 41.327811373127254 ], [ 69.177772299559578, 41.327635881838866 ], [ 69.179426868752174, 41.327510996961728 ], [ 69.181856808002451, 41.327358337677921 ], [ 69.183538537757656, 41.327252683482513 ], [ 69.185146289452547, 41.327127379624301 ], [ 69.186637994982433, 41.327033663314282 ], [ 69.187098537872401, 41.327004730046809 ], [ 69.189394827571363, 41.326860465574711 ], [ 69.191141809152143, 41.326759030164347 ], [ 69.192858773527732, 41.326637306788818 ], [ 69.194195172023086, 41.326501751235284 ], [ 69.194002193238831, 41.326326370426827 ], [ 69.19390268236323, 41.326235934221593 ], [ 69.193805641854638, 41.326119686285701 ], [ 69.193573062637697, 41.325841076537088 ], [ 69.193507390400555, 41.325762412872791 ], [ 69.193340481624119, 41.325562466946415 ], [ 69.193204875542079, 41.325365416505143 ], [ 69.193132807300103, 41.325212551834873 ], [ 69.193086970762735, 41.325060459237505 ], [ 69.193066201713378, 41.324903820734178 ], [ 69.193063398071374, 41.324762459879047 ], [ 69.193131732915049, 41.323137041328074 ], [ 69.193131997918044, 41.323130761173097 ], [ 69.193136752700823, 41.322446879099921 ], [ 69.193136407747758, 41.322425791208019 ], [ 69.193136136456545, 41.322409382613273 ], [ 69.193137733661118, 41.322313688890901 ], [ 69.193137730966185, 41.322115072223546 ], [ 69.193137730067861, 41.32209054489222 ], [ 69.193137730067861, 41.322018762118873 ], [ 69.193150434042607, 41.321606635542835 ], [ 69.193150878708678, 41.321592256084728 ], [ 69.1931734964909, 41.320858543297604 ], [ 69.193178064424103, 41.320710386610919 ], [ 69.193211241902503, 41.319809914756604 ], [ 69.193253846301474, 41.318247523053017 ], [ 69.193262166497661, 41.317845758091622 ], [ 69.193262587807496, 41.317838694789344 ], [ 69.19327495311741, 41.317631157907272 ], [ 69.193288536542823, 41.317307794583613 ], [ 69.193294692697464, 41.317120609534129 ], [ 69.193378306985792, 41.315307540912869 ], [ 69.193414926808344, 41.313956852790483 ], [ 69.193428405130859, 41.313077981092555 ], [ 69.193467614796376, 41.312156909725203 ], [ 69.193486402162236, 41.311703274225415 ], [ 69.193488738680287, 41.311635385474183 ], [ 69.193488886004005, 41.311631093378864 ], [ 69.193516779591889, 41.310820462584928 ], [ 69.193578379765881, 41.309454481527354 ], [ 69.193579786527593, 41.309145528000506 ], [ 69.193631498046912, 41.308243629798589 ], [ 69.193691146181791, 41.307203243395925 ], [ 69.193709638001906, 41.30675500086118 ], [ 69.193710148244989, 41.306742564931191 ], [ 69.193733175658977, 41.306184326284146 ], [ 69.193746518335914, 41.305852662005272 ], [ 69.193764244791396, 41.305412221182102 ], [ 69.19378241142141, 41.304952039553065 ], [ 69.193788101350407, 41.30481390561188 ], [ 69.193797635170512, 41.30458239731 ], [ 69.193809148877506, 41.304302791221595 ], [ 69.193853807723542, 41.302963522182047 ], [ 69.193860493884202, 41.302775986190454 ], [ 69.193866317662184, 41.302637817271574 ], [ 69.193868596688063, 41.302570085092697 ], [ 69.193880587400486, 41.302213694858274 ], [ 69.193948343729119, 41.300899867760499 ], [ 69.193973456132881, 41.300105654081229 ], [ 69.193979298775474, 41.29961038532398 ], [ 69.193980125225536, 41.299540273084702 ], [ 69.193980127022158, 41.299540078045318 ], [ 69.193990639107625, 41.298648743251469 ], [ 69.194028662996971, 41.2977515321111 ], [ 69.194031915796629, 41.297652588332738 ], [ 69.194223240782463, 41.292326236728023 ], [ 69.194236545730149, 41.29208694844975 ], [ 69.194237626403421, 41.292061128082054 ], [ 69.194246523318, 41.29184890863808 ], [ 69.19432626586746, 41.290630823037411 ], [ 69.194340540995626, 41.29027607051831 ], [ 69.194357276609395, 41.289860057889044 ], [ 69.194361680150891, 41.289750671704539 ], [ 69.194384087727357, 41.28919365242318 ], [ 69.194405530513166, 41.288589381120126 ], [ 69.19441603900539, 41.288293173860261 ], [ 69.194413871370585, 41.288000656134969 ], [ 69.194413661164802, 41.287972053164467 ], [ 69.19444525940493, 41.287037326162462 ], [ 69.194454309033105, 41.286850303284261 ], [ 69.194456900672691, 41.286796768369307 ], [ 69.194465007968134, 41.286503334019493 ], [ 69.194482677829768, 41.286045489529634 ], [ 69.194530906580738, 41.284884541389303 ], [ 69.194587722327526, 41.283790768785856 ], [ 69.194609901731894, 41.283183068839854 ], [ 69.194643578673578, 41.28244104523413 ], [ 69.19468847647147, 41.281539539192423 ], [ 69.194728809031091, 41.280850738354737 ], [ 69.195890896632108, 41.280074312581291 ], [ 69.196459269695509, 41.279702984760384 ], [ 69.196460016195516, 41.279702496676052 ], [ 69.197394311701728, 41.279092088009875 ], [ 69.1979887386033, 41.278698483980108 ], [ 69.197627353551027, 41.278335503997397 ], [ 69.197180613275393, 41.27788678424718 ], [ 69.195955808894539, 41.276630079383665 ], [ 69.19532354585148, 41.276311144706185 ], [ 69.19420388208809, 41.275649323358074 ], [ 69.194194685136196, 41.275643885909396 ], [ 69.194146239891268, 41.275620010818976 ], [ 69.193736339525429, 41.275417989694347 ], [ 69.193600968801988, 41.275351271647658 ], [ 69.193458749322843, 41.275308146542642 ], [ 69.192901144364725, 41.275139062666916 ], [ 69.189434561853005, 41.274299870942365 ], [ 69.188175137299396, 41.274002857513373 ], [ 69.187588931779288, 41.273864606719165 ], [ 69.187572313844854, 41.273860687517256 ], [ 69.186852414755919, 41.273690893691303 ], [ 69.184322858628846, 41.273092580162 ], [ 69.18380994216119, 41.27297366986221 ], [ 69.183319913868658, 41.272860064696907 ], [ 69.18293032890297, 41.272769744040701 ], [ 69.18049602923027, 41.272227577122301 ], [ 69.177613112701366, 41.271571361461504 ], [ 69.177265117038374, 41.271498078886815 ], [ 69.177263388679791, 41.271497619773349 ], [ 69.177263344662336, 41.271497610320999 ], [ 69.177261710626809, 41.271497267336194 ], [ 69.177202187357778, 41.271481523117053 ], [ 69.176107627913339, 41.271192002731063 ], [ 69.17600618116829, 41.271156379398143 ], [ 69.175789149992269, 41.271059508572492 ], [ 69.175623676723703, 41.270969512208517 ], [ 69.174287452501517, 41.270153418836365 ], [ 69.172926974664961, 41.269304542243589 ], [ 69.172226600458728, 41.268867532421581 ], [ 69.17169172018238, 41.269354596729443 ], [ 69.171167856844676, 41.269834401875741 ], [ 69.170624518929884, 41.269503098320222 ], [ 69.169992555025814, 41.269117678531011 ], [ 69.169717249239028, 41.268957347355318 ], [ 69.169484908973942, 41.268822039177053 ], [ 69.169011559701289, 41.268546369477093 ], [ 69.168042914415238, 41.268015658764149 ], [ 69.16787431231451, 41.267779258991204 ], [ 69.167720525229456, 41.267809621618952 ], [ 69.167587931198568, 41.267829447661768 ], [ 69.167411442787952, 41.267855836012167 ], [ 69.167191071675731, 41.267882946145285 ], [ 69.167137837512001, 41.267893070157612 ], [ 69.167041726759749, 41.267914418084899 ], [ 69.1667682005355, 41.267982906012769 ], [ 69.16671941482906, 41.267997487700661 ], [ 69.166586377928752, 41.268042329949161 ], [ 69.166513949462313, 41.268068108505773 ], [ 69.166451843536848, 41.268080476861712 ], [ 69.166361630224444, 41.268094003186981 ], [ 69.166266972946318, 41.268105301342864 ], [ 69.166206349241065, 41.268118784450024 ], [ 69.166142780858294, 41.268137852147547 ], [ 69.166091028016453, 41.268149089527739 ], [ 69.165996365348448, 41.26815815613336 ], [ 69.165922422322467, 41.268170540677048 ], [ 69.165787870862587, 41.268201990871638 ], [ 69.165632623116878, 41.26824016537411 ], [ 69.165418263530512, 41.268305216868001 ], [ 69.16523790068608, 41.268357938482346 ], [ 69.165057564791098, 41.268420707012027 ], [ 69.164942266024383, 41.268461056875665 ], [ 69.164831422003161, 41.268506982498309 ], [ 69.164627411907205, 41.268569783969369 ], [ 69.164426338403899, 41.268623652529165 ], [ 69.164302138231022, 41.268653967500455 ], [ 69.164090690982803, 41.268701150877256 ], [ 69.164036280924378, 41.268717713428863 ], [ 69.163817142300701, 41.26855485063146 ], [ 69.163476477788748, 41.268121115921957 ], [ 69.162936814881832, 41.267381106730028 ], [ 69.16261844206366, 41.267007388691709 ], [ 69.162114534799997, 41.266553626191566 ], [ 69.161904007426628, 41.266374620917929 ], [ 69.161539685781705, 41.266130832322098 ], [ 69.160306497424287, 41.265465264901863 ], [ 69.159532125394861, 41.265065168713228 ], [ 69.157913281302797, 41.264228748331298 ], [ 69.157695642865647, 41.26414672459881 ], [ 69.15685683827418, 41.263830597378359 ], [ 69.156202564710028, 41.263584869423518 ], [ 69.155959868666343, 41.263497429380351 ], [ 69.1546439544544, 41.263023323407417 ], [ 69.154618541115013, 41.263014166955173 ], [ 69.15458352837851, 41.26300155319732 ], [ 69.15449256137957, 41.262968779023652 ], [ 69.153770574605943, 41.262722488037241 ], [ 69.153069313762558, 41.26248326542062 ], [ 69.152606271759453, 41.262325307030082 ], [ 69.151927425679034, 41.262093731000796 ], [ 69.151560247391487, 41.261968900874486 ], [ 69.151261867478297, 41.261867459719362 ], [ 69.150440249454817, 41.261595052595624 ], [ 69.149803637667489, 41.261383983325842 ], [ 69.149224514465047, 41.261191974321143 ], [ 69.149130247954062, 41.261160719955967 ], [ 69.148798792970439, 41.26105082512963 ], [ 69.14877211120988, 41.261041978352026 ], [ 69.148739301142427, 41.261031100345654 ], [ 69.148713276948641, 41.261022471679304 ], [ 69.148699563267527, 41.261017925051028 ], [ 69.14869446263333, 41.261016234161708 ], [ 69.148689485068346, 41.26101458378885 ], [ 69.148688836484709, 41.261014368376046 ], [ 69.148687181787963, 41.261013820052469 ], [ 69.148686803597229, 41.261013693100722 ], [ 69.148675115617081, 41.261026650957589 ], [ 69.148674313421509, 41.261027540295018 ], [ 69.148661293239769, 41.261043368068052 ], [ 69.148628465206045, 41.261083272082367 ], [ 69.148604621223456, 41.261111608624397 ], [ 69.148574693849795, 41.261147173286822 ], [ 69.1485452380916, 41.26118217745281 ], [ 69.148446711769552, 41.261299263033955 ], [ 69.14834129806421, 41.261424531340637 ], [ 69.148142514366569, 41.261707345058696 ], [ 69.148141744510383, 41.261708541633823 ], [ 69.147924550739305, 41.262045605581982 ], [ 69.147908056772366, 41.262075326673632 ], [ 69.147734098915933, 41.26238878768207 ], [ 69.147730993439978, 41.26239438154483 ], [ 69.147709052987494, 41.262438268096012 ], [ 69.147694256836431, 41.262467863410549 ], [ 69.147660574504869, 41.26253523476985 ], [ 69.147554802371729, 41.262746798658789 ], [ 69.147433336670588, 41.263022311876085 ], [ 69.147427888388407, 41.263034669708496 ], [ 69.147396648576077, 41.263105525467473 ], [ 69.147367921351588, 41.263180725051654 ], [ 69.147257816643858, 41.2634689419423 ], [ 69.147209655266536, 41.263613540478566 ], [ 69.147159320864532, 41.263764662930313 ], [ 69.147135334049807, 41.263836677294805 ], [ 69.147104452665275, 41.263950749225387 ], [ 69.147079037529281, 41.264044627788458 ], [ 69.147071875261503, 41.264071082491853 ], [ 69.147035618358331, 41.264205003439272 ], [ 69.14702556980356, 41.264248035267912 ], [ 69.146977496461133, 41.264453910115122 ], [ 69.146956702258947, 41.264542959997407 ], [ 69.14694969090813, 41.264572986510771 ], [ 69.146925597193913, 41.264715404962907 ], [ 69.14689963947545, 41.264868837546182 ], [ 69.146885965320209, 41.264949661830158 ], [ 69.146861279616203, 41.265188191401542 ], [ 69.146849825198018, 41.265298877388652 ], [ 69.146847759072855, 41.265318837889531 ], [ 69.14682638096572, 41.265619402686589 ], [ 69.146821078210607, 41.265693948457148 ], [ 69.146811173386268, 41.265914001165783 ], [ 69.146805424168434, 41.266041729236896 ], [ 69.14680401291514, 41.266073084575204 ], [ 69.146792064423551, 41.266305431774519 ], [ 69.146789041592612, 41.266364229283035 ], [ 69.146785328855529, 41.266436416337676 ], [ 69.146782381483092, 41.266489631695485 ], [ 69.146764920928916, 41.266804909451103 ], [ 69.146756808243595, 41.266957495808136 ], [ 69.146751582743576, 41.267055767709955 ], [ 69.146746831554054, 41.26714512261583 ], [ 69.146745275671989, 41.267174372114475 ], [ 69.146744773513745, 41.26718815048131 ], [ 69.146731678771815, 41.267547161461621 ], [ 69.146724426672549, 41.267673789802743 ], [ 69.146722229393347, 41.267712151646116 ], [ 69.146720810953539, 41.267736916849181 ], [ 69.146716542159297, 41.267811454800629 ], [ 69.146713919977003, 41.267857235036011 ], [ 69.146710441700208, 41.267917959529584 ], [ 69.14670688077841, 41.268003659731953 ], [ 69.146695123627964, 41.268286598902648 ], [ 69.146687677492594, 41.26841708659633 ], [ 69.146684925952897, 41.268465304548073 ], [ 69.146676713554555, 41.268609196567738 ], [ 69.146675712831311, 41.268626717246612 ], [ 69.146673935065365, 41.26865786608392 ], [ 69.146652665654386, 41.269035218688735 ], [ 69.146640877062907, 41.269258490246244 ], [ 69.146639691286751, 41.26928096191812 ], [ 69.146606210177779, 41.269915069447414 ], [ 69.14659721714348, 41.270085395684625 ], [ 69.146594659639888, 41.270133841965844 ], [ 69.146592346478016, 41.27017764904565 ], [ 69.146567641011075, 41.270616216506816 ], [ 69.146563743221037, 41.270685399731882 ], [ 69.146550300831152, 41.270940184064479 ], [ 69.146538177168082, 41.271169957074243 ], [ 69.146521168466478, 41.271492322413536 ], [ 69.146520932209569, 41.271496802821389 ], [ 69.146506800811821, 41.271764630860687 ], [ 69.146504230731793, 41.271813331107658 ], [ 69.14648875006452, 41.272106710656978 ], [ 69.146474134474843, 41.272366671279961 ], [ 69.146464605146306, 41.272536175532437 ], [ 69.146443854961532, 41.272905241181846 ], [ 69.146421366536728, 41.273253832212511 ], [ 69.146420567036117, 41.273266227267172 ], [ 69.14641359341455, 41.273374327248298 ], [ 69.146408621239488, 41.273451398665635 ], [ 69.146394883303842, 41.27366434363924 ], [ 69.14638639512269, 41.273795914991702 ], [ 69.146342531285697, 41.274502182460168 ], [ 69.14632900535247, 41.274719966064218 ], [ 69.146309144499838, 41.275004334410312 ], [ 69.146303878575651, 41.275079739032947 ], [ 69.146294311517863, 41.275216709910637 ], [ 69.146269641983537, 41.275569910502512 ], [ 69.146248998698312, 41.276002350128493 ], [ 69.14623852524042, 41.276221751036189 ], [ 69.146239056144765, 41.276459238230743 ], [ 69.146239362470268, 41.276596694321277 ], [ 69.146245524913098, 41.27666445617065 ], [ 69.146252834504594, 41.276744835130977 ], [ 69.146267149158632, 41.276902236102877 ], [ 69.146285518807872, 41.277104225629422 ], [ 69.146299837055182, 41.277261668941499 ], [ 69.146302911090118, 41.277295470204756 ], [ 69.14630440948001, 41.277308054196986 ], [ 69.146315135364475, 41.277398130261496 ], [ 69.146332405475817, 41.27754317322362 ], [ 69.146342080331422, 41.277624418609946 ], [ 69.146366480371171, 41.277829335166722 ], [ 69.146369870613057, 41.277844468238449 ], [ 69.146407898993985, 41.278014240458639 ], [ 69.146410764619731, 41.27802703426817 ], [ 69.14641897881468, 41.278054190134988 ], [ 69.146464008664964, 41.278203055391927 ], [ 69.146484678001315, 41.278269993305628 ], [ 69.146500228737196, 41.27832035281191 ], [ 69.146501018356346, 41.278322909401737 ], [ 69.146580221018297, 41.278579405667514 ], [ 69.14659231863024, 41.278615844512963 ], [ 69.146652546178487, 41.278797246552735 ], [ 69.146735029487871, 41.279045683094559 ], [ 69.146740224445139, 41.279061328951649 ], [ 69.146832205642013, 41.279327560430708 ], [ 69.146865699327392, 41.279424506073035 ], [ 69.146928904790798, 41.279607447754927 ], [ 69.147055277090004, 41.279965722111839 ], [ 69.147109458976374, 41.280119330830701 ], [ 69.147136268297729, 41.280214532248792 ], [ 69.147254605166722, 41.280634758747425 ], [ 69.147292201457972, 41.280749078783572 ], [ 69.147326776714962, 41.280854212265751 ], [ 69.147352847621136, 41.28093348637848 ], [ 69.147384962392522, 41.28103113913216 ], [ 69.147393493692789, 41.281052247164482 ], [ 69.147415476366106, 41.281106636027296 ], [ 69.147446441293951, 41.281183252095822 ], [ 69.147469877441395, 41.281241234226584 ], [ 69.147484159756118, 41.281276578654442 ], [ 69.14748430348655, 41.281276935089167 ], [ 69.147469977154401, 41.281302505900136 ], [ 69.147469773236821, 41.281302875160925 ], [ 69.147469692388469, 41.28130302232524 ], [ 69.147467498702511, 41.281307026138514 ], [ 69.147467335209143, 41.281307429827649 ], [ 69.147446344275906, 41.281359216102672 ], [ 69.147444178437766, 41.281364559241233 ], [ 69.147439439824652, 41.281376208159315 ], [ 69.147439424553269, 41.28137624258764 ], [ 69.147434392191045, 41.281379993247157 ], [ 69.147421705284273, 41.281389450902857 ], [ 69.147410949755397, 41.281397469319693 ], [ 69.147407170543005, 41.281400287038885 ], [ 69.147374925515862, 41.281424334856645 ], [ 69.147370378243878, 41.281427390872352 ], [ 69.147370140190361, 41.28142755086256 ], [ 69.147369077483347, 41.281428266430659 ], [ 69.147363286044722, 41.281432224331915 ], [ 69.147339618131952, 41.28144677331295 ], [ 69.147248821812909, 41.281502586230879 ], [ 69.147237687194959, 41.281508428229472 ], [ 69.147230850117339, 41.281512016191201 ], [ 69.147226912801443, 41.281514081884964 ], [ 69.147226552577038, 41.281514270227603 ], [ 69.147208406608272, 41.281520989807433 ], [ 69.147207474157014, 41.281521336114857 ], [ 69.147202236978899, 41.281523280971975 ], [ 69.147202201046284, 41.281523289747852 ], [ 69.147192845092619, 41.281525513406002 ], [ 69.147189268899467, 41.281526362635482 ], [ 69.147176330464447, 41.281529432822772 ], [ 69.147164533788128, 41.281530801175741 ], [ 69.147163860949959, 41.281530878808006 ], [ 69.147149515753213, 41.281532536088022 ], [ 69.147149478023977, 41.281532539463292 ], [ 69.147135951192411, 41.281532555664832 ], [ 69.147135915259796, 41.281532556339904 ], [ 69.147122374055201, 41.281532572541394 ], [ 69.147081216842167, 41.281530262475393 ], [ 69.147036145669389, 41.281527729638412 ], [ 69.147032937785525, 41.281527435310871 ], [ 69.147027399671785, 41.281526928338444 ], [ 69.147018641097787, 41.281526098685788 ], [ 69.147006167091718, 41.281523827773178 ], [ 69.147005726917243, 41.281523747440659 ], [ 69.146996365573656, 41.281522042906047 ], [ 69.146958663281211, 41.281513219154036 ], [ 69.14692554778658, 41.281505468751611 ], [ 69.146902445812387, 41.281500596818901 ], [ 69.146855589687178, 41.28149070916384 ], [ 69.146855551957941, 41.281490705788514 ], [ 69.146844755106528, 41.281489782976664 ], [ 69.14679192248974, 41.281485295829007 ], [ 69.146788115429558, 41.281484971798477 ], [ 69.146726552984816, 41.28147974410566 ], [ 69.146719982706841, 41.281479179077351 ], [ 69.1467119400901, 41.28147849726308 ], [ 69.146709888337995, 41.281479098069752 ], [ 69.1467044580221, 41.281480689869859 ], [ 69.146275871800057, 41.281362098629785 ], [ 69.146275844850607, 41.281362090529015 ], [ 69.145973504265299, 41.281237206781945 ], [ 69.145928330684612, 41.28120538820523 ], [ 69.145788583369125, 41.281106971535898 ], [ 69.145623116388734, 41.280990441951701 ], [ 69.145462651227845, 41.280896310300776 ], [ 69.145370225364886, 41.28084209205543 ], [ 69.145283624178234, 41.280791289623281 ], [ 69.145230679272032, 41.280760226908775 ], [ 69.144804611027709, 41.28064598790084 ], [ 69.144804564315322, 41.280645975074449 ], [ 69.144804203192592, 41.280645875838857 ], [ 69.144804161870056, 41.280645854236525 ], [ 69.144493881076002, 41.28046082003511 ], [ 69.144493858618105, 41.280460804508394 ], [ 69.144400245182354, 41.280351934525733 ], [ 69.14415748086671, 41.280069593109459 ], [ 69.143959652078223, 41.279803905397166 ], [ 69.143753029681406, 41.279526406012074 ], [ 69.143696619973142, 41.279425723926217 ], [ 69.143656923420735, 41.27935487170118 ], [ 69.143634608370732, 41.279332265104379 ], [ 69.143601457841811, 41.279298680923503 ], [ 69.143521054132307, 41.279217226319062 ], [ 69.143371795454613, 41.279066020817794 ], [ 69.143294524170486, 41.278987727366911 ], [ 69.143273744341315, 41.2789757789578 ], [ 69.143240838154185, 41.278956850793847 ], [ 69.143132336040892, 41.278894439390776 ], [ 69.14313230459986, 41.278894426564094 ], [ 69.142983170787957, 41.278842273109056 ], [ 69.142954366308359, 41.27883220007628 ], [ 69.142930111795707, 41.278823718231756 ], [ 69.142789850643865, 41.278769728470841 ], [ 69.142765929406153, 41.278760520219514 ], [ 69.14268966872676, 41.27865517071038 ], [ 69.142670337880162, 41.278628466730936 ], [ 69.142655861529363, 41.278608468443274 ], [ 69.142629776250118, 41.27857243329975 ], [ 69.142440953970691, 41.278447445650727 ], [ 69.142327433868218, 41.278372308880897 ], [ 69.141778822842738, 41.278139075014913 ], [ 69.141374378843935, 41.278065346146626 ], [ 69.14118816796703, 41.278078889305874 ], [ 69.141151057664302, 41.278102421221966 ], [ 69.141124097426015, 41.278119516066369 ], [ 69.140934516070146, 41.278131966905377 ], [ 69.140934486425735, 41.278131968930651 ], [ 69.140917866694664, 41.27813305786421 ], [ 69.14076569567878, 41.278080394101202 ], [ 69.140779709397208, 41.277910349987522 ], [ 69.140775504383384, 41.277881199137752 ], [ 69.140743671682969, 41.277660577820733 ], [ 69.140743682462741, 41.277660550816599 ], [ 69.140846661733676, 41.277401482837185 ], [ 69.14071839309085, 41.277142856700721 ], [ 69.140652912194852, 41.276940387290118 ], [ 69.140608897440885, 41.276804290923835 ], [ 69.140543138067144, 41.276642466370959 ], [ 69.14044934317171, 41.276411647289862 ], [ 69.140218194971013, 41.275990066988271 ], [ 69.140210536833195, 41.275976099419893 ], [ 69.140192806784441, 41.27594376181068 ], [ 69.140195270863245, 41.275922463092286 ], [ 69.140198989888532, 41.275890325292465 ], [ 69.14019906444868, 41.275889683927062 ], [ 69.140199040194204, 41.27588966164808 ], [ 69.140198644037156, 41.275889264001485 ], [ 69.140196477300691, 41.2758871009122 ], [ 69.139942039377928, 41.27563311633002 ], [ 69.139789230558208, 41.275480575228443 ], [ 69.139191690095814, 41.274963308058581 ], [ 69.138868529257209, 41.27474437889002 ], [ 69.138303198787654, 41.274361392181845 ], [ 69.137801567854908, 41.273953955007066 ], [ 69.137605544680156, 41.273794738892356 ], [ 69.137408054556488, 41.273643049578183 ], [ 69.137036160113723, 41.273357401298291 ], [ 69.136498059377047, 41.273021166763073 ], [ 69.136420737787276, 41.272995265259119 ], [ 69.13632078404224, 41.272961781791011 ], [ 69.135950573042294, 41.272837765745805 ], [ 69.135734077262214, 41.272778699954607 ], [ 69.135734052109356, 41.272778693203058 ], [ 69.135667477963679, 41.272760528191313 ], [ 69.1354938138563, 41.272713147227357 ], [ 69.135162193582659, 41.272586176228799 ], [ 69.134995688149786, 41.272496197497993 ], [ 69.134783646216889, 41.272381611847877 ], [ 69.134706416255256, 41.272342171144679 ], [ 69.134627201915208, 41.272301717004666 ], [ 69.134539649412659, 41.272257004611511 ], [ 69.134539624259844, 41.272256991783479 ], [ 69.134596236987363, 41.272204621700041 ], [ 69.134620964912187, 41.272181749314313 ], [ 69.134620937064426, 41.27218173176017 ], [ 69.134525445251384, 41.272128067333874 ], [ 69.13433916340756, 41.272023377555158 ], [ 69.134273702274498, 41.271986588671382 ], [ 69.13415168590609, 41.271807887938103 ], [ 69.133920181074203, 41.271546877906943 ], [ 69.133892738440593, 41.2714286251056 ], [ 69.13387325577871, 41.271344672683931 ], [ 69.133798992952492, 41.271310253260332 ], [ 69.13374874119549, 41.271286961956491 ], [ 69.133685545613559, 41.271257671764531 ], [ 69.133091128593449, 41.270766237071193 ], [ 69.132950443436783, 41.270611956821114 ], [ 69.132950417385629, 41.270611928463737 ], [ 69.132809476209118, 41.270457371026161 ], [ 69.132756368707859, 41.270399132875347 ], [ 69.132709456887099, 41.270347689672327 ], [ 69.132668261944801, 41.270319419929784 ], [ 69.132640512087363, 41.270300373799941 ], [ 69.132560205395919, 41.270245265642963 ], [ 69.132553335080615, 41.270240550861843 ], [ 69.132308801083852, 41.270072738730725 ], [ 69.132251627807591, 41.270033503913567 ], [ 69.132061859602146, 41.269903274669709 ], [ 69.131849116084979, 41.269545857932862 ], [ 69.131721910149167, 41.26942796678388 ], [ 69.13152688590101, 41.269247224699029 ], [ 69.131260969305544, 41.269099085779409 ], [ 69.13073851003459, 41.268896863522258 ], [ 69.130009569402333, 41.268744021747217 ], [ 69.129674821194882, 41.268706393772675 ], [ 69.129114820429933, 41.268527688111924 ], [ 69.128185658795573, 41.268285488198416 ], [ 69.127525547080396, 41.268055042663313 ], [ 69.127277044326704, 41.267951274758147 ], [ 69.126483760065625, 41.267620019039441 ], [ 69.126360949586498, 41.267561352301641 ], [ 69.125971100516111, 41.26737511897209 ], [ 69.125779849192128, 41.267283756304977 ], [ 69.125347269958638, 41.267099393197249 ], [ 69.125172922233375, 41.267025088731927 ], [ 69.125135807439094, 41.267039098728333 ], [ 69.124640990227761, 41.267225873860326 ], [ 69.124483238877332, 41.26728541867319 ], [ 69.124456497827978, 41.267295513068923 ], [ 69.12438500720269, 41.267315728188933 ], [ 69.124326596048007, 41.26733224382729 ], [ 69.123799515843245, 41.267481282757323 ], [ 69.123799485300523, 41.267481296936694 ], [ 69.123798667833626, 41.267481911376407 ], [ 69.123772003141042, 41.267484743875748 ], [ 69.123605541725624, 41.267502436359251 ], [ 69.123579110595031, 41.267495500619994 ], [ 69.123535702203867, 41.267484101077322 ], [ 69.12334588369275, 41.267434251096205 ], [ 69.122989234558659, 41.267300215908968 ], [ 69.122897808520619, 41.267225873860326 ], [ 69.122645101651401, 41.267020387222516 ], [ 69.122569950391366, 41.266987563074466 ], [ 69.122564090680768, 41.266981135041149 ], [ 69.12256284471745, 41.266979694810459 ], [ 69.122561597855849, 41.266978253904561 ], [ 69.122525042711999, 41.266933739754521 ], [ 69.122524760640985, 41.266933616865586 ], [ 69.122524730996574, 41.266933599985194 ], [ 69.122497554264285, 41.266917685861948 ], [ 69.122484910476672, 41.266915812817565 ], [ 69.122483313272099, 41.266915575142136 ], [ 69.122472272977262, 41.266913918841439 ], [ 69.12244381614569, 41.266905851380315 ], [ 69.122414761036126, 41.266902064102695 ], [ 69.122414329844801, 41.266902076931736 ], [ 69.122388879674503, 41.26690068666521 ], [ 69.122375175874836, 41.266903191035588 ], [ 69.122366084924153, 41.266904854763894 ], [ 69.12236099417143, 41.266918720965435 ], [ 69.122229012791564, 41.266949842258562 ], [ 69.122304095779668, 41.26716853220892 ], [ 69.122371907803824, 41.267225873860326 ], [ 69.12257940336309, 41.267401331276474 ], [ 69.122714335708679, 41.267695777897195 ], [ 69.122773369395873, 41.267824597665182 ], [ 69.122890436945369, 41.268086911538838 ], [ 69.122939180431018, 41.268196130801975 ], [ 69.122979849858879, 41.268673477970339 ], [ 69.122906101767299, 41.268956968571963 ], [ 69.122870353310574, 41.269094385769741 ], [ 69.12277962706014, 41.269614051793731 ], [ 69.12291102363676, 41.269915032987505 ], [ 69.123377168420831, 41.27000438600593 ], [ 69.123877726765144, 41.270009089326017 ], [ 69.124472140192012, 41.270051413790171 ], [ 69.124913257912269, 41.269994980715104 ], [ 69.125160408701433, 41.27001849529001 ], [ 69.125360632398497, 41.2701407672971 ], [ 69.125470112777109, 41.270362750208982 ], [ 69.125495156908926, 41.270413529024793 ], [ 69.125704766204052, 41.270935536175621 ], [ 69.12569201911019, 41.270998851817289 ], [ 69.125599714519794, 41.271457331201098 ], [ 69.125560855197207, 41.271650347750843 ], [ 69.12555909180432, 41.271736471108333 ], [ 69.125557315835024, 41.271823243859515 ], [ 69.125554598431265, 41.271956022061687 ], [ 69.125898732236848, 41.272358098799231 ], [ 69.126289794032843, 41.272574419742362 ], [ 69.126724654088832, 41.272880089726463 ], [ 69.127076129825213, 41.27333005713659 ], [ 69.127093815856526, 41.273352698894541 ], [ 69.127544318276577, 41.273719498195589 ], [ 69.127920268612883, 41.273933792578042 ], [ 69.128101190209406, 41.274036919043063 ], [ 69.128285770644112, 41.27419915513893 ], [ 69.128342083334317, 41.274763452754065 ], [ 69.128279513878127, 41.275259562324351 ], [ 69.128338137933582, 41.275468262284498 ], [ 69.128398396024537, 41.275682779117844 ], [ 69.128736273064121, 41.276040160231027 ], [ 69.128863032537254, 41.276124633207111 ], [ 69.129278496169619, 41.276401498944061 ], [ 69.130281732882281, 41.276994397467305 ], [ 69.130619531768488, 41.277430897867461 ], [ 69.130742256907652, 41.277936911139498 ], [ 69.131171339898046, 41.278430591901149 ], [ 69.1315016953438, 41.278870051070236 ], [ 69.131843442325646, 41.279041267338293 ], [ 69.132048490874084, 41.279052682415262 ], [ 69.132352266068878, 41.278989902505003 ], [ 69.132754768808326, 41.278818685427154 ], [ 69.133107907326291, 41.278787295704582 ], [ 69.13343446649165, 41.278895733539095 ], [ 69.133461046742596, 41.279078364812264 ], [ 69.13328257844509, 41.279563476206938 ], [ 69.132997789143843, 41.280128484209108 ], [ 69.133005383501271, 41.28044522919452 ], [ 69.133096515790214, 41.280627856131765 ], [ 69.133407885342407, 41.280753412065621 ], [ 69.133950884592295, 41.280964573313021 ], [ 69.134262254144488, 41.281406868242215 ], [ 69.134395155399204, 41.281869135191585 ], [ 69.134406546935324, 41.282262915190707 ], [ 69.13428124003805, 41.282551114675449 ], [ 69.134471099871647, 41.282973424853616 ], [ 69.134649567270841, 41.283221674036668 ], [ 69.134906840276628, 41.283409011084977 ], [ 69.135029286938064, 41.283820891078022 ], [ 69.13500650386581, 41.284163298538338 ], [ 69.134888790427624, 41.28430596722071 ], [ 69.134516666016125, 41.28452853109237 ], [ 69.134440027145985, 41.284579621553831 ], [ 69.134367748698224, 41.284628635579701 ], [ 69.134267446406838, 41.284696653702007 ], [ 69.133926439636781, 41.285028127206452 ], [ 69.133818069575867, 41.285171631704571 ], [ 69.133479066048878, 41.285620541000711 ], [ 69.133219400829489, 41.28595906104335 ], [ 69.132907209318816, 41.28634576449884 ], [ 69.132418506939629, 41.286951104192042 ], [ 69.132146328188298, 41.287294318056347 ], [ 69.131986775715745, 41.287367192745002 ], [ 69.131998797869215, 41.287558704921992 ], [ 69.132002418079779, 41.287616374263024 ], [ 69.132221089579502, 41.287996343584084 ], [ 69.132792740595391, 41.28833481687623 ], [ 69.133160761502694, 41.288552720371669 ], [ 69.133563570567674, 41.288620136362518 ], [ 69.133988856379361, 41.288657228391337 ], [ 69.134209093642625, 41.288916867952707 ], [ 69.134186310570371, 41.28910803066384 ], [ 69.134019233809013, 41.289427585211534 ], [ 69.133840765511493, 41.289667249757741 ], [ 69.133939493056189, 41.289749990651671 ], [ 69.134751733566389, 41.289890638388449 ], [ 69.134758308335961, 41.289893243798275 ], [ 69.134766915993012, 41.289897467801865 ], [ 69.134836382713956, 41.289935668765388 ], [ 69.13484822161108, 41.289943312195277 ], [ 69.134858271962457, 41.289952397373064 ], [ 69.134918836378944, 41.290017273335401 ], [ 69.134922428741774, 41.290021321837372 ], [ 69.134928774440922, 41.290029151550421 ], [ 69.134962899641934, 41.290071809970414 ], [ 69.134963975823666, 41.290072978351759 ], [ 69.134967331929545, 41.290078198606352 ], [ 69.134971285415105, 41.29008431995176 ], [ 69.134986740929577, 41.290108441516381 ], [ 69.135012143489178, 41.290148678077898 ], [ 69.135024245592675, 41.290167760939546 ], [ 69.135027720276184, 41.290174060469617 ], [ 69.135028560200979, 41.290175861974419 ], [ 69.1350453586968, 41.290213585568779 ], [ 69.135047834453729, 41.290220875955121 ], [ 69.135048843261814, 41.290223849212204 ], [ 69.135049326555418, 41.290226551804849 ], [ 69.1350659938972, 41.290316789581574 ], [ 69.135078284646909, 41.290369741807652 ], [ 69.135106335439971, 41.290419790939758 ], [ 69.135111367802182, 41.290428342824065 ], [ 69.135113769897259, 41.2904340146059 ], [ 69.135140913391893, 41.290508476692629 ], [ 69.135171153379318, 41.290578523043855 ], [ 69.135207436333616, 41.290624869810607 ], [ 69.135232088799953, 41.290647990871605 ], [ 69.135239397493109, 41.29065096815895 ], [ 69.135300220624387, 41.290675744908491 ], [ 69.135356028461388, 41.290692524624021 ], [ 69.135451738565038, 41.290714839749079 ], [ 69.135515663578957, 41.290729178095383 ], [ 69.135601664691009, 41.2907344806436 ], [ 69.135661487099028, 41.290729095749306 ], [ 69.135716873626208, 41.290714617684536 ], [ 69.135775709684054, 41.290694100675132 ], [ 69.135788242080565, 41.290690482844688 ], [ 69.135801255075791, 41.290688305396671 ], [ 69.135814629193732, 41.290687479910318 ], [ 69.135876493472381, 41.290686865689068 ], [ 69.135888676424287, 41.290687392839423 ], [ 69.135969307407564, 41.290694864064328 ], [ 69.136059372497954, 41.290701872935081 ], [ 69.136063194829461, 41.290702228643397 ], [ 69.13612005639034, 41.290708286483216 ], [ 69.136134989983631, 41.290710881735855 ], [ 69.136149329790499, 41.290715188707573 ], [ 69.136162479329641, 41.290721208747996 ], [ 69.136196915347725, 41.290739993781401 ], [ 69.13626864492484, 41.290774589250162 ], [ 69.136278689886339, 41.290780072686005 ], [ 69.136336449762481, 41.290816844902395 ], [ 69.136347934723418, 41.29082547840563 ], [ 69.136352720947244, 41.29083024772212 ], [ 69.136412329556208, 41.290893591988045 ], [ 69.136416878624814, 41.290898901272577 ], [ 69.136434573639306, 41.290921796122788 ], [ 69.136483101529251, 41.290984575353839 ], [ 69.136556023170755, 41.29107510771653 ], [ 69.13656069530856, 41.291081858035149 ], [ 69.136601920793552, 41.291149367932398 ], [ 69.13676045637321, 41.291288080235653 ], [ 69.136770392638567, 41.291298698065098 ], [ 69.136776143653023, 41.291307428699085 ], [ 69.136816545382942, 41.291381513835553 ], [ 69.13682026530654, 41.29138997649892 ], [ 69.136822671893185, 41.291398620725673 ], [ 69.136823645666951, 41.29140744786573 ], [ 69.136825075784884, 41.291462843913131 ], [ 69.136833723866118, 41.291486253560045 ], [ 69.136843413993063, 41.291493808388516 ], [ 69.136848079842665, 41.291497676584555 ], [ 69.136853464344497, 41.291502984469979 ], [ 69.13690637331807, 41.291560300695735 ], [ 69.136946672640065, 41.29158430359675 ], [ 69.136998204496322, 41.291611266858538 ], [ 69.137071723517479, 41.291643876812358 ], [ 69.137080928554198, 41.291648549549983 ], [ 69.137308838328309, 41.291778711785504 ], [ 69.137408898972851, 41.291824350345109 ], [ 69.137417627004154, 41.291828844881266 ], [ 69.137449792979538, 41.291847361638027 ], [ 69.137569069486332, 41.291887213752069 ], [ 69.137575404405737, 41.291889549774744 ], [ 69.137639930392581, 41.291915584171313 ], [ 69.137918949814761, 41.2921266154802 ], [ 69.138140403396932, 41.292239320471531 ], [ 69.138176687249569, 41.292257786490374 ], [ 69.138187209216497, 41.292263630225882 ], [ 69.138193428253203, 41.292267856775851 ], [ 69.138237091765887, 41.292300591942499 ], [ 69.138279548841169, 41.292328554511286 ], [ 69.138337079646917, 41.292367580866291 ], [ 69.138339232010324, 41.292369198048945 ], [ 69.138381217470069, 41.292399504692149 ], [ 69.1385492841749, 41.292879813363498 ], [ 69.1385986474981, 41.293290644784499 ], [ 69.138780912974269, 41.293690061778534 ], [ 69.138900863217543, 41.294139669065807 ], [ 69.138885388838474, 41.294165861848469 ], [ 69.138880983500314, 41.294172443114142 ], [ 69.138872999274085, 41.294181280677776 ], [ 69.138817813071213, 41.294233772163423 ], [ 69.138816262579027, 41.294235215842349 ], [ 69.138813043915363, 41.294238012759294 ], [ 69.138760939832252, 41.294280320837586 ], [ 69.13875784064453, 41.29428284710513 ], [ 69.138657788983139, 41.294356741906867 ], [ 69.138606652385562, 41.294404994691405 ], [ 69.138564859165299, 41.294466386965418 ], [ 69.138552625907764, 41.294498290191221 ], [ 69.138547907057585, 41.294582427458707 ], [ 69.138566605490226, 41.294669960851472 ], [ 69.138576183327785, 41.294714159794374 ], [ 69.138685300787017, 41.294912725641083 ], [ 69.138741539815399, 41.294932326801103 ], [ 69.138836637268, 41.294944282412416 ], [ 69.138840937503261, 41.294944907392392 ], [ 69.138938911361407, 41.29496109342638 ], [ 69.139136873100568, 41.294985625566348 ], [ 69.139140337902603, 41.294986161455917 ], [ 69.139268418797499, 41.29500627553589 ], [ 69.139281441674186, 41.295009052172077 ], [ 69.139289450154948, 41.295011563563072 ], [ 69.139383518138231, 41.295044779248158 ], [ 69.139394397634646, 41.295049270862755 ], [ 69.139404322221921, 41.295054842354169 ], [ 69.13941329369662, 41.295061316892351 ], [ 69.139482210648623, 41.295117803886519 ], [ 69.139484723236464, 41.295119961613914 ], [ 69.139556044080123, 41.295183469770087 ], [ 69.139634290934623, 41.295246338714065 ], [ 69.139636084870261, 41.295247868760505 ], [ 69.139769022955903, 41.295360934840829 ], [ 69.139770577939643, 41.295362284680948 ], [ 69.139776443040134, 41.295368041748652 ], [ 69.139838937037823, 41.295437057004762 ], [ 69.139842768352523, 41.295441644430831 ], [ 69.139849600938575, 41.295452356747823 ], [ 69.13989098362876, 41.295535446661475 ], [ 69.139893385723838, 41.295541118674173 ], [ 69.139921015207022, 41.295615489892036 ], [ 69.139940297544598, 41.295640237759372 ], [ 69.139970560888202, 41.295661729818057 ], [ 69.140021815165042, 41.295668603846764 ], [ 69.140034958415967, 41.295671109813092 ], [ 69.140113592444365, 41.295690561588628 ], [ 69.1402171969427, 41.29571466690706 ], [ 69.14023165892047, 41.295719061962458 ], [ 69.140245048309779, 41.295725081541129 ], [ 69.140256889901849, 41.295732812706717 ], [ 69.14031622901625, 41.295777960535929 ], [ 69.140321374566227, 41.29578227729688 ], [ 69.140324484533707, 41.295785155812261 ], [ 69.140353810036189, 41.295814304738435 ], [ 69.140360275211265, 41.295821683587704 ], [ 69.140365667797937, 41.29582987368422 ], [ 69.140392646002553, 41.295878123354306 ], [ 69.140394324953817, 41.295881363619721 ], [ 69.1403981679466, 41.295891448193935 ], [ 69.140410085895468, 41.295934941023951 ], [ 69.140410567392479, 41.295936922571777 ], [ 69.140411777423154, 41.295944217042894 ], [ 69.140419102285961, 41.296018070817659 ], [ 69.140419355610874, 41.296024016803152 ], [ 69.140418591144581, 41.296054182716333 ], [ 69.14041781230523, 41.29608491081774 ], [ 69.140416640003792, 41.296094910996416 ], [ 69.140413675563323, 41.296104732996753 ], [ 69.140410975227582, 41.296110050631022 ], [ 69.140408917187258, 41.296114107528744 ], [ 69.140402487944812, 41.296122942129671 ], [ 69.140356021688419, 41.296176775801904 ], [ 69.140324466567435, 41.296222212860677 ], [ 69.140316044861649, 41.296249606823345 ], [ 69.140315479821297, 41.296264560146653 ], [ 69.140341228232316, 41.296296416599105 ], [ 69.140346979246758, 41.296304697748887 ], [ 69.140351297448333, 41.296313428387826 ], [ 69.140373515480263, 41.296370060753091 ], [ 69.140374899784106, 41.296374742600918 ], [ 69.140376281393017, 41.296379425123291 ], [ 69.140377378235982, 41.296389062830507 ], [ 69.140376800619237, 41.296398700536301 ], [ 69.1403656121024, 41.296472398567438 ], [ 69.140364491903213, 41.296506809445972 ], [ 69.140376796127654, 41.29650778603812 ], [ 69.140474973005055, 41.296506044774958 ], [ 69.140548403991332, 41.296494245353742 ], [ 69.140561539157432, 41.296492876639597 ], [ 69.140574796494391, 41.29649286179162 ], [ 69.140649336001715, 41.296496733740689 ], [ 69.140741181552983, 41.296494910813351 ], [ 69.140754441584903, 41.296495344779366 ], [ 69.140767344985647, 41.296497130586758 ], [ 69.140779893551837, 41.296500266885538 ], [ 69.140870130220435, 41.296528171636822 ], [ 69.140872639215033, 41.296528978826743 ], [ 69.140962763594231, 41.296559224820399 ], [ 69.140964675209162, 41.296559943597046 ], [ 69.141084925489722, 41.296602671986349 ], [ 69.141091739211177, 41.296605366890795 ], [ 69.141097001542093, 41.296607791832201 ], [ 69.141146861633629, 41.296632772840866 ], [ 69.141155352509685, 41.29663762677108 ], [ 69.141199603520576, 41.296665687366989 ], [ 69.141246370712565, 41.29669534477901 ], [ 69.141257976946065, 41.296704067941661 ], [ 69.141262404742093, 41.296708295553714 ], [ 69.141329680472026, 41.296778474278462 ], [ 69.141334711037629, 41.296784412770712 ], [ 69.141353515471479, 41.296808621620286 ], [ 69.141394239696552, 41.296861266219729 ], [ 69.141621212527809, 41.297415934825608 ], [ 69.141735128787317, 41.297769682068363 ], [ 69.142027512445992, 41.298214716523596 ], [ 69.142284746824231, 41.298323210484718 ], [ 69.1423468410716, 41.29837096496663 ], [ 69.142429135734801, 41.298425000599742 ], [ 69.142486301824533, 41.2984572676787 ], [ 69.142490487075435, 41.298459694575968 ], [ 69.142495511352806, 41.298463110858897 ], [ 69.142538219956364, 41.298494225210931 ], [ 69.142589520047324, 41.298521095181727 ], [ 69.142604465318698, 41.298527832581826 ], [ 69.142664560814566, 41.298534602375845 ], [ 69.142666949434897, 41.298534870980987 ], [ 69.142671968322389, 41.298535674771628 ], [ 69.14273673146451, 41.298546854952157 ], [ 69.142747845421184, 41.29854936283251 ], [ 69.142758364693165, 41.298552773036754 ], [ 69.142768287483804, 41.298557083540075 ], [ 69.142825205638502, 41.298585657573874 ], [ 69.142833577038658, 41.298590331838888 ], [ 69.142838720791957, 41.298593839899546 ], [ 69.14288848835703, 41.298630077925715 ], [ 69.142894470238502, 41.298634844646962 ], [ 69.142939228797502, 41.298673882751473 ], [ 69.142941861759596, 41.298676311665318 ], [ 69.142999675534668, 41.298732267768713 ], [ 69.143005182207375, 41.298738116998187 ], [ 69.143071528181011, 41.298817663633095 ], [ 69.143073326608203, 41.298819912347511 ], [ 69.143078238596146, 41.298827202446944 ], [ 69.143116365791755, 41.298893002272415 ], [ 69.143118524443395, 41.298897052923145 ], [ 69.143122369232799, 41.29890731655005 ], [ 69.14314849852947, 41.299003037886386 ], [ 69.143148981823117, 41.299004928231845 ], [ 69.143149825341155, 41.299009161768701 ], [ 69.14316181874851, 41.29908571159914 ], [ 69.143188417864081, 41.299178098763747 ], [ 69.143189141906191, 41.299180799635707 ], [ 69.143190473209444, 41.299189716831542 ], [ 69.143195407655313, 41.299261140738963 ], [ 69.143195536114391, 41.299264744596471 ], [ 69.143194955802699, 41.299272401780662 ], [ 69.143182609357453, 41.299361774672768 ], [ 69.143181663431449, 41.299366728956798 ], [ 69.143178223782215, 41.299377002633044 ], [ 69.143148984518035, 41.299443426840725 ], [ 69.143120335447009, 41.299506966555846 ], [ 69.143112957583568, 41.299519046855806 ], [ 69.143079487254425, 41.299562594631382 ], [ 69.143044400856056, 41.299631008184178 ], [ 69.143026927725444, 41.299670302819955 ], [ 69.143019380978728, 41.299715080791685 ], [ 69.143023239242893, 41.299731920945447 ], [ 69.143044242752566, 41.299776843972857 ], [ 69.143068095718291, 41.299814917673821 ], [ 69.143110464758664, 41.299853777580203 ], [ 69.143178056695604, 41.299901794141931 ], [ 69.143247801894248, 41.299951340604409 ], [ 69.143318261253555, 41.299999534585631 ], [ 69.143354748125461, 41.300024261893199 ], [ 69.1434171172573, 41.300032651898881 ], [ 69.143486615419278, 41.300023375786495 ], [ 69.143496288478261, 41.300022552442876 ], [ 69.143623485430908, 41.300015549297633 ], [ 69.1437027716362, 41.300003288898786 ], [ 69.143705278834162, 41.30000292581763 ], [ 69.143722476181964, 41.30000182375165 ], [ 69.143830696224228, 41.300002859680198 ], [ 69.143845391763975, 41.300003832845633 ], [ 69.143974430262929, 41.30002042592173 ], [ 69.143987694786446, 41.3000229303711 ], [ 69.144062868504349, 41.300041301729088 ], [ 69.144074341787174, 41.300044711855335 ], [ 69.144085221283561, 41.300049290858887 ], [ 69.144172990280097, 41.300092058804324 ], [ 69.14418315651416, 41.300097810730485 ], [ 69.144332323563717, 41.300195717573331 ], [ 69.14441123067995, 41.300229037922698 ], [ 69.144419961406214, 41.300233351689592 ], [ 69.144502478851592, 41.300278285844428 ], [ 69.144583050546032, 41.300307639947363 ], [ 69.144637775913139, 41.300315317930043 ], [ 69.144652712201363, 41.300318361588253 ], [ 69.144663589901157, 41.300321951889941 ], [ 69.144730060740585, 41.30034744977501 ], [ 69.144734243296568, 41.300349245599932 ], [ 69.144744886536046, 41.300354548041057 ], [ 69.144814494292476, 41.30039499491545 ], [ 69.144825978355058, 41.300402907066989 ], [ 69.144835674770235, 41.30041199281267 ], [ 69.144875669563305, 41.300457161698255 ], [ 69.144902240831129, 41.300481359736466 ], [ 69.144928812098897, 41.300505556415999 ], [ 69.144937912032717, 41.300515364254785 ], [ 69.14494006888772, 41.300518333668272 ], [ 69.144966192794485, 41.300556403562027 ], [ 69.144968109799322, 41.300559283891303 ], [ 69.145000597371549, 41.300612298664149 ], [ 69.14500383579815, 41.300618238831909 ], [ 69.145048602442046, 41.300714295764351 ], [ 69.145104263853668, 41.300766560637136 ], [ 69.145112285809148, 41.300775467493231 ], [ 69.14511959809559, 41.300787349148251 ], [ 69.145156324817648, 41.300866390510755 ], [ 69.145159569532467, 41.300875125937978 ], [ 69.145161380536052, 41.300884039527844 ], [ 69.145161639250887, 41.30089304692239 ], [ 69.145158665827282, 41.300952592740629 ], [ 69.145158199601667, 41.300957366715586 ], [ 69.145145734578776, 41.301046739998199 ], [ 69.145144791347718, 41.301051604397685 ], [ 69.145143842726782, 41.301055210855694 ], [ 69.145120364358505, 41.301133245676837 ], [ 69.145101901284463, 41.301177437540623 ], [ 69.145092204869286, 41.301200210008062 ], [ 69.145091014601533, 41.301202642877001 ], [ 69.145088397809133, 41.301207690826693 ], [ 69.145037224380644, 41.301293509285713 ], [ 69.145034844743464, 41.301297204811682 ], [ 69.144904466856403, 41.301486352564503 ], [ 69.144857830818424, 41.301572164583121 ], [ 69.144856961249218, 41.301611260991542 ], [ 69.144875276999542, 41.301682578319415 ], [ 69.144899451562168, 41.301757583645809 ], [ 69.144930018536343, 41.301805464510011 ], [ 69.144933615390713, 41.301811945801454 ], [ 69.144938063848002, 41.301824641815436 ], [ 69.14495387599365, 41.301898845928605 ], [ 69.145018993970282, 41.302014603933593 ], [ 69.145068376158065, 41.302090386980602 ], [ 69.145109744475221, 41.302134428379134 ], [ 69.145151110995727, 41.302178467723344 ], [ 69.145155781336911, 41.302183956949037 ], [ 69.145156860213547, 41.302185486832734 ], [ 69.145208740616155, 41.302256762366873 ], [ 69.145231627892969, 41.302288441781691 ], [ 69.145273733726953, 41.302343569447125 ], [ 69.145320637462902, 41.302404979893346 ], [ 69.145327590423207, 41.302416230944331 ], [ 69.145328551620537, 41.302418302049908 ], [ 69.145372251964176, 41.30251778184936 ], [ 69.145373572487628, 41.302520932705242 ], [ 69.145400129382395, 41.302592150510897 ], [ 69.145458102159239, 41.30266287897652 ], [ 69.145488150805491, 41.302693016849958 ], [ 69.145541698481267, 41.302707451765535 ], [ 69.145610642382707, 41.302717002832459 ], [ 69.145625939793675, 41.302720136807636 ], [ 69.14564028588876, 41.302725071940905 ], [ 69.145729599987575, 41.30276297183562 ], [ 69.145803958035216, 41.30278908962206 ], [ 69.145811131082738, 41.302791963779129 ], [ 69.145817946600815, 41.302795197627461 ], [ 69.145920079658708, 41.302848755855536 ], [ 69.145926777497465, 41.302852619329137 ], [ 69.145933596608799, 41.302857385741767 ], [ 69.146090944615665, 41.302978069736191 ], [ 69.14609585211204, 41.302982207187668 ], [ 69.146100280806394, 41.302986434392771 ], [ 69.146157992173528, 41.30304662277225 ], [ 69.146256399019634, 41.303143692436215 ], [ 69.146263224419144, 41.303151339717211 ], [ 69.146267539925802, 41.303157550939154 ], [ 69.146314537984807, 41.30323540643694 ], [ 69.146317417085314, 41.303240629012457 ], [ 69.146319336785083, 41.303244858900165 ], [ 69.146350333153947, 41.303323907406686 ], [ 69.146352739740578, 41.303331651843195 ], [ 69.146354200401262, 41.303344170753874 ], [ 69.146354262384989, 41.303371283692364 ], [ 69.146377982400082, 41.303402601528077 ], [ 69.146401566769541, 41.30342572075935 ], [ 69.146441633427855, 41.303448188765373 ], [ 69.146486241968219, 41.3034713714151 ], [ 69.146497365806368, 41.303478023949332 ], [ 69.146506940050671, 41.303485938426221 ], [ 69.146514963802815, 41.303494846935337 ], [ 69.146523907429781, 41.303506689629273 ], [ 69.146548848255335, 41.303539718782623 ], [ 69.14654934951524, 41.303540381471009 ], [ 69.146553663225234, 41.30354686191518 ], [ 69.146594912964787, 41.303616890216652 ], [ 69.146629623867369, 41.303648281491384 ], [ 69.146662151863808, 41.303664545670806 ], [ 69.146748693761651, 41.303689927527266 ], [ 69.146802356421759, 41.303702198705153 ], [ 69.146879993320198, 41.303699127536724 ], [ 69.146884772357495, 41.303699030360669 ], [ 69.146896240250399, 41.303699558080666 ], [ 69.146982264718659, 41.303707284926887 ], [ 69.146987403082079, 41.303707907798369 ], [ 69.147062561528642, 41.303717810981929 ], [ 69.147078695271148, 41.303721032637348 ], [ 69.147081085688114, 41.303721660907399 ], [ 69.147165118591374, 41.303746594652281 ], [ 69.147176474194879, 41.303750633529347 ], [ 69.147208160469887, 41.303763925043498 ], [ 69.14732358679737, 41.303778550024923 ], [ 69.147339839117492, 41.303781771677336 ], [ 69.147420040706052, 41.303803466877241 ], [ 69.147422312545416, 41.303804094471616 ], [ 69.147546148002291, 41.303840418680608 ], [ 69.147550809360297, 41.303841852699243 ], [ 69.147616679226829, 41.303864288844743 ], [ 69.147619787397687, 41.303865365201894 ], [ 69.147685781231729, 41.303889962150798 ], [ 69.147691043562645, 41.303892116888669 ], [ 69.147704437443551, 41.30389912569116 ], [ 69.147755876773374, 41.303931307057518 ], [ 69.147767721958701, 41.303940300534578 ], [ 69.147777540544737, 41.303950915629713 ], [ 69.147818757944933, 41.304005811772505 ], [ 69.147868102403478, 41.304063216887073 ], [ 69.147870499108649, 41.304066277241098 ], [ 69.147873733941992, 41.304070777007212 ], [ 69.147930314330182, 41.304158168773974 ], [ 69.147976531753201, 41.304205579544622 ], [ 69.148034795584223, 41.304245319509967 ], [ 69.148043888331543, 41.30425233367307 ], [ 69.148047959496409, 41.304256292214319 ], [ 69.148101242169162, 41.304311260981365 ], [ 69.148104355729942, 41.304314770758772 ], [ 69.148175859829934, 41.304398629481746 ], [ 69.148219671564675, 41.304438477976475 ], [ 69.1482291317229, 41.304448734657868 ], [ 69.148263278483498, 41.304494540482175 ], [ 69.148265675188668, 41.304497959823067 ], [ 69.1483151822423, 41.304573651582139 ], [ 69.148356043909629, 41.304629807772208 ], [ 69.148360719640664, 41.304637367826608 ], [ 69.148364321884955, 41.304645289585821 ], [ 69.148366610792294, 41.30465348397292 ], [ 69.14837675636511, 41.304702833825885 ], [ 69.148377727443943, 41.304709858736977 ], [ 69.148379597736366, 41.304735960897553 ], [ 69.14837970283925, 41.304737420539801 ], [ 69.14839642677488, 41.304790724789051 ], [ 69.148438136451858, 41.304852464268301 ], [ 69.148495868480211, 41.304920308796177 ], [ 69.148591658533917, 41.305019449393221 ], [ 69.148662066689255, 41.305092861682041 ], [ 69.148667335308389, 41.305098979593978 ], [ 69.14867021171392, 41.305103119610166 ], [ 69.148732306859614, 41.305197711654358 ], [ 69.148786711528174, 41.305273757555128 ], [ 69.148792347558299, 41.305283207698444 ], [ 69.148796074668397, 41.305293292843395 ], [ 69.148802156262875, 41.305315173789914 ], [ 69.148808237857352, 41.30533705472908 ], [ 69.148837204931979, 41.305414663341331 ], [ 69.148837805006607, 41.305416374674756 ], [ 69.148877250929033, 41.305532612977203 ], [ 69.148878576842407, 41.305537294842125 ], [ 69.148893406231096, 41.305597177875633 ], [ 69.148894861501859, 41.305606993721234 ], [ 69.148899717794308, 41.305693281459327 ], [ 69.148913418000703, 41.305741224890625 ], [ 69.148925683597568, 41.305784150383403 ], [ 69.148927695823829, 41.305791192723106 ], [ 69.148940326136724, 41.305835392902196 ], [ 69.148959711780563, 41.305903231683722 ], [ 69.148970039711344, 41.305939372524513 ], [ 69.148970642480933, 41.305941984041404 ], [ 69.148971732137355, 41.305947838697598 ], [ 69.14898657589913, 41.306066541131017 ], [ 69.148986948699957, 41.306073115797417 ], [ 69.148986840003801, 41.306077890747169 ], [ 69.148981254279377, 41.306143023969256 ], [ 69.148978434467693, 41.306172006987097 ], [ 69.148965730492947, 41.306302570767954 ], [ 69.148965024417123, 41.306307886895958 ], [ 69.148941878425518, 41.306425648669752 ], [ 69.148941405013375, 41.306427451075365 ], [ 69.148939747621654, 41.306433396786687 ], [ 69.148922655376751, 41.30648233163717 ], [ 69.148894590210674, 41.306560383582173 ], [ 69.148876835009062, 41.306609761008495 ], [ 69.148872550045155, 41.30666948785241 ], [ 69.148870359952497, 41.306704170694694 ], [ 69.148868634288831, 41.306733627849205 ], [ 69.148876418190781, 41.306794150845725 ], [ 69.14888924792966, 41.306840618352055 ], [ 69.148891955451916, 41.30685042861208 ], [ 69.148892439643859, 41.306852498902003 ], [ 69.148893284958547, 41.30685682167794 ], [ 69.148898983870708, 41.30689374678343 ], [ 69.148936110343072, 41.306935403567714 ], [ 69.148939344278105, 41.306939363970471 ], [ 69.148957555823856, 41.306962849713805 ], [ 69.148995074860025, 41.306995146983311 ], [ 69.149015128850436, 41.307012409031223 ], [ 69.149059148994297, 41.307038114837731 ], [ 69.149070515377574, 41.307045935760222 ], [ 69.149080092316836, 41.307055111003464 ], [ 69.14908764175847, 41.307065279549441 ], [ 69.149111145279562, 41.30710434297346 ], [ 69.149113784529874, 41.307109383718277 ], [ 69.149118233885488, 41.307121899204546 ], [ 69.149128615715213, 41.307169085811793 ], [ 69.149129224772963, 41.307174895821149 ], [ 69.149129836525702, 41.307180705829985 ], [ 69.149128667817507, 41.307192325846053 ], [ 69.149103489836733, 41.307309549559371 ], [ 69.149102423536476, 41.307313694833567 ], [ 69.149073255239173, 41.307409934895198 ], [ 69.149059564914253, 41.307483186590702 ], [ 69.149077430608628, 41.307564682834759 ], [ 69.149104435762695, 41.307620045591229 ], [ 69.149127343700755, 41.307659469697057 ], [ 69.149129621828322, 41.30766370064768 ], [ 69.149130823774172, 41.307666401842951 ], [ 69.149160128615392, 41.307735003933594 ], [ 69.149163135276652, 41.307744457094174 ], [ 69.14916373894448, 41.30774697744188 ], [ 69.149174622932492, 41.307805064850839 ], [ 69.149186351336823, 41.30786702280728 ], [ 69.149201455610026, 41.307889251756777 ], [ 69.149207332388599, 41.307900234644571 ], [ 69.14921082324183, 41.307911759386997 ], [ 69.149219651884422, 41.30795867753114 ], [ 69.149241899560749, 41.308022874966433 ], [ 69.14924346442595, 41.308028366399306 ], [ 69.149244552285779, 41.308034490783712 ], [ 69.149254172344158, 41.308114107728663 ], [ 69.149254664620926, 41.308120502695026 ], [ 69.149253731271344, 41.30813059212467 ], [ 69.149252854515652, 41.308135295396227 ], [ 69.149242873334501, 41.308188796604881 ], [ 69.149244171400099, 41.308233922990617 ], [ 69.149244903527077, 41.308293192865982 ], [ 69.149245575466892, 41.308325890974132 ], [ 69.14924417229841, 41.308338953478113 ], [ 69.149242868842947, 41.30834372893672 ], [ 69.149227803197292, 41.308390048910304 ], [ 69.149224833366986, 41.308397348736477 ], [ 69.149223048414527, 41.308400773945827 ], [ 69.149201870631686, 41.308438813596076 ], [ 69.149185968654521, 41.308485224597959 ], [ 69.149183118300144, 41.308492074332463 ], [ 69.149130200343365, 41.308599244816037 ], [ 69.149123774694161, 41.308609611507372 ], [ 69.149094951349952, 41.30864793376967 ], [ 69.149042787978019, 41.308718891165768 ], [ 69.148960372042282, 41.308829882559564 ], [ 69.148938345351525, 41.30886251966831 ], [ 69.148915665585534, 41.308922630422565 ], [ 69.148896892592731, 41.309020659646791 ], [ 69.148886562865272, 41.3091004818695 ], [ 69.148885619634214, 41.309105886840037 ], [ 69.148884315280441, 41.309110484101154 ], [ 69.14885608123106, 41.309198254411093 ], [ 69.148851566298447, 41.3092087107525 ], [ 69.148844899002384, 41.309218626596135 ], [ 69.1487743758627, 41.309306363696471 ], [ 69.148771516525173, 41.309309699787676 ], [ 69.148717057957697, 41.309369762220605 ], [ 69.148684348501561, 41.309432587799655 ], [ 69.148659365455202, 41.309479280824426 ], [ 69.14864191927407, 41.309529566984381 ], [ 69.148635912239754, 41.309567317847957 ], [ 69.148627811232515, 41.309629571704399 ], [ 69.148637257916036, 41.309685766725522 ], [ 69.148637990941324, 41.309693603524913 ], [ 69.148640877228345, 41.309807637149426 ], [ 69.148640064253016, 41.309817816737258 ], [ 69.148637114185604, 41.309833945098539 ], [ 69.148626853628414, 41.309892237802494 ], [ 69.148626382012907, 41.309894850510631 ], [ 69.148610059624176, 41.309966934088493 ], [ 69.148606261547158, 41.309978109610157 ], [ 69.14860007484981, 41.309988745989763 ], [ 69.148591853468332, 41.309998485600147 ], [ 69.148562769612681, 41.310027076888154 ], [ 69.148551917964042, 41.310036188958428 ], [ 69.148539033427951, 41.310043682933525 ], [ 69.148524828368338, 41.310049465696004 ], [ 69.148481190906807, 41.310063690479744 ], [ 69.148457143006638, 41.310071531957121 ], [ 69.148445680503613, 41.310074608898326 ], [ 69.148433618824271, 41.310076605536203 ], [ 69.148348940032349, 41.310086352555935 ], [ 69.148226635304738, 41.310098941695152 ], [ 69.148062049571621, 41.310115366884524 ], [ 69.148051060480768, 41.310116011962137 ], [ 69.14796445031098, 41.310117113857231 ], [ 69.147962419220121, 41.310117116556299 ], [ 69.147935550609958, 41.310116858795176 ], [ 69.147871385745844, 41.310116242732562 ], [ 69.147853701511153, 41.310114823696786 ], [ 69.147785937996005, 41.310104582751514 ], [ 69.147756183997174, 41.310100086775627 ], [ 69.147685743502478, 41.310092098202375 ], [ 69.147653297252745, 41.310088418694498 ], [ 69.147633340280393, 41.310085922728895 ], [ 69.147614369658228, 41.310096665704179 ], [ 69.147572171297739, 41.310136983728441 ], [ 69.147529269556429, 41.310183971121781 ], [ 69.147509167955306, 41.310223358589397 ], [ 69.147507321917374, 41.310231911925847 ], [ 69.147493442946256, 41.310296161778794 ], [ 69.147479860419139, 41.310365269875085 ], [ 69.147489058269358, 41.310418403531564 ], [ 69.147500045563575, 41.310493099889477 ], [ 69.147500464178492, 41.310495944692164 ], [ 69.147512294990804, 41.31055078674175 ], [ 69.147548423434898, 41.310731886770036 ], [ 69.147573227716521, 41.310817699442396 ], [ 69.147621488806863, 41.310921675842494 ], [ 69.147657021667911, 41.310997835849179 ], [ 69.147684931425459, 41.311030228285048 ], [ 69.147731724668645, 41.31106610852661 ], [ 69.147905033043116, 41.311155063775423 ], [ 69.147966143635273, 41.311182458213217 ], [ 69.14807574887972, 41.311206458616567 ], [ 69.148081724472988, 41.311207891798489 ], [ 69.148095116557258, 41.311212467993947 ], [ 69.148146534327481, 41.31123375046996 ], [ 69.148160169855188, 41.311240759832785 ], [ 69.148172016837137, 41.311249390632618 ], [ 69.148181716845571, 41.311259466757754 ], [ 69.148216941584494, 41.311303739477204 ], [ 69.148224374245174, 41.311315621912918 ], [ 69.148225455816785, 41.311317780453997 ], [ 69.148240104644117, 41.311351091746616 ], [ 69.148280407559326, 41.311422650780123 ], [ 69.14828136785836, 41.311424451698123 ], [ 69.148309324328324, 41.311477740359386 ], [ 69.148310164253118, 41.311479450858904 ], [ 69.148312446872239, 41.311484852933205 ], [ 69.148332160401168, 41.311538243432715 ], [ 69.148334690056998, 41.311547248006121 ], [ 69.148335666525711, 41.311556434761464 ], [ 69.148335089807304, 41.31156562286499 ], [ 69.148326970833779, 41.31161995052863 ], [ 69.148326143485377, 41.311624364754763 ], [ 69.148325433816296, 41.311626889001012 ], [ 69.148319152795835, 41.311649236774343 ], [ 69.148326073416797, 41.311698951095998 ], [ 69.148326340216443, 41.311710839532438 ], [ 69.148326304283827, 41.311711019016194 ], [ 69.148323977647237, 41.311722732689987 ], [ 69.148319104286813, 41.31173408874384 ], [ 69.148299979154416, 41.31176868994627 ], [ 69.147808961816736, 41.311924347897516 ], [ 69.147669129161329, 41.311968676169585 ], [ 69.147677079251565, 41.311997849575739 ], [ 69.14768008770946, 41.312007485649588 ], [ 69.147682019087298, 41.312016129842938 ], [ 69.147682396379764, 41.312024867825002 ], [ 69.147681222281648, 41.312033516064496 ], [ 69.147681142331606, 41.312034057212017 ], [ 69.147680986024753, 41.312035138157519 ], [ 69.147663146381532, 41.312123616387744 ], [ 69.147662792445303, 41.312125417961077 ], [ 69.147645867287025, 41.312196601660695 ], [ 69.147641713477142, 41.312208406337959 ], [ 69.147638739155255, 41.312213814424581 ], [ 69.147594461194885, 41.312286745616944 ], [ 69.147554749371139, 41.31237137813963 ], [ 69.147518919167709, 41.312482760064128 ], [ 69.147515831658069, 41.312490240263116 ], [ 69.147514998919803, 41.312491952760325 ], [ 69.147499891951682, 41.312521157645193 ], [ 69.147453380779538, 41.312610843677881 ], [ 69.147369208637386, 41.312794079607123 ], [ 69.147376005290837, 41.312841540776503 ], [ 69.147455349886641, 41.312901251790585 ], [ 69.147566541555861, 41.312991546588364 ], [ 69.147720129214932, 41.31307431187421 ], [ 69.147725871246223, 41.31307763630209 ], [ 69.147733242821459, 41.31308317521551 ], [ 69.147737478378019, 41.313086359972409 ], [ 69.147870598821655, 41.313204999479105 ], [ 69.147879340327677, 41.313214266969034 ], [ 69.148077626358656, 41.313461904473321 ], [ 69.148080143438094, 41.313465324693489 ], [ 69.148149304731831, 41.313565311905734 ], [ 69.148261888789762, 41.313636058156888 ], [ 69.148273736670021, 41.313644959881465 ], [ 69.14827577045584, 41.313646758713844 ], [ 69.148372633996303, 41.31373959351172 ], [ 69.148254082429915, 41.313876016999046 ], [ 69.148268103334885, 41.31392341058266 ], [ 69.148279321496133, 41.313993975618239 ], [ 69.14828209459543, 41.314043279942155 ], [ 69.148282099985309, 41.314043313003772 ], [ 69.148304891142374, 41.314136962980314 ], [ 69.148317496302454, 41.314188758956327 ], [ 69.148316795616552, 41.314201396558296 ], [ 69.14830542563999, 41.3144063466776 ], [ 69.148298725106258, 41.314527130746406 ], [ 69.148473920841198, 41.314752710739079 ], [ 69.148613853209625, 41.314846917688577 ], [ 69.148830992183505, 41.314993102687247 ], [ 69.148964162034474, 41.315008471386619 ], [ 69.14905344648885, 41.315076994906441 ], [ 69.149055959975044, 41.315078972499052 ], [ 69.149160339719472, 41.315165311799404 ], [ 69.149340355814203, 41.315256416491707 ], [ 69.149499899303621, 41.315328272160528 ], [ 69.14961220488378, 41.315379740628899 ], [ 69.149623928796572, 41.315386031651471 ], [ 69.149631466560109, 41.31539133624343 ], [ 69.149676111033102, 41.315426318066571 ], [ 69.149720754607785, 41.315461299870996 ], [ 69.149725064724521, 41.31546489676073 ], [ 69.149731051995872, 41.315470924637495 ], [ 69.149793816386477, 41.315540922589882 ], [ 69.14979741144424, 41.315545151679643 ], [ 69.149802207549527, 41.31555244260813 ], [ 69.149826347976159, 41.315594027738392 ], [ 69.149859423046635, 41.315651002980793 ], [ 69.149861583494882, 41.315655143676352 ], [ 69.149863264242796, 41.315659013812983 ], [ 69.149909046881234, 41.31577335411599 ], [ 69.149912418258495, 41.315785418583083 ], [ 69.149913044384249, 41.315797759678411 ], [ 69.149904619983502, 41.315927301568031 ], [ 69.149939356038928, 41.316017693380218 ], [ 69.149979449646693, 41.316099881998966 ], [ 69.150035777608252, 41.316175563662817 ], [ 69.150110508456748, 41.316253652582098 ], [ 69.150113983140258, 41.316257522008485 ], [ 69.15014944593274, 41.316300173394986 ], [ 69.150251467599531, 41.316398943818861 ], [ 69.150258773597756, 41.316407042945109 ], [ 69.150260451650709, 41.316409291727673 ], [ 69.150321463428156, 41.316495595530888 ], [ 69.150326980880635, 41.316504776865948 ], [ 69.150328902377041, 41.316509368882414 ], [ 69.150374335570831, 41.316627129772094 ], [ 69.150403391578706, 41.316688974766073 ], [ 69.150465572962673, 41.316815723658863 ], [ 69.150528276267821, 41.316909771771755 ], [ 69.150588581969487, 41.317000401738582 ], [ 69.150637220352223, 41.317057175367076 ], [ 69.150639617057408, 41.317060145376679 ], [ 69.150642253612773, 41.317063745551721 ], [ 69.150742122916142, 41.317212602764194 ], [ 69.150848526564943, 41.317345957903001 ], [ 69.15085404042415, 41.317354056911633 ], [ 69.150890563228643, 41.31741774987136 ], [ 69.150903786429623, 41.317440331801535 ], [ 69.15090384122685, 41.317440424908931 ], [ 69.151027840177093, 41.317646310758697 ], [ 69.151145218543689, 41.317823068351935 ], [ 69.151146538168874, 41.317825048559975 ], [ 69.151239843482486, 41.317976886820645 ], [ 69.151288821428395, 41.318046431392141 ], [ 69.151304547335755, 41.318068762796329 ], [ 69.15133921961079, 41.318117996569619 ], [ 69.151395905101836, 41.318191877183303 ], [ 69.151524751361364, 41.318366816378514 ], [ 69.151529307616471, 41.318373927525982 ], [ 69.151619293655116, 41.318535587852629 ], [ 69.151690659414555, 41.318654575695987 ], [ 69.151753263905007, 41.318704485729256 ], [ 69.151786890541061, 41.318726601010958 ], [ 69.151795388603631, 41.318732895758593 ], [ 69.151802812281147, 41.318740000794008 ], [ 69.151808923520022, 41.318747650293844 ], [ 69.151851721955111, 41.318809657897056 ], [ 69.151936576816837, 41.318922142711052 ], [ 69.151940532997358, 41.318928081885446 ], [ 69.151979395913159, 41.318992976928129 ], [ 69.151982036061796, 41.318997927696621 ], [ 69.151985882647821, 41.319007920988263 ], [ 69.152018535510095, 41.319125877741953 ], [ 69.152019137381345, 41.319127949666083 ], [ 69.152057392137706, 41.31929120979472 ], [ 69.152058727034216, 41.319299493421852 ], [ 69.15206463435554, 41.319373799763319 ], [ 69.152079346963262, 41.319412622376021 ], [ 69.152095170786964, 41.319454378433861 ], [ 69.152095893032467, 41.319456719541186 ], [ 69.152116950441027, 41.319520196575731 ], [ 69.152162931607194, 41.319614176692703 ], [ 69.152228980238462, 41.319706779001869 ], [ 69.152306867766825, 41.319802699867033 ], [ 69.152308067916039, 41.319804138931964 ], [ 69.152313702149499, 41.319812867774075 ], [ 69.152364580032284, 41.319905942067201 ], [ 69.152455161653947, 41.320014184720264 ], [ 69.152471148971046, 41.320033019337771 ], [ 69.152546579607161, 41.320121884763878 ], [ 69.152580852131848, 41.320161237216361 ], [ 69.152639907378642, 41.320229044899335 ], [ 69.152642898768548, 41.320293861060492 ], [ 69.152715608407647, 41.320339991059292 ], [ 69.153301374651562, 41.320711619885145 ], [ 69.153553315257867, 41.320925824023796 ], [ 69.153789573974208, 41.32119440921047 ], [ 69.153908752564632, 41.32124961804071 ], [ 69.154288835151249, 41.321425689187457 ], [ 69.154420578477556, 41.321545850366213 ], [ 69.154425028731467, 41.321558096594664 ], [ 69.154426488493812, 41.321568633260753 ], [ 69.15442878279103, 41.321630062705076 ], [ 69.154453552038362, 41.321746229597068 ], [ 69.154470846404223, 41.321834480783124 ], [ 69.154487371812195, 41.321899945705688 ], [ 69.154518469690672, 41.32196376780265 ], [ 69.154534072528875, 41.321993337474275 ], [ 69.154549675367022, 41.322022907807082 ], [ 69.15455063656438, 41.322024797485241 ], [ 69.154552918285219, 41.322030109632621 ], [ 69.154571965264168, 41.322081172745243 ], [ 69.154604867858097, 41.322169389745561 ], [ 69.154674277985151, 41.322265949245029 ], [ 69.154679315737241, 41.322274049666177 ], [ 69.154715446876295, 41.322343900661757 ], [ 69.15471965548339, 41.322354794760322 ], [ 69.154741952567093, 41.322436374958535 ], [ 69.154743769858882, 41.322446821080881 ], [ 69.154743556059842, 41.322457270574738 ], [ 69.154741309373335, 41.322467633038471 ], [ 69.154709170347417, 41.322569552773359 ], [ 69.154706081939452, 41.322577393420978 ], [ 69.154703346569434, 41.322582441739733 ], [ 69.154640386346088, 41.322688005685492 ], [ 69.154635980109617, 41.322694497719233 ], [ 69.154588806879119, 41.322755542908737 ], [ 69.154544996042702, 41.322823700726957 ], [ 69.154530471182881, 41.322846148555513 ], [ 69.1545226082292, 41.322856160146891 ], [ 69.154512712388012, 41.322865088946955 ], [ 69.154462259408405, 41.322903889915501 ], [ 69.154457607931874, 41.322907229358613 ], [ 69.154351909460587, 41.322978261634667 ], [ 69.154349879268054, 41.322979616974834 ], [ 69.154327109670547, 41.322994048748249 ], [ 69.154135955364623, 41.323115198745398 ], [ 69.154134166818864, 41.323116282880306 ], [ 69.153963897444996, 41.32321901790511 ], [ 69.153878619476743, 41.323286149124797 ], [ 69.153816539602389, 41.323360365917424 ], [ 69.153791102906808, 41.32341723857337 ], [ 69.153790389644485, 41.323418770657348 ], [ 69.153787297643277, 41.323424540764606 ], [ 69.153778669324993, 41.323438540001973 ], [ 69.153744801940448, 41.323493505413893 ], [ 69.15375569311496, 41.323552221712802 ], [ 69.153786660737737, 41.323662164441785 ], [ 69.153857486609681, 41.323749894920255 ], [ 69.153928437347474, 41.323821408634984 ], [ 69.153954502863741, 41.323847680570353 ], [ 69.153960733578543, 41.323854787746654 ], [ 69.153961932829432, 41.323856406847014 ], [ 69.15406658745836, 41.32400102067907 ], [ 69.154068746109985, 41.324004171845957 ], [ 69.154131453008418, 41.324101946995171 ], [ 69.154180277342419, 41.324223387718277 ], [ 69.154186050814729, 41.324242808714295 ], [ 69.154212045364133, 41.324321140950659 ], [ 69.154214460933929, 41.324331586770867 ], [ 69.154214843616231, 41.324342215411463 ], [ 69.154208728784084, 41.324434552623295 ], [ 69.154207315734155, 41.324443562836016 ], [ 69.154174423920026, 41.324581964835488 ], [ 69.154170150634201, 41.324593861716174 ], [ 69.15410486646924, 41.324728703447342 ], [ 69.154102010724969, 41.324733932396541 ], [ 69.154026903482389, 41.324857889604182 ], [ 69.153913213598329, 41.325038466186257 ], [ 69.153905945329385, 41.325048024775619 ], [ 69.153896766343806, 41.325056684779518 ], [ 69.153791810779254, 41.325141407310312 ], [ 69.15378381936651, 41.325147181987305 ], [ 69.153778450136031, 41.32515061171344 ], [ 69.153780140765392, 41.325158537726182 ], [ 69.153785701337029, 41.325185732665375 ], [ 69.153789537143282, 41.325191132929206 ], [ 69.153809520166774, 41.325202726123578 ], [ 69.153851862257696, 41.325220143907657 ], [ 69.153899433441879, 41.325225934768348 ], [ 69.153913780435303, 41.325228619719901 ], [ 69.153991973390873, 41.325248151052485 ], [ 69.153994485080389, 41.32524886883828 ], [ 69.154000941272372, 41.325250751002137 ], [ 69.15409972181763, 41.325284038309221 ], [ 69.154111922735808, 41.325288886059056 ], [ 69.154122929792976, 41.325294996678878 ], [ 69.154132744785798, 41.325302279770604 ], [ 69.154187944463374, 41.325349855960368 ], [ 69.154196567391779, 41.325358671758941 ], [ 69.154275179860619, 41.325453689099639 ], [ 69.154349225294538, 41.325537901110771 ], [ 69.154399781580409, 41.325593051618043 ], [ 69.154470408026341, 41.325645650716531 ], [ 69.154517431238204, 41.325672250449628 ], [ 69.154580321392928, 41.325687479685811 ], [ 69.154583550836406, 41.325688375562791 ], [ 69.15459203991584, 41.325690976844115 ], [ 69.154673005970693, 41.325719963314249 ], [ 69.154740918606194, 41.325736986315768 ], [ 69.154807278054548, 41.325753561374796 ], [ 69.154820430288623, 41.325757596864669 ], [ 69.154832513527509, 41.325763165732447 ], [ 69.154843402905357, 41.325769906389169 ], [ 69.154852861266988, 41.325777911255422 ], [ 69.154860650558831, 41.325786727670653 ], [ 69.154866647711657, 41.325796447380924 ], [ 69.154893421998707, 41.325849737784772 ], [ 69.154927132178059, 41.325905991005541 ], [ 69.154931695619709, 41.325915353832542 ], [ 69.154934466922356, 41.325924986499722 ], [ 69.154935566460267, 41.325934895752972 ], [ 69.154936572573391, 41.326006685680746 ], [ 69.154935639223808, 41.326016865437239 ], [ 69.154932915531873, 41.326026867097085 ], [ 69.154928277530061, 41.32603642081925 ], [ 69.154905427084145, 41.326075184820169 ], [ 69.154903880185245, 41.326077710530591 ], [ 69.154868398528151, 41.32613198359897 ], [ 69.154865541885556, 41.326136130374685 ], [ 69.154858867402993, 41.326143706824013 ], [ 69.154847406696589, 41.326155100841554 ], [ 69.154798901264513, 41.326203328073014 ], [ 69.154796041028646, 41.326206035920706 ], [ 69.154791628503972, 41.326209823804156 ], [ 69.154746713638076, 41.326245056843447 ], [ 69.154729951973195, 41.32625820480397 ], [ 69.154726981244565, 41.326260533524056 ], [ 69.154667112124102, 41.326309796862674 ], [ 69.154645692694473, 41.326347927926776 ], [ 69.15463005122875, 41.326404066710232 ], [ 69.15462702660119, 41.326438301913512 ], [ 69.154658168497136, 41.326519688786803 ], [ 69.154690952513434, 41.326588014015556 ], [ 69.154774179627893, 41.326714100092673 ], [ 69.154776099327663, 41.326717160732585 ], [ 69.154857927765192, 41.326857479821442 ], [ 69.15493382103368, 41.326963849726233 ], [ 69.154934900808627, 41.326965468749329 ], [ 69.155055420583778, 41.327145191529688 ], [ 69.155134023171129, 41.327235161680314 ], [ 69.155136899576675, 41.327238671572729 ], [ 69.155161951793332, 41.32727124482291 ], [ 69.155181461404666, 41.327284550430335 ], [ 69.155217094877059, 41.327294411580901 ], [ 69.155265375730295, 41.327296507530555 ], [ 69.155301085559472, 41.327288081906971 ], [ 69.155344894599253, 41.327268295516312 ], [ 69.155355758824285, 41.327264137344628 ], [ 69.155512896625368, 41.327213302931931 ], [ 69.155623561881853, 41.327168203851251 ], [ 69.155636217347563, 41.327163953928775 ], [ 69.15563980162554, 41.327163047953192 ], [ 69.155808075841207, 41.327122287134621 ], [ 69.155917112452101, 41.327095926798869 ], [ 69.155921889692763, 41.327094838682648 ], [ 69.156006453500368, 41.327078059563512 ], [ 69.156013620259699, 41.32707687835331 ], [ 69.156157685776748, 41.327056956305483 ], [ 69.156159357541469, 41.327056774840287 ], [ 69.156287301892476, 41.327041108113804 ], [ 69.156302474437609, 41.327040185946338 ], [ 69.15630510380646, 41.32704018257337 ], [ 69.156426861460048, 41.327042559836116 ], [ 69.156447430185111, 41.327042961893056 ], [ 69.156461414259127, 41.327044022351899 ], [ 69.156474206268811, 41.327046438740858 ], [ 69.156623305046381, 41.327082536828989 ], [ 69.156691801586788, 41.327092982206523 ], [ 69.156866809573827, 41.327120127767806 ], [ 69.156879961807903, 41.327122992082565 ], [ 69.156892158234527, 41.327127027487684 ], [ 69.156993469333941, 41.327167424698807 ], [ 69.157003878113144, 41.327172185286294 ], [ 69.157013331983194, 41.327177936847228 ], [ 69.157021832740725, 41.327184591684542 ], [ 69.1571057785074, 41.327259601402275 ], [ 69.157107695512209, 41.327261400533509 ], [ 69.157181234296317, 41.327331469472036 ], [ 69.157237741920937, 41.327385045995236 ], [ 69.157286632730262, 41.327431401683505 ], [ 69.157288310783215, 41.327433111089817 ], [ 69.157406300902537, 41.327552031419366 ], [ 69.157410254388097, 41.327556259729732 ], [ 69.157494618769675, 41.327655409076932 ], [ 69.15758743719644, 41.327742026510677 ], [ 69.157750049330858, 41.327880161789508 ], [ 69.157843572036754, 41.327960563320325 ], [ 69.157853755338806, 41.32797135866543 ], [ 69.157855912193796, 41.327974328852257 ], [ 69.157920189347351, 41.328067740247576 ], [ 69.157958716293237, 41.328087593853574 ], [ 69.158034033741615, 41.32810136273158 ], [ 69.158200930839939, 41.328083929527708 ], [ 69.158213834240684, 41.328083189511943 ], [ 69.158220884219006, 41.328083360855643 ], [ 69.158328448491162, 41.328089248601565 ], [ 69.158338009260703, 41.328090137025107 ], [ 69.158341595335315, 41.328090670618948 ], [ 69.158429341873969, 41.328104782858077 ], [ 69.158441896728363, 41.328107467690955 ], [ 69.158447277636938, 41.328109081963589 ], [ 69.15847645851062, 41.328118590858104 ], [ 69.158528361371111, 41.328135452682716 ], [ 69.158536613295283, 41.328138143585612 ], [ 69.158548693839265, 41.328142900729262 ], [ 69.158559821270671, 41.328148920687596 ], [ 69.158569637161776, 41.328156024696447 ], [ 69.158612025965084, 41.328191455684582 ], [ 69.158612863194918, 41.328191815235854 ], [ 69.158682630851459, 41.328228050303721 ], [ 69.158705233362326, 41.328239789341566 ], [ 69.158762776744496, 41.328265225040631 ], [ 69.158793398515897, 41.328278761151203 ], [ 69.15882497878971, 41.328292047664647 ], [ 69.158830121644712, 41.328294292664218 ], [ 69.158834309590574, 41.32829617878761 ], [ 69.158852368422714, 41.328304911214332 ], [ 69.15885245016942, 41.328304896373595 ], [ 69.15885887132707, 41.328307987969438 ], [ 69.158940068248953, 41.328295124420357 ], [ 69.159045557412767, 41.328278386085117 ], [ 69.15906366026239, 41.328275514400751 ], [ 69.159130348494131, 41.328264939693554 ], [ 69.159176238032103, 41.328257663678755 ], [ 69.159209587088711, 41.328250907764087 ], [ 69.159210852814951, 41.328250651423808 ], [ 69.159226932658527, 41.328247393878655 ], [ 69.159301636557558, 41.328232260356558 ], [ 69.159303576918589, 41.328231867751086 ], [ 69.159305926911358, 41.328231390823156 ], [ 69.159442332493981, 41.32820372967106 ], [ 69.159454214510262, 41.328200265027469 ], [ 69.159499703399618, 41.328187002105608 ], [ 69.159514432177019, 41.328182705703561 ], [ 69.159529869725176, 41.328178203554188 ], [ 69.159571535384686, 41.328166680370998 ], [ 69.159574510604912, 41.328165857382814 ], [ 69.159577838863015, 41.328164937254982 ], [ 69.159579233048348, 41.328164551394934 ], [ 69.159583755167503, 41.328163299373422 ], [ 69.159589207042956, 41.328161791685901 ], [ 69.159618008827593, 41.3281538262382 ], [ 69.159718064082242, 41.328126152236138 ], [ 69.159730125761556, 41.328122802267202 ], [ 69.159739779955927, 41.328120128228186 ], [ 69.159740067416806, 41.3281207569377 ], [ 69.159742468613587, 41.328125995733373 ], [ 69.159758544863905, 41.328161147461465 ], [ 69.159795537487312, 41.328242039739571 ], [ 69.159812213812231, 41.32827850548567 ], [ 69.159820779248449, 41.328297235178567 ], [ 69.159833722175065, 41.32832553714087 ], [ 69.159837961324911, 41.328334806528353 ], [ 69.159979421727627, 41.328292219007807 ], [ 69.160059066360731, 41.3282682404109 ], [ 69.160080048310832, 41.328261923648547 ], [ 69.160107759540693, 41.328253580448504 ], [ 69.160139418866265, 41.328244049987127 ], [ 69.160155854442692, 41.328239100595638 ], [ 69.160184687668362, 41.328230421451899 ], [ 69.160442481697032, 41.328149361188807 ], [ 69.160492471145986, 41.328155358885411 ], [ 69.160564703779656, 41.32818616157855 ], [ 69.160597695306762, 41.328265229762721 ], [ 69.160655412063761, 41.328394947221348 ], [ 69.160758985121078, 41.328499875743276 ], [ 69.160984956330822, 41.328695493352072 ], [ 69.161064203908566, 41.328744829052866 ], [ 69.161302186491952, 41.328822373371622 ], [ 69.16149110219618, 41.328953142053862 ], [ 69.1615651655964, 41.329060583803965 ], [ 69.161625256600701, 41.3291792556196 ], [ 69.161650861281245, 41.329229817996023 ], [ 69.16175066231267, 41.329298385251263 ], [ 69.16179364669901, 41.329327915842462 ], [ 69.162100846271684, 41.329487543509138 ], [ 69.162296161574019, 41.329621548095957 ], [ 69.162314815989205, 41.329634345275736 ], [ 69.162353211781081, 41.329655652766697 ], [ 69.162453855432261, 41.329711505383081 ], [ 69.162562954026882, 41.32983672737133 ], [ 69.162628990980039, 41.330013404681736 ], [ 69.162823942464698, 41.330241335877091 ], [ 69.163005958209254, 41.330415860927339 ], [ 69.163126036013267, 41.330499910028038 ], [ 69.163788190497414, 41.330963384579135 ], [ 69.163795851330164, 41.330968745240057 ], [ 69.163816709312741, 41.330983345905558 ], [ 69.16404993980828, 41.331122699969363 ], [ 69.164214678254964, 41.331192998149263 ], [ 69.164249353224918, 41.331207793709154 ], [ 69.164443132408124, 41.3312904839227 ], [ 69.164458885264935, 41.331297206469358 ], [ 69.164534402139296, 41.331329428949267 ], [ 69.164577403593654, 41.33133528469812 ], [ 69.164796750626451, 41.331365158385218 ], [ 69.165082513701492, 41.331342906412083 ], [ 69.165152561632397, 41.331337452019838 ], [ 69.165203496109029, 41.331336851672397 ], [ 69.165762904884218, 41.33133025459572 ], [ 69.16589847593194, 41.331304193438157 ], [ 69.166066697146988, 41.331271856947076 ], [ 69.166110275319724, 41.33124894523359 ], [ 69.166281250769444, 41.33115905617516 ], [ 69.166518719516503, 41.331028914531011 ], [ 69.166609654176085, 41.330995406882423 ], [ 69.166803118948906, 41.330974113320636 ], [ 69.167001618778926, 41.330997312489572 ], [ 69.167364214760212, 41.331058592738941 ], [ 69.167588905870645, 41.33106321071196 ], [ 69.167631678254594, 41.330642651391507 ], [ 69.167666123255856, 41.330303971350801 ], [ 69.167428444303027, 41.330016254703523 ], [ 69.167359078193414, 41.329774283699145 ], [ 69.167350307941291, 41.32963920416946 ], [ 69.167328865155469, 41.329308921340314 ], [ 69.167323443822724, 41.329225419802725 ], [ 69.167378238360101, 41.329224020070932 ], [ 69.168041694503088, 41.329207068810256 ], [ 69.168017594500654, 41.328201517722803 ] ] ] ] } },
{ "type": "Feature", "properties": { "id": 171, "reg_name": "Toshkent shahri", "reg_kiril": "Тошкент шаҳри", "dist_name": "Yashnobod tumani", "dist_kir": "Яшнобод тумани", "cad_id": "10:04", "shp_len": 54487.926586166977, "shp_area": 104405172.53147128 }, "geometry": { "type": "MultiPolygon", "coordinates": [ [ [ [ 69.424737891156255, 41.306317116227596 ], [ 69.424456110312889, 41.306153519939542 ], [ 69.424374040228514, 41.306105869003602 ], [ 69.424181102766767, 41.3059938519851 ], [ 69.424146026249829, 41.305967074168151 ], [ 69.424145931926731, 41.305967001963431 ], [ 69.424124437038628, 41.305950593948857 ], [ 69.424108921337009, 41.305935003125796 ], [ 69.424097174068081, 41.305923200686678 ], [ 69.423961217643068, 41.305786591853881 ], [ 69.423752221897288, 41.305576591992491 ], [ 69.423752202134352, 41.305576571073253 ], [ 69.423742466193303, 41.3055661890537 ], [ 69.423353150722193, 41.305125103867837 ], [ 69.423338596217945, 41.305108613988267 ], [ 69.42332882254766, 41.305097539529605 ], [ 69.423230185732834, 41.304985787332953 ], [ 69.423224776976511, 41.304980191046639 ], [ 69.423165091112423, 41.304918430094084 ], [ 69.423128430865688, 41.304880495011773 ], [ 69.422979286273986, 41.304726163141055 ], [ 69.422893406434511, 41.304637307767308 ], [ 69.422614935882976, 41.304349159279319 ], [ 69.422557175108494, 41.30428718245907 ], [ 69.422457481874915, 41.304180284266977 ], [ 69.422456040078885, 41.304178738234157 ], [ 69.422362199369346, 41.304076579869495 ], [ 69.42236218050472, 41.304076556250443 ], [ 69.422354923015561, 41.304066189513179 ], [ 69.422346709718909, 41.304054466365798 ], [ 69.422253820325267, 41.303921949170196 ], [ 69.422159966141024, 41.303828455927082 ], [ 69.422076606075905, 41.303745417068221 ], [ 69.422037558107135, 41.303703677940703 ], [ 69.422002030635966, 41.303665702336524 ], [ 69.421917054501662, 41.303535365419172 ], [ 69.42188995143124, 41.303493821184816 ], [ 69.421561631567926, 41.303310177158288 ], [ 69.421426718086977, 41.303234716077107 ], [ 69.421426693832473, 41.30323470190546 ], [ 69.421111670832005, 41.303014696733989 ], [ 69.421038485984099, 41.302982968408543 ], [ 69.420990775561066, 41.302962283848103 ], [ 69.420959723496637, 41.302948819411107 ], [ 69.420917779359385, 41.302926804051879 ], [ 69.420909503180695, 41.302921428937005 ], [ 69.420673397177907, 41.302762225458729 ], [ 69.42067336933016, 41.302762205888236 ], [ 69.42064461695287, 41.302739934025439 ], [ 69.420644584613498, 41.302739901632947 ], [ 69.420634067138153, 41.302728917875953 ], [ 69.420634043781959, 41.302728892906714 ], [ 69.420549061359452, 41.3026225070668 ], [ 69.420501975265523, 41.302560555599271 ], [ 69.420440978759416, 41.30248028806971 ], [ 69.420419956385132, 41.302446368256888 ], [ 69.420409253856846, 41.302419451989188 ], [ 69.420387584695561, 41.302349369088859 ], [ 69.420351416725595, 41.302232305170541 ], [ 69.420325167952981, 41.302182595777658 ], [ 69.420316768705078, 41.302166676751646 ], [ 69.420283705312741, 41.302104010184671 ], [ 69.420109264162647, 41.301959262736922 ], [ 69.419943889708719, 41.301831498323274 ], [ 69.419932256525811, 41.301822509954192 ], [ 69.419915310706301, 41.301809415776383 ], [ 69.419836708118936, 41.301748666801068 ], [ 69.419822537195316, 41.30173691826743 ], [ 69.419802720360153, 41.30171719835338 ], [ 69.419802694309013, 41.301717171359215 ], [ 69.419696962600071, 41.301598819356585 ], [ 69.419586017967532, 41.30147466472075 ], [ 69.419399940041274, 41.301281763369509 ], [ 69.419331453382327, 41.301210764811906 ], [ 69.419315086077859, 41.301191818128018 ], [ 69.419311342798039, 41.301186380108128 ], [ 69.419301704773389, 41.301172409159548 ], [ 69.419301679620531, 41.301172372042231 ], [ 69.419295439024253, 41.301162129017563 ], [ 69.418981273016556, 41.300646759323207 ], [ 69.41897395893352, 41.300634760890837 ], [ 69.418899993449699, 41.300526594710902 ], [ 69.41874828865943, 41.300304734636811 ], [ 69.418723768245457, 41.300268874118217 ], [ 69.418723739499356, 41.300268833626085 ], [ 69.418451205913499, 41.299934578117671 ], [ 69.418335821806849, 41.299758384806708 ], [ 69.418304264889215, 41.299716675521289 ], [ 69.418271795283303, 41.299673667074046 ], [ 69.418158555455193, 41.299580943173247 ], [ 69.417957792768959, 41.299498388866603 ], [ 69.41773292918198, 41.299405923194968 ], [ 69.417342006624878, 41.299180502688266 ], [ 69.417062320652732, 41.298943418075687 ], [ 69.417062283821821, 41.298943389055687 ], [ 69.417025464573257, 41.298915483988004 ], [ 69.416843603338933, 41.298795636755969 ], [ 69.416843570999589, 41.298795615834543 ], [ 69.416600906396937, 41.298648069715213 ], [ 69.416576112895072, 41.29862972293553 ], [ 69.416562143194113, 41.298619385027386 ], [ 69.416544114006385, 41.298601615267685 ], [ 69.416434417133743, 41.298481579165241 ], [ 69.416367112657724, 41.298416335707628 ], [ 69.416191742649659, 41.298299328843903 ], [ 69.416172703755507, 41.29828455145843 ], [ 69.416172505227834, 41.29828439825841 ], [ 69.41616096277474, 41.298275464066556 ], [ 69.416122509490691, 41.298240616117319 ], [ 69.415946185471782, 41.298091110206443 ], [ 69.415912698972932, 41.298067007116018 ], [ 69.415807269097925, 41.297991122884035 ], [ 69.415716268861317, 41.297929248004159 ], [ 69.415681418719899, 41.297905557888932 ], [ 69.415513304404357, 41.297791311103985 ], [ 69.415500232120323, 41.297781804533649 ], [ 69.415459123416326, 41.297750232937574 ], [ 69.415374117637626, 41.297684954328702 ], [ 69.415374080806671, 41.297684928682621 ], [ 69.415259222214459, 41.297610901996983 ], [ 69.415161195355694, 41.297547751200256 ], [ 69.414875049598351, 41.29740312726998 ], [ 69.414864071287269, 41.297397115944996 ], [ 69.414858839499075, 41.297394272595497 ], [ 69.414575423721871, 41.297229193436898 ], [ 69.414425061912979, 41.297144730906339 ], [ 69.414162639763958, 41.296997372049915 ], [ 69.414149374342173, 41.296989416291403 ], [ 69.414149348291033, 41.296989401443533 ], [ 69.414134925839136, 41.296980227483644 ], [ 69.413981807998979, 41.296882841564241 ], [ 69.413712832639959, 41.296711772669902 ], [ 69.413673106443156, 41.296686618915508 ], [ 69.413644696323985, 41.296668650206669 ], [ 69.413376214140072, 41.296498634957359 ], [ 69.413351355061195, 41.296482894069555 ], [ 69.412963028635247, 41.29623701433529 ], [ 69.412960004905983, 41.29623503819586 ], [ 69.412956117895746, 41.296232534950889 ], [ 69.41281782315609, 41.296139356666508 ], [ 69.412519143205586, 41.295938107045984 ], [ 69.412355971420752, 41.295844198082932 ], [ 69.412307446225739, 41.295816270091983 ], [ 69.412003752777636, 41.29561854119364 ], [ 69.411752552383149, 41.29545499635644 ], [ 69.411752527230334, 41.295454974759018 ], [ 69.411748205435501, 41.295451116246511 ], [ 69.411525110631317, 41.295243131488213 ], [ 69.411525094461624, 41.295243113940266 ], [ 69.411508596901427, 41.295226172064218 ], [ 69.411420180219622, 41.295125920504823 ], [ 69.41141889293381, 41.2951244606475 ], [ 69.411382106024604, 41.295082763921933 ], [ 69.411382086261668, 41.295082742324389 ], [ 69.411242508727753, 41.294995690706287 ], [ 69.411237592248213, 41.294992555684978 ], [ 69.411173309704779, 41.294950538961004 ], [ 69.411128656248664, 41.2949384949357 ], [ 69.41109487240746, 41.294929397628742 ], [ 69.411094828389992, 41.294929377381017 ], [ 69.411047758465756, 41.294905816436639 ], [ 69.410975480916292, 41.294869637084588 ], [ 69.410936156266416, 41.29483732503553 ], [ 69.410904580484171, 41.294811378195497 ], [ 69.410904531975163, 41.294811342424431 ], [ 69.410813821894394, 41.294744291892094 ], [ 69.410743915897299, 41.294700396011784 ], [ 69.410713965167403, 41.294678826019727 ], [ 69.410713923844909, 41.294678792273352 ], [ 69.410708701938177, 41.294674463290683 ], [ 69.410666255642681, 41.294639240182619 ], [ 69.410553537735765, 41.294563108988527 ], [ 69.410553499108218, 41.29456307861679 ], [ 69.41043898277411, 41.294486393216985 ], [ 69.410438963011174, 41.294486379043484 ], [ 69.410423774296348, 41.294475472188211 ], [ 69.410423740160383, 41.29447544519104 ], [ 69.410316245956849, 41.294392523334643 ], [ 69.410316227092238, 41.29439251051101 ], [ 69.410287560054869, 41.294375876182208 ], [ 69.410236957056597, 41.294346487012852 ], [ 69.41019965631105, 41.294317116728351 ], [ 69.410174667874784, 41.294297428992337 ], [ 69.410174634637144, 41.294297395245771 ], [ 69.410173134450616, 41.294295784185287 ], [ 69.410166662088997, 41.294288826995384 ], [ 69.410102263662907, 41.294219602645398 ], [ 69.410088548185158, 41.294203437350319 ], [ 69.410088523930639, 41.294203408328194 ], [ 69.410088507760946, 41.294203388755193 ], [ 69.409999800923273, 41.294087732299538 ], [ 69.409981476189813, 41.294059329753196 ], [ 69.409975362255963, 41.294047976020487 ], [ 69.409967342097119, 41.2940330755088 ], [ 69.409933304931002, 41.294015093245214 ], [ 69.409914036966498, 41.294003924436751 ], [ 69.409914004627126, 41.294003903513797 ], [ 69.409913090142183, 41.294003281899471 ], [ 69.409896014965256, 41.293991716227694 ], [ 69.409823313410982, 41.293937997515847 ], [ 69.409775903923546, 41.293902967041554 ], [ 69.409730637816395, 41.293876180210169 ], [ 69.409701458739306, 41.293858913335058 ], [ 69.409647132224222, 41.293809241430907 ], [ 69.409620502565929, 41.293784909304648 ], [ 69.409620488192871, 41.293784891081359 ], [ 69.409551503867263, 41.293683815908032 ], [ 69.409514469023037, 41.293629552267724 ], [ 69.409492627385234, 41.293597550750945 ], [ 69.409492606723973, 41.293597529152954 ], [ 69.409368510755669, 41.293476665814538 ], [ 69.409368477518015, 41.2934766340924 ], [ 69.409329267852499, 41.293438637684282 ], [ 69.40928579927423, 41.293396493070617 ], [ 69.409162537840814, 41.29327894804765 ], [ 69.409162521671149, 41.29327893184908 ], [ 69.409144744011684, 41.293260050355109 ], [ 69.409039200948939, 41.293134789137376 ], [ 69.408795871592986, 41.292918276484343 ], [ 69.408795849135103, 41.292918256235936 ], [ 69.408664316912891, 41.292807712921331 ], [ 69.408664296251629, 41.292807697397556 ], [ 69.408563964315874, 41.292749141715042 ], [ 69.408563940959681, 41.292749127541114 ], [ 69.408560184205157, 41.292746857019132 ], [ 69.408555811206355, 41.292744197727487 ], [ 69.408543290487913, 41.29273517098396 ], [ 69.408525811967451, 41.292722529896174 ], [ 69.408408038342117, 41.292624854141685 ], [ 69.408401069212132, 41.292618928094775 ], [ 69.408377033888399, 41.292594247250996 ], [ 69.408316884493615, 41.292523048900577 ], [ 69.408316868323936, 41.292523031351898 ], [ 69.408265112787163, 41.292467290630341 ], [ 69.408225250046428, 41.292424359071838 ], [ 69.408216231859271, 41.292414111298527 ], [ 69.408184338073411, 41.292375502091083 ], [ 69.408180004600482, 41.292370113282466 ], [ 69.408169234698562, 41.292353881383832 ], [ 69.408163607651602, 41.292345399946896 ], [ 69.408140699713556, 41.292305238309972 ], [ 69.408124484224345, 41.292276808664361 ], [ 69.40810537436333, 41.292256154456005 ], [ 69.408058149928848, 41.292230654082729 ], [ 69.407986501200085, 41.292167608094395 ], [ 69.407965593810175, 41.292149218319736 ], [ 69.407924123085067, 41.29208739864405 ], [ 69.407924101525495, 41.292087362871492 ], [ 69.407911178361829, 41.292065184556634 ], [ 69.407911167582057, 41.292065163633097 ], [ 69.407906074134388, 41.292054983298733 ], [ 69.40788220499897, 41.292007228242419 ], [ 69.407715804668996, 41.291840086282484 ], [ 69.407608300584016, 41.291759756961987 ], [ 69.407595256147772, 41.291749021764971 ], [ 69.407588876312616, 41.291743767896172 ], [ 69.407588846668204, 41.291743741572844 ], [ 69.40754405217659, 41.291702339667779 ], [ 69.407469801926752, 41.291633712611272 ], [ 69.407438537859946, 41.291604816951434 ], [ 69.407433470463417, 41.291600133411301 ], [ 69.407429790964002, 41.29159673229298 ], [ 69.407429246584968, 41.291596229448508 ], [ 69.407428209030783, 41.291595269656838 ], [ 69.407428182979672, 41.291595245358302 ], [ 69.407422725714298, 41.291590202064292 ], [ 69.407407519033157, 41.29157412993694 ], [ 69.407399332685983, 41.291565433086632 ], [ 69.407368447708208, 41.29152738426842 ], [ 69.407294866703282, 41.291436724965791 ], [ 69.407278699723136, 41.291416800799055 ], [ 69.407267949584096, 41.291403566840074 ], [ 69.40726496897399, 41.291399549472061 ], [ 69.407259305096133, 41.291391979108603 ], [ 69.407189886884225, 41.291291338278128 ], [ 69.407162841305976, 41.291254157976823 ], [ 69.407151118291523, 41.29123805539335 ], [ 69.407118810382315, 41.291193677254817 ], [ 69.407118793314325, 41.291193654981065 ], [ 69.407079617784788, 41.291151386748624 ], [ 69.406982408392935, 41.291054712989059 ], [ 69.406961659106514, 41.291039787494924 ], [ 69.406849741598521, 41.290959264823819 ], [ 69.406849720937259, 41.290959249299597 ], [ 69.406828021233281, 41.290941879057627 ], [ 69.406827993385505, 41.290941855433829 ], [ 69.406821018865628, 41.290935403435647 ], [ 69.406820988322906, 41.290935375087052 ], [ 69.406796543367378, 41.290911887621405 ], [ 69.40659293571666, 41.29071635370255 ], [ 69.406571105756967, 41.290692343732509 ], [ 69.406571081502449, 41.290692316058781 ], [ 69.406483223572721, 41.290580871937777 ], [ 69.406399463757324, 41.290507375816148 ], [ 69.406346929381172, 41.290461278705052 ], [ 69.406321727145865, 41.2904453520933 ], [ 69.406251248921961, 41.290400814797302 ], [ 69.406215372904441, 41.290373828086196 ], [ 69.406207564748001, 41.290366559316062 ], [ 69.406146282577652, 41.29030714692739 ], [ 69.40614625922143, 41.290307126003249 ], [ 69.406035237333782, 41.290247521193223 ], [ 69.406024841131, 41.290241486934669 ], [ 69.406017540522697, 41.290237249453867 ], [ 69.406008730744688, 41.290231278641848 ], [ 69.406000438396319, 41.290225658140365 ], [ 69.405945936709713, 41.29018574898847 ], [ 69.405851070124143, 41.290116230045498 ], [ 69.405842091462844, 41.2901094236041 ], [ 69.405819893193879, 41.290092595815395 ], [ 69.405586367152623, 41.289915569321344 ], [ 69.405570162443212, 41.289902295234192 ], [ 69.40555874934752, 41.289891436210873 ], [ 69.405334337613127, 41.289664751660496 ], [ 69.405291779028232, 41.289621747384913 ], [ 69.405291749383835, 41.289621719035758 ], [ 69.405291715247841, 41.289621689336663 ], [ 69.405263477605217, 41.289598318844511 ], [ 69.40523285313887, 41.289572970652756 ], [ 69.405043534989375, 41.28941627724641 ], [ 69.405041177810048, 41.289414252976705 ], [ 69.405036397874426, 41.289410146388612 ], [ 69.405022388647552, 41.28939526304211 ], [ 69.405006925048255, 41.289378765810376 ], [ 69.404851393434939, 41.289179431186604 ], [ 69.404833791845235, 41.289152919834208 ], [ 69.404809596621376, 41.289109631727648 ], [ 69.404685978556842, 41.288888340982389 ], [ 69.404684384047187, 41.288885227942167 ], [ 69.404681083636845, 41.288878924237764 ], [ 69.404676068342624, 41.288866770418551 ], [ 69.404671810328153, 41.288856592960023 ], [ 69.404641939548341, 41.288768188456757 ], [ 69.404603684791965, 41.288654969201758 ], [ 69.4045233834904, 41.288600160036403 ], [ 69.40452332959147, 41.28860012628693 ], [ 69.404512833675682, 41.288593616683002 ], [ 69.404478990545698, 41.28857262516334 ], [ 69.404433057888582, 41.288544143941884 ], [ 69.404428501633475, 41.288541275906859 ], [ 69.404373303752521, 41.288505421070575 ], [ 69.404298163272244, 41.288456611104245 ], [ 69.404276090767425, 41.288440744752386 ], [ 69.404247174896724, 41.288417733607837 ], [ 69.404226041131338, 41.288400889858032 ], [ 69.40418058458134, 41.288369380545802 ], [ 69.404180560326822, 41.288369364345954 ], [ 69.404138534442893, 41.288346284327034 ], [ 69.404097307161251, 41.288323638995315 ], [ 69.404097285601694, 41.28832362684544 ], [ 69.4040847199675, 41.288316299122513 ], [ 69.403982583316321, 41.288253692822209 ], [ 69.40397172088791, 41.288248076875284 ], [ 69.403956112659841, 41.288239968176136 ], [ 69.403896403439532, 41.288222744358819 ], [ 69.403896378286703, 41.288222736933911 ], [ 69.403866847070077, 41.288212753098207 ], [ 69.403764254973012, 41.288173118787782 ], [ 69.403760472167377, 41.288171595325359 ], [ 69.403752283125229, 41.288168297302448 ], [ 69.403721093618572, 41.288151940159317 ], [ 69.403709602369474, 41.288145932031767 ], [ 69.403679295906741, 41.288126941053015 ], [ 69.403650524664798, 41.288108932186603 ], [ 69.403621376130474, 41.288088045810305 ], [ 69.403570715640001, 41.288046329737263 ], [ 69.403459530258985, 41.287965925545905 ], [ 69.403457752493011, 41.287964587702682 ], [ 69.403451788577868, 41.287960113825207 ], [ 69.403421200942432, 41.287936314114837 ], [ 69.403374680787138, 41.28790019772223 ], [ 69.403320871701595, 41.287869041191918 ], [ 69.403311518442891, 41.287863487986677 ], [ 69.403298239546359, 41.287854416017936 ], [ 69.40329468491278, 41.287852009651019 ], [ 69.403294654370043, 41.287851988051131 ], [ 69.403281255997598, 41.287842193158127 ], [ 69.403207136901813, 41.287788011058538 ], [ 69.403185897135216, 41.28777195216945 ], [ 69.403129044557545, 41.287729010771152 ], [ 69.403122648552724, 41.287723796403526 ], [ 69.403115815966657, 41.287718272885897 ], [ 69.403096206642317, 41.287701354705582 ], [ 69.403042234961731, 41.287654805387049 ], [ 69.403039964020707, 41.287652847212641 ], [ 69.403039936172931, 41.287652822237675 ], [ 69.403026344662678, 41.287640004665107 ], [ 69.403026317713199, 41.287639976990093 ], [ 69.402967508604831, 41.287580134843189 ], [ 69.402967481655381, 41.287580107843169 ], [ 69.402950755923086, 41.287565612204581 ], [ 69.402936506846061, 41.287553256315469 ], [ 69.402936487083124, 41.287553241465453 ], [ 69.40291325485326, 41.287536489967557 ], [ 69.402892147139013, 41.287521270718067 ], [ 69.402892113003034, 41.287521244393027 ], [ 69.402871988944014, 41.287505244838407 ], [ 69.402828902149736, 41.287467408302767 ], [ 69.402828875200285, 41.287467395477769 ], [ 69.402815942155144, 41.287461767988155 ], [ 69.402720882431794, 41.287396183432087 ], [ 69.402681687139307, 41.287354099040144 ], [ 69.40259455504831, 41.287274366299457 ], [ 69.402519310363502, 41.287205511158639 ], [ 69.402491865933243, 41.287175819056905 ], [ 69.402491828203992, 41.287175776531591 ], [ 69.402477943842982, 41.287155545286403 ], [ 69.40245157469613, 41.287111834651235 ], [ 69.402410359990881, 41.287068244137842 ], [ 69.402373000854837, 41.287028730633288 ], [ 69.402363555967952, 41.287023010630016 ], [ 69.402340319246491, 41.287008934046689 ], [ 69.402220972671117, 41.286936711689854 ], [ 69.402065865062582, 41.286862489204466 ], [ 69.402062357141389, 41.28686068963318 ], [ 69.402052087601064, 41.286855421195519 ], [ 69.401961545505259, 41.286806626870067 ], [ 69.401880876792731, 41.28676310905373 ], [ 69.401873878018392, 41.286759036049247 ], [ 69.401873837594181, 41.286759012423929 ], [ 69.40186371717418, 41.28675312094466 ], [ 69.40185898754423, 41.286749769524327 ], [ 69.401837143211438, 41.286734278062596 ], [ 69.401785311317894, 41.28669273932659 ], [ 69.40170571788876, 41.286628946150174 ], [ 69.401705683752766, 41.286628918474733 ], [ 69.401695242634247, 41.286620123088689 ], [ 69.401689624570452, 41.286614939007933 ], [ 69.401689600315933, 41.286614916732567 ], [ 69.40168004224131, 41.286605870915672 ], [ 69.401524674121333, 41.286458758256828 ], [ 69.401419528113962, 41.286372663774358 ], [ 69.401316460808161, 41.286288204737069 ], [ 69.401164120909002, 41.286167882044474 ], [ 69.401082037349923, 41.28610304950557 ], [ 69.400915983769679, 41.285971849245378 ], [ 69.400624131015306, 41.285739472812224 ], [ 69.40062054044914, 41.285736598578694 ], [ 69.400619090568256, 41.285735438219959 ], [ 69.400438595671488, 41.28558449825357 ], [ 69.400379022096786, 41.285534678969796 ], [ 69.400042089186542, 41.285253007324677 ], [ 69.399909811362647, 41.285143125372642 ], [ 69.399909787108129, 41.285143106471899 ], [ 69.399902380498631, 41.285139132595106 ], [ 69.399801002025512, 41.285084739667717 ], [ 69.399783209094707, 41.285074409063299 ], [ 69.399783169568835, 41.285074382062298 ], [ 69.399781805926239, 41.285073445125512 ], [ 69.399762903576018, 41.285060490015837 ], [ 69.399657221274424, 41.284980713295752 ], [ 69.39955915399149, 41.284906734295632 ], [ 69.399527401241158, 41.28487434305876 ], [ 69.399527239544369, 41.284874177676791 ], [ 69.399506577394547, 41.28485309990689 ], [ 69.399407420455162, 41.284712211125438 ], [ 69.399407403387173, 41.284712186824393 ], [ 69.399396931725917, 41.284697307806461 ], [ 69.399396908369681, 41.284697276079996 ], [ 69.399396477178371, 41.28469684068542 ], [ 69.399220187295427, 41.284519115068555 ], [ 69.399145859790522, 41.284444551641606 ], [ 69.399144981238166, 41.284443670048525 ], [ 69.399065909730211, 41.28436435632252 ], [ 69.398875392329828, 41.284181163361083 ], [ 69.398793199176268, 41.284102579705596 ], [ 69.398739187969809, 41.28405092723979 ], [ 69.398569153954512, 41.283910177809403 ], [ 69.398565854442481, 41.283907345347735 ], [ 69.398562030314338, 41.28390400323174 ], [ 69.398552783056772, 41.283895387713706 ], [ 69.398428064555986, 41.283772504232559 ], [ 69.398373799126318, 41.283726702756134 ], [ 69.398273644158664, 41.283642161989206 ], [ 69.398268438421596, 41.283637647987888 ], [ 69.398266468416153, 41.283635851702883 ], [ 69.398263775266955, 41.283633389151966 ], [ 69.398263747419179, 41.28363336350035 ], [ 69.398005213178735, 41.283391306711287 ], [ 69.397792239692834, 41.283191899116567 ], [ 69.397650067824401, 41.283102223250459 ], [ 69.397644313216702, 41.283098459188906 ], [ 69.397565539949426, 41.283046126155526 ], [ 69.397535068196689, 41.283022719555682 ], [ 69.39753501699272, 41.283022679052834 ], [ 69.397534588496299, 41.283022283474871 ], [ 69.397528126016141, 41.28301630997742 ], [ 69.397489113980001, 41.282978874517624 ], [ 69.39747368810994, 41.282969470421072 ], [ 69.397459338421598, 41.282960648889897 ], [ 69.397441663170042, 41.282948274577528 ], [ 69.39743092291252, 41.282940707283714 ], [ 69.397353766612781, 41.282878769524601 ], [ 69.397351559452119, 41.282876899638296 ], [ 69.397343551869696, 41.282870070165096 ], [ 69.397329751950281, 41.282856874975444 ], [ 69.39730686108021, 41.282833087579696 ], [ 69.397277574205333, 41.28280264688302 ], [ 69.39723120406866, 41.282714781643548 ], [ 69.397230698317159, 41.282713821046109 ], [ 69.39722310216311, 41.282699423558981 ], [ 69.397216416900775, 41.28266044812505 ], [ 69.397177226998195, 41.28257807221965 ], [ 69.397088651314533, 41.282495755614946 ], [ 69.39704608733976, 41.282456198838226 ], [ 69.396805451133019, 41.282236696702441 ], [ 69.396649658109936, 41.282096126974615 ], [ 69.396649629363822, 41.282096100647379 ], [ 69.396649606905967, 41.282096079045544 ], [ 69.39664249135059, 41.28208940205355 ], [ 69.396362168472905, 41.28181581153413 ], [ 69.396349341428987, 41.281801866139268 ], [ 69.396344665697924, 41.281796782934777 ], [ 69.396251589454693, 41.281683569809672 ], [ 69.396236245331352, 41.281664907055294 ], [ 69.396236203110519, 41.281664865876479 ], [ 69.396157016618233, 41.281591280054066 ], [ 69.39609489721802, 41.281533540581883 ], [ 69.396038055420078, 41.281480711471907 ], [ 69.395984450252158, 41.281439724969289 ], [ 69.395884391404223, 41.281363198310466 ], [ 69.395884367149705, 41.281363179408629 ], [ 69.395874545868693, 41.281355069853888 ], [ 69.395869180231529, 41.281350627251271 ], [ 69.395869133519128, 41.281350595523229 ], [ 69.39585064080066, 41.281332272231332 ], [ 69.395799893173646, 41.281276403137348 ], [ 69.395712910203017, 41.281180561954827 ], [ 69.39558329768056, 41.281081206903849 ], [ 69.395543036986126, 41.281050341447234 ], [ 69.39537671570794, 41.280922842559782 ], [ 69.395376684266907, 41.280922820957535 ], [ 69.395364350398054, 41.280916214727803 ], [ 69.395202753359897, 41.280829653884709 ], [ 69.395193241997646, 41.280824137209279 ], [ 69.395184747528333, 41.280819210544976 ], [ 69.395157109061998, 41.280799497808424 ], [ 69.395157063247922, 41.280799464729952 ], [ 69.394890705579655, 41.280583509930715 ], [ 69.394799474476031, 41.280518507800544 ], [ 69.394731979557136, 41.280470373684508 ], [ 69.394725620383255, 41.280465307253145 ], [ 69.394725579060761, 41.28046527484959 ], [ 69.394709251282137, 41.280452264819154 ], [ 69.39469985670091, 41.280442708466765 ], [ 69.394686302021597, 41.280428921421027 ], [ 69.394584140217589, 41.280309613364501 ], [ 69.394426562242018, 41.280139018119776 ], [ 69.394361969779851, 41.280069092201359 ], [ 69.394360958276806, 41.280067963470515 ], [ 69.394357992938069, 41.280064596855105 ], [ 69.39417667877774, 41.279857859198373 ], [ 69.394167777371607, 41.279847080188105 ], [ 69.394157950700716, 41.279832648314475 ], [ 69.394157895005165, 41.279832566629736 ], [ 69.394152356891425, 41.279824433932014 ], [ 69.394081532816145, 41.279703160956757 ], [ 69.394072220879892, 41.279679223893432 ], [ 69.394059824128973, 41.279647395105954 ], [ 69.39402477725649, 41.279591782451313 ], [ 69.394006248605422, 41.279562377170976 ], [ 69.39400579315955, 41.279561657532007 ], [ 69.394005125711317, 41.279560596975813 ], [ 69.394003691101815, 41.279558321269199 ], [ 69.393990520003101, 41.279537411903462 ], [ 69.393987718157732, 41.279532964451491 ], [ 69.393984104235344, 41.279527230964533 ], [ 69.393975238761811, 41.279513165590814 ], [ 69.393951005808717, 41.279474718195175 ], [ 69.393904800063751, 41.279401410063571 ], [ 69.393877511042049, 41.279386187566487 ], [ 69.393877464329677, 41.279386157187638 ], [ 69.393858823389195, 41.279373425077267 ], [ 69.393829103526329, 41.279351332902138 ], [ 69.393815427574452, 41.279341166111031 ], [ 69.393801812708006, 41.27933533809523 ], [ 69.393790526274771, 41.279330507180688 ], [ 69.393782125230246, 41.279326921799424 ], [ 69.39376290577475, 41.279318718829771 ], [ 69.393732366648322, 41.279303690063131 ], [ 69.393692135598343, 41.279281065221205 ], [ 69.393666971092287, 41.279266913383346 ], [ 69.39366694144789, 41.27926689920654 ], [ 69.393629341563354, 41.279249600786386 ], [ 69.393604006377402, 41.27923794541293 ], [ 69.39359286726787, 41.279232223376532 ], [ 69.393577202445954, 41.279223761161553 ], [ 69.393564314316549, 41.279216798988955 ], [ 69.393532461853212, 41.279196616582745 ], [ 69.393532123188379, 41.279196401904969 ], [ 69.393491318114883, 41.279170567659769 ], [ 69.393491295657014, 41.279170552807841 ], [ 69.393475370323642, 41.279159723727538 ], [ 69.393333485916088, 41.279055988999964 ], [ 69.393310643555054, 41.2790404714085 ], [ 69.393266464409365, 41.27901045829946 ], [ 69.39321657287681, 41.278994325015653 ], [ 69.393206939343699, 41.278990718013041 ], [ 69.393186295160163, 41.278982988238816 ], [ 69.393177764758235, 41.278978911373315 ], [ 69.393164030415846, 41.278972347477463 ], [ 69.393159140885743, 41.27896978281202 ], [ 69.393094305878421, 41.278935740733665 ], [ 69.393072062693705, 41.278923683625493 ], [ 69.393058119043857, 41.278916125316279 ], [ 69.393054684784516, 41.278914262067353 ], [ 69.393001341924645, 41.278885302716589 ], [ 69.392963339594871, 41.278869467791942 ], [ 69.392906175301732, 41.278845585105131 ], [ 69.392874874404015, 41.278829409924917 ], [ 69.392861469743323, 41.278822453110976 ], [ 69.392854196084443, 41.278817743674942 ], [ 69.392797021011589, 41.278779473418766 ], [ 69.392759075275663, 41.278754073767658 ], [ 69.392732983708228, 41.278740594207179 ], [ 69.392709007673304, 41.278728204917648 ], [ 69.392638853741175, 41.278691924106582 ], [ 69.392633597698463, 41.27868909479384 ], [ 69.392633465646114, 41.278689023234072 ], [ 69.39262688818161, 41.278685439842832 ], [ 69.392541817724208, 41.278636651559822 ], [ 69.392517833604444, 41.27862289451177 ], [ 69.392465665740929, 41.278584510725601 ], [ 69.392326128631225, 41.278453293323608 ], [ 69.392198055821169, 41.278362120334208 ], [ 69.392115331763264, 41.27831822828368 ], [ 69.392114304988908, 41.278317682805834 ], [ 69.3921135117765, 41.278317261545666 ], [ 69.39206211826081, 41.278289968743728 ], [ 69.39205927419458, 41.278288407245114 ], [ 69.392054549056198, 41.278285773017856 ], [ 69.391965991338864, 41.278235514074375 ], [ 69.391553946694458, 41.277978498655521 ], [ 69.391438913829063, 41.277910802304916 ], [ 69.391381803434868, 41.277866323288073 ], [ 69.391381769298917, 41.277866292233398 ], [ 69.391250796727093, 41.277731367750306 ], [ 69.391243806037551, 41.277723314452842 ], [ 69.391233658668099, 41.277711706739119 ], [ 69.391090378278633, 41.277525927679918 ], [ 69.391022948936765, 41.277438496855034 ], [ 69.390841822524322, 41.277217698513546 ], [ 69.390837827716283, 41.277212673686371 ], [ 69.390837807055007, 41.277212648032297 ], [ 69.390833266969565, 41.277206566660915 ], [ 69.390779219830506, 41.277131426437343 ], [ 69.390584509992678, 41.276860784948724 ], [ 69.390535885084645, 41.276798095420489 ], [ 69.390445008815547, 41.276680935013275 ], [ 69.390400846737862, 41.276624022262112 ], [ 69.39027742809931, 41.276464590546958 ], [ 69.390277402946495, 41.276464563542326 ], [ 69.390213959429559, 41.276413183854061 ], [ 69.390077157689873, 41.276258426813918 ], [ 69.390018540820932, 41.27619211604754 ], [ 69.38984033662814, 41.275990544298402 ], [ 69.38959417488411, 41.275817707160599 ], [ 69.389520725931519, 41.275766110248746 ], [ 69.389520672032603, 41.27576607244184 ], [ 69.389355170017922, 41.275649888436838 ], [ 69.389355130492049, 41.275649864132369 ], [ 69.38921563470484, 41.275566444411716 ], [ 69.389085740111383, 41.275488772604348 ], [ 69.388459427508778, 41.27531883988626 ], [ 69.388459391576177, 41.275318827733962 ], [ 69.388431405461787, 41.275310002468146 ], [ 69.387655793757276, 41.275029617372773 ], [ 69.387655759621282, 41.275029604545281 ], [ 69.387647637054499, 41.275026392274846 ], [ 69.387636657845107, 41.275022049160775 ], [ 69.387618694234348, 41.275012895741362 ], [ 69.387599749663337, 41.275003200190795 ], [ 69.387172964563419, 41.274748817216363 ], [ 69.386387059064077, 41.274280380382635 ], [ 69.386387015046623, 41.27428035472736 ], [ 69.38638126942206, 41.274276848059806 ], [ 69.386365572260786, 41.274266188302484 ], [ 69.386333674881683, 41.274243145153896 ], [ 69.386277779908085, 41.27420276240634 ], [ 69.386262692702886, 41.274191850810013 ], [ 69.386064730963739, 41.274048642184212 ], [ 69.385419261787675, 41.273581684295415 ], [ 69.385402807346608, 41.273569775405434 ], [ 69.38500496416853, 41.273343845006714 ], [ 69.385000854376088, 41.273341419875713 ], [ 69.384993581615547, 41.273337127960744 ], [ 69.384963244610105, 41.273315159995192 ], [ 69.384763166440152, 41.273148566310908 ], [ 69.38460646342368, 41.273018103602233 ], [ 69.384606446355662, 41.273018089424028 ], [ 69.384578367714809, 41.272994708934341 ], [ 69.384578339867048, 41.272994681253159 ], [ 69.384571708503643, 41.272987262013679 ], [ 69.384570727543334, 41.272986164217357 ], [ 69.384530861209342, 41.272941521158501 ], [ 69.384487179730357, 41.272873444874122 ], [ 69.384443137128599, 41.272804804765634 ], [ 69.384435661348775, 41.27279221923007 ], [ 69.384307978407577, 41.272557289687882 ], [ 69.384307968526102, 41.272557270108322 ], [ 69.384304102177126, 41.272549777902363 ], [ 69.384304089600704, 41.272549752246398 ], [ 69.384300344524277, 41.272541615265482 ], [ 69.384258195571164, 41.272444056484673 ], [ 69.384258181198106, 41.272444023402016 ], [ 69.384146617626342, 41.272185867114054 ], [ 69.384056091700202, 41.271976389675636 ], [ 69.384048622208638, 41.271953860192419 ], [ 69.384046223706818, 41.271946683893106 ], [ 69.384043722797074, 41.27193155890631 ], [ 69.384042174101509, 41.27192220925641 ], [ 69.384042170508266, 41.271922184950547 ], [ 69.384002499108675, 41.271490147700717 ], [ 69.383957937280698, 41.271383554950532 ], [ 69.383678456124457, 41.27112181741424 ], [ 69.383678414801963, 41.271121778254326 ], [ 69.38317598257197, 41.27087965750691 ], [ 69.383072865858807, 41.270829965408254 ], [ 69.382829160108756, 41.270754414765143 ], [ 69.382555659037365, 41.270669581722785 ], [ 69.382449911158744, 41.270614174774479 ], [ 69.382243533103676, 41.270445729611808 ], [ 69.382243505255886, 41.270445707330921 ], [ 69.382178530111403, 41.270392670743782 ], [ 69.382177940816575, 41.270392189341628 ], [ 69.381930347157976, 41.270190100724356 ], [ 69.381841824474932, 41.27016195042053 ], [ 69.38182150368489, 41.270155491641447 ], [ 69.381820986255292, 41.27015532689731 ], [ 69.381771795408639, 41.270139695109762 ], [ 69.38163145879831, 41.270095114921823 ], [ 69.381631419272438, 41.270095108169997 ], [ 69.381521757434129, 41.27007963976196 ], [ 69.381461290035745, 41.270071110867768 ], [ 69.381457297024312, 41.270072546979165 ], [ 69.381274776426565, 41.270138186080331 ], [ 69.381269942592013, 41.270138936206408 ], [ 69.381243536614235, 41.270143056160464 ], [ 69.381173643193563, 41.270153952229236 ], [ 69.381150075892066, 41.270157625887897 ], [ 69.381135231232008, 41.27015994108266 ], [ 69.381118430939551, 41.270159470481715 ], [ 69.381114189993099, 41.270159357051341 ], [ 69.38083907105586, 41.270151639059733 ], [ 69.380756125114104, 41.270149311711364 ], [ 69.380646051847393, 41.270130038671091 ], [ 69.380516621682958, 41.270086669752111 ], [ 69.380301053862539, 41.270014438119993 ], [ 69.380213461834131, 41.269958223097049 ], [ 69.380172586692083, 41.269931990888473 ], [ 69.379963835288038, 41.269691542889554 ], [ 69.379749623923715, 41.269444803952709 ], [ 69.379715884998262, 41.269386341411121 ], [ 69.379709463840598, 41.269375216325273 ], [ 69.379691665519886, 41.269320685349498 ], [ 69.379663353317056, 41.269225302620477 ], [ 69.379655088816463, 41.269197459112497 ], [ 69.37956641611477, 41.268898721655589 ], [ 69.379552779688765, 41.268852780103828 ], [ 69.379545991120125, 41.268823426701893 ], [ 69.379524920236847, 41.26874221694991 ], [ 69.379393273030274, 41.268233349898956 ], [ 69.379362099693267, 41.268148689808399 ], [ 69.379356156439385, 41.268132495097369 ], [ 69.379310064780441, 41.268007529320485 ], [ 69.379283986687767, 41.267936813246166 ], [ 69.379282115497006, 41.267932252244748 ], [ 69.379166039687561, 41.267649312888992 ], [ 69.379064803148339, 41.267402292099277 ], [ 69.379002268726452, 41.267260527034487 ], [ 69.378993185860608, 41.26723993715531 ], [ 69.378901075306331, 41.267042969724422 ], [ 69.378805778427704, 41.266852587746271 ], [ 69.378787441117822, 41.266819589983527 ], [ 69.378710741162237, 41.266668587362965 ], [ 69.378690832698908, 41.266629393038826 ], [ 69.37856300692556, 41.266387683720609 ], [ 69.378429493918148, 41.26613266217479 ], [ 69.378359270815736, 41.266004261083538 ], [ 69.378308233032897, 41.265910928218318 ], [ 69.378195281564004, 41.265722495694916 ], [ 69.378167755387054, 41.265676893573151 ], [ 69.378155028954438, 41.265655808928237 ], [ 69.3780945139453, 41.265555551773751 ], [ 69.37805109028281, 41.265490088351577 ], [ 69.377967699674983, 41.265364372063082 ], [ 69.377897686778368, 41.265272092319321 ], [ 69.377744294952024, 41.265067667752092 ], [ 69.377661523283436, 41.264957323716985 ], [ 69.377530020705606, 41.26479099095409 ], [ 69.377485224417342, 41.264734329153598 ], [ 69.377307118140891, 41.26450764432186 ], [ 69.377285692423058, 41.264480374106064 ], [ 69.377283541856272, 41.264477636685172 ], [ 69.377053416836688, 41.264206380933615 ], [ 69.377029085068912, 41.264177700010201 ], [ 69.376985909341386, 41.264133302793773 ], [ 69.376866841243739, 41.264010866255866 ], [ 69.376823608024054, 41.263966418957857 ], [ 69.376668280328275, 41.263815311828438 ], [ 69.376597790426274, 41.263746737149027 ], [ 69.376313967712235, 41.263466981691678 ], [ 69.376227632426918, 41.263379527985677 ], [ 69.376214664347486, 41.263366418664177 ], [ 69.376085580034399, 41.263235687914843 ], [ 69.376083059361719, 41.263233173950319 ], [ 69.375961122943366, 41.263120524200765 ], [ 69.375935439211091, 41.263096737040073 ], [ 69.375894154437248, 41.263058679050459 ], [ 69.375850399296397, 41.263018187421153 ], [ 69.375711609585011, 41.262889747793352 ], [ 69.375699847942983, 41.262878886976196 ], [ 69.375692052362936, 41.262872517285686 ], [ 69.375669397749803, 41.262856467121395 ], [ 69.375586208364581, 41.262797105991126 ], [ 69.375318902973717, 41.262606652210827 ], [ 69.375313629862987, 41.262603157070927 ], [ 69.375178506176283, 41.262521805881043 ], [ 69.375167856648559, 41.262515419949438 ], [ 69.375138017309766, 41.262497526912981 ], [ 69.374949981056204, 41.262369687918977 ], [ 69.374947104650659, 41.262367805965695 ], [ 69.374936327562182, 41.262361985888099 ], [ 69.374862474367745, 41.262327455712956 ], [ 69.374817105852642, 41.262303246899926 ], [ 69.374777576386862, 41.2622821530625 ], [ 69.374711828691233, 41.262266603797826 ], [ 69.374540622374482, 41.262263376718849 ], [ 69.37446809329677, 41.26226516548892 ], [ 69.374426989982609, 41.262266179057747 ], [ 69.374421501276245, 41.262266466719559 ], [ 69.374414578858648, 41.262266850268588 ], [ 69.374396112191349, 41.262267877342609 ], [ 69.374286409030546, 41.262273701480133 ], [ 69.374273945804305, 41.262274363237218 ], [ 69.374227837077399, 41.262276811062939 ], [ 69.374235956050924, 41.262270319766486 ], [ 69.374117018208992, 41.262257661297646 ], [ 69.374105295194539, 41.262256413412608 ], [ 69.374099733724606, 41.262255821207404 ], [ 69.374098409607882, 41.262255680077573 ], [ 69.374058328576524, 41.262286111449434 ], [ 69.374039592414661, 41.262299884095114 ], [ 69.374027235189615, 41.262308968394457 ], [ 69.373815038746457, 41.262464953038645 ], [ 69.373449932872276, 41.262733338751566 ], [ 69.373185390699206, 41.262939786263942 ], [ 69.373060055954113, 41.263039917110461 ], [ 69.372786288981416, 41.263258630284575 ], [ 69.372498056437649, 41.263486453871778 ], [ 69.372368218438069, 41.263589079599235 ], [ 69.372256048503473, 41.26367773969244 ], [ 69.37195732543384, 41.263914530426518 ], [ 69.371789913600864, 41.264047232879712 ], [ 69.371645767235421, 41.264158791188791 ], [ 69.371432340100327, 41.264323966173095 ], [ 69.371259615630791, 41.264464517455501 ], [ 69.371090732357359, 41.264601941407307 ], [ 69.370740772977186, 41.264883038421594 ], [ 69.370246621417465, 41.265272561605059 ], [ 69.369729420884227, 41.265681281198745 ], [ 69.369231364347996, 41.266074572091448 ], [ 69.368701346652244, 41.266497260991123 ], [ 69.368312208149277, 41.26679988449763 ], [ 69.36817128404077, 41.266909479982374 ], [ 69.368148748903536, 41.266927005168668 ], [ 69.367735240903514, 41.267257348817495 ], [ 69.367685745528007, 41.267288118839836 ], [ 69.367629810130211, 41.267322895544389 ], [ 69.366984621228553, 41.267227482213123 ], [ 69.366629335737045, 41.2670520074495 ], [ 69.366532157786239, 41.266989211945919 ], [ 69.366263143799685, 41.266584374938503 ], [ 69.365971852492379, 41.26615729293249 ], [ 69.365710652052172, 41.265774326070613 ], [ 69.365299668318102, 41.265173066874702 ], [ 69.365008570148603, 41.264748746809246 ], [ 69.364950590185202, 41.26466423075285 ], [ 69.364943034455351, 41.264653123769023 ], [ 69.364629998528301, 41.264192958465586 ], [ 69.364508275909003, 41.264018765938829 ], [ 69.364163370450598, 41.263525179433685 ], [ 69.364016817498523, 41.263315444621888 ], [ 69.363899708626505, 41.263142987856362 ], [ 69.363538129538114, 41.26261051266556 ], [ 69.362950831666637, 41.26175835411955 ], [ 69.362503330517953, 41.261121564192777 ], [ 69.361998331801189, 41.260387226374768 ], [ 69.361530541303509, 41.259700166071852 ], [ 69.361062773263711, 41.259019770465315 ], [ 69.360486224632893, 41.258173528681645 ], [ 69.359977571569559, 41.257407114816004 ], [ 69.359424773496542, 41.256593000803534 ], [ 69.358899064120934, 41.255818371924093 ], [ 69.35885155132722, 41.255748361200467 ], [ 69.358611155868999, 41.255398183545978 ], [ 69.358359427265114, 41.25503148189236 ], [ 69.357815176662044, 41.25422342786139 ], [ 69.357235542318207, 41.253392003339755 ], [ 69.357228766326031, 41.253382283642487 ], [ 69.35683517038261, 41.252802571186436 ], [ 69.356631745988196, 41.252507773760229 ], [ 69.356628892938858, 41.252503639186195 ], [ 69.356570718041056, 41.252419334205406 ], [ 69.356277304014768, 41.252058796796881 ], [ 69.356227413380509, 41.251997492947893 ], [ 69.356180700985732, 41.25194009335037 ], [ 69.355900944944992, 41.251624514203691 ], [ 69.355621189802619, 41.251308934207913 ], [ 69.355237219307455, 41.250906562386369 ], [ 69.35493578602059, 41.250629099558601 ], [ 69.354444755208192, 41.250225211358881 ], [ 69.353966992512554, 41.249839806787698 ], [ 69.353338847346748, 41.249365370686625 ], [ 69.352853414835195, 41.249021460966773 ], [ 69.352385936951237, 41.248717505582341 ], [ 69.35187426554856, 41.248417579604229 ], [ 69.35157921209688, 41.248254047506592 ], [ 69.351240262468792, 41.248066186090028 ], [ 69.351218380406806, 41.248054058441667 ], [ 69.35048892773483, 41.24765423922382 ], [ 69.349823547400547, 41.247295596404996 ], [ 69.34899283932468, 41.246848331613471 ], [ 69.348487338449701, 41.24658320168944 ], [ 69.348239072851243, 41.246466138359267 ], [ 69.347993331518765, 41.2463668892022 ], [ 69.347627194378617, 41.246227549866688 ], [ 69.347249623481545, 41.246092059507355 ], [ 69.346938434490738, 41.245995739124609 ], [ 69.34637796390686, 41.245846562004907 ], [ 69.345581428642745, 41.245636278707657 ], [ 69.345339387470915, 41.245571353228854 ], [ 69.344451386642902, 41.245333152547381 ], [ 69.343975695462277, 41.245206832792164 ], [ 69.343612504796283, 41.245110385472778 ], [ 69.342681315664336, 41.244859394287076 ], [ 69.342068157990752, 41.244695985670973 ], [ 69.34142261155958, 41.244525383824545 ], [ 69.340970468815826, 41.244404474865107 ], [ 69.340453566523266, 41.244267275893762 ], [ 69.34018684683393, 41.244188313895947 ], [ 69.340030270479915, 41.244138436676785 ], [ 69.339717337859128, 41.244023115007558 ], [ 69.339543546190995, 41.243955395608772 ], [ 69.339264440530513, 41.243830921904994 ], [ 69.338881894763432, 41.243649057293403 ], [ 69.338653863716758, 41.243530768833061 ], [ 69.338435738392732, 41.243402675219869 ], [ 69.338265275881042, 41.243297886027847 ], [ 69.338242244873797, 41.243282300497249 ], [ 69.338082728333845, 41.243174353337999 ], [ 69.337948110398614, 41.243079005370682 ], [ 69.337719925740032, 41.242893867400973 ], [ 69.337591793641167, 41.242775047334504 ], [ 69.337368541631818, 41.242568018680245 ], [ 69.336823651428247, 41.242024606039571 ], [ 69.336109327283992, 41.241314257299592 ], [ 69.335554028301232, 41.240766540177937 ], [ 69.334791565237524, 41.240005313873418 ], [ 69.334296248562907, 41.239510788670998 ], [ 69.333826188022485, 41.239113615133206 ], [ 69.333637524744844, 41.238985803328319 ], [ 69.333325743764249, 41.238785025953959 ], [ 69.333152346456501, 41.23868857253418 ], [ 69.332964631799797, 41.238602265088055 ], [ 69.332649182099587, 41.238476611207773 ], [ 69.332456912984355, 41.238401671624942 ], [ 69.332043074404339, 41.238264645816407 ], [ 69.331705812710695, 41.23816394063477 ], [ 69.331594437785128, 41.238127781167975 ], [ 69.331416892057433, 41.238277605483951 ], [ 69.330549216511017, 41.239009806648887 ], [ 69.330428164034913, 41.239211187905894 ], [ 69.330005639644398, 41.239927744997019 ], [ 69.329586637548104, 41.240684497113847 ], [ 69.32940415737454, 41.24103012793541 ], [ 69.328930752406336, 41.240892505106409 ], [ 69.32872232798907, 41.241150517614201 ], [ 69.32860933968928, 41.241294962915347 ], [ 69.328595316089363, 41.241312889454662 ], [ 69.328514438967716, 41.241416283590347 ], [ 69.328315794508924, 41.241680346963683 ], [ 69.3282582178891, 41.241768337004387 ], [ 69.328115910375061, 41.241985821122505 ], [ 69.327890621884961, 41.242361086637572 ], [ 69.327851600865642, 41.242426083528166 ], [ 69.327818688390252, 41.242485054514496 ], [ 69.327686517465878, 41.2427218660157 ], [ 69.327566884327936, 41.242939554327435 ], [ 69.327416376093637, 41.243204312672731 ], [ 69.327204903692589, 41.243583194334256 ], [ 69.327155275366422, 41.243672362507581 ], [ 69.326996297815654, 41.243960053523381 ], [ 69.326910262567637, 41.244108895198487 ], [ 69.326717970994522, 41.244441561624718 ], [ 69.326511850755949, 41.244813163620528 ], [ 69.326361815933822, 41.245081279417228 ], [ 69.326291239793534, 41.2452023546332 ], [ 69.326061080637956, 41.245618132487273 ], [ 69.325826977878322, 41.246027963234383 ], [ 69.325552919851418, 41.246513949702248 ], [ 69.325267976039939, 41.247017328000581 ], [ 69.32502643073812, 41.247445451710817 ], [ 69.324977696235663, 41.247533672410363 ], [ 69.324743845004249, 41.247957009481787 ], [ 69.32445806126799, 41.248470024824023 ], [ 69.324259053889833, 41.248823840181828 ], [ 69.323975348855114, 41.249329482848182 ], [ 69.323756260537095, 41.249713946231523 ], [ 69.323485622396504, 41.250200548927552 ], [ 69.323309382819218, 41.250509955865603 ], [ 69.323271234064038, 41.250576927575999 ], [ 69.323071556542686, 41.250931066512365 ], [ 69.322991111510675, 41.251077955324241 ], [ 69.322841553693991, 41.251351039814395 ], [ 69.322677238353791, 41.2516712587366 ], [ 69.322533082106887, 41.251973719295535 ], [ 69.322362346507347, 41.252313984062091 ], [ 69.322283283084246, 41.2524553189497 ], [ 69.322257465503, 41.252501474646742 ], [ 69.322133715386087, 41.252722698310784 ], [ 69.321905091451313, 41.253133377992079 ], [ 69.321628671753558, 41.253619248126185 ], [ 69.321524293805751, 41.253794925796392 ], [ 69.32128418940168, 41.254180856766808 ], [ 69.321019014814624, 41.254597200151451 ], [ 69.321011450101636, 41.254609077384252 ], [ 69.320929723173691, 41.254756533315955 ], [ 69.320742447793165, 41.255094421935979 ], [ 69.320525102206801, 41.255478540065134 ], [ 69.32034170575163, 41.255799465409602 ], [ 69.320253042931412, 41.255954617389591 ], [ 69.320217615173263, 41.256017602465981 ], [ 69.319980803992991, 41.256438615480441 ], [ 69.319727753967342, 41.256895795142583 ], [ 69.319503386250403, 41.257294061984261 ], [ 69.319334932371689, 41.257595399129535 ], [ 69.319123683651185, 41.257972855507326 ], [ 69.318787119948524, 41.258573209915305 ], [ 69.318631829981982, 41.258846891774894 ], [ 69.318407252957599, 41.259250576080049 ], [ 69.318300174674036, 41.259440539931987 ], [ 69.318182205215962, 41.259649829342266 ], [ 69.3181014691298, 41.25979306077334 ], [ 69.317859339923089, 41.260222599892487 ], [ 69.317611600737393, 41.2606632357476 ], [ 69.317329817199067, 41.261165824350464 ], [ 69.317078234122278, 41.261615533510628 ], [ 69.316815581106241, 41.262067775192037 ], [ 69.316683816220376, 41.262295484087602 ], [ 69.316598034297257, 41.262443726902411 ], [ 69.316404031433564, 41.26276773838746 ], [ 69.316145401073356, 41.263187753758928 ], [ 69.315844119601806, 41.263683785860771 ], [ 69.315536947876936, 41.264196282684104 ], [ 69.315213986464286, 41.264732021194021 ], [ 69.314915983843534, 41.265238267274377 ], [ 69.314640043846126, 41.265718533464906 ], [ 69.314467771229147, 41.266026405716808 ], [ 69.314335367641092, 41.26626302520593 ], [ 69.314320405301729, 41.266289767329852 ], [ 69.314126804883287, 41.266637698885724 ], [ 69.313780237541607, 41.267251445449581 ], [ 69.313488515042962, 41.267768216681795 ], [ 69.313187987257919, 41.268300071844365 ], [ 69.312924878796068, 41.268765665131731 ], [ 69.312712055328845, 41.269142117083547 ], [ 69.312458867860954, 41.269601882233133 ], [ 69.312196072012767, 41.270067745087118 ], [ 69.31190883031077, 41.270576784189537 ], [ 69.311876406518948, 41.270633816993033 ], [ 69.31170497472506, 41.270935362656267 ], [ 69.311692180020458, 41.270957868184752 ], [ 69.311682734235248, 41.270974484177671 ], [ 69.311612867764026, 41.271097380277929 ], [ 69.311327271775653, 41.271595585067985 ], [ 69.311023201035098, 41.272136206391856 ], [ 69.310915148977799, 41.27233127611634 ], [ 69.310838113052299, 41.272470351148627 ], [ 69.310641014594125, 41.2728246974821 ], [ 69.310583345447824, 41.272928379323943 ], [ 69.310544424141511, 41.273001184311347 ], [ 69.310458803915168, 41.27316135297238 ], [ 69.310294543372208, 41.27346862300606 ], [ 69.310218978887121, 41.273609556990301 ], [ 69.310055861001203, 41.273913784750292 ], [ 69.309756507314219, 41.274467374472657 ], [ 69.309494817292205, 41.274954260626558 ], [ 69.309136613174317, 41.275603141486563 ], [ 69.308840673085442, 41.276125300224756 ], [ 69.308543460083797, 41.276652807086663 ], [ 69.308524617022414, 41.276685828234271 ], [ 69.308254034577359, 41.277159987577249 ], [ 69.308013808900725, 41.277579884714491 ], [ 69.307988459341701, 41.277624191100024 ], [ 69.307949034080522, 41.277694091958686 ], [ 69.307922187928256, 41.277729685395002 ], [ 69.3079196573741, 41.277732815169912 ], [ 69.307774317147633, 41.277901307014552 ], [ 69.307635263331576, 41.278055731386239 ], [ 69.307632443519879, 41.278058676168364 ], [ 69.307471126756113, 41.278217320201733 ], [ 69.307468516251873, 41.278219755278023 ], [ 69.307174943223785, 41.278475609934134 ], [ 69.306731005691816, 41.278848151125658 ], [ 69.306380605238829, 41.279137879237346 ], [ 69.306291972961333, 41.27921449964235 ], [ 69.306213285932344, 41.279282772514684 ], [ 69.306190066278873, 41.279307677797036 ], [ 69.306180699545408, 41.2793216919085 ], [ 69.306072777743807, 41.279506999373204 ], [ 69.306071264082533, 41.279509663254863 ], [ 69.306069957033799, 41.279512083431136 ], [ 69.306068708375577, 41.279514521159442 ], [ 69.306067519904445, 41.279516975089749 ], [ 69.306066389823826, 41.279519445221894 ], [ 69.306065319031987, 41.279521929530759 ], [ 69.30606430842731, 41.279524429366468 ], [ 69.306063357111427, 41.279526942703733 ], [ 69.306062467779299, 41.27952946684222 ], [ 69.306061638634276, 41.279532005157414 ], [ 69.306060871473022, 41.279534552248592 ], [ 69.306060164498902, 41.279537110816086 ], [ 69.306059519508523, 41.279539678159573 ], [ 69.306058935603573, 41.279542252928849 ], [ 69.306058415479058, 41.279544837149253 ], [ 69.306057955541604, 41.279547426770172 ], [ 69.306057559384598, 41.279550022466736 ], [ 69.30605718838035, 41.279552907774082 ], [ 69.306024398974159, 41.2798345743197 ], [ 69.305992330016849, 41.280117047717788 ], [ 69.305964657414535, 41.280360798264162 ], [ 69.305964397801418, 41.280362735055036 ], [ 69.305898760598552, 41.280786542525369 ], [ 69.305897724841032, 41.280795000487274 ], [ 69.305840134746475, 41.281433405694159 ], [ 69.305790315977447, 41.281964726266246 ], [ 69.305789643139292, 41.28196941117308 ], [ 69.305760305060417, 41.282120575519791 ], [ 69.305759967293881, 41.28212217202968 ], [ 69.305758142815534, 41.28212830019703 ], [ 69.305731877873271, 41.28219970633252 ], [ 69.305729950986986, 41.282204264311936 ], [ 69.305694403752881, 41.282278282153712 ], [ 69.305499212418027, 41.282684317939953 ], [ 69.305234102509729, 41.28316932287585 ], [ 69.305221261991051, 41.28319281582899 ], [ 69.305178062009034, 41.283269226934728 ], [ 69.305023474525058, 41.283542656776234 ], [ 69.304710915603394, 41.284095062498331 ], [ 69.304461608857537, 41.284528315082099 ], [ 69.304164888132675, 41.285025325844522 ], [ 69.303866288132241, 41.28551673283993 ], [ 69.30361733801756, 41.28590315608438 ], [ 69.303341945992472, 41.286325628848225 ], [ 69.303077358005311, 41.286724925132958 ], [ 69.302768773230497, 41.287166817868048 ], [ 69.302514788058645, 41.287521388168244 ], [ 69.302273574235201, 41.287850794655071 ], [ 69.302153633873388, 41.288014587380196 ], [ 69.30178655889209, 41.288505981988074 ], [ 69.301451316611235, 41.288929630600499 ], [ 69.301007643183979, 41.289482813519875 ], [ 69.300586653115985, 41.289983702753084 ], [ 69.300216858035981, 41.290426199115821 ], [ 69.299896241226264, 41.290786638094076 ], [ 69.299729737590013, 41.290970126369309 ], [ 69.299286832222364, 41.291461077541747 ], [ 69.29885235844192, 41.291936132519503 ], [ 69.298420731422624, 41.292397404245548 ], [ 69.298137853736293, 41.292700665647914 ], [ 69.297600480635026, 41.293251664202792 ], [ 69.297371576425888, 41.293487396002654 ], [ 69.29727199997329, 41.293589945545719 ], [ 69.297025664854374, 41.293833852971538 ], [ 69.296567475550447, 41.2942835814303 ], [ 69.296418396535799, 41.294433426784146 ], [ 69.296182010258676, 41.294683297411709 ], [ 69.295888082396019, 41.295002648495689 ], [ 69.295637100292183, 41.295278996794913 ], [ 69.295437383244945, 41.295496938514425 ], [ 69.295157788002655, 41.295800842875195 ], [ 69.294871036780805, 41.296113348927335 ], [ 69.294726801482142, 41.29626641345142 ], [ 69.294667395892432, 41.296317967158757 ], [ 69.294558630572752, 41.296400553162329 ], [ 69.294412948088166, 41.296486281434923 ], [ 69.294274420684857, 41.296543726239108 ], [ 69.294273074110251, 41.296544184501521 ], [ 69.294125903117248, 41.296594290313223 ], [ 69.294031150617698, 41.296614287813284 ], [ 69.293882880086798, 41.296635552782305 ], [ 69.293762421397091, 41.296642731766241 ], [ 69.293679755729684, 41.296646818326778 ], [ 69.293572458257216, 41.296652123093608 ], [ 69.293399783195014, 41.296653398667232 ], [ 69.293253655146032, 41.296659942562094 ], [ 69.293135426973166, 41.296667676316559 ], [ 69.293005831518713, 41.296685609930542 ], [ 69.292878902264022, 41.296713573319302 ], [ 69.292790537684482, 41.296734707999128 ], [ 69.292685926174684, 41.296771661783104 ], [ 69.292579473118579, 41.296809394386599 ], [ 69.292467068723695, 41.296860263986474 ], [ 69.292355723442526, 41.296918595285099 ], [ 69.292241561942973, 41.296995750257693 ], [ 69.292143521609518, 41.297071141619199 ], [ 69.292060898162916, 41.297150551932347 ], [ 69.291963141697067, 41.297264303112968 ], [ 69.291898704643444, 41.297361369235404 ], [ 69.291840035672237, 41.297463178398871 ], [ 69.291787137478394, 41.297565826975578 ], [ 69.291754462158281, 41.297676976382462 ], [ 69.291737532508407, 41.297788740429262 ], [ 69.291729532112498, 41.297909243483446 ], [ 69.291740977547533, 41.298151556863061 ], [ 69.291774691320143, 41.29851454202516 ], [ 69.29177735033339, 41.298628818588 ], [ 69.291779966227509, 41.298745763446057 ], [ 69.291772945893555, 41.29881199123043 ], [ 69.29174643750784, 41.298921386516867 ], [ 69.291712678819437, 41.299020738698779 ], [ 69.291684185156939, 41.299094713843068 ], [ 69.29165047407929, 41.29915202407328 ], [ 69.291641314856662, 41.299167594246995 ], [ 69.291570370407101, 41.299262528966459 ], [ 69.291498925595903, 41.29934544935599 ], [ 69.291418474275687, 41.299422184383211 ], [ 69.291343907818913, 41.299482675023 ], [ 69.291223423976376, 41.299577458786359 ], [ 69.290857387447545, 41.299850345173191 ], [ 69.290774995766327, 41.299913893265206 ], [ 69.290758644631524, 41.299927522997756 ], [ 69.290187779641514, 41.300403480029821 ], [ 69.289823969137956, 41.300770442455487 ], [ 69.289528820464852, 41.301091997525724 ], [ 69.288768244761542, 41.301913951148187 ], [ 69.288033046465046, 41.302701491542699 ], [ 69.287667961252097, 41.303068403246655 ], [ 69.287428116461129, 41.303309449683134 ], [ 69.287180388953573, 41.30355800682004 ], [ 69.287152427093716, 41.303585841743036 ], [ 69.286568781772132, 41.304166814682844 ], [ 69.286161776676465, 41.304572403156421 ], [ 69.285750232393667, 41.30495706089453 ], [ 69.285081256103268, 41.305662330472657 ], [ 69.284323496618413, 41.306390431232991 ], [ 69.283652214352642, 41.307083133377297 ], [ 69.28320095285622, 41.307538241035552 ], [ 69.282538316875105, 41.308180657319809 ], [ 69.282028589426673, 41.308734744488 ], [ 69.281510958600393, 41.309261206338533 ], [ 69.280978153432343, 41.309754076539853 ], [ 69.280944429778273, 41.309785272550343 ], [ 69.280853610103051, 41.309849153744167 ], [ 69.281007293881856, 41.309937567464289 ], [ 69.281067401055807, 41.309965062954277 ], [ 69.281156488779189, 41.310015103123867 ], [ 69.281257900489919, 41.310089404530018 ], [ 69.281339291447935, 41.310157891385124 ], [ 69.281451985998643, 41.310272371567223 ], [ 69.281544649016809, 41.310378524278377 ], [ 69.281635139908644, 41.310496408254643 ], [ 69.281766666740978, 41.310705562314197 ], [ 69.281958852312883, 41.310651258179995 ], [ 69.282149324797501, 41.310597439154719 ], [ 69.282205901592405, 41.310578871715649 ], [ 69.282671904442665, 41.310443707185435 ], [ 69.283362045041144, 41.310247679859629 ], [ 69.283438643487116, 41.310234926106233 ], [ 69.283475230072, 41.310218083941372 ], [ 69.283893549448706, 41.310103972761738 ], [ 69.283952376523402, 41.310092101576217 ], [ 69.284001156839949, 41.310069365277577 ], [ 69.284372857246652, 41.309964581169254 ], [ 69.28485111401568, 41.309839428956423 ], [ 69.285536824123184, 41.30964926358434 ], [ 69.286194802339594, 41.309469213871047 ], [ 69.286820029777317, 41.309294686701193 ], [ 69.28694707850795, 41.309260864901781 ], [ 69.287288276619165, 41.309169131035205 ], [ 69.287361028479097, 41.309166436649924 ], [ 69.287807619634393, 41.30904260682032 ], [ 69.288339663031067, 41.308899715574221 ], [ 69.288391133801923, 41.308857706459946 ], [ 69.288889847006629, 41.308714477417702 ], [ 69.28922936347162, 41.308620646906903 ], [ 69.289644341115419, 41.308509035705185 ], [ 69.290327786570103, 41.308315496571453 ], [ 69.291208708673679, 41.308064495265583 ], [ 69.292025264690551, 41.307829565168092 ], [ 69.292345882398607, 41.307707957589599 ], [ 69.292487714703853, 41.307654163126323 ], [ 69.292749581694039, 41.30758732418618 ], [ 69.292909562662985, 41.307591106403805 ], [ 69.293244089884894, 41.307501884471968 ], [ 69.293394752629396, 41.307409360644321 ], [ 69.293571160191647, 41.307360329319032 ], [ 69.293803607356239, 41.307298169791693 ], [ 69.294012206945013, 41.307244028144673 ], [ 69.294186435194362, 41.30720463280398 ], [ 69.294352348637446, 41.307169029128765 ], [ 69.294512749119633, 41.307142652624535 ], [ 69.294638206933868, 41.307127254404051 ], [ 69.294866394287411, 41.307106147384701 ], [ 69.295156234815508, 41.307085300830842 ], [ 69.295433922934464, 41.307079563691808 ], [ 69.295824478978972, 41.307099082243873 ], [ 69.295985578350439, 41.307104530567415 ], [ 69.296200001717182, 41.307110680680978 ], [ 69.29633561229079, 41.307129597303685 ], [ 69.296727017243256, 41.307214028008794 ], [ 69.296847103132095, 41.307238847727213 ], [ 69.297855427004237, 41.307460326569604 ], [ 69.297882990910409, 41.307466380828743 ], [ 69.297904510951355, 41.307471107766027 ], [ 69.297931080422487, 41.307476944065456 ], [ 69.297957495383443, 41.307482745949855 ], [ 69.298366057259486, 41.307572485474651 ], [ 69.298350919748643, 41.307662988741349 ], [ 69.298329118534994, 41.307754347518433 ], [ 69.298300862027759, 41.307891792342602 ], [ 69.298257412314086, 41.3081080150668 ], [ 69.298227044765895, 41.308269754836893 ], [ 69.298215367565533, 41.30838873037996 ], [ 69.298220294824844, 41.308495096690677 ], [ 69.298228400323666, 41.308567110963892 ], [ 69.298254529620337, 41.308694363516622 ], [ 69.298348504178833, 41.309082780419111 ], [ 69.298354284837671, 41.309132186300218 ], [ 69.298340105829254, 41.30919001943375 ], [ 69.298304816411616, 41.309247070450127 ], [ 69.29804410645157, 41.309567720012708 ], [ 69.297931413697484, 41.309703707556118 ], [ 69.297840781770162, 41.309805297045102 ], [ 69.297790061990867, 41.30988919121728 ], [ 69.297738319030529, 41.30999235397779 ], [ 69.297721849318108, 41.310035114727476 ], [ 69.297714348385469, 41.310095443700135 ], [ 69.297699989713976, 41.310450002732971 ], [ 69.297815637027043, 41.310445033096642 ], [ 69.298236834605873, 41.310426932550918 ], [ 69.298402963644634, 41.310425028366453 ], [ 69.298733713450773, 41.31052013765575 ], [ 69.29884365646177, 41.31056277592721 ], [ 69.298998354438524, 41.310646716358029 ], [ 69.299206859704185, 41.310780215833226 ], [ 69.299294687091177, 41.310864233581398 ], [ 69.299374935392152, 41.310941411866253 ], [ 69.299485908770791, 41.311110817270475 ], [ 69.299749150183331, 41.311504378263493 ], [ 69.299842763619097, 41.311652424975058 ], [ 69.299921535988034, 41.311745279481862 ], [ 69.300039108390706, 41.311896345822653 ], [ 69.300086226824007, 41.311955224388342 ], [ 69.300125612559313, 41.31199419716534 ], [ 69.300151435530466, 41.312013274985361 ], [ 69.300185622715233, 41.312028950047917 ], [ 69.300246346133505, 41.312050053449326 ], [ 69.300324078253354, 41.312070978710665 ], [ 69.300360335156526, 41.312074932053982 ], [ 69.300408860351567, 41.312072820095551 ], [ 69.300510476878173, 41.312053843505076 ], [ 69.300597152625016, 41.312033263034216 ], [ 69.300642724159374, 41.312015631879106 ], [ 69.300694600070386, 41.311986739850859 ], [ 69.300733127016301, 41.311958139301034 ], [ 69.300784472022997, 41.311909235550338 ], [ 69.300829101224636, 41.311833764852949 ], [ 69.300976791443858, 41.311739144649991 ], [ 69.301110207433226, 41.311712589836148 ], [ 69.301217945978507, 41.311728020036497 ], [ 69.301335591144749, 41.311765006484485 ], [ 69.301371575858411, 41.31177631934699 ], [ 69.301423569448716, 41.31180745838558 ], [ 69.301512251133573, 41.311901809939314 ], [ 69.301573935749204, 41.312037953204026 ], [ 69.301628994391265, 41.312152677716647 ], [ 69.301646387571793, 41.312195536237034 ], [ 69.301674241633791, 41.312207763980027 ], [ 69.30173831217482, 41.312279355810411 ], [ 69.301773879171847, 41.312351765352247 ], [ 69.301789170294626, 41.312415793149611 ], [ 69.301797146436044, 41.312432023429203 ], [ 69.301800857376492, 41.312435467319418 ], [ 69.301830314032941, 41.312448221991836 ], [ 69.301970700948942, 41.312498195480153 ], [ 69.302081856685561, 41.312544418038222 ], [ 69.302153580872812, 41.312570064310556 ], [ 69.302217233697206, 41.312577987130204 ], [ 69.302264750084134, 41.312576706470082 ], [ 69.302289937048087, 41.312561424239128 ], [ 69.302297624830288, 41.312537355510919 ], [ 69.302300001772537, 41.31251196562787 ], [ 69.302304387347732, 41.312440872013475 ], [ 69.302363035657706, 41.312317808840369 ], [ 69.302483542856436, 41.312160320567386 ], [ 69.302595939166466, 41.312058257027061 ], [ 69.302688587811616, 41.311985240560787 ], [ 69.302726099661243, 41.311958793132128 ], [ 69.302811570767275, 41.311908933937602 ], [ 69.3029149030761, 41.311859975495331 ], [ 69.302973080668821, 41.311837223619257 ], [ 69.303062898722501, 41.311823655079131 ], [ 69.303157364659484, 41.31181628073935 ], [ 69.303237026360549, 41.31180484912786 ], [ 69.303366461914905, 41.311792969480308 ], [ 69.303485391671998, 41.311787530320245 ], [ 69.303648738628311, 41.311777351040028 ], [ 69.30378378236496, 41.311786506724417 ], [ 69.30398501576839, 41.311815408962666 ], [ 69.304157433014126, 41.311855373704823 ], [ 69.304219951266361, 41.31186824927088 ], [ 69.304280050355459, 41.311874129710141 ], [ 69.304379708554805, 41.311885919601259 ], [ 69.304471130101234, 41.311906634393658 ], [ 69.304554476691635, 41.311934094641003 ], [ 69.304609171516006, 41.311953116474498 ], [ 69.304637332801846, 41.311958116359598 ], [ 69.304720395524598, 41.311960505643256 ], [ 69.304848959713127, 41.311988584611875 ], [ 69.305048305756131, 41.312069469301299 ], [ 69.305213963179369, 41.312155021785216 ], [ 69.305381201637502, 41.312250122477934 ], [ 69.305571641782777, 41.312330542618724 ], [ 69.305720332725244, 41.312419214774124 ], [ 69.305795022251203, 41.312521721055134 ], [ 69.305831351917917, 41.312583291950673 ], [ 69.305867271952891, 41.312712852373821 ], [ 69.305877778648451, 41.312869667272054 ], [ 69.305872566623179, 41.313010420345833 ], [ 69.305848464824095, 41.313164666483836 ], [ 69.305824838233804, 41.31323903582232 ], [ 69.305781625675394, 41.313316453525303 ], [ 69.305650325218494, 41.313505239168677 ], [ 69.305550028317043, 41.313685304049983 ], [ 69.30548476571164, 41.313847655457401 ], [ 69.305432807155626, 41.314011586671178 ], [ 69.305395444426324, 41.314129469475795 ], [ 69.305378154552059, 41.314200090965223 ], [ 69.305357071990642, 41.314271001160236 ], [ 69.305305148468904, 41.314402616134252 ], [ 69.305249326258831, 41.314575214771132 ], [ 69.305196701152852, 41.314709733799809 ], [ 69.305181586099891, 41.314776128894813 ], [ 69.305188204886903, 41.314880149585314 ], [ 69.305194705096298, 41.315042906220292 ], [ 69.305182631738859, 41.315173325390191 ], [ 69.305164772332702, 41.315351588227834 ], [ 69.305160923051716, 41.315455514215003 ], [ 69.305159909752092, 41.315482892676748 ], [ 69.305155925723795, 41.315558220158948 ], [ 69.305165172083008, 41.315556004407874 ], [ 69.30517441754391, 41.315553789331432 ], [ 69.305596422708206, 41.315452689870099 ], [ 69.305946895026423, 41.315323601119395 ], [ 69.306288436294068, 41.31518532114741 ], [ 69.306423692931446, 41.31512465278005 ], [ 69.306531117066385, 41.315051492660203 ], [ 69.306727050409634, 41.314899359480194 ], [ 69.306937504121137, 41.314763939417901 ], [ 69.30714587823276, 41.314659518432812 ], [ 69.307915376901761, 41.314334973769377 ], [ 69.308083904442327, 41.314262488162427 ], [ 69.307969752824235, 41.314157096118741 ], [ 69.307957258156932, 41.314145558985771 ], [ 69.307908140073835, 41.314095851252986 ], [ 69.307874609557544, 41.314052801684873 ], [ 69.307843848547279, 41.314008490348726 ], [ 69.307823587046045, 41.313952423203546 ], [ 69.307810511168753, 41.313888797704053 ], [ 69.307801773255989, 41.313802545777108 ], [ 69.30776525763801, 41.313361211330907 ], [ 69.307736103713779, 41.312988892170601 ], [ 69.307793458449723, 41.312965791849074 ], [ 69.307850830253642, 41.312942685446671 ], [ 69.307897267763948, 41.312923981028916 ], [ 69.307906779126171, 41.312920150539483 ], [ 69.30837988315875, 41.312729602804239 ], [ 69.308473195658891, 41.312692020432742 ], [ 69.308765973677993, 41.313098306857945 ], [ 69.308848845957897, 41.31321263006118 ], [ 69.308953577841919, 41.313357106250521 ], [ 69.309199252699088, 41.313694391993394 ], [ 69.309263547818915, 41.313781090059543 ], [ 69.309386331348591, 41.313946651582953 ], [ 69.309392761489377, 41.313955317785165 ], [ 69.309534244350004, 41.314150587041169 ], [ 69.309552853849439, 41.314176270466213 ], [ 69.309658694254523, 41.314320747893461 ], [ 69.309668933252141, 41.314334725471078 ], [ 69.309830152099536, 41.314554795005272 ], [ 69.309931415588267, 41.31469599380398 ], [ 69.310047067392887, 41.314857253698896 ], [ 69.310535474226327, 41.315576376630354 ], [ 69.310672136727121, 41.315759957771292 ], [ 69.310843004378995, 41.315996923893557 ], [ 69.310968455006758, 41.316176001546097 ], [ 69.311268399785178, 41.316632967275964 ], [ 69.311341032169153, 41.316732510400477 ], [ 69.31143575322767, 41.316865261317893 ], [ 69.311498113376373, 41.316955502721385 ], [ 69.311587786801297, 41.317089091830731 ], [ 69.311696947379659, 41.317255965327277 ], [ 69.311757368065699, 41.317346258141178 ], [ 69.311831323668088, 41.317464383201546 ], [ 69.311877497073681, 41.31754058076865 ], [ 69.311919337006358, 41.317612466979242 ], [ 69.311966349438421, 41.317697365161791 ], [ 69.312017201270052, 41.317800887993634 ], [ 69.312062655125089, 41.317892398537118 ], [ 69.312091933915156, 41.31795650995096 ], [ 69.312131914335211, 41.318060379159391 ], [ 69.312186391767284, 41.318207038675247 ], [ 69.31222782296652, 41.318340478813447 ], [ 69.312277408173571, 41.31848209715924 ], [ 69.312295906281904, 41.318534926666032 ], [ 69.312327579082151, 41.31862319434488 ], [ 69.312383148865649, 41.318787210702169 ], [ 69.312995538479669, 41.318598150918888 ], [ 69.313148822508182, 41.318546949466452 ], [ 69.313552810162804, 41.318412005211272 ], [ 69.313715839115517, 41.318355963443587 ], [ 69.313861862061572, 41.318298174199604 ], [ 69.314162775223892, 41.318172201377486 ], [ 69.314499188009577, 41.318025690888696 ], [ 69.315093710132587, 41.317768960408834 ], [ 69.315173826381226, 41.317734654531414 ], [ 69.315591802601418, 41.31755566954557 ], [ 69.31623875489602, 41.317286789365461 ], [ 69.316702024172898, 41.317119299951386 ], [ 69.316725295030295, 41.317110886505745 ], [ 69.317310320164154, 41.316899374689477 ], [ 69.317748210237596, 41.316740782208186 ], [ 69.318196746245491, 41.316575813421586 ], [ 69.318644466583095, 41.316413892521993 ], [ 69.318782872713854, 41.316362183326611 ], [ 69.318921277946316, 41.316310473415548 ], [ 69.319260005690481, 41.316187671911237 ], [ 69.319597747982812, 41.31606446332794 ], [ 69.319861834710025, 41.31597435698157 ], [ 69.320058742725351, 41.315911719203108 ], [ 69.320313637890607, 41.315833704092029 ], [ 69.320500376078598, 41.315787227477038 ], [ 69.320768507919567, 41.315732412772732 ], [ 69.320953845634023, 41.315702517749273 ], [ 69.321021800490314, 41.315691555742433 ], [ 69.321198035576018, 41.315666889027511 ], [ 69.321418069820027, 41.315640236631239 ], [ 69.321748827711033, 41.315606157010883 ], [ 69.322258456344727, 41.315554480910286 ], [ 69.323046886110035, 41.315473531049648 ], [ 69.32399754981904, 41.315377032331341 ], [ 69.324762964746782, 41.31529789250726 ], [ 69.325553660063221, 41.315221104641978 ], [ 69.326418499628275, 41.315131447839725 ], [ 69.327116728657586, 41.315059965746691 ], [ 69.327698739943628, 41.315000276951466 ], [ 69.328357325421123, 41.314924133090891 ], [ 69.32860438727711, 41.314881265568957 ], [ 69.328705153099165, 41.314863782272759 ], [ 69.328900136923167, 41.314801054364146 ], [ 69.329075620118942, 41.314713755129802 ], [ 69.329223618460318, 41.314634301430054 ], [ 69.329365214508684, 41.314551747288526 ], [ 69.329471205830743, 41.314478893524289 ], [ 69.329503298144246, 41.314454661546492 ], [ 69.329655129596972, 41.314340022726604 ], [ 69.330268916091228, 41.313886323475273 ], [ 69.331139874980011, 41.313235571732513 ], [ 69.331388022000837, 41.313048231944357 ], [ 69.33145163619767, 41.313000206170216 ], [ 69.331470848466665, 41.312985707408941 ], [ 69.331475279855937, 41.312982360710009 ], [ 69.33149728408884, 41.312965743942684 ], [ 69.331551779487228, 41.312924609885044 ], [ 69.331659554863464, 41.312843259337093 ], [ 69.332148089257657, 41.312465415796403 ], [ 69.332318358631568, 41.312344033457705 ], [ 69.332450129805665, 41.312259078371333 ], [ 69.332660463142886, 41.312145955893854 ], [ 69.3326799817374, 41.312135458189253 ], [ 69.33295873166503, 41.311971479073492 ], [ 69.333129399890879, 41.311851830595828 ], [ 69.333185278694828, 41.311812655983537 ], [ 69.333715078099928, 41.311417723727402 ], [ 69.33432932273503, 41.310959419827199 ], [ 69.334785498914385, 41.310619532895629 ], [ 69.335269090777928, 41.310257122534388 ], [ 69.335604548654501, 41.310007287955671 ], [ 69.335894563455753, 41.309784363634073 ], [ 69.33612770950964, 41.309597920822583 ], [ 69.336362777958243, 41.309414094928783 ], [ 69.336813778044956, 41.308994592265606 ], [ 69.337466043874443, 41.308400564087677 ], [ 69.338030995254925, 41.307876225601412 ], [ 69.338729635712653, 41.307242099574545 ], [ 69.339108473234262, 41.307033669935144 ], [ 69.339312481533625, 41.306967748761629 ], [ 69.339312528245998, 41.306967733916025 ], [ 69.339616758886635, 41.306940032022702 ], [ 69.339834526681173, 41.306947766582539 ], [ 69.340059212401727, 41.307004061086275 ], [ 69.340257378058467, 41.307087238177992 ], [ 69.340388892314394, 41.307170612879347 ], [ 69.340557807028816, 41.307307971210527 ], [ 69.340696791674645, 41.307420990066781 ], [ 69.340845205936006, 41.307321945568219 ], [ 69.341055469204647, 41.307181622880101 ], [ 69.340985944093234, 41.307056602984105 ], [ 69.340974233655203, 41.306941044223031 ], [ 69.341011573926622, 41.306858846081226 ], [ 69.341060075765441, 41.306786665944351 ], [ 69.341181778621802, 41.306692490534161 ], [ 69.341310338318749, 41.30663515049099 ], [ 69.341474628506106, 41.306612885349331 ], [ 69.341727950721307, 41.30662218481735 ], [ 69.342980557960189, 41.306752781436913 ], [ 69.342964131366912, 41.306288154193233 ], [ 69.3433128798181, 41.30633302816716 ], [ 69.343532903282309, 41.306361338318816 ], [ 69.34401844628664, 41.306414355122989 ], [ 69.344353610414089, 41.306450949824395 ], [ 69.345245724627816, 41.306546358450937 ], [ 69.345973848691472, 41.306628783045895 ], [ 69.346496149858893, 41.306684875384171 ], [ 69.346987851712825, 41.306737171236357 ], [ 69.34761536805793, 41.306810031628025 ], [ 69.348175606876438, 41.306870831221964 ], [ 69.348323907950061, 41.306886925897437 ], [ 69.34834847417811, 41.306889591360502 ], [ 69.348996061581587, 41.306959744284157 ], [ 69.349440695307919, 41.307009750321185 ], [ 69.349725489999045, 41.307044231892391 ], [ 69.350011928607188, 41.30707891251096 ], [ 69.350462445400268, 41.30714071595385 ], [ 69.351037317774754, 41.307218602460203 ], [ 69.351395467095372, 41.30727493856751 ], [ 69.351794379268654, 41.307335771467763 ], [ 69.352438452462749, 41.30744888204795 ], [ 69.352829371426623, 41.30751782108981 ], [ 69.353460779273547, 41.307642062065177 ], [ 69.353917768428232, 41.307735800188162 ], [ 69.354175945139204, 41.307793505675171 ], [ 69.354417708731603, 41.307844965921916 ], [ 69.354689930602078, 41.307904652496461 ], [ 69.354970845469509, 41.307972748244303 ], [ 69.355215954388029, 41.308030857045381 ], [ 69.35546236676204, 41.308092090064612 ], [ 69.3556098341991, 41.308133426908597 ], [ 69.356172261313631, 41.308277447402226 ], [ 69.356657665977409, 41.308408494836648 ], [ 69.357230711178616, 41.308575473554001 ], [ 69.357837951649429, 41.308762325507701 ], [ 69.358334790968456, 41.308919309831502 ], [ 69.358812425205045, 41.309077361951104 ], [ 69.359180667996171, 41.309200047967963 ], [ 69.35949795834442, 41.309309817873405 ], [ 69.360057641105783, 41.309503403988835 ], [ 69.360560181133593, 41.309674619494146 ], [ 69.361059062323264, 41.309845242101623 ], [ 69.361506339791433, 41.310002088864273 ], [ 69.362034913894533, 41.310182193786353 ], [ 69.362556181999381, 41.310360355562942 ], [ 69.363085776588619, 41.31054224626763 ], [ 69.363608611355303, 41.310722033234576 ], [ 69.363831026134847, 41.310798937060298 ], [ 69.364242218278036, 41.31094126004551 ], [ 69.364749029795036, 41.311116359724807 ], [ 69.36511682971674, 41.311240172120506 ], [ 69.365651086562309, 41.311426708749615 ], [ 69.366143528628015, 41.311594353139398 ], [ 69.366787029595287, 41.311817219316268 ], [ 69.367289667539453, 41.311989903744127 ], [ 69.367913931983225, 41.312201412598277 ], [ 69.368360228491085, 41.312357826579316 ], [ 69.368783722163798, 41.31250451984323 ], [ 69.369417927364495, 41.31272397277084 ], [ 69.369921165383317, 41.312893196086684 ], [ 69.370443173699954, 41.31308284459454 ], [ 69.370541589529225, 41.313118291875142 ], [ 69.37103176694211, 41.313294837060937 ], [ 69.371178315402602, 41.313348965586499 ], [ 69.371497916217777, 41.313467010175721 ], [ 69.372244083842205, 41.313752841831153 ], [ 69.373051179700795, 41.314065991914141 ], [ 69.373845189800662, 41.314383089647826 ], [ 69.374848637617418, 41.314799694805615 ], [ 69.375918793428866, 41.315266664049574 ], [ 69.376709733985393, 41.315615936939409 ], [ 69.377565664957771, 41.315990294901908 ], [ 69.37827510496183, 41.316306719366565 ], [ 69.379065720328242, 41.316660832376272 ], [ 69.379791162022428, 41.316981407016371 ], [ 69.380612927369626, 41.317343773923227 ], [ 69.381050444642227, 41.317536057643281 ], [ 69.381593454671901, 41.317769273464158 ], [ 69.381922235370951, 41.317906174966915 ], [ 69.382278405702991, 41.318054481061672 ], [ 69.382851897366919, 41.318274906414167 ], [ 69.38339094941945, 41.318475866482046 ], [ 69.383977533130306, 41.318682079653584 ], [ 69.384456907403575, 41.318848346585121 ], [ 69.385202783973867, 41.319089944589251 ], [ 69.385793447832739, 41.31926709834832 ], [ 69.386601763603494, 41.319496065648629 ], [ 69.387228425650747, 41.319666686163629 ], [ 69.388150020775441, 41.319894836388713 ], [ 69.388511446251954, 41.319978382267763 ], [ 69.388814818103157, 41.32004850693906 ], [ 69.38899427275085, 41.320089987326611 ], [ 69.389542862216743, 41.320205910711813 ], [ 69.38989727005422, 41.320275985888031 ], [ 69.390498597813817, 41.320389241332741 ], [ 69.391969192036228, 41.320642731226897 ], [ 69.39295786076994, 41.320806685156022 ], [ 69.394377193528953, 41.321041420738929 ], [ 69.395849947301272, 41.321286009440463 ], [ 69.39746024302508, 41.321555166594329 ], [ 69.398903855449589, 41.321793076391685 ], [ 69.400045197357429, 41.321983475521385 ], [ 69.401083453094827, 41.32215566683908 ], [ 69.401899231170631, 41.322288965988349 ], [ 69.402278639122457, 41.322350960102618 ], [ 69.402671850586955, 41.322417669891884 ], [ 69.403497829032801, 41.322557797197234 ], [ 69.404547419712472, 41.322730081446544 ], [ 69.404736118922727, 41.322761054688961 ], [ 69.405570979011813, 41.322898949563275 ], [ 69.406659897934603, 41.323081913703561 ], [ 69.406898662052271, 41.323122031426095 ], [ 69.406994871619204, 41.323137699769461 ], [ 69.407874957391257, 41.323281030698936 ], [ 69.408582445356188, 41.323398771257956 ], [ 69.40922637032827, 41.323505929378328 ], [ 69.409807485993994, 41.323604296248988 ], [ 69.410448180624314, 41.323712745266789 ], [ 69.411398529922948, 41.323866526897838 ], [ 69.412729724477856, 41.324087950598752 ], [ 69.413066047432025, 41.324143889617297 ], [ 69.413096308080682, 41.324149013372406 ], [ 69.414400844231224, 41.324369889671438 ], [ 69.416083567523117, 41.324627624289285 ], [ 69.418188095654997, 41.324914585553501 ], [ 69.419869060045571, 41.325154120368957 ], [ 69.42073998749332, 41.32528078331422 ], [ 69.421600551077617, 41.325403750504641 ], [ 69.423279688294897, 41.325623726672653 ], [ 69.423889407217587, 41.325710305656372 ], [ 69.424470256981976, 41.325787178306925 ], [ 69.424895846424249, 41.325837525418464 ], [ 69.425420365532105, 41.325886121218872 ], [ 69.425875039728339, 41.325924983126697 ], [ 69.426485591389294, 41.325962440487274 ], [ 69.426973551760042, 41.325983821361639 ], [ 69.427505764040006, 41.326000191953199 ], [ 69.428225645162598, 41.326010642226443 ], [ 69.428571232442309, 41.326003224967913 ], [ 69.428707102629033, 41.326000308659474 ], [ 69.428974752074666, 41.325994563740622 ], [ 69.429369683812922, 41.325986475250197 ], [ 69.430079302581717, 41.325951571277557 ], [ 69.430748662452743, 41.325904305844922 ], [ 69.431257785334964, 41.325859363715601 ], [ 69.431740424984298, 41.325808624675489 ], [ 69.432123808879581, 41.325764338196599 ], [ 69.43258111513957, 41.325699733231211 ], [ 69.433117498297406, 41.325620426495959 ], [ 69.433530300221591, 41.325551940370602 ], [ 69.433929957996568, 41.325479558310327 ], [ 69.434226530499416, 41.325418741666596 ], [ 69.434643453894111, 41.325335578519713 ], [ 69.434944622177952, 41.325269126045718 ], [ 69.435268897825836, 41.325196530494097 ], [ 69.435704119902894, 41.325092246978578 ], [ 69.436095140376395, 41.324991793751039 ], [ 69.436410705060979, 41.324903708073592 ], [ 69.436855811301129, 41.3247780367549 ], [ 69.437164837148728, 41.324685632568155 ], [ 69.437339380706774, 41.324629277101259 ], [ 69.437636543402732, 41.324532171289931 ], [ 69.437911645271996, 41.324441225955574 ], [ 69.438364820179999, 41.324279085780944 ], [ 69.439429406436687, 41.323899617921612 ], [ 69.440638209127428, 41.323470966058828 ], [ 69.440891494511661, 41.323381695699055 ], [ 69.44101370761112, 41.323338621231009 ], [ 69.441086959832646, 41.323312803791545 ], [ 69.441416868815693, 41.323196527703267 ], [ 69.442475315985718, 41.322823467302975 ], [ 69.442986639740383, 41.322647556448651 ], [ 69.443276716525403, 41.322547761273015 ], [ 69.444422360465126, 41.322153624020842 ], [ 69.445088450468504, 41.321915646725905 ], [ 69.445238579613772, 41.321861455151129 ], [ 69.445492736363832, 41.32176971337946 ], [ 69.445774145304654, 41.32167091263959 ], [ 69.446061598110745, 41.321569988630181 ], [ 69.446146924588007, 41.321540030168578 ], [ 69.446655512074315, 41.321361465820871 ], [ 69.447012711875701, 41.321232554737072 ], [ 69.447089419916111, 41.321204870374245 ], [ 69.447660556197349, 41.320998747492823 ], [ 69.44780239389253, 41.320949853897943 ], [ 69.448113467898978, 41.3208426227594 ], [ 69.448149378950774, 41.320830243489198 ], [ 69.448284783810209, 41.320777439456002 ], [ 69.448302407857767, 41.32077056470073 ], [ 69.448145025714908, 41.320638299395682 ], [ 69.448026228010164, 41.320538459988889 ], [ 69.447884757725973, 41.320419577458686 ], [ 69.447768657662024, 41.32032201470021 ], [ 69.447685092781029, 41.32025179856906 ], [ 69.447685074814729, 41.320251783726491 ], [ 69.446851807438634, 41.319588359801756 ], [ 69.446851756234651, 41.319588321345606 ], [ 69.446369943933703, 41.319315567487578 ], [ 69.445953186727337, 41.319079640959856 ], [ 69.445132205609369, 41.31868771996723 ], [ 69.444961289448486, 41.318618623392453 ], [ 69.444907046476672, 41.318596694285652 ], [ 69.444808818395302, 41.318556961043647 ], [ 69.444801987605871, 41.318554105123148 ], [ 69.44479910491215, 41.318552849543622 ], [ 69.444794199212367, 41.318550712157247 ], [ 69.44462603369287, 41.318473155614413 ], [ 69.44462361093656, 41.318472038342939 ], [ 69.444557106859435, 41.318441378812821 ], [ 69.444539173791412, 41.3184317126547 ], [ 69.444522101309445, 41.318422508651921 ], [ 69.444522079749873, 41.318422496507644 ], [ 69.444497615929762, 41.318405302924965 ], [ 69.444454015299101, 41.318371157282094 ], [ 69.444339878952391, 41.31829140848145 ], [ 69.444226324713938, 41.318212052923712 ], [ 69.444226287883026, 41.318212052923712 ], [ 69.443945984768277, 41.318177824868172 ], [ 69.443644858705269, 41.318154664989208 ], [ 69.4436247831553, 41.318152578865785 ], [ 69.443609633068021, 41.318149959741753 ], [ 69.443592086275586, 41.318146920289301 ], [ 69.443462844757335, 41.318118713759297 ], [ 69.443303503388861, 41.318083918919442 ], [ 69.443122520706893, 41.318045527988531 ], [ 69.443122472197857, 41.318045516518893 ], [ 69.443118800783324, 41.318044632006476 ], [ 69.443102723634667, 41.318040733674735 ], [ 69.443054459849378, 41.318023896225291 ], [ 69.442948873667547, 41.317977693745085 ], [ 69.442845766835859, 41.317932536996189 ], [ 69.442845725513351, 41.317932516755604 ], [ 69.442804940202805, 41.317911041482098 ], [ 69.442804895287054, 41.317911013145292 ], [ 69.442769520529481, 41.317884827875311 ], [ 69.442769498969909, 41.317884811008106 ], [ 69.442748550257505, 41.317866483134509 ], [ 69.442702791873558, 41.317826447861989 ], [ 69.442639863989569, 41.317794083091961 ], [ 69.442594782037048, 41.317770836041845 ], [ 69.44234151731402, 41.317669302146008 ], [ 69.442333849294769, 41.317666089276052 ], [ 69.442333214185865, 41.317665806581253 ], [ 69.442327429933755, 41.317663174618545 ], [ 69.442322463148557, 41.317660908337331 ], [ 69.442261810697204, 41.317632084256047 ], [ 69.442143932867324, 41.317576065431908 ], [ 69.442011655941712, 41.317513203845905 ], [ 69.442001793338221, 41.317507893354453 ], [ 69.441985875191378, 41.317499342322002 ], [ 69.441895501978848, 41.317445522203428 ], [ 69.441765260635705, 41.317367958273245 ], [ 69.441748659769246, 41.317354706640437 ], [ 69.441705841571235, 41.317320513218682 ], [ 69.441331685170567, 41.316917978786122 ], [ 69.441324974755375, 41.316910139481635 ], [ 69.441319346810133, 41.316903517329855 ], [ 69.4411180307617, 41.316647453081409 ], [ 69.4411180020156, 41.316647422719953 ], [ 69.440899865013478, 41.316494036296099 ], [ 69.440899838962338, 41.316494021452669 ], [ 69.440766788587268, 41.316436516631441 ], [ 69.440576679920341, 41.316354370268733 ], [ 69.440494618819145, 41.316323122750823 ], [ 69.439868167875971, 41.316084580352793 ], [ 69.439780842647195, 41.316051330178311 ], [ 69.439780818392677, 41.31605132073242 ], [ 69.439461823042052, 41.315908242435874 ], [ 69.439256926308886, 41.315854809635276 ], [ 69.439238003297433, 41.315848899867945 ], [ 69.439237098693923, 41.315848616490612 ], [ 69.438878837982202, 41.315736712019792 ], [ 69.438519351070141, 41.315596209752677 ], [ 69.438337973129407, 41.315500384578137 ], [ 69.438227522570287, 41.315442023345234 ], [ 69.437896592202762, 41.315284572307448 ], [ 69.43770745102141, 41.315204247572126 ], [ 69.437707403410684, 41.315204224631835 ], [ 69.437697236278296, 41.315199148078271 ], [ 69.437672951222908, 41.315187022103629 ], [ 69.437616625956252, 41.315154444162388 ], [ 69.437277866771055, 41.314958535582704 ], [ 69.4372778335334, 41.314958515341189 ], [ 69.437276416890185, 41.314957663848041 ], [ 69.437272367284905, 41.314955232841719 ], [ 69.437269430692226, 41.314953469805467 ], [ 69.437144082472429, 41.314875402268946 ], [ 69.437058035546286, 41.314821808038637 ], [ 69.437058013088432, 41.314821792520092 ], [ 69.437020672817027, 41.314794008949335 ], [ 69.436998540125032, 41.314771573191095 ], [ 69.436998502395781, 41.314771532033227 ], [ 69.436945129891498, 41.314709924745479 ], [ 69.436781334675871, 41.314520811977332 ], [ 69.436682541554177, 41.314443394355209 ], [ 69.436657043773138, 41.314423407720064 ], [ 69.436644851838096, 41.314413850271166 ], [ 69.436548107773589, 41.314338007327066 ], [ 69.436537332481763, 41.314329094901566 ], [ 69.436537292057565, 41.314329059815947 ], [ 69.436490568883002, 41.31428826667954 ], [ 69.436203807779691, 41.314037847042442 ], [ 69.435908976211877, 41.313798259222352 ], [ 69.435834324415126, 41.313737604408082 ], [ 69.435785532420482, 41.313697950520996 ], [ 69.435730991208004, 41.313659489533691 ], [ 69.435534424552472, 41.313520870014919 ], [ 69.435525297669187, 41.31351364363347 ], [ 69.43551064704522, 41.313501991007392 ], [ 69.435497546015128, 41.313489521278235 ], [ 69.43547180928222, 41.313463044096935 ], [ 69.435333386083471, 41.313320643624785 ], [ 69.435174679823902, 41.313157373938772 ], [ 69.435163776072997, 41.313149333785503 ], [ 69.434866600800575, 41.312930274312748 ], [ 69.434788866884105, 41.312787484026771 ], [ 69.434776859103707, 41.312765411262767 ], [ 69.434782944291442, 41.312494256332087 ], [ 69.434782945189738, 41.312494216522254 ], [ 69.434787501444887, 41.31229931206471 ], [ 69.434685806764833, 41.31217794628536 ], [ 69.43452582040598, 41.311987011774278 ], [ 69.434447251954595, 41.311913537748545 ], [ 69.434447232191658, 41.311913519530329 ], [ 69.434439959431131, 41.311906714688767 ], [ 69.434304550978439, 41.311780000783898 ], [ 69.434151299289312, 41.311683491199723 ], [ 69.434081013304862, 41.311681401495427 ], [ 69.43402744676446, 41.311679808407895 ], [ 69.433897263811801, 41.311675913743962 ], [ 69.433887371563898, 41.311675359098466 ], [ 69.43387463794474, 41.311674614847881 ], [ 69.433386594030651, 41.311631965832774 ], [ 69.433257217765117, 41.311622113108115 ], [ 69.433221256407649, 41.311619373615827 ], [ 69.433127872042306, 41.311612257682917 ], [ 69.43312782622823, 41.311612250935426 ], [ 69.433042179950732, 41.311595812628113 ], [ 69.433042154797874, 41.311595807230105 ], [ 69.433021728904976, 41.311589333658603 ], [ 69.432569904164822, 41.311446132209554 ], [ 69.43237346327345, 41.311397132259678 ], [ 69.432311582825093, 41.311381695233415 ], [ 69.432177029568592, 41.311348110006051 ], [ 69.431300782297726, 41.311282486713274 ], [ 69.431281898812145, 41.311280600772207 ], [ 69.431279871314558, 41.311280395646634 ], [ 69.431276863754974, 41.311279950982851 ], [ 69.431266467552206, 41.311278382176759 ], [ 69.431134004675343, 41.311256530896351 ], [ 69.430772052786111, 41.311196821749569 ], [ 69.430735095197022, 41.3111888562524 ], [ 69.430734914635636, 41.311188805645678 ], [ 69.430734865228288, 41.311188791475807 ], [ 69.430727665231288, 41.311186809041907 ], [ 69.430331607005698, 41.311070769751481 ], [ 69.430316024828784, 41.311066203667423 ], [ 69.430222310781673, 41.311022239151001 ], [ 69.43022228742548, 41.311022227680127 ], [ 69.430222260476043, 41.311022212835454 ], [ 69.42995235176744, 41.310835536048465 ], [ 69.429930078938312, 41.310818397819062 ], [ 69.429930055582105, 41.310818378925802 ], [ 69.429714656644961, 41.310633918148355 ], [ 69.429500389585073, 41.310528788793917 ], [ 69.429500367127176, 41.310528778672499 ], [ 69.429493697136195, 41.310525026989588 ], [ 69.429469961849748, 41.310511682872551 ], [ 69.429437964757668, 41.310490768581687 ], [ 69.429333295755711, 41.310422355625541 ], [ 69.429314193979494, 41.31040986776344 ], [ 69.429226334253144, 41.310310506616965 ], [ 69.429226315388533, 41.310310470179623 ], [ 69.429184832087003, 41.310216135216244 ], [ 69.429173416296393, 41.31019539424554 ], [ 69.429089910704207, 41.310043670787699 ], [ 69.429051567014625, 41.309974060997277 ], [ 69.429050645343153, 41.309972289729096 ], [ 69.429049922199354, 41.309970890933251 ], [ 69.429049204445434, 41.309969524526281 ], [ 69.429048663659614, 41.309968494154191 ], [ 69.429047953990533, 41.309967137868675 ], [ 69.429047247016427, 41.309965753917638 ], [ 69.429043054578969, 41.309956141833709 ], [ 69.429042516488153, 41.309954909030701 ], [ 69.429040460244451, 41.309950226808191 ], [ 69.429008595204678, 41.309867118821515 ], [ 69.428952453194384, 41.309720692905401 ], [ 69.428951963612533, 41.309719416912586 ], [ 69.42880781634878, 41.309525838186303 ], [ 69.428801926095474, 41.309516209168144 ], [ 69.428788141447455, 41.309493660255782 ], [ 69.428788122582816, 41.309493627866637 ], [ 69.428787093113499, 41.309491081945012 ], [ 69.428787065265723, 41.309491013792858 ], [ 69.428775945919156, 41.30946348976245 ], [ 69.428766844188701, 41.309438807195349 ], [ 69.428746678807201, 41.309384284053664 ], [ 69.428740573856516, 41.309364129197952 ], [ 69.42880667908166, 41.309261105122104 ], [ 69.428869342860921, 41.309179801960397 ], [ 69.428854505387363, 41.309117126613224 ], [ 69.428838257558823, 41.309048494936995 ], [ 69.428766378861383, 41.308908422934131 ], [ 69.428629257321461, 41.308802192253893 ], [ 69.428619540245023, 41.30879610303019 ], [ 69.428529270338757, 41.308735106845752 ], [ 69.428404631788013, 41.308650887967637 ], [ 69.428120147913972, 41.308479899200506 ], [ 69.428036969308536, 41.308427378693167 ], [ 69.427897627133262, 41.308339394787978 ], [ 69.427558586775334, 41.308064026962263 ], [ 69.427551897021416, 41.308058378981443 ], [ 69.427548501389651, 41.308055474690995 ], [ 69.427257389745435, 41.307790537267756 ], [ 69.427257357406063, 41.307790507576932 ], [ 69.427146168431761, 41.307689451408528 ], [ 69.427116697402269, 41.307685858138484 ], [ 69.427089361668152, 41.30768249092371 ], [ 69.426949638607184, 41.307634915332436 ], [ 69.426729409428759, 41.307499526740237 ], [ 69.426729360021426, 41.307499501098015 ], [ 69.426345726394473, 41.307335116915539 ], [ 69.426223768416577, 41.307282915339606 ], [ 69.42621732659768, 41.307280156770709 ], [ 69.426134153382165, 41.307244526144899 ], [ 69.426113661013872, 41.307233827911077 ], [ 69.426091136656453, 41.307222022333114 ], [ 69.426063293374213, 41.30720221770369 ], [ 69.425989952219481, 41.307142780836188 ], [ 69.425680848218434, 41.306892202839393 ], [ 69.425264279658236, 41.30655426783175 ], [ 69.425136539224852, 41.306450617145387 ], [ 69.424805227971646, 41.3063465573616 ], [ 69.424805198327235, 41.306346546564718 ], [ 69.42477203342527, 41.306334232021989 ], [ 69.424759404909011, 41.306327917182415 ], [ 69.424737891156255, 41.306317116227596 ] ] ] ] } },
{ "type": "Feature", "properties": { "id": 172, "reg_name": "Toshkent shahri", "reg_kiril": "Тошкент шаҳри", "dist_name": "Sirg‘ali tumani", "dist_kir": "Сирғали тумани", "cad_id": "10:06", "shp_len": 45155.951948855763, "shp_area": 92400200.970917195 }, "geometry": { "type": "MultiPolygon", "coordinates": [ [ [ [ 69.245304450905508, 41.212644045041742 ], [ 69.245187376169454, 41.213427137461622 ], [ 69.245187053674258, 41.213429510755724 ], [ 69.245155597367955, 41.213691707866452 ], [ 69.245140220905242, 41.213779639621947 ], [ 69.245139754679613, 41.213782619063082 ], [ 69.245122354312571, 41.213909095504967 ], [ 69.245097921035153, 41.214063453588771 ], [ 69.245037665639146, 41.21448372597326 ], [ 69.245034041835282, 41.214509010738617 ], [ 69.245018679745627, 41.214611397145809 ], [ 69.244984806072907, 41.214837154302884 ], [ 69.244984442255216, 41.21483989853396 ], [ 69.244965486904391, 41.215003410170212 ], [ 69.244963331846023, 41.215022002776315 ], [ 69.244961296263597, 41.215039562154658 ], [ 69.244956812772017, 41.215078243451714 ], [ 69.244954908343601, 41.215094679718661 ], [ 69.244954246285246, 41.215100983113452 ], [ 69.244953960620975, 41.215103486090776 ], [ 69.244943595859226, 41.215194109483662 ], [ 69.244932963399521, 41.215287224233585 ], [ 69.244411202119579, 41.215060188758798 ], [ 69.243673687966265, 41.214755849731326 ], [ 69.243145516308431, 41.214553078120922 ], [ 69.242987695787733, 41.214486372234575 ], [ 69.242618944550145, 41.214334197846291 ], [ 69.242535999506714, 41.214300065988809 ], [ 69.24206961397411, 41.214107713862852 ], [ 69.241634507779722, 41.213927087669731 ], [ 69.24123826989107, 41.213763173966761 ], [ 69.240837873700926, 41.213599775462001 ], [ 69.240660641485277, 41.21352494386803 ], [ 69.239463127024408, 41.213035232575251 ], [ 69.238933550401484, 41.212812861582478 ], [ 69.238619484106806, 41.212684386106666 ], [ 69.237203237959108, 41.212098856383008 ], [ 69.23642667853197, 41.211773381946152 ], [ 69.235728417163287, 41.211485110688521 ], [ 69.2353315774034, 41.211321059088 ], [ 69.234909480610966, 41.2111508634637 ], [ 69.234737589777964, 41.211075929051304 ], [ 69.234462714284177, 41.21096260954544 ], [ 69.234296300479471, 41.210892136505031 ], [ 69.234229571823548, 41.210864028903437 ], [ 69.233939077321907, 41.210741666895835 ], [ 69.233422504711029, 41.210527869378772 ], [ 69.232873523579642, 41.210302126409609 ], [ 69.232305584402525, 41.210066985637653 ], [ 69.232266343295976, 41.210050768418945 ], [ 69.231548169870734, 41.20975444478794 ], [ 69.23129694701835, 41.20964997402686 ], [ 69.231096328960902, 41.209567230297544 ], [ 69.230945943795817, 41.209505350000391 ], [ 69.230444793461743, 41.209298458598575 ], [ 69.230409406127762, 41.2092831623183 ], [ 69.230056431103193, 41.209137460913382 ], [ 69.229546990217344, 41.208926442506225 ], [ 69.229012283315839, 41.208706239081152 ], [ 69.228581834886199, 41.20852871079083 ], [ 69.228265116764774, 41.208397412791143 ], [ 69.227854813055401, 41.208228478076968 ], [ 69.227527437321456, 41.208093029250634 ], [ 69.227228495961199, 41.207969138078546 ], [ 69.226951669326624, 41.20785443450923 ], [ 69.226609875632391, 41.207715898410754 ], [ 69.22621321014563, 41.207549150267496 ], [ 69.225402493178123, 41.207214222647153 ], [ 69.225134719764966, 41.207107552726349 ], [ 69.223171930513573, 41.206295806740492 ], [ 69.22208106044998, 41.205841813169982 ], [ 69.220285372214505, 41.205103837109789 ], [ 69.219951764867417, 41.204966338707052 ], [ 69.219951564543095, 41.20496597374558 ], [ 69.219892457194049, 41.2050524729298 ], [ 69.219889839503296, 41.205056303668066 ], [ 69.219887222710895, 41.205060135081965 ], [ 69.219886402549037, 41.205061335397886 ], [ 69.219885582387192, 41.205062537065466 ], [ 69.219883561177795, 41.205065493924586 ], [ 69.218394238878332, 41.207244786434892 ], [ 69.21760384090426, 41.208382131168293 ], [ 69.216956302009791, 41.209274910678481 ], [ 69.216945904010387, 41.209289247310643 ], [ 69.216935505112659, 41.209303584615483 ], [ 69.216004985225595, 41.210586475826631 ], [ 69.215864219220592, 41.210780935296462 ], [ 69.215862584286768, 41.210783193125721 ], [ 69.215860949352958, 41.21078545163072 ], [ 69.21585768038365, 41.210789967964615 ], [ 69.21585608767063, 41.210792168351084 ], [ 69.215851225090006, 41.210798885070751 ], [ 69.215846053488917, 41.210806028891653 ], [ 69.215841865543041, 41.210811814365584 ], [ 69.215840882786125, 41.210813172035969 ], [ 69.215836694840291, 41.210818957509268 ], [ 69.215832506894415, 41.210824742982048 ], [ 69.215827395480474, 41.210831803677472 ], [ 69.215825598849875, 41.210834285868579 ], [ 69.215790572638639, 41.210882672694737 ], [ 69.215539533042616, 41.211229463274428 ], [ 69.2150067593156, 41.211965434806601 ], [ 69.214748320296565, 41.212309351642098 ], [ 69.214275562115361, 41.21292338897112 ], [ 69.214006108852629, 41.213295014042387 ], [ 69.213352351819751, 41.214196649237337 ], [ 69.213007935943196, 41.214714953122638 ], [ 69.212829981482045, 41.214963824673781 ], [ 69.212827491352058, 41.214967307495648 ], [ 69.212743878860394, 41.215084240733347 ], [ 69.212590512186864, 41.215298725462048 ], [ 69.211309401403994, 41.217065164458411 ], [ 69.2098890589386, 41.219024502125087 ], [ 69.209332194192285, 41.219732488257357 ], [ 69.209078120087227, 41.220073033064914 ], [ 69.208384481449002, 41.221035907109119 ], [ 69.207920641741964, 41.221701835299399 ], [ 69.207841641200915, 41.2218147253881 ], [ 69.207605189346779, 41.222152605294333 ], [ 69.207583794171654, 41.222183177643757 ], [ 69.207136492448953, 41.222822342352401 ], [ 69.206821622162096, 41.223259243346597 ], [ 69.206266054583054, 41.224030113063371 ], [ 69.205375671422914, 41.225256341034658 ], [ 69.204686246781677, 41.226182327457728 ], [ 69.204345850866034, 41.226608454689078 ], [ 69.203565905688578, 41.227692072618154 ], [ 69.203278673868056, 41.228092974014054 ], [ 69.20300701793623, 41.228508924897909 ], [ 69.202891623948119, 41.228669204025891 ], [ 69.202884720395147, 41.2286787922774 ], [ 69.20288106335363, 41.22868387150983 ], [ 69.20287616304374, 41.2286906782752 ], [ 69.202869525392117, 41.228699897640809 ], [ 69.202868197682108, 41.228701742054284 ], [ 69.20286351476453, 41.228708246144862 ], [ 69.202859166020261, 41.228714286766895 ], [ 69.202845613137583, 41.228733111262933 ], [ 69.202844771416139, 41.228734280066483 ], [ 69.202410427891436, 41.229337565700014 ], [ 69.202223314207671, 41.229594978622359 ], [ 69.201833685224514, 41.230130989426385 ], [ 69.201223833351193, 41.230986452722846 ], [ 69.200609495291303, 41.231831869130502 ], [ 69.199893416737297, 41.232794729468871 ], [ 69.199459109145181, 41.233375344317722 ], [ 69.199170670887256, 41.233760947331014 ], [ 69.198423545658684, 41.234745629147959 ], [ 69.198112732163665, 41.235166165173119 ], [ 69.198088005137166, 41.235199621407553 ], [ 69.197884245671162, 41.23547530620727 ], [ 69.197243267173192, 41.236345878738867 ], [ 69.197062229693998, 41.236588007272601 ], [ 69.196843174613662, 41.236880979653669 ], [ 69.196793984665334, 41.236945472649232 ], [ 69.196771410900539, 41.236975069381039 ], [ 69.19649388986825, 41.237338929140655 ], [ 69.19571385935086, 41.238479451720131 ], [ 69.195712806525336, 41.238480848671216 ], [ 69.19543310528185, 41.238851842157061 ], [ 69.195216680468661, 41.23921407026733 ], [ 69.195063145810181, 41.239577718291109 ], [ 69.195022736893748, 41.239673426677697 ], [ 69.194992346887688, 41.239777173313485 ], [ 69.194954107402665, 41.239907715266547 ], [ 69.194934851116258, 41.239973451559884 ], [ 69.194709685695358, 41.240320777566957 ], [ 69.194694947036467, 41.240343512504367 ], [ 69.194658323620644, 41.240400002274519 ], [ 69.194657200726539, 41.240401072248162 ], [ 69.194656144307785, 41.24040207940137 ], [ 69.194649231771649, 41.240408672843287 ], [ 69.194623377359449, 41.240433326811797 ], [ 69.194830442625701, 41.240563518903159 ], [ 69.195034798573076, 41.240692005134505 ], [ 69.195079612827655, 41.240720160035593 ], [ 69.195674277782786, 41.241093770458932 ], [ 69.196139324825609, 41.241386805051881 ], [ 69.196384044773637, 41.241538051205602 ], [ 69.196653529477402, 41.241705557719321 ], [ 69.19687659643381, 41.241844212986095 ], [ 69.197053666952712, 41.24195520669651 ], [ 69.197383346865337, 41.242161861055195 ], [ 69.197501954127247, 41.242234892853638 ], [ 69.197969467045525, 41.242522756362455 ], [ 69.198531589631187, 41.242875928461586 ], [ 69.198678519875685, 41.242968929495262 ], [ 69.199071080959911, 41.243217400373474 ], [ 69.199477218283008, 41.243471083481779 ], [ 69.199674773983645, 41.24359448051959 ], [ 69.199919669103167, 41.243748417300246 ], [ 69.199927206866718, 41.243753154933088 ], [ 69.200214303041605, 41.243933614315054 ], [ 69.20026817770416, 41.243968360226887 ], [ 69.200438730945692, 41.24407835539116 ], [ 69.201276243759807, 41.244618489231073 ], [ 69.201713443927105, 41.244896990747208 ], [ 69.202536279167802, 41.24542113361715 ], [ 69.203203382470818, 41.245832469787516 ], [ 69.20327534560991, 41.245876842970915 ], [ 69.204229069879091, 41.246478799213165 ], [ 69.20435720826616, 41.246560352749682 ], [ 69.204467038089433, 41.246630254445584 ], [ 69.204622953283376, 41.246729484290753 ], [ 69.205023264133573, 41.24698425875247 ], [ 69.205290601863808, 41.247154402324185 ], [ 69.205995885363038, 41.247597797599965 ], [ 69.206369687827475, 41.247832796679951 ], [ 69.206528774972753, 41.247932781834088 ], [ 69.207714048989544, 41.248677694648308 ], [ 69.209037714764051, 41.249489565716196 ], [ 69.209645699039925, 41.24984153646367 ], [ 69.210218025588901, 41.250172856699116 ], [ 69.210389252566884, 41.250271199784883 ], [ 69.211016907252542, 41.250631685598911 ], [ 69.211359963978055, 41.250832113200417 ], [ 69.211879426469224, 41.251135598139733 ], [ 69.212919325225272, 41.25170308698101 ], [ 69.213094079887355, 41.251798450054459 ], [ 69.213253994380992, 41.251888568068104 ], [ 69.214005500693162, 41.252312058595699 ], [ 69.215084401603931, 41.252902985692529 ], [ 69.215339409956869, 41.253042652522986 ], [ 69.215389572780651, 41.253071185705721 ], [ 69.21598082144277, 41.253412457786922 ], [ 69.216433786145032, 41.253673611895358 ], [ 69.21652801851998, 41.253723447393 ], [ 69.216533279054318, 41.253727922266592 ], [ 69.216533306902065, 41.253727946579225 ], [ 69.216738883659886, 41.253902783147808 ], [ 69.217482425508763, 41.254278571151225 ], [ 69.218213652353427, 41.254613732513342 ], [ 69.218616824337786, 41.254800599237186 ], [ 69.218915248268402, 41.254937778116876 ], [ 69.219623747736378, 41.255258827678404 ], [ 69.219966658934823, 41.255420488453133 ], [ 69.220283701348066, 41.255568635443488 ], [ 69.220671250731286, 41.255749728743226 ], [ 69.22106652382935, 41.255930645280309 ], [ 69.221332230219019, 41.25601799415562 ], [ 69.221863880153649, 41.256261933284058 ], [ 69.221853117438215, 41.256288759191804 ], [ 69.222344254251809, 41.256514160402332 ], [ 69.222866040684607, 41.256756625481636 ], [ 69.222908474403695, 41.256758777049008 ], [ 69.223670411054641, 41.257113946771248 ], [ 69.224107220454798, 41.257317854635133 ], [ 69.224142729959652, 41.257314806269726 ], [ 69.224732688641026, 41.257580212741544 ], [ 69.225262338925816, 41.257809248732812 ], [ 69.22528960459131, 41.25780298254535 ], [ 69.225376704342963, 41.257782965722463 ], [ 69.225822404369495, 41.257986848537321 ], [ 69.226793859585726, 41.258431680271379 ], [ 69.226776184334199, 41.258456285571143 ], [ 69.226991607525846, 41.258549676361987 ], [ 69.227026083069816, 41.258532483201385 ], [ 69.227865190393544, 41.258935126116263 ], [ 69.228220946602264, 41.259090780495903 ], [ 69.228365267240889, 41.259165697027655 ], [ 69.228340720775719, 41.259200740072124 ], [ 69.228521578591895, 41.259283772827374 ], [ 69.228787365829945, 41.259387484276168 ], [ 69.229048246469901, 41.259498650773175 ], [ 69.229158010716176, 41.259566932785731 ], [ 69.229202480915987, 41.25958620354163 ], [ 69.229213300225268, 41.259576502323597 ], [ 69.229382047853093, 41.259701064881348 ], [ 69.229451714, 41.259752490136314 ], [ 69.229418328112473, 41.25979871968606 ], [ 69.229833417147375, 41.259989245807347 ], [ 69.230509448806004, 41.260305824479431 ], [ 69.230981190992637, 41.260526604389611 ], [ 69.231187461249846, 41.260623141723144 ], [ 69.231597098409296, 41.260813329826526 ], [ 69.231802217924638, 41.260908563452745 ], [ 69.232384350483272, 41.261175434170447 ], [ 69.232894368985825, 41.261417877894424 ], [ 69.233220094514579, 41.261566020735664 ], [ 69.233419180944466, 41.261656565549302 ], [ 69.233563473735316, 41.261721050299649 ], [ 69.233950383518064, 41.261863360176328 ], [ 69.233992285434525, 41.261878772457983 ], [ 69.234302544669006, 41.26199578318635 ], [ 69.234500071623572, 41.262065382054871 ], [ 69.234651306594913, 41.262118671202316 ], [ 69.23478028311014, 41.262151317502543 ], [ 69.234972292612255, 41.262199918903875 ], [ 69.235375142999729, 41.262270575015648 ], [ 69.236479619844914, 41.262495736123455 ], [ 69.236479772558525, 41.262495762458592 ], [ 69.238104729686057, 41.262827021889905 ], [ 69.240545661620502, 41.263324620614149 ], [ 69.240732703439036, 41.263398401244487 ], [ 69.24073342029466, 41.263398684174476 ], [ 69.241290439551179, 41.263528562432874 ], [ 69.241922463642382, 41.263661257567406 ], [ 69.241929258499184, 41.263645408145692 ], [ 69.241985078912634, 41.263515191819714 ], [ 69.242439427918711, 41.263631877522613 ], [ 69.242701982120067, 41.263679071956297 ], [ 69.243110881762675, 41.263752570608126 ], [ 69.24341952941954, 41.263782602886906 ], [ 69.243442614325716, 41.263784850107861 ], [ 69.243799903958617, 41.263819613822839 ], [ 69.2442795674894, 41.26384391188148 ], [ 69.244309349336035, 41.263891503206295 ], [ 69.244494884679867, 41.263897063853292 ], [ 69.244611407850329, 41.263919153155896 ], [ 69.245098588483401, 41.26385400343306 ], [ 69.245193838649598, 41.263792813291303 ], [ 69.245512642659108, 41.263737050053926 ], [ 69.245570350432956, 41.263863504142918 ], [ 69.246300208245103, 41.263768129647715 ], [ 69.246521804659409, 41.263758056314536 ], [ 69.247194075071931, 41.263727495981136 ], [ 69.247634237883062, 41.263742931456449 ], [ 69.24784546863728, 41.263758857157434 ], [ 69.248408254179637, 41.263844013168402 ], [ 69.248499937135875, 41.263859958426835 ], [ 69.249456909713089, 41.26402639957459 ], [ 69.250483893390296, 41.264217756064546 ], [ 69.251903783104794, 41.264449941055773 ], [ 69.252393403562181, 41.26449503287818 ], [ 69.252529614210403, 41.26450366851337 ], [ 69.252504519772927, 41.264649659799595 ], [ 69.253567065057297, 41.264845379862102 ], [ 69.253722352328893, 41.264875818805223 ], [ 69.254523142014179, 41.265032787210885 ], [ 69.25482914862414, 41.265092766172877 ], [ 69.254858447177156, 41.265013778702418 ], [ 69.255759072029832, 41.265184521514676 ], [ 69.256853451811253, 41.265441192973178 ], [ 69.257138975036099, 41.265275263205382 ], [ 69.25726106147313, 41.26520500130394 ], [ 69.25777040983246, 41.265747395347461 ], [ 69.257994177474785, 41.265937503706013 ], [ 69.258160452040642, 41.266062218210436 ], [ 69.258338511604677, 41.26617201412386 ], [ 69.258720058445192, 41.266333473680213 ], [ 69.259231719966394, 41.266548088728193 ], [ 69.259645255814192, 41.266721543923708 ], [ 69.259690368309421, 41.266649964879619 ], [ 69.260133085929226, 41.266806812208202 ], [ 69.260306495813353, 41.266870724017181 ], [ 69.26038608295427, 41.266900056014897 ], [ 69.260573764373305, 41.266946537761463 ], [ 69.260569884549582, 41.266963674014676 ], [ 69.261267147889995, 41.26710505012646 ], [ 69.261447871857143, 41.267138888383876 ], [ 69.261456695109885, 41.267123978351115 ], [ 69.261894992120148, 41.267189563698899 ], [ 69.262402644460252, 41.267265526969702 ], [ 69.26260088288052, 41.267322061659897 ], [ 69.262601794670545, 41.267322322290987 ], [ 69.26265557860323, 41.267337551652773 ], [ 69.262711144793414, 41.267353285392694 ], [ 69.262753371001679, 41.267365242006193 ], [ 69.263284948172739, 41.26753006654922 ], [ 69.263284029196214, 41.267546449792611 ], [ 69.263864700195867, 41.267649359478234 ], [ 69.264757535756758, 41.267831217373654 ], [ 69.264948992794942, 41.267833755468551 ], [ 69.265089152437142, 41.267840878203579 ], [ 69.265814032684318, 41.267943446447312 ], [ 69.266020690115411, 41.26798317609407 ], [ 69.266136970740732, 41.26800888445289 ], [ 69.266359752032869, 41.268058138466742 ], [ 69.266506773905533, 41.268094870146463 ], [ 69.266715701379354, 41.268147065273482 ], [ 69.267342923975377, 41.268261420010234 ], [ 69.267657178916252, 41.268319558788008 ], [ 69.268001410638206, 41.268376821105491 ], [ 69.268001577724831, 41.26837684878862 ], [ 69.268001672047959, 41.268376864993414 ], [ 69.268067793442754, 41.268387863311979 ], [ 69.268515398795998, 41.268462320846858 ], [ 69.269302680514372, 41.268616822914886 ], [ 69.269459163443599, 41.268643227151799 ], [ 69.27009243709135, 41.268750082300691 ], [ 69.270813176105051, 41.268896044512189 ], [ 69.27132521491869, 41.26899134534866 ], [ 69.271931967604274, 41.269100895968371 ], [ 69.272452959028044, 41.269195206676294 ], [ 69.272973982791157, 41.269297234666254 ], [ 69.273484728030795, 41.269387703942016 ], [ 69.273800431055918, 41.269447348061526 ], [ 69.274175970862117, 41.269518296114704 ], [ 69.274251526364054, 41.269532570249481 ], [ 69.274368660388888, 41.269552132446243 ], [ 69.274473343763916, 41.269569615061634 ], [ 69.274542090035936, 41.269581095937752 ], [ 69.275207758729465, 41.269705930417665 ], [ 69.275294289847551, 41.269721347600147 ], [ 69.27542902546206, 41.269745354483476 ], [ 69.275429086547504, 41.269745365286468 ], [ 69.275429162904288, 41.269745379465341 ], [ 69.275939966534395, 41.26983639164326 ], [ 69.276439906837808, 41.269932567494841 ], [ 69.276439973313117, 41.269932580323342 ], [ 69.276727280592141, 41.269987848762504 ], [ 69.276896254595414, 41.270020353391423 ], [ 69.276998647266424, 41.27004016593451 ], [ 69.277229813433436, 41.270084896050292 ], [ 69.277594361453808, 41.270200148758711 ], [ 69.277750480565373, 41.270242575726378 ], [ 69.278604671501043, 41.270474711611882 ], [ 69.278793917785322, 41.270526141211263 ], [ 69.279407589295261, 41.270724407298495 ], [ 69.280023210149366, 41.270919228051667 ], [ 69.280640746211645, 41.271110594049162 ], [ 69.280855692397864, 41.271167746566654 ], [ 69.281072633742369, 41.271220467895034 ], [ 69.281291408548327, 41.27126871821001 ], [ 69.281511855119064, 41.271312462412794 ], [ 69.281733808164518, 41.271351668104288 ], [ 69.281957102394699, 41.271386304910123 ], [ 69.28218157072294, 41.271416347856373 ], [ 69.28238136772022, 41.271432775360822 ], [ 69.282581798928106, 41.271444014874561 ], [ 69.282782627191338, 41.271450051546601 ], [ 69.282983612659734, 41.271450879976982 ], [ 69.283184516381453, 41.271446497465298 ], [ 69.283385099404626, 41.271436910086969 ], [ 69.283585123675664, 41.271422129317585 ], [ 69.28378435024274, 41.27140217270793 ], [ 69.28398254284896, 41.271377063209059 ], [ 69.28417946613564, 41.271346831872712 ], [ 69.284374883845899, 41.271311513800569 ], [ 69.284568565112721, 41.271271151520033 ], [ 69.284760279069118, 41.27122579295883 ], [ 69.284949798441218, 41.27117549144495 ], [ 69.285041206512972, 41.271148531216497 ], [ 69.285136895955333, 41.271120308407504 ], [ 69.285136964227306, 41.271120290177883 ], [ 69.28521704903487, 41.2710968131342 ], [ 69.285217154137769, 41.271096782076363 ], [ 69.285357802463494, 41.271055550717392 ], [ 69.285357868938817, 41.271055531812586 ], [ 69.285399914585696, 41.271040979840031 ], [ 69.285542205930057, 41.270991734828151 ], [ 69.285542229286264, 41.270991726726102 ], [ 69.285579901934327, 41.270978688475559 ], [ 69.285579967511353, 41.270978666870029 ], [ 69.285608470156987, 41.270967725702391 ], [ 69.285624929089636, 41.27096140811404 ], [ 69.285785960189173, 41.270899598072106 ], [ 69.285786054512258, 41.270899561612751 ], [ 69.285787428934654, 41.270899034977717 ], [ 69.285787490918381, 41.270899011346664 ], [ 69.285789262396136, 41.27089825785351 ], [ 69.285940556656286, 41.270833976615798 ], [ 69.28594061774173, 41.270833950959158 ], [ 69.285994744830859, 41.270810953861258 ], [ 69.286033549356191, 41.270794467460192 ], [ 69.286225707080305, 41.270705012221299 ], [ 69.286406172332676, 41.270613471916242 ], [ 69.286600855221025, 41.270506103981631 ], [ 69.28665815066816, 41.270471659134387 ], [ 69.286780829094951, 41.270397908777134 ], [ 69.286813369667797, 41.270377052516658 ], [ 69.286925431804548, 41.270305229689228 ], [ 69.2869877290712, 41.270265302952652 ], [ 69.287158832081673, 41.270145142469474 ], [ 69.28719869751734, 41.270117147437993 ], [ 69.287396767952643, 41.269966348921898 ], [ 69.287463117519536, 41.269913709628305 ], [ 69.28746657423676, 41.269910967708874 ], [ 69.287478192148328, 41.269901750780768 ], [ 69.287535289966115, 41.269856454060204 ], [ 69.287648546862201, 41.269766602552934 ], [ 69.287867232734925, 41.26958638872631 ], [ 69.288141815377955, 41.269358539158347 ], [ 69.288142095652333, 41.269358306893309 ], [ 69.288169867069314, 41.269335263362713 ], [ 69.288527746895383, 41.269037681115257 ], [ 69.288830213244779, 41.26878627951195 ], [ 69.289111945579151, 41.268553246362565 ], [ 69.289221414279666, 41.268462353931582 ], [ 69.289221459195417, 41.268462317470913 ], [ 69.289433186718014, 41.268286519904215 ], [ 69.28951307120127, 41.268220191587005 ], [ 69.289935672846894, 41.267870086203082 ], [ 69.290307239404626, 41.267559079552726 ], [ 69.290340555223551, 41.267531193471278 ], [ 69.290553001398379, 41.267353760065141 ], [ 69.290797015270584, 41.267150061115615 ], [ 69.290864173321225, 41.267095553264248 ], [ 69.291049567629557, 41.266945081324899 ], [ 69.291098027247557, 41.266905750098203 ], [ 69.291136308055059, 41.266873306713585 ], [ 69.291153832389639, 41.266858457389539 ], [ 69.291154036307219, 41.266858284534514 ], [ 69.29123873845532, 41.266786506451709 ], [ 69.291417342398432, 41.26663515129129 ], [ 69.291437609289559, 41.266617975114009 ], [ 69.291801219468795, 41.266315576288108 ], [ 69.291904578727056, 41.266229616610673 ], [ 69.292263927298606, 41.265937489526316 ], [ 69.292332097750574, 41.265883942183081 ], [ 69.292366670312589, 41.265856785304621 ], [ 69.292366764635702, 41.265856711705084 ], [ 69.292381006526213, 41.265845525247514 ], [ 69.292550326380862, 41.265716147889037 ], [ 69.292590882620971, 41.265687448047174 ], [ 69.292704024532711, 41.265607380256299 ], [ 69.29279134526989, 41.265547217429621 ], [ 69.292936972058925, 41.265454286347875 ], [ 69.292937054703927, 41.265454233680003 ], [ 69.292954694022868, 41.265442977604806 ], [ 69.292978909009662, 41.265428293386734 ], [ 69.29303361820709, 41.265395117993954 ], [ 69.293033677495899, 41.265395082206759 ], [ 69.29311753522768, 41.265344231289539 ], [ 69.293175280730765, 41.265312907337119 ], [ 69.293271796623216, 41.265260552615565 ], [ 69.293444142902032, 41.265172088463061 ], [ 69.293514627414169, 41.265137177592138 ], [ 69.293514651668687, 41.265137165437949 ], [ 69.293597745832471, 41.265096009317602 ], [ 69.293720128713503, 41.265041397791236 ], [ 69.293808513954332, 41.265001958055613 ], [ 69.293933390558593, 41.264949623341792 ], [ 69.294057850344586, 41.264902391338012 ], [ 69.294130387507153, 41.26487486402236 ], [ 69.294369545086909, 41.264790310991181 ], [ 69.294370597912447, 41.264789938935984 ], [ 69.294562719703947, 41.264729850307461 ], [ 69.294562856247865, 41.264729809117966 ], [ 69.294568378191897, 41.264728230414121 ], [ 69.294747880450302, 41.26467691576471 ], [ 69.294748018790855, 41.264676876600937 ], [ 69.294873872762139, 41.264643731887304 ], [ 69.294960342794781, 41.264620958813737 ], [ 69.294960482931955, 41.264620923026122 ], [ 69.295003889526484, 41.264611464966428 ], [ 69.29514619793882, 41.264580458699811 ], [ 69.29514634077097, 41.264580426963612 ], [ 69.295162492479776, 41.264576908296 ], [ 69.295162555361856, 41.264576894791198 ], [ 69.295191926678385, 41.264570495555823 ], [ 69.295192070408845, 41.264570465170074 ], [ 69.295207275293308, 41.264567696692005 ], [ 69.295524460538701, 41.264509950938908 ], [ 69.295524614150594, 41.264509923929339 ], [ 69.295538114032681, 41.26450746605871 ], [ 69.295538170626557, 41.264507455930094 ], [ 69.295599147369714, 41.264496355672009 ], [ 69.29559930098165, 41.264496330012932 ], [ 69.295874878957989, 41.264458136440574 ], [ 69.295999409710859, 41.264445602639931 ], [ 69.296083386918582, 41.26443715066236 ], [ 69.296132275931285, 41.264432230188874 ], [ 69.296232824361041, 41.264425770167691 ], [ 69.296351121704163, 41.264418169665376 ], [ 69.296390966478583, 41.264415609830017 ], [ 69.296399359438297, 41.264415226968865 ], [ 69.296399389981005, 41.264415225618357 ], [ 69.296585685299576, 41.26440673312247 ], [ 69.296843573651344, 41.264401928112761 ], [ 69.296845597555659, 41.264401890299276 ], [ 69.296917584949298, 41.264400549272082 ], [ 69.29714568965781, 41.264407642671067 ], [ 69.297369615403611, 41.26442009409967 ], [ 69.297470385717247, 41.264425207017524 ], [ 69.297629937291489, 41.264433301119489 ], [ 69.297630372076071, 41.264433323402372 ], [ 69.297630548145889, 41.264433332180495 ], [ 69.297629806137479, 41.264431955366184 ], [ 69.297575551487583, 41.264331295239515 ], [ 69.297611352944898, 41.263788383673578 ], [ 69.297672326094826, 41.263380001336543 ], [ 69.297708467115314, 41.263287099582577 ], [ 69.297720441658058, 41.263278550894015 ], [ 69.297753459236304, 41.263254979871554 ], [ 69.297860528536731, 41.263192635836774 ], [ 69.297999743151237, 41.263117946757951 ], [ 69.298054182854102, 41.263099421849034 ], [ 69.298081624589415, 41.263092034572544 ], [ 69.298081769218172, 41.263091996083077 ], [ 69.298132672253743, 41.263091110150036 ], [ 69.298312706314761, 41.263100135592254 ], [ 69.29868110181954, 41.263118604454931 ], [ 69.299295704882397, 41.2631258978682 ], [ 69.299843137318248, 41.263132391105351 ], [ 69.30021818574599, 41.263133368197025 ], [ 69.300384504329259, 41.263133801034492 ], [ 69.30061621757028, 41.263120285160994 ], [ 69.300740544405599, 41.263102717762528 ], [ 69.300866014796284, 41.263065412684753 ], [ 69.300866161221663, 41.263065369468507 ], [ 69.300967857698353, 41.263011142489553 ], [ 69.301398085142424, 41.262752907712198 ], [ 69.301509137572793, 41.262686250325217 ], [ 69.302060929532715, 41.262387738326304 ], [ 69.30250046891301, 41.262143331159933 ], [ 69.302556621703104, 41.262119549045394 ], [ 69.302605603242284, 41.262106556966877 ], [ 69.302605745176109, 41.262106519827377 ], [ 69.302649995288661, 41.262101219679835 ], [ 69.30269531529477, 41.262101291257828 ], [ 69.30274955018173, 41.262109250595024 ], [ 69.302818309928526, 41.262132092070921 ], [ 69.302971874231417, 41.262218566290542 ], [ 69.303033150113563, 41.262253072213795 ], [ 69.303238836465837, 41.26236889583744 ], [ 69.303792508599628, 41.262666719834314 ], [ 69.304447580766052, 41.262946399715062 ], [ 69.304498352647613, 41.262971006014979 ], [ 69.304848564454375, 41.263140737912309 ], [ 69.305664933621671, 41.263612677511041 ], [ 69.306132746577219, 41.26387099059329 ], [ 69.30671157513224, 41.264190597817937 ], [ 69.307372296803479, 41.264542118649814 ], [ 69.307456257841523, 41.264579443141194 ], [ 69.307631947649853, 41.264657544550055 ], [ 69.307782620275816, 41.26469585212083 ], [ 69.307941171126828, 41.26471703566034 ], [ 69.30821288814407, 41.264655737614092 ], [ 69.30821303007788, 41.264655705877885 ], [ 69.308375177783304, 41.264578601118828 ], [ 69.308469099341195, 41.26451586873474 ], [ 69.30861317833299, 41.264298539289484 ], [ 69.308663929553276, 41.264221984431053 ], [ 69.308917710807592, 41.263858917197652 ], [ 69.309249449658836, 41.263384313488352 ], [ 69.309694396897171, 41.262737665801794 ], [ 69.309773386658406, 41.262622866524339 ], [ 69.310121302371329, 41.26214592012068 ], [ 69.310481198915213, 41.261664726170714 ], [ 69.310513192414021, 41.261621949917298 ], [ 69.310760094369854, 41.26128439556053 ], [ 69.310834154176831, 41.261183141743444 ], [ 69.311154958734477, 41.260708561805323 ], [ 69.311237593859147, 41.260586314677504 ], [ 69.311238316104635, 41.26058524638497 ], [ 69.311248205657591, 41.260570616447467 ], [ 69.310466713581235, 41.260256998149778 ], [ 69.310352526928824, 41.260211173419314 ], [ 69.309434578065861, 41.259835031931374 ], [ 69.30839796265218, 41.259401124500634 ], [ 69.307176010422324, 41.258893989722552 ], [ 69.305868053487174, 41.258347980584219 ], [ 69.304739536826688, 41.257874077637027 ], [ 69.30418502027652, 41.257639010677828 ], [ 69.304039039551256, 41.257577126570993 ], [ 69.303380378615259, 41.257297905194882 ], [ 69.303354469405846, 41.257286921215979 ], [ 69.303185229501281, 41.257214462700304 ], [ 69.30307364347162, 41.257166688226434 ], [ 69.302977365632742, 41.257125467655122 ], [ 69.302973058210952, 41.257123623368422 ], [ 69.302893775598918, 41.257089679299099 ], [ 69.302889634365442, 41.257087905919555 ], [ 69.302889590348016, 41.257087887686019 ], [ 69.302618035925832, 41.256971621142981 ], [ 69.302570145839709, 41.256951117161499 ], [ 69.302506736458767, 41.25692396804866 ], [ 69.302487922143456, 41.256915912859725 ], [ 69.302472768462906, 41.256909424407027 ], [ 69.30240718605728, 41.256881344688594 ], [ 69.302335197765345, 41.256850522490275 ], [ 69.30224351570746, 41.256811268923038 ], [ 69.302059283819091, 41.256732388941415 ], [ 69.302059236208379, 41.256732368681782 ], [ 69.301819624081077, 41.256629777425879 ], [ 69.301798362754951, 41.256620349273554 ], [ 69.301798329517254, 41.256620334416503 ], [ 69.3017983070594, 41.25662032496205 ], [ 69.300792633217355, 41.256188484955253 ], [ 69.300782178624075, 41.256169744002598 ], [ 69.300761734764833, 41.256133094082521 ], [ 69.300787969164389, 41.256082803227315 ], [ 69.300856807064605, 41.255950839606719 ], [ 69.300932864724771, 41.255840057411291 ], [ 69.300969283324719, 41.255793613006198 ], [ 69.301102861010818, 41.255623262320121 ], [ 69.301051747769478, 41.255559540751889 ], [ 69.30103104519543, 41.255533730919311 ], [ 69.301027612732753, 41.255529451340408 ], [ 69.301025388504101, 41.255526679102402 ], [ 69.301024447967976, 41.255525506725924 ], [ 69.30100919008288, 41.255506483969505 ], [ 69.300991700782617, 41.255484679513103 ], [ 69.300985355083469, 41.255476768667826 ], [ 69.300972209137612, 41.255460379019617 ], [ 69.300971908201973, 41.255460003534601 ], [ 69.300971674639996, 41.255459713141533 ], [ 69.300968522451655, 41.255455783380157 ], [ 69.300933109964831, 41.255411634159593 ], [ 69.300869265799292, 41.25533953689331 ], [ 69.300849319606741, 41.255317012474897 ], [ 69.300865078751755, 41.255270816221099 ], [ 69.300931913408903, 41.25507489660351 ], [ 69.300946465218189, 41.255026319614807 ], [ 69.300948331917354, 41.255012625125069 ], [ 69.300945768125501, 41.254906971884878 ], [ 69.300945711531654, 41.254904631837057 ], [ 69.300945622598434, 41.254900993788539 ], [ 69.300944932692303, 41.254872560679857 ], [ 69.300944826691122, 41.254868204744326 ], [ 69.30093699428015, 41.254813170681928 ], [ 69.30090023611703, 41.254713597884958 ], [ 69.30089190334445, 41.254691023275448 ], [ 69.300807701557915, 41.254511064317448 ], [ 69.30078544939002, 41.25446502349795 ], [ 69.300785279608434, 41.254464671644207 ], [ 69.300772389682407, 41.25443800301769 ], [ 69.300769367749808, 41.254426718029983 ], [ 69.300767439965199, 41.254419518868659 ], [ 69.300763404732947, 41.25440444925205 ], [ 69.300751290951354, 41.254359208640167 ], [ 69.300747377889948, 41.254344593516329 ], [ 69.300747326685979, 41.254344403744597 ], [ 69.30076872455605, 41.254258547845467 ], [ 69.3007997532643, 41.254199064766958 ], [ 69.300807230840732, 41.254184730551181 ], [ 69.300821014590426, 41.254158306961017 ], [ 69.300825612168069, 41.254149492341831 ], [ 69.300825966104298, 41.254148814294147 ], [ 69.300827871431011, 41.254145160670554 ], [ 69.300830851142805, 41.254139449266354 ], [ 69.300896454209678, 41.254013684788596 ], [ 69.3010713508056, 41.253724369246704 ], [ 69.301183173990481, 41.253557899142173 ], [ 69.301341190343919, 41.253358239676928 ], [ 69.301452035263438, 41.253205689755134 ], [ 69.301458089908465, 41.253197357211654 ], [ 69.30163194805192, 41.252960555985034 ], [ 69.301810374128607, 41.252688895131051 ], [ 69.301816750370477, 41.252679186810312 ], [ 69.301819846863268, 41.252674472786929 ], [ 69.301829539685173, 41.252659714784855 ], [ 69.301829621431878, 41.252659589842942 ], [ 69.301829657364507, 41.252659529735737 ], [ 69.301829740907806, 41.252659406819937 ], [ 69.301829775043785, 41.252659362246064 ], [ 69.301829795705061, 41.252659330504031 ], [ 69.301830540408417, 41.252658190493499 ], [ 69.301830609578687, 41.252658085137057 ], [ 69.301830669765835, 41.252657993287862 ], [ 69.301830716478207, 41.252657922374894 ], [ 69.301831091973995, 41.252657351018868 ], [ 69.301827762817553, 41.252595205554677 ], [ 69.301827540035376, 41.252591040594858 ], [ 69.301826774670758, 41.252576747898715 ], [ 69.301823589244734, 41.252517272068516 ], [ 69.301819488435456, 41.252440695295562 ], [ 69.301812598357245, 41.25231204373766 ], [ 69.301812696273601, 41.25229433633276 ], [ 69.301813892829571, 41.252078951798232 ], [ 69.3018131193801, 41.251978025446803 ], [ 69.301812470796477, 41.251893311189086 ], [ 69.301811518582284, 41.251769007266603 ], [ 69.301812929835592, 41.251563832641033 ], [ 69.301813222686363, 41.251521255085642 ], [ 69.301812836410789, 41.251483333530011 ], [ 69.301812835512479, 41.251483281526198 ], [ 69.301811003847604, 41.251355081934975 ], [ 69.30180552412439, 41.250971499448269 ], [ 69.301801595791645, 41.25069653175742 ], [ 69.301797829155674, 41.25043285399196 ], [ 69.301795957066588, 41.25030178802718 ], [ 69.301793172289209, 41.250106834170147 ], [ 69.301793075271164, 41.250100073535044 ], [ 69.301790870805462, 41.249945772148621 ], [ 69.301788219877068, 41.249760224085058 ], [ 69.301785581525081, 41.249575542699887 ], [ 69.301785005704971, 41.249526550306761 ], [ 69.301782834476924, 41.24934177235486 ], [ 69.301782778781416, 41.249337025671601 ], [ 69.301782288301254, 41.249295264570065 ], [ 69.301779013942038, 41.249016602819424 ], [ 69.301777352957075, 41.248875219293005 ], [ 69.30177502542216, 41.248677143519558 ], [ 69.301774798148386, 41.248657800654044 ], [ 69.30177479725009, 41.248655502932785 ], [ 69.301774755029257, 41.248564600367814 ], [ 69.301774652621333, 41.248345429366701 ], [ 69.301774600519039, 41.248234754495968 ], [ 69.301774499907722, 41.248019387646558 ], [ 69.301774463975093, 41.247942792768669 ], [ 69.301774451398714, 41.247916037728778 ], [ 69.301774165734443, 41.24730738783645 ], [ 69.301774128005178, 41.247225995981786 ], [ 69.301776415115896, 41.246918704445214 ], [ 69.301777997049115, 41.246706161255055 ], [ 69.301778527055149, 41.246634918248297 ], [ 69.301779181926989, 41.246546862489829 ], [ 69.301779331945639, 41.246526720641178 ], [ 69.301780082038917, 41.246425930253736 ], [ 69.301781321714003, 41.246259441551587 ], [ 69.301781489698968, 41.246236886309873 ], [ 69.301781838245276, 41.246190038600702 ], [ 69.301782611694748, 41.246086060341483 ], [ 69.301783197396318, 41.246007300468882 ], [ 69.301785192554576, 41.2457391033672 ], [ 69.301785582423378, 41.245686734981128 ], [ 69.301785993851794, 41.24563149595717 ], [ 69.301782572168875, 41.245511931134928 ], [ 69.301773121892083, 41.245181761852322 ], [ 69.301770170028036, 41.245078624262383 ], [ 69.301761951341533, 41.244791456236008 ], [ 69.301754940889055, 41.244546509738846 ], [ 69.301751867752444, 41.244439118534167 ], [ 69.301749983087007, 41.244373270555698 ], [ 69.301747028528013, 41.244270045907776 ], [ 69.301743906882407, 41.244160960221315 ], [ 69.301793888246507, 41.24415920270156 ], [ 69.301804767742922, 41.244159243228566 ], [ 69.301865987929517, 41.244159480311353 ], [ 69.301965170920042, 41.244159865317577 ], [ 69.302102875466574, 41.244160398922745 ], [ 69.302105252408822, 41.244160408379052 ], [ 69.302199053592474, 41.244160771770879 ], [ 69.30225372416237, 41.244160983862052 ], [ 69.302379072382152, 41.244161468834832 ], [ 69.302477617568812, 41.244161849788384 ], [ 69.30255345963333, 41.244162144959787 ], [ 69.302762452684149, 41.244161072345925 ], [ 69.302858170872639, 41.244160581294096 ], [ 69.303054064690016, 41.244159576225151 ], [ 69.303630227943572, 41.244156615729665 ], [ 69.303679155583822, 41.244156363786971 ], [ 69.303797859863778, 41.244155753180515 ], [ 69.304268201576889, 41.244153333720007 ], [ 69.304290191436735, 41.24415322091992 ], [ 69.304416473006114, 41.244152571137398 ], [ 69.304438732360524, 41.244152588023617 ], [ 69.305783815768052, 41.244153616733406 ], [ 69.307321559057911, 41.244157739677775 ], [ 69.307680881578307, 41.244153043276683 ], [ 69.30895870183231, 41.244136333326153 ], [ 69.309163823144274, 41.244133649088589 ], [ 69.309170170640073, 41.244133680159251 ], [ 69.310072104338147, 41.244138092872866 ], [ 69.310348963312094, 41.244139447825106 ], [ 69.310363131540754, 41.244139516720992 ], [ 69.31052953636231, 41.24414033131341 ], [ 69.311041189798686, 41.244131088458211 ], [ 69.311106011331276, 41.244129917228157 ], [ 69.311137176583429, 41.244129353902935 ], [ 69.31136284865417, 41.244125276887395 ], [ 69.311906168602604, 41.244081303732081 ], [ 69.312252429618781, 41.244029196092363 ], [ 69.3123416161568, 41.244015774881426 ], [ 69.312741734767513, 41.243921500759555 ], [ 69.312802118622571, 41.243907273712061 ], [ 69.313207292951716, 41.243791549740131 ], [ 69.313366571438095, 41.243746057264588 ], [ 69.313416409970074, 41.24372812463821 ], [ 69.314020659050982, 41.243510707784893 ], [ 69.314827427024497, 41.243179605712761 ], [ 69.315126528284864, 41.242997654855891 ], [ 69.315426077804574, 41.242789825131439 ], [ 69.315625770597279, 41.242651276567997 ], [ 69.315666258565443, 41.242623185317193 ], [ 69.316048486328938, 41.242327794830281 ], [ 69.316582971346591, 41.241857171268364 ], [ 69.31677479938898, 41.241688258804096 ], [ 69.316964658324295, 41.241492758453511 ], [ 69.317081138375599, 41.241372817247367 ], [ 69.317148501242144, 41.241313514948168 ], [ 69.317167823105578, 41.241296505034313 ], [ 69.317172885112186, 41.241292048898131 ], [ 69.317884225053078, 41.240665829394423 ], [ 69.317934477708405, 41.240621589796191 ], [ 69.317943140162683, 41.240613963557323 ], [ 69.318018089301788, 41.240547982706445 ], [ 69.318174433890448, 41.240417119824343 ], [ 69.318586758809218, 41.240071993730687 ], [ 69.318829425208506, 41.239868875053702 ], [ 69.318915335590717, 41.239792736037657 ], [ 69.318931786438498, 41.239778160211465 ], [ 69.319018331929598, 41.239701457726355 ], [ 69.319116494433956, 41.239614461260288 ], [ 69.319167363333548, 41.239569379281107 ], [ 69.319247566718758, 41.239498298718956 ], [ 69.319437228024711, 41.239345569176734 ], [ 69.319753433208078, 41.239090937861114 ], [ 69.319780662042632, 41.239069011739609 ], [ 69.319804677603457, 41.239049818693388 ], [ 69.320139243452914, 41.238782427961247 ], [ 69.320188913999928, 41.23874272986312 ], [ 69.320389845569437, 41.238582142406869 ], [ 69.320397114736707, 41.238576331693572 ], [ 69.32084356665311, 41.238219546693934 ], [ 69.321012988915683, 41.238084151190456 ], [ 69.321042551573413, 41.238060525817012 ], [ 69.321169238282963, 41.237959283287495 ], [ 69.321280178423919, 41.237892995775184 ], [ 69.321351628624981, 41.237850303255428 ], [ 69.321438615188882, 41.237752620368575 ], [ 69.321582090512834, 41.237681035921852 ], [ 69.321716663532285, 41.237613892922525 ], [ 69.321585747554352, 41.237600725739625 ], [ 69.321196118571223, 41.237561540317238 ], [ 69.321051374826098, 41.237548996626792 ], [ 69.320801331461709, 41.237527326684905 ], [ 69.320409805236707, 41.237490296122544 ], [ 69.320232488579393, 41.237475226654269 ], [ 69.319997605183772, 41.237455264399593 ], [ 69.319645149385423, 41.237425309860036 ], [ 69.319483681704682, 41.237411587362288 ], [ 69.319323901958327, 41.237398006045197 ], [ 69.318912944275411, 41.237365049469553 ], [ 69.318912903851256, 41.237365046091952 ], [ 69.318367394708446, 41.237321298740284 ], [ 69.31808638911113, 41.237298763381133 ], [ 69.31790392510726, 41.237279412418808 ], [ 69.317846768000678, 41.237269835561513 ], [ 69.31782747308668, 41.237266602518993 ], [ 69.317740711101621, 41.237252065309612 ], [ 69.317662466942039, 41.237232617058375 ], [ 69.317624836514781, 41.237223263791762 ], [ 69.317510626506206, 41.237175925947206 ], [ 69.317420764435056, 41.237123904672593 ], [ 69.317355879122076, 41.237086342245341 ], [ 69.317295698286273, 41.237035750982045 ], [ 69.317246918868008, 41.236994744009323 ], [ 69.316863565515462, 41.236672471163395 ], [ 69.316720265363045, 41.236552002305409 ], [ 69.316037113657444, 41.235975430371255 ], [ 69.31588274176913, 41.235848995250777 ], [ 69.315195784799997, 41.235286352182364 ], [ 69.315191041695329, 41.235282467144373 ], [ 69.314960079445882, 41.235086051861785 ], [ 69.314800047272968, 41.23494995810956 ], [ 69.314280213777607, 41.234507876753767 ], [ 69.314194559415256, 41.234435950978437 ], [ 69.313533348162167, 41.233880714701556 ], [ 69.312856105574539, 41.233312014494672 ], [ 69.312685524485232, 41.233168771617969 ], [ 69.312459266712921, 41.232978776635555 ], [ 69.3123455597609, 41.232883293543047 ], [ 69.31224887139193, 41.232820828644392 ], [ 69.3121773115964, 41.232785036432539 ], [ 69.311948833188723, 41.232670756722918 ], [ 69.311750531886361, 41.232592154979272 ], [ 69.311659950264698, 41.232556250497687 ], [ 69.311515579320442, 41.232512025677501 ], [ 69.311459658295689, 41.232502675788851 ], [ 69.310596506665064, 41.232358362384517 ], [ 69.310407686182231, 41.232326792919331 ], [ 69.31025264684564, 41.23230231424408 ], [ 69.310145742835246, 41.232285434397177 ], [ 69.31004688772984, 41.232269826648839 ], [ 69.309935457108708, 41.232252232713279 ], [ 69.309555173299472, 41.232192189817347 ], [ 69.309372464055528, 41.232165701936083 ], [ 69.309261042417575, 41.232149548295595 ], [ 69.309226971115493, 41.232141900800997 ], [ 69.309071193363778, 41.232106935795755 ], [ 69.308935300719156, 41.232076433616733 ], [ 69.308758475440314, 41.232036743606109 ], [ 69.308558767376226, 41.231977444320862 ], [ 69.308330736329552, 41.231875757298113 ], [ 69.308376875599222, 41.231621750167726 ], [ 69.308388294084793, 41.231558886822718 ], [ 69.307869061562343, 41.231148053975474 ], [ 69.307773225694561, 41.231072738472449 ], [ 69.307674932934503, 41.23099549341012 ], [ 69.307322644222779, 41.23071863716374 ], [ 69.307285680345473, 41.230689588204029 ], [ 69.307126833050418, 41.230564753466595 ], [ 69.306912334225203, 41.230485945838012 ], [ 69.30668090844506, 41.23040091929257 ], [ 69.306631365458841, 41.230382716821332 ], [ 69.3065305421446, 41.230345674104406 ], [ 69.30647874079375, 41.230326641990125 ], [ 69.306388412496972, 41.230293452823311 ], [ 69.305283347255283, 41.229887416870476 ], [ 69.305239185177612, 41.229871190378176 ], [ 69.304887721119329, 41.229742051190939 ], [ 69.30485981585332, 41.229731797630684 ], [ 69.30485037276307, 41.229728327755815 ], [ 69.304641400373441, 41.229651544566345 ], [ 69.304371850092679, 41.229552502279965 ], [ 69.30416744563631, 41.229477397077623 ], [ 69.303546356737073, 41.229249187342639 ], [ 69.303517705869382, 41.229238660085564 ], [ 69.302687238542035, 41.228933515499918 ], [ 69.302362137342413, 41.228814060655452 ], [ 69.302220842229673, 41.228762138796817 ], [ 69.301755788000349, 41.22859124470601 ], [ 69.301652965934636, 41.228553460504649 ], [ 69.301650166784185, 41.228552432224888 ], [ 69.301169696566262, 41.228375871898223 ], [ 69.301025058822376, 41.228322721426807 ], [ 69.301000857310314, 41.228313828329235 ], [ 69.300860549446085, 41.228262268878048 ], [ 69.300853892929823, 41.22825982315581 ], [ 69.30077789725344, 41.228231896649994 ], [ 69.300460174815541, 41.228115141634007 ], [ 69.299445701975301, 41.22796470758967 ], [ 69.298903818432976, 41.227789897555333 ], [ 69.298836538211432, 41.227768193299767 ], [ 69.298593525062472, 41.227648888340745 ], [ 69.298243448901303, 41.227477021822665 ], [ 69.298143238238083, 41.227427824363481 ], [ 69.297066136652873, 41.226611211938923 ], [ 69.29631458093337, 41.226248114714252 ], [ 69.296157735084762, 41.226172338188306 ], [ 69.295636592744017, 41.225506870365656 ], [ 69.295629935329458, 41.225498369433346 ], [ 69.295438224068036, 41.22530076534855 ], [ 69.295426780429636, 41.225297812106547 ], [ 69.295404862435035, 41.225292156286294 ], [ 69.295408633562573, 41.225281665552536 ], [ 69.295379431129334, 41.225255682280881 ], [ 69.295373663945199, 41.225259715205318 ], [ 69.295344347425896, 41.225240055287578 ], [ 69.295307671009496, 41.225221760167393 ], [ 69.295200520860703, 41.225172719788048 ], [ 69.295176115431062, 41.225161550011038 ], [ 69.29509581233286, 41.225137984829196 ], [ 69.294929586276055, 41.225109615792931 ], [ 69.294830199367979, 41.225095877196914 ], [ 69.294780279987648, 41.225091699673975 ], [ 69.294766269862492, 41.225093888093333 ], [ 69.29473306812956, 41.22510814626191 ], [ 69.294716793351583, 41.225100920222758 ], [ 69.294360513425062, 41.224942707938936 ], [ 69.29425842438458, 41.224923499258978 ], [ 69.294175670682307, 41.224862199681823 ], [ 69.293762013561945, 41.224555790120213 ], [ 69.293662153241698, 41.224373971872417 ], [ 69.293545258168734, 41.224161134424406 ], [ 69.293396010270797, 41.223889388301011 ], [ 69.293167196791529, 41.223444116666535 ], [ 69.293584410342092, 41.223182464722193 ], [ 69.294211821584256, 41.222788987215424 ], [ 69.293611778415524, 41.222493634120298 ], [ 69.293284412563054, 41.222332497287525 ], [ 69.292798904592999, 41.222088165948477 ], [ 69.292760154864908, 41.222068663861485 ], [ 69.292735464669349, 41.222056732065234 ], [ 69.292359085836637, 41.221874844706548 ], [ 69.291962873100815, 41.221660753842635 ], [ 69.291659047600376, 41.221482774214167 ], [ 69.291389853950747, 41.22128325323623 ], [ 69.291098258114559, 41.221014674269554 ], [ 69.290940562459696, 41.220835951650237 ], [ 69.290871714678019, 41.220757924205891 ], [ 69.290856156755623, 41.220740292036524 ], [ 69.290848928012508, 41.220732098600003 ], [ 69.290845768637652, 41.220728518109738 ], [ 69.290743034606834, 41.22061208551537 ], [ 69.290699921761387, 41.22056322411629 ], [ 69.290344055059904, 41.219661786141501 ], [ 69.290334179879991, 41.219563943638811 ], [ 69.29033094055508, 41.21955661563144 ], [ 69.29032483740103, 41.219542808974097 ], [ 69.29026495121262, 41.219407327489236 ], [ 69.290263460907582, 41.219403955719422 ], [ 69.290259643965911, 41.219395320879791 ], [ 69.290235099297419, 41.219339794083282 ], [ 69.290230767621125, 41.219329993642084 ], [ 69.290229979798582, 41.219328211129231 ], [ 69.290206102578352, 41.219281434001729 ], [ 69.290162698678785, 41.219196404373164 ], [ 69.290126965493414, 41.219126401035844 ], [ 69.290104660324914, 41.219082704320051 ], [ 69.290075182108865, 41.219032943085168 ], [ 69.290048132937329, 41.218987282018929 ], [ 69.289933726197688, 41.218794155796381 ], [ 69.28988741085827, 41.218727838715346 ], [ 69.289879783263189, 41.218716917851125 ], [ 69.289876796364865, 41.218712637888132 ], [ 69.289798722885223, 41.218600849263765 ], [ 69.289540712362594, 41.218249956289689 ], [ 69.28935536566496, 41.217969724235573 ], [ 69.289217153570263, 41.217779353306398 ], [ 69.289074121115789, 41.217582342157435 ], [ 69.28897383679076, 41.217423010926488 ], [ 69.288800529314557, 41.217147658820778 ], [ 69.288377051811523, 41.216713680087999 ], [ 69.288370425837954, 41.216706890320687 ], [ 69.288316229578584, 41.2166513497544 ], [ 69.288315701369186, 41.216650807140113 ], [ 69.288156131828643, 41.216487277322543 ], [ 69.288056212219587, 41.216361503225869 ], [ 69.28802561470269, 41.216322988243256 ], [ 69.287910055424533, 41.216177526861884 ], [ 69.287733946102989, 41.21595325217644 ], [ 69.287229524104632, 41.21531086797301 ], [ 69.287191057345865, 41.215271604994442 ], [ 69.286852608977725, 41.214926146124519 ], [ 69.286658847760847, 41.214728370213457 ], [ 69.286417067998769, 41.214472763855071 ], [ 69.285981570138901, 41.214125282271503 ], [ 69.285637412977138, 41.213914613778456 ], [ 69.285413385721696, 41.213765758762698 ], [ 69.28500934326982, 41.213497290161101 ], [ 69.284870795205251, 41.213363776829269 ], [ 69.28456356868314, 41.213013984298719 ], [ 69.284528236146372, 41.212973756290921 ], [ 69.28432803670384, 41.212659648689645 ], [ 69.284293772263979, 41.21260431755617 ], [ 69.284211388667572, 41.212471284906641 ], [ 69.284210021431718, 41.212457342274021 ], [ 69.284187559058026, 41.212228088530217 ], [ 69.284166200713841, 41.212010108051217 ], [ 69.284133095100685, 41.211672237245082 ], [ 69.284094203438769, 41.211194226231662 ], [ 69.284005390599873, 41.21070915980301 ], [ 69.283960793737592, 41.210559466939266 ], [ 69.283923634027559, 41.210481517792445 ], [ 69.283792792609802, 41.210285916682956 ], [ 69.283710541964055, 41.21016295415879 ], [ 69.283639090864682, 41.21005613766566 ], [ 69.283584098697943, 41.209968974699528 ], [ 69.283458173759726, 41.209780130106033 ], [ 69.283218231052388, 41.209420294823126 ], [ 69.282883015720984, 41.209086531743544 ], [ 69.282728127301368, 41.208953794705103 ], [ 69.28258973105207, 41.208835190708783 ], [ 69.282122944870878, 41.208299456796716 ], [ 69.282116653070602, 41.2082922349828 ], [ 69.282079183441809, 41.20824923117965 ], [ 69.28200336024193, 41.208162207053029 ], [ 69.281755194356478, 41.207877380780957 ], [ 69.281696355603685, 41.207809848987473 ], [ 69.28161329737253, 41.207714519725428 ], [ 69.281564795533711, 41.207675502243468 ], [ 69.281547313419964, 41.207661438291673 ], [ 69.281382069221749, 41.207528505751107 ], [ 69.281226046229932, 41.207421586961715 ], [ 69.281206350667347, 41.207408089976113 ], [ 69.280952219070102, 41.207233938670811 ], [ 69.280824496603003, 41.207146412402345 ], [ 69.28058755247207, 41.206984038831003 ], [ 69.280553617713892, 41.20696078406575 ], [ 69.28042973105309, 41.206875885753455 ], [ 69.280386998195027, 41.206846601149209 ], [ 69.280296935799555, 41.20678488115535 ], [ 69.280184682321661, 41.206707952755565 ], [ 69.280156685427514, 41.206688765753569 ], [ 69.279350622631497, 41.206136364214593 ], [ 69.279860029381354, 41.205609978160474 ], [ 69.280219650142413, 41.20523836891055 ], [ 69.280351643200362, 41.205101973106935 ], [ 69.280351742913368, 41.205101869701409 ], [ 69.280355832044563, 41.205097644267539 ], [ 69.280355847315903, 41.205097628722903 ], [ 69.280356326117968, 41.205097133998422 ], [ 69.280356421339349, 41.205097035323853 ], [ 69.280360472741307, 41.205092849089162 ], [ 69.280362110370078, 41.205091156752694 ], [ 69.280363249433861, 41.205089980092175 ], [ 69.280367715857437, 41.205085364690234 ], [ 69.2803717879206, 41.205081156151657 ], [ 69.280404972585515, 41.205046864696108 ], [ 69.280246111815742, 41.20494857116514 ], [ 69.280074757276964, 41.204842546372447 ], [ 69.279960023550586, 41.20477155511653 ], [ 69.279072213165392, 41.204222224055201 ], [ 69.278660713798359, 41.203990679336343 ], [ 69.278172677070785, 41.203716065511813 ], [ 69.278163744223619, 41.203711039085526 ], [ 69.278154060384836, 41.203705590917465 ], [ 69.278144343308441, 41.203700123824696 ], [ 69.27807551978124, 41.203661437151894 ], [ 69.277886704688285, 41.203551254354551 ], [ 69.277847586650964, 41.203528426870498 ], [ 69.277782942086446, 41.203490703210605 ], [ 69.277726048186267, 41.203457503127765 ], [ 69.277504187667276, 41.203328034674172 ], [ 69.27739738157328, 41.20326570713182 ], [ 69.277046050465628, 41.203060683717005 ], [ 69.276853916097735, 41.202948560145906 ], [ 69.276180236228498, 41.202565297141341 ], [ 69.276053845962977, 41.202493392328677 ], [ 69.275701467419751, 41.202292918560552 ], [ 69.275249008469018, 41.202022203550719 ], [ 69.274870312881191, 41.201780015283838 ], [ 69.274720138820228, 41.201684597482306 ], [ 69.274528538949895, 41.201562857023646 ], [ 69.274002269923855, 41.201247463838207 ], [ 69.273589497644039, 41.201004097998052 ], [ 69.273490889575314, 41.200945956094429 ], [ 69.273202190805932, 41.20077574024122 ], [ 69.272667377004908, 41.200480992036624 ], [ 69.271694630011282, 41.200031803014966 ], [ 69.271669734999819, 41.200021114920688 ], [ 69.271546075612733, 41.199968017783348 ], [ 69.27149395086839, 41.199945635823525 ], [ 69.271325570651541, 41.199873338134189 ], [ 69.269780213241319, 41.199209781880072 ], [ 69.26920426378679, 41.198931877908102 ], [ 69.269057099082005, 41.198860866721908 ], [ 69.268881628462594, 41.198735550807292 ], [ 69.268379346251251, 41.198514938627113 ], [ 69.26815080046994, 41.198412355345731 ], [ 69.267596166240494, 41.198163407991487 ], [ 69.266706570004501, 41.197764104210066 ], [ 69.265337705496464, 41.197149652888321 ], [ 69.265075304008718, 41.197025470622656 ], [ 69.26419820693161, 41.196568213509067 ], [ 69.263963522961973, 41.196443015550535 ], [ 69.263888577416111, 41.196403034212729 ], [ 69.263704298815369, 41.196304725671006 ], [ 69.263697035936275, 41.196300272551923 ], [ 69.262625705128457, 41.195643398348956 ], [ 69.26238122592892, 41.195466676180679 ], [ 69.262044015439244, 41.195222919097901 ], [ 69.261998287598033, 41.195189862179156 ], [ 69.261921778983606, 41.195134555477949 ], [ 69.261825349329413, 41.195064850176266 ], [ 69.260985625761421, 41.19443705028133 ], [ 69.260472633835235, 41.194068095651154 ], [ 69.259567962072197, 41.193417423415426 ], [ 69.259282906869601, 41.193212396188478 ], [ 69.259146026976509, 41.193113944955627 ], [ 69.258722869273711, 41.19280958496293 ], [ 69.258626091971507, 41.192717175718911 ], [ 69.258180350622467, 41.192381089261175 ], [ 69.258038422197501, 41.192307300780648 ], [ 69.257460644671355, 41.192006914553289 ], [ 69.257413357354807, 41.191982329528258 ], [ 69.257274219995367, 41.191931509361069 ], [ 69.257113813225004, 41.191857509464967 ], [ 69.257041046992043, 41.191823940474151 ], [ 69.256842371990544, 41.191722776428229 ], [ 69.256702530351959, 41.191651570171288 ], [ 69.256655051694239, 41.191613621320158 ], [ 69.256397332225745, 41.191408426205285 ], [ 69.256397215444764, 41.19140833224202 ], [ 69.256308633472926, 41.191461390355514 ], [ 69.256126801882985, 41.191569964363524 ], [ 69.255970343208261, 41.191663116790039 ], [ 69.255943047898356, 41.191679368309366 ], [ 69.255926815341169, 41.191689033638461 ], [ 69.255556326761791, 41.191909619477336 ], [ 69.255553241947126, 41.191911510219562 ], [ 69.255458369971635, 41.191971294013314 ], [ 69.255436172600994, 41.191985281570446 ], [ 69.254912411671214, 41.192315321345156 ], [ 69.254910634803551, 41.192316466464064 ], [ 69.254785371923731, 41.192398534390534 ], [ 69.254577702989593, 41.192534593666991 ], [ 69.254468238780646, 41.19260631068201 ], [ 69.254367878997115, 41.19267206208211 ], [ 69.254083097780679, 41.192852237263175 ], [ 69.253857090638363, 41.1929948708365 ], [ 69.253563175352127, 41.193176605282396 ], [ 69.253299703970868, 41.193342400421486 ], [ 69.253268373428696, 41.193361559565751 ], [ 69.253239099130212, 41.193379460040447 ], [ 69.252951834970332, 41.193555115075455 ], [ 69.252766689495346, 41.193670431803795 ], [ 69.252387357900318, 41.193902883007119 ], [ 69.252357284999562, 41.193921312617249 ], [ 69.252354805649361, 41.193922868020927 ], [ 69.251991528745108, 41.194157371913079 ], [ 69.251919477571121, 41.194203881747328 ], [ 69.25184301297412, 41.194253242769648 ], [ 69.251653236683836, 41.19438011522314 ], [ 69.25164933350392, 41.194382821106394 ], [ 69.251359217192999, 41.194591760513617 ], [ 69.251354094100961, 41.194595640533457 ], [ 69.251085452016937, 41.19480977536162 ], [ 69.251079022774448, 41.194815260096078 ], [ 69.250822511539994, 41.195051818404259 ], [ 69.250682985210091, 41.195181437069451 ], [ 69.25068028397601, 41.195184021923495 ], [ 69.250417647129652, 41.195443784364976 ], [ 69.250413760119415, 41.195447814395855 ], [ 69.250271616098757, 41.195602731108238 ], [ 69.250188213812834, 41.195693628233848 ], [ 69.249672733553339, 41.196277231644089 ], [ 69.249177487845628, 41.196852014264074 ], [ 69.249174985139248, 41.196855024217342 ], [ 69.248784810878746, 41.197342196816159 ], [ 69.248782424953347, 41.197345176329918 ], [ 69.24878094452977, 41.197347025007289 ], [ 69.248672901455606, 41.197481921534923 ], [ 69.248664830092778, 41.19749199900162 ], [ 69.248656761424883, 41.197502073087051 ], [ 69.248647831272635, 41.197513244883744 ], [ 69.248638979273849, 41.197524319344417 ], [ 69.248627324531327, 41.197538900534511 ], [ 69.248580100995184, 41.197597985684283 ], [ 69.248311165162036, 41.197934435368289 ], [ 69.248309538313066, 41.197936523983131 ], [ 69.248304021758912, 41.197944547913465 ], [ 69.248113233067286, 41.198252961204233 ], [ 69.247995094725951, 41.198443935099618 ], [ 69.247989950074327, 41.198453397329388 ], [ 69.247604650970857, 41.199279568608794 ], [ 69.247602963934781, 41.199283418610577 ], [ 69.247406164615583, 41.199761979637678 ], [ 69.247402905527721, 41.199771380845142 ], [ 69.247329726069736, 41.200029163603986 ], [ 69.24724861897937, 41.200314869591935 ], [ 69.247156011656728, 41.200655768271531 ], [ 69.247124387365474, 41.200772178259697 ], [ 69.247037266054278, 41.201083563652936 ], [ 69.247015182769616, 41.201162494579293 ], [ 69.247014345539796, 41.201165721972188 ], [ 69.246989244814131, 41.201271198490041 ], [ 69.246937936638346, 41.20148679979053 ], [ 69.246937058984315, 41.201490490152302 ], [ 69.246910443699079, 41.201602333023928 ], [ 69.246901985162381, 41.201637875327172 ], [ 69.246887602236342, 41.201698315988047 ], [ 69.246811105300011, 41.201922985595679 ], [ 69.246743763094742, 41.20212529484585 ], [ 69.246690543304069, 41.202279384695309 ], [ 69.246688755656635, 41.202285212827888 ], [ 69.246646741450789, 41.202441889571816 ], [ 69.24664582696586, 41.202445656930109 ], [ 69.246622406988052, 41.202557312302567 ], [ 69.246621612877362, 41.202561667669293 ], [ 69.246576377312905, 41.202853855070039 ], [ 69.246522632007768, 41.203182609281995 ], [ 69.246445003194196, 41.203723450714882 ], [ 69.246368476613455, 41.204261079361913 ], [ 69.246337855740364, 41.204466710668953 ], [ 69.246316057221676, 41.204613101036387 ], [ 69.246281617610308, 41.204844362396919 ], [ 69.246266955308243, 41.204954436231986 ], [ 69.246251599506778, 41.205069728822444 ], [ 69.246215327332237, 41.205342045156826 ], [ 69.246133197060743, 41.205884279906883 ], [ 69.246059265712859, 41.206381002499135 ], [ 69.245985413416747, 41.206898436329283 ], [ 69.245982385195887, 41.206919963684165 ], [ 69.245903370281837, 41.207481806691476 ], [ 69.245869949359985, 41.207706173947955 ], [ 69.245831800604819, 41.207962281848715 ], [ 69.24578111406322, 41.208320053086688 ], [ 69.245768260968148, 41.208410777112185 ], [ 69.245764900370673, 41.208434499704445 ], [ 69.245695687872981, 41.208913062071005 ], [ 69.245633398691169, 41.2093494220697 ], [ 69.245557293420305, 41.209882780719887 ], [ 69.245516572788489, 41.210164146271467 ], [ 69.245483622583848, 41.210391819121398 ], [ 69.245402922430301, 41.210862353611105 ], [ 69.245402441831615, 41.210865527813631 ], [ 69.245399767547028, 41.210885808376105 ], [ 69.245347768566802, 41.211280224531997 ], [ 69.245347269103519, 41.211285156442166 ], [ 69.245346967269569, 41.211289443649072 ], [ 69.245346536976541, 41.211295531833777 ], [ 69.245346534281595, 41.211295559541099 ], [ 69.245334778927813, 41.211461451374795 ], [ 69.245322743299624, 41.211631306946693 ], [ 69.245321667117906, 41.211668455550708 ], [ 69.245317000370022, 41.211842501118745 ], [ 69.245316142478927, 41.211874516354122 ], [ 69.245316116427773, 41.211877259357898 ], [ 69.245319795927188, 41.212250546031186 ], [ 69.245317838498181, 41.212554497330608 ], [ 69.245317308492162, 41.212558039749048 ], [ 69.245304450905508, 41.212644045041742 ] ] ] ] } },
{ "type": "Feature", "properties": { "id": 173, "reg_name": "Toshkent shahri", "reg_kiril": "Тошкент шаҳри", "dist_name": "Chilonzor tumani", "dist_kir": "Чилонзор тумани", "cad_id": "10:03", "shp_len": 43715.959016480803, "shp_area": 54002722.079521075 }, "geometry": { "type": "MultiPolygon", "coordinates": [ [ [ [ 69.253798977724301, 41.304276572817294 ], [ 69.253782980525713, 41.304248066735191 ], [ 69.25369185901657, 41.304253395852434 ], [ 69.253686139443147, 41.304224421429353 ], [ 69.253671942468387, 41.304152506958211 ], [ 69.253652330449128, 41.304053166643037 ], [ 69.25362724858806, 41.30392611760405 ], [ 69.253602268236662, 41.303799584564636 ], [ 69.25359598362293, 41.303767752021933 ], [ 69.253566951869558, 41.303620694259358 ], [ 69.253548831951974, 41.303528908593094 ], [ 69.25351635695614, 41.303388216029497 ], [ 69.253429989331465, 41.303284684480616 ], [ 69.253285727981662, 41.303176531468772 ], [ 69.253274800874564, 41.303168340270268 ], [ 69.253111932720273, 41.303073259397273 ], [ 69.253018780120257, 41.303018878047794 ], [ 69.252714817177562, 41.302678911255263 ], [ 69.252688227045184, 41.302649171533645 ], [ 69.252495762995551, 41.302419925731819 ], [ 69.252353022493523, 41.302346152089584 ], [ 69.252230101521633, 41.302316786756911 ], [ 69.251983318143417, 41.302332144272818 ], [ 69.251727768106306, 41.302303069118551 ], [ 69.251471961151083, 41.302207316183861 ], [ 69.251299478328306, 41.302063223570599 ], [ 69.251042863787617, 41.301756324368483 ], [ 69.250796530465379, 41.301567940660625 ], [ 69.250477814490736, 41.301398235794323 ], [ 69.250241823472351, 41.301272428722086 ], [ 69.249959973458701, 41.301180806441018 ], [ 69.249483787306374, 41.301034640410208 ], [ 69.249219036724142, 41.300894567388333 ], [ 69.249098809799776, 41.300778900526446 ], [ 69.248889215775989, 41.300594849333848 ], [ 69.248883525847006, 41.300589852626544 ], [ 69.248722404017641, 41.300448364802079 ], [ 69.248379236799323, 41.30014701555956 ], [ 69.247374026487961, 41.299641687419054 ], [ 69.246180217577674, 41.299072095188286 ], [ 69.24603495460633, 41.299002786155221 ], [ 69.245966355657998, 41.298970055026828 ], [ 69.245897755811299, 41.298937323882008 ], [ 69.245266683934332, 41.298642323735166 ], [ 69.243554135676675, 41.297790258942804 ], [ 69.243032716654838, 41.297587623453232 ], [ 69.242809707190602, 41.297516748429722 ], [ 69.242477052956076, 41.297411026961441 ], [ 69.242013205164184, 41.297348808007385 ], [ 69.242024231085949, 41.297213761830008 ], [ 69.242024236475871, 41.29721369771444 ], [ 69.242024278696675, 41.297213184114874 ], [ 69.242024291273097, 41.29721303563668 ], [ 69.242024290374758, 41.29721300796573 ], [ 69.242024293069719, 41.297212972195986 ], [ 69.242024299357936, 41.297212891882765 ], [ 69.242035374687049, 41.297077260958609 ], [ 69.242037312353119, 41.297030169633857 ], [ 69.242048679634735, 41.296754067670321 ], [ 69.242052283675648, 41.296614128535182 ], [ 69.242020132073336, 41.296443368044386 ], [ 69.24200599438737, 41.296303011822978 ], [ 69.242021835279104, 41.296191370089019 ], [ 69.242057327715983, 41.296066414836261 ], [ 69.242044885150989, 41.296008541041779 ], [ 69.242018814244787, 41.295942210523499 ], [ 69.241887478753611, 41.295721201447265 ], [ 69.241763987351533, 41.295532540463412 ], [ 69.241652628595645, 41.295278003311317 ], [ 69.241605377211712, 41.295143918660351 ], [ 69.241506170864994, 41.295058399199476 ], [ 69.241388688293824, 41.294988790959529 ], [ 69.241233776518001, 41.294927299963298 ], [ 69.241043300440111, 41.294887270176382 ], [ 69.240805900863336, 41.294886243615537 ], [ 69.240717612640609, 41.294875559552402 ], [ 69.240637620359493, 41.294857530951226 ], [ 69.240572442195727, 41.294819245129482 ], [ 69.24051555907532, 41.294737330025548 ], [ 69.240449072066198, 41.294586985248102 ], [ 69.240290593080374, 41.29423170079793 ], [ 69.240201192743299, 41.293961470393327 ], [ 69.240096290179395, 41.293817219850169 ], [ 69.239855132949799, 41.293684367331927 ], [ 69.239530438686984, 41.293540573784576 ], [ 69.238750633646717, 41.292843927839222 ], [ 69.238341251608801, 41.292370620170693 ], [ 69.237951977460227, 41.292023219268557 ], [ 69.237820721020796, 41.291880519538132 ], [ 69.237778481337799, 41.291821957623732 ], [ 69.237770948065844, 41.291811513343369 ], [ 69.237728286174686, 41.291732711416749 ], [ 69.237684438507358, 41.291626753787561 ], [ 69.237654812069295, 41.291330245110395 ], [ 69.237692279901466, 41.290838368248799 ], [ 69.237764261006888, 41.290373326582269 ], [ 69.237929403695418, 41.289865491453419 ], [ 69.237967792300779, 41.289617221647632 ], [ 69.237893288726085, 41.289387706620644 ], [ 69.237705072809419, 41.288950984472933 ], [ 69.237559505309193, 41.288423417039333 ], [ 69.237460300759111, 41.288153205099299 ], [ 69.237228455465754, 41.287872152930603 ], [ 69.237001180800576, 41.287496630470869 ], [ 69.236843047666156, 41.28722654024336 ], [ 69.236670476808513, 41.287037973493369 ], [ 69.23641962046878, 41.286931063904269 ], [ 69.236075430967659, 41.286816935599958 ], [ 69.235760615478029, 41.286676815169947 ], [ 69.235489866844645, 41.286499562053997 ], [ 69.235332299648888, 41.286385050262624 ], [ 69.235223902638509, 41.286286642754838 ], [ 69.235130034979491, 41.286131253011192 ], [ 69.235093347783305, 41.28600121316174 ], [ 69.235057970330772, 41.28589339667473 ], [ 69.235005686584614, 41.285693467510242 ], [ 69.234967784866143, 41.285395346913305 ], [ 69.234955642338448, 41.285229509038004 ], [ 69.234790365800905, 41.285100811368658 ], [ 69.234772576463342, 41.284819676523924 ], [ 69.234738670451236, 41.284283849038871 ], [ 69.234895045582633, 41.284258319898221 ], [ 69.234862480755282, 41.284104600089904 ], [ 69.234846400013382, 41.283728642147224 ], [ 69.23483319927027, 41.283471218358038 ], [ 69.23483316693094, 41.283471033396232 ], [ 69.234800628154701, 41.283289771255703 ], [ 69.234775696312298, 41.283150823232475 ], [ 69.234773345421232, 41.283105520854384 ], [ 69.234777707640234, 41.283060149589957 ], [ 69.234789915744955, 41.283008338337829 ], [ 69.234793175731113, 41.282960471352197 ], [ 69.234785176233501, 41.282915723732017 ], [ 69.234771547892336, 41.282857615504668 ], [ 69.234764437726838, 41.282811531215202 ], [ 69.234774510536127, 41.282725593932732 ], [ 69.234793856654079, 41.282665305120041 ], [ 69.234801618098146, 41.282599902732372 ], [ 69.234795019972395, 41.282410001531318 ], [ 69.234737926646204, 41.282236940397603 ], [ 69.234656088327171, 41.28199467793646 ], [ 69.234611216580419, 41.281822313038482 ], [ 69.234617772485365, 41.281596334921907 ], [ 69.234619110076807, 41.281514551053966 ], [ 69.234621801429427, 41.281349987964703 ], [ 69.234604261823492, 41.281251859091547 ], [ 69.234554837414876, 41.281163055446235 ], [ 69.234463744651819, 41.281094710283355 ], [ 69.234384940841835, 41.281054551846871 ], [ 69.234271878880151, 41.280996936787574 ], [ 69.234134095281874, 41.280917572292537 ], [ 69.233937279793011, 41.280808695646087 ], [ 69.233749651374595, 41.280694242050153 ], [ 69.233474109330857, 41.28054107078183 ], [ 69.233240425186082, 41.280421152662861 ], [ 69.233026228194817, 41.280256743434236 ], [ 69.232876059523718, 41.280145918086824 ], [ 69.232743302897774, 41.2801148699169 ], [ 69.232614971372882, 41.280110703336682 ], [ 69.232436192258305, 41.280115078515898 ], [ 69.232237733750821, 41.280111744306701 ], [ 69.232082365630816, 41.280102844080176 ], [ 69.231936872690795, 41.280061065520442 ], [ 69.231792886225463, 41.280003624429519 ], [ 69.231712301954602, 41.279948853902582 ], [ 69.231637643869661, 41.279881616624927 ], [ 69.231555597141508, 41.279764718283587 ], [ 69.231427412042024, 41.279620507234846 ], [ 69.231304341051455, 41.279533702318098 ], [ 69.231161185527796, 41.279495094264568 ], [ 69.230804825651205, 41.279397644438411 ], [ 69.230335387643294, 41.27926152416719 ], [ 69.23015558175436, 41.279214606981206 ], [ 69.230023218590503, 41.279162131090111 ], [ 69.22999805677938, 41.279141862255784 ], [ 69.22999355621981, 41.279138235683746 ], [ 69.229855786096252, 41.279027256542015 ], [ 69.229695695532868, 41.278884957745341 ], [ 69.229517285625846, 41.278594523038159 ], [ 69.229406222415676, 41.278429901278734 ], [ 69.229221399435858, 41.27823579221441 ], [ 69.229022035426567, 41.278095423824574 ], [ 69.228805114743324, 41.277974842989565 ], [ 69.228595718348899, 41.277824002540342 ], [ 69.228302639394201, 41.277563427027054 ], [ 69.227846396739508, 41.277156854399379 ], [ 69.227560785479739, 41.276924044885369 ], [ 69.227174245802885, 41.276613643060351 ], [ 69.226900014401153, 41.276400048794464 ], [ 69.226698476468854, 41.276236737304906 ], [ 69.226434950290354, 41.275998325736182 ], [ 69.226169035491523, 41.275778440689699 ], [ 69.225981339699459, 41.27563619219552 ], [ 69.225927065286584, 41.275560359511381 ], [ 69.225855501897811, 41.275454925847228 ], [ 69.225790934588431, 41.275242052877303 ], [ 69.225615092066533, 41.27479787575799 ], [ 69.225545013592907, 41.274606148570008 ], [ 69.225488632630714, 41.274435098903716 ], [ 69.225171190467194, 41.273988688327719 ], [ 69.225168927611008, 41.273985507062534 ], [ 69.225113344352792, 41.273907338494951 ], [ 69.224942807280925, 41.273667514117733 ], [ 69.224824495564761, 41.273530684470536 ], [ 69.224738193517084, 41.273421574053209 ], [ 69.224656062347293, 41.273275413338581 ], [ 69.224586846256344, 41.273136635737046 ], [ 69.224448519177315, 41.272890566743833 ], [ 69.224327843095296, 41.272779670825543 ], [ 69.224185033422998, 41.272657705555055 ], [ 69.223980906546046, 41.272552529838279 ], [ 69.223882402681895, 41.272463816305162 ], [ 69.223682066695446, 41.272210457779344 ], [ 69.223548973201275, 41.272056986409453 ], [ 69.223374099961546, 41.271890630547453 ], [ 69.223290220670194, 41.271770400813217 ], [ 69.22325051782957, 41.271646383855078 ], [ 69.223180977446802, 41.271411291524934 ], [ 69.223059668950825, 41.271113327140931 ], [ 69.22293124849277, 41.2708894623728 ], [ 69.22284955031094, 41.27068773313767 ], [ 69.222768013825871, 41.270534161637819 ], [ 69.222657139261912, 41.270415836783599 ], [ 69.22252171553788, 41.270297558977468 ], [ 69.222442643131629, 41.270145833179541 ], [ 69.222293457217432, 41.269980047027971 ], [ 69.222220137622273, 41.269866585193569 ], [ 69.222121640046339, 41.269777870711309 ], [ 69.221974163626143, 41.269724442649363 ], [ 69.221888068190992, 41.26967274774568 ], [ 69.221793433370735, 41.269584622437982 ], [ 69.221755081596314, 41.26954890842805 ], [ 69.221700810776738, 41.269471220683258 ], [ 69.221702315454849, 41.269388788295103 ], [ 69.221738796038537, 41.269292081618524 ], [ 69.221778302148095, 41.269156202247075 ], [ 69.221765695191394, 41.269058061117974 ], [ 69.22171388575569, 41.268982222142533 ], [ 69.221544138303003, 41.268875122278111 ], [ 69.221394001072895, 41.268760576185571 ], [ 69.22129043430381, 41.268623714647255 ], [ 69.221193957038935, 41.26840534353834 ], [ 69.22113397203583, 41.268088737960689 ], [ 69.221009015481499, 41.267644572937741 ], [ 69.220948952324974, 41.267274134554846 ], [ 69.220869905969877, 41.267127965478657 ], [ 69.220697253365501, 41.266885661116362 ], [ 69.220618217790175, 41.266743196081279 ], [ 69.220529453460344, 41.26662667799016 ], [ 69.220293083352885, 41.266415983524752 ], [ 69.220017445189427, 41.266207213436381 ], [ 69.219878091336042, 41.266107362937362 ], [ 69.219709942884492, 41.266011471122006 ], [ 69.219572268880697, 41.265885892907946 ], [ 69.219536877055134, 41.265853610395496 ], [ 69.219553620753729, 41.265842397603592 ], [ 69.219489692146524, 41.265789268147223 ], [ 69.219507699774709, 41.265776932443295 ], [ 69.219511780821051, 41.265774137007327 ], [ 69.219475633512317, 41.265744096191305 ], [ 69.219389450042272, 41.265672471510705 ], [ 69.219349316908648, 41.265641940432772 ], [ 69.219311539157687, 41.265604228967952 ], [ 69.219265125003588, 41.265557897517041 ], [ 69.218982005670441, 41.26526467422795 ], [ 69.218530837598777, 41.264861732718259 ], [ 69.218384021440329, 41.264758795005818 ], [ 69.218521933497684, 41.264496905316804 ], [ 69.218531265196859, 41.264402204286043 ], [ 69.218528192060262, 41.26432036173604 ], [ 69.218485123232284, 41.2641738301947 ], [ 69.218476828188955, 41.264124335565235 ], [ 69.218487197442286, 41.264054185191078 ], [ 69.218524821581312, 41.263964294637724 ], [ 69.21855563379556, 41.263903754185449 ], [ 69.218567040603034, 41.263817236280538 ], [ 69.218560819769706, 41.263719026354146 ], [ 69.218530826818977, 41.263556803378982 ], [ 69.218512766190202, 41.263293828466566 ], [ 69.218489951676943, 41.263077167507205 ], [ 69.218462820758702, 41.26285403147201 ], [ 69.218321500493161, 41.262432002352668 ], [ 69.21819796597191, 41.262191454480913 ], [ 69.217960995789866, 41.261977052003154 ], [ 69.217756499705345, 41.261747767948179 ], [ 69.217573144572683, 41.261517185219077 ], [ 69.217501632387879, 41.261445093341635 ], [ 69.217272130799088, 41.261269241092755 ], [ 69.217210042839895, 41.261191732573266 ], [ 69.217130130508863, 41.261059014863541 ], [ 69.216981629110919, 41.26087407842796 ], [ 69.216836105628161, 41.260661351719321 ], [ 69.216648675737403, 41.260394991439753 ], [ 69.216463771010865, 41.260148998000922 ], [ 69.216320423247751, 41.25985106730662 ], [ 69.216089599338858, 41.259455672539403 ], [ 69.215901040265777, 41.259132672420471 ], [ 69.215822823953971, 41.259026438337052 ], [ 69.215753149722232, 41.258912794046765 ], [ 69.215678220346078, 41.258685504197707 ], [ 69.215621080307457, 41.258420646510736 ], [ 69.21552690901791, 41.258146700171451 ], [ 69.215425570969032, 41.257932037252559 ], [ 69.215336648535683, 41.257761340982817 ], [ 69.215249991653494, 41.25754889789583 ], [ 69.215241378606549, 41.257525827912374 ], [ 69.215175100006576, 41.25739482615127 ], [ 69.215152440901846, 41.257350037369029 ], [ 69.215057804284953, 41.257240555500822 ], [ 69.214972612555002, 41.257133851021528 ], [ 69.214917759627127, 41.257077279147467 ], [ 69.214828131117955, 41.25697843914422 ], [ 69.21471823032779, 41.256857241907667 ], [ 69.214669556012424, 41.256793217649729 ], [ 69.214523489947254, 41.256601078993235 ], [ 69.214318885166563, 41.256329189487033 ], [ 69.214192982686228, 41.256107162917878 ], [ 69.214114530117499, 41.255946169040428 ], [ 69.214072267078322, 41.255781404402043 ], [ 69.214034918722106, 41.25561848097604 ], [ 69.214027166261189, 41.255499030326909 ], [ 69.214043693465797, 41.25529896416532 ], [ 69.214067744060884, 41.255140354258188 ], [ 69.214105136434597, 41.255023079346699 ], [ 69.214132012231246, 41.254918541107045 ], [ 69.214152660906379, 41.254845903025277 ], [ 69.214213281018402, 41.254619825443996 ], [ 69.214349683007768, 41.254300996652077 ], [ 69.214525443782975, 41.25400987650282 ], [ 69.214652362257922, 41.253909778410723 ], [ 69.214795977719021, 41.253804927053139 ], [ 69.21489293019269, 41.253721903541319 ], [ 69.215094614550367, 41.253533248774616 ], [ 69.215166568706337, 41.25342802199134 ], [ 69.215243009048777, 41.253298004783709 ], [ 69.215309272377411, 41.25316554657914 ], [ 69.215389348201839, 41.253071446393676 ], [ 69.215389570984016, 41.253071185705721 ], [ 69.215339407261951, 41.253042652522986 ], [ 69.215084399807253, 41.25290298636785 ], [ 69.214005497998244, 41.25231205927102 ], [ 69.213253992584356, 41.251888568743489 ], [ 69.213094077192437, 41.251798450729844 ], [ 69.212919322530311, 41.251703087656402 ], [ 69.211879424672588, 41.251135598815118 ], [ 69.211359962181433, 41.250832113875809 ], [ 69.211016904557582, 41.250631686274254 ], [ 69.210389250770262, 41.250271200460283 ], [ 69.210218022893955, 41.250172857374523 ], [ 69.209645696344964, 41.249841537139027 ], [ 69.20903771206909, 41.249489565716196 ], [ 69.207714046294598, 41.248677694648308 ], [ 69.206528772277792, 41.247932782509508 ], [ 69.206369686030854, 41.247832797355379 ], [ 69.205995882668105, 41.247597798275393 ], [ 69.205290599168848, 41.247154402999605 ], [ 69.205023262336937, 41.246984259427848 ], [ 69.204622951486755, 41.246729484966181 ], [ 69.204467037191108, 41.246630253770199 ], [ 69.204357206469538, 41.246560352749682 ], [ 69.204229068980766, 41.246478799213165 ], [ 69.203275344711614, 41.245876842970915 ], [ 69.203203380674211, 41.245832469112123 ], [ 69.202536278269477, 41.24542113361715 ], [ 69.201713443028794, 41.244896990747208 ], [ 69.201276242861468, 41.244618489231073 ], [ 69.20043872914907, 41.24407835539116 ], [ 69.200268176805835, 41.243968360226887 ], [ 69.200214302143308, 41.243933614315054 ], [ 69.199927205968379, 41.243753154933088 ], [ 69.199674772187009, 41.24359448051959 ], [ 69.199477217384711, 41.243471083481779 ], [ 69.199071080061586, 41.243217400373474 ], [ 69.198678518079049, 41.242968929495262 ], [ 69.198531588732862, 41.242875928461586 ], [ 69.197969465248917, 41.242522756362455 ], [ 69.197501953228951, 41.242234892853638 ], [ 69.197383345967054, 41.242161861055195 ], [ 69.197053666054373, 41.24195520669651 ], [ 69.196876595535471, 41.241844212986095 ], [ 69.196653527680766, 41.241705557719321 ], [ 69.196384043875298, 41.241538051205602 ], [ 69.196139323028987, 41.241386805051881 ], [ 69.195674276884489, 41.24109376978344 ], [ 69.195079611929344, 41.240720160035593 ], [ 69.195034797674751, 41.240692005134505 ], [ 69.194830441727404, 41.240563518903159 ], [ 69.194623376461152, 41.240433326811797 ], [ 69.194649229975028, 41.240408672843287 ], [ 69.19465614251115, 41.240402080076869 ], [ 69.194658321824008, 41.240400002274519 ], [ 69.194598613502038, 41.240366704739749 ], [ 69.194559049900306, 41.240342377682836 ], [ 69.194543846812422, 41.24033302958965 ], [ 69.194453516719022, 41.240275467083968 ], [ 69.194446469435633, 41.240270976428214 ], [ 69.194408720430772, 41.24024692020717 ], [ 69.194265976335487, 41.240158445817549 ], [ 69.194181505054345, 41.240104658480057 ], [ 69.19416900230226, 41.24009669916353 ], [ 69.194167207468283, 41.240095581224978 ], [ 69.194060097743701, 41.240029927464569 ], [ 69.194024731070968, 41.240007378853988 ], [ 69.194024018706941, 41.24000692424756 ], [ 69.193945754784451, 41.239957031002618 ], [ 69.19382867016698, 41.239883869665839 ], [ 69.193720263275111, 41.239816507367273 ], [ 69.193625446995171, 41.239758429003921 ], [ 69.193496511802437, 41.239675253894191 ], [ 69.193494065689933, 41.23967372592243 ], [ 69.193393723872688, 41.239612555684523 ], [ 69.19326143886228, 41.239531186669197 ], [ 69.19314838857872, 41.23946161985684 ], [ 69.192999873706057, 41.239368544255534 ], [ 69.192838738401974, 41.239268791203415 ], [ 69.192715232626796, 41.2391913058905 ], [ 69.192649327725974, 41.239148899280352 ], [ 69.192647211295181, 41.239147576648698 ], [ 69.192502761299181, 41.239059089962858 ], [ 69.192389656218367, 41.238987083406592 ], [ 69.192387630517416, 41.238985826295405 ], [ 69.192260089510015, 41.238907972497444 ], [ 69.192118510529667, 41.238818482362625 ], [ 69.191962397706305, 41.238722599794592 ], [ 69.191839278206729, 41.238645109105626 ], [ 69.191702906760099, 41.238558078809071 ], [ 69.191701071501953, 41.238556931797405 ], [ 69.191534011808571, 41.238454487631671 ], [ 69.191325457135576, 41.238323838071956 ], [ 69.191136357276704, 41.238205223833518 ], [ 69.190940324220435, 41.238082858259752 ], [ 69.190738336232172, 41.237955771967464 ], [ 69.190636863436012, 41.23789321666839 ], [ 69.190520465131385, 41.237820665713514 ], [ 69.190468497592178, 41.237786403579705 ], [ 69.190465132503135, 41.2377842601692 ], [ 69.190354821182893, 41.237717144972088 ], [ 69.190212970911318, 41.237630024271702 ], [ 69.190046124118652, 41.237524882660338 ], [ 69.189935491201524, 41.237455304930698 ], [ 69.189764681041822, 41.237347976380171 ], [ 69.189628475783493, 41.237262323770061 ], [ 69.18948114309373, 41.237168220945769 ], [ 69.189293837170467, 41.237045183311665 ], [ 69.189214665051253, 41.236992547206498 ], [ 69.189134399682303, 41.236939186221456 ], [ 69.188994871555721, 41.236844208802331 ], [ 69.188943068408236, 41.236807884452702 ], [ 69.18883997505128, 41.236735600477132 ], [ 69.188756139777396, 41.236676853982075 ], [ 69.188715427230406, 41.236648324448218 ], [ 69.18853364235288, 41.236512402155306 ], [ 69.188371175745544, 41.236387448159533 ], [ 69.188340696806264, 41.236364347059698 ], [ 69.188308316133515, 41.236339803694392 ], [ 69.188203465671876, 41.236260336278228 ], [ 69.188076884065197, 41.236156069980055 ], [ 69.187985617927296, 41.236080721065676 ], [ 69.187889533226183, 41.236000404863994 ], [ 69.187727388215677, 41.235859409304524 ], [ 69.187630326147584, 41.235774064814947 ], [ 69.187536417166072, 41.235689722035445 ], [ 69.187440695384353, 41.235601558979738 ], [ 69.187354765239206, 41.235520303190256 ], [ 69.187229449358782, 41.235402222269663 ], [ 69.187155727318341, 41.235332346393662 ], [ 69.187032754244157, 41.235211958157471 ], [ 69.186958754624328, 41.235138492243721 ], [ 69.186916072071909, 41.235096110701363 ], [ 69.186833659729416, 41.235014843474893 ], [ 69.186709798221429, 41.234893334599811 ], [ 69.186602462121371, 41.234784602785808 ], [ 69.18654716452744, 41.234729069465722 ], [ 69.186419824742657, 41.234601354472566 ], [ 69.186352341501873, 41.234532199226855 ], [ 69.186350275376711, 41.234530134073353 ], [ 69.186245530916281, 41.234428009211449 ], [ 69.186173456386101, 41.234355436170503 ], [ 69.186082674440087, 41.234264348878028 ], [ 69.185998793352127, 41.23418017844314 ], [ 69.185877225243061, 41.23405990765805 ], [ 69.185750116325281, 41.233932299446373 ], [ 69.185617812450246, 41.233800319458794 ], [ 69.185523301597513, 41.233706692647417 ], [ 69.185431626726157, 41.233617294022864 ], [ 69.185343547810859, 41.233526103016843 ], [ 69.185340869933, 41.233523420370148 ], [ 69.185244221089889, 41.233429620218701 ], [ 69.185149672507919, 41.233332640064965 ], [ 69.185079119723824, 41.233262640375479 ], [ 69.185062936573971, 41.233246582260335 ], [ 69.185042286102231, 41.233226093802152 ], [ 69.185019162568494, 41.233202983478336 ], [ 69.184952079976355, 41.233135940591467 ], [ 69.184853689299899, 41.233035919961729 ], [ 69.184743661847264, 41.232926372352708 ], [ 69.18471461122931, 41.232897300729213 ], [ 69.184660936891063, 41.232843591862085 ], [ 69.184544036428221, 41.232725021048665 ], [ 69.184483091126069, 41.232664237488457 ], [ 69.184452269928656, 41.232633496418167 ], [ 69.184419080772201, 41.232600394219666 ], [ 69.184291054674532, 41.232470915206882 ], [ 69.184155507881286, 41.232337464927028 ], [ 69.184043345133233, 41.232227658078749 ], [ 69.183942329579537, 41.232124069028984 ], [ 69.183840467812857, 41.232021271588955 ], [ 69.183728028383698, 41.231909857689523 ], [ 69.183723323008223, 41.231905192160355 ], [ 69.183631590644652, 41.231816088326127 ], [ 69.183550395519404, 41.231732266715014 ], [ 69.183480784169731, 41.231659660955863 ], [ 69.183478035324939, 41.231656891082956 ], [ 69.183281333922139, 41.231464976435099 ], [ 69.183154092952023, 41.231335809994775 ], [ 69.183027919180475, 41.23121243440022 ], [ 69.182916921547317, 41.231099077492338 ], [ 69.182781884997198, 41.230966112185172 ], [ 69.182663981116164, 41.230846776579796 ], [ 69.182561410578714, 41.230746359930933 ], [ 69.182407211166918, 41.230593833558864 ], [ 69.182319513137315, 41.230505474465026 ], [ 69.182188600752625, 41.230374983995432 ], [ 69.182048760012378, 41.230233056819742 ], [ 69.181893297569289, 41.230079744884272 ], [ 69.181841834883301, 41.230027986173738 ], [ 69.181758593395799, 41.229944269689931 ], [ 69.18165952089808, 41.229845810212019 ], [ 69.18155586968733, 41.229743058508383 ], [ 69.18148570767039, 41.22967350762687 ], [ 69.181323038942082, 41.229508270023018 ], [ 69.181302119874076, 41.229487020341864 ], [ 69.181157832473161, 41.229342653664098 ], [ 69.181053365592135, 41.229240918628896 ], [ 69.180940508446341, 41.22912804271138 ], [ 69.180864030374622, 41.229051275707114 ], [ 69.18071831285576, 41.228905705486291 ], [ 69.180586614445218, 41.228773119464009 ], [ 69.180445023786774, 41.228632749470144 ], [ 69.180329707952069, 41.228517177489536 ], [ 69.180290303352137, 41.228477970407269 ], [ 69.180285063479047, 41.228472758738981 ], [ 69.180269066280474, 41.228456843352632 ], [ 69.180210993790652, 41.228399063650706 ], [ 69.18020137373226, 41.228389490897321 ], [ 69.180137755942155, 41.228326198808048 ], [ 69.180119567752598, 41.22830810115483 ], [ 69.180030623759677, 41.22822008894007 ], [ 69.179942596048377, 41.228132983282457 ], [ 69.179875302352102, 41.228065579146715 ], [ 69.179860164841244, 41.228050416973169 ], [ 69.179782264736446, 41.227972388002549 ], [ 69.179770147361566, 41.227960247842155 ], [ 69.179758557297788, 41.227948638714594 ], [ 69.179650291441433, 41.227840481110739 ], [ 69.179517342576005, 41.227707349054526 ], [ 69.179315435436123, 41.227505567520382 ], [ 69.179137349820934, 41.227328143622408 ], [ 69.178993581646239, 41.227184643058344 ], [ 69.178856999095487, 41.227050942816255 ], [ 69.178675788241421, 41.226868720724205 ], [ 69.178502787989061, 41.226697931136592 ], [ 69.178312898511052, 41.226508541632803 ], [ 69.178183505177543, 41.226377641859727 ], [ 69.178163443102292, 41.22635734718255 ], [ 69.178151000537298, 41.226344760804125 ], [ 69.17814727881705, 41.226340994821918 ], [ 69.178014285934196, 41.226204600448845 ], [ 69.177963802411853, 41.226153616327252 ], [ 69.177903017009868, 41.226092232097464 ], [ 69.177768340684139, 41.225958316120163 ], [ 69.177684313170772, 41.225876566614254 ], [ 69.17758779009182, 41.225782664955638 ], [ 69.17738801824737, 41.225580876130586 ], [ 69.177252037567825, 41.225444692999545 ], [ 69.177161756881802, 41.225354316906362 ], [ 69.177047361820271, 41.2252401201495 ], [ 69.17696623406863, 41.225158798780882 ], [ 69.176949661049946, 41.22514220288793 ], [ 69.176846373656915, 41.225038771523408 ], [ 69.176689455044766, 41.224879455754767 ], [ 69.176527169897099, 41.224714999924686 ], [ 69.176433922973985, 41.224619858128833 ], [ 69.176424822141854, 41.224610719941751 ], [ 69.176369512869783, 41.224555173925438 ], [ 69.176292096058603, 41.224473692250925 ], [ 69.176289359790246, 41.224470907884822 ], [ 69.176212229541662, 41.224394994168662 ], [ 69.176124757887493, 41.224303780839762 ], [ 69.176032153259811, 41.224208715470347 ], [ 69.175946448591787, 41.224115065463558 ], [ 69.175944661842692, 41.224113158084613 ], [ 69.175930348985275, 41.224098218636989 ], [ 69.175848100136164, 41.22401237231967 ], [ 69.175787175495287, 41.223944599756273 ], [ 69.175767365846625, 41.223922564502828 ], [ 69.175669158426516, 41.223812004349625 ], [ 69.175629365754389, 41.223767491188511 ], [ 69.175613428742906, 41.223749452407333 ], [ 69.175584502092448, 41.223716711918911 ], [ 69.175578999013027, 41.223710483001483 ], [ 69.175547889456411, 41.223675270249103 ], [ 69.175546118877008, 41.223673308128753 ], [ 69.175495777288489, 41.223618950481068 ], [ 69.175371725337641, 41.223470877670898 ], [ 69.175277956493318, 41.223352138510336 ], [ 69.175268644557121, 41.223340346135139 ], [ 69.175142057560535, 41.223179996512982 ], [ 69.175057907876294, 41.223071689131125 ], [ 69.174944185652876, 41.222909276032304 ], [ 69.174845635076338, 41.222770286007112 ], [ 69.174839629838658, 41.22276181647554 ], [ 69.174836684262857, 41.222757663127695 ], [ 69.174825430168951, 41.222741790268863 ], [ 69.174715335342682, 41.222571785168917 ], [ 69.174708605164554, 41.222561391971325 ], [ 69.174701632441355, 41.222550624449269 ], [ 69.174608220228208, 41.222595028979761 ], [ 69.174529645488633, 41.222632380140148 ], [ 69.174466940386822, 41.222662187404893 ], [ 69.174466816419326, 41.222662246188371 ], [ 69.174318279987105, 41.22275061858425 ], [ 69.173995509915642, 41.223041140169762 ], [ 69.173929341808432, 41.22310069688136 ], [ 69.17392932114717, 41.223100716475692 ], [ 69.173927919775323, 41.223102216456844 ], [ 69.17392134231082, 41.223109275151415 ], [ 69.17377643147907, 41.223264715561683 ], [ 69.173548951099676, 41.223508721565061 ], [ 69.173523234129732, 41.223536306175802 ], [ 69.173480088046617, 41.223582586350993 ], [ 69.173479337953381, 41.223583370794806 ], [ 69.173391897740231, 41.223674731071398 ], [ 69.172986557222799, 41.224098218636989 ], [ 69.172941221945351, 41.224145583518677 ], [ 69.172745885083472, 41.224407105262188 ], [ 69.172327283635767, 41.224927577472343 ], [ 69.172273901250037, 41.224985820357993 ], [ 69.172273870707286, 41.224985850762152 ], [ 69.172241116335428, 41.225008236993951 ], [ 69.17219759295989, 41.225017849429975 ], [ 69.172170784536874, 41.225023040428574 ], [ 69.172170069477929, 41.225023178936304 ], [ 69.172168254881043, 41.225023528921611 ], [ 69.172142703201075, 41.225028446282664 ], [ 69.172112558435117, 41.225035257482425 ], [ 69.172096000687773, 41.225038995162627 ], [ 69.172054388028869, 41.225052384461108 ], [ 69.172026065944607, 41.22507863942355 ], [ 69.172026033605249, 41.225078671178935 ], [ 69.171933615827115, 41.225179720153612 ], [ 69.171933624810293, 41.225179755962834 ], [ 69.172293581541268, 41.225384500615192 ], [ 69.172475865882092, 41.225488185474369 ], [ 69.172475897323125, 41.225488203041124 ], [ 69.172680385322835, 41.2256045472285 ], [ 69.172916429341825, 41.225738844991248 ], [ 69.172952419445366, 41.225760173589151 ], [ 69.172843954163028, 41.225943956115678 ], [ 69.172777664783254, 41.226014854131094 ], [ 69.172612297515869, 41.226163236702511 ], [ 69.172443551684708, 41.22625809518879 ], [ 69.172413941416281, 41.226274019893587 ], [ 69.172413246120257, 41.226274393519446 ], [ 69.172402360335667, 41.22628024316181 ], [ 69.172402303741777, 41.226280267484604 ], [ 69.172238999904607, 41.226340068528124 ], [ 69.172238841801118, 41.226343593309103 ], [ 69.172237506006283, 41.226373442122792 ], [ 69.172237536548991, 41.22637347725572 ], [ 69.172284689118271, 41.226428354202241 ], [ 69.172296350148969, 41.226439710913112 ], [ 69.172315390839742, 41.226458305673361 ], [ 69.172321852421561, 41.226462156102833 ], [ 69.172384475776653, 41.226499473299782 ], [ 69.172878126076412, 41.226729600610597 ], [ 69.173100880419113, 41.22683345629784 ], [ 69.173100910961836, 41.226833470486028 ], [ 69.173911037736204, 41.227169589456146 ], [ 69.173920913814428, 41.227178377987499 ], [ 69.173892397694033, 41.227225702127527 ], [ 69.173863499789675, 41.227273649158668 ], [ 69.17386353302733, 41.227274982840548 ], [ 69.17386562071205, 41.227359445927767 ], [ 69.173888022000313, 41.227428133798526 ], [ 69.173888042661545, 41.227428195955838 ], [ 69.173891020576718, 41.22743733037106 ], [ 69.173911594691674, 41.227500536165557 ], [ 69.173914148602023, 41.227508381484604 ], [ 69.173920033465436, 41.227526292887617 ], [ 69.173924819689276, 41.227540966708538 ], [ 69.173940232982943, 41.227589980313745 ], [ 69.174020634895783, 41.227845655670457 ], [ 69.174020644777258, 41.227845686748864 ], [ 69.174062357149182, 41.227978340186731 ], [ 69.174076484953673, 41.22803213344914 ], [ 69.174076528971085, 41.228032300326355 ], [ 69.174079203255687, 41.228042487267118 ], [ 69.174109158477165, 41.228156743988855 ], [ 69.174124340903774, 41.228214413104155 ], [ 69.174124347191992, 41.228214460397155 ], [ 69.174138861272013, 41.228269634419902 ], [ 69.174151571534992, 41.228318028617117 ], [ 69.17414951618963, 41.228320195308903 ], [ 69.174091902738894, 41.228380806573092 ], [ 69.174044500437944, 41.228430680954233 ], [ 69.174032337249002, 41.228442924395893 ], [ 69.17401613882781, 41.228459170159766 ], [ 69.173944741627352, 41.228530774164021 ], [ 69.173932139162233, 41.228543413494911 ], [ 69.17393169269954, 41.228543860749383 ], [ 69.173923597082194, 41.228551928894831 ], [ 69.173876562192234, 41.228593646501132 ], [ 69.1738631719046, 41.228605512921732 ], [ 69.173858402748735, 41.228609739539721 ], [ 69.173850307131403, 41.228616906412988 ], [ 69.173844601032741, 41.228621962003871 ], [ 69.173839442008045, 41.228626532506318 ], [ 69.173839406075416, 41.228626564260026 ], [ 69.173831579952676, 41.228633408865505 ], [ 69.173808130330514, 41.228654252782583 ], [ 69.173814255942418, 41.2286630100363 ], [ 69.173820347418371, 41.228671709862084 ], [ 69.17382577593763, 41.228682793912647 ], [ 69.173825942125958, 41.228683133068628 ], [ 69.173831190083831, 41.228693847558951 ], [ 69.173832823221034, 41.228697182366879 ], [ 69.173836938403355, 41.228718428251071 ], [ 69.173836998590474, 41.228740819961097 ], [ 69.173836984217459, 41.228740861173229 ], [ 69.173830359142215, 41.228757989883746 ], [ 69.17382192126675, 41.22877061363171 ], [ 69.173815436328709, 41.228778130452646 ], [ 69.173794860417118, 41.228801897005063 ], [ 69.173764636599415, 41.228841085651666 ], [ 69.173733914216683, 41.22888082354369 ], [ 69.173549194543128, 41.229099903085213 ], [ 69.173525598495559, 41.229126345591837 ], [ 69.173511255095406, 41.229142420933535 ], [ 69.173465105045992, 41.229194144538113 ], [ 69.173383671867185, 41.229285349694074 ], [ 69.173249625260496, 41.229435851638044 ], [ 69.173075829999121, 41.229630909051885 ], [ 69.172910581309324, 41.229816512920145 ], [ 69.172753038368057, 41.229993394318072 ], [ 69.172623731272793, 41.230142111738438 ], [ 69.172616330053174, 41.23015062355217 ], [ 69.172584634795015, 41.230187069830102 ], [ 69.172181233740247, 41.230651035043657 ], [ 69.17218253090752, 41.230651767382284 ], [ 69.172245802846248, 41.230688004623943 ], [ 69.172259674630865, 41.230695947520893 ], [ 69.17213729174982, 41.230851779302419 ], [ 69.172135224726347, 41.230854328968107 ], [ 69.171932193794049, 41.231102527026927 ], [ 69.171832523018324, 41.231223649758803 ], [ 69.171832486187384, 41.231223693671708 ], [ 69.171544916600325, 41.23157709504671 ], [ 69.171544896837389, 41.231577119367586 ], [ 69.171336863187264, 41.231830715920559 ], [ 69.171110028696546, 41.232108197768234 ], [ 69.171025393023754, 41.232210655933848 ], [ 69.17086499613481, 41.232404828177899 ], [ 69.170797925220754, 41.232488158462665 ], [ 69.17076614013105, 41.232527648230551 ], [ 69.170725751875892, 41.232577826156785 ], [ 69.170724197790449, 41.232579755582563 ], [ 69.170713391955886, 41.232593162928367 ], [ 69.1706681527982, 41.232648044112629 ], [ 69.170528270735403, 41.232817685907797 ], [ 69.170481435271427, 41.232874613193616 ], [ 69.170385918305598, 41.232990710492317 ], [ 69.170385891356148, 41.232990742243857 ], [ 69.170369241082355, 41.233010979465718 ], [ 69.170243334110424, 41.23316400889756 ], [ 69.170169443186751, 41.233253818883824 ], [ 69.169892718061774, 41.23359015683144 ], [ 69.169418837884791, 41.234173106757041 ], [ 69.169382488455142, 41.234217766860283 ], [ 69.169382459709041, 41.234217801988997 ], [ 69.169338207799854, 41.234272096105968 ], [ 69.169184762074579, 41.234460676105989 ], [ 69.169180955912722, 41.234465365097009 ], [ 69.169144242665368, 41.234510939694303 ], [ 69.169080288007052, 41.234590251834476 ], [ 69.169047274920345, 41.234622524127793 ], [ 69.169013390467825, 41.234655651648723 ], [ 69.169010691928719, 41.234658288987241 ], [ 69.169010659589361, 41.234658320062415 ], [ 69.168859471330435, 41.234785072290592 ], [ 69.16885943988936, 41.23478509728578 ], [ 69.168759133106434, 41.234852839697787 ], [ 69.168602305224127, 41.234948105765838 ], [ 69.168602262104997, 41.234948130085456 ], [ 69.168480506248045, 41.235006378231503 ], [ 69.168453686146904, 41.235016401279523 ], [ 69.16837810010226, 41.235044646446191 ], [ 69.168372455987324, 41.235046752791604 ], [ 69.16834983461186, 41.235054664759495 ], [ 69.168311722687591, 41.235067974319463 ], [ 69.168281808788649, 41.235078445243296 ], [ 69.168275686769988, 41.235080369866488 ], [ 69.16826917218755, 41.235082410007536 ], [ 69.168248763362612, 41.235088784434545 ], [ 69.168226917233213, 41.235095597964026 ], [ 69.168208046324054, 41.235101483972066 ], [ 69.16814256991961, 41.235121544899329 ], [ 69.168092575080777, 41.235134053927396 ], [ 69.168074901625886, 41.235138463195398 ], [ 69.168046697220916, 41.235145499648802 ], [ 69.167999687483771, 41.23515543282835 ], [ 69.167921311271854, 41.235171941061388 ], [ 69.167846752001594, 41.235183966391467 ], [ 69.167782894361324, 41.235192681562495 ], [ 69.167705539533898, 41.235203217993934 ], [ 69.167576081521659, 41.235221502214721 ], [ 69.167550631351361, 41.235225098799901 ], [ 69.167543394523406, 41.235226119543718 ], [ 69.167543367573955, 41.235226122921439 ], [ 69.167543337031219, 41.235226127650208 ], [ 69.167473546018499, 41.235235154240421 ], [ 69.167440081079221, 41.235237574031096 ], [ 69.167398702880618, 41.235240566005515 ], [ 69.167275875333488, 41.235249425059379 ], [ 69.167229292296099, 41.235252119795 ], [ 69.167229177311768, 41.235252161003025 ], [ 69.167215856194417, 41.235252928418319 ], [ 69.167196927793071, 41.235254030226663 ], [ 69.167150275585414, 41.235259294046656 ], [ 69.167087245293501, 41.235266404121113 ], [ 69.166970874836636, 41.235288569308764 ], [ 69.166970837107399, 41.235288576739691 ], [ 69.166958754766839, 41.235292215204794 ], [ 69.16695550196718, 41.235293194739519 ], [ 69.166896754842554, 41.235310885134588 ], [ 69.166896256277568, 41.235311035104665 ], [ 69.166812728227498, 41.235336187518513 ], [ 69.166804276877301, 41.235338770110751 ], [ 69.166753354977132, 41.235354333891806 ], [ 69.166624691075597, 41.235393659798625 ], [ 69.166509313257151, 41.23542961608949 ], [ 69.166480655202946, 41.235438546724893 ], [ 69.166385878448892, 41.235469100702787 ], [ 69.166377812475943, 41.2354717008538 ], [ 69.166377740610756, 41.235471723822172 ], [ 69.166325691324872, 41.235488477196029 ], [ 69.166318137391642, 41.235490907785987 ], [ 69.166313995259856, 41.235492290614637 ], [ 69.166313916208111, 41.235492296018933 ], [ 69.166260400871678, 41.235510174835461 ], [ 69.166259217790483, 41.235510570025752 ], [ 69.16625787750408, 41.23551101790806 ], [ 69.166253511691778, 41.235512474370012 ], [ 69.166253473962541, 41.23551248720527 ], [ 69.16620427952266, 41.235529841798183 ], [ 69.166056410538673, 41.235569679657544 ], [ 69.166056379995936, 41.235569687763991 ], [ 69.165931427933202, 41.2356019156638 ], [ 69.165887973727948, 41.235613130944884 ], [ 69.165797261850571, 41.235638579127958 ], [ 69.165743261423884, 41.235650567217654 ], [ 69.165743224592973, 41.235650574648595 ], [ 69.165741103670555, 41.235650965784792 ], [ 69.165713293626013, 41.235656404537011 ], [ 69.165658413748673, 41.235667080729939 ], [ 69.165631069929717, 41.235670896840269 ], [ 69.165574376353831, 41.235678797924045 ], [ 69.165471035960167, 41.235685821484061 ], [ 69.165470989247794, 41.235685824861754 ], [ 69.165377452168812, 41.235688249364536 ], [ 69.165360544078538, 41.235688687112599 ], [ 69.165269362382261, 41.235682872764372 ], [ 69.165157622740708, 41.235664567055494 ], [ 69.165121946149185, 41.235658809450271 ], [ 69.165101752919924, 41.235655549982162 ], [ 69.16488511700264, 41.235853169384228 ], [ 69.164885089154851, 41.235853194379054 ], [ 69.164885043340774, 41.235853236262258 ], [ 69.164884021956311, 41.235854167825551 ], [ 69.164836926879204, 41.235897150102545 ], [ 69.164783945142062, 41.235945491366373 ], [ 69.164728742769555, 41.235995857845197 ], [ 69.164728697853803, 41.23599589499959 ], [ 69.164730401059572, 41.235997131226675 ], [ 69.164842983320881, 41.236078872131671 ], [ 69.164852167696338, 41.236085546398208 ], [ 69.164888343751144, 41.236111833409034 ], [ 69.164910859125428, 41.236130363269439 ], [ 69.164950411947387, 41.236162946898325 ], [ 69.164987500690529, 41.236200501074265 ], [ 69.165069083887985, 41.236283174633257 ], [ 69.165099776626306, 41.236313901152208 ], [ 69.165111306502965, 41.236325454076379 ], [ 69.165190984373709, 41.23640541319898 ], [ 69.165280817698786, 41.2365056738901 ], [ 69.165309886283055, 41.236549810216424 ], [ 69.165312326107383, 41.236553518190647 ], [ 69.165337042354082, 41.236591129562115 ], [ 69.165364962891445, 41.236637792302886 ], [ 69.16538543010688, 41.23667205909198 ], [ 69.165430129377086, 41.236752362308899 ], [ 69.165438923883727, 41.236768166240601 ], [ 69.165438954426435, 41.236768209474235 ], [ 69.165461505733333, 41.236791415137844 ], [ 69.165489760443975, 41.236883429782047 ], [ 69.16550978389165, 41.236998994403756 ], [ 69.165509787484893, 41.236999027504424 ], [ 69.165518260394677, 41.237093687878463 ], [ 69.165521537448825, 41.237141125084307 ], [ 69.16552405003668, 41.237178020740124 ], [ 69.165519426407926, 41.237223013173363 ], [ 69.165519427306208, 41.237223039518739 ], [ 69.165525488239425, 41.237281166070439 ], [ 69.165542481669689, 41.237444331801498 ], [ 69.165553434827928, 41.237576391573462 ], [ 69.165557921912765, 41.237630770042514 ], [ 69.165567417105322, 41.237800014538756 ], [ 69.165579203001883, 41.237930791466674 ], [ 69.165591072441714, 41.238085874422438 ], [ 69.165593516757596, 41.238117858572814 ], [ 69.165612453243781, 41.238290607705977 ], [ 69.165625468035614, 41.238338148747154 ], [ 69.165626302570516, 41.238341231773546 ], [ 69.165627153275111, 41.238344362085414 ], [ 69.165640758260082, 41.238394246428797 ], [ 69.165648898793179, 41.238421160734362 ], [ 69.165663710215597, 41.238470281694696 ], [ 69.165682308036892, 41.238515093553325 ], [ 69.165699402976756, 41.238556394768977 ], [ 69.165731806107402, 41.238628590941609 ], [ 69.165762740492511, 41.238686106936818 ], [ 69.165796209025032, 41.238734614338902 ], [ 69.16581172921822, 41.23875714177246 ], [ 69.165874435218313, 41.238833200258853 ], [ 69.16587445498125, 41.238833222550483 ], [ 69.165984612689584, 41.238950300229995 ], [ 69.166026987119835, 41.238991170875259 ], [ 69.166029976713105, 41.238994055948403 ], [ 69.166036941351507, 41.239000779228959 ], [ 69.166078563891887, 41.239041011492802 ], [ 69.166161225966022, 41.239120251937209 ], [ 69.166226079837955, 41.23918285402253 ], [ 69.166281346889178, 41.239236230063362 ], [ 69.166357392871234, 41.239312084666857 ], [ 69.166367754938051, 41.23932242318844 ], [ 69.166449904972453, 41.239404392981982 ], [ 69.166493440026088, 41.239450091804876 ], [ 69.166514494739715, 41.239472200183023 ], [ 69.166514511807705, 41.239472221123457 ], [ 69.166577222299367, 41.239556123326523 ], [ 69.166607014027448, 41.239600669645966 ], [ 69.166626618860192, 41.239630054420552 ], [ 69.166631511983553, 41.239639567435411 ], [ 69.166631605408355, 41.239639749819368 ], [ 69.16665550149321, 41.239686669098596 ], [ 69.166657496651467, 41.239690588325089 ], [ 69.166673754361469, 41.239722586551139 ], [ 69.166704735459007, 41.239797937346651 ], [ 69.166736216019814, 41.239882655803534 ], [ 69.166753001040917, 41.239958386717049 ], [ 69.166753007329092, 41.239958413736773 ], [ 69.166764510256328, 41.240028452864983 ], [ 69.16676945907524, 41.240096003407217 ], [ 69.166769459973537, 41.240096027049418 ], [ 69.166771983341178, 41.240176601659911 ], [ 69.166757229410948, 41.240310858006687 ], [ 69.166757224021026, 41.240310901913482 ], [ 69.166754990809252, 41.240328751716966 ], [ 69.166737700934988, 41.240466813449174 ], [ 69.166729212753864, 41.240509515743113 ], [ 69.166715278087167, 41.240579444851875 ], [ 69.166668548624429, 41.240851520817905 ], [ 69.166658971685166, 41.240907321156143 ], [ 69.166658965396962, 41.240907354930265 ], [ 69.16664587065506, 41.240975299045886 ], [ 69.166644806151439, 41.240978521772689 ], [ 69.166530201782436, 41.241325111570291 ], [ 69.166520526028535, 41.241348711446435 ], [ 69.166513206555578, 41.241366483286392 ], [ 69.166482230847976, 41.241441715328953 ], [ 69.166481639756512, 41.241444180822363 ], [ 69.166472242480296, 41.241483284210652 ], [ 69.166470390154188, 41.241491138659342 ], [ 69.166469039986325, 41.241496780919682 ], [ 69.166468552201124, 41.241498820184965 ], [ 69.166466295633128, 41.24150823295718 ], [ 69.166465886001376, 41.24150891586438 ], [ 69.16644011962407, 41.241551920766376 ], [ 69.166423798133678, 41.24157910733954 ], [ 69.166399320838821, 41.241617284569706 ], [ 69.166371011330966, 41.241661380293145 ], [ 69.166355489341143, 41.241710929095703 ], [ 69.166317390891649, 41.241832381391312 ], [ 69.166280396471606, 41.241926567338169 ], [ 69.166270436850056, 41.242092415925839 ], [ 69.16627042607027, 41.242092455778639 ], [ 69.166269266345239, 41.242095939857592 ], [ 69.166257139987223, 41.242132207230704 ], [ 69.166232551301277, 41.242205799702212 ], [ 69.16623098913098, 41.242210476654648 ], [ 69.166207362540689, 41.242281074008616 ], [ 69.166152932719328, 41.242443711876113 ], [ 69.166127125917839, 41.242522697596883 ], [ 69.166121123375106, 41.242541077712744 ], [ 69.166120710150082, 41.242542344887518 ], [ 69.166039128749247, 41.242792030520434 ], [ 69.16602278659758, 41.242841590624096 ], [ 69.166007216098748, 41.242888631889805 ], [ 69.165992291488635, 41.242932755124855 ], [ 69.165941268078811, 41.24308359039793 ], [ 69.165936955267142, 41.243096337015281 ], [ 69.165908475079362, 41.243180456791983 ], [ 69.165834209558184, 41.243400810957446 ], [ 69.165800603583406, 41.243504552351645 ], [ 69.165731754005108, 41.243716999234053 ], [ 69.16567503617469, 41.243895070316569 ], [ 69.165652201000171, 41.243966727660542 ], [ 69.165618930995308, 41.244071119966009 ], [ 69.165587745980204, 41.244159451942437 ], [ 69.165578529265389, 41.244185544553922 ], [ 69.165578518485617, 41.244185576300026 ], [ 69.165559670932652, 41.244246918549742 ], [ 69.165462016874741, 41.244564660984921 ], [ 69.165430874978767, 41.244658476227599 ], [ 69.165392397440229, 41.244774237839998 ], [ 69.165305946272227, 41.245038923909789 ], [ 69.165188411598763, 41.245380848544222 ], [ 69.165188404412248, 41.245380868807317 ], [ 69.165098613308004, 41.24565980002744 ], [ 69.165085014611236, 41.245702046387642 ], [ 69.164970281783155, 41.246038980176252 ], [ 69.16493996184569, 41.24612847123084 ], [ 69.164923263062875, 41.246177757957213 ], [ 69.16481329040748, 41.246521829887875 ], [ 69.164714056212986, 41.24681678603207 ], [ 69.164681644997543, 41.246913122765456 ], [ 69.164656182250809, 41.246988758402765 ], [ 69.164644425998659, 41.247023681676389 ], [ 69.164622403799484, 41.247089098092772 ], [ 69.164543433801185, 41.247330880187199 ], [ 69.16449123988653, 41.247490281054944 ], [ 69.164491026985814, 41.247490927427194 ], [ 69.164439902066363, 41.247644293760189 ], [ 69.164355614939865, 41.247897140409108 ], [ 69.164355603261782, 41.24789717755673 ], [ 69.164341470965752, 41.247938348567715 ], [ 69.164285950589601, 41.248100034887791 ], [ 69.164265591171983, 41.248159326975937 ], [ 69.164263160330847, 41.24816640863073 ], [ 69.164248458502911, 41.248209262588034 ], [ 69.164218725165313, 41.248295932873077 ], [ 69.16414852901238, 41.248500546369137 ], [ 69.164146528464258, 41.248506377812959 ], [ 69.164143009763293, 41.248516633831471 ], [ 69.164135314794564, 41.248539064687307 ], [ 69.164135304014764, 41.248539095755881 ], [ 69.164128562158567, 41.248557855782842 ], [ 69.164126967648926, 41.248562287784381 ], [ 69.164115986642912, 41.248592815365029 ], [ 69.164085410685573, 41.248677856744976 ], [ 69.164074913871488, 41.248701360084816 ], [ 69.164030449061556, 41.248800925836235 ], [ 69.16394506958369, 41.248991962220074 ], [ 69.163809306296486, 41.24925527433254 ], [ 69.163586136932139, 41.249663586947399 ], [ 69.163585359889424, 41.249665008648961 ], [ 69.163527297281007, 41.249771211355814 ], [ 69.163474836566721, 41.249856945503588 ], [ 69.163423528390979, 41.249940795876746 ], [ 69.163347077268725, 41.250061699994937 ], [ 69.163236578200568, 41.250215620864722 ], [ 69.163155454940522, 41.250325092894805 ], [ 69.16315543068599, 41.250325124637918 ], [ 69.163096445507819, 41.250401283801182 ], [ 69.163009057396977, 41.250514093267348 ], [ 69.162830695999006, 41.250715424215116 ], [ 69.162830663659648, 41.250715460685697 ], [ 69.162830648388308, 41.250715476894882 ], [ 69.162830466030286, 41.250715672080204 ], [ 69.162760168367726, 41.250790752204729 ], [ 69.162753769667972, 41.250797585709478 ], [ 69.162684040638965, 41.250872051819321 ], [ 69.162547773396881, 41.251021767898884 ], [ 69.162547740159241, 41.251021805720072 ], [ 69.162513935656762, 41.251058875891623 ], [ 69.16230607807644, 41.25127724895119 ], [ 69.16225359310765, 41.251330409124172 ], [ 69.162130288555133, 41.251455298079847 ], [ 69.162128283515415, 41.251457328929888 ], [ 69.162125917352952, 41.251459725157233 ], [ 69.162115222909506, 41.251470555455377 ], [ 69.162115183383634, 41.251470593276359 ], [ 69.161830629440971, 41.251721242317444 ], [ 69.161830579135327, 41.251721286216579 ], [ 69.16160939055618, 41.251908873729342 ], [ 69.161540567028979, 41.251964560618774 ], [ 69.161333805393312, 41.252131808754378 ], [ 69.161288864476248, 41.25216816510882 ], [ 69.161288821357132, 41.252168198877129 ], [ 69.161238345021331, 41.252206710305465 ], [ 69.161237411671735, 41.252207422141602 ], [ 69.161089356736483, 41.252320348704089 ], [ 69.161084921753954, 41.252323730932922 ], [ 69.161031610335101, 41.252364393306308 ], [ 69.16098715720328, 41.252396859432388 ], [ 69.160985145875344, 41.25239832699922 ], [ 69.160985095569657, 41.252398363468913 ], [ 69.160831151279439, 41.252510573140889 ], [ 69.160699922687783, 41.252600979902596 ], [ 69.160622082770089, 41.252654566502457 ], [ 69.160455500980447, 41.252721997285974 ], [ 69.160320758179409, 41.252818934487138 ], [ 69.160194508051063, 41.252909714295669 ], [ 69.160082968733818, 41.253015688859833 ], [ 69.159983377009851, 41.253076708778636 ], [ 69.159982988937642, 41.253076946504436 ], [ 69.159982040316706, 41.253077527987124 ], [ 69.15995430842554, 41.253094515248954 ], [ 69.159954263509789, 41.253094542263241 ], [ 69.159774175549828, 41.253201863187627 ], [ 69.159752823493861, 41.253214587570461 ], [ 69.159731470539555, 41.253227312626173 ], [ 69.159526705858738, 41.253341766428548 ], [ 69.159526671722745, 41.253341786013863 ], [ 69.159282584188716, 41.253486552848685 ], [ 69.159018635802028, 41.253645647621738 ], [ 69.159018601666034, 41.253645667206911 ], [ 69.159008492025833, 41.253651475229553 ], [ 69.1589983329783, 41.253657315668548 ], [ 69.158842659431116, 41.253746707142227 ], [ 69.158771664675911, 41.253787960911886 ], [ 69.158594744175659, 41.253890730871213 ], [ 69.158454792044296, 41.253972228557096 ], [ 69.158454695026236, 41.253972284610988 ], [ 69.158329748353353, 41.254045002679831 ], [ 69.158284446313573, 41.254071368235948 ], [ 69.157991756329409, 41.254235652965043 ], [ 69.157944758270361, 41.254262029925066 ], [ 69.157899057378586, 41.254290959002645 ], [ 69.157679934026277, 41.254429667254669 ], [ 69.157679888212215, 41.25442969629443 ], [ 69.157479542344291, 41.254566956318719 ], [ 69.157397937587234, 41.254615539727148 ], [ 69.157395297438626, 41.25461711192208 ], [ 69.157375933354373, 41.254628639999723 ], [ 69.157372512569751, 41.254630676829173 ], [ 69.157285740703188, 41.254682339068914 ], [ 69.157059148757625, 41.254813590743069 ], [ 69.157005591200374, 41.254844720506519 ], [ 69.157005534606526, 41.254844753598142 ], [ 69.156657680877387, 41.255046940358426 ], [ 69.156628589835194, 41.255063849444447 ], [ 69.156622421104146, 41.255067434807586 ], [ 69.156513344967408, 41.255130834045168 ], [ 69.156399869780728, 41.255196789366003 ], [ 69.156348254381129, 41.255226789786484 ], [ 69.156270912130097, 41.255271742780288 ], [ 69.15624836261982, 41.255284848999324 ], [ 69.156019012846343, 41.255418153826419 ], [ 69.155945236906987, 41.255462014675508 ], [ 69.155875291384021, 41.255503598274693 ], [ 69.15575024499816, 41.255575981700424 ], [ 69.155619630854162, 41.255655593111094 ], [ 69.155612159565962, 41.255660146865992 ], [ 69.15499846559814, 41.256034201325711 ], [ 69.154923599104038, 41.256083355644222 ], [ 69.154546404601092, 41.256331006107921 ], [ 69.154539343842941, 41.256335642205215 ], [ 69.154288601589286, 41.256512403890191 ], [ 69.154208118828024, 41.256569168044706 ], [ 69.154128910776151, 41.256625033973414 ], [ 69.153953434766876, 41.256752961198771 ], [ 69.153885174483392, 41.256802725464659 ], [ 69.153788126788299, 41.256873475882202 ], [ 69.15376834858067, 41.256887894598002 ], [ 69.153701336057125, 41.256936749108462 ], [ 69.153614593834973, 41.256999986481638 ], [ 69.153405785837037, 41.257152213521017 ], [ 69.153375074234106, 41.257174602918951 ], [ 69.153353573057814, 41.257190278329233 ], [ 69.153351834817741, 41.257191544544575 ], [ 69.153249303806149, 41.257265831160844 ], [ 69.153126902958775, 41.257354513344779 ], [ 69.153117573954546, 41.257361271878494 ], [ 69.153057290710805, 41.257404947062469 ], [ 69.153056973605487, 41.257405178694754 ], [ 69.152871228954183, 41.257539754857568 ], [ 69.152866768818825, 41.257542986221786 ], [ 69.152828408061239, 41.257570777973342 ], [ 69.152771507872828, 41.257612618198635 ], [ 69.152632934655401, 41.257714515718725 ], [ 69.152608279494132, 41.257732645073311 ], [ 69.152346450233196, 41.257925174105267 ], [ 69.152334633793942, 41.257933863283185 ], [ 69.152323132663383, 41.257942320829564 ], [ 69.152258951629577, 41.257989513972475 ], [ 69.152074153802616, 41.258125399023449 ], [ 69.152058506946972, 41.258136904196888 ], [ 69.151975994891515, 41.258197575601848 ], [ 69.151940188044279, 41.258223905716683 ], [ 69.15179956217645, 41.258327185979155 ], [ 69.151756335244983, 41.258358933320785 ], [ 69.15156694792519, 41.258498346052747 ], [ 69.151549403827701, 41.258511244982174 ], [ 69.151458558999636, 41.258578044391825 ], [ 69.151416492691524, 41.258608976524201 ], [ 69.151142050185697, 41.258810776842509 ], [ 69.151028883121157, 41.258895729963541 ], [ 69.151028864256517, 41.258895744144773 ], [ 69.151028644169301, 41.258895905540825 ], [ 69.151004855882249, 41.25891321138036 ], [ 69.151004797491751, 41.258913254599392 ], [ 69.150951286646915, 41.258952148320844 ], [ 69.150908127089096, 41.25898356919059 ], [ 69.150884804129362, 41.259000554241233 ], [ 69.150840574678028, 41.25903274627548 ], [ 69.150783942187587, 41.259073952812493 ], [ 69.150753697708566, 41.259095960009894 ], [ 69.150750801540099, 41.259098152693205 ], [ 69.150676509967809, 41.259154401376769 ], [ 69.15066074902613, 41.259166334505608 ], [ 69.150650722929271, 41.25917392548979 ], [ 69.150557845213726, 41.259244245202687 ], [ 69.150503119846604, 41.259285679180095 ], [ 69.15047659618952, 41.259305761045859 ], [ 69.150378241445708, 41.259381580196724 ], [ 69.150377719524528, 41.259381982670895 ], [ 69.15037731528264, 41.259382293980579 ], [ 69.150359512470331, 41.259396007137646 ], [ 69.150356616301849, 41.259398237627273 ], [ 69.150247638081495, 41.25948218042393 ], [ 69.150156106940543, 41.259552686185081 ], [ 69.150154804383391, 41.259553819322427 ], [ 69.150121096000674, 41.259583124894078 ], [ 69.149819333930424, 41.259845497536368 ], [ 69.1498189314852, 41.259845853412813 ], [ 69.14977236461749, 41.259886322023497 ], [ 69.149714640673977, 41.259941912974533 ], [ 69.149703123373726, 41.259952521723108 ], [ 69.14968241451146, 41.259971594506432 ], [ 69.14964259399153, 41.260008269284121 ], [ 69.149642107104668, 41.260008716998534 ], [ 69.149627741246647, 41.260021933013931 ], [ 69.149609100306193, 41.260039117679028 ], [ 69.149605689403046, 41.260042260457169 ], [ 69.14959915954924, 41.260048279275367 ], [ 69.149581175277248, 41.260064837944242 ], [ 69.149562964629823, 41.260081632958624 ], [ 69.149562555896381, 41.260082009092372 ], [ 69.149516712172471, 41.260124228569452 ], [ 69.149514935304836, 41.260125928260557 ], [ 69.149512857501591, 41.260127912921718 ], [ 69.149512840433573, 41.26012792777798 ], [ 69.1495112360425, 41.260129458647832 ], [ 69.149488177187465, 41.260152137397398 ], [ 69.149453656727729, 41.26018608730331 ], [ 69.149327811739582, 41.260309853215574 ], [ 69.149325970193232, 41.260311701464019 ], [ 69.149324113375542, 41.260313553088828 ], [ 69.149271910477751, 41.260367387267749 ], [ 69.149258884906132, 41.260380807820965 ], [ 69.149258859753303, 41.260380834156948 ], [ 69.149257290396505, 41.260382457534547 ], [ 69.149255916872463, 41.260383881028666 ], [ 69.149221281428339, 41.260419608830198 ], [ 69.149207287472848, 41.260434047021597 ], [ 69.149200374936754, 41.260441447429123 ], [ 69.149191446581128, 41.260450999281595 ], [ 69.149130151834342, 41.26051680877201 ], [ 69.149112101087027, 41.26053618931833 ], [ 69.149078384619486, 41.260572388381931 ], [ 69.149014371570644, 41.260641115631394 ], [ 69.149001454695181, 41.260655484220109 ], [ 69.148994017542947, 41.260663756387672 ], [ 69.148943547495321, 41.260719891626636 ], [ 69.148909553448362, 41.260757697074695 ], [ 69.148848167971735, 41.260825962239537 ], [ 69.148848142818878, 41.260825991276448 ], [ 69.148794964350714, 41.26088758598771 ], [ 69.148793473147322, 41.26088932550028 ], [ 69.148788443480043, 41.260895192978481 ], [ 69.148725407798253, 41.26096868530967 ], [ 69.148690273789171, 41.261009646850837 ], [ 69.148687383010568, 41.261013017150148 ], [ 69.148686803597229, 41.261013693100722 ], [ 69.148687181787963, 41.261013820052469 ], [ 69.148688836484709, 41.261014368376046 ], [ 69.148689485068346, 41.26101458378885 ], [ 69.14869446263333, 41.261016234161708 ], [ 69.148699563267527, 41.261017925051028 ], [ 69.148713276948641, 41.261022471679304 ], [ 69.148739301142427, 41.261031100345654 ], [ 69.14877211120988, 41.261041978352026 ], [ 69.148798792970439, 41.26105082512963 ], [ 69.149130247954062, 41.261160719955967 ], [ 69.149224514465047, 41.261191974321143 ], [ 69.149803637667489, 41.261383983325842 ], [ 69.150440249454817, 41.261595052595624 ], [ 69.151261867478297, 41.261867459719362 ], [ 69.151560247391487, 41.261968900874486 ], [ 69.151927425679034, 41.262093731000796 ], [ 69.152606271759453, 41.262325307030082 ], [ 69.153069313762558, 41.26248326542062 ], [ 69.153770574605943, 41.262722488037241 ], [ 69.15449256137957, 41.262968779023652 ], [ 69.15458352837851, 41.26300155319732 ], [ 69.154618541115013, 41.263014166955173 ], [ 69.1546439544544, 41.263023323407417 ], [ 69.155959868666343, 41.263497429380351 ], [ 69.156202564710028, 41.263584869423518 ], [ 69.15685683827418, 41.263830597378359 ], [ 69.157695642865647, 41.26414672459881 ], [ 69.157913281302797, 41.264228748331298 ], [ 69.159532125394861, 41.265065168713228 ], [ 69.160306497424287, 41.265465264901863 ], [ 69.161539685781705, 41.266130832322098 ], [ 69.161904007426628, 41.266374620917929 ], [ 69.162114534799997, 41.266553626191566 ], [ 69.16261844206366, 41.267007388691709 ], [ 69.162936814881832, 41.267381106730028 ], [ 69.163476477788748, 41.268121115921957 ], [ 69.163817142300701, 41.26855485063146 ], [ 69.164036280924378, 41.268717713428863 ], [ 69.164090690982803, 41.268701150877256 ], [ 69.164302138231022, 41.268653967500455 ], [ 69.164426338403899, 41.268623652529165 ], [ 69.164627411907205, 41.268569783969369 ], [ 69.164831422003161, 41.268506982498309 ], [ 69.164942266024383, 41.268461056875665 ], [ 69.165057564791098, 41.268420707012027 ], [ 69.16523790068608, 41.268357938482346 ], [ 69.165418263530512, 41.268305216868001 ], [ 69.165632623116878, 41.26824016537411 ], [ 69.165787870862587, 41.268201990871638 ], [ 69.165922422322467, 41.268170540677048 ], [ 69.165996365348448, 41.26815815613336 ], [ 69.166091028016453, 41.268149089527739 ], [ 69.166142780858294, 41.268137852147547 ], [ 69.166206349241065, 41.268118784450024 ], [ 69.166266972946318, 41.268105301342864 ], [ 69.166361630224444, 41.268094003186981 ], [ 69.166451843536848, 41.268080476861712 ], [ 69.166513949462313, 41.268068108505773 ], [ 69.166586377928752, 41.268042329949161 ], [ 69.16671941482906, 41.267997487700661 ], [ 69.1667682005355, 41.267982906012769 ], [ 69.167041726759749, 41.267914418084899 ], [ 69.167137837512001, 41.267893070157612 ], [ 69.167191071675731, 41.267882946145285 ], [ 69.167411442787952, 41.267855836012167 ], [ 69.167587931198568, 41.267829447661768 ], [ 69.167720525229456, 41.267809621618952 ], [ 69.16787431231451, 41.267779258991204 ], [ 69.168042914415238, 41.268015658764149 ], [ 69.169011559701289, 41.268546369477093 ], [ 69.169484908973942, 41.268822039177053 ], [ 69.169717249239028, 41.268957347355318 ], [ 69.169992555025814, 41.269117678531011 ], [ 69.170624518929884, 41.269503098320222 ], [ 69.171167856844676, 41.269834401875741 ], [ 69.17169172018238, 41.269354596729443 ], [ 69.172226600458728, 41.268867532421581 ], [ 69.172926974664961, 41.269304542243589 ], [ 69.174287452501517, 41.270153418836365 ], [ 69.175623676723703, 41.270969512208517 ], [ 69.175789149992269, 41.271059508572492 ], [ 69.17600618116829, 41.271156379398143 ], [ 69.176107627913339, 41.271192002731063 ], [ 69.177202187357778, 41.271481523117053 ], [ 69.177261710626809, 41.271497267336194 ], [ 69.177263344662336, 41.271497610320999 ], [ 69.177263388679791, 41.271497619773349 ], [ 69.177265117038374, 41.271498078886815 ], [ 69.177613112701366, 41.271571361461504 ], [ 69.18049602923027, 41.272227577122301 ], [ 69.18293032890297, 41.272769744040701 ], [ 69.183319913868658, 41.272860064696907 ], [ 69.18380994216119, 41.27297366986221 ], [ 69.184322858628846, 41.273092580162 ], [ 69.186852414755919, 41.273690893691303 ], [ 69.187572313844854, 41.273860687517256 ], [ 69.187588931779288, 41.273864606719165 ], [ 69.188175137299396, 41.274002857513373 ], [ 69.189434561853005, 41.274299870942365 ], [ 69.192901144364725, 41.275139062666916 ], [ 69.193458749322843, 41.275308146542642 ], [ 69.193600968801988, 41.275351271647658 ], [ 69.193736339525429, 41.275417989694347 ], [ 69.194146239891268, 41.275620010818976 ], [ 69.194194685136196, 41.275643885909396 ], [ 69.19420388208809, 41.275649323358074 ], [ 69.19532354585148, 41.276311144706185 ], [ 69.195955808894539, 41.276630079383665 ], [ 69.197180613275393, 41.27788678424718 ], [ 69.197627353551027, 41.278335503997397 ], [ 69.1979887386033, 41.278698483980108 ], [ 69.197394311701728, 41.279092088009875 ], [ 69.196460016195516, 41.279702496676052 ], [ 69.196459269695509, 41.279702984760384 ], [ 69.195890896632108, 41.280074312581291 ], [ 69.194728809031091, 41.280850738354737 ], [ 69.19468847647147, 41.281539539192423 ], [ 69.194643578673578, 41.28244104523413 ], [ 69.194609901731894, 41.283183068839854 ], [ 69.194587722327526, 41.283790768785856 ], [ 69.194530906580738, 41.284884541389303 ], [ 69.194482677829768, 41.286045489529634 ], [ 69.194465007968134, 41.286503334019493 ], [ 69.194456900672691, 41.286796768369307 ], [ 69.194454309033105, 41.286850303284261 ], [ 69.19444525940493, 41.287037326162462 ], [ 69.194413661164802, 41.287972053164467 ], [ 69.194413871370585, 41.288000656134969 ], [ 69.19441603900539, 41.288293173860261 ], [ 69.194405530513166, 41.288589381120126 ], [ 69.194384087727357, 41.28919365242318 ], [ 69.194361680150891, 41.289750671704539 ], [ 69.194357276609395, 41.289860057889044 ], [ 69.194340540995626, 41.29027607051831 ], [ 69.19432626586746, 41.290630823037411 ], [ 69.194246523318, 41.29184890863808 ], [ 69.194237626403421, 41.292061128082054 ], [ 69.194236545730149, 41.29208694844975 ], [ 69.194223240782463, 41.292326236728023 ], [ 69.194031915796629, 41.297652588332738 ], [ 69.194028662996971, 41.2977515321111 ], [ 69.193990639107625, 41.298648743251469 ], [ 69.193980127022158, 41.299540078045318 ], [ 69.193980125225536, 41.299540273084702 ], [ 69.193979298775474, 41.29961038532398 ], [ 69.193973456132881, 41.300105654081229 ], [ 69.193948343729119, 41.300899867760499 ], [ 69.193880587400486, 41.302213694858274 ], [ 69.193868596688063, 41.302570085092697 ], [ 69.193866317662184, 41.302637817271574 ], [ 69.193860493884202, 41.302775986190454 ], [ 69.193853807723542, 41.302963522182047 ], [ 69.194143880016995, 41.302868755486962 ], [ 69.194857110013245, 41.302635412799681 ], [ 69.195616080427129, 41.302367413165285 ], [ 69.196521739438694, 41.302028873660795 ], [ 69.197136736861978, 41.301842217014226 ], [ 69.197297999726857, 41.302237613532192 ], [ 69.19738402689002, 41.30225637567856 ], [ 69.197485035257216, 41.302491212482103 ], [ 69.197715346228065, 41.30244489574131 ], [ 69.19839190879101, 41.302293362101011 ], [ 69.198645808622942, 41.302150659868488 ], [ 69.198678561198179, 41.302133397208365 ], [ 69.200752274420864, 41.301040394952672 ], [ 69.200596176868899, 41.300754332772996 ], [ 69.200560482311076, 41.300683324193074 ], [ 69.200572676941064, 41.300679568569315 ], [ 69.200808883555126, 41.300635880492656 ], [ 69.2008311447062, 41.300631763138263 ], [ 69.201233304289218, 41.3005771840417 ], [ 69.202010944389656, 41.300578205114064 ], [ 69.202039104777157, 41.300578242231715 ], [ 69.202832103374007, 41.300608951330105 ], [ 69.203472916581944, 41.300632701201366 ], [ 69.205222444886573, 41.300662132754297 ], [ 69.207041739051121, 41.300711970180686 ], [ 69.208540084927577, 41.300754952298348 ], [ 69.210504312381758, 41.300810646795824 ], [ 69.210721929259307, 41.300816489090302 ], [ 69.210949079058693, 41.300822589182168 ], [ 69.211461509537784, 41.300836344249412 ], [ 69.211733934427485, 41.300843656393916 ], [ 69.213604163966949, 41.300893839886243 ], [ 69.21458883429932, 41.300920139284415 ], [ 69.216355588697851, 41.300967311483426 ], [ 69.216802274176246, 41.300979232920369 ], [ 69.219004696216189, 41.301017047447374 ], [ 69.219546079396892, 41.301083928890087 ], [ 69.220024602965594, 41.301204022964917 ], [ 69.220440190565498, 41.301319579070842 ], [ 69.220732788023227, 41.301449623479733 ], [ 69.221503934202445, 41.301912417209039 ], [ 69.221917272420868, 41.302121534019548 ], [ 69.222003627469135, 41.302147075066266 ], [ 69.222394241904126, 41.302262611955115 ], [ 69.222862719612991, 41.302313566381791 ], [ 69.223412798485668, 41.302285334104901 ], [ 69.223792442694403, 41.302215449466061 ], [ 69.226403619748183, 41.301355879694007 ], [ 69.227882172145669, 41.30085172235988 ], [ 69.228312200163785, 41.300705086560505 ], [ 69.230545458672495, 41.299943036971911 ], [ 69.231353902004003, 41.299683350860874 ], [ 69.231419899431316, 41.299662151673573 ], [ 69.231432287199056, 41.299658172607231 ], [ 69.232768396436896, 41.301076857023006 ], [ 69.2334608403158, 41.301823464871475 ], [ 69.233764825716364, 41.30215741781403 ], [ 69.233809966957708, 41.302214200320286 ], [ 69.233907727016799, 41.302337170539936 ], [ 69.233953644402561, 41.302394928044023 ], [ 69.234183913152606, 41.302684575223488 ], [ 69.234318523002983, 41.302855562992214 ], [ 69.234442821990513, 41.303012319269591 ], [ 69.234622036788025, 41.303238329162731 ], [ 69.234793778500688, 41.303454913509462 ], [ 69.235613671758784, 41.304482448282151 ], [ 69.235864399639425, 41.304801992973793 ], [ 69.23590988134228, 41.304859958839174 ], [ 69.236611436833073, 41.305754049703594 ], [ 69.236628794979325, 41.30577617140348 ], [ 69.237024404047304, 41.306280340602747 ], [ 69.237111459781474, 41.30638995414521 ], [ 69.237841888023823, 41.307309633908886 ], [ 69.239121924421639, 41.308956554289153 ], [ 69.240095621832822, 41.310185289615823 ], [ 69.240201445169916, 41.310537618068366 ], [ 69.240327070969158, 41.311072100373231 ], [ 69.240410896361567, 41.311593069760953 ], [ 69.240470661277399, 41.311746998746109 ], [ 69.240576961619922, 41.311813946779871 ], [ 69.240634806836027, 41.311850377185642 ], [ 69.240666895556288, 41.311851732757162 ], [ 69.240913254031369, 41.311862142790076 ], [ 69.241386836866013, 41.311844322658843 ], [ 69.241408641672891, 41.311843502163512 ], [ 69.241417839523109, 41.311843156016998 ], [ 69.241702455449513, 41.311832446392245 ], [ 69.242348325274179, 41.311808141232426 ], [ 69.242775494853007, 41.311792065315267 ], [ 69.242928940578281, 41.311786290804399 ], [ 69.243002315868992, 41.311783303685708 ], [ 69.243110870982875, 41.311778886096633 ], [ 69.245809150483268, 41.311669045450962 ], [ 69.247007536309923, 41.311621123247235 ], [ 69.247020236691426, 41.311620615159136 ], [ 69.248028283882448, 41.311580304125215 ], [ 69.248392484254822, 41.311565739597157 ], [ 69.249007017249099, 41.311541164436868 ], [ 69.252179172434907, 41.311413118531945 ], [ 69.253403218637672, 41.311363709656028 ], [ 69.253568412530214, 41.311357039707964 ], [ 69.253663787562246, 41.311353188883821 ], [ 69.255519067338753, 41.311282621664347 ], [ 69.259334230316739, 41.311137509979837 ], [ 69.259442970483548, 41.311129109932033 ], [ 69.259484468158107, 41.311125904836764 ], [ 69.25951405057873, 41.311123619435044 ], [ 69.259691804715573, 41.311109889479475 ], [ 69.259989801048121, 41.311086872162043 ], [ 69.25987452204437, 41.310742861756573 ], [ 69.259836508934796, 41.31066323790035 ], [ 69.259760577937101, 41.31050419030079 ], [ 69.259609692410393, 41.310396179492962 ], [ 69.259596153900745, 41.310390574899074 ], [ 69.259191409864627, 41.310223018507173 ], [ 69.258996957843294, 41.310123439800854 ], [ 69.258871174838916, 41.309995923503813 ], [ 69.258772296377273, 41.309838712350427 ], [ 69.258354086595048, 41.309059891943399 ], [ 69.258064170608463, 41.308749811685942 ], [ 69.257161655700415, 41.307847544297736 ], [ 69.256803874689041, 41.307491789546688 ], [ 69.256656133265835, 41.307344885263802 ], [ 69.256019234915925, 41.306692489859351 ], [ 69.25575489666042, 41.306427963927604 ], [ 69.255695690496651, 41.306368715300017 ], [ 69.255659292557993, 41.306332291278487 ], [ 69.255600024410469, 41.306272981156532 ], [ 69.255472432199099, 41.306143534124459 ], [ 69.255455272580548, 41.306126125413023 ], [ 69.255316597853522, 41.305985434404285 ], [ 69.255198412799771, 41.305865531333872 ], [ 69.255308341437726, 41.305793756334317 ], [ 69.254968925584052, 41.305459473134128 ], [ 69.254367117225755, 41.304866760367347 ], [ 69.25423573771711, 41.304737365204282 ], [ 69.254115566488309, 41.304590758386666 ], [ 69.253980564972466, 41.304485193472871 ], [ 69.253798977724301, 41.304276572817294 ] ] ] ] } },
{ "type": "Feature", "properties": { "id": 185, "reg_name": "Toshkent shahri", "reg_kiril": "Тошкент шаҳри", "dist_name": "Mirobod tumani", "dist_kir": "Миробод тумани", "cad_id": "10:11", "shp_len": 34369.013685059057, "shp_area": 29199487.133967008 }, "geometry": { "type": "MultiPolygon", "coordinates": [ [ [ [ 69.301051747769478, 41.255559540751889 ], [ 69.301102861010818, 41.255623262320121 ], [ 69.300932864724771, 41.255840057411291 ], [ 69.300856807064605, 41.255950839606719 ], [ 69.300761734764833, 41.256133094082521 ], [ 69.300792633217355, 41.256188484955253 ], [ 69.301798362754951, 41.256620347922947 ], [ 69.301819624081077, 41.256629776075215 ], [ 69.302059236208379, 41.256732368006503 ], [ 69.302059283819091, 41.25673238826608 ], [ 69.30224351570746, 41.256811268247709 ], [ 69.302472768462906, 41.256909424407027 ], [ 69.302570144941413, 41.256951117161499 ], [ 69.302618035027507, 41.256971621142981 ], [ 69.302889589449677, 41.257087887686019 ], [ 69.302889633467146, 41.257087905919555 ], [ 69.302893774700593, 41.257089679299099 ], [ 69.302973057312627, 41.257123622693094 ], [ 69.302977365632742, 41.257125467655122 ], [ 69.30307364347162, 41.257166688226434 ], [ 69.303354469405846, 41.257286920540658 ], [ 69.303380377716977, 41.257297905194882 ], [ 69.304185019378195, 41.257639010677828 ], [ 69.304739535928363, 41.257874077637027 ], [ 69.305868052588863, 41.258347980584219 ], [ 69.307176009524042, 41.258893989722552 ], [ 69.30839796175384, 41.259401124500634 ], [ 69.309434577167536, 41.259835031931374 ], [ 69.310352526030528, 41.260211173419314 ], [ 69.31046671268291, 41.260256998149778 ], [ 69.311248204759295, 41.260570616447467 ], [ 69.31123831520631, 41.26058524638497 ], [ 69.311237592960822, 41.260586315352796 ], [ 69.311154957836152, 41.260708561805323 ], [ 69.310834153278535, 41.261183141743444 ], [ 69.310760093471558, 41.26128439556053 ], [ 69.310513191515739, 41.261621949917298 ], [ 69.310481198016859, 41.261664726170714 ], [ 69.310121301473032, 41.26214592012068 ], [ 69.30977338576011, 41.262622866524339 ], [ 69.309694395998861, 41.262737665801794 ], [ 69.309249448760539, 41.263384313488352 ], [ 69.308917709909252, 41.263858917197652 ], [ 69.30866392865498, 41.264221984431053 ], [ 69.308613177434694, 41.264298539289484 ], [ 69.30846909754456, 41.26451586873474 ], [ 69.308375176884994, 41.264578601118828 ], [ 69.308213029179583, 41.264655705877885 ], [ 69.30821288814407, 41.264655737614092 ], [ 69.307941170228517, 41.26471703566034 ], [ 69.307782619377519, 41.26469585212083 ], [ 69.307631946751528, 41.264657544550055 ], [ 69.307456256943183, 41.264579443141194 ], [ 69.307372295905168, 41.264542118649814 ], [ 69.306711574233901, 41.264190597817937 ], [ 69.306132745678923, 41.26387099059329 ], [ 69.305664932723346, 41.263612677511041 ], [ 69.304848563556078, 41.263140737912309 ], [ 69.304498351749316, 41.262971006014979 ], [ 69.304447579867769, 41.262946399715062 ], [ 69.303792507701331, 41.262666719834314 ], [ 69.303238835567541, 41.26236889583744 ], [ 69.303033149215238, 41.262253071538566 ], [ 69.302971873333078, 41.262218566290542 ], [ 69.302818309030201, 41.262132092070921 ], [ 69.302749549283405, 41.262109250595024 ], [ 69.302695313498148, 41.262101291257828 ], [ 69.302649994390379, 41.262101219679835 ], [ 69.302605744277784, 41.262106519827377 ], [ 69.302605603242284, 41.262106556966877 ], [ 69.302556620804808, 41.262119549045394 ], [ 69.302500468014699, 41.262143331159933 ], [ 69.302060928634376, 41.262387738326304 ], [ 69.301509136674468, 41.262686250325217 ], [ 69.301398084244127, 41.262752907712198 ], [ 69.300967856800028, 41.263011142489553 ], [ 69.300866159425027, 41.263065369468507 ], [ 69.300866013897959, 41.263065412009482 ], [ 69.300740542608978, 41.263102717087314 ], [ 69.300616216671955, 41.263120285160994 ], [ 69.300384503430934, 41.263133801034492 ], [ 69.300218184847665, 41.263133368197025 ], [ 69.299843136419909, 41.263132391105351 ], [ 69.299295703984086, 41.2631258978682 ], [ 69.2986811009212, 41.263118604454931 ], [ 69.298312705416464, 41.263100135592254 ], [ 69.29813267135539, 41.263091110150036 ], [ 69.298081768319832, 41.263091996083077 ], [ 69.298081624589415, 41.263092034572544 ], [ 69.298054181955777, 41.263099421849034 ], [ 69.297999742252941, 41.263117946757951 ], [ 69.297860527638392, 41.263192635836774 ], [ 69.297753458338022, 41.263254979871554 ], [ 69.297720440759718, 41.263278550894015 ], [ 69.297708467115314, 41.263287099582577 ], [ 69.297672325196501, 41.263380001336543 ], [ 69.297611352046573, 41.263788383673578 ], [ 69.297575550589244, 41.264331295239515 ], [ 69.297630546349254, 41.264433331505238 ], [ 69.297630372076071, 41.264433322727122 ], [ 69.297470384818951, 41.264425207017524 ], [ 69.297369614505314, 41.26442009409967 ], [ 69.297145688759514, 41.264407642671067 ], [ 69.296917584050973, 41.264400549272082 ], [ 69.296843571854708, 41.264401928112761 ], [ 69.296585684401265, 41.26440673312247 ], [ 69.296390965580258, 41.264415609830017 ], [ 69.296132275032946, 41.264432230188874 ], [ 69.295874877161324, 41.264458136440574 ], [ 69.29559930008331, 41.264496331363432 ], [ 69.295599147369714, 41.264496355672009 ], [ 69.295524612353972, 41.264509923929339 ], [ 69.295524460538701, 41.264509950938908 ], [ 69.295192071307142, 41.264570464494874 ], [ 69.295191926678385, 41.264570495555823 ], [ 69.295146341669295, 41.264580426963612 ], [ 69.29514619793882, 41.264580458699811 ], [ 69.294960483830266, 41.264620922350872 ], [ 69.294960341896441, 41.264620958138494 ], [ 69.294748018790855, 41.26467687592568 ], [ 69.294747879551977, 41.264676915089467 ], [ 69.294562856247865, 41.264729808442766 ], [ 69.294562718805608, 41.264729849632218 ], [ 69.29437059881073, 41.264789938260741 ], [ 69.294130388405449, 41.264874863347117 ], [ 69.294057850344586, 41.264902391338012 ], [ 69.293933391456903, 41.264949622666599 ], [ 69.293808514852614, 41.26500195738037 ], [ 69.293597746730768, 41.265096008642359 ], [ 69.293444143800343, 41.265172087787818 ], [ 69.293271797521498, 41.265260551940329 ], [ 69.293117536125976, 41.265344230614296 ], [ 69.292954694921164, 41.265442976929563 ], [ 69.292791346168229, 41.265547216754385 ], [ 69.292704025431036, 41.265607379581056 ], [ 69.292550327279187, 41.265716147213794 ], [ 69.292381007424538, 41.265845524572264 ], [ 69.292263927298606, 41.26593748885108 ], [ 69.291904578727056, 41.266229615935437 ], [ 69.29180122036712, 41.266315575612872 ], [ 69.291437610187884, 41.26661797443883 ], [ 69.291417342398432, 41.266635150616061 ], [ 69.29123873845532, 41.266786506451709 ], [ 69.291136308953384, 41.266873306713585 ], [ 69.291098027247557, 41.266905749422975 ], [ 69.290864173321225, 41.267095552589076 ], [ 69.290797015270584, 41.267150060440393 ], [ 69.290553001398379, 41.267353759389927 ], [ 69.290340555223551, 41.267531192796056 ], [ 69.290307239404626, 41.267559078877554 ], [ 69.289935672846894, 41.267870085527868 ], [ 69.28951307120127, 41.268220191587005 ], [ 69.289433186718014, 41.268286519229044 ], [ 69.289221459195417, 41.268462316795706 ], [ 69.289111945579151, 41.26855324568735 ], [ 69.288830213244779, 41.26878627883675 ], [ 69.288527746895383, 41.2690376804401 ], [ 69.288169867069314, 41.269335262687513 ], [ 69.287867232734925, 41.269586388051167 ], [ 69.287648546862201, 41.269766601877791 ], [ 69.287535289966115, 41.26985645338506 ], [ 69.28746657423676, 41.269910967708874 ], [ 69.287396767952643, 41.269966348246705 ], [ 69.28719869751734, 41.2701171467628 ], [ 69.287158832081673, 41.270145142469474 ], [ 69.2869877290712, 41.270265302277458 ], [ 69.286925431804548, 41.270305229014092 ], [ 69.286813369667797, 41.270377052516658 ], [ 69.286780829094951, 41.270397908101948 ], [ 69.28665815066816, 41.270471659134387 ], [ 69.286600855221025, 41.270506103306488 ], [ 69.286406172332676, 41.270613471241056 ], [ 69.286225707080305, 41.27070501154612 ], [ 69.286033549356191, 41.270794466785006 ], [ 69.28594061774173, 41.270833950959158 ], [ 69.285787490918381, 41.270899010671478 ], [ 69.285787428036329, 41.270899034302538 ], [ 69.285624929089636, 41.27096140811404 ], [ 69.285579967511353, 41.270978666194893 ], [ 69.285579901934327, 41.270978688475559 ], [ 69.285357868938817, 41.271055531137399 ], [ 69.285357802463494, 41.271055550717392 ], [ 69.285136964227306, 41.271120289502704 ], [ 69.285136895955333, 41.271120308407504 ], [ 69.284949798441218, 41.27117549144495 ], [ 69.284760279069118, 41.27122579295883 ], [ 69.284568565112721, 41.271271151520033 ], [ 69.284374883845899, 41.271311513800569 ], [ 69.28417946613564, 41.271346831872712 ], [ 69.28398254284896, 41.271377063209059 ], [ 69.28378435024274, 41.27140217270793 ], [ 69.283585123675664, 41.271422129317585 ], [ 69.283385099404626, 41.271436910086969 ], [ 69.283184516381453, 41.271446497465298 ], [ 69.282983612659734, 41.271450879976982 ], [ 69.282782627191338, 41.271450051546601 ], [ 69.282581798928106, 41.271444014874561 ], [ 69.28238136772022, 41.271432775360822 ], [ 69.28218157072294, 41.271416347856373 ], [ 69.281957102394699, 41.271386304910123 ], [ 69.281733808164518, 41.271351668104288 ], [ 69.281511855119064, 41.271312462412794 ], [ 69.281291408548327, 41.27126871821001 ], [ 69.281072633742369, 41.271220467895034 ], [ 69.280855692397864, 41.271167746566654 ], [ 69.280640746211645, 41.271110594049162 ], [ 69.280023210149366, 41.270919228051667 ], [ 69.279407589295261, 41.270724407298495 ], [ 69.278793917785322, 41.270526141211263 ], [ 69.278604671501043, 41.270474711611882 ], [ 69.277750480565373, 41.270242575726378 ], [ 69.277594361453808, 41.270200148758711 ], [ 69.277229813433436, 41.270084896050292 ], [ 69.276998647266424, 41.270040165259317 ], [ 69.276896254595414, 41.270020352716237 ], [ 69.276727280592141, 41.269987848087311 ], [ 69.276439972414792, 41.269932580323342 ], [ 69.276439906837808, 41.269932567494841 ], [ 69.275939965636098, 41.26983639164326 ], [ 69.275429162005963, 41.269745379465341 ], [ 69.275429086547504, 41.269745365286468 ], [ 69.27542902546206, 41.269745354483476 ], [ 69.275294289847551, 41.269721347600147 ], [ 69.275207757831168, 41.269705930417665 ], [ 69.274542089137654, 41.269581095937752 ], [ 69.274473343763916, 41.269569615061634 ], [ 69.274368660388888, 41.269552132446243 ], [ 69.274251525465715, 41.269532570249481 ], [ 69.274175969963807, 41.269518296114704 ], [ 69.273800430157593, 41.269447348061526 ], [ 69.273484727132455, 41.269387703942016 ], [ 69.272973981892832, 41.269297234666254 ], [ 69.272452958129733, 41.269195206676294 ], [ 69.271931966705992, 41.269100895968371 ], [ 69.271325214020365, 41.26899134534866 ], [ 69.27081317520674, 41.268896044512189 ], [ 69.270092436193025, 41.268750082300691 ], [ 69.269459162545289, 41.268643227151799 ], [ 69.269302679616047, 41.268616822914886 ], [ 69.268515397897687, 41.268462320846858 ], [ 69.268067792544414, 41.268387863311979 ], [ 69.268001671149634, 41.268376864318206 ], [ 69.268001577724831, 41.268376848113412 ], [ 69.268001410638206, 41.268376820430284 ], [ 69.267657178017956, 41.2683195581128 ], [ 69.267342923077038, 41.268261419335012 ], [ 69.266715700481072, 41.268147065273482 ], [ 69.266506773007237, 41.268094870146463 ], [ 69.266359751134573, 41.268058138466742 ], [ 69.266136969842435, 41.26800888445289 ], [ 69.266020689217086, 41.26798317609407 ], [ 69.265814031785979, 41.267943446447312 ], [ 69.265089151538845, 41.267840878203579 ], [ 69.264948991896617, 41.267833755468551 ], [ 69.264757534858433, 41.267831217373654 ], [ 69.263864699297528, 41.267649359478234 ], [ 69.263284029196214, 41.267546449792611 ], [ 69.263284947274428, 41.267530065873999 ], [ 69.262753370103354, 41.267365242006193 ], [ 69.26265557860323, 41.267337551652773 ], [ 69.262601793772205, 41.267322321615815 ], [ 69.262451187621565, 41.267490692461543 ], [ 69.262348839866306, 41.267605112492589 ], [ 69.262407125256871, 41.267627363265689 ], [ 69.262649754825247, 41.267719988762344 ], [ 69.262912442875574, 41.267827940604526 ], [ 69.263206962727978, 41.267964024626139 ], [ 69.263518542485969, 41.268115881757218 ], [ 69.263718357449548, 41.268223119932841 ], [ 69.263879044494317, 41.268319337322453 ], [ 69.2641317316006, 41.268474746519985 ], [ 69.264344718561176, 41.268617425190371 ], [ 69.264519684327382, 41.268742241932166 ], [ 69.264644670526138, 41.26883426627456 ], [ 69.264870288697949, 41.269018367910448 ], [ 69.265088529904659, 41.26919864272174 ], [ 69.26526279408661, 41.269352218713472 ], [ 69.265318758230492, 41.269401538557581 ], [ 69.265458031235525, 41.269523870461455 ], [ 69.265640542850107, 41.269692686653926 ], [ 69.265826535436403, 41.26986899965074 ], [ 69.265838425537524, 41.26988027184251 ], [ 69.265846248067021, 41.269887920322269 ], [ 69.265976620564203, 41.270015428612361 ], [ 69.266151801926071, 41.27019152400468 ], [ 69.266276930956948, 41.270317307969563 ], [ 69.26638614633255, 41.270429881161675 ], [ 69.266510689661885, 41.270550964762514 ], [ 69.266669403107954, 41.270716415252679 ], [ 69.26690662481829, 41.270965018261052 ], [ 69.267130180458196, 41.271195277980993 ], [ 69.267346389675737, 41.271429828929463 ], [ 69.2674994769732, 41.271603838295384 ], [ 69.267698637963264, 41.271824323445976 ], [ 69.267850004088658, 41.271992352527889 ], [ 69.268056007546235, 41.272223505911242 ], [ 69.268321745376937, 41.272516060601617 ], [ 69.268786394466076, 41.273035506971965 ], [ 69.268994696712468, 41.273272637127839 ], [ 69.269296306967433, 41.273608268813526 ], [ 69.269492082207194, 41.273829186037169 ], [ 69.269730531914504, 41.27409530315466 ], [ 69.270009378860195, 41.274404062194989 ], [ 69.270256949162601, 41.274682979535562 ], [ 69.270458395466747, 41.27490345293625 ], [ 69.270693451338929, 41.275168723113403 ], [ 69.270984262945845, 41.275491982151529 ], [ 69.271237525872223, 41.275775583570621 ], [ 69.271523251218014, 41.276100135832493 ], [ 69.271744074182848, 41.276346632228211 ], [ 69.272004735633885, 41.276636624611875 ], [ 69.272240927874904, 41.276899750344107 ], [ 69.272501016200806, 41.277187607604048 ], [ 69.272667208121646, 41.277373118258843 ], [ 69.272853896003966, 41.277582511544111 ], [ 69.272898153303061, 41.277631655044374 ], [ 69.272974273845321, 41.277716175918393 ], [ 69.27300151884954, 41.277746423207972 ], [ 69.27282408720788, 41.277856300062155 ], [ 69.272723149807618, 41.277918806971996 ], [ 69.272696577641511, 41.277935261869423 ], [ 69.272651136362882, 41.277963402070242 ], [ 69.272475982848775, 41.27807186962773 ], [ 69.272040927858356, 41.278343412073617 ], [ 69.272005620474431, 41.278365449907184 ], [ 69.271892482156005, 41.278433173465139 ], [ 69.271776928267727, 41.278503332693646 ], [ 69.271776055105292, 41.278503862642808 ], [ 69.270088150330807, 41.279547726507303 ], [ 69.269900075449669, 41.279664037240508 ], [ 69.269691605218313, 41.279789855609899 ], [ 69.26942193815654, 41.279952606669411 ], [ 69.269135995418452, 41.280125180379045 ], [ 69.269002795923058, 41.280227780628671 ], [ 69.268270102129563, 41.2811568630569 ], [ 69.267796173443557, 41.281783147388651 ], [ 69.267760878636025, 41.281831657219989 ], [ 69.267756934133629, 41.281837078626793 ], [ 69.26695027216131, 41.282945736395206 ], [ 69.266031353117825, 41.284229138807056 ], [ 69.265930369903472, 41.284370171738672 ], [ 69.265917253602026, 41.284388494177549 ], [ 69.265881613841444, 41.28443687651604 ], [ 69.265623747947572, 41.284786936253646 ], [ 69.265342895962192, 41.285076803382225 ], [ 69.265305356264761, 41.28511554583902 ], [ 69.265236588433154, 41.285187479950714 ], [ 69.265212732772468, 41.285214356077859 ], [ 69.265325974397186, 41.285266108876414 ], [ 69.265471240961773, 41.285308886514748 ], [ 69.265731226879737, 41.285364864210393 ], [ 69.265977265554582, 41.285425320634793 ], [ 69.266082884075786, 41.285451273233051 ], [ 69.266397216271827, 41.285529822188323 ], [ 69.266378410939637, 41.285584779737448 ], [ 69.266371051042526, 41.285608212419149 ], [ 69.266099767013245, 41.286471931792768 ], [ 69.266040566239383, 41.286607362014145 ], [ 69.265748513160744, 41.287376929659096 ], [ 69.265839547533304, 41.287396927959833 ], [ 69.265872704350471, 41.287404211235859 ], [ 69.266269894453345, 41.287491460634776 ], [ 69.266402690605162, 41.287539002321246 ], [ 69.266463198427758, 41.287595590329076 ], [ 69.267055035486379, 41.288149080881979 ], [ 69.267561845206743, 41.288599916365015 ], [ 69.267648988077525, 41.288662228037737 ], [ 69.267991516593682, 41.288854675320962 ], [ 69.268594258301533, 41.289225246385286 ], [ 69.269147067154336, 41.289494371891344 ], [ 69.269152182161548, 41.2896163833231 ], [ 69.269136419423276, 41.290028662868338 ], [ 69.26913614274217, 41.290035891177631 ], [ 69.269124124181971, 41.290485417004547 ], [ 69.269133084876913, 41.290623608968431 ], [ 69.269137198262626, 41.29064666185797 ], [ 69.269263582239944, 41.290741636653166 ], [ 69.269475808327513, 41.290884104661394 ], [ 69.269494160908735, 41.290896941845574 ], [ 69.269534329974988, 41.290925038659324 ], [ 69.269587364712734, 41.290975079940793 ], [ 69.269767923389892, 41.291213794529106 ], [ 69.270017903872215, 41.291474437031688 ], [ 69.270010490076203, 41.291502055725068 ], [ 69.26998879576206, 41.29158288010791 ], [ 69.269971326224734, 41.291647964360983 ], [ 69.269977970164575, 41.291701327905884 ], [ 69.270022495161641, 41.291761457854378 ], [ 69.271029166133658, 41.292377042329086 ], [ 69.27114987904659, 41.292450858295659 ], [ 69.27148045457956, 41.29265300488202 ], [ 69.271426721850844, 41.292704192248934 ], [ 69.270445765153852, 41.293638677428426 ], [ 69.270178186675125, 41.293896997239926 ], [ 69.270094639760444, 41.293983240403158 ], [ 69.269996082895645, 41.294087533869181 ], [ 69.269796916515716, 41.294371215113742 ], [ 69.269791045127008, 41.294379577499583 ], [ 69.269715071010168, 41.294474843154191 ], [ 69.26880717788849, 41.295613255240454 ], [ 69.26880427633013, 41.295622343678112 ], [ 69.268754533917885, 41.295778254124279 ], [ 69.268717230477392, 41.295930186928722 ], [ 69.268673744831119, 41.296107296313842 ], [ 69.268661775678297, 41.29615528728749 ], [ 69.268466911330236, 41.296936592271017 ], [ 69.268252124145789, 41.29767155156749 ], [ 69.267971801268104, 41.298630755511489 ], [ 69.267505765180189, 41.300359604154806 ], [ 69.26742222724863, 41.300608166461224 ], [ 69.267347898845401, 41.300777664175584 ], [ 69.267277516741203, 41.300903179311874 ], [ 69.267160432123731, 41.301079100260587 ], [ 69.266529098836997, 41.301866928101454 ], [ 69.26654040682979, 41.301913962620674 ], [ 69.266557683229337, 41.301985822198155 ], [ 69.266596973743219, 41.302149249432397 ], [ 69.266720849624249, 41.302664504676919 ], [ 69.267096354396202, 41.304226374382509 ], [ 69.267105253107374, 41.304253011200423 ], [ 69.267254607006535, 41.304700091343619 ], [ 69.267279430152769, 41.304774396782321 ], [ 69.267330780549344, 41.304928109728017 ], [ 69.267338459348409, 41.304946719940425 ], [ 69.26733993078885, 41.304950287043397 ], [ 69.268710073599536, 41.308270406680641 ], [ 69.268895450839878, 41.308719599686661 ], [ 69.26903391446281, 41.309055101692117 ], [ 69.269043755506758, 41.309077216873824 ], [ 69.270529402798374, 41.312415667647343 ], [ 69.270545267046288, 41.312411308129001 ], [ 69.277359381938425, 41.310538823869841 ], [ 69.279503953372398, 41.30998417713085 ], [ 69.279507883501765, 41.309983522605158 ], [ 69.279767583755486, 41.309940263841987 ], [ 69.279906693267108, 41.309918120612735 ], [ 69.280146137409474, 41.309906381648197 ], [ 69.28034400662213, 41.309903111040214 ], [ 69.28057342826088, 41.309926258331345 ], [ 69.280715029699124, 41.309955196482299 ], [ 69.280853605611469, 41.30984915509373 ], [ 69.280944427083313, 41.309785273225067 ], [ 69.280978150737383, 41.309754076539853 ], [ 69.28151095500715, 41.30926120768806 ], [ 69.282028586731727, 41.308734745837533 ], [ 69.282538314180144, 41.308180657994612 ], [ 69.283200949262934, 41.307538241710319 ], [ 69.283652210759399, 41.307083133377297 ], [ 69.284323493025141, 41.306390431907801 ], [ 69.285081253408308, 41.305662331822255 ], [ 69.285750228800424, 41.304957062244149 ], [ 69.286161773981505, 41.304572403831209 ], [ 69.286568778178861, 41.30416681603247 ], [ 69.28715242350043, 41.303585842417831 ], [ 69.287180386258612, 41.303558007494885 ], [ 69.287428113766168, 41.303309450357986 ], [ 69.28766795765884, 41.30306840459631 ], [ 69.288033042871788, 41.30270149289241 ], [ 69.288768241168285, 41.301913951823053 ], [ 69.289528816871581, 41.301091998200597 ], [ 69.289823966443024, 41.300770443130318 ], [ 69.290187776048256, 41.300403480704695 ], [ 69.290758641038281, 41.299927525022412 ], [ 69.290774993071366, 41.299913893265206 ], [ 69.290803126509431, 41.299892195421585 ], [ 69.29085738834587, 41.299850344498303 ], [ 69.291223424874673, 41.299577457436634 ], [ 69.291343909615549, 41.299482673673225 ], [ 69.291418476072351, 41.299422183708323 ], [ 69.291498928290864, 41.299345448681102 ], [ 69.291570373102047, 41.299262527616726 ], [ 69.29164131755158, 41.299167594246995 ], [ 69.291650474977601, 41.29915202407328 ], [ 69.291684186055264, 41.299094713168181 ], [ 69.291712679717776, 41.299020737348989 ], [ 69.291746439304461, 41.298921386516867 ], [ 69.29177294679188, 41.29881198988064 ], [ 69.291779968024116, 41.298745762096317 ], [ 69.291777351231715, 41.29862881723821 ], [ 69.291774692218468, 41.298514541350258 ], [ 69.291740980242466, 41.298151556188152 ], [ 69.291729533010823, 41.297909242133635 ], [ 69.291737533406746, 41.297788739079451 ], [ 69.291754463056563, 41.297676975032701 ], [ 69.291787138376719, 41.297565825625817 ], [ 69.29184003836717, 41.297463178398871 ], [ 69.29189870644008, 41.297361368560551 ], [ 69.291963144392028, 41.2972643017632 ], [ 69.292060899061241, 41.297150551257488 ], [ 69.292143523406139, 41.297071140269423 ], [ 69.292241564637933, 41.296995748907918 ], [ 69.292355724340865, 41.296918593935267 ], [ 69.292467071418628, 41.296860263311608 ], [ 69.2925794749152, 41.296809393711683 ], [ 69.292685927072981, 41.296771660433322 ], [ 69.292790538582764, 41.296734707324262 ], [ 69.292878903162332, 41.296713571969512 ], [ 69.293005832417037, 41.296685609255626 ], [ 69.293135427871505, 41.296667676316559 ], [ 69.293253657840978, 41.296659942562094 ], [ 69.293399785889932, 41.296653397317449 ], [ 69.293572460053838, 41.296652122418692 ], [ 69.29367975123813, 41.296646819001651 ], [ 69.293762419600455, 41.296642732441164 ], [ 69.293774103987374, 41.296642035262451 ], [ 69.293882874696919, 41.296635553457222 ], [ 69.294031145227819, 41.296614289163074 ], [ 69.294125898625651, 41.296594291663013 ], [ 69.294273069618669, 41.29654418585136 ], [ 69.29427441529495, 41.296543727588947 ], [ 69.294412942698287, 41.296486282109846 ], [ 69.294558626081169, 41.296400554512132 ], [ 69.294667390502511, 41.296317968508603 ], [ 69.29472679699056, 41.296266414801266 ], [ 69.294871032289223, 41.296113350277182 ], [ 69.294938404138904, 41.296039927879796 ], [ 69.295135018405119, 41.29582565343933 ], [ 69.295157782612762, 41.295800844225049 ], [ 69.295437378753363, 41.295496939864236 ], [ 69.295637094902261, 41.295278998144731 ], [ 69.29588807700614, 41.295002649845557 ], [ 69.296182005767108, 41.294683298761541 ], [ 69.296418391145906, 41.294433428134028 ], [ 69.296567471058893, 41.294283582780174 ], [ 69.297025659464495, 41.293833854996379 ], [ 69.297271994583411, 41.293589947570574 ], [ 69.297371571934335, 41.2934873973525 ], [ 69.297600475245119, 41.293251666227647 ], [ 69.298137849244711, 41.292700666997774 ], [ 69.298420726032731, 41.292397404920507 ], [ 69.298852353950338, 41.291936133869434 ], [ 69.299286827730768, 41.291461079566659 ], [ 69.299729733098445, 41.290970127719213 ], [ 69.299896235836343, 41.290786638769049 ], [ 69.300216853544427, 41.290426200465788 ], [ 69.300586647726064, 41.289983704103065 ], [ 69.3010076377941, 41.289482815544851 ], [ 69.301451311221342, 41.288929632625447 ], [ 69.301786553502197, 41.288505983338084 ], [ 69.30215362938182, 41.288014588730157 ], [ 69.302273569743605, 41.287850796005088 ], [ 69.302514782668766, 41.287521390193284 ], [ 69.302768699568659, 41.287166915743796 ], [ 69.302768768738943, 41.287166819218079 ], [ 69.302810662570508, 41.287106829486007 ], [ 69.303077358005311, 41.286724925132958 ], [ 69.303341945992472, 41.286325628848225 ], [ 69.30361733801756, 41.28590315608438 ], [ 69.303866288132241, 41.28551673283993 ], [ 69.304164888132675, 41.285025325844522 ], [ 69.304461608857537, 41.284528315082099 ], [ 69.304710915603394, 41.284095062498331 ], [ 69.305023474525058, 41.283542656776234 ], [ 69.305178062009034, 41.283269226934728 ], [ 69.305221261991051, 41.28319281582899 ], [ 69.305234102509729, 41.28316932287585 ], [ 69.305499212418027, 41.282684317939953 ], [ 69.305694403752881, 41.282278282153712 ], [ 69.305729950986986, 41.282204264311936 ], [ 69.305731877873271, 41.28219970633252 ], [ 69.305758142815534, 41.28212830019703 ], [ 69.305759967293881, 41.28212217202968 ], [ 69.305760305060417, 41.282120575519791 ], [ 69.305789643139292, 41.28196941117308 ], [ 69.305790315977447, 41.281964726266246 ], [ 69.305840134746475, 41.281433405694159 ], [ 69.305897724841032, 41.280795000487274 ], [ 69.305898760598552, 41.280786542525369 ], [ 69.305964397801418, 41.280362735055036 ], [ 69.305964657414535, 41.280360798264162 ], [ 69.305992330016849, 41.280117047717788 ], [ 69.306024398974159, 41.2798345743197 ], [ 69.30605718838035, 41.279552907774082 ], [ 69.306057559384598, 41.279550022466736 ], [ 69.306057955541604, 41.279547426770172 ], [ 69.306058415479058, 41.279544837149253 ], [ 69.306058935603573, 41.279542252928849 ], [ 69.306059519508523, 41.279539678159573 ], [ 69.306060164498902, 41.279537110816086 ], [ 69.306060871473022, 41.279534552248592 ], [ 69.306061638634276, 41.279532005157414 ], [ 69.306062467779299, 41.27952946684222 ], [ 69.306063357111427, 41.279526942703733 ], [ 69.30606430842731, 41.279524429366468 ], [ 69.306065319031987, 41.279521929530759 ], [ 69.306066389823826, 41.279519445221894 ], [ 69.306067519904445, 41.279516975089749 ], [ 69.306068708375577, 41.279514521159442 ], [ 69.306069957033799, 41.279512083431136 ], [ 69.306071264082533, 41.279509663254863 ], [ 69.306072777743807, 41.279506999373204 ], [ 69.306180699545408, 41.2793216919085 ], [ 69.306190066278873, 41.279307677797036 ], [ 69.306213285932344, 41.279282772514684 ], [ 69.306291972961333, 41.27921449964235 ], [ 69.306380605238829, 41.279137879237346 ], [ 69.306731005691816, 41.278848151125658 ], [ 69.307174943223785, 41.278475609934134 ], [ 69.307468516251873, 41.278219755278023 ], [ 69.307471126756113, 41.278217320201733 ], [ 69.307632443519879, 41.278058676168364 ], [ 69.307635263331576, 41.278055731386239 ], [ 69.307774317147633, 41.277901307014552 ], [ 69.3079196573741, 41.277732815169912 ], [ 69.307922187928256, 41.277729685395002 ], [ 69.307949034080522, 41.277694091958686 ], [ 69.307988459341701, 41.277624191100024 ], [ 69.308013808900725, 41.277579884714491 ], [ 69.308254034577359, 41.277159987577249 ], [ 69.308524617022414, 41.276685828234271 ], [ 69.308543460083797, 41.276652807086663 ], [ 69.308840673085442, 41.276125300224756 ], [ 69.309136613174317, 41.275603141486563 ], [ 69.309494817292205, 41.274954260626558 ], [ 69.309756507314219, 41.274467374472657 ], [ 69.310055861001203, 41.273913784750292 ], [ 69.310218978887121, 41.273609556990301 ], [ 69.310294543372208, 41.27346862300606 ], [ 69.310458803915168, 41.27316135297238 ], [ 69.310544424141511, 41.273001184311347 ], [ 69.310583345447824, 41.272928379323943 ], [ 69.310641014594125, 41.2728246974821 ], [ 69.310838113052299, 41.272470351148627 ], [ 69.310915148977799, 41.27233127611634 ], [ 69.311023201035098, 41.272136206391856 ], [ 69.311327271775653, 41.271595585067985 ], [ 69.311612867764026, 41.271097380277929 ], [ 69.311682734235248, 41.270974484177671 ], [ 69.311692180020458, 41.270957868184752 ], [ 69.31170497472506, 41.270935362656267 ], [ 69.311876406518948, 41.270633816993033 ], [ 69.31190883031077, 41.270576784189537 ], [ 69.312196072012767, 41.270067745087118 ], [ 69.312458867860954, 41.269601882233133 ], [ 69.312712055328845, 41.269142117083547 ], [ 69.312924878796068, 41.268765665131731 ], [ 69.313187987257919, 41.268300071844365 ], [ 69.313488515042962, 41.267768216681795 ], [ 69.313780237541607, 41.267251445449581 ], [ 69.314126804883287, 41.266637698885724 ], [ 69.314320405301729, 41.266289767329852 ], [ 69.314335367641092, 41.26626302520593 ], [ 69.314467771229147, 41.266026405716808 ], [ 69.314640043846126, 41.265718533464906 ], [ 69.314915983843534, 41.265238267274377 ], [ 69.315213986464286, 41.264732021194021 ], [ 69.315536947876936, 41.264196282684104 ], [ 69.315844119601806, 41.263683785860771 ], [ 69.316145401073356, 41.263187753758928 ], [ 69.316404031433564, 41.26276773838746 ], [ 69.316598034297257, 41.262443726902411 ], [ 69.316683816220376, 41.262295484087602 ], [ 69.316815581106241, 41.262067775192037 ], [ 69.317078234122278, 41.261615533510628 ], [ 69.317329817199067, 41.261165824350464 ], [ 69.317611600737393, 41.2606632357476 ], [ 69.317859339923089, 41.260222599892487 ], [ 69.3181014691298, 41.25979306077334 ], [ 69.318182205215962, 41.259649829342266 ], [ 69.318300174674036, 41.259440539931987 ], [ 69.318407252957599, 41.259250576080049 ], [ 69.318631829981982, 41.258846891774894 ], [ 69.318787119948524, 41.258573209915305 ], [ 69.319123683651185, 41.257972855507326 ], [ 69.319334932371689, 41.257595399129535 ], [ 69.319503386250403, 41.257294061984261 ], [ 69.319727753967342, 41.256895795142583 ], [ 69.319980803992991, 41.256438615480441 ], [ 69.320217615173263, 41.256017602465981 ], [ 69.320253042931412, 41.255954617389591 ], [ 69.32034170575163, 41.255799465409602 ], [ 69.320525102206801, 41.255478540065134 ], [ 69.320742447793165, 41.255094421935979 ], [ 69.320929723173691, 41.254756533315955 ], [ 69.321011450101636, 41.254609077384252 ], [ 69.321019014814624, 41.254597200151451 ], [ 69.32128418940168, 41.254180856766808 ], [ 69.321524293805751, 41.253794925796392 ], [ 69.321628671753558, 41.253619248126185 ], [ 69.321905091451313, 41.253133377992079 ], [ 69.322133715386087, 41.252722698310784 ], [ 69.322257465503, 41.252501474646742 ], [ 69.322283283084246, 41.2524553189497 ], [ 69.322362346507347, 41.252313984062091 ], [ 69.322533082106887, 41.251973719295535 ], [ 69.322677238353791, 41.2516712587366 ], [ 69.322841553693991, 41.251351039814395 ], [ 69.322991111510675, 41.251077955324241 ], [ 69.323071556542686, 41.250931066512365 ], [ 69.323271234064038, 41.250576927575999 ], [ 69.323309382819218, 41.250509955865603 ], [ 69.323485622396504, 41.250200548927552 ], [ 69.323756260537095, 41.249713946231523 ], [ 69.323975348855114, 41.249329482848182 ], [ 69.324259053889833, 41.248823840181828 ], [ 69.32445806126799, 41.248470024824023 ], [ 69.324743845004249, 41.247957009481787 ], [ 69.324977696235663, 41.247533672410363 ], [ 69.32502643073812, 41.247445451710817 ], [ 69.325267976039939, 41.247017328000581 ], [ 69.325552919851418, 41.246513949702248 ], [ 69.325826977878322, 41.246027963234383 ], [ 69.326061080637956, 41.245618132487273 ], [ 69.326291239793534, 41.2452023546332 ], [ 69.326361815933822, 41.245081279417228 ], [ 69.326511850755949, 41.244813163620528 ], [ 69.326717970994522, 41.244441561624718 ], [ 69.326910262567637, 41.244108895198487 ], [ 69.326996297815654, 41.243960053523381 ], [ 69.327155275366422, 41.243672362507581 ], [ 69.327204903692589, 41.243583194334256 ], [ 69.327416376093637, 41.243204312672731 ], [ 69.327566884327936, 41.242939554327435 ], [ 69.327686517465878, 41.2427218660157 ], [ 69.327818688390252, 41.242485054514496 ], [ 69.327851600865642, 41.242426083528166 ], [ 69.327890621884961, 41.242361086637572 ], [ 69.328115910375061, 41.241985821122505 ], [ 69.3282582178891, 41.241768337004387 ], [ 69.328315794508924, 41.241680346963683 ], [ 69.328514438967716, 41.241416283590347 ], [ 69.328595316089363, 41.241312889454662 ], [ 69.32860933968928, 41.241294962915347 ], [ 69.32872232798907, 41.241150517614201 ], [ 69.3289307506097, 41.240892506457399 ], [ 69.328896263387634, 41.240882480257532 ], [ 69.328491367536259, 41.240692654275996 ], [ 69.328101981996568, 41.240496918579431 ], [ 69.327499661598566, 41.240208421994005 ], [ 69.327321464592302, 41.240115446753478 ], [ 69.32692023566392, 41.23990610083704 ], [ 69.326484734210794, 41.23970364835867 ], [ 69.325893084001748, 41.239445774695483 ], [ 69.325829920759162, 41.23941824475714 ], [ 69.325347848845098, 41.239208125861119 ], [ 69.325166913773842, 41.239117586407673 ], [ 69.325086319621477, 41.239047976598393 ], [ 69.324938229651949, 41.238858154745593 ], [ 69.324623908235722, 41.238442829028912 ], [ 69.324302593435021, 41.23809443789181 ], [ 69.324145366700733, 41.237940754621043 ], [ 69.323960669485047, 41.23784159586944 ], [ 69.323729355994331, 41.23775878174775 ], [ 69.323543440663116, 41.237705721993002 ], [ 69.323325742937186, 41.237672573050283 ], [ 69.322575151109945, 41.237586225758037 ], [ 69.322382580160806, 41.237564072833308 ], [ 69.321933427908633, 41.237512403137067 ], [ 69.321922214238967, 41.237511112897167 ], [ 69.321716663532285, 41.237613892247047 ], [ 69.321582090512834, 41.237681035921852 ], [ 69.321438616087221, 41.237752619693097 ], [ 69.321351628624981, 41.237850303255428 ], [ 69.321280178423919, 41.237892995775184 ], [ 69.321169238282963, 41.237959283287495 ], [ 69.321042551573413, 41.238060525817012 ], [ 69.320397114736707, 41.238576331693572 ], [ 69.320389845569437, 41.238582142406869 ], [ 69.320188913999928, 41.23874272986312 ], [ 69.319780662042632, 41.239069011739609 ], [ 69.319247566718758, 41.239498298718956 ], [ 69.319167363333548, 41.239569379281107 ], [ 69.319018331929598, 41.239701457726355 ], [ 69.318931786438498, 41.239778160211465 ], [ 69.318915335590717, 41.239792736037657 ], [ 69.318829425208506, 41.239868875053702 ], [ 69.318174433890448, 41.240417119824343 ], [ 69.318018089301788, 41.240547982706445 ], [ 69.317934477708405, 41.240621589796191 ], [ 69.317884225053078, 41.240665829394423 ], [ 69.317172885112186, 41.241292048898131 ], [ 69.317167823105578, 41.241296505034313 ], [ 69.317081138375599, 41.241372817247367 ], [ 69.316964658324295, 41.241492758453511 ], [ 69.31677479938898, 41.241688258804096 ], [ 69.316582971346591, 41.241857171268364 ], [ 69.316048486328938, 41.242327794830281 ], [ 69.315666258565443, 41.242623185317193 ], [ 69.315625770597279, 41.242651276567997 ], [ 69.315426077804574, 41.242789825131439 ], [ 69.315126528284864, 41.242997654855891 ], [ 69.314827427024497, 41.243179605712761 ], [ 69.314020659050982, 41.243510707784893 ], [ 69.313416409970074, 41.24372812463821 ], [ 69.313366571438095, 41.243746057264588 ], [ 69.313207292951716, 41.243791549740131 ], [ 69.312802118622571, 41.243907273712061 ], [ 69.312741734767513, 41.243921500759555 ], [ 69.3123416161568, 41.244015774881426 ], [ 69.312252429618781, 41.244029196092363 ], [ 69.311906168602604, 41.244081303732081 ], [ 69.31136284865417, 41.244125276887395 ], [ 69.311137176583429, 41.244129353902935 ], [ 69.311106011331276, 41.244129917228157 ], [ 69.311041189798686, 41.244131087782755 ], [ 69.31052953636231, 41.24414033131341 ], [ 69.310363131540754, 41.244139516720992 ], [ 69.310348963312094, 41.244139447825106 ], [ 69.310072104338147, 41.244138092872866 ], [ 69.309170170640073, 41.244133680159251 ], [ 69.309163823144274, 41.244133649088589 ], [ 69.30895870183231, 41.244136333326153 ], [ 69.307680881578307, 41.244153043276683 ], [ 69.307321559057911, 41.244157739677775 ], [ 69.305783815768052, 41.244153616733406 ], [ 69.304438732360524, 41.244152588023617 ], [ 69.304416473006114, 41.244152571137398 ], [ 69.304290191436735, 41.24415322091992 ], [ 69.304268201576889, 41.244153333720007 ], [ 69.303679155583822, 41.244156363786971 ], [ 69.303630227943572, 41.244156615729665 ], [ 69.303054064690016, 41.244159576225151 ], [ 69.302858170872639, 41.244160581294096 ], [ 69.30255345963333, 41.244162144959787 ], [ 69.302477617568812, 41.244161849788384 ], [ 69.30225372416237, 41.244160983862052 ], [ 69.302199053592474, 41.244160771770879 ], [ 69.302105252408822, 41.244160408379052 ], [ 69.302102875466574, 41.244160398922745 ], [ 69.301965170920042, 41.244159865317577 ], [ 69.301865987929517, 41.244159480311353 ], [ 69.301804767742922, 41.244159243228566 ], [ 69.301793888246507, 41.24415920270156 ], [ 69.301743906882407, 41.244160960221315 ], [ 69.301747028528013, 41.244270045907776 ], [ 69.301749983087007, 41.244373270555698 ], [ 69.301751867752444, 41.244439118534167 ], [ 69.301761951341533, 41.244791456236008 ], [ 69.301770170028036, 41.245078624262383 ], [ 69.301782572168875, 41.245511931134928 ], [ 69.301785993851794, 41.24563149595717 ], [ 69.301785582423378, 41.245686734981128 ], [ 69.301783197396318, 41.246007300468882 ], [ 69.301779331945639, 41.246526720641178 ], [ 69.301778527055149, 41.246634918248297 ], [ 69.301774128903517, 41.247225995306358 ], [ 69.301774166632768, 41.24730738783645 ], [ 69.301774463975093, 41.247942792768669 ], [ 69.301774600519039, 41.248234754495968 ], [ 69.301774798148386, 41.248657799978631 ], [ 69.30177502542216, 41.248677143519558 ], [ 69.301777352957075, 41.248875219293005 ], [ 69.301782288301254, 41.249295264570065 ], [ 69.301782778781416, 41.249337025671601 ], [ 69.301785005704971, 41.249526549631355 ], [ 69.301785581525081, 41.249575542699887 ], [ 69.301793075271164, 41.250100073535044 ], [ 69.301795957066588, 41.25030178802718 ], [ 69.301797829155674, 41.25043285399196 ], [ 69.30180552412439, 41.250971499448269 ], [ 69.301812836410789, 41.251483333530011 ], [ 69.301813222686363, 41.251521255085642 ], [ 69.301812929835592, 41.251563832641033 ], [ 69.301811518582284, 41.251769007266603 ], [ 69.301813892829571, 41.252078951798232 ], [ 69.301812696273601, 41.25229433633276 ], [ 69.301812598357245, 41.25231204373766 ], [ 69.301819488435456, 41.252440695295562 ], [ 69.301823589244734, 41.252517272068516 ], [ 69.301831091973995, 41.252657351018868 ], [ 69.301830669765835, 41.252657993287862 ], [ 69.301830540408417, 41.252658190493499 ], [ 69.301829775043785, 41.252659362246064 ], [ 69.301829741806131, 41.252659406819937 ], [ 69.301829539685173, 41.252659714784855 ], [ 69.301819846863268, 41.252674472786929 ], [ 69.30163194805192, 41.252960555985034 ], [ 69.301458089908465, 41.253197357211654 ], [ 69.301452035263438, 41.253205689755134 ], [ 69.301341190343919, 41.253358239676928 ], [ 69.301183173990481, 41.253557899142173 ], [ 69.3010713508056, 41.253724369246704 ], [ 69.300896454209678, 41.254013684788596 ], [ 69.300807230840732, 41.254184730551181 ], [ 69.3007997532643, 41.254199064766958 ], [ 69.30076872455605, 41.254258547845467 ], [ 69.300747326685979, 41.254344403744597 ], [ 69.300747377889948, 41.254344593516329 ], [ 69.300751290951354, 41.254359208640167 ], [ 69.300772389682407, 41.25443800301769 ], [ 69.300807701557915, 41.254511064317448 ], [ 69.30089190334445, 41.254691023275448 ], [ 69.30090023611703, 41.254713597884958 ], [ 69.30093699428015, 41.254813170681928 ], [ 69.300944826691122, 41.254868204744326 ], [ 69.300945622598434, 41.254900993788539 ], [ 69.300945768125501, 41.254906971884878 ], [ 69.300948331917354, 41.255012625125069 ], [ 69.300946465218189, 41.255026319614807 ], [ 69.300931913408903, 41.25507489660351 ], [ 69.300849319606741, 41.255317012474897 ], [ 69.300933109964831, 41.255411634159593 ], [ 69.300972209137612, 41.255460379019617 ], [ 69.300985355083469, 41.255476768667826 ], [ 69.30103104519543, 41.255533730919311 ], [ 69.301051747769478, 41.255559540751889 ] ] ] ] } },
{ "type": "Feature", "properties": { "id": 186, "reg_name": "Toshkent shahri", "reg_kiril": "Тошкент шаҳри", "dist_name": "Shayxontohur tumani", "dist_kir": "Шайхонтоҳур тумани", "cad_id": "10:10", "shp_len": 40813.747957242194, "shp_area": 48025350.309098706 }, "geometry": { "type": "MultiPolygon", "coordinates": [ [ [ [ 69.19693598675218, 41.348298348231182 ], [ 69.197162541866817, 41.348261240225305 ], [ 69.197452329394324, 41.348213775854475 ], [ 69.197517472523813, 41.348199514214734 ], [ 69.197711561625752, 41.348157025326735 ], [ 69.197746098255195, 41.348149465599448 ], [ 69.197948723148983, 41.348096020123286 ], [ 69.19805529388438, 41.348058040710264 ], [ 69.198070963197893, 41.348052455540284 ], [ 69.198206227021814, 41.3479816340326 ], [ 69.198464896907851, 41.347857760611788 ], [ 69.198964921652887, 41.347655611193836 ], [ 69.19920486256359, 41.347570597612474 ], [ 69.200075526804937, 41.347285123349224 ], [ 69.200613208028386, 41.347121673051944 ], [ 69.201436088184835, 41.34687286458945 ], [ 69.202169138609506, 41.346650857427427 ], [ 69.202964775558328, 41.346410643635842 ], [ 69.203654796680894, 41.346202731077156 ], [ 69.204356554292616, 41.345983658624903 ], [ 69.205041073234057, 41.345775793933846 ], [ 69.206524431618348, 41.345341364075679 ], [ 69.2066871578388, 41.345277148771949 ], [ 69.206824154512873, 41.345189440537823 ], [ 69.206907441814437, 41.345089004136156 ], [ 69.206945418093099, 41.345010199158381 ], [ 69.206965284335581, 41.344845967581364 ], [ 69.206915080189319, 41.344676372011214 ], [ 69.206846699531567, 41.34455260627751 ], [ 69.206547663848212, 41.34401135696951 ], [ 69.206164695872928, 41.3433132519664 ], [ 69.205823909190116, 41.342692715846262 ], [ 69.205269654947998, 41.341679527830593 ], [ 69.205025049984329, 41.341227645003947 ], [ 69.204870808351743, 41.340939014166253 ], [ 69.204824196568282, 41.340846707764513 ], [ 69.204806373993065, 41.340766086079952 ], [ 69.204800542130243, 41.340689055746381 ], [ 69.204809077023739, 41.340608688134914 ], [ 69.204837481753017, 41.340532625454472 ], [ 69.204878786289797, 41.340450997096767 ], [ 69.204935778106346, 41.340370521953311 ], [ 69.204997550756858, 41.340314859229615 ], [ 69.205069566896555, 41.340270566424628 ], [ 69.205494937149922, 41.340029467139047 ], [ 69.206233505925354, 41.339609978072929 ], [ 69.206818079206613, 41.339273108381214 ], [ 69.207217720811883, 41.339044144477015 ], [ 69.207963307226365, 41.338616974919042 ], [ 69.209562712673957, 41.337717647583936 ], [ 69.210635173562423, 41.337109748636259 ], [ 69.210660455747814, 41.337095417790181 ], [ 69.211428823437871, 41.336659875116347 ], [ 69.212872022637342, 41.335836937054168 ], [ 69.216489817662548, 41.333798848878153 ], [ 69.217979969106992, 41.332948449594312 ], [ 69.218320901316858, 41.332753880163551 ], [ 69.218340511539537, 41.332742829962847 ], [ 69.220037434501108, 41.331786569711149 ], [ 69.222447641357888, 41.330418644824903 ], [ 69.22254985077258, 41.330360116169494 ], [ 69.224550634268951, 41.329214403406588 ], [ 69.225924232000196, 41.328428052809898 ], [ 69.227866045589721, 41.327314904933253 ], [ 69.228714514257021, 41.326823350075159 ], [ 69.230675040652244, 41.325720704031482 ], [ 69.231362049723629, 41.325331590226334 ], [ 69.231707533697076, 41.325135911922082 ], [ 69.231726745966071, 41.325155222684472 ], [ 69.233418127220645, 41.32685551000678 ], [ 69.234405552686013, 41.327833315997957 ], [ 69.234924386356468, 41.328347081162427 ], [ 69.235384953500926, 41.328793647318086 ], [ 69.235685736407532, 41.329086501500875 ], [ 69.23569095921259, 41.32909158844042 ], [ 69.235853595601498, 41.329179606395968 ], [ 69.23597541883214, 41.329236229104197 ], [ 69.236114531937019, 41.329268076868502 ], [ 69.236371550719596, 41.329273890304776 ], [ 69.236983722043021, 41.329198544946543 ], [ 69.238360612099811, 41.32904860544113 ], [ 69.23864178747867, 41.328968645748652 ], [ 69.238919913077154, 41.328863282207287 ], [ 69.23919684661125, 41.328714642510654 ], [ 69.239363583809464, 41.328607576603439 ], [ 69.239516650445665, 41.328478474108095 ], [ 69.240364982569076, 41.327126855466908 ], [ 69.24036950109496, 41.327128419169441 ], [ 69.242205843486957, 41.327763715086334 ], [ 69.242972570853311, 41.328042353715858 ], [ 69.243942069538861, 41.328211164218175 ], [ 69.247084344063353, 41.328762887410292 ], [ 69.247350953259925, 41.328615673537961 ], [ 69.247501771412942, 41.328532396420499 ], [ 69.247621901319249, 41.328466063234146 ], [ 69.247652595854206, 41.328449114474566 ], [ 69.247683122404212, 41.32848054573487 ], [ 69.247683194269399, 41.328480619938368 ], [ 69.247683289490837, 41.328480717752072 ], [ 69.247683311050409, 41.328480739338552 ], [ 69.247713638174417, 41.328511970234231 ], [ 69.247857026361743, 41.328659629560647 ], [ 69.248917333044417, 41.32975149962617 ], [ 69.250405518975001, 41.33126167194068 ], [ 69.251309078623748, 41.332169323187003 ], [ 69.251365894370537, 41.332227007718537 ], [ 69.251676803086994, 41.332542665997828 ], [ 69.252778545460444, 41.333661212479939 ], [ 69.252867892796914, 41.333752065351348 ], [ 69.253672368269861, 41.334570084890217 ], [ 69.253931300463989, 41.33483225521784 ], [ 69.254406087939401, 41.33531297575869 ], [ 69.254814887869017, 41.335729979980265 ], [ 69.255717386607387, 41.336648582086369 ], [ 69.25609934667294, 41.337034110844208 ], [ 69.256133159260258, 41.337068238613909 ], [ 69.256280109267678, 41.337216559104313 ], [ 69.256645397499867, 41.337620193012157 ], [ 69.256846896804632, 41.337873641503833 ], [ 69.257159998308708, 41.33797011432943 ], [ 69.2573937974378, 41.338042151344204 ], [ 69.257504778002939, 41.338097008660554 ], [ 69.257534416119114, 41.338111658314133 ], [ 69.257889685440929, 41.338287261674651 ], [ 69.25814135924756, 41.338467388257897 ], [ 69.258444806557293, 41.338684567799653 ], [ 69.259927077980066, 41.339979757566539 ], [ 69.26055043332876, 41.340578796430052 ], [ 69.260807753046933, 41.340955764760857 ], [ 69.261051741766323, 41.341334098682381 ], [ 69.261520223068445, 41.342063286762347 ], [ 69.262254496998523, 41.343137520528188 ], [ 69.262801875535459, 41.343942906363516 ], [ 69.262982026377472, 41.344116832916157 ], [ 69.263001019457505, 41.344135169592214 ], [ 69.263008737782428, 41.344142620530349 ], [ 69.26300876742684, 41.344142602995511 ], [ 69.263008797071237, 41.344142584786347 ], [ 69.263008834800488, 41.344142562530628 ], [ 69.263008988412395, 41.344142470135751 ], [ 69.263009124956312, 41.344142387857133 ], [ 69.263009182448499, 41.34414235346194 ], [ 69.263009212092911, 41.344142335252769 ], [ 69.263009277669923, 41.344142296136688 ], [ 69.263009378281239, 41.3441422354393 ], [ 69.263009448349834, 41.344142194974417 ], [ 69.263858088595356, 41.343632161855332 ], [ 69.264068543205198, 41.343512386038526 ], [ 69.264584181568154, 41.343218919586256 ], [ 69.2656437219879, 41.342618101579617 ], [ 69.266138691014518, 41.342340174098979 ], [ 69.267288801377816, 41.34168881420225 ], [ 69.2696230269312, 41.340381222167338 ], [ 69.270040721978745, 41.340177717487151 ], [ 69.270268960536256, 41.340056616077959 ], [ 69.271546047765, 41.339338170663396 ], [ 69.273248787318039, 41.3383802205487 ], [ 69.27373029688674, 41.338105351948961 ], [ 69.274138875830772, 41.337868056134738 ], [ 69.274696256210049, 41.337556205489172 ], [ 69.274749459831071, 41.337525801799167 ], [ 69.274913136469124, 41.337432266370321 ], [ 69.274904670745869, 41.337423285607713 ], [ 69.274712101593352, 41.337219000072018 ], [ 69.274564725784472, 41.337062657222695 ], [ 69.274260860758162, 41.336325037261304 ], [ 69.274164572139483, 41.335944298652457 ], [ 69.274162738678001, 41.335938480415422 ], [ 69.273991731787248, 41.3353957970115 ], [ 69.273893863032001, 41.335089687415049 ], [ 69.273795994276725, 41.334783576380005 ], [ 69.27357998358687, 41.334498091925887 ], [ 69.273518758010368, 41.334417174364255 ], [ 69.273476958501888, 41.334361930148823 ], [ 69.273006208055335, 41.333739769476324 ], [ 69.272929284419249, 41.333320534668495 ], [ 69.27287236985778, 41.332819780656244 ], [ 69.27292654635427, 41.332586976874396 ], [ 69.273152435817281, 41.332168255391672 ], [ 69.273199688099552, 41.332032608815361 ], [ 69.273197549210849, 41.331956534095724 ], [ 69.273014471657632, 41.331440747447296 ], [ 69.272986228625115, 41.331042607237706 ], [ 69.272949533344061, 41.330211218158745 ], [ 69.272756192538736, 41.329948339830786 ], [ 69.272410024947362, 41.329712838322536 ], [ 69.272394647586324, 41.329702376500911 ], [ 69.272382543686192, 41.329694141415693 ], [ 69.271261156055772, 41.329138582407388 ], [ 69.271053730565086, 41.328940935665784 ], [ 69.270713486464714, 41.328382142377734 ], [ 69.270477568209856, 41.327996637291626 ], [ 69.270461635689969, 41.327970602458421 ], [ 69.270443816707981, 41.327843625663796 ], [ 69.270449680011865, 41.327756151642454 ], [ 69.270452335431813, 41.327716542037209 ], [ 69.270456998586496, 41.327646969333415 ], [ 69.270458324499842, 41.32762719114681 ], [ 69.270461803674934, 41.327575297241836 ], [ 69.270466363523298, 41.3275072698668 ], [ 69.270475701510691, 41.327476458083012 ], [ 69.270898820585913, 41.327554436321506 ], [ 69.270924489945187, 41.327611409877854 ], [ 69.271134123494832, 41.327040594749178 ], [ 69.270913081341078, 41.326993295027705 ], [ 69.270907377038995, 41.327011569740165 ], [ 69.270830368961256, 41.32700082010836 ], [ 69.270844629716407, 41.326963195371086 ], [ 69.270652109072941, 41.326928795842804 ], [ 69.270645079755809, 41.326925753426863 ], [ 69.270655389720332, 41.326893449841485 ], [ 69.270758982540571, 41.326568890541218 ], [ 69.270802904768104, 41.326431280692987 ], [ 69.270803228161583, 41.326430268795235 ], [ 69.270811187234997, 41.32640533158289 ], [ 69.270820091336091, 41.326377434895086 ], [ 69.270841734446222, 41.326309626863576 ], [ 69.270849006308467, 41.32603876371391 ], [ 69.27080514247146, 41.32587607771196 ], [ 69.270008040370428, 41.325134129597494 ], [ 69.269947929603163, 41.32505913699665 ], [ 69.269782665642026, 41.324666978743323 ], [ 69.269420958094571, 41.323375760978287 ], [ 69.269395054275037, 41.32327893799328 ], [ 69.269379268180543, 41.323219927983331 ], [ 69.269335016271327, 41.323054510099254 ], [ 69.269231347992587, 41.322889458796766 ], [ 69.269124381998466, 41.322797031018148 ], [ 69.269013942219118, 41.322701602322766 ], [ 69.268339869786118, 41.3221124539334 ], [ 69.268177696927864, 41.321952750853335 ], [ 69.268064128316396, 41.321802748123098 ], [ 69.267926942996084, 41.321508627943473 ], [ 69.267663123068516, 41.320866949512897 ], [ 69.267553496264497, 41.320585215898141 ], [ 69.267298600200931, 41.31993014165846 ], [ 69.267277832948196, 41.319877794994369 ], [ 69.266689115738529, 41.31839380230204 ], [ 69.266588663428536, 41.318159621218847 ], [ 69.266457346801957, 41.318002219250864 ], [ 69.265987697689994, 41.317563257112901 ], [ 69.265793834963432, 41.317400180894879 ], [ 69.265620192415653, 41.317177685995645 ], [ 69.26557850250164, 41.317102616094374 ], [ 69.265472952252367, 41.316912553547652 ], [ 69.265321874486219, 41.316519703279702 ], [ 69.264934504766018, 41.315470026595882 ], [ 69.264752371342183, 41.315025059295166 ], [ 69.264588648890083, 41.31451910088289 ], [ 69.264500324734698, 41.314205189862541 ], [ 69.26442422395543, 41.313990608054574 ], [ 69.264301415272925, 41.313717646569913 ], [ 69.264246276680794, 41.313612225981359 ], [ 69.264116744108378, 41.313403179083501 ], [ 69.263990015177995, 41.313278247362597 ], [ 69.263660252620369, 41.313051097552389 ], [ 69.263483699531051, 41.312926279187515 ], [ 69.263423657035759, 41.312819928877808 ], [ 69.263373628959258, 41.312749718834048 ], [ 69.263335453254655, 41.312534145761674 ], [ 69.263328988977875, 41.31245078736552 ], [ 69.263228954384459, 41.312337481015476 ], [ 69.263055920894416, 41.312278604144552 ], [ 69.261135951637655, 41.312178212135265 ], [ 69.260855245179386, 41.312133031126166 ], [ 69.260566939872092, 41.312011279756305 ], [ 69.260430455237724, 41.311936454911411 ], [ 69.260327116640681, 41.311844024419607 ], [ 69.260090089864789, 41.311479628993759 ], [ 69.259989801048121, 41.311086872162043 ], [ 69.259691804715573, 41.311109889479475 ], [ 69.25951405057873, 41.311123619435044 ], [ 69.259484468158107, 41.311125904836764 ], [ 69.259442970483548, 41.311129109932033 ], [ 69.259334230316739, 41.311137509979837 ], [ 69.255519067338753, 41.311282621664347 ], [ 69.253663787562246, 41.311353188883821 ], [ 69.253568412530214, 41.311357039707964 ], [ 69.253403218637672, 41.311363709656028 ], [ 69.252179172434907, 41.311413118531945 ], [ 69.249007017249099, 41.311541164436868 ], [ 69.248392484254822, 41.311565739597157 ], [ 69.248028283882448, 41.311580304125215 ], [ 69.247020236691426, 41.311620615159136 ], [ 69.247007536309923, 41.311621123247235 ], [ 69.245809150483268, 41.311669045450962 ], [ 69.243110870982875, 41.311778886096633 ], [ 69.243002315868992, 41.311783303685708 ], [ 69.242928940578281, 41.311786290804399 ], [ 69.242775494853007, 41.311792065315267 ], [ 69.242348325274179, 41.311808141232426 ], [ 69.241702455449513, 41.311832446392245 ], [ 69.241417839523109, 41.311843156016998 ], [ 69.241408641672891, 41.311843502163512 ], [ 69.241386836866013, 41.311844322658843 ], [ 69.240913254031369, 41.311862142790076 ], [ 69.240666895556288, 41.311851732757162 ], [ 69.240634806836027, 41.311850377185642 ], [ 69.240576961619922, 41.311813946779871 ], [ 69.240470661277399, 41.311746998746109 ], [ 69.240410896361567, 41.311593069760953 ], [ 69.240327070969158, 41.311072100373231 ], [ 69.240201445169916, 41.310537618068366 ], [ 69.240095621832822, 41.310185289615823 ], [ 69.239121924421639, 41.308956554289153 ], [ 69.237841888023823, 41.307309633908886 ], [ 69.237111459781474, 41.30638995414521 ], [ 69.237024404047304, 41.306280340602747 ], [ 69.236628794979325, 41.30577617140348 ], [ 69.236611436833073, 41.305754049703594 ], [ 69.23590988134228, 41.304859958839174 ], [ 69.235864399639425, 41.304801992973793 ], [ 69.235613671758784, 41.304482448282151 ], [ 69.234793778500688, 41.303454913509462 ], [ 69.234622036788025, 41.303238329162731 ], [ 69.234442821990513, 41.303012319269591 ], [ 69.234318523002983, 41.302855562992214 ], [ 69.234183913152606, 41.302684575223488 ], [ 69.233953644402561, 41.302394928044023 ], [ 69.233907727016799, 41.302337170539936 ], [ 69.233809966957708, 41.302214200320286 ], [ 69.233764825716364, 41.30215741781403 ], [ 69.2334608403158, 41.301823464871475 ], [ 69.232768396436896, 41.301076857023006 ], [ 69.231432287199056, 41.299658172607231 ], [ 69.231419899431316, 41.299662151673573 ], [ 69.231353902004003, 41.299683350860874 ], [ 69.230545458672495, 41.299943036971911 ], [ 69.228312200163785, 41.300705086560505 ], [ 69.227882172145669, 41.30085172235988 ], [ 69.226403619748183, 41.301355879694007 ], [ 69.223792442694403, 41.302215449466061 ], [ 69.223412798485668, 41.302285334104901 ], [ 69.222862719612991, 41.302313566381791 ], [ 69.222394241904126, 41.302262611955115 ], [ 69.222003627469135, 41.302147075066266 ], [ 69.221917272420868, 41.302121534019548 ], [ 69.221503934202445, 41.301912417209039 ], [ 69.220732788023227, 41.301449623479733 ], [ 69.220440190565498, 41.301319579070842 ], [ 69.220024602965594, 41.301204022964917 ], [ 69.219546079396892, 41.301083928890087 ], [ 69.219004696216189, 41.301017047447374 ], [ 69.216802274176246, 41.300979232920369 ], [ 69.216355588697851, 41.300967311483426 ], [ 69.21458883429932, 41.300920139284415 ], [ 69.213604163966949, 41.300893839886243 ], [ 69.211733934427485, 41.300843656393916 ], [ 69.211461509537784, 41.300836344249412 ], [ 69.210949079058693, 41.300822589182168 ], [ 69.210721929259307, 41.300816489090302 ], [ 69.210504312381758, 41.300810646795824 ], [ 69.208540084927577, 41.300754952298348 ], [ 69.207041739051121, 41.300711970180686 ], [ 69.205222444886573, 41.300662132754297 ], [ 69.203472916581944, 41.300632701201366 ], [ 69.202832103374007, 41.300608951330105 ], [ 69.202039104777157, 41.300578242231715 ], [ 69.202010944389656, 41.300578205114064 ], [ 69.201233304289218, 41.3005771840417 ], [ 69.2008311447062, 41.300631763138263 ], [ 69.200808883555126, 41.300635880492656 ], [ 69.200572676941064, 41.300679568569315 ], [ 69.200560482311076, 41.300683324193074 ], [ 69.200596176868899, 41.300754332772996 ], [ 69.200752274420864, 41.301040394952672 ], [ 69.198678561198179, 41.302133397208365 ], [ 69.198645808622942, 41.302150659868488 ], [ 69.19839190879101, 41.302293362101011 ], [ 69.197715346228065, 41.30244489574131 ], [ 69.197485035257216, 41.302491212482103 ], [ 69.19738402689002, 41.30225637567856 ], [ 69.197297999726857, 41.302237613532192 ], [ 69.197136736861978, 41.301842217014226 ], [ 69.196521739438694, 41.302028873660795 ], [ 69.195616080427129, 41.302367413165285 ], [ 69.194857110013245, 41.302635412799681 ], [ 69.194143880016995, 41.302868755486962 ], [ 69.193853807723542, 41.302963522182047 ], [ 69.193809148877506, 41.304302791221595 ], [ 69.193797635170512, 41.30458239731 ], [ 69.193788101350407, 41.30481390561188 ], [ 69.19378241142141, 41.304952039553065 ], [ 69.193764244791396, 41.305412221182102 ], [ 69.193746518335914, 41.305852662005272 ], [ 69.193733175658977, 41.306184326284146 ], [ 69.193710148244989, 41.306742564931191 ], [ 69.193709638001906, 41.30675500086118 ], [ 69.193691146181791, 41.307203243395925 ], [ 69.193631498046912, 41.308243629798589 ], [ 69.193579786527593, 41.309145528000506 ], [ 69.193578379765881, 41.309454481527354 ], [ 69.193516779591889, 41.310820462584928 ], [ 69.193488886004005, 41.311631093378864 ], [ 69.193488738680287, 41.311635385474183 ], [ 69.193486402162236, 41.311703274225415 ], [ 69.193467614796376, 41.312156909725203 ], [ 69.193428405130859, 41.313077981092555 ], [ 69.193414926808344, 41.313956852790483 ], [ 69.193378306985792, 41.315307540912869 ], [ 69.193294692697464, 41.317120609534129 ], [ 69.193288536542823, 41.317307794583613 ], [ 69.19327495311741, 41.317631157907272 ], [ 69.193262587807496, 41.317838694789344 ], [ 69.193262166497661, 41.317845758091622 ], [ 69.193253846301474, 41.318247523053017 ], [ 69.193211241902503, 41.319809914756604 ], [ 69.193178064424103, 41.320710386610919 ], [ 69.1931734964909, 41.320858543297604 ], [ 69.193150878708678, 41.321592256084728 ], [ 69.193150434042607, 41.321606635542835 ], [ 69.193137730067861, 41.322018762118873 ], [ 69.193137730067861, 41.32209054489222 ], [ 69.193137730966185, 41.322115072223546 ], [ 69.193137733661118, 41.322313688890901 ], [ 69.193136136456545, 41.322409382613273 ], [ 69.193136407747758, 41.322425791208019 ], [ 69.193136752700823, 41.322446879099921 ], [ 69.193131997918044, 41.323130761173097 ], [ 69.193131732915049, 41.323137041328074 ], [ 69.193063398071374, 41.324762459879047 ], [ 69.193066201713378, 41.324903820734178 ], [ 69.193086970762735, 41.325060459237505 ], [ 69.193132807300103, 41.325212551834873 ], [ 69.193204875542079, 41.325365416505143 ], [ 69.193340481624119, 41.325562466946415 ], [ 69.193507390400555, 41.325762412872791 ], [ 69.193573062637697, 41.325841076537088 ], [ 69.193805641854638, 41.326119686285701 ], [ 69.19390268236323, 41.326235934221593 ], [ 69.194002193238831, 41.326326370426827 ], [ 69.194195172023086, 41.326501751235284 ], [ 69.192858773527732, 41.326637306788818 ], [ 69.191141809152143, 41.326759030164347 ], [ 69.189394827571363, 41.326860465574711 ], [ 69.187098537872401, 41.327004730046809 ], [ 69.186637994982433, 41.327033663314282 ], [ 69.185146289452547, 41.327127379624301 ], [ 69.183538537757656, 41.327252683482513 ], [ 69.181856808002451, 41.327358337677921 ], [ 69.179426868752174, 41.327510996961728 ], [ 69.177772299559578, 41.327635881838866 ], [ 69.174978936979656, 41.327811373127254 ], [ 69.172810511681618, 41.327962726032261 ], [ 69.171163554812765, 41.328066194781243 ], [ 69.169850849383025, 41.328172356291162 ], [ 69.169644424615569, 41.328185324424389 ], [ 69.169256515906199, 41.328185880953171 ], [ 69.168923328970706, 41.328181372732793 ], [ 69.168620158342108, 41.328161086074658 ], [ 69.168205925401637, 41.328129528513585 ], [ 69.168021291966369, 41.328118295391647 ], [ 69.168017594500654, 41.328201517722803 ], [ 69.168041694503088, 41.329207068810256 ], [ 69.167378238360101, 41.329224020070932 ], [ 69.167323443822724, 41.329225419802725 ], [ 69.167328865155469, 41.329308921340314 ], [ 69.167350307941291, 41.32963920416946 ], [ 69.167359078193414, 41.329774283699145 ], [ 69.167428444303027, 41.330016254703523 ], [ 69.167666123255856, 41.330303971350801 ], [ 69.167631678254594, 41.330642651391507 ], [ 69.167588905870645, 41.33106321071196 ], [ 69.167364214760212, 41.331058592738941 ], [ 69.167001618778926, 41.330997312489572 ], [ 69.166803118948906, 41.330974113320636 ], [ 69.166609654176085, 41.330995406882423 ], [ 69.166518719516503, 41.331028914531011 ], [ 69.166281250769444, 41.33115905617516 ], [ 69.166110275319724, 41.33124894523359 ], [ 69.166066697146988, 41.331271856947076 ], [ 69.16589847593194, 41.331304193438157 ], [ 69.165762904884218, 41.33133025459572 ], [ 69.165203496109029, 41.331336851672397 ], [ 69.165152561632397, 41.331337452019838 ], [ 69.165082513701492, 41.331342906412083 ], [ 69.164796750626451, 41.331365158385218 ], [ 69.164577403593654, 41.33133528469812 ], [ 69.164534402139296, 41.331329428949267 ], [ 69.164458885264935, 41.331297206469358 ], [ 69.164443132408124, 41.3312904839227 ], [ 69.164249353224918, 41.331207793709154 ], [ 69.164214678254964, 41.331192998149263 ], [ 69.16404993980828, 41.331122699969363 ], [ 69.163816709312741, 41.330983345905558 ], [ 69.163795851330164, 41.330968745240057 ], [ 69.163788190497414, 41.330963384579135 ], [ 69.163126036013267, 41.330499910028038 ], [ 69.163005958209254, 41.330415860927339 ], [ 69.162823942464698, 41.330241335877091 ], [ 69.162628990980039, 41.330013404681736 ], [ 69.162562954026882, 41.32983672737133 ], [ 69.162453855432261, 41.329711505383081 ], [ 69.162353211781081, 41.329655652766697 ], [ 69.162314815989205, 41.329634345275736 ], [ 69.162296161574019, 41.329621548095957 ], [ 69.162100846271684, 41.329487543509138 ], [ 69.16179364669901, 41.329327915842462 ], [ 69.16175066231267, 41.329298385251263 ], [ 69.161650861281245, 41.329229817996023 ], [ 69.161625256600701, 41.3291792556196 ], [ 69.1615651655964, 41.329060583803965 ], [ 69.16149110219618, 41.328953142053862 ], [ 69.161302186491952, 41.328822373371622 ], [ 69.161064203908566, 41.328744829052866 ], [ 69.160984956330822, 41.328695493352072 ], [ 69.160758985121078, 41.328499875743276 ], [ 69.160655412063761, 41.328394947221348 ], [ 69.160597695306762, 41.328265229762721 ], [ 69.160564703779656, 41.32818616157855 ], [ 69.160492471145986, 41.328155358885411 ], [ 69.160442481697032, 41.328149361188807 ], [ 69.160184687668362, 41.328230421451899 ], [ 69.160155854442692, 41.328239100595638 ], [ 69.160139418866265, 41.328244049987127 ], [ 69.160107759540693, 41.328253580448504 ], [ 69.160080048310832, 41.328261923648547 ], [ 69.160059066360731, 41.3282682404109 ], [ 69.159979421727627, 41.328292219007807 ], [ 69.159837961324911, 41.328334806528353 ], [ 69.159920641365332, 41.328501422548449 ], [ 69.159985395524288, 41.328654446123004 ], [ 69.159996663991222, 41.328681267912245 ], [ 69.160071067852911, 41.328858436072601 ], [ 69.160148148694191, 41.329034816526232 ], [ 69.160176580372919, 41.329099876218365 ], [ 69.160229574686497, 41.32922032612791 ], [ 69.160307071447733, 41.329390913762637 ], [ 69.160454746395615, 41.329720570854938 ], [ 69.160457509613423, 41.329726602135139 ], [ 69.160514134019053, 41.329839441139086 ], [ 69.160543856576851, 41.329898673156499 ], [ 69.16055141859492, 41.329913742208127 ], [ 69.160644823621524, 41.330089893152397 ], [ 69.160647705416935, 41.330095112902072 ], [ 69.160742879226362, 41.330261532845789 ], [ 69.160745999075345, 41.330266842972556 ], [ 69.160812153707823, 41.330373997218317 ], [ 69.160863460086944, 41.330457101993559 ], [ 69.16091133939328, 41.33053738432065 ], [ 69.160985377640685, 41.330661497102739 ], [ 69.161054367356172, 41.33077291590147 ], [ 69.16128389140286, 41.331143712195377 ], [ 69.161320511225398, 41.331201612141641 ], [ 69.161417540055893, 41.331355026008048 ], [ 69.161543633877372, 41.331555541013174 ], [ 69.161686057274096, 41.331786299219381 ], [ 69.161739330963684, 41.331872787720073 ], [ 69.161859510277338, 41.332059685539079 ], [ 69.161921561405606, 41.332156185188389 ], [ 69.161965633651747, 41.332226634024238 ], [ 69.162012724237258, 41.332301907752182 ], [ 69.162021384894913, 41.332315751287716 ], [ 69.162041499970741, 41.332348670060753 ], [ 69.16220218971047, 41.332607148158054 ], [ 69.16220386866172, 41.332610043260203 ], [ 69.162242448608225, 41.332676550304313 ], [ 69.162380748737803, 41.332896692810465 ], [ 69.162431500856414, 41.332977420019603 ], [ 69.162432110812475, 41.332978483079962 ], [ 69.162533883645978, 41.333155808186682 ], [ 69.162608206659328, 41.333295863159059 ], [ 69.162659946924762, 41.333396257716039 ], [ 69.162718877305707, 41.333497844004548 ], [ 69.162767086293741, 41.33359934109744 ], [ 69.162817373983358, 41.333705213664061 ], [ 69.162826764971314, 41.333724984609361 ], [ 69.162849919946098, 41.333773733714111 ], [ 69.162964791114732, 41.334015571822718 ], [ 69.163085919049323, 41.33427058168332 ], [ 69.163101108662445, 41.334302561215409 ], [ 69.163160065992884, 41.334440837048312 ], [ 69.163215501927368, 41.334570855859937 ], [ 69.163239904662049, 41.334627929853582 ], [ 69.163240246021886, 41.334628752085656 ], [ 69.163343923283747, 41.334878362783407 ], [ 69.163381059637601, 41.334967771180168 ], [ 69.163444819361516, 41.335135589073289 ], [ 69.163510866196134, 41.335309429203328 ], [ 69.163564354583116, 41.335479598888973 ], [ 69.163618943406306, 41.335609214297683 ], [ 69.163633244585625, 41.335643170815693 ], [ 69.163648851017072, 41.335712422685816 ], [ 69.163654715219224, 41.335738447005753 ], [ 69.163768179626132, 41.336213665730455 ], [ 69.163859400848295, 41.336595722748015 ], [ 69.163859605664157, 41.336596579354442 ], [ 69.163861378040238, 41.336604002151859 ], [ 69.163870211174441, 41.336650903690135 ], [ 69.163872243163595, 41.336661695571749 ], [ 69.163873218733983, 41.336666876348744 ], [ 69.163875575913295, 41.33667939020674 ], [ 69.163895281357355, 41.336784031542145 ], [ 69.163918288110125, 41.33690619933477 ], [ 69.163939729997637, 41.337020058545335 ], [ 69.163944697681146, 41.337046439147272 ], [ 69.163969790321985, 41.337228421977059 ], [ 69.164005606152358, 41.33748818718712 ], [ 69.164022336376206, 41.337698671041061 ], [ 69.164026369811836, 41.337749421055854 ], [ 69.164028791669836, 41.337771759197544 ], [ 69.16404398936784, 41.337969816884183 ], [ 69.164048561792626, 41.338028630751793 ], [ 69.164052140680695, 41.33807465511741 ], [ 69.164072727372087, 41.338372060078207 ], [ 69.164074959685564, 41.338404575152829 ], [ 69.164092339391345, 41.338662169943028 ], [ 69.164109334618232, 41.338957598725479 ], [ 69.164115452145296, 41.339035246221734 ], [ 69.16411584740402, 41.339040267635575 ], [ 69.164116790635063, 41.339052240788874 ], [ 69.164135753172403, 41.339292918104462 ], [ 69.164144556662194, 41.339422900252295 ], [ 69.164148029549068, 41.339474178377316 ], [ 69.164150568188077, 41.339511653577517 ], [ 69.16415168479395, 41.33952813542853 ], [ 69.164166247383037, 41.339743136972068 ], [ 69.164167280445639, 41.33975839124647 ], [ 69.164178871407714, 41.339947625696276 ], [ 69.164185103020841, 41.340049675236607 ], [ 69.164194468856024, 41.340165679118549 ], [ 69.164209651282633, 41.340353740183353 ], [ 69.1642331646852, 41.34067402021212 ], [ 69.164253632798918, 41.341003724745846 ], [ 69.164267792942766, 41.341231817122164 ], [ 69.164287555879014, 41.341533727102693 ], [ 69.164292141778532, 41.341598745311067 ], [ 69.164295493392871, 41.341646267110406 ], [ 69.164295513155807, 41.341646542956745 ], [ 69.164308873799044, 41.341835995159506 ], [ 69.164326013654659, 41.342085425140169 ], [ 69.164327700690734, 41.342109979340691 ], [ 69.164327979168476, 41.342114034724986 ], [ 69.164330212380293, 41.342146369880389 ], [ 69.164351658759358, 41.34245233098428 ], [ 69.164366704642077, 41.34269601853029 ], [ 69.164370349107173, 41.342755052714956 ], [ 69.164375652760597, 41.342820620712246 ], [ 69.16438088724378, 41.342885759032882 ], [ 69.164382685670972, 41.342908128459854 ], [ 69.164383426781072, 41.342917353283397 ], [ 69.164391489160764, 41.343081551282317 ], [ 69.164414766306393, 41.343402101827671 ], [ 69.164417684034419, 41.343445993244835 ], [ 69.164419157271496, 41.343468159478348 ], [ 69.164436506434583, 41.343729140058464 ], [ 69.164453691205978, 41.343955840334147 ], [ 69.164466126584429, 41.344130372477089 ], [ 69.164467594431628, 41.344150970462806 ], [ 69.164468674206603, 41.344166129286634 ], [ 69.164470258834754, 41.344188370809427 ], [ 69.164472648353438, 41.344221899996882 ], [ 69.164483262846801, 41.344355379254004 ], [ 69.164483998567022, 41.344362944142723 ], [ 69.164522644090553, 41.344662485242822 ], [ 69.164538843410085, 41.344798415070933 ], [ 69.164548897354734, 41.344882774724717 ], [ 69.164551339873995, 41.344903489819259 ], [ 69.164561474667011, 41.344988508231829 ], [ 69.16459620802749, 41.345253554093105 ], [ 69.164621092259168, 41.345438968275651 ], [ 69.164636651079888, 41.345554893768714 ], [ 69.16465214791684, 41.345661720060207 ], [ 69.164654638945137, 41.345678890265091 ], [ 69.164678496402445, 41.345843349710883 ], [ 69.16470276798313, 41.345990576578721 ], [ 69.164729479388086, 41.346152602022805 ], [ 69.164753830020501, 41.346281827298228 ], [ 69.164835003586191, 41.346712998980728 ], [ 69.164845950456254, 41.346770406946504 ], [ 69.164846054660828, 41.346770951851923 ], [ 69.164895450323343, 41.347029983034957 ], [ 69.164922621665752, 41.347165076405609 ], [ 69.164952466394425, 41.347313464268595 ], [ 69.164992792665856, 41.347577729850371 ], [ 69.165007889752516, 41.347676663944277 ], [ 69.165008618286222, 41.347681166769156 ], [ 69.165029346911425, 41.347795444812952 ], [ 69.165084796320613, 41.34807325324887 ], [ 69.165088211715357, 41.348090340544147 ], [ 69.165103318683478, 41.348165914917494 ], [ 69.165112760875431, 41.348212651000466 ], [ 69.165124847707574, 41.348265778751497 ], [ 69.165129009602296, 41.348278646449351 ], [ 69.165154488518667, 41.348357429263402 ], [ 69.165215052935153, 41.348354381104535 ], [ 69.165326096382344, 41.348348787867479 ], [ 69.165635362080153, 41.348333209883812 ], [ 69.166338310857981, 41.348329851512851 ], [ 69.167117847301952, 41.348326128306553 ], [ 69.167325919579653, 41.348324687848532 ], [ 69.168045570733554, 41.348319706938554 ], [ 69.168700279082302, 41.348315176508578 ], [ 69.169660260117411, 41.348303607658409 ], [ 69.169705667260061, 41.348303060742722 ], [ 69.169859784026855, 41.348301203522283 ], [ 69.170451045265395, 41.348294076084223 ], [ 69.171830425452143, 41.348283532275993 ], [ 69.172769082279046, 41.348286505582863 ], [ 69.173232471031838, 41.348301372115273 ], [ 69.174416105623223, 41.348487549772557 ], [ 69.174948098714253, 41.348589226491576 ], [ 69.175838538468298, 41.348768361584249 ], [ 69.176530117269564, 41.348907489450021 ], [ 69.17667200976193, 41.348936033321593 ], [ 69.177699017693669, 41.349155071563189 ], [ 69.178198730723281, 41.349253822531232 ], [ 69.178549724962679, 41.349282898996776 ], [ 69.178556388665442, 41.349283574707314 ], [ 69.178887964921657, 41.349317166009826 ], [ 69.17988922983227, 41.349352498495392 ], [ 69.180653698833993, 41.349360188909031 ], [ 69.180704949517605, 41.349360705469586 ], [ 69.180826730527414, 41.349362273358956 ], [ 69.181291705704993, 41.349368260335723 ], [ 69.182144584202021, 41.349402886063665 ], [ 69.182144909392179, 41.349402921804774 ], [ 69.182159896884386, 41.349403531426709 ], [ 69.182454547890828, 41.349436284437587 ], [ 69.182454943149551, 41.349436326922245 ], [ 69.182607628001762, 41.349452778612658 ], [ 69.182697279867114, 41.34946326423654 ], [ 69.182697667939323, 41.349463308069922 ], [ 69.182826379451555, 41.349477615963643 ], [ 69.183237358694029, 41.349526043072608 ], [ 69.183495742017499, 41.349556489714075 ], [ 69.183677699371572, 41.34957793095483 ], [ 69.184650604468686, 41.349694014970829 ], [ 69.185563898261847, 41.349845796498855 ], [ 69.186577060460081, 41.350021922537636 ], [ 69.186902512002675, 41.350061857105345 ], [ 69.187121567083025, 41.350083588151676 ], [ 69.18771144850929, 41.350098270175259 ], [ 69.18794548479363, 41.350090639866231 ], [ 69.188066840002023, 41.350086683434334 ], [ 69.188807173966993, 41.350020540111565 ], [ 69.189172057957322, 41.349961488237049 ], [ 69.189501828599788, 41.349900206215601 ], [ 69.190213755140562, 41.349728717402236 ], [ 69.191109449140669, 41.349509768082925 ], [ 69.191128654223121, 41.349505072517687 ], [ 69.191137636477663, 41.349502876803044 ], [ 69.192264897293413, 41.349224891040606 ], [ 69.192521615140365, 41.349153674957108 ], [ 69.193822901186209, 41.348837428883392 ], [ 69.194184875533296, 41.348745393983464 ], [ 69.195020862109743, 41.348613147030541 ], [ 69.196258874420266, 41.348416102922045 ], [ 69.196480345070412, 41.348377586896312 ], [ 69.19693598675218, 41.348298348231182 ] ] ] ] } }
]
}
