{"type":"FeatureCollection","features":[{"type":"Feature","geometry":{"type":"Point","coordinates":[69.27914852890135,41.308255764688724]},"properties":{"Туман":"Миробод","Адрес":"А.Темур - Бухоро","Прина":"КСУБДД"}},{"type":"Feature","geometry":{"type":"Point","coordinates":[69.28100433272773,41.31676406976404]},"properties":{"Туман":"Юнусобод","Адрес":"А.Темур - Навои","Прина":"КСУБДД"}},{"type":"Feature","geometry":{"type":"Point","coordinates":[69.28283182707888,41.32553786835038]},"properties":{"Туман":"Юнусобод","Адрес":"А.Темур - Ниезбек йули","Прина":"КСУБДД"}},{"type":"Feature","geometry":{"type":"Point","coordinates":[69.28882623907568,41.35692048744124]},"properties":{"Туман":"Юнусобод","Адрес":"А.Темур - Улкаобод","Прина":"КСУБДД"}},{"type":"Feature","geometry":{"type":"Point","coordinates":[69.28251780227923,41.29994493349423]},"properties":{"Туман":"Миробод","Адрес":"А.Темур - С.Азимова","Прина":"КСУБДД"}},{"type":"Feature","geometry":{"type":"Point","coordinates":[69.28416089422254,41.306794034934185]},"properties":{"Туман":"Яшнобод","Адрес":"Шахрисабз - Истикбол","Прина":"КСУБДД"}},{"type":"Feature","geometry":{"type":"Point","coordinates":[69.27648486582102,41.30102320539035]},"properties":{"Туман":"Миробод","Адрес":"Шевченко - Шахрисабз","Прина":"КСУБДД"}},{"type":"Feature","geometry":{"type":"Point","coordinates":[69.27486560502487,41.307656707794365]},"properties":{"Туман":"Миробод","Адрес":"Шевченко - И.Каримов","Прина":"КСУБДД"}},{"type":"Feature","geometry":{"type":"Point","coordinates":[69.2832733960625,41.2950299750708]},"properties":{"Туман":"Миробод","Адрес":"Нукус - Шевченко","Прина":"КСУБДД"}},{"type":"Feature","geometry":{"type":"Point","coordinates":[69.27477082672983,41.28953442983772]},"properties":{"Туман":"Миробод","Адрес":"Нукус - Миробод","Прина":"КСУБДД"}},{"type":"Feature","geometry":{"type":"Point","coordinates":[69.27852088352444,41.30525338021877]},"properties":{"Туман":"Миробод","Адрес":"А.Темур - И.Каримов","Прина":"КСУБДД"}},{"type":"Feature","geometry":{"type":"Point","coordinates":[69.28605010886207,41.296798188589875]},"properties":{"Туман":"Миробод","Адрес":"Нукус - А.Темура","Прина":"КСУБДД"}},{"type":"Feature","geometry":{"type":"Point","coordinates":[69.25075154557123,41.293130082286886]},"properties":{"Туман":"Яккасарой","Адрес":"Бобур - Урикзор","Прина":"КСУБДД"}},{"type":"Feature","geometry":{"type":"Point","coordinates":[69.25779738435372,41.28915239446449]},"properties":{"Туман":"Яккасарой","Адрес":"Ш.Руставели - Глинка","Прина":"КСУБДД"}},{"type":"Feature","geometry":{"type":"Point","coordinates":[69.26521437622618,41.284060497487744]},"properties":{"Туман":"Яккасарой","Адрес":"Нукус - Глинка","Прина":"КСУБДД"}},{"type":"Feature","geometry":{"type":"Point","coordinates":[69.26570011663053,41.30509432680501]},"properties":{"Туман":"Яккасарой","Адрес":"Ш.Рашидова - Афросиаб","Прина":"КСУБДД"}},{"type":"Feature","geometry":{"type":"Point","coordinates":[69.26907479572452,41.31278215514387]},"properties":{"Туман":"Юнусобод","Адрес":"Ш.Рашидова - Матбуотчилар","Прина":"КСУБДД"}},{"type":"Feature","geometry":{"type":"Point","coordinates":[69.26755478481773,41.30943056865989]},"properties":{"Туман":"Юнусобод","Адрес":"И.Каримов - Ш.Рашидова","Прина":"КСУБДД"}},{"type":"Feature","geometry":{"type":"Point","coordinates":[69.27176024820939,41.31885969842687]},"properties":{"Туман":"Юнусобод","Адрес":"Ш.Рашидова - Навои","Прина":"КСУБДД"}},{"type":"Feature","geometry":{"type":"Point","coordinates":[69.2687445118973,41.29576870667114]},"properties":{"Туман":"Яккасарой","Адрес":"Миробод - Ш.Руставели","Прина":"КСУБДД"}},{"type":"Feature","geometry":{"type":"Point","coordinates":[69.25362329234781,41.28539777801607]},"properties":{"Туман":"Яккасарой","Адрес":"Бобур  - Ш.Руставели","Прина":"КСУБДД"}},{"type":"Feature","geometry":{"type":"Point","coordinates":[69.25570567457858,41.280726792817426]},"properties":{"Туман":"Яккасарой","Адрес":"Бобур - Нукус","Прина":"КСУБДД"}},{"type":"Feature","geometry":{"type":"Point","coordinates":[69.23449130826607,41.26813248556065]},"properties":{"Туман":"Яккасарой","Адрес":"Ш.Руставели  - Чупонота","Прина":"КСУБДД"}},{"type":"Feature","geometry":{"type":"Point","coordinates":[69.22178086891387,41.25906721797394]},"properties":{"Туман":"Яккасарой","Адрес":"Ш.Руставели  - Гавхар","Прина":"КСУБДД"}},{"type":"Feature","geometry":{"type":"Point","coordinates":[69.28700822692007,41.31160871270155]},"properties":{"Туман":"Мирзо Улуғбек","Адрес":"Шахрисабз - Узбекистон овози","Прина":"КСУБДД"}},{"type":"Feature","geometry":{"type":"Point","coordinates":[69.28629179749161,41.31397664048758]},"properties":{"Туман":"Мирзо Улуғбек","Адрес":"Шахрисабз - Мустакиллик","Прина":"КСУБДД"}},{"type":"Feature","geometry":{"type":"Point","coordinates":[69.29015006629288,41.31567061002541]},"properties":{"Туман":"Мирзо Улуғбек","Адрес":"Мустакиллик - Шастри","Прина":"КСУБДД"}},{"type":"Feature","geometry":{"type":"Point","coordinates":[69.28639044136473,41.309282345765695]},"properties":{"Туман":"Яшнобод","Адрес":"Махтумкули - Шахрисабз","Прина":"КСУБДД"}},{"type":"Feature","geometry":{"type":"Point","coordinates":[69.27442707188413,41.32862589270333]},"properties":{"Туман":"Юнусобод","Адрес":"Ш.Рашидова - Осиё","Прина":"КСУБДД"}},{"type":"Feature","geometry":{"type":"Point","coordinates":[69.28328239074351,41.32772023657773]},"properties":{"Туман":"Юнусобод","Адрес":"А.Темур - Осиё","Прина":"КСУБДД"}},{"type":"Feature","geometry":{"type":"Point","coordinates":[69.33119662609502,41.312928003047446]},"properties":{"Туман":"Яшнобод","Адрес":"Олтинтепа  - Паркент","Прина":"КСУБДД"}},{"type":"Feature","geometry":{"type":"Point","coordinates":[69.35478165704663,41.329026158042964]},"properties":{"Туман":"Мирзо Улуғбек","Адрес":"Дурмон йули - Газалкент","Прина":"КСУБДД"}},{"type":"Feature","geometry":{"type":"Point","coordinates":[69.33593635149947,41.34035783751577]},"properties":{"Туман":"Мирзо Улуғбек","Адрес":"Дурмон йули - Зиелилар","Прина":"КСУБДД"}},{"type":"Feature","geometry":{"type":"Point","coordinates":[69.29220983003617,41.3075801031953]},"properties":{"Туман":"Яшнобод","Адрес":"Махтумкули - С.Азимова","Прина":"КСУБДД"}},{"type":"Feature","geometry":{"type":"Point","coordinates":[69.33918457229062,41.33841402792748]},"properties":{"Туман":"Мирзо Улуғбек","Адрес":"М.Улугбек - Дурмон йули","Прина":"КСУБДД"}},{"type":"Feature","geometry":{"type":"Point","coordinates":[69.27665259442611,41.317747583049176]},"properties":{"Туман":"Юнусобод","Адрес":"Навои -Зарафшон","Прина":"КСУБДД"}},{"type":"Feature","geometry":{"type":"Point","coordinates":[69.28777211270436,41.351230964655876]},"properties":{"Туман":"Юнусобод","Адрес":"А.Темура - Чинобод","Прина":"КСУБДД"}},{"type":"Feature","geometry":{"type":"Point","coordinates":[69.25465865945668,41.321174825939195]},"properties":{"Туман":"Шайҳонтохур","Адрес":"Навоий-Абай","Прина":"КСУБДД"}},{"type":"Feature","geometry":{"type":"Point","coordinates":[69.27321647509021,41.298852867528915]},"properties":{"Туман":"Миробод","Адрес":"Шахрисабз - Ойбек","Прина":"КСУБДД"}},{"type":"Feature","geometry":{"type":"Point","coordinates":[69.27927948669624,41.3028546544386]},"properties":{"Туман":"Миробод","Адрес":"А.Темур - Шахрисабз","Прина":"КСУБДД"}},{"type":"Feature","geometry":{"type":"Point","coordinates":[69.27968510934122,41.29281372332592]},"properties":{"Туман":"Миробод","Адрес":"Нукус - Ойбек","Прина":"КСУБДД"}},{"type":"Feature","geometry":{"type":"Point","coordinates":[69.20557791408439,41.28646253021062]},"properties":{"Туман":"Чилонзор","Адрес":"Чупонота - Катартал","Прина":"КСУБДД"}},{"type":"Feature","geometry":{"type":"Point","coordinates":[69.21774551097319,41.278786504767844]},"properties":{"Туман":"Чилонзор","Адрес":"Чупонота-Чилонзор","Прина":"КСУБДД"}},{"type":"Feature","geometry":{"type":"Point","coordinates":[69.19775480222543,41.293867716973786]},"properties":{"Туман":"Чилонзор","Адрес":"Чупонота - Лутфий","Прина":"КСУБДД"}},{"type":"Feature","geometry":{"type":"Point","coordinates":[69.2483240014809,41.302114785640114]},"properties":{"Туман":"Чилонзор","Адрес":"Фуркат-Сеул","Прина":"КСУБДД"}},{"type":"Feature","geometry":{"type":"Point","coordinates":[69.2293792297819,41.28824075040948]},"properties":{"Туман":"Чилонзор","Адрес":"Мукими - Чилонзор","Прина":"КСУБДД"}},{"type":"Feature","geometry":{"type":"Point","coordinates":[69.23343873898233,41.28566569221804]},"properties":{"Туман":"Чилонзор","Адрес":"Мукими - Арнасай","Прина":"КСУБДД"}},{"type":"Feature","geometry":{"type":"Point","coordinates":[69.21978137068741,41.22691903785235]},"properties":{"Туман":"Сергели","Адрес":"Мехригуе - Янги Сергели","Прина":"КСУБДД"}},{"type":"Feature","geometry":{"type":"Point","coordinates":[69.3463933704097,41.286137088762956]},"properties":{"Туман":"Яшнобод","Адрес":"Авиасозлар - Бешарик","Прина":"КСУБДД"}},{"type":"Feature","geometry":{"type":"Point","coordinates":[69.19426267680133,41.292091200435834]},"properties":{"Туман":"Чилонзор","Адрес":"МКАД - Лутфий","Прина":"КСУБДД"}},{"type":"Feature","geometry":{"type":"Point","coordinates":[69.1940407883996,41.29776264527255]},"properties":{"Туман":"Чилонзор","Адрес":"МКАД - Фозилтепа","Прина":"КСУБДД"}},{"type":"Feature","geometry":{"type":"Point","coordinates":[69.2700316977904,41.340185148151676]},"properties":{"Туман":"Юнусобод","Адрес":"МКАД - Лабзак","Прина":"КСУБДД"}},{"type":"Feature","geometry":{"type":"Point","coordinates":[69.1676032995527,41.30924109999682]},"properties":{"Туман":"Учтепа","Адрес":"Кукча Дарвоза - Назарбек","Прина":"КСУБДД"}},{"type":"Feature","geometry":{"type":"Point","coordinates":[69.21780690565927,41.266015965851146]},"properties":{"Туман":"Чилонзор","Адрес":"МКАД – Катта Козиработ (Дилхуш)","Прина":"КСУБДД"}},{"type":"Feature","geometry":{"type":"Point","coordinates":[69.25881643973553,41.27373594613209]},"properties":{"Туман":"Яккасарой","Адрес":"Бобур – Яккасарой РОВД","Прина":"КСУБДД"}},{"type":"Feature","geometry":{"type":"Point","coordinates":[69.27269397641051,41.27799367173878]},"properties":{"Туман":"Миробод","Адрес":"МКАД – Кичик Бешогоч","Прина":"КСУБДД"}},{"type":"Feature","geometry":{"type":"Point","coordinates":[69.21137862391065,41.27019269204058]},"properties":{"Туман":"Чилонзор","Адрес":"МКАД – Чилонзор","Прина":"КСУБДД"}},{"type":"Feature","geometry":{"type":"Point","coordinates":[69.25949232623927,41.281760634615516]},"properties":{"Туман":"Яккасарой","Адрес":"Нукус – А.Каххар","Прина":"КСУБДД"}},{"type":"Feature","geometry":{"type":"Point","coordinates":[69.27627161414944,41.29602772381079]},"properties":{"Туман":"Миробод","Адрес":"Ойбек – Чехова","Прина":"КСУБДД"}},{"type":"Feature","geometry":{"type":"Point","coordinates":[69.27950333333332,41.30993733333333]},"properties":{"Туман":"Миробод","Адрес":"А.Темура - Истикбол","Прина":"КСУБДД"}},{"type":"Feature","geometry":{"type":"Point","coordinates":[69.28526054166667,41.36741375]},"properties":{"Туман":"Юнусобод","Адрес":"А.Темура - Кулоктепа","Прина":"КСУБДД"}},{"type":"Feature","geometry":{"type":"Point","coordinates":[69.2550741625,41.324634875]},"properties":{"Туман":"Шайҳонтохур","Адрес":"Абая - А.Кадыри","Прина":"КСУБДД"}},{"type":"Feature","geometry":{"type":"Point","coordinates":[69.1935809,41.2564951]},"properties":{"Туман":"Чилонзор","Адрес":"Гавхар - Бунедкор","Прина":"КСУБДД"}},{"type":"Feature","geometry":{"type":"Point","coordinates":[69.325811625,41.325760525]},"properties":{"Туман":"Мирзо Улуғбек","Адрес":"М.Улугбек - БИЙ (Мустакиллик)","Прина":"КСУБДД"}},{"type":"Feature","geometry":{"type":"Point","coordinates":[69.31657115714286,41.316946314285715]},"properties":{"Туман":"Яшнобод","Адрес":"М.Улугбек - Паркентская","Прина":"КСУБДД"}},{"type":"Feature","geometry":{"type":"Point","coordinates":[69.3030415625,41.33358911249999]},"properties":{"Туман":"Мирзо Улуғбек","Адрес":"МКАД - Аккурган","Прина":"КСУБДД"}},{"type":"Feature","geometry":{"type":"Point","coordinates":[69.24153895,41.348393]},"properties":{"Туман":"Олмазор","Адрес":"МКАД - Карасарай","Прина":"КСУБДД"}},{"type":"Feature","geometry":{"type":"Point","coordinates":[69.24623492857144,41.2661608]},"properties":{"Туман":"Яккасарой","Адрес":"МКАД - Кушбеги","Прина":"КСУБДД"}},{"type":"Feature","geometry":{"type":"Point","coordinates":[69.22752758333333,41.34956148333333]},"properties":{"Туман":"Олмазор","Адрес":"МКАД - Сагбан","Прина":"КСУБДД"}},{"type":"Feature","geometry":{"type":"Point","coordinates":[69.2107431,41.34248033333333]},"properties":{"Туман":"Олмазор","Адрес":"МКАД - Фароби","Прина":"КСУБДД"}},{"type":"Feature","geometry":{"type":"Point","coordinates":[69.216022525,41.347604708333336]},"properties":{"Туман":"Олмазор","Адрес":"МКАД - Чимбай","Прина":"КСУБДД"}},{"type":"Feature","geometry":{"type":"Point","coordinates":[69.30317873749999,41.3211512]},"properties":{"Туман":"Мирзо Улуғбек","Адрес":"Мустакиллик - Аккурган","Прина":"КСУБДД"}},{"type":"Feature","geometry":{"type":"Point","coordinates":[69.2560255,41.30773803333333]},"properties":{"Туман":"Чилонзор","Адрес":"Т.Тула - Афросиаб","Прина":"КСУБДД"}},{"type":"Feature","geometry":{"type":"Point","coordinates":[69.27279363333332,41.32276374166667]},"properties":{"Туман":"Юнусобод","Адрес":"Ш.Рашидова  - А.Кадыри","Прина":"КСУБДД"}},{"type":"Feature","geometry":{"type":"Point","coordinates":[69.279437775,41.33488975]},"properties":{"Туман":"Юнусобод","Адрес":"Ш.Рашидова - МКАД","Прина":"КСУБДД"}},{"type":"Feature","geometry":{"type":"Point","coordinates":[69.19313385,41.32241831666666]},"properties":{"Туман":"Учтепа","Адрес":"МКАД-Бешқайрағоч","Прина":"КСУБДД"}},{"type":"Feature","geometry":{"type":"Point","coordinates":[69.282116975,41.288928675]},"properties":{"Туман":"Миробод","Адрес":"МКАД - Авлиеота","Прина":"КСУБДД"}},{"type":"Feature","geometry":{"type":"Point","coordinates":[69.27710455,41.291196825]},"properties":{"Туман":"Миробод","Адрес":"Нукус - Авлие ота","Прина":"КСУБДД"}},{"type":"Feature","geometry":{"type":"Point","coordinates":[69.17639901673677,41.295394136540416]},"properties":{"Туман":"Учтепа","Адрес":"Фарход-Фозилтепа","Прина":"Grand Road/ Ситинет"}},{"type":"Feature","geometry":{"type":"Point","coordinates":[69.18596354145197,41.286507200686515]},"properties":{"Туман":"Учтепа","Адрес":"Фарход-Лутфий","Прина":"Grand Road/ Ситинет"}},{"type":"Feature","geometry":{"type":"Point","coordinates":[69.1791300316348,41.291941360622836]},"properties":{"Туман":"Учтепа","Адрес":"Фарход-Каттахирмонтепа","Прина":"Grand Road/ Ситинет"}},{"type":"Feature","geometry":{"type":"Point","coordinates":[69.34194637900542,41.345842849818176]},"properties":{"Туман":"Мирзо Улуғбек","Адрес":"Шахриобод - Муминова","Прина":"Ситинет"}},{"type":"Feature","geometry":{"type":"Point","coordinates":[69.36669214411951,41.342069803195535]},"properties":{"Туман":"Мирзо Улуғбек","Адрес":"Т.Малик – Газалкент","Прина":"Ситинет"}},{"type":"Feature","geometry":{"type":"Point","coordinates":[69.31152632694065,41.36988924656161]},"properties":{"Туман":"Юнусобод","Адрес":"Юнусота-Янги Юнусобод","Прина":"Grand Road/ Ситинет"}},{"type":"Feature","geometry":{"type":"Point","coordinates":[69.30889581453438,41.37344117582161]},"properties":{"Туман":"Юнусобод","Адрес":"Юнус ота - Дехконобод","Прина":"Ситинет"}},{"type":"Feature","geometry":{"type":"Point","coordinates":[69.28016939410476,41.38061947698171]},"properties":{"Туман":"Юнусобод","Адрес":"Юкори Коракамиш – Уч кахрамон","Прина":"Grand Road/ Ситинет"}},{"type":"Feature","geometry":{"type":"Point","coordinates":[69.27149402413464,41.3754932539826]},"properties":{"Туман":"Юнусобод","Адрес":"Рихсилий-Юкори Коракамиш","Прина":"Grand Road/ Ситинет"}},{"type":"Feature","geometry":{"type":"Point","coordinates":[69.26285592644663,41.349382839531025]},"properties":{"Туман":"Олмазор","Адрес":"А.Дониш – У.Ширин","Прина":"Grand Road/ Ситинет"}},{"type":"Feature","geometry":{"type":"Point","coordinates":[69.33786761144192,41.359643861141706]},"properties":{"Туман":"Юнусобод","Адрес":"Т.Малик – Боги шамол","Прина":"Ситинет"}},{"type":"Feature","geometry":{"type":"Point","coordinates":[69.24835709957739,41.3216232519313]},"properties":{"Туман":"Шайҳонтохур","Адрес":"Навоий-Рахматуллаева","Прина":"Ситинет"}},{"type":"Feature","geometry":{"type":"Point","coordinates":[69.23165228452233,41.29991867527023]},"properties":{"Туман":"Шайҳонтохур","Адрес":"Сеул - Бунёдкор","Прина":"Grand Road"}},{"type":"Feature","geometry":{"type":"Point","coordinates":[69.17408051984945,41.298317724422816]},"properties":{"Туман":"Учтепа","Адрес":"Джуржоний-Саккокий","Прина":"Grand Road/ Ситинет"}},{"type":"Feature","geometry":{"type":"Point","coordinates":[69.28563728660065,41.33972251833987]},"properties":{"Туман":"Юнусобод","Адрес":"А.Темура - Богишамол","Прина":"Grand Road/ Ситинет"}},{"type":"Feature","geometry":{"type":"Point","coordinates":[69.23651112980319,41.322501708279184]},"properties":{"Туман":"Шайҳонтохур","Адрес":"Навоий-С.Дарвоза","Прина":"Ситинет"}},{"type":"Feature","geometry":{"type":"Point","coordinates":[69.26091378387375,41.32074535288308]},"properties":{"Туман":"Шайҳонтохур","Адрес":"Навоий-Пахтакор","Прина":"Ситинет"}},{"type":"Feature","geometry":{"type":"Point","coordinates":[69.26469861407715,41.320475171890884]},"properties":{"Туман":"Шайҳонтохур","Адрес":"Навоий-Лабзак","Прина":"Ситинет"}},{"type":"Feature","geometry":{"type":"Point","coordinates":[69.24272992105941,41.322019879644415]},"properties":{"Туман":"Шайҳонтохур","Адрес":"Навоий-Фуркат","Прина":"Ситинет"}},{"type":"Feature","geometry":{"type":"Point","coordinates":[69.23173684275565,41.325113937049885]},"properties":{"Туман":"Шайҳонтохур","Адрес":"Беруний-Сахчимон","Прина":"Ситинет"}},{"type":"Feature","geometry":{"type":"Point","coordinates":[69.25699686442007,41.33804153000508]},"properties":{"Туман":"Олмазор","Адрес":"Себзор - Нурафшон","Прина":"Grand Road/ Ситинет"}},{"type":"Feature","geometry":{"type":"Point","coordinates":[69.24284125174636,41.33087236290003]},"properties":{"Туман":"Олмазор","Адрес":"Карасарай - Заркайнар","Прина":"Ситинет"}},{"type":"Feature","geometry":{"type":"Point","coordinates":[69.24273890020305,41.31178913719104]},"properties":{"Туман":"Чилонзор","Адрес":"Фуркат-И.Каримов","Прина":"Ситинет"}},{"type":"Feature","geometry":{"type":"Point","coordinates":[69.23060482402107,41.31729035562992]},"properties":{"Туман":"Шайҳонтохур","Адрес":"Коратош - С.Дарвоза","Прина":"Ситинет"}},{"type":"Feature","geometry":{"type":"Point","coordinates":[69.21920330039204,41.35378970013459]},"properties":{"Туман":"Олмазор","Адрес":"Зиё - Шифонур","Прина":"Ситинет"}},{"type":"Feature","geometry":{"type":"Point","coordinates":[69.22530141909554,41.36452904628953]},"properties":{"Туман":"Олмазор","Адрес":"Келес йули - Норазтепа","Прина":"Ситинет"}},{"type":"Feature","geometry":{"type":"Point","coordinates":[69.22066404530935,41.37868494384874]},"properties":{"Туман":"Олмазор","Адрес":"Келес йули – Абдужалил ота","Прина":"Grand Road/ Ситинет"}},{"type":"Feature","geometry":{"type":"Point","coordinates":[69.21959497781896,41.37967768591071]},"properties":{"Туман":"Олмазор","Адрес":"Келес йули - Узумбог","Прина":"Grand Road/ Ситинет"}},{"type":"Feature","geometry":{"type":"Point","coordinates":[69.24200195792677,41.341697489784366]},"properties":{"Туман":"Олмазор","Адрес":"Карасарай - Нурафшон","Прина":"Ситинет"}},{"type":"Feature","geometry":{"type":"Point","coordinates":[69.23181773204118,41.20998334034786]},"properties":{"Туман":"Сергели","Адрес":"Кипчок - Янги Сергели","Прина":"Ситинет"}},{"type":"Feature","geometry":{"type":"Point","coordinates":[69.21279073179097,41.215186907957495]},"properties":{"Туман":"Сергели","Адрес":"Турсунзода - Шокирарик","Прина":"Паркентйулкурилиш"}},{"type":"Feature","geometry":{"type":"Point","coordinates":[69.21705463280574,41.20932029578383]},"properties":{"Туман":"Сергели","Адрес":"Турсунзода - Лутфикор","Прина":"Куприккурилиш"}},{"type":"Feature","geometry":{"type":"Point","coordinates":[69.20770848715836,41.22223593093651]},"properties":{"Туман":"Сергели","Адрес":"Турсунзода - Мехригуё","Прина":"Куприккурилиш"}},{"type":"Feature","geometry":{"type":"Point","coordinates":[69.20796546682607,41.20563147684003]},"properties":{"Туман":"Янгиҳает","Адрес":"Кургонтепа - Лутфкор","Прина":"Паркентйулкурилиш"}},{"type":"Feature","geometry":{"type":"Point","coordinates":[69.20371639415991,41.21158882506114]},"properties":{"Туман":"Янгиҳает","Адрес":"Кургонтепа - Шокирарик","Прина":"Паркентйулкурилиш"}},{"type":"Feature","geometry":{"type":"Point","coordinates":[69.24710551362399,41.304449954625966]},"properties":{"Туман":"Чилонзор","Адрес":"Фуркат-Бешёгоч","Прина":"Grand Road/ Ситинет"}},{"type":"Feature","geometry":{"type":"Point","coordinates":[69.24634577437394,41.30004671371236]},"properties":{"Туман":"Чилонзор","Адрес":"Сеул - Акфа","Прина":"Дискавери"}},{"type":"Feature","geometry":{"type":"Point","coordinates":[69.20720322996917,41.33907722085486]},"properties":{"Туман":"Олмазор","Адрес":"Беруний-КХАЙ","Прина":"Ситинет"}},{"type":"Feature","geometry":{"type":"Point","coordinates":[69.2251231662652,41.36931530065371]},"properties":{"Туман":"Олмазор","Адрес":"Келес йули – 5 тор Келес йули","Прина":"Ситинет"}},{"type":"Feature","geometry":{"type":"Point","coordinates":[69.24046143416122,41.31186864152314]},"properties":{"Туман":"Шайҳонтохур","Адрес":"Коратош - Бунёдкор","Прина":"Ситинет"}},{"type":"Feature","geometry":{"type":"Point","coordinates":[69.18774884917892,41.23491848146395]},"properties":{"Туман":"Янгиҳает","Адрес":"Чоштепа – Школа №32","Прина":"«Автомагистраль»"}},{"type":"Feature","geometry":{"type":"Point","coordinates":[69.19786189990678,41.241472299606976]},"properties":{"Туман":"Сергели","Адрес":"Чоштепа – Поликлиника №11","Прина":"«Автомагистраль»"}},{"type":"Feature","geometry":{"type":"Point","coordinates":[69.2110572375,41.201406312500005]},"properties":{"Туман":"Янгиҳает","Адрес":"Кипчак – Кургон тепа","Прина":"Куприккурилиш"}},{"type":"Feature","geometry":{"type":"Point","coordinates":[69.19802644166666,41.27880449166667]},"properties":{"Туман":"Чилонзор","Адрес":"МКАД-Катартал","Прина":"Grand Road / Ситинет"}},{"type":"Feature","geometry":{"type":"Point","coordinates":[69.217812325,41.381441325]},"properties":{"Туман":"Олмазор","Адрес":"Келес йули – И.Рахимова","Прина":"Grand Road / Ситинет"}},{"type":"Feature","geometry":{"type":"Point","coordinates":[69.35220649166668,41.35078406666666]},"properties":{"Туман":"Мирзо Улуғбек","Адрес":"М.Улугбек – Т.Малик","Прина":"Ситинет"}},{"type":"Feature","geometry":{"type":"Point","coordinates":[69.35220649166668,41.35078406666666]},"properties":{"Туман":"Мирзо Улуғбек","Адрес":"Т.Малик – М.Улугбек","Прина":"Ситинет"}},{"type":"Feature","geometry":{"type":"Point","coordinates":[69.20479898,41.27448126]},"properties":{"Туман":"Чилонзор","Адрес":"МКАД - Бунедкор","Прина":"Ситинет"}},{"type":"Feature","geometry":{"type":"Point","coordinates":[69.15685487777779,41.25525338888889]},"properties":{"Туман":"Чилонзор","Адрес":"ТКАД - Заргарлик","Прина":"Ситинет"}},{"type":"Feature","geometry":{"type":"Point","coordinates":[69.14919368181819,41.26114076363636]},"properties":{"Туман":"Чилонзор","Адрес":"ТКАД - Гулистан","Прина":"Ситинет"}},{"type":"Feature","geometry":{"type":"Point","coordinates":[69.156855,41.25946]},"properties":{"Адрес":"Алгоритм-Школа№280","Туман":"Чилонзор","Прина":"СМЭУ"}},{"type":"Feature","geometry":{"type":"Point","coordinates":[69.171496,41.241703]},"properties":{"Адрес":"Бунёдкор - Турсунхужаева","Туман":"Чилонзор","Прина":"СМЭУ"}},{"type":"Feature","geometry":{"type":"Point","coordinates":[69.169594,41.271317]},"properties":{"Адрес":"Гулистанская-Катта Кани","Туман":"Чилонзор","Прина":"СМЭУ"}},{"type":"Feature","geometry":{"type":"Point","coordinates":[69.164158,41.268805]},"properties":{"Адрес":"2-тор Гулистон-7 Гулистон","Туман":"Чилонзор","Прина":"СМЭУ"}},{"type":"Feature","geometry":{"type":"Point","coordinates":[69.207018,41.263497]},"properties":{"Адрес":"Домбрабад-Исхакова","Туман":"Чилонзор","Прина":"СМЭУ"}},{"type":"Feature","geometry":{"type":"Point","coordinates":[69.159499,41.25776]},"properties":{"Адрес":"Заргарлик-Ковунчи","Туман":"Чилонзор","Прина":"СМЭУ"}},{"type":"Feature","geometry":{"type":"Point","coordinates":[69.20163,41.282476]},"properties":{"Адрес":"Катартол-Мехр","Туман":"Чилонзор","Прина":"СМЭУ"}},{"type":"Feature","geometry":{"type":"Point","coordinates":[69.180233,41.263634]},"properties":{"Адрес":"Катта Кани-Школа№200","Туман":"Чилонзор","Прина":"СМЭУ"}},{"type":"Feature","geometry":{"type":"Point","coordinates":[69.182685,41.26277]},"properties":{"Адрес":"Катта Кани-Школа№202","Туман":"Чилонзор","Прина":"СМЭУ"}},{"type":"Feature","geometry":{"type":"Point","coordinates":[69.172222,41.268884]},"properties":{"Адрес":"Катта Кани-Заргарлик","Туман":"Чилонзор","Прина":"СМЭУ"}},{"type":"Feature","geometry":{"type":"Point","coordinates":[69.220507,41.293855]},"properties":{"Адрес":"Муқимий-Школа №173","Туман":"Чилонзор","Прина":"СМЭУ"}},{"type":"Feature","geometry":{"type":"Point","coordinates":[69.214065,41.268446]},"properties":{"Адрес":"МКАД-1 клиник. Больница","Туман":"Чилонзор","Прина":"СМЭУ"}},{"type":"Feature","geometry":{"type":"Point","coordinates":[69.168905,41.235324]},"properties":{"Адрес":"ТКАД-0 километр","Туман":"Чилонзор","Прина":"СМЭУ"}},{"type":"Feature","geometry":{"type":"Point","coordinates":[69.17727,41.271483]},"properties":{"Адрес":"Хирмонтепа-Заргарлик","Туман":"Чилонзор","Прина":"СМЭУ"}},{"type":"Feature","geometry":{"type":"Point","coordinates":[69.215745,41.277089]},"properties":{"Адрес":"Чиланзарская-Кирк киз","Туман":"Чилонзор","Прина":"СМЭУ"}},{"type":"Feature","geometry":{"type":"Point","coordinates":[69.224961,41.284297]},"properties":{"Адрес":"Чиланзарская-АТС","Туман":"Чилонзор","Прина":"СМЭУ"}},{"type":"Feature","geometry":{"type":"Point","coordinates":[69.240571,41.281142]},"properties":{"Адрес":"Муқимий-ж/д.№23","Туман":"Чилонзор","Прина":"СМЭУ"}},{"type":"Feature","geometry":{"type":"Point","coordinates":[69.210722,41.300549]},"properties":{"Адрес":"Нурвшон-Муқимий-Б.Минал","Туман":"Чилонзор","Прина":"СМЭУ"}},{"type":"Feature","geometry":{"type":"Point","coordinates":[69.182783,41.2677]},"properties":{"Адрес":"К.Хирмонтепа-ж/д.№48","Туман":"Чилонзор","Прина":"СМЭУ"}},{"type":"Feature","geometry":{"type":"Point","coordinates":[69.222627,41.301895]},"properties":{"Адрес":"Байнал Минал- Зухра.","Туман":"Чилонзор","Прина":"СМЭУ"}},{"type":"Feature","geometry":{"type":"Point","coordinates":[69.182835,41.272795]},"properties":{"Адрес":"Заргарлик-ж/д 41","Туман":"Чилонзор","Прина":"СМЭУ"}},{"type":"Feature","geometry":{"type":"Point","coordinates":[69.205034,41.259175]},"properties":{"Адрес":"Домбробод - Саноат","Туман":"Чилонзор","Прина":"СМЭУ"}},{"type":"Feature","geometry":{"type":"Point","coordinates":[69.25252,41.306432]},"properties":{"Адрес":"Бешёғоч - \"Хумо\" арена","Туман":"Чилонзор","Прина":"СМЭУ"}},{"type":"Feature","geometry":{"type":"Point","coordinates":[69.221782,41.281776]},"properties":{"Адрес":"Чилонзор - Прокуратура","Туман":"Чилонзор","Прина":"СМЭУ"}},{"type":"Feature","geometry":{"type":"Point","coordinates":[69.244002,41.298767]},"properties":{"Адрес":"Сеул - Дискаври инвест","Туман":"Чилонзор","Прина":"СМЭУ"}},{"type":"Feature","geometry":{"type":"Point","coordinates":[69.216794,41.300639]},"properties":{"Адрес":"Сеул - Заркент","Туман":"Чилонзор","Прина":"СМЭУ"}},{"type":"Feature","geometry":{"type":"Point","coordinates":[69.204457,41.297056]},"properties":{"Адрес":"Лутфий - Дом 14","Туман":"Чилонзор","Прина":"СМЭУ"}},{"type":"Feature","geometry":{"type":"Point","coordinates":[69.218307,41.272231]},"properties":{"Адрес":"Нурхон - Афшона","Туман":"Чилонзор","Прина":"СМЭУ"}},{"type":"Feature","geometry":{"type":"Point","coordinates":[69.203991,41.266206]},"properties":{"Адрес":"Домбробод 4 тор - 131 мактаб","Туман":"Чилонзор","Прина":"СМЭУ"}},{"type":"Feature","geometry":{"type":"Point","coordinates":[69.208517,41.256564]},"properties":{"Адрес":"Гавхар - Амалий фанлар унив-ти","Туман":"Чилонзор","Прина":"СМЭУ"}},{"type":"Feature","geometry":{"type":"Point","coordinates":[69.226743,41.285892]},"properties":{"Адрес":"Чилонзор - Лабиховуз","Туман":"Чилонзор","Прина":"СМЭУ"}},{"type":"Feature","geometry":{"type":"Point","coordinates":[69.231652,41.290266]},"properties":{"Адрес":"Чилонзор - Эски Чилонзор","Туман":"Чилонзор","Прина":"СМЭУ"}},{"type":"Feature","geometry":{"type":"Point","coordinates":[69.167321,41.23985]},"properties":{"Адрес":"ТКАД чинни бозор","Туман":"Чилонзор","Прина":"СМЭУ"}},{"type":"Feature","geometry":{"type":"Point","coordinates":[69.390419,41.360703]},"properties":{"Адрес":"Юзрабад (Белоножка) – Колледж школа №210","Туман":"Мирзо Улуғбек","Прина":"СМЭУ"}},{"type":"Feature","geometry":{"type":"Point","coordinates":[69.385875,41.358687]},"properties":{"Адрес":"Гульсанам - Юзрабад (Белоножка)","Туман":"Мирзо Улуғбек","Прина":"СМЭУ"}},{"type":"Feature","geometry":{"type":"Point","coordinates":[69.368857,41.354485]},"properties":{"Адрес":"Кадырова – Юзрабад (Белоножка) (дока хлеб)","Туман":"Мирзо Улуғбек","Прина":"СМЭУ"}},{"type":"Feature","geometry":{"type":"Point","coordinates":[69.368857,41.354485]},"properties":{"Адрес":"Маткабилова – Школа МВД","Туман":"Мирзо Улуғбек","Прина":"СМЭУ"}},{"type":"Feature","geometry":{"type":"Point","coordinates":[69.328493,41.314688]},"properties":{"Адрес":"Паркентская – Дагистанская","Туман":"Мирзо Улуғбек","Прина":"СМЭУ"}},{"type":"Feature","geometry":{"type":"Point","coordinates":[69.322342,41.315348]},"properties":{"Адрес":"Паркентская – Паркентский рынок","Туман":"Мирзо Улуғбек","Прина":"СМЭУ"}},{"type":"Feature","geometry":{"type":"Point","coordinates":[69.360915,41.328735]},"properties":{"Адрес":"ТВШ МВД РУз","Туман":"Мирзо Улуғбек","Прина":"СМЭУ"}},{"type":"Feature","geometry":{"type":"Point","coordinates":[69.348426,41.347209]},"properties":{"Адрес":"М. Улугбекская – Обувной магазин","Туман":"Мирзо Улуғбек","Прина":"СМЭУ"}},{"type":"Feature","geometry":{"type":"Point","coordinates":[69.340501,41.339696]},"properties":{"Адрес":"М. Улугбекская – Эндокринология","Туман":"Мирзо Улуғбек","Прина":"СМЭУ"}},{"type":"Feature","geometry":{"type":"Point","coordinates":[69.34313,41.320667]},"properties":{"Адрес":"Циалковского – Мусамухамедова (Севост-Чахбуд)","Туман":"Мирзо Улуғбек","Прина":"СМЭУ"}},{"type":"Feature","geometry":{"type":"Point","coordinates":[69.337106,41.316268]},"properties":{"Адрес":"Циалковского – Хирмантепа (Олтин тепа)","Туман":"Мирзо Улуғбек","Прина":"СМЭУ"}},{"type":"Feature","geometry":{"type":"Point","coordinates":[69.351922,41.314327]},"properties":{"Адрес":"ТКАД – Карасу 6","Туман":"Мирзо Улуғбек","Прина":"СМЭУ"}},{"type":"Feature","geometry":{"type":"Point","coordinates":[69.379721,41.357178]},"properties":{"Адрес":"Юзрабад (Белоножка) – Мунавваркори","Туман":"Мирзо Улуғбек","Прина":"СМЭУ"}},{"type":"Feature","geometry":{"type":"Point","coordinates":[69.37114,41.327075]},"properties":{"Адрес":"Бинокор-Бунёдкор","Туман":"Мирзо Улуғбек","Прина":"СМЭУ"}},{"type":"Feature","geometry":{"type":"Point","coordinates":[69.338926,41.343103]},"properties":{"Адрес":"Муминова – Ходжибаева олимлар","Туман":"Мирзо Улуғбек","Прина":"СМЭУ"}},{"type":"Feature","geometry":{"type":"Point","coordinates":[69.361446,41.321098]},"properties":{"Адрес":"ТКАД – Авайхон","Туман":"Мирзо Улуғбек","Прина":"СМЭУ"}},{"type":"Feature","geometry":{"type":"Point","coordinates":[69.369476,41.335266]},"properties":{"Адрес":"Мингбулок – Хамраева","Туман":"Мирзо Улуғбек","Прина":"СМЭУ"}},{"type":"Feature","geometry":{"type":"Point","coordinates":[69.373213,41.354341]},"properties":{"Адрес":"Феруза – супермаркет «Денгиз»","Туман":"Мирзо Улуғбек","Прина":"СМЭУ"}},{"type":"Feature","geometry":{"type":"Point","coordinates":[69.327424,41.319283]},"properties":{"Адрес":"М. Юсуф – Бузбозор","Туман":"Мирзо Улуғбек","Прина":"СМЭУ"}},{"type":"Feature","geometry":{"type":"Point","coordinates":[69.330312,41.330006]},"properties":{"Адрес":"М. Улугбек – Художников","Туман":"Мирзо Улуғбек","Прина":"СМЭУ"}},{"type":"Feature","geometry":{"type":"Point","coordinates":[69.320257,41.32053]},"properties":{"Адрес":"М. Улугбек – Бузбозор Хашимова","Туман":"Мирзо Улуғбек","Прина":"СМЭУ"}},{"type":"Feature","geometry":{"type":"Point","coordinates":[69.31101,41.319003]},"properties":{"Адрес":"Паркентская – ТВОКУ","Туман":"Мирзо Улуғбек","Прина":"СМЭУ"}},{"type":"Feature","geometry":{"type":"Point","coordinates":[69.299199,41.319675]},"properties":{"Адрес":"Мустакиллик – Ниязбек Йули","Туман":"Мирзо Улуғбек","Прина":"СМЭУ"}},{"type":"Feature","geometry":{"type":"Point","coordinates":[69.296753,41.321332]},"properties":{"Адрес":"Ниязбек Йули – К. Ниязи","Туман":"Мирзо Улуғбек","Прина":"СМЭУ"}},{"type":"Feature","geometry":{"type":"Point","coordinates":[69.339183,41.317778]},"properties":{"Адрес":"Олтентипа – Ломоносова","Туман":"Мирзо Улуғбек","Прина":"СМЭУ"}},{"type":"Feature","geometry":{"type":"Point","coordinates":[69.457067,41.405138]},"properties":{"Адрес":"Хурсон – Школа №54 (посёлок Улугбек)","Туман":"Мирзо Улуғбек","Прина":"СМЭУ"}},{"type":"Feature","geometry":{"type":"Point","coordinates":[69.36751,41.360255]},"properties":{"Адрес":"Кадырова – Ж/Д 35","Туман":"Мирзо Улуғбек","Прина":"СМЭУ"}},{"type":"Feature","geometry":{"type":"Point","coordinates":[69.291089,41.313806]},"properties":{"Адрес":"А. Кадырова – М. Ганди","Туман":"Мирзо Улуғбек","Прина":"СМЭУ"}},{"type":"Feature","geometry":{"type":"Point","coordinates":[69.379714,41.353295]},"properties":{"Адрес":"Тантана 14/15 уйлар","Туман":"Мирзо Улуғбек","Прина":"СМЭУ"}},{"type":"Feature","geometry":{"type":"Point","coordinates":[69.295645,41.314749]},"properties":{"Адрес":"Мавороуннахр – М. Ганди","Туман":"Мирзо Улуғбек","Прина":"СМЭУ"}},{"type":"Feature","geometry":{"type":"Point","coordinates":[69.379443,41.357072]},"properties":{"Адрес":"Юзрабад – кафе «Ульяна»","Туман":"Мирзо Улуғбек","Прина":"СМЭУ"}},{"type":"Feature","geometry":{"type":"Point","coordinates":[69.387607,41.344461]},"properties":{"Адрес":"А. Югнаки - школа №279","Туман":"Мирзо Улуғбек","Прина":"СМЭУ"}},{"type":"Feature","geometry":{"type":"Point","coordinates":[69.368009,41.333832]},"properties":{"Адрес":"Минг булок – школа №208","Туман":"Мирзо Улуғбек","Прина":"СМЭУ"}},{"type":"Feature","geometry":{"type":"Point","coordinates":[69.345372,41.310667]},"properties":{"Адрес":"Т. Малик – АЗС «Мустанг»","Туман":"Мирзо Улуғбек","Прина":"СМЭУ"}},{"type":"Feature","geometry":{"type":"Point","coordinates":[69.289463,41.311788]},"properties":{"Адрес":"Узбекистон овози - Я.Гулом","Туман":"Мирзо Улуғбек","Прина":"СМЭУ"}},{"type":"Feature","geometry":{"type":"Point","coordinates":[69.468868,41.412097]},"properties":{"Адрес":"Хуросон – школа №286 (посёлок Улугбек)","Туман":"Мирзо Улуғбек","Прина":"СМЭУ"}},{"type":"Feature","geometry":{"type":"Point","coordinates":[69.38574,41.344455]},"properties":{"Адрес":"А. Югнаки – Хумоюн","Туман":"Мирзо Улуғбек","Прина":"СМЭУ"}},{"type":"Feature","geometry":{"type":"Point","coordinates":[69.382121,41.357767]},"properties":{"Адрес":"Юзрабад – рынок «Ширин»","Туман":"Мирзо Улуғбек","Прина":"СМЭУ"}},{"type":"Feature","geometry":{"type":"Point","coordinates":[69.347305,41.323739]},"properties":{"Адрес":"Олтинтепа – Салом","Туман":"Мирзо Улуғбек","Прина":"СМЭУ"}},{"type":"Feature","geometry":{"type":"Point","coordinates":[69.292828,41.318839]},"properties":{"Адрес":"Кори Ниёзий – Х. Олимжон","Туман":"Мирзо Улуғбек","Прина":"СМЭУ"}},{"type":"Feature","geometry":{"type":"Point","coordinates":[69.291083,41.313818]},"properties":{"Адрес":"Шастри – М.Ганди","Туман":"Мирзо Улуғбек","Прина":"СМЭУ"}},{"type":"Feature","geometry":{"type":"Point","coordinates":[69.374339,41.334056]},"properties":{"Адрес":"Хамраева – махалля «Гульсанам»","Туман":"Мирзо Улуғбек","Прина":"СМЭУ"}},{"type":"Feature","geometry":{"type":"Point","coordinates":[69.384485,41.361215]},"properties":{"Адрес":"Гульсанам – Чулидарахат","Туман":"Мирзо Улуғбек","Прина":"СМЭУ"}},{"type":"Feature","geometry":{"type":"Point","coordinates":[69.335758,41.345034]},"properties":{"Адрес":"Гульбадамбегим – Олимлар","Туман":"Мирзо Улуғбек","Прина":"СМЭУ"}},{"type":"Feature","geometry":{"type":"Point","coordinates":[69.351917,41.314344]},"properties":{"Адрес":"Т. Малик – УБДД Таш область","Туман":"Мирзо Улуғбек","Прина":"СМЭУ"}},{"type":"Feature","geometry":{"type":"Point","coordinates":[69.380668,41.328134]},"properties":{"Адрес":"Бинокор – Сугдиёна","Туман":"Мирзо Улуғбек","Прина":"СМЭУ"}},{"type":"Feature","geometry":{"type":"Point","coordinates":[69.458775,41.40613]},"properties":{"Адрес":"У. Гулямов – Ж/Дом №10","Туман":"Мирзо Улуғбек","Прина":"СМЭУ"}},{"type":"Feature","geometry":{"type":"Point","coordinates":[69.364785,41.322454]},"properties":{"Адрес":"Бинокор кўчаси - 3 уй","Туман":"Мирзо Улуғбек","Прина":"СМЭУ"}},{"type":"Feature","geometry":{"type":"Point","coordinates":[69.385232,41.338437]},"properties":{"Адрес":"Дустлик – Махсус Гараж СБП","Туман":"Мирзо Улуғбек","Прина":"СМЭУ"}},{"type":"Feature","geometry":{"type":"Point","coordinates":[69.389203,41.350464]},"properties":{"Адрес":"А. Югнаки – клиника «Медио Макс»","Туман":"Мирзо Улуғбек","Прина":"СМЭУ"}},{"type":"Feature","geometry":{"type":"Point","coordinates":[69.385729,41.344454]},"properties":{"Адрес":"А. Югнаки – Хумоюн","Туман":"Мирзо Улуғбек","Прина":"СМЭУ"}},{"type":"Feature","geometry":{"type":"Point","coordinates":[69.367845,41.357438]},"properties":{"Адрес":"Феруза – школа №205","Туман":"Мирзо Улуғбек","Прина":"СМЭУ"}},{"type":"Feature","geometry":{"type":"Point","coordinates":[69.373212,41.354347]},"properties":{"Адрес":"Юзрабад - Пила","Туман":"Мирзо Улуғбек","Прина":"СМЭУ"}},{"type":"Feature","geometry":{"type":"Point","coordinates":[69.390415,41.360704]},"properties":{"Адрес":"Юзрабад – стадион «Локоматив» дом №10","Туман":"Мирзо Улуғбек","Прина":"СМЭУ"}},{"type":"Feature","geometry":{"type":"Point","coordinates":[69.322794,41.322928]},"properties":{"Адрес":"М. Улугбек – дом №46","Туман":"Мирзо Улуғбек","Прина":"СМЭУ"}},{"type":"Feature","geometry":{"type":"Point","coordinates":[69.354858,41.353237]},"properties":{"Адрес":"М. Улугбек – Эко базар","Туман":"Мирзо Улуғбек","Прина":"СМЭУ"}},{"type":"Feature","geometry":{"type":"Point","coordinates":[69.37832,41.338123]},"properties":{"Адрес":"Т. Малик – Дўстлик","Туман":"Мирзо Улуғбек","Прина":"СМЭУ"}},{"type":"Feature","geometry":{"type":"Point","coordinates":[69.35586,41.319743]},"properties":{"Адрес":"Карасу-6 – школа №275","Туман":"Мирзо Улуғбек","Прина":"СМЭУ"}},{"type":"Feature","geometry":{"type":"Point","coordinates":[69.365422,41.331352]},"properties":{"Адрес":"Минг булок – Ш. Бурханов","Туман":"Мирзо Улуғбек","Прина":"СМЭУ"}},{"type":"Feature","geometry":{"type":"Point","coordinates":[69.314061,41.317991]},"properties":{"Адрес":"Паркенская - школа №69","Туман":"Мирзо Улуғбек","Прина":"СМЭУ"}},{"type":"Feature","geometry":{"type":"Point","coordinates":[69.32462,41.330977]},"properties":{"Адрес":"Сайрам 1 тор - Каландор","Туман":"Мирзо Улуғбек","Прина":"СМЭУ"}},{"type":"Feature","geometry":{"type":"Point","coordinates":[69.32429,41.333017]},"properties":{"Адрес":"Сайрам – 2 тор – музыкальная школа","Туман":"Мирзо Улуғбек","Прина":"СМЭУ"}},{"type":"Feature","geometry":{"type":"Point","coordinates":[69.324898,41.329299]},"properties":{"Адрес":"Сайрам – 5 тор - Сайрам","Туман":"Мирзо Улуғбек","Прина":"СМЭУ"}},{"type":"Feature","geometry":{"type":"Point","coordinates":[69.439254,41.334896]},"properties":{"Адрес":"Миллий бог – школа №344","Туман":"Мирзо Улуғбек","Прина":"СМЭУ"}},{"type":"Feature","geometry":{"type":"Point","coordinates":[69.446713,41.335807]},"properties":{"Адрес":"Миллий бог – Асаларичи","Туман":"Мирзо Улуғбек","Прина":"СМЭУ"}},{"type":"Feature","geometry":{"type":"Point","coordinates":[69.443096,41.335766]},"properties":{"Адрес":"Миллий бог – дом №88","Туман":"Мирзо Улуғбек","Прина":"СМЭУ"}},{"type":"Feature","geometry":{"type":"Point","coordinates":[69.30489,41.327619]},"properties":{"Адрес":"Аккурганская – У. Султанов","Туман":"Мирзо Улуғбек","Прина":"СМЭУ"}},{"type":"Feature","geometry":{"type":"Point","coordinates":[69.305714,41.330719]},"properties":{"Адрес":"Ката Дархан - Акурганская","Туман":"Мирзо Улуғбек","Прина":"СМЭУ"}},{"type":"Feature","geometry":{"type":"Point","coordinates":[69.293191,41.314246]},"properties":{"Адрес":"М. Ганди – Х. Олимжан","Туман":"Мирзо Улуғбек","Прина":"СМЭУ"}},{"type":"Feature","geometry":{"type":"Point","coordinates":[69.366428,41.354646]},"properties":{"Адрес":"Феруза – «браво мед сервис»","Туман":"Мирзо Улуғбек","Прина":"СМЭУ"}},{"type":"Feature","geometry":{"type":"Point","coordinates":[69.462681,41.408429]},"properties":{"Адрес":"У. Гуломов – «Дорух ОМОН»","Туман":"Мирзо Улуғбек","Прина":"СМЭУ"}},{"type":"Feature","geometry":{"type":"Point","coordinates":[69.454136,41.40407]},"properties":{"Адрес":"У. Гуломов – Булоксой","Туман":"Мирзо Улуғбек","Прина":"СМЭУ"}},{"type":"Feature","geometry":{"type":"Point","coordinates":[69.367393,41.324328]},"properties":{"Адрес":"Бинокор – А. Темур","Туман":"Мирзо Улуғбек","Прина":"СМЭУ"}},{"type":"Feature","geometry":{"type":"Point","coordinates":[69.377718,41.333524]},"properties":{"Адрес":"Т. Малик – Карасу - 4","Туман":"Мирзо Улуғбек","Прина":"СМЭУ"}},{"type":"Feature","geometry":{"type":"Point","coordinates":[69.364785,41.322454]},"properties":{"Адрес":"Бинокор 3-уй каршиси","Туман":"Мирзо Улуғбек","Прина":"СМЭУ"}},{"type":"Feature","geometry":{"type":"Point","coordinates":[69.359998,41.341527]},"properties":{"Адрес":"Жасорат – янгиобод 490 пост","Туман":"Мирзо Улуғбек","Прина":"СМЭУ"}},{"type":"Feature","geometry":{"type":"Point","coordinates":[69.422725,41.331999]},"properties":{"Адрес":"Миллий бог – Чулпон","Туман":"Мирзо Улуғбек","Прина":"СМЭУ"}},{"type":"Feature","geometry":{"type":"Point","coordinates":[69.412151,41.333921]},"properties":{"Адрес":"«Касаба уюшмаси федер. Академия Миллий бог","Туман":"Мирзо Улуғбек","Прина":"СМЭУ"}},{"type":"Feature","geometry":{"type":"Point","coordinates":[69.40894,41.334495]},"properties":{"Адрес":"Миллий бог – Фаровон ҳаёт","Туман":"Мирзо Улуғбек","Прина":"СМЭУ"}},{"type":"Feature","geometry":{"type":"Point","coordinates":[69.406204,41.334978]},"properties":{"Адрес":"Миллий бог – Анайбулок","Туман":"Мирзо Улуғбек","Прина":"СМЭУ"}},{"type":"Feature","geometry":{"type":"Point","coordinates":[69.428539,41.332677]},"properties":{"Адрес":"Миллий бог -Марказий Янгиобод","Туман":"Мирзо Улуғбек","Прина":"СМЭУ"}},{"type":"Feature","geometry":{"type":"Point","coordinates":[69.270531,41.31241]},"properties":{"Адрес":"Буюк Турон -Матбуотчилар","Туман":"Миробод","Прина":"СМЭУ"}},{"type":"Feature","geometry":{"type":"Point","coordinates":[69.275926,41.302986]},"properties":{"Адрес":"Шевченко-Яккачинор","Туман":"Миробод","Прина":"СМЭУ"}},{"type":"Feature","geometry":{"type":"Point","coordinates":[69.286305,41.292413]},"properties":{"Адрес":"Туркистон -шевченко","Туман":"Миробод","Прина":"СМЭУ"}},{"type":"Feature","geometry":{"type":"Point","coordinates":[69.285711,41.305216]},"properties":{"Адрес":"Истикбол-Я Гулямов","Туман":"Миробод","Прина":"СМЭУ"}},{"type":"Feature","geometry":{"type":"Point","coordinates":[69.269636,41.31042]},"properties":{"Адрес":"Буюк Турон -Бухоро","Туман":"Миробод","Прина":"СМЭУ"}},{"type":"Feature","geometry":{"type":"Point","coordinates":[69.273058,41.309639]},"properties":{"Адрес":"Бухора -Ота турк","Туман":"Миробод","Прина":"СМЭУ"}},{"type":"Feature","geometry":{"type":"Point","coordinates":[69.301647,41.249085]},"properties":{"Адрес":"Ким Пен Хва -Базарча","Туман":"Миробод","Прина":"СМЭУ"}},{"type":"Feature","geometry":{"type":"Point","coordinates":[69.296173,41.282013]},"properties":{"Адрес":"Мехрижон – 8 март","Туман":"Миробод","Прина":"СМЭУ"}},{"type":"Feature","geometry":{"type":"Point","coordinates":[69.300075,41.284825]},"properties":{"Адрес":"8 март -Сайхун","Туман":"Миробод","Прина":"СМЭУ"}},{"type":"Feature","geometry":{"type":"Point","coordinates":[69.310026,41.244273]},"properties":{"Адрес":"ТКАД-Мунис","Туман":"Миробод","Прина":"СМЭУ"}},{"type":"Feature","geometry":{"type":"Point","coordinates":[69.297213,41.27742]},"properties":{"Адрес":"Янгизамон -Эскисаракул","Туман":"Миробод","Прина":"СМЭУ"}},{"type":"Feature","geometry":{"type":"Point","coordinates":[69.272481,41.308268]},"properties":{"Адрес":"Узбекистанска-Ота турк","Туман":"Миробод","Прина":"СМЭУ"}},{"type":"Feature","geometry":{"type":"Point","coordinates":[69.290877,41.300023]},"properties":{"Адрес":"Истикбол нукус","Туман":"Миробод","Прина":"СМЭУ"}},{"type":"Feature","geometry":{"type":"Point","coordinates":[69.301613,41.244274]},"properties":{"Адрес":"Ткад -Янгикуйлик","Туман":"Миробод","Прина":"СМЭУ"}},{"type":"Feature","geometry":{"type":"Point","coordinates":[69.273874,41.311504]},"properties":{"Адрес":"Матбуотчилар -Ота турк","Туман":"Миробод","Прина":"СМЭУ"}},{"type":"Feature","geometry":{"type":"Point","coordinates":[69.26629,41.302192]},"properties":{"Адрес":"Буюк Турон -Миробод","Туман":"Миробод","Прина":"СМЭУ"}},{"type":"Feature","geometry":{"type":"Point","coordinates":[69.290667,41.275575]},"properties":{"Адрес":"Саракулская школа 175","Туман":"Миробод","Прина":"СМЭУ"}},{"type":"Feature","geometry":{"type":"Point","coordinates":[69.279691,41.298181]},"properties":{"Адрес":"Шевченко -Чехова","Туман":"Миробод","Прина":"СМЭУ"}},{"type":"Feature","geometry":{"type":"Point","coordinates":[69.293747,41.284044]},"properties":{"Адрес":"Мехрижон -Сумбула","Туман":"Миробод","Прина":"СМЭУ"}},{"type":"Feature","geometry":{"type":"Point","coordinates":[69.267718,41.299632]},"properties":{"Адрес":"Миробод-Ж дом 12","Туман":"Миробод","Прина":"СМЭУ"}},{"type":"Feature","geometry":{"type":"Point","coordinates":[69.301625,41.246452]},"properties":{"Адрес":"Янгикуйлик -5 мавзе","Туман":"Миробод","Прина":"СМЭУ"}},{"type":"Feature","geometry":{"type":"Point","coordinates":[69.28773,41.277324]},"properties":{"Адрес":"Банокати-Саракул","Туман":"Миробод","Прина":"СМЭУ"}},{"type":"Feature","geometry":{"type":"Point","coordinates":[69.29303,41.274104]},"properties":{"Адрес":"Саракул-Янгизамон","Туман":"Миробод","Прина":"СМЭУ"}},{"type":"Feature","geometry":{"type":"Point","coordinates":[69.294588,41.272577]},"properties":{"Адрес":"Мирсолихова -Фитисова","Туман":"Миробод","Прина":"СМЭУ"}},{"type":"Feature","geometry":{"type":"Point","coordinates":[69.30028,41.275111]},"properties":{"Адрес":"Толимаржон -Олтинкул","Туман":"Миробод","Прина":"СМЭУ"}},{"type":"Feature","geometry":{"type":"Point","coordinates":[69.318435,41.245827]},"properties":{"Адрес":"Мунис -Мунис 3 тор куч.","Туман":"Миробод","Прина":"СМЭУ"}},{"type":"Feature","geometry":{"type":"Point","coordinates":[69.284296,41.291333]},"properties":{"Адрес":"Ойбек-Туркистон","Туман":"Миробод","Прина":"СМЭУ"}},{"type":"Feature","geometry":{"type":"Point","coordinates":[69.284596,41.301212]},"properties":{"Адрес":"С Азимова -Гувлд","Туман":"Миробод","Прина":"СМЭУ"}},{"type":"Feature","geometry":{"type":"Point","coordinates":[69.288647,41.286643]},"properties":{"Адрес":"Мехрижон -кушкуприк чоррахаси","Туман":"Миробод","Прина":"СМЭУ"}},{"type":"Feature","geometry":{"type":"Point","coordinates":[69.288822,41.294157]},"properties":{"Адрес":"А.Темур -Туркистон","Туман":"Миробод","Прина":"СМЭУ"}},{"type":"Feature","geometry":{"type":"Point","coordinates":[69.313201,41.268066]},"properties":{"Адрес":"Эски Отчопар-Фаргона йули","Туман":"Миробод","Прина":"СМЭУ"}},{"type":"Feature","geometry":{"type":"Point","coordinates":[69.267315,41.304111]},"properties":{"Адрес":"Афросиёб куч-2 уй карш.","Туман":"Миробод","Прина":"СМЭУ"}},{"type":"Feature","geometry":{"type":"Point","coordinates":[69.302244,41.252611]},"properties":{"Адрес":"Янги Қўйлиқ Файзобод 1-тор кўчаси","Туман":"Миробод","Прина":"СМЭУ"}},{"type":"Feature","geometry":{"type":"Point","coordinates":[69.273891,41.303551]},"properties":{"Адрес":"Якуб Колас кўчаси 110-мактаб биноси","Туман":"Миробод","Прина":"СМЭУ"}},{"type":"Feature","geometry":{"type":"Point","coordinates":[69.297726,41.273895]},"properties":{"Адрес":"Талимаржон кўчас 158-мактаб қаршиcи","Туман":"Миробод","Прина":"СМЭУ"}},{"type":"Feature","geometry":{"type":"Point","coordinates":[69.199256,41.218037]},"properties":{"Адрес":"Мехригиё Г35","Туман":"Сергели","Прина":"СМЭУ"}},{"type":"Feature","geometry":{"type":"Point","coordinates":[69.210928,41.217797]},"properties":{"Адрес":"М.Турсунзода-43 уй","Туман":"Сергели","Прина":"СМЭУ"}},{"type":"Feature","geometry":{"type":"Point","coordinates":[69.284094,41.244315]},"properties":{"Адрес":"ТКАД 56 км-Элбурс тўйхона қарши","Туман":"Сергели","Прина":"СМЭУ"}},{"type":"Feature","geometry":{"type":"Point","coordinates":[69.214867,41.22503]},"properties":{"Адрес":"Мехригиё-Мерос тўйхонаси","Туман":"Сергели","Прина":"СМЭУ"}},{"type":"Feature","geometry":{"type":"Point","coordinates":[69.224637,41.207049]},"properties":{"Адрес":"Кипчок куч-дохахлеб","Туман":"Сергели","Прина":"СМЭУ"}},{"type":"Feature","geometry":{"type":"Point","coordinates":[69.254472,41.21934]},"properties":{"Адрес":"Кипчок куч.-пепси завод","Туман":"Сергели","Прина":"СМЭУ"}},{"type":"Feature","geometry":{"type":"Point","coordinates":[69.238265,41.212703]},"properties":{"Адрес":"Кипчок куч-Кудус шариф","Туман":"Сергели","Прина":"СМЭУ"}},{"type":"Feature","geometry":{"type":"Point","coordinates":[69.223856,41.212182]},"properties":{"Адрес":"Лутфикор куч-6 мактаб","Туман":"Сергели","Прина":"СМЭУ"}},{"type":"Feature","geometry":{"type":"Point","coordinates":[69.289177,41.244354]},"properties":{"Адрес":"ТХАЙ,55,4 км -","Туман":"Сергели","Прина":"СМЭУ"}},{"type":"Feature","geometry":{"type":"Point","coordinates":[69.224487,41.243825]},"properties":{"Адрес":"ТКАД-Ногайкургон","Туман":"Сергели","Прина":"СМЭУ"}},{"type":"Feature","geometry":{"type":"Point","coordinates":[69.271259,41.232202]},"properties":{"Адрес":"Кипчок-Хонобод МФЙ 94 А уй","Туман":"Сергели","Прина":"СМЭУ"}},{"type":"Feature","geometry":{"type":"Point","coordinates":[69.19784,41.2415]},"properties":{"Адрес":"Чоштепа куч-11 паликника","Туман":"Сергели","Прина":"СМЭУ"}},{"type":"Feature","geometry":{"type":"Point","coordinates":[69.292328,41.244585]},"properties":{"Адрес":"ТХАЙ кўчаси 2-даражали йўл 266-мактаб","Туман":"Сергели","Прина":"СМЭУ"}},{"type":"Feature","geometry":{"type":"Point","coordinates":[69.240044,41.21812]},"properties":{"Адрес":"Обихаёт кўчаси Автосентр биноси","Туман":"Сергели","Прина":"СМЭУ"}},{"type":"Feature","geometry":{"type":"Point","coordinates":[69.203371,41.228083]},"properties":{"Адрес":"М.Турсунзода кўчаси 4-уй қаршиcи 2-метро бекат","Туман":"Сергели","Прина":"СМЭУ"}},{"type":"Feature","geometry":{"type":"Point","coordinates":[69.2217,41.211299]},"properties":{"Адрес":"Лктифкор-Лутифкор 1-тор кўча чоррахаси","Туман":"Сергели","Прина":"СМЭУ"}},{"type":"Feature","geometry":{"type":"Point","coordinates":[69.259793,41.217161]},"properties":{"Адрес":"Хонабод кўча Тошкент Тола бинаси қаршиcи","Туман":"Сергели","Прина":"СМЭУ"}},{"type":"Feature","geometry":{"type":"Point","coordinates":[69.253406,41.203352]},"properties":{"Адрес":"Дарё бўйи Нилуфар 3-тор кўча чоррахаси","Туман":"Сергели","Прина":"СМЭУ"}},{"type":"Feature","geometry":{"type":"Point","coordinates":[69.201619,41.244179]},"properties":{"Адрес":"Чоштепа кўчаси Ҳавас дўкон қаршиcи","Туман":"Сергели","Прина":"СМЭУ"}},{"type":"Feature","geometry":{"type":"Point","coordinates":[69.205557,41.246762]},"properties":{"Адрес":"Чоштепа кўчаси 71-уй қаршиcи","Туман":"Сергели","Прина":"СМЭУ"}},{"type":"Feature","geometry":{"type":"Point","coordinates":[69.235111,41.21609]},"properties":{"Адрес":"Обихаёт Жалойир кўчалари","Туман":"Сергели","Прина":"СМЭУ"}},{"type":"Feature","geometry":{"type":"Point","coordinates":[69.175527,41.320401]},"properties":{"Адрес":"Бешқайрагач - Дилкаш","Туман":"Учтепа","Прина":"СМЭУ"}},{"type":"Feature","geometry":{"type":"Point","coordinates":[69.16292,41.304723]},"properties":{"Адрес":"Бешқайрагач - Тукимачи (З.Саид)","Туман":"Учтепа","Прина":"СМЭУ"}},{"type":"Feature","geometry":{"type":"Point","coordinates":[69.178764,41.321655]},"properties":{"Адрес":"Бешқайрагач - Хамкор","Туман":"Учтепа","Прина":"СМЭУ"}},{"type":"Feature","geometry":{"type":"Point","coordinates":[69.188357,41.322574]},"properties":{"Адрес":"Бешқайрагач - Школа №106","Туман":"Учтепа","Прина":"СМЭУ"}},{"type":"Feature","geometry":{"type":"Point","coordinates":[69.162113,41.315197]},"properties":{"Адрес":"Бешқайрагач - Зариф","Туман":"Учтепа","Прина":"СМЭУ"}},{"type":"Feature","geometry":{"type":"Point","coordinates":[69.163158,41.325062]},"properties":{"Адрес":"Истирохат-Муаллим","Туман":"Учтепа","Прина":"СМЭУ"}},{"type":"Feature","geometry":{"type":"Point","coordinates":[69.177384,41.278955]},"properties":{"Адрес":"Лутфий-Кафе \"Москва\"","Туман":"Учтепа","Прина":"СМЭУ"}},{"type":"Feature","geometry":{"type":"Point","coordinates":[69.193932,41.326273]},"properties":{"Адрес":"МКАД - Гафурова","Туман":"Учтепа","Прина":"СМЭУ"}},{"type":"Feature","geometry":{"type":"Point","coordinates":[69.194463,41.286663]},"properties":{"Адрес":"МКАД - Тахтагул","Туман":"Учтепа","Прина":"СМЭУ"}},{"type":"Feature","geometry":{"type":"Point","coordinates":[69.170098,41.297046]},"properties":{"Адрес":"Алмоний - Саккокий","Туман":"Учтепа","Прина":"СМЭУ"}},{"type":"Feature","geometry":{"type":"Point","coordinates":[69.193642,41.30825]},"properties":{"Адрес":"МКАД-Носирова","Туман":"Учтепа","Прина":"СМЭУ"}},{"type":"Feature","geometry":{"type":"Point","coordinates":[69.16836,41.307974]},"properties":{"Адрес":"Назарбек-Школа№129","Туман":"Учтепа","Прина":"СМЭУ"}},{"type":"Feature","geometry":{"type":"Point","coordinates":[69.1466,41.277416]},"properties":{"Адрес":"ТКАД - Турсункулова (ТКАД Изза)","Туман":"Учтепа","Прина":"СМЭУ"}},{"type":"Feature","geometry":{"type":"Point","coordinates":[69.150673,41.297019]},"properties":{"Адрес":"ТКАД - Агро.колледж","Туман":"Учтепа","Прина":"СМЭУ"}},{"type":"Feature","geometry":{"type":"Point","coordinates":[69.1869,41.314825]},"properties":{"Адрес":"Куча Дарвоза - Решетова","Туман":"Учтепа","Прина":"СМЭУ"}},{"type":"Feature","geometry":{"type":"Point","coordinates":[69.16151,41.307393]},"properties":{"Адрес":"Куча Дарвоза - Тукимачи","Туман":"Учтепа","Прина":"СМЭУ"}},{"type":"Feature","geometry":{"type":"Point","coordinates":[69.176164,41.311203]},"properties":{"Адрес":"Куча Дарвоза - Хондамир","Туман":"Учтепа","Прина":"СМЭУ"}},{"type":"Feature","geometry":{"type":"Point","coordinates":[69.157762,41.30509]},"properties":{"Адрес":"Куча Дарвоза - Зулфизор","Туман":"Учтепа","Прина":"СМЭУ"}},{"type":"Feature","geometry":{"type":"Point","coordinates":[69.174075,41.29832]},"properties":{"Адрес":"Уч Тепа - Джурджаний","Туман":"Учтепа","Прина":"СМЭУ"}},{"type":"Feature","geometry":{"type":"Point","coordinates":[69.168726,41.291432]},"properties":{"Адрес":"Фозилтепа - Иноятова","Туман":"Учтепа","Прина":"СМЭУ"}},{"type":"Feature","geometry":{"type":"Point","coordinates":[69.176408,41.295355]},"properties":{"Адрес":"Фозилтепа - Уч Тепа РОВД","Туман":"Учтепа","Прина":"СМЭУ"}},{"type":"Feature","geometry":{"type":"Point","coordinates":[69.172512,41.276746]},"properties":{"Адрес":"Хирмонтепа - Лутфий","Туман":"Учтепа","Прина":"СМЭУ"}},{"type":"Feature","geometry":{"type":"Point","coordinates":[69.189811,41.280204]},"properties":{"Адрес":"Шайхзода-Школа№74","Туман":"Учтепа","Прина":"СМЭУ"}},{"type":"Feature","geometry":{"type":"Point","coordinates":[69.165307,41.285177]},"properties":{"Адрес":"Ширин - Фозилтепа","Туман":"Учтепа","Прина":"СМЭУ"}},{"type":"Feature","geometry":{"type":"Point","coordinates":[69.170946,41.285102]},"properties":{"Адрес":"Ширин - Хирмонтепа","Туман":"Учтепа","Прина":"СМЭУ"}},{"type":"Feature","geometry":{"type":"Point","coordinates":[69.180521,41.281687]},"properties":{"Адрес":"Ширин - Лутфий","Туман":"Учтепа","Прина":"СМЭУ"}},{"type":"Feature","geometry":{"type":"Point","coordinates":[69.184804,41.277396]},"properties":{"Адрес":"Ширин - Шайхзода","Туман":"Учтепа","Прина":"СМЭУ"}},{"type":"Feature","geometry":{"type":"Point","coordinates":[69.187581,41.273894]},"properties":{"Адрес":"Ширин - Заргарлик","Туман":"Учтепа","Прина":"СМЭУ"}},{"type":"Feature","geometry":{"type":"Point","coordinates":[69.164521,41.283089]},"properties":{"Адрес":"Фозилтепа - Изза","Туман":"Учтепа","Прина":"СМЭУ"}},{"type":"Feature","geometry":{"type":"Point","coordinates":[69.167498,41.299848]},"properties":{"Адрес":"Алмоний - Уч Тепа","Туман":"Учтепа","Прина":"СМЭУ"}},{"type":"Feature","geometry":{"type":"Point","coordinates":[69.165324,41.31643]},"properties":{"Адрес":"Бешқайрагач - Пол.№22","Туман":"Учтепа","Прина":"СМЭУ"}},{"type":"Feature","geometry":{"type":"Point","coordinates":[69.163582,41.303438]},"properties":{"Адрес":"Тўкимачи-Шароф","Туман":"Учтепа","Прина":"СМЭУ"}},{"type":"Feature","geometry":{"type":"Point","coordinates":[69.169085,41.309685]},"properties":{"Адрес":"Уйғур-2 тор Қурувчи","Туман":"Учтепа","Прина":"СМЭУ"}},{"type":"Feature","geometry":{"type":"Point","coordinates":[69.189881,41.29826]},"properties":{"Адрес":"Фозил тепа-Больница","Туман":"Учтепа","Прина":"СМЭУ"}},{"type":"Feature","geometry":{"type":"Point","coordinates":[69.146643,41.272632]},"properties":{"Адрес":"ТХАЙ - Урикзор","Туман":"Учтепа","Прина":"СМЭУ"}},{"type":"Feature","geometry":{"type":"Point","coordinates":[69.190624,41.290124]},"properties":{"Адрес":"Лутфий - Г9 мавзе 4 а уй","Туман":"Учтепа","Прина":"СМЭУ"}},{"type":"Feature","geometry":{"type":"Point","coordinates":[69.172509,41.288502]},"properties":{"Адрес":"Катта хирмонтепа - Найман","Туман":"Учтепа","Прина":"СМЭУ"}},{"type":"Feature","geometry":{"type":"Point","coordinates":[69.170538,41.292495]},"properties":{"Адрес":"Фозил тепа - 238 мактаб","Туман":"Учтепа","Прина":"СМЭУ"}},{"type":"Feature","geometry":{"type":"Point","coordinates":[69.184085,41.327237]},"properties":{"Адрес":"Истирохат - Мед клиника","Туман":"Учтепа","Прина":"СМЭУ"}},{"type":"Feature","geometry":{"type":"Point","coordinates":[69.152348,41.270116]},"properties":{"Адрес":"Ковунчи - Курилиш","Туман":"Учтепа","Прина":"СМЭУ"}},{"type":"Feature","geometry":{"type":"Point","coordinates":[69.168716,41.317732]},"properties":{"Адрес":"Бешқайрағоч - Уккоша","Туман":"Учтепа","Прина":"СМЭУ"}},{"type":"Feature","geometry":{"type":"Point","coordinates":[69.193429,41.312325]},"properties":{"Адрес":"МКАД - Пахтакор","Туман":"Учтепа","Прина":"СМЭУ"}},{"type":"Feature","geometry":{"type":"Point","coordinates":[69.158653,41.292997]},"properties":{"Адрес":"Саккокий - 4 тор Саккокий","Туман":"Учтепа","Прина":"СМЭУ"}},{"type":"Feature","geometry":{"type":"Point","coordinates":[69.180942,41.303327]},"properties":{"Адрес":"Али Кушчи - 1 тор Хурсан","Туман":"Учтепа","Прина":"СМЭУ"}},{"type":"Feature","geometry":{"type":"Point","coordinates":[69.139883,41.281952]},"properties":{"Адрес":"Зарафшон - Воситхон","Туман":"Учтепа","Прина":"СМЭУ"}},{"type":"Feature","geometry":{"type":"Point","coordinates":[69.18941,41.307528]},"properties":{"Адрес":"Али Кушчи - Жамшид","Туман":"Учтепа","Прина":"СМЭУ"}},{"type":"Feature","geometry":{"type":"Point","coordinates":[69.183302,41.278939]},"properties":{"Адрес":"Ширин - Республика дизайн мактаби","Туман":"Учтепа","Прина":"СМЭУ"}},{"type":"Feature","geometry":{"type":"Point","coordinates":[69.175415,41.277759]},"properties":{"Адрес":"Лутфий - 107 мактаб","Туман":"Учтепа","Прина":"СМЭУ"}},{"type":"Feature","geometry":{"type":"Point","coordinates":[69.142595,41.287361]},"properties":{"Адрес":"Зарафшон - Гулсанам","Туман":"Учтепа","Прина":"СМЭУ"}},{"type":"Feature","geometry":{"type":"Point","coordinates":[69.15555,41.281667]},"properties":{"Адрес":"Изза - 4 тор Изза","Туман":"Учтепа","Прина":"СМЭУ"}},{"type":"Feature","geometry":{"type":"Point","coordinates":[69.169958,41.290489]},"properties":{"Адрес":"Нейман-Учтепа прокуратура","Туман":"Учтепа","Прина":"СМЭУ"}},{"type":"Feature","geometry":{"type":"Point","coordinates":[69.188132,41.279268]},"properties":{"Адрес":"Шайхзода-Осиё мед","Туман":"Учтепа","Прина":"СМЭУ"}},{"type":"Feature","geometry":{"type":"Point","coordinates":[69.164674,41.302396]},"properties":{"Адрес":"Тукимачи-2тор Тукимачи","Туман":"Учтепа","Прина":"СМЭУ"}},{"type":"Feature","geometry":{"type":"Point","coordinates":[69.182953,41.283843]},"properties":{"Адрес":"Лутфий-Оила маркет","Туман":"Учтепа","Прина":"СМЭУ"}},{"type":"Feature","geometry":{"type":"Point","coordinates":[69.168257,41.299181]},"properties":{"Адрес":"Тукимачи-шк 193","Туман":"Учтепа","Прина":"СМЭУ"}},{"type":"Feature","geometry":{"type":"Point","coordinates":[69.17404,41.289518]},"properties":{"Адрес":"К.Хирмонтепа-Автомактаб","Туман":"Учтепа","Прина":"СМЭУ"}},{"type":"Feature","geometry":{"type":"Point","coordinates":[69.17857,41.312156]},"properties":{"Адрес":"К.Дарвоза-Хазрати умар мас.","Туман":"Учтепа","Прина":"СМЭУ"}},{"type":"Feature","geometry":{"type":"Point","coordinates":[69.174042,41.31041]},"properties":{"Адрес":"К.Дарвоза-Дилноз","Туман":"Учтепа","Прина":"СМЭУ"}},{"type":"Feature","geometry":{"type":"Point","coordinates":[69.159539,41.312481]},"properties":{"Адрес":"Тукимачи-Боложон мед","Туман":"Учтепа","Прина":"СМЭУ"}},{"type":"Feature","geometry":{"type":"Point","coordinates":[69.153272,41.267303]},"properties":{"Адрес":"Ковунчи-дом 49","Туман":"Учтепа","Прина":"СМЭУ"}},{"type":"Feature","geometry":{"type":"Point","coordinates":[69.169265,41.275624]},"properties":{"Адрес":"Лутфий-Абдуллох Ибн мас.","Туман":"Учтепа","Прина":"СМЭУ"}},{"type":"Feature","geometry":{"type":"Point","coordinates":[69.176289,41.284982]},"properties":{"Адрес":"Ширин-Дилором","Туман":"Учтепа","Прина":"СМЭУ"}},{"type":"Feature","geometry":{"type":"Point","coordinates":[69.16574,41.295558]},"properties":{"Адрес":"Ю.Саккокий мирхонд 4 тор","Туман":"Учтепа","Прина":"СМЭУ"}},{"type":"Feature","geometry":{"type":"Point","coordinates":[69.1752,41.295991]},"properties":{"Адрес":"ТХАЙ -58 уй","Туман":"Учтепа","Прина":"СМЭУ"}},{"type":"Feature","geometry":{"type":"Point","coordinates":[69.197236,41.21899]},"properties":{"Адрес":"4P21-Qurgontepa","Туман":"Янгиҳает","Прина":"СМЭУ"}},{"type":"Feature","geometry":{"type":"Point","coordinates":[69.191333,41.190976]},"properties":{"Адрес":"4P21-Qorakol school","Туман":"Янгиҳает","Прина":"СМЭУ"}},{"type":"Feature","geometry":{"type":"Point","coordinates":[69.224313,41.20335]},"properties":{"Адрес":"Chinor-Davlatobod","Туман":"Янгиҳает","Прина":"СМЭУ"}},{"type":"Feature","geometry":{"type":"Point","coordinates":[69.222202,41.194112]},"properties":{"Адрес":"Birodarlik-Bog'chinor","Туман":"Янгиҳает","Прина":"СМЭУ"}},{"type":"Feature","geometry":{"type":"Point","coordinates":[69.194252,41.187669]},"properties":{"Адрес":"D021-120 uy qarshisi","Туман":"Янгиҳает","Прина":"СМЭУ"}},{"type":"Feature","geometry":{"type":"Point","coordinates":[69.197018,41.212585]},"properties":{"Адрес":"Qurgontepa 1 tor kuch-332 maktab qarshisi","Туман":"Янгиҳает","Прина":"СМЭУ"}},{"type":"Feature","geometry":{"type":"Point","coordinates":[69.217527,41.200562]},"properties":{"Адрес":"Chinor-Bog'chinor","Туман":"Янгиҳает","Прина":"СМЭУ"}},{"type":"Feature","geometry":{"type":"Point","coordinates":[69.211604,41.207094]},"properties":{"Адрес":"Lutfikor kuch-19 uy","Туман":"Янгиҳает","Прина":"СМЭУ"}},{"type":"Feature","geometry":{"type":"Point","coordinates":[69.181452,41.227698]},"properties":{"Адрес":"TXAI-Choshtepinskaya","Туман":"Янгиҳает","Прина":"СМЭУ"}},{"type":"Feature","geometry":{"type":"Point","coordinates":[69.230096,41.186358]},"properties":{"Адрес":"Chortok-zavod kuch","Туман":"Янгиҳает","Прина":"СМЭУ"}},{"type":"Feature","geometry":{"type":"Point","coordinates":[69.174848,41.219259]},"properties":{"Адрес":"Choshtepa o'zar ko'chalar kesishmasi","Туман":"Янгиҳает","Прина":"СМЭУ"}},{"type":"Feature","geometry":{"type":"Point","coordinates":[69.195218,41.239754]},"properties":{"Адрес":"Choshtepa ko'chasi 1-metro bekat","Туман":"Янгиҳает","Прина":"СМЭУ"}},{"type":"Feature","geometry":{"type":"Point","coordinates":[69.207225,41.199814]},"properties":{"Адрес":"Qipchoq ko'chasi 566-MTT qarshisi","Туман":"Янгиҳает","Прина":"СМЭУ"}},{"type":"Feature","geometry":{"type":"Point","coordinates":[69.227318,41.181646]},"properties":{"Адрес":"Chortok ko'chasi 333-maktab qarshisi","Туман":"Янгиҳает","Прина":"СМЭУ"}},{"type":"Feature","geometry":{"type":"Point","coordinates":[69.219729,41.20147]},"properties":{"Адрес":"Chinor Polvoner ko'chalari chorrahasi","Туман":"Янгиҳает","Прина":"СМЭУ"}},{"type":"Feature","geometry":{"type":"Point","coordinates":[69.273903,41.163889]},"properties":{"Адрес":"4P21 ko'chasi Jaloyir MFI orqasi qarshisi","Туман":"Янгиҳает","Прина":"СМЭУ"}},{"type":"Feature","geometry":{"type":"Point","coordinates":[69.199535,41.217551]},"properties":{"Адрес":"G35-8-9-hudud","Туман":"Янгиҳает","Прина":"СМЭУ"}},{"type":"Feature","geometry":{"type":"Point","coordinates":[69.234672,41.194605]},"properties":{"Адрес":"Kanora-Rayxon-Chortok","Туман":"Янгиҳает","Прина":"СМЭУ"}},{"type":"Feature","geometry":{"type":"Point","coordinates":[69.23138,41.204301]},"properties":{"Адрес":"Konora-Sofdil","Туман":"Янгиҳает","Прина":"СМЭУ"}},{"type":"Feature","geometry":{"type":"Point","coordinates":[69.215451,41.195232]},"properties":{"Адрес":"Qurgontepa-Dustlik","Туман":"Янгиҳает","Прина":"СМЭУ"}},{"type":"Feature","geometry":{"type":"Point","coordinates":[69.212804,41.215063]},"properties":{"Адрес":"Tursunzoda-Shokirariq","Туман":"Янгиҳает","Прина":"СМЭУ"}},{"type":"Feature","geometry":{"type":"Point","coordinates":[69.20375,41.211638]},"properties":{"Адрес":"Shokirariq-Qurgontepa","Туман":"Янгиҳает","Прина":"СМЭУ"}},{"type":"Feature","geometry":{"type":"Point","coordinates":[69.207998,41.205646]},"properties":{"Адрес":"Qurgontepa-Lutfikor","Туман":"Янгиҳает","Прина":"СМЭУ"}},{"type":"Feature","geometry":{"type":"Point","coordinates":[69.216976,41.209343]},"properties":{"Адрес":"Lutfikor-Tursunzoda","Туман":"Янгиҳает","Прина":"СМЭУ"}},{"type":"Feature","geometry":{"type":"Point","coordinates":[69.258102,41.300956]},"properties":{"Адрес":"Rakatboshi-V.Voxidov","Туман":"Яккасарой","Прина":"СМЭУ"}},{"type":"Feature","geometry":{"type":"Point","coordinates":[69.25941,41.288021]},"properties":{"Адрес":"Glinka maktab 118","Туман":"Яккасарой","Прина":"СМЭУ"}},{"type":"Feature","geometry":{"type":"Point","coordinates":[69.263647,41.305568]},"properties":{"Адрес":"Afrosiyob-Yunus Rajabiy","Туман":"Яккасарой","Прина":"СМЭУ"}},{"type":"Feature","geometry":{"type":"Point","coordinates":[69.243182,41.287108]},"properties":{"Адрес":"AT Termiziy-Rakat","Туман":"Яккасарой","Прина":"СМЭУ"}},{"type":"Feature","geometry":{"type":"Point","coordinates":[69.269073,41.280175]},"properties":{"Адрес":"Kichik Beshyogoch","Туман":"Яккасарой","Прина":"СМЭУ"}},{"type":"Feature","geometry":{"type":"Point","coordinates":[69.24602,41.268057]},"properties":{"Адрес":"Qushbegi-Qushbegi restoran","Туман":"Яккасарой","Прина":"СМЭУ"}},{"type":"Feature","geometry":{"type":"Point","coordinates":[69.238048,41.282776]},"properties":{"Адрес":"Muqimiy-Shoxjahon","Туман":"Яккасарой","Прина":"СМЭУ"}},{"type":"Feature","geometry":{"type":"Point","coordinates":[69.218571,41.217196]},"properties":{"Адрес":"Shokirariq-Xoxonaro","Туман":"Яккасарой","Прина":"СМЭУ"}},{"type":"Feature","geometry":{"type":"Point","coordinates":[69.265628,41.305095]},"properties":{"Адрес":"Sh.Rashidov-MVD R.Uzbek","Туман":"Яккасарой","Прина":"СМЭУ"}},{"type":"Feature","geometry":{"type":"Point","coordinates":[69.258894,41.298152]},"properties":{"Адрес":"Yu.Xojib-Bogsaroy","Туман":"Яккасарой","Прина":"СМЭУ"}},{"type":"Feature","geometry":{"type":"Point","coordinates":[69.242202,41.289572]},"properties":{"Адрес":"A.Avloniy-AT Termiziy chorrahasi","Туман":"Яккасарой","Прина":"СМЭУ"}},{"type":"Feature","geometry":{"type":"Point","coordinates":[69.240552,41.281155]},"properties":{"Адрес":"MKKIMI ko'chasi TMS instituti qarshisi","Туман":"Яккасарой","Прина":"СМЭУ"}},{"type":"Feature","geometry":{"type":"Point","coordinates":[69.245165,41.273838]},"properties":{"Адрес":"Qushbegi ko'chasi Zig'ir osh qarshisi","Туман":"Яккасарой","Прина":"СМЭУ"}},{"type":"Feature","geometry":{"type":"Point","coordinates":[69.255604,41.290733]},"properties":{"Адрес":"Bratislava-Tafakkur chorrahasi","Туман":"Яккасарой","Прина":"СМЭУ"}},{"type":"Feature","geometry":{"type":"Point","coordinates":[69.242058,41.351562]},"properties":{"Адрес":"Карасарарайская-Мирпўлатова","Туман":"Олмазор","Прина":"СМЭУ"}},{"type":"Feature","geometry":{"type":"Point","coordinates":[69.198632,41.356653]},"properties":{"Адрес":"Камарнисо - М.Галиб","Туман":"Олмазор","Прина":"СМЭУ"}},{"type":"Feature","geometry":{"type":"Point","coordinates":[69.229146,41.344937]},"properties":{"Адрес":"Сагбан - Фарфор завод","Туман":"Олмазор","Прина":"СМЭУ"}},{"type":"Feature","geometry":{"type":"Point","coordinates":[69.214789,41.363781]},"properties":{"Адрес":"Уразбаева - Хасанова - Таксинбаева","Туман":"Олмазор","Прина":"СМЭУ"}},{"type":"Feature","geometry":{"type":"Point","coordinates":[69.247969,41.356165]},"properties":{"Адрес":"У.Ширин - Широк","Туман":"Олмазор","Прина":"СМЭУ"}},{"type":"Feature","geometry":{"type":"Point","coordinates":[69.21283,41.35099]},"properties":{"Адрес":"Чимбой-Мирошкина","Туман":"Олмазор","Прина":"СМЭУ"}},{"type":"Feature","geometry":{"type":"Point","coordinates":[69.204577,41.367339]},"properties":{"Адрес":"Тансыкбаева - Тансикбоев бозори.","Туман":"Олмазор","Прина":"СМЭУ"}},{"type":"Feature","geometry":{"type":"Point","coordinates":[69.18798,41.362887]},"properties":{"Адрес":"Астана-Қорақамиш","Туман":"Олмазор","Прина":"СМЭУ"}},{"type":"Feature","geometry":{"type":"Point","coordinates":[69.193485,41.358918]},"properties":{"Адрес":"Камарнисо - Назимаханум","Туман":"Олмазор","Прина":"СМЭУ"}},{"type":"Feature","geometry":{"type":"Point","coordinates":[69.183952,41.359172]},"properties":{"Адрес":"Шифокор - школа № 29","Туман":"Олмазор","Прина":"СМЭУ"}},{"type":"Feature","geometry":{"type":"Point","coordinates":[69.205063,41.370505]},"properties":{"Адрес":"Каракамыш - 3 - Каракамыш - 4","Туман":"Олмазор","Прина":"СМЭУ"}},{"type":"Feature","geometry":{"type":"Point","coordinates":[69.226776,41.355691]},"properties":{"Адрес":"Сагбан - Зиямова Коракамиш,","Туман":"Олмазор","Прина":"СМЭУ"}},{"type":"Feature","geometry":{"type":"Point","coordinates":[69.235441,41.329482]},"properties":{"Адрес":"Зарқайнар-Сағбон-Закирова","Туман":"Олмазор","Прина":"СМЭУ"}},{"type":"Feature","geometry":{"type":"Point","coordinates":[69.233687,41.336039]},"properties":{"Адрес":"Сагбан - школа № 24","Туман":"Олмазор","Прина":"СМЭУ"}},{"type":"Feature","geometry":{"type":"Point","coordinates":[69.233019,41.337383]},"properties":{"Адрес":"Сагбан - Шоший","Туман":"Олмазор","Прина":"СМЭУ"}},{"type":"Feature","geometry":{"type":"Point","coordinates":[69.204028,41.360486]},"properties":{"Адрес":"Чимбай - Мухбир","Туман":"Олмазор","Прина":"СМЭУ"}},{"type":"Feature","geometry":{"type":"Point","coordinates":[69.23192,41.3395]},"properties":{"Адрес":"Сагбан - школа № 11","Туман":"Олмазор","Прина":"СМЭУ"}},{"type":"Feature","geometry":{"type":"Point","coordinates":[69.16544,41.348318]},"properties":{"Адрес":"ТКАД - Фаробий","Туман":"Олмазор","Прина":"СМЭУ"}},{"type":"Feature","geometry":{"type":"Point","coordinates":[69.241871,41.343346]},"properties":{"Адрес":"Карасарайская - школа № 28","Туман":"Олмазор","Прина":"СМЭУ"}},{"type":"Feature","geometry":{"type":"Point","coordinates":[69.206107,41.358087]},"properties":{"Адрес":"Чимбай - Камарнисо","Туман":"Олмазор","Прина":"СМЭУ"}},{"type":"Feature","geometry":{"type":"Point","coordinates":[69.210419,41.370474]},"properties":{"Адрес":"Коракамиш3 -школа № 242","Туман":"Олмазор","Прина":"СМЭУ"}},{"type":"Feature","geometry":{"type":"Point","coordinates":[69.240262,41.3676]},"properties":{"Адрес":"Карасарайская - Ташигрушка:","Туман":"Олмазор","Прина":"СМЭУ"}},{"type":"Feature","geometry":{"type":"Point","coordinates":[69.215526,41.357619]},"properties":{"Адрес":"Коракамиш — Пансионат","Туман":"Олмазор","Прина":"СМЭУ"}},{"type":"Feature","geometry":{"type":"Point","coordinates":[69.201501,41.36752]},"properties":{"Адрес":"Бешкургон - 15 мактаб","Туман":"Олмазор","Прина":"СМЭУ"}},{"type":"Feature","geometry":{"type":"Point","coordinates":[69.242036,41.361765]},"properties":{"Адрес":"Корасарой-Гулсарой","Туман":"Олмазор","Прина":"СМЭУ"}},{"type":"Feature","geometry":{"type":"Point","coordinates":[69.242036,41.361765]},"properties":{"Адрес":"Корасарой - ШМКФУСТИБ","Туман":"Олмазор","Прина":"СМЭУ"}},{"type":"Feature","geometry":{"type":"Point","coordinates":[69.209255,41.364036]},"properties":{"Адрес":"Коракамиш - Автодром.","Туман":"Олмазор","Прина":"СМЭУ"}},{"type":"Feature","geometry":{"type":"Point","coordinates":[69.19807,41.353048]},"properties":{"Адрес":"М.Голиб - 3 тор М.Голиб","Туман":"Олмазор","Прина":"СМЭУ"}},{"type":"Feature","geometry":{"type":"Point","coordinates":[69.229828,41.361391]},"properties":{"Адрес":"Гулсарой - Норазтепа:","Туман":"Олмазор","Прина":"СМЭУ"}},{"type":"Feature","geometry":{"type":"Point","coordinates":[69.24028,41.367593]},"properties":{"Адрес":"Корасарой-Норазтепа","Туман":"Олмазор","Прина":"СМЭУ"}},{"type":"Feature","geometry":{"type":"Point","coordinates":[69.234461,41.332193]},"properties":{"Адрес":"Сагбон-мечет Хофизкохаки","Туман":"Олмазор","Прина":"СМЭУ"}},{"type":"Feature","geometry":{"type":"Point","coordinates":[69.218694,41.370482]},"properties":{"Адрес":"КоракамишЗ-шк 219","Туман":"Олмазор","Прина":"СМЭУ"}},{"type":"Feature","geometry":{"type":"Point","coordinates":[69.214787,41.367121]},"properties":{"Адрес":"Коракамиш-дом2","Туман":"Олмазор","Прина":"СМЭУ"}},{"type":"Feature","geometry":{"type":"Point","coordinates":[69.212368,41.358494]},"properties":{"Адрес":"Каракамиш-дом 9","Туман":"Олмазор","Прина":"СМЭУ"}},{"type":"Feature","geometry":{"type":"Point","coordinates":[69.242301,41.355243]},"properties":{"Адрес":"Корасарой -Гойибота","Туман":"Олмазор","Прина":"СМЭУ"}},{"type":"Feature","geometry":{"type":"Point","coordinates":[69.240536,41.371603]},"properties":{"Адрес":"Чукурсой-Чукурсой тор шк 16","Туман":"Олмазор","Прина":"СМЭУ"}},{"type":"Feature","geometry":{"type":"Point","coordinates":[69.197176,41.362072]},"properties":{"Адрес":"Мухбир-шк.интернат 106","Туман":"Олмазор","Прина":"СМЭУ"}},{"type":"Feature","geometry":{"type":"Point","coordinates":[69.234788,41.353587]},"properties":{"Адрес":"Дилсарой дет сад 423","Туман":"Олмазор","Прина":"СМЭУ"}},{"type":"Feature","geometry":{"type":"Point","coordinates":[69.231763,41.355841]},"properties":{"Адрес":"Гулсарой- дом7","Туман":"Олмазор","Прина":"СМЭУ"}},{"type":"Feature","geometry":{"type":"Point","coordinates":[69.186389,41.361307]},"properties":{"Адрес":"Шифокорлар-Нозимахоним","Туман":"Олмазор","Прина":"СМЭУ"}},{"type":"Feature","geometry":{"type":"Point","coordinates":[69.186389,41.361307]},"properties":{"Адрес":"Чимбой-шк.интернат 100","Туман":"Олмазор","Прина":"СМЭУ"}},{"type":"Feature","geometry":{"type":"Point","coordinates":[69.327732,41.311221]},"properties":{"Адрес":"Олтин тепа – магазин «Корзинка»","Туман":"Яшнобод","Прина":"СМЭУ"}},{"type":"Feature","geometry":{"type":"Point","coordinates":[69.335782,41.309588]},"properties":{"Адрес":"Паркентская – ж/д № 251","Туман":"Яшнобод","Прина":"СМЭУ"}},{"type":"Feature","geometry":{"type":"Point","coordinates":[69.31257,41.310495]},"properties":{"Адрес":"М. Улугбек – М. Риёзий","Туман":"Яшнобод","Прина":"СМЭУ"}},{"type":"Feature","geometry":{"type":"Point","coordinates":[69.314051,41.313]},"properties":{"Адрес":"М. Улугбек – С. Машходий","Туман":"Яшнобод","Прина":"СМЭУ"}},{"type":"Feature","geometry":{"type":"Point","coordinates":[69.322403,41.31016]},"properties":{"Адрес":"С. Машходий – школа № 307","Туман":"Яшнобод","Прина":"СМЭУ"}},{"type":"Feature","geometry":{"type":"Point","coordinates":[69.308145,41.314278]},"properties":{"Адрес":"МКАД – (мест.проезд) Асака","Туман":"Яшнобод","Прина":"СМЭУ"}},{"type":"Feature","geometry":{"type":"Point","coordinates":[69.330102,41.289254]},"properties":{"Адрес":"Алимкент - Зангорa","Туман":"Яшнобод","Прина":"СМЭУ"}},{"type":"Feature","geometry":{"type":"Point","coordinates":[69.324036,41.293097]},"properties":{"Адрес":"Элбек - Алимкент","Туман":"Яшнобод","Прина":"СМЭУ"}},{"type":"Feature","geometry":{"type":"Point","coordinates":[69.306009,41.303317]},"properties":{"Адрес":"Таракиёт – 2 тор АРТЕЛ","Туман":"Яшнобод","Прина":"СМЭУ"}},{"type":"Feature","geometry":{"type":"Point","coordinates":[69.304696,41.299249]},"properties":{"Адрес":"Элбек - Таракиёт","Туман":"Яшнобод","Прина":"СМЭУ"}},{"type":"Feature","geometry":{"type":"Point","coordinates":[69.289848,41.30524]},"properties":{"Адрес":"С. Азимова – Ю. Фучика – Той Тепа","Туман":"Яшнобод","Прина":"СМЭУ"}},{"type":"Feature","geometry":{"type":"Point","coordinates":[69.305461,41.301637]},"properties":{"Адрес":"П. Махмудов – Темир йули А/Ж","Туман":"Яшнобод","Прина":"СМЭУ"}},{"type":"Feature","geometry":{"type":"Point","coordinates":[69.331376,41.255708]},"properties":{"Адрес":"Уйсозлар – Уйсозлар 2 тор","Туман":"Яшнобод","Прина":"СМЭУ"}},{"type":"Feature","geometry":{"type":"Point","coordinates":[69.32897,41.254876]},"properties":{"Адрес":"Уйсозлар – Чашма 4","Туман":"Яшнобод","Прина":"СМЭУ"}},{"type":"Feature","geometry":{"type":"Point","coordinates":[69.292923,41.300071]},"properties":{"Адрес":"Элбек кўчаси 17 уй","Туман":"Яшнобод","Прина":"СМЭУ"}},{"type":"Feature","geometry":{"type":"Point","coordinates":[69.351411,41.283962]},"properties":{"Адрес":"Бирлашган 6 тор 10-сонли музыка мактаби","Туман":"Яшнобод","Прина":"СМЭУ"}},{"type":"Feature","geometry":{"type":"Point","coordinates":[69.352866,41.28874]},"properties":{"Адрес":"Бешарик кўчаси -20 уй","Туман":"Яшнобод","Прина":"СМЭУ"}},{"type":"Feature","geometry":{"type":"Point","coordinates":[69.29823,41.307571]},"properties":{"Адрес":"Махтумкули - А Кодирий","Туман":"Яшнобод","Прина":"СМЭУ"}},{"type":"Feature","geometry":{"type":"Point","coordinates":[69.353454,41.276218]},"properties":{"Адрес":"Зумрад – Хусанобод","Туман":"Яшнобод","Прина":"СМЭУ"}},{"type":"Feature","geometry":{"type":"Point","coordinates":[69.342781,41.275559]},"properties":{"Адрес":"Иззат – Хусанобод – 5 тор","Туман":"Яшнобод","Прина":"СМЭУ"}},{"type":"Feature","geometry":{"type":"Point","coordinates":[69.343383,41.273338]},"properties":{"Адрес":"Иззат – Шохимардон","Туман":"Яшнобод","Прина":"СМЭУ"}},{"type":"Feature","geometry":{"type":"Point","coordinates":[69.343383,41.273338]},"properties":{"Адрес":"Шохимардон - Зумрад","Туман":"Яшнобод","Прина":"СМЭУ"}},{"type":"Feature","geometry":{"type":"Point","coordinates":[69.35709,41.274789]},"properties":{"Адрес":"Шохимардон – Мураббий","Туман":"Яшнобод","Прина":"СМЭУ"}},{"type":"Feature","geometry":{"type":"Point","coordinates":[69.340092,41.277803]},"properties":{"Адрес":"Асолобод – Джаркурганская","Туман":"Яшнобод","Прина":"СМЭУ"}},{"type":"Feature","geometry":{"type":"Point","coordinates":[69.31729,41.267219]},"properties":{"Адрес":"Джаркурганская – школа № 156","Туман":"Яшнобод","Прина":"СМЭУ"}},{"type":"Feature","geometry":{"type":"Point","coordinates":[69.324702,41.269422]},"properties":{"Адрес":"Джаркурганская – дет. стоматология № 4","Туман":"Яшнобод","Прина":"СМЭУ"}},{"type":"Feature","geometry":{"type":"Point","coordinates":[69.341582,41.278576]},"properties":{"Адрес":"Иззат - Джаркурганская","Туман":"Яшнобод","Прина":"СМЭУ"}},{"type":"Feature","geometry":{"type":"Point","coordinates":[69.335266,41.295265]},"properties":{"Адрес":"Авиасозлар- Алимкент 1 тор","Туман":"Яшнобод","Прина":"СМЭУ"}},{"type":"Feature","geometry":{"type":"Point","coordinates":[69.320434,41.268226]},"properties":{"Адрес":"Джаркурганская – Захидова","Туман":"Яшнобод","Прина":"СМЭУ"}},{"type":"Feature","geometry":{"type":"Point","coordinates":[69.340475,41.281401]},"properties":{"Адрес":"Иззат – 3 сонли Тиббий ёрдам","Туман":"Яшнобод","Прина":"СМЭУ"}},{"type":"Feature","geometry":{"type":"Point","coordinates":[69.339737,41.283234]},"properties":{"Адрес":"Иззат – Шолохова","Туман":"Яшнобод","Прина":"СМЭУ"}},{"type":"Feature","geometry":{"type":"Point","coordinates":[69.33888,41.285372]},"properties":{"Адрес":"Иззат – Бирляшган","Туман":"Яшнобод","Прина":"СМЭУ"}},{"type":"Feature","geometry":{"type":"Point","coordinates":[69.339831,41.292125]},"properties":{"Адрес":"Авиасозлар – Авиасозлар саройи","Туман":"Яшнобод","Прина":"СМЭУ"}},{"type":"Feature","geometry":{"type":"Point","coordinates":[69.342075,41.291237]},"properties":{"Адрес":"Авиасозлар – Авиасозлар 1 А","Туман":"Яшнобод","Прина":"СМЭУ"}},{"type":"Feature","geometry":{"type":"Point","coordinates":[69.342383,41.29497]},"properties":{"Адрес":"Авиасозлар – 5-й проезд школа № 166","Туман":"Яшнобод","Прина":"СМЭУ"}},{"type":"Feature","geometry":{"type":"Point","coordinates":[69.350805,41.272103]},"properties":{"Адрес":"Янги обод – школа № 198","Туман":"Яшнобод","Прина":"СМЭУ"}},{"type":"Feature","geometry":{"type":"Point","coordinates":[69.353993,41.264606]},"properties":{"Адрес":"Шохсанам – ката Янги обод","Туман":"Яшнобод","Прина":"СМЭУ"}},{"type":"Feature","geometry":{"type":"Point","coordinates":[69.350634,41.273626]},"properties":{"Адрес":"ката Янги обод – Алиева – (Миршарапова – Шахимордан)","Туман":"Яшнобод","Прина":"СМЭУ"}},{"type":"Feature","geometry":{"type":"Point","coordinates":[69.347458,41.289335]},"properties":{"Адрес":"Бирляшган – Сивец","Туман":"Яшнобод","Прина":"СМЭУ"}},{"type":"Feature","geometry":{"type":"Point","coordinates":[69.349078,41.287405]},"properties":{"Адрес":"Бешарик – Бирляшган – 6 тор","Туман":"Яшнобод","Прина":"СМЭУ"}},{"type":"Feature","geometry":{"type":"Point","coordinates":[69.352164,41.291272]},"properties":{"Адрес":"Бирляшган – Яшнабод тумани Газ","Туман":"Яшнобод","Прина":"СМЭУ"}},{"type":"Feature","geometry":{"type":"Point","coordinates":[69.361585,41.295202]},"properties":{"Адрес":"Чўлпон ота ж/д № 51","Туман":"Яшнобод","Прина":"СМЭУ"}},{"type":"Feature","geometry":{"type":"Point","coordinates":[69.364109,41.296469]},"properties":{"Адрес":"Чўлпон – Абу толиб Масжиди","Туман":"Яшнобод","Прина":"СМЭУ"}},{"type":"Feature","geometry":{"type":"Point","coordinates":[69.313891,41.290009]},"properties":{"Адрес":"Боку -15 ДМ ТТ каршиси","Туман":"Яшнобод","Прина":"СМЭУ"}},{"type":"Feature","geometry":{"type":"Point","coordinates":[69.371359,41.275289]},"properties":{"Адрес":"Яккатол – Сокин","Туман":"Яшнобод","Прина":"СМЭУ"}},{"type":"Feature","geometry":{"type":"Point","coordinates":[69.367975,41.281116]},"properties":{"Адрес":"Сокин – Гузаль","Туман":"Яшнобод","Прина":"СМЭУ"}},{"type":"Feature","geometry":{"type":"Point","coordinates":[69.346927,41.273377]},"properties":{"Адрес":"Шохимардон -Занжирсой 2025","Туман":"Яшнобод","Прина":"СМЭУ"}},{"type":"Feature","geometry":{"type":"Point","coordinates":[69.366801,41.267809]},"properties":{"Адрес":"Ахангаранское шоссе - круг Рахат","Туман":"Яшнобод","Прина":"СМЭУ"}},{"type":"Feature","geometry":{"type":"Point","coordinates":[69.343395,41.254679]},"properties":{"Адрес":"Аханграбо – поликлиника","Туман":"Яшнобод","Прина":"СМЭУ"}},{"type":"Feature","geometry":{"type":"Point","coordinates":[69.358366,41.255463]},"properties":{"Адрес":"ТКАД – Миллий гвардия","Туман":"Яшнобод","Прина":"СМЭУ"}},{"type":"Feature","geometry":{"type":"Point","coordinates":[69.36169,41.285847]},"properties":{"Адрес":"Сокин – Сокин – 3 тор","Туман":"Яшнобод","Прина":"СМЭУ"}},{"type":"Feature","geometry":{"type":"Point","coordinates":[69.346204,41.279437]},"properties":{"Адрес":"Занжирсой – Хосият","Туман":"Яшнобод","Прина":"СМЭУ"}},{"type":"Feature","geometry":{"type":"Point","coordinates":[69.342094,41.256574]},"properties":{"Адрес":"Курувчилар – Чашма 3","Туман":"Яшнобод","Прина":"СМЭУ"}},{"type":"Feature","geometry":{"type":"Point","coordinates":[69.328506,41.241757]},"properties":{"Адрес":"Фергона Йули – НИКАМЕД центр","Туман":"Яшнобод","Прина":"СМЭУ"}},{"type":"Feature","geometry":{"type":"Point","coordinates":[69.318346,41.259761]},"properties":{"Адрес":"Фергона Йули – «Ок уй» жомъё масжида","Туман":"Яшнобод","Прина":"СМЭУ"}},{"type":"Feature","geometry":{"type":"Point","coordinates":[69.277593,41.280905]},"properties":{"Адрес":"Темир йуличилар – Амиробод 1 тор","Туман":"Яшнобод","Прина":"СМЭУ"}},{"type":"Feature","geometry":{"type":"Point","coordinates":[69.364945,41.28238]},"properties":{"Адрес":"Сокин - Гўзаль (масжид каршисида)","Туман":"Яшнобод","Прина":"СМЭУ"}},{"type":"Feature","geometry":{"type":"Point","coordinates":[69.360246,41.298598]},"properties":{"Адрес":"Тузели МФЙ – школа № 152","Туман":"Яшнобод","Прина":"СМЭУ"}},{"type":"Feature","geometry":{"type":"Point","coordinates":[69.320112,41.277198]},"properties":{"Адрес":"М. Ашрафи - \"Вселенная знаний\" боғчаси 2025","Туман":"Яшнобод","Прина":"СМЭУ"}},{"type":"Feature","geometry":{"type":"Point","coordinates":[69.265275,41.33937]},"properties":{"Адрес":"Архитекторов - Кабулова","Туман":"Шайҳонтохур","Прина":"СМЭУ"}},{"type":"Feature","geometry":{"type":"Point","coordinates":[69.255706,41.32964]},"properties":{"Адрес":"Зульфиях. - Акад.Лицей","Туман":"Шайҳонтохур","Прина":"СМЭУ"}},{"type":"Feature","geometry":{"type":"Point","coordinates":[69.228155,41.318737]},"properties":{"Адрес":"Караташ - Ж/дом №2","Туман":"Шайҳонтохур","Прина":"СМЭУ"}},{"type":"Feature","geometry":{"type":"Point","coordinates":[69.206319,41.32492]},"properties":{"Адрес":"Кургонча - Оксой","Туман":"Шайҳонтохур","Прина":"СМЭУ"}},{"type":"Feature","geometry":{"type":"Point","coordinates":[69.221784,41.309744]},"properties":{"Адрес":"С.Дарвоза - Термиз","Туман":"Шайҳонтохур","Прина":"СМЭУ"}},{"type":"Feature","geometry":{"type":"Point","coordinates":[69.209984,41.301916]},"properties":{"Адрес":"Нурафшон - ж/д. 9А","Туман":"Шайҳонтохур","Прина":"СМЭУ"}},{"type":"Feature","geometry":{"type":"Point","coordinates":[69.206162,41.322272]},"properties":{"Адрес":"Уйгура - Кукча","Туман":"Шайҳонтохур","Прина":"СМЭУ"}},{"type":"Feature","geometry":{"type":"Point","coordinates":[69.225575,41.324226]},"properties":{"Адрес":"Уйгура - Жил.дом №85","Туман":"Шайҳонтохур","Прина":"СМЭУ"}},{"type":"Feature","geometry":{"type":"Point","coordinates":[69.225328,41.32038]},"properties":{"Адрес":"Ходжаева - Проектная","Туман":"Шайҳонтохур","Прина":"СМЭУ"}},{"type":"Feature","geometry":{"type":"Point","coordinates":[69.237026,41.313708]},"properties":{"Адрес":"Ходжаева - Кафе \"Эшонгузар\"","Туман":"Шайҳонтохур","Прина":"СМЭУ"}},{"type":"Feature","geometry":{"type":"Point","coordinates":[69.267475,41.337924]},"properties":{"Адрес":"Лабзак - Архитекторов","Туман":"Шайҳонтохур","Прина":"СМЭУ"}},{"type":"Feature","geometry":{"type":"Point","coordinates":[69.263537,41.332534]},"properties":{"Адрес":"Лабзак - 10 мактаб","Туман":"Шайҳонтохур","Прина":"СМЭУ"}},{"type":"Feature","geometry":{"type":"Point","coordinates":[69.196747,41.319116]},"properties":{"Адрес":"Уйгура - Шофайз","Туман":"Шайҳонтохур","Прина":"СМЭУ"}},{"type":"Feature","geometry":{"type":"Point","coordinates":[69.200699,41.321589]},"properties":{"Адрес":"Уйгур - Бешкайрагач","Туман":"Шайҳонтохур","Прина":"СМЭУ"}},{"type":"Feature","geometry":{"type":"Point","coordinates":[69.174965,41.335752]},"properties":{"Адрес":"Жар арик - Занги ота","Туман":"Шайҳонтохур","Прина":"СМЭУ"}},{"type":"Feature","geometry":{"type":"Point","coordinates":[69.182973,41.33139]},"properties":{"Адрес":"Иппакчи - Куксарой","Туман":"Шайҳонтохур","Прина":"СМЭУ"}},{"type":"Feature","geometry":{"type":"Point","coordinates":[69.177284,41.341927]},"properties":{"Адрес":"Жарарик - Автомойка","Туман":"Шайҳонтохур","Прина":"СМЭУ"}},{"type":"Feature","geometry":{"type":"Point","coordinates":[69.233906,41.320101]},"properties":{"Адрес":"С.Дарвоза - 15 уй","Туман":"Шайҳонтохур","Прина":"СМЭУ"}},{"type":"Feature","geometry":{"type":"Point","coordinates":[69.266115,41.330216]},"properties":{"Адрес":"Зульфияхоним - TIME Автомойка","Туман":"Шайҳонтохур","Прина":"СМЭУ"}},{"type":"Feature","geometry":{"type":"Point","coordinates":[69.251344,41.326791]},"properties":{"Адрес":"Кадирий - 10/24 уй","Туман":"Шайҳонтохур","Прина":"СМЭУ"}},{"type":"Feature","geometry":{"type":"Point","coordinates":[69.175095,41.337368]},"properties":{"Адрес":"Жарарик - Дом 12","Туман":"Шайҳонтохур","Прина":"СМЭУ"}},{"type":"Feature","geometry":{"type":"Point","coordinates":[69.259728,41.324356]},"properties":{"Адрес":"Кадирий-хокимият Шейхан.","Туман":"Шайҳонтохур","Прина":"СМЭУ"}},{"type":"Feature","geometry":{"type":"Point","coordinates":[69.255439,41.327926]},"properties":{"Адрес":"Абай-дом 2/15а","Туман":"Шайҳонтохур","Прина":"СМЭУ"}},{"type":"Feature","geometry":{"type":"Point","coordinates":[69.258652,41.32975]},"properties":{"Адрес":"Зульфияхоним-кафе Райхон","Туман":"Шайҳонтохур","Прина":"СМЭУ"}},{"type":"Feature","geometry":{"type":"Point","coordinates":[69.263972,41.327778]},"properties":{"Адрес":"Лабзак-кафе Балаховуз","Туман":"Шайҳонтохур","Прина":"СМЭУ"}},{"type":"Feature","geometry":{"type":"Point","coordinates":[69.264819,41.324582]},"properties":{"Адрес":"Лабзак-Осие Гранд","Туман":"Шайҳонтохур","Прина":"СМЭУ"}},{"type":"Feature","geometry":{"type":"Point","coordinates":[69.215023,41.304772]},"properties":{"Адрес":"С.Дарвоза-дом 60","Туман":"Шайҳонтохур","Прина":"СМЭУ"}},{"type":"Feature","geometry":{"type":"Point","coordinates":[69.168436,41.336071]},"properties":{"Адрес":"Зангиота-Поликлиника 40","Туман":"Шайҳонтохур","Прина":"СМЭУ"}},{"type":"Feature","geometry":{"type":"Point","coordinates":[69.196471,41.312971]},"properties":{"Адрес":"Шофайз-Улугбек 4-тор","Туман":"Шайҳонтохур","Прина":"СМЭУ"}},{"type":"Feature","geometry":{"type":"Point","coordinates":[69.196678,41.308641]},"properties":{"Адрес":"Шофайз-Кизил Гунча","Туман":"Шайҳонтохур","Прина":"СМЭУ"}},{"type":"Feature","geometry":{"type":"Point","coordinates":[69.220971,41.322113]},"properties":{"Адрес":"Кукча Дарвоза-дом 298","Туман":"Шайҳонтохур","Прина":"СМЭУ"}},{"type":"Feature","geometry":{"type":"Point","coordinates":[69.241422,41.325514]},"properties":{"Адрес":"Заркайнар - А.Хидоятов театри","Туман":"Шайҳонтохур","Прина":"СМЭУ"}},{"type":"Feature","geometry":{"type":"Point","coordinates":[69.221945,41.330697]},"properties":{"Адрес":"Беруний - Гунча","Туман":"Шайҳонтохур","Прина":"СМЭУ"}},{"type":"Feature","geometry":{"type":"Point","coordinates":[69.213863,41.335303]},"properties":{"Адрес":"Беруний-Алоқа","Туман":"Шайҳонтохур","Прина":"СМЭУ"}},{"type":"Feature","geometry":{"type":"Point","coordinates":[69.210556,41.33713]},"properties":{"Адрес":"Беруний - Тинчлик","Туман":"Шайҳонтохур","Прина":"СМЭУ"}},{"type":"Feature","geometry":{"type":"Point","coordinates":[69.275715,41.322684]},"properties":{"Адрес":"Амир Темур - Кодирий","Туман":"Юнусобод","Прина":"СМЭУ"}},{"type":"Feature","geometry":{"type":"Point","coordinates":[69.289208,41.358968]},"properties":{"Адрес":"Амир Темур - Д2","Туман":"Юнусобод","Прина":"СМЭУ"}},{"type":"Feature","geometry":{"type":"Point","coordinates":[69.286067,41.342151]},"properties":{"Адрес":"Амир Темур - Университет связи","Туман":"Юнусобод","Прина":"СМЭУ"}},{"type":"Feature","geometry":{"type":"Point","coordinates":[69.249873,41.38493]},"properties":{"Адрес":"Холис - Каттасой 6 тор","Туман":"Юнусобод","Прина":"СМЭУ"}},{"type":"Feature","geometry":{"type":"Point","coordinates":[69.292288,41.351097]},"properties":{"Адрес":"Чинобод - \"Озод\" масжид","Туман":"Юнусобод","Прина":"СМЭУ"}},{"type":"Feature","geometry":{"type":"Point","coordinates":[69.323589,41.367158]},"properties":{"Адрес":"Чинобод - 274 мактаб","Туман":"Юнусобод","Прина":"СМЭУ"}},{"type":"Feature","geometry":{"type":"Point","coordinates":[69.329517,41.351225]},"properties":{"Адрес":"Богишамол - Чермет","Туман":"Юнусобод","Прина":"СМЭУ"}},{"type":"Feature","geometry":{"type":"Point","coordinates":[69.30231,41.374639]},"properties":{"Адрес":"Юнус ота - 22 уй","Туман":"Юнусобод","Прина":"СМЭУ"}},{"type":"Feature","geometry":{"type":"Point","coordinates":[69.274529,41.363879]},"properties":{"Адрес":"Мойкургон - 220 мактаб","Туман":"Юнусобод","Прина":"СМЭУ"}},{"type":"Feature","geometry":{"type":"Point","coordinates":[69.292637,41.335544]},"properties":{"Адрес":"Бодомзор - Шивли","Туман":"Юнусобод","Прина":"СМЭУ"}},{"type":"Feature","geometry":{"type":"Point","coordinates":[69.270373,41.367281]},"properties":{"Адрес":"Мойкургон - Олмозор","Туман":"Юнусобод","Прина":"СМЭУ"}},{"type":"Feature","geometry":{"type":"Point","coordinates":[69.276889,41.345772]},"properties":{"Адрес":"Ифтихор - Курхожиота","Туман":"Юнусобод","Прина":"СМЭУ"}},{"type":"Feature","geometry":{"type":"Point","coordinates":[69.288164,41.376126]},"properties":{"Адрес":"Амир Темур - 271 мактаб","Туман":"Юнусобод","Прина":"СМЭУ"}},{"type":"Feature","geometry":{"type":"Point","coordinates":[69.316069,41.359184]},"properties":{"Адрес":"Чинобод - 8а уй","Туман":"Юнусобод","Прина":"СМЭУ"}},{"type":"Feature","geometry":{"type":"Point","coordinates":[69.28896,41.378679]},"properties":{"Адрес":"Чимкент тракт - 5 тор Фарогат","Туман":"Юнусобод","Прина":"СМЭУ"}},{"type":"Feature","geometry":{"type":"Point","coordinates":[69.309688,41.356082]},"properties":{"Адрес":"Янги Шахар - РайОНО","Туман":"Юнусобод","Прина":"СМЭУ"}},{"type":"Feature","geometry":{"type":"Point","coordinates":[69.253185,41.391184]},"properties":{"Адрес":"Хасанбой - 313 мактаб","Туман":"Юнусобод","Прина":"СМЭУ"}},{"type":"Feature","geometry":{"type":"Point","coordinates":[69.3184,41.372326]},"properties":{"Адрес":"Янги Юнусобод - \"Чайка\" магазини","Туман":"Юнусобод","Прина":"СМЭУ"}},{"type":"Feature","geometry":{"type":"Point","coordinates":[69.273705,41.342778]},"properties":{"Адрес":"У.Ширин - Ифтихор","Туман":"Юнусобод","Прина":"СМЭУ"}},{"type":"Feature","geometry":{"type":"Point","coordinates":[69.255105,41.392438]},"properties":{"Адрес":"Хасанбой - Барака","Туман":"Юнусобод","Прина":"СМЭУ"}},{"type":"Feature","geometry":{"type":"Point","coordinates":[69.267334,41.346673]},"properties":{"Адрес":"Уста Ширин - Богиравон","Туман":"Юнусобод","Прина":"СМЭУ"}},{"type":"Feature","geometry":{"type":"Point","coordinates":[69.301474,41.354228]},"properties":{"Адрес":"Чинобод - 2 тор Чинобод","Туман":"Юнусобод","Прина":"СМЭУ"}},{"type":"Feature","geometry":{"type":"Point","coordinates":[69.28763,41.37426]},"properties":{"Адрес":"Амир Темур - Ахилобод","Туман":"Юнусобод","Прина":"СМЭУ"}},{"type":"Feature","geometry":{"type":"Point","coordinates":[69.299423,41.375039]},"properties":{"Адрес":"Юнус ота - 14 уй","Туман":"Юнусобод","Прина":"СМЭУ"}},{"type":"Feature","geometry":{"type":"Point","coordinates":[69.277663,41.373819]},"properties":{"Адрес":"Уч кахрамон - 45 уй","Туман":"Юнусобод","Прина":"СМЭУ"}},{"type":"Feature","geometry":{"type":"Point","coordinates":[69.269625,41.377233]},"properties":{"Адрес":"Барака - Исломобод","Туман":"Юнусобод","Прина":"СМЭУ"}},{"type":"Feature","geometry":{"type":"Point","coordinates":[69.313026,41.377332]},"properties":{"Адрес":"Дехконобод - 12 а уй","Туман":"Юнусобод","Прина":"СМЭУ"}},{"type":"Feature","geometry":{"type":"Point","coordinates":[69.275625,41.322028]},"properties":{"Адрес":"Кодирий - 256 уй","Туман":"Юнусобод","Прина":"СМЭУ"}},{"type":"Feature","geometry":{"type":"Point","coordinates":[69.287272,41.348383]},"properties":{"Адрес":"А.Темур - Ифтихор","Туман":"Юнусобод","Прина":"СМЭУ"}},{"type":"Feature","geometry":{"type":"Point","coordinates":[69.268313,41.368777]},"properties":{"Адрес":"Майкурган-шк 86","Туман":"Юнусобод","Прина":"СМЭУ"}},{"type":"Feature","geometry":{"type":"Point","coordinates":[69.301571,41.366425]},"properties":{"Адрес":"Я.Юнусобод-Анжир мил.таомлар","Туман":"Юнусобод","Прина":"СМЭУ"}},{"type":"Feature","geometry":{"type":"Point","coordinates":[69.245636,41.386875]},"properties":{"Адрес":"Хасанбой-Спортмактаби","Туман":"Юнусобод","Прина":"СМЭУ"}},{"type":"Feature","geometry":{"type":"Point","coordinates":[69.28365,41.329442]},"properties":{"Адрес":"А.Темур-дом 70","Туман":"Юнусобод","Прина":"СМЭУ"}},{"type":"Feature","geometry":{"type":"Point","coordinates":[69.265866,41.370303]},"properties":{"Адрес":"Майкурган-дом 48","Туман":"Юнусобод","Прина":"СМЭУ"}},{"type":"Feature","geometry":{"type":"Point","coordinates":[69.314614,41.378814]},"properties":{"Адрес":"Дехконобод-дом 14","Туман":"Юнусобод","Прина":"СМЭУ"}},{"type":"Feature","geometry":{"type":"Point","coordinates":[69.310536,41.371436]},"properties":{"Адрес":"Юнус ота-маг.Атлас","Туман":"Юнусобод","Прина":"СМЭУ"}},{"type":"Feature","geometry":{"type":"Point","coordinates":[69.277677,41.332585]},"properties":{"Адрес":"Рашидова-Минор","Туман":"Юнусобод","Прина":"СМЭУ"}},{"type":"Feature","geometry":{"type":"Point","coordinates":[69.269988,41.345044]},"properties":{"Адрес":"У.Ширин-Я.Арик","Туман":"Юнусобод","Прина":"СМЭУ"}},{"type":"Feature","geometry":{"type":"Point","coordinates":[69.289218,41.339546]},"properties":{"Адрес":"Богишамол-Шивлий","Туман":"Юнусобод","Прина":"СМЭУ"}},{"type":"Feature","geometry":{"type":"Point","coordinates":[69.284538,41.333634]},"properties":{"Адрес":"А.Темур-Редисон","Туман":"Юнусобод","Прина":"СМЭУ"}},{"type":"Feature","geometry":{"type":"Point","coordinates":[69.261983,41.373834]},"properties":{"Адрес":"Тикланиш-Гулёр","Туман":"Юнусобод","Прина":"СМЭУ"}},{"type":"Feature","geometry":{"type":"Point","coordinates":[69.262071,41.380083]},"properties":{"Адрес":"Нурмакон-Холис-Хамрох","Туман":"Юнусобод","Прина":"СМЭУ"}},{"type":"Feature","geometry":{"type":"Point","coordinates":[69.290806,41.324361]},"properties":{"Адрес":"Ч.Айтматов - Ниезбек йули","Туман":"Юнусобод","Прина":"СМЭУ"}},{"type":"Feature","geometry":{"type":"Point","coordinates":[69.24811,41.398083]},"properties":{"Адрес":"ТКАД - 46\\48 уйлар","Туман":"Юнусобод","Прина":"СМЭУ"}},{"type":"Feature","geometry":{"type":"Point","coordinates":[69.303653,41.359871]},"properties":{"Адрес":"Янги шахар - Академия СГБ","Туман":"Юнусобод","Прина":"СМЭУ"}},{"type":"Feature","geometry":{"type":"Point","coordinates":[69.246862,41.386325]},"properties":{"Адрес":"Хасанбой-Холис","Туман":"Юнусобод","Прина":"СМЭУ"}},{"type":"Feature","geometry":{"type":"Point","coordinates":[69.264514,41.371545]},"properties":{"Адрес":"Майкургон - Юкори Коракам","Туман":"Юнусобод","Прина":"СМЭУ"}},{"type":"Feature","geometry":{"type":"Point","coordinates":[69.282503,41.323722]},"properties":{"Адрес":"А.Темур-3 пр Ниёзбек йули","Туман":"Юнусобод","Прина":"СМЭУ"}},{"type":"Feature","geometry":{"type":"Point","coordinates":[69.292897,41.33686]},"properties":{"Адрес":"Ч.Айтматов - Одил скул","Туман":"Юнусобод","Прина":"СМЭУ"}},{"type":"Feature","geometry":{"type":"Point","coordinates":[69.34962419204189,41.2419076776518]},"properties":{"Адрес":"Х.Байкаро-Юкори Чирчик","Туман":"Бектемир","Прина":"СМЭУ"}},{"type":"Feature","geometry":{"type":"Point","coordinates":[69.37497935012712,41.254779197389205]},"properties":{"Адрес":"Х.Байкаро-Суд бектемирский р-н","Туман":"Бектемир","Прина":"СМЭУ"}},{"type":"Feature","geometry":{"type":"Point","coordinates":[69.36019233157015,41.24625109814178]},"properties":{"Адрес":"Х.Байкаро-Налоговая инспекция","Туман":"Бектемир","Прина":"СМЭУ"}},{"type":"Feature","geometry":{"type":"Point","coordinates":[69.3458570777854,41.238095197120536]},"properties":{"Адрес":"Х.Байкаро-Сувмаш","Туман":"Бектемир","Прина":"СМЭУ"}},{"type":"Feature","geometry":{"type":"Point","coordinates":[69.33574493704745,41.231590091772176]},"properties":{"Адрес":"Бектемирский шоссе-Б.Нозим","Туман":"Бектемир","Прина":"СМЭУ"}},{"type":"Feature","geometry":{"type":"Point","coordinates":[69.33585400632431,41.2283429033781]},"properties":{"Адрес":"Бектемирский шоссе-Хутон","Туман":"Бектемир","Прина":"СМЭУ"}},{"type":"Feature","geometry":{"type":"Point","coordinates":[69.34170651362373,41.216245475178034]},"properties":{"Адрес":"Паркентский тракт-Камбарота чайхонаси","Туман":"Бектемир","Прина":"СМЭУ"}},{"type":"Feature","geometry":{"type":"Point","coordinates":[69.35036154413622,41.23510004216747]},"properties":{"Адрес":"Юкори Чирчик-школа 290","Туман":"Бектемир","Прина":"СМЭУ"}}]}