{
"type": "FeatureCollection",
"name": "Пешеход_07_07_26",
"crs": { "type": "name", "properties": { "name": "urn:ogc:def:crs:OGC:1.3:CRS84" } },
"features": [
{ "type": "Feature", "properties": { "Туман": "Чилонзор", "Кўча": "Муқимий кўча", "Тури": "Надземные", "Эни(м)": 4, "Узунл": 113 }, "geometry": { "type": "MultiLineString", "coordinates": [ [ [ 69.222492308821842, 41.291875840142268 ], [ 69.223354067912965, 41.292660763808449 ] ] ] } },
{ "type": "Feature", "properties": { "Туман": "Чилонзор", "Кўча": "Бунёдкор шоҳ кўча", "Тури": "Подземные", "Эни(м)": 4, "Узунл": 88 }, "geometry": { "type": "MultiLineString", "coordinates": [ [ [ 69.223668820070301, 41.292885127972525 ], [ 69.224467028864481, 41.292376823118275 ] ] ] } },
{ "type": "Feature", "properties": { "Туман": "Чилонзор", "Кўча": "Муқимий кўча", "Тури": "Надземные", "Эни(м)": 4, "Узунл": 106 }, "geometry": { "type": "MultiLineString", "coordinates": [ [ [ 69.224139019303209, 41.292165427220652 ], [ 69.223325264368654, 41.291429384985385 ] ] ] } },
{ "type": "Feature", "properties": { "Туман": "Чилонзор", "Кўча": "Бунёдкор шоҳ кўча", "Тури": "Подземные", "Эни(м)": 4, "Узунл": 86 }, "geometry": { "type": "MultiLineString", "coordinates": [ [ [ 69.222364183207603, 41.291708129451514 ], [ 69.223153822132858, 41.291219382326283 ] ] ] } },
{ "type": "Feature", "properties": { "Туман": "Чилонзор", "Кўча": "Чўпонота кўча", "Тури": "Надземные", "Эни(м)": 4, "Узунл": 95 }, "geometry": { "type": "MultiLineString", "coordinates": [ [ [ 69.211497262250504, 41.282116788590905 ], [ 69.212229408279001, 41.282775457187775 ] ] ] } },
{ "type": "Feature", "properties": { "Туман": "Чилонзор", "Кўча": "Чўпонота кўча", "Тури": "Надземные", "Эни(м)": 4, "Узунл": 94 }, "geometry": { "type": "MultiLineString", "coordinates": [ [ [ 69.212414791277041, 41.281548667660815 ], [ 69.213133836072245, 41.282193563362739 ] ] ] } },
{ "type": "Feature", "properties": { "Туман": "Чилонзор", "Кўча": "Бунёдкор шоҳ кўча", "Тури": "Подземные", "Эни(м)": 4, "Узунл": 85 }, "geometry": { "type": "MultiLineString", "coordinates": [ [ [ 69.211290113818364, 41.281718171929391 ], [ 69.212084276067174, 41.281236263917911 ] ] ] } },
{ "type": "Feature", "properties": { "Туман": "Чилонзор", "Кўча": "Бунёдкор шоҳ кўча", "Тури": "Подземные", "Эни(м)": 4, "Узунл": 88 }, "geometry": { "type": "MultiLineString", "coordinates": [ [ [ 69.212616059235657, 41.282939789074817 ], [ 69.213413476638706, 41.282418359676392 ] ] ] } },
{ "type": "Feature", "properties": { "Туман": "Чилонзор", "Кўча": "Бунёдкор шоҳ кўча", "Тури": "Подземные", "Эни(м)": 4, "Узунл": 85 }, "geometry": { "type": "MultiLineString", "coordinates": [ [ [ 69.204735550283544, 41.275176614686373 ], [ 69.205608070155861, 41.274792958824534 ] ] ] } },
{ "type": "Feature", "properties": { "Туман": "Чилонзор", "Кўча": "Бунёдкор шоҳ кўча", "Тури": "Подземные", "Эни(м)": 4, "Узунл": 85 }, "geometry": { "type": "MultiLineString", "coordinates": [ [ [ 69.203699947250968, 41.27380783303439 ], [ 69.204575635949027, 41.27342450523679 ] ] ] } },
{ "type": "Feature", "properties": { "Туман": "Чилонзор", "Кўча": "Кичик ҳалқа йўли кўча", "Тури": "Наземные", "Эни(м)": 3, "Узунл": 58 }, "geometry": { "type": "MultiLineString", "coordinates": [ [ [ 69.204079225933086, 41.274512566345429 ], [ 69.204358706271364, 41.274737018409013 ], [ 69.204398146226566, 41.274946351027239 ] ] ] } },
{ "type": "Feature", "properties": { "Туман": "Чилонзор", "Кўча": "Кичик ҳалқа йўли кўча", "Тури": "Наземные", "Эни(м)": 3, "Узунл": 77 }, "geometry": { "type": "MultiLineString", "coordinates": [ [ [ 69.205397689891029, 41.274517308431932 ], [ 69.205288648380062, 41.274532133670469 ], [ 69.205239781305323, 41.274409688244148 ], [ 69.204937916948069, 41.274076619611833 ], [ 69.204964876476623, 41.274001659926796 ] ] ] } },
{ "type": "Feature", "properties": { "Туман": "Чилонзор", "Кўча": "Лутфий кўча", "Тури": "Надземные", "Эни(м)": 4, "Узунл": 86 }, "geometry": { "type": "MultiLineString", "coordinates": [ [ [ 69.209390638176998, 41.299675665706907 ], [ 69.209561879996798, 41.299754499641516 ], [ 69.209891124845484, 41.299340666274212 ], [ 69.209735980920414, 41.299270597934743 ] ] ] } },
{ "type": "Feature", "properties": { "Туман": "Чилонзор", "Кўча": "Муқимий кўча", "Тури": "Надземные", "Эни(м)": 4, "Узунл": 76 }, "geometry": { "type": "MultiLineString", "coordinates": [ [ [ 69.211757132431487, 41.299678018623972 ], [ 69.211893272363426, 41.29958819193174 ], [ 69.211549111338101, 41.29928375885391 ], [ 69.2116986783968, 41.299187992301462 ] ] ] } },
{ "type": "Feature", "properties": { "Туман": "Чилонзор", "Кўча": "Муқимий кўча", "Тури": "Наземные", "Эни(м)": 3, "Узунл": 39 }, "geometry": { "type": "MultiLineString", "coordinates": [ [ [ 69.216153253280027, 41.296351898692294 ], [ 69.216443694213964, 41.296622981461304 ] ] ] } },
{ "type": "Feature", "properties": { "Туман": "Чилонзор", "Кўча": "Завқий кўча", "Тури": "Наземные", "Эни(м)": 3, "Узунл": 28 }, "geometry": { "type": "MultiLineString", "coordinates": [ [ [ 69.216531094400509, 41.296619850624836 ], [ 69.216787421784886, 41.296456929504302 ] ] ] } },
{ "type": "Feature", "properties": { "Туман": "Чилонзор", "Кўча": "Муқимий кўча", "Тури": "Наземные", "Эни(м)": 3, "Узунл": 36 }, "geometry": { "type": "MultiLineString", "coordinates": [ [ [ 69.216747652455737, 41.296421348583486 ], [ 69.216472362064209, 41.296172682807622 ] ] ] } },
{ "type": "Feature", "properties": { "Туман": "Чилонзор", "Кўча": "Қатортол кўча", "Тури": "Наземные", "Эни(м)": 3, "Узунл": 23 }, "geometry": { "type": "MultiLineString", "coordinates": [ [ [ 69.216404963140789, 41.296144463224891 ], [ 69.216194313579393, 41.296279339158694 ] ] ] } },
{ "type": "Feature", "properties": { "Туман": "Чилонзор", "Кўча": "Фурқат кўча", "Тури": "Подземные", "Эни(м)": 4, "Узунл": 74 }, "geometry": { "type": "MultiLineString", "coordinates": [ [ [ 69.247536881008941, 41.304517211636075 ], [ 69.246798984661964, 41.304154629484501 ] ] ] } },
{ "type": "Feature", "properties": { "Туман": "Чилонзор", "Кўча": "Чўпонота кўча", "Тури": "Наземные", "Эни(м)": 3, "Узунл": 39 }, "geometry": { "type": "MultiLineString", "coordinates": [ [ [ 69.205256855423443, 41.286432860180241 ], [ 69.205547868142503, 41.286705257003376 ] ] ] } },
{ "type": "Feature", "properties": { "Туман": "Чилонзор", "Кўча": "Қатортол кўча", "Тури": "Наземные", "Эни(м)": 3, "Узунл": 26 }, "geometry": { "type": "MultiLineString", "coordinates": [ [ [ 69.205640496354604, 41.286701136276015 ], [ 69.205877747392421, 41.286551729079662 ] ] ] } },
{ "type": "Feature", "properties": { "Туман": "Чилонзор", "Кўча": "Чўпонота кўча", "Тури": "Наземные", "Эни(м)": 3, "Узунл": 35 }, "geometry": { "type": "MultiLineString", "coordinates": [ [ [ 69.205879337843427, 41.286501625704254 ], [ 69.205614642846243, 41.286260825150251 ] ] ] } },
{ "type": "Feature", "properties": { "Туман": "Чилонзор", "Кўча": "Қатортол кўча", "Тури": "Наземные", "Эни(м)": 3, "Узунл": 23 }, "geometry": { "type": "MultiLineString", "coordinates": [ [ [ 69.205307371795982, 41.28637739582868 ], [ 69.205523725946264, 41.286253076885799 ] ] ] } },
{ "type": "Feature", "properties": { "Туман": "Чилонзор", "Кўча": "Чўпонота кўча", "Тури": "Наземные", "Эни(м)": 3, "Узунл": 30 }, "geometry": { "type": "MultiLineString", "coordinates": [ [ [ 69.217354813144908, 41.278805587231652 ], [ 69.217607129177253, 41.278998920778072 ] ] ] } },
{ "type": "Feature", "properties": { "Туман": "Чилонзор", "Кўча": "Чилонзор кўча", "Тури": "Наземные", "Эни(м)": 3, "Узунл": 34 }, "geometry": { "type": "MultiLineString", "coordinates": [ [ [ 69.21771019702075, 41.278984223114271 ], [ 69.21801889571725, 41.278788510310193 ] ] ] } },
{ "type": "Feature", "properties": { "Туман": "Чилонзор", "Кўча": "Чўпонота кўча", "Тури": "Наземные", "Эни(м)": 3, "Узунл": 25 }, "geometry": { "type": "MultiLineString", "coordinates": [ [ [ 69.2179575455513, 41.278734570571096 ], [ 69.217756000950885, 41.278567510497908 ] ] ] } },
{ "type": "Feature", "properties": { "Туман": "Чилонзор", "Кўча": "Чилонзор кўча", "Тури": "Наземные", "Эни(м)": 3, "Узунл": 29 }, "geometry": { "type": "MultiLineString", "coordinates": [ [ [ 69.217377144231079, 41.278688204204045 ], [ 69.217633498649533, 41.278518959980687 ] ] ] } },
{ "type": "Feature", "properties": { "Туман": "Чилонзор", "Кўча": "Кичик ҳалқа йўли кўча", "Тури": "Наземные", "Эни(м)": 3, "Узунл": 40 }, "geometry": { "type": "MultiLineString", "coordinates": [ [ [ 69.21098061396188, 41.270169931329455 ], [ 69.21125232152967, 41.270471203298698 ] ] ] } },
{ "type": "Feature", "properties": { "Туман": "Чилонзор", "Кўча": "Чилонзор кўча", "Тури": "Наземные", "Эни(м)": 3, "Узунл": 16 }, "geometry": { "type": "MultiLineString", "coordinates": [ [ [ 69.211399407010774, 41.270476817417283 ], [ 69.211568514808704, 41.27040169467292 ] ] ] } },
{ "type": "Feature", "properties": { "Туман": "Чилонзор", "Кўча": "Кичик ҳалқа йўли кўча", "Тури": "Наземные", "Эни(м)": 3, "Узунл": 47 }, "geometry": { "type": "MultiLineString", "coordinates": [ [ [ 69.21176662806964, 41.270165966495796 ], [ 69.211437425113544, 41.269828656148952 ] ] ] } },
{ "type": "Feature", "properties": { "Туман": "Чилонзор", "Кўча": "Дўмбиробод кўча", "Тури": "Наземные", "Эни(м)": 3, "Узунл": 21 }, "geometry": { "type": "MultiLineString", "coordinates": [ [ [ 69.211258068408114, 41.269854784566014 ], [ 69.211048927114277, 41.269965289089143 ] ] ] } },
{ "type": "Feature", "properties": { "Туман": "Чилонзор", "Кўча": "Лутфий-5 тор кўча", "Тури": "Наземные", "Эни(м)": 3, "Узунл": 33 }, "geometry": { "type": "MultiLineString", "coordinates": [ [ [ 69.197437958997, 41.293994241896627 ], [ 69.197781046816814, 41.294143954367719 ] ] ] } },
{ "type": "Feature", "properties": { "Туман": "Чилонзор", "Кўча": "Лутфий кўча", "Тури": "Наземные", "Эни(м)": 3, "Узунл": 46 }, "geometry": { "type": "MultiLineString", "coordinates": [ [ [ 69.197821198177209, 41.294125427310988 ], [ 69.197967786436337, 41.294040795582411 ], [ 69.198164619240146, 41.293807094209576 ] ] ] } },
{ "type": "Feature", "properties": { "Туман": "Чилонзор", "Кўча": "Чўпонота кўча", "Тури": "Наземные", "Эни(м)": 3, "Узунл": 43 }, "geometry": { "type": "MultiLineString", "coordinates": [ [ [ 69.198113775972161, 41.293758399682005 ], [ 69.197691828909171, 41.293544220401103 ] ] ] } },
{ "type": "Feature", "properties": { "Туман": "Чилонзор", "Кўча": "Лутфий кўча", "Тури": "Наземные", "Эни(м)": 3, "Узунл": 46 }, "geometry": { "type": "MultiLineString", "coordinates": [ [ [ 69.197641121496062, 41.293540352168407 ], [ 69.197348506254599, 41.293895512774256 ] ] ] } },
{ "type": "Feature", "properties": { "Туман": "Чилонзор", "Кўча": "Қатортол-2 кўча", "Тури": "Наземные", "Эни(м)": 3, "Узунл": 32 }, "geometry": { "type": "MultiLineString", "coordinates": [ [ [ 69.200395578882095, 41.268315642810826 ], [ 69.200511624878814, 41.268587671171346 ] ] ] } },
{ "type": "Feature", "properties": { "Туман": "Чилонзор", "Кўча": "Бунёдкор шоҳ кўча", "Тури": "Наземные", "Эни(м)": 3, "Узунл": 69 }, "geometry": { "type": "MultiLineString", "coordinates": [ [ [ 69.200590801772009, 41.268636141858394 ], [ 69.201352128957069, 41.268408330491873 ] ] ] } },
{ "type": "Feature", "properties": { "Туман": "Чилонзор", "Кўча": "Бунёдкор шоҳ кўча", "Тури": "Наземные", "Эни(м)": 3, "Узунл": 58 }, "geometry": { "type": "MultiLineString", "coordinates": [ [ [ 69.200404519498647, 41.268293448161145 ], [ 69.201052109227007, 41.268115244136084 ] ] ] } },
{ "type": "Feature", "properties": { "Туман": "Чилонзор", "Кўча": "Дўмбиробод-4 тор кўча", "Тури": "Наземные", "Эни(м)": 3, "Узунл": 26 }, "geometry": { "type": "MultiLineString", "coordinates": [ [ [ 69.201409450778712, 41.268320043856619 ], [ 69.201279495940895, 41.268110639278021 ] ] ] } },
{ "type": "Feature", "properties": { "Туман": "Чилонзор", "Кўча": "Муқимий кўча", "Тури": "Наземные", "Эни(м)": 3, "Узунл": 36 }, "geometry": { "type": "MultiLineString", "coordinates": [ [ [ 69.229067361553831, 41.28821410463302 ], [ 69.229225659345801, 41.288360996917071 ], [ 69.229372416168971, 41.28843021468802 ] ] ] } },
{ "type": "Feature", "properties": { "Туман": "Чилонзор", "Кўча": "Чилонзор кўча", "Тури": "Наземные", "Эни(м)": 3, "Узунл": 18 }, "geometry": { "type": "MultiLineString", "coordinates": [ [ [ 69.229504212184352, 41.288458900452063 ], [ 69.229665410423067, 41.288355996987427 ] ] ] } },
{ "type": "Feature", "properties": { "Туман": "Чилонзор", "Кўча": "Муқимий кўча", "Тури": "Наземные", "Эни(м)": 3, "Узунл": 35 }, "geometry": { "type": "MultiLineString", "coordinates": [ [ [ 69.22971111687157, 41.288214650735881 ], [ 69.22943365967032, 41.287978147153773 ] ] ] } },
{ "type": "Feature", "properties": { "Туман": "Чилонзор", "Кўча": "Чилонзор кўча", "Тури": "Наземные", "Эни(м)": 3, "Узунл": 20 }, "geometry": { "type": "MultiLineString", "coordinates": [ [ [ 69.229244879981209, 41.288015322204288 ], [ 69.229060397992043, 41.288129823193223 ] ] ] } },
{ "type": "Feature", "properties": { "Туман": "Чилонзор", "Кўча": "Бешёғоч кўча", "Тури": "Наземные", "Эни(м)": 3, "Узунл": 27 }, "geometry": { "type": "MultiLineString", "coordinates": [ [ [ 69.247309140423454, 41.30466000726792 ], [ 69.247486573414719, 41.304459480668307 ] ] ] } },
{ "type": "Feature", "properties": { "Туман": "Чилонзор", "Кўча": "Фурқат кўча", "Тури": "Наземные", "Эни(м)": 3, "Узунл": 50 }, "geometry": { "type": "MultiLineString", "coordinates": [ [ [ 69.247291618702775, 41.304689306533255 ], [ 69.246787156555513, 41.304446479514581 ] ] ] } },
{ "type": "Feature", "properties": { "Туман": "Чилонзор", "Кўча": "Ботир Зокиров кўча", "Тури": "Наземные", "Эни(м)": 3, "Узунл": 37 }, "geometry": { "type": "MultiLineString", "coordinates": [ [ [ 69.254856137444008, 41.307864337726279 ], [ 69.255092440725377, 41.308149105017137 ] ] ] } },
{ "type": "Feature", "properties": { "Туман": "Чилонзор", "Кўча": "Бешёғоч кўча", "Тури": "Наземные", "Эни(м)": 3, "Узунл": 28 }, "geometry": { "type": "MultiLineString", "coordinates": [ [ [ 69.255805275186376, 41.308042145485182 ], [ 69.256105855087299, 41.30792523726651 ] ] ] } },
{ "type": "Feature", "properties": { "Туман": "Чилонзор", "Кўча": "Афросиёб кўча", "Тури": "Наземные", "Эни(м)": 3, "Узунл": 45 }, "geometry": { "type": "MultiLineString", "coordinates": [ [ [ 69.256105855087299, 41.30792523726651 ], [ 69.255798414431439, 41.307594948258597 ] ] ] } },
{ "type": "Feature", "properties": { "Туман": "Чилонзор", "Кўча": "Бешёғоч кўча", "Тури": "Наземные", "Эни(м)": 3, "Узунл": 17 }, "geometry": { "type": "MultiLineString", "coordinates": [ [ [ 69.254814830451735, 41.307432316529109 ], [ 69.2547049738358, 41.307559783905411 ] ] ] } },
{ "type": "Feature", "properties": { "Туман": "Чилонзор", "Кўча": "Ал-Хоразмий кўча", "Тури": "Наземные", "Эни(м)": 3, "Узунл": 41 }, "geometry": { "type": "MultiLineString", "coordinates": [ [ [ 69.19173835233066, 41.270477701216087 ], [ 69.192194025804596, 41.270331913161222 ] ] ] } },
{ "type": "Feature", "properties": { "Туман": "Чилонзор", "Кўча": "Қатортол-2 кўча", "Тури": "Наземные", "Эни(м)": 3, "Узунл": 34 }, "geometry": { "type": "MultiLineString", "coordinates": [ [ [ 69.19232419984435, 41.270624389207178 ], [ 69.192194025804596, 41.270331913161222 ] ] ] } },
{ "type": "Feature", "properties": { "Туман": "Чилонзор", "Кўча": "Қатортол-2 кўча", "Тури": "Наземные", "Эни(м)": 3, "Узунл": 16 }, "geometry": { "type": "MultiLineString", "coordinates": [ [ [ 69.191866672897007, 41.270734583012043 ], [ 69.191935227446109, 41.27087158637827 ] ] ] } },
{ "type": "Feature", "properties": { "Туман": "Чилонзор", "Кўча": "Ал-Хоразмий кўча", "Тури": "Наземные", "Эни(м)": 3, "Узунл": 26 }, "geometry": { "type": "MultiLineString", "coordinates": [ [ [ 69.191966713621383, 41.270882081393204 ], [ 69.192258312806814, 41.27080117005125 ] ] ] } },
{ "type": "Feature", "properties": { "Туман": "Чилонзор", "Кўча": "Сўгаллиота кўча", "Тури": "Наземные", "Эни(м)": 3, "Узунл": 21 }, "geometry": { "type": "MultiLineString", "coordinates": [ [ [ 69.163813218685348, 41.262140008517363 ], [ 69.163979828428296, 41.262281443932316 ] ] ] } },
{ "type": "Feature", "properties": { "Туман": "Чилонзор", "Кўча": "Заргарлик кўча", "Тури": "Наземные", "Эни(м)": 3, "Узунл": 27 }, "geometry": { "type": "MultiLineString", "coordinates": [ [ [ 69.164134745497975, 41.262332052284151 ], [ 69.164382316354732, 41.262180293269019 ] ] ] } },
{ "type": "Feature", "properties": { "Туман": "Чилонзор", "Кўча": "Сўгаллиота кўча", "Тури": "Наземные", "Эни(м)": 3, "Узунл": 23 }, "geometry": { "type": "MultiLineString", "coordinates": [ [ [ 69.164399165327339, 41.26204075956386 ], [ 69.16422389901777, 41.261876626223732 ] ] ] } },
{ "type": "Feature", "properties": { "Туман": "Чилонзор", "Кўча": "Заргарлик кўча", "Тури": "Наземные", "Эни(м)": 3, "Узунл": 32 }, "geometry": { "type": "MultiLineString", "coordinates": [ [ [ 69.164140739179942, 41.261863767166979 ], [ 69.163843094994007, 41.262051285453694 ] ] ] } },
{ "type": "Feature", "properties": { "Туман": "Чилонзор", "Кўча": "Бешёғоч кўча", "Тури": "Подземные", "Эни(м)": 4, "Узунл": 32 }, "geometry": { "type": "MultiLineString", "coordinates": [ [ [ 69.24737477693823, 41.304689915577967 ], [ 69.247592049966343, 41.304454859944613 ] ] ] } },
{ "type": "Feature", "properties": { "Туман": "Мирзо Улуғбек", "Кўча": "Мустақиллик шоҳ кўча", "Тури": "Подземные", "Эни(м)": 4, "Узунл": 34 }, "geometry": { "type": "MultiLineString", "coordinates": [ [ [ 69.282139056841842, 41.312339656819944 ], [ 69.282355757209714, 41.312078229659058 ] ] ] } },
{ "type": "Feature", "properties": { "Туман": "Мирзо Улуғбек", "Кўча": "Мустақиллик шоҳ кўча", "Тури": "Подземные", "Эни(м)": 4, "Узунл": 94 }, "geometry": { "type": "MultiLineString", "coordinates": [ [ [ 69.282512426717119, 41.312138963259571 ], [ 69.281792898807083, 41.311861094036658 ], [ 69.281748031543714, 41.311841454278635 ], [ 69.281675459591582, 41.311821692977752 ], [ 69.281711282288143, 41.31168213777763 ] ] ] } },
{ "type": "Feature", "properties": { "Туман": "Юнусобод", "Кўча": "Истиқлол кўча, Мустақиллик шоҳ кўча", "Тури": "Подземные", "Эни(м)": 4, "Узунл": 37 }, "geometry": { "type": "MultiLineString", "coordinates": [ [ [ 69.281675459591582, 41.311821692977752 ], [ 69.281229897998074, 41.311800673819576 ] ] ] } },
{ "type": "Feature", "properties": { "Туман": "Мирзо Улуғбек", "Кўча": "Мустақиллик шоҳ кўча", "Тури": "Подземные", "Эни(м)": 4, "Узунл": 44 }, "geometry": { "type": "MultiLineString", "coordinates": [ [ [ 69.284275941786717, 41.313303906082389 ], [ 69.284224628366502, 41.313279501643635 ], [ 69.284449180678038, 41.313011055616613 ], [ 69.284486041439465, 41.313027829691009 ] ] ] } },
{ "type": "Feature", "properties": { "Туман": "Мирзо Улуғбек", "Кўча": "Истиқлол кўча", "Тури": "Наземные", "Эни(м)": 3, "Узунл": 16 }, "geometry": { "type": "MultiLineString", "coordinates": [ [ [ 69.283897410717273, 41.313149848008074 ], [ 69.284054512440491, 41.313227514103239 ] ] ] } },
{ "type": "Feature", "properties": { "Туман": "Мирзо Улуғбек", "Кўча": "Мустақиллик шоҳ кўча", "Тури": "Подземные", "Эни(м)": 4, "Узунл": 54 }, "geometry": { "type": "MultiLineString", "coordinates": [ [ [ 69.286572341020147, 41.314362529293057 ], [ 69.286789091664389, 41.314044757118303 ], [ 69.286816273197374, 41.314003989986659 ], [ 69.286749614556498, 41.313979624912463 ] ], [ [ 69.286789091664389, 41.314044757118303 ], [ 69.28682759966695, 41.314057484270585 ] ] ] } },
{ "type": "Feature", "properties": { "Туман": "Мирзо Улуғбек", "Кўча": "Шаҳрисабз кўча", "Тури": "Наземные", "Эни(м)": 3, "Узунл": 37 }, "geometry": { "type": "MultiLineString", "coordinates": [ [ [ 69.285929187741928, 41.314066409752023 ], [ 69.286090706443971, 41.314138486819353 ], [ 69.286265808952635, 41.314272972800339 ] ] ] } },
{ "type": "Feature", "properties": { "Туман": "Мирзо Улуғбек", "Кўча": "Шаҳрисабз кўча", "Тури": "Наземные", "Эни(м)": 3, "Узунл": 39 }, "geometry": { "type": "MultiLineString", "coordinates": [ [ [ 69.286625936701427, 41.313768073015169 ], [ 69.286193534447875, 41.313640917895405 ] ] ] } },
{ "type": "Feature", "properties": { "Туман": "Мирзо Улуғбек", "Кўча": "Мустақиллик шоҳ кўча", "Тури": "Наземные", "Эни(м)": 3, "Узунл": 23 }, "geometry": { "type": "MultiLineString", "coordinates": [ [ [ 69.28597898841825, 41.313955895864304 ], [ 69.286115737495663, 41.31377491757123 ] ] ] } },
{ "type": "Feature", "properties": { "Туман": "Мирзо Улуғбек", "Кўча": "Мустақиллик шоҳ кўча", "Тури": "Наземные", "Эни(м)": 3, "Узунл": 48 }, "geometry": { "type": "MultiLineString", "coordinates": [ [ [ 69.30305020094805, 41.320806580184382 ], [ 69.302927900851586, 41.321226161162755 ] ] ] } },
{ "type": "Feature", "properties": { "Туман": "Мирзо Улуғбек", "Кўча": "Оққўрғон кўча", "Тури": "Наземные", "Эни(м)": 3, "Узунл": 36 }, "geometry": { "type": "MultiLineString", "coordinates": [ [ [ 69.303011041099793, 41.321313264727692 ], [ 69.303441512366874, 41.321305091953391 ] ] ] } },
{ "type": "Feature", "properties": { "Туман": "Мирзо Улуғбек", "Кўча": "Мустақиллик шоҳ кўча", "Тури": "Наземные", "Эни(м)": 3, "Узунл": 22 }, "geometry": { "type": "MultiLineString", "coordinates": [ [ [ 69.324149106962594, 41.325554299691419 ], [ 69.324204348217322, 41.325359010444778 ] ] ] } },
{ "type": "Feature", "properties": { "Туман": "Мирзо Улуғбек", "Кўча": "Мирзо Улуғбек шоҳ кўча", "Тури": "Наземные", "Эни(м)": 3, "Узунл": 34 }, "geometry": { "type": "MultiLineString", "coordinates": [ [ [ 69.324518018463266, 41.32477941578221 ], [ 69.324844003001473, 41.324595628102131 ] ] ] } },
{ "type": "Feature", "properties": { "Туман": "Мирзо Улуғбек", "Кўча": "Буюк ипак йўли кўча", "Тури": "Подземные", "Эни(м)": 4, "Узунл": 46 }, "geometry": { "type": "MultiLineString", "coordinates": [ [ [ 69.327559002309201, 41.326217021035404 ], [ 69.327660506358839, 41.325809739115975 ] ] ] } },
{ "type": "Feature", "properties": { "Туман": "Мирзо Улуғбек", "Кўча": "Мирзо Улуғбек шоҳ кўча", "Тури": "Подземные", "Эни(м)": 4, "Узунл": 117 }, "geometry": { "type": "MultiLineString", "coordinates": [ [ [ 69.326544190182659, 41.326794154913088 ], [ 69.326988185586046, 41.326544238456343 ], [ 69.327016485364382, 41.326583184780603 ] ], [ [ 69.326988185586046, 41.326544238456343 ], [ 69.327097195553677, 41.326158121667099 ], [ 69.327350308912187, 41.326191968617003 ] ] ] } },
{ "type": "Feature", "properties": { "Туман": "Мирзо Улуғбек", "Кўча": "Мирзо Улуғбек шоҳ кўча", "Тури": "Наземные", "Эни(м)": 3, "Узунл": 43 }, "geometry": { "type": "MultiLineString", "coordinates": [ [ [ 69.338821007601041, 41.338365204390193 ], [ 69.339226597217163, 41.338120929485065 ] ] ] } },
{ "type": "Feature", "properties": { "Туман": "Мирзо Улуғбек", "Кўча": "Дўрмон йўли кўча", "Тури": "Наземные", "Эни(м)": 3, "Узунл": 38 }, "geometry": { "type": "MultiLineString", "coordinates": [ [ [ 69.339254695236832, 41.338118616573297 ], [ 69.339531263120563, 41.338385412263783 ] ] ] } },
{ "type": "Feature", "properties": { "Туман": "Мирзо Улуғбек", "Кўча": "Мирзо Улуғбек шоҳ кўча", "Тури": "Наземные", "Эни(м)": 3, "Узунл": 40 }, "geometry": { "type": "MultiLineString", "coordinates": [ [ [ 69.33961766250799, 41.338498892123084 ], [ 69.339240060381684, 41.338719669921083 ] ] ] } },
{ "type": "Feature", "properties": { "Туман": "Мирзо Улуғбек", "Кўча": "Дўрмон йўли кўча", "Тури": "Наземные", "Эни(м)": 3, "Узунл": 23 }, "geometry": { "type": "MultiLineString", "coordinates": [ [ [ 69.338750842923048, 41.338529322797626 ], [ 69.33893068150357, 41.338687687513151 ] ] ] } },
{ "type": "Feature", "properties": { "Туман": "Мирзо Улуғбек", "Кўча": "Шаҳриобод кўча", "Тури": "Наземные", "Эни(м)": 3, "Узунл": 26 }, "geometry": { "type": "MultiLineString", "coordinates": [ [ [ 69.344812209446658, 41.344264403676064 ], [ 69.344629220400279, 41.344075394010275 ] ] ] } },
{ "type": "Feature", "properties": { "Туман": "Мирзо Улуғбек", "Кўча": "Мирзо Улуғбек шоҳ кўча", "Тури": "Наземные", "Эни(м)": 3, "Узунл": 35 }, "geometry": { "type": "MultiLineString", "coordinates": [ [ [ 69.344690522179036, 41.343915758911344 ], [ 69.345026848757939, 41.343721848259818 ] ] ] } },
{ "type": "Feature", "properties": { "Туман": "Мирзо Улуғбек", "Кўча": "Шукур Бурҳонов кўча", "Тури": "Наземные", "Эни(м)": 3, "Узунл": 14 }, "geometry": { "type": "MultiLineString", "coordinates": [ [ [ 69.345132063648791, 41.343752754074863 ], [ 69.345227327930459, 41.343860627790328 ] ] ] } },
{ "type": "Feature", "properties": { "Туман": "Мирзо Улуғбек", "Кўча": "Мирзо Улуғбек шоҳ кўча", "Тури": "Наземные", "Эни(м)": 3, "Узунл": 31 }, "geometry": { "type": "MultiLineString", "coordinates": [ [ [ 69.345069481573191, 41.344230181244498 ], [ 69.34536005342953, 41.344057592668065 ] ] ] } },
{ "type": "Feature", "properties": { "Туман": "Мирзо Улуғбек", "Кўча": "Темур Малик кўча", "Тури": "Наземные", "Эни(м)": 3, "Узунл": 28 }, "geometry": { "type": "MultiLineString", "coordinates": [ [ [ 69.351863426626736, 41.350872778987821 ], [ 69.352073346778155, 41.351065856414962 ] ] ] } },
{ "type": "Feature", "properties": { "Туман": "Мирзо Улуғбек", "Кўча": "Мирзо Улуғбек шоҳ кўча", "Тури": "Наземные", "Эни(м)": 3, "Узунл": 38 }, "geometry": { "type": "MultiLineString", "coordinates": [ [ [ 69.351780539392522, 41.350648035337279 ], [ 69.352151673867482, 41.350444100308728 ] ] ] } },
{ "type": "Feature", "properties": { "Туман": "Мирзо Улуғбек", "Кўча": "Мирзо Улуғбек шоҳ кўча", "Тури": "Наземные", "Эни(м)": 3, "Узунл": 31 }, "geometry": { "type": "MultiLineString", "coordinates": [ [ [ 69.352335569933999, 41.351025704683401 ], [ 69.352613087140597, 41.350842233849015 ] ] ] } },
{ "type": "Feature", "properties": { "Туман": "Мирзо Улуғбек", "Кўча": "Феруза кўча", "Тури": "Наземные", "Эни(м)": 3, "Узунл": 34 }, "geometry": { "type": "MultiLineString", "coordinates": [ [ [ 69.376951498958178, 41.3558154133 ], [ 69.377197790198252, 41.355566403636345 ] ] ] } },
{ "type": "Feature", "properties": { "Туман": "Мирзо Улуғбек", "Кўча": "Тантана кўча", "Тури": "Наземные", "Эни(м)": 3, "Узунл": 29 }, "geometry": { "type": "MultiLineString", "coordinates": [ [ [ 69.377271239550183, 41.355531858441978 ], [ 69.377565329631395, 41.355676183381227 ] ] ] } },
{ "type": "Feature", "properties": { "Туман": "Мирзо Улуғбек", "Кўча": "Мунавварқори кўча", "Тури": "Наземные", "Эни(м)": 3, "Узунл": 35 }, "geometry": { "type": "MultiLineString", "coordinates": [ [ [ 69.377310184584246, 41.356015019761465 ], [ 69.377610217890307, 41.35579711059421 ] ] ] } },
{ "type": "Feature", "properties": { "Туман": "Мирзо Улуғбек", "Кўча": "Юзработ кўча", "Тури": "Наземные", "Эни(м)": 3, "Узунл": 33 }, "geometry": { "type": "MultiLineString", "coordinates": [ [ [ 69.385517433050723, 41.358744281021934 ], [ 69.385644307896627, 41.358459331070172 ] ] ] } },
{ "type": "Feature", "properties": { "Туман": "Мирзо Улуғбек", "Кўча": "Юзработ кўча", "Тури": "Наземные", "Эни(м)": 3, "Узунл": 33 }, "geometry": { "type": "MultiLineString", "coordinates": [ [ [ 69.386029806932498, 41.358883816977318 ], [ 69.386178141268374, 41.358604848182672 ] ] ] } },
{ "type": "Feature", "properties": { "Туман": "Мирзо Улуғбек", "Кўча": "Гулсанам кўча", "Тури": "Наземные", "Эни(м)": 3, "Узунл": 13 }, "geometry": { "type": "MultiLineString", "coordinates": [ [ [ 69.385896071015409, 41.358460505054758 ], [ 69.386047586299128, 41.358493292366525 ] ] ] } },
{ "type": "Feature", "properties": { "Туман": "Мирзо Улуғбек", "Кўча": "Гулсанам кўча", "Тури": "Наземные", "Эни(м)": 3, "Узунл": 17 }, "geometry": { "type": "MultiLineString", "coordinates": [ [ [ 69.385698909554392, 41.358861720506439 ], [ 69.385894723611443, 41.358912520704195 ] ] ] } },
{ "type": "Feature", "properties": { "Туман": "Мирзо Улуғбек", "Кўча": "Чуст кўча", "Тури": "Наземные", "Эни(м)": 3, "Узунл": 22 }, "geometry": { "type": "MultiLineString", "coordinates": [ [ [ 69.332435166523368, 41.326833097386967 ], [ 69.332693607771887, 41.326855556741641 ] ] ] } },
{ "type": "Feature", "properties": { "Туман": "Мирзо Улуғбек", "Кўча": "Буюк ипак йўли кўча", "Тури": "Наземные", "Эни(м)": 3, "Узунл": 40 }, "geometry": { "type": "MultiLineString", "coordinates": [ [ [ 69.332666735881531, 41.32683545521504 ], [ 69.332646170589626, 41.326476324965455 ] ] ] } },
{ "type": "Feature", "properties": { "Туман": "Мирзо Улуғбек", "Кўча": "Буюк ипак йўли кўча", "Тури": "Наземные", "Эни(м)": 3, "Узунл": 25 }, "geometry": { "type": "MultiLineString", "coordinates": [ [ [ 69.332129028776492, 41.326643287767233 ], [ 69.332180085934624, 41.326418142388846 ] ] ] } },
{ "type": "Feature", "properties": { "Туман": "Мирзо Улуғбек", "Кўча": "Хирмонтепа кўча", "Тури": "Наземные", "Эни(м)": 3, "Узунл": 19 }, "geometry": { "type": "MultiLineString", "coordinates": [ [ [ 69.332281603387528, 41.326377490973393 ], [ 69.332499930217068, 41.326408138242705 ] ] ] } },
{ "type": "Feature", "properties": { "Туман": "Мирзо Улуғбек", "Кўча": "Дўрмон йўли кўча", "Тури": "Наземные", "Эни(м)": 3, "Узунл": 26 }, "geometry": { "type": "MultiLineString", "coordinates": [ [ [ 69.358374061021095, 41.326672523223905 ], [ 69.358565150499501, 41.326859594547962 ] ] ] } },
{ "type": "Feature", "properties": { "Туман": "Мирзо Улуғбек", "Кўча": "Хушҳаво кўча", "Тури": "Наземные", "Эни(м)": 3, "Узунл": 27 }, "geometry": { "type": "MultiLineString", "coordinates": [ [ [ 69.358712253723724, 41.32683593012861 ], [ 69.35895770502313, 41.326684829965949 ] ] ] } },
{ "type": "Feature", "properties": { "Туман": "Мирзо Улуғбек", "Кўча": "Гулсара кўча", "Тури": "Наземные", "Эни(м)": 3, "Узунл": 15 }, "geometry": { "type": "MultiLineString", "coordinates": [ [ [ 69.369264952325253, 41.335460332842011 ], [ 69.369200654800849, 41.335329969674355 ] ] ] } },
{ "type": "Feature", "properties": { "Туман": "Мирзо Улуғбек", "Кўча": "Мингбулоқ кўча", "Тури": "Наземные", "Эни(м)": 3, "Узунл": 27 }, "geometry": { "type": "MultiLineString", "coordinates": [ [ [ 69.369432468597452, 41.335550912075213 ], [ 69.369753796656298, 41.335512306302839 ] ] ] } },
{ "type": "Feature", "properties": { "Туман": "Мирзо Улуғбек", "Кўча": "Гулсара кўча", "Тури": "Наземные", "Эни(м)": 3, "Узунл": 20 }, "geometry": { "type": "MultiLineString", "coordinates": [ [ [ 69.369778183580294, 41.335196606874177 ], [ 69.369622891516528, 41.335063718199208 ] ] ] } },
{ "type": "Feature", "properties": { "Туман": "Мирзо Улуғбек", "Кўча": "Мингбулоқ кўча", "Тури": "Наземные", "Эни(м)": 3, "Узунл": 30 }, "geometry": { "type": "MultiLineString", "coordinates": [ [ [ 69.369267306545737, 41.335215155338936 ], [ 69.369558074759667, 41.335062047637102 ] ] ] } },
{ "type": "Feature", "properties": { "Туман": "Мирзо Улуғбек", "Кўча": "Оққўрғон кўча", "Тури": "Наземные", "Эни(м)": 3, "Узунл": 29 }, "geometry": { "type": "MultiLineString", "coordinates": [ [ [ 69.305500572903526, 41.330835426767052 ], [ 69.305381025902747, 41.330587755604526 ] ] ] } },
{ "type": "Feature", "properties": { "Туман": "Мирзо Улуғбек", "Кўча": "Катта Дархон кўча", "Тури": "Наземные", "Эни(м)": 3, "Узунл": 24 }, "geometry": { "type": "MultiLineString", "coordinates": [ [ [ 69.306059615299134, 41.330726855680538 ], [ 69.306012495010677, 41.330510930460868 ] ] ] } },
{ "type": "Feature", "properties": { "Туман": "Мирзо Улуғбек", "Кўча": "Оққўрғон кўча", "Тури": "Наземные", "Эни(м)": 3, "Узунл": 37 }, "geometry": { "type": "MultiLineString", "coordinates": [ [ [ 69.305444261558236, 41.33051901525743 ], [ 69.30587138080044, 41.330448369097709 ] ] ] } },
{ "type": "Feature", "properties": { "Туман": "Мирзо Улуғбек", "Кўча": "Оққўрғон кўча", "Тури": "Наземные", "Эни(м)": 3, "Узунл": 36 }, "geometry": { "type": "MultiLineString", "coordinates": [ [ [ 69.303974376415738, 41.325160624193735 ], [ 69.304401519151398, 41.325102194949444 ] ] ] } },
{ "type": "Feature", "properties": { "Туман": "Мирзо Улуғбек", "Кўча": "Осиё кўча", "Тури": "Наземные", "Эни(м)": 3, "Узунл": 30 }, "geometry": { "type": "MultiLineString", "coordinates": [ [ [ 69.303916907804734, 41.325128838016383 ], [ 69.303850871789507, 41.324862236682975 ] ] ] } },
{ "type": "Feature", "properties": { "Туман": "Мирзо Улуғбек", "Кўча": "Оққўрғон кўча", "Тури": "Наземные", "Эни(м)": 3, "Узунл": 34 }, "geometry": { "type": "MultiLineString", "coordinates": [ [ [ 69.303922188911912, 41.324656330524348 ], [ 69.304320699138245, 41.32460455263368 ] ] ] } },
{ "type": "Feature", "properties": { "Туман": "Мирзо Улуғбек", "Кўча": "Дўрмон йўли кўча", "Тури": "Наземные", "Эни(м)": 3, "Узунл": 23 }, "geometry": { "type": "MultiLineString", "coordinates": [ [ [ 69.335806046887456, 41.340546529093068 ], [ 69.335614588652561, 41.340398670548943 ] ] ] } },
{ "type": "Feature", "properties": { "Туман": "Мирзо Улуғбек", "Кўча": "Иброҳим Мўминов кўча", "Тури": "Наземные", "Эни(м)": 3, "Узунл": 24 }, "geometry": { "type": "MultiLineString", "coordinates": [ [ [ 69.336001694896908, 41.340539382655962 ], [ 69.33623033808145, 41.340404388164174 ] ] ] } },
{ "type": "Feature", "properties": { "Туман": "Мирзо Улуғбек", "Кўча": "Дўрмон йўли кўча", "Тури": "Наземные", "Эни(м)": 3, "Узунл": 28 }, "geometry": { "type": "MultiLineString", "coordinates": [ [ [ 69.336262033649447, 41.340266211397783 ], [ 69.336057850733269, 41.340067665961151 ] ] ] } },
{ "type": "Feature", "properties": { "Туман": "Мирзо Улуғбек", "Кўча": "Зиёлилар кўча", "Тури": "Наземные", "Эни(м)": 3, "Узунл": 32 }, "geometry": { "type": "MultiLineString", "coordinates": [ [ [ 69.335590333640027, 41.340286958851053 ], [ 69.335887004593701, 41.34011067018092 ] ] ] } },
{ "type": "Feature", "properties": { "Туман": "Мирзо Улуғбек", "Кўча": "Олимлар кўча", "Тури": "Наземные", "Эни(м)": 3, "Узунл": 19 }, "geometry": { "type": "MultiLineString", "coordinates": [ [ [ 69.338742335279449, 41.343088019016776 ], [ 69.338893839862891, 41.343220021018254 ] ] ] } },
{ "type": "Feature", "properties": { "Туман": "Мирзо Улуғбек", "Кўча": "Иброҳим Мўминов кўча", "Тури": "Наземные", "Эни(м)": 3, "Узунл": 20 }, "geometry": { "type": "MultiLineString", "coordinates": [ [ [ 69.338955066005781, 41.343248960495039 ], [ 69.33914647556459, 41.343144129042486 ] ] ] } },
{ "type": "Feature", "properties": { "Туман": "Мирзо Улуғбек", "Кўча": "Олимлар кўча", "Тури": "Наземные", "Эни(м)": 3, "Узунл": 15 }, "geometry": { "type": "MultiLineString", "coordinates": [ [ [ 69.339114157984653, 41.343041365706739 ], [ 69.338995211150291, 41.342938329167445 ] ] ] } },
{ "type": "Feature", "properties": { "Туман": "Мирзо Улуғбек", "Кўча": "Иброҳим Мўминов кўча", "Тури": "Наземные", "Эни(м)": 3, "Узунл": 21 }, "geometry": { "type": "MultiLineString", "coordinates": [ [ [ 69.338713329126293, 41.343022819725348 ], [ 69.338910288889025, 41.342906700156071 ] ] ] } },
{ "type": "Feature", "properties": { "Туман": "Мирзо Улуғбек", "Кўча": "Феруза кўча", "Тури": "Наземные", "Эни(м)": 3, "Узунл": 33 }, "geometry": { "type": "MultiLineString", "coordinates": [ [ [ 69.368763755448384, 41.35462138733179 ], [ 69.368729683500149, 41.354327481404937 ] ] ] } },
{ "type": "Feature", "properties": { "Туман": "Мирзо Улуғбек", "Кўча": "Феруза кўча", "Тури": "Наземные", "Эни(м)": 3, "Узунл": 32 }, "geometry": { "type": "MultiLineString", "coordinates": [ [ [ 69.369115277481313, 41.354614624369589 ], [ 69.369079983846632, 41.35432541919274 ] ] ] } },
{ "type": "Feature", "properties": { "Туман": "Мирзо Улуғбек", "Кўча": "Феруза-1 тор кўча", "Тури": "Наземные", "Эни(м)": 3, "Узунл": 17 }, "geometry": { "type": "MultiLineString", "coordinates": [ [ [ 69.368775623603725, 41.354294457119138 ], [ 69.368972523563727, 41.354281614530841 ] ] ] } },
{ "type": "Feature", "properties": { "Туман": "Мирзо Улуғбек", "Кўча": "Феруза кўча", "Тури": "Наземные", "Эни(м)": 3, "Узунл": 12 }, "geometry": { "type": "MultiLineString", "coordinates": [ [ [ 69.368795133646543, 41.354658860597958 ], [ 69.368936585498588, 41.354650892467177 ] ] ] } },
{ "type": "Feature", "properties": { "Туман": "Чилонзор", "Кўча": "Муқимий кўча", "Тури": "Наземные", "Эни(м)": 3, "Узунл": 31 }, "geometry": { "type": "MultiLineString", "coordinates": [ [ [ 69.210511461372278, 41.300678105824851 ], [ 69.210882681629059, 41.300685031898581 ] ] ] } },
{ "type": "Feature", "properties": { "Туман": "Яккасарой", "Кўча": "Чўпонота кўча", "Тури": "Наземные", "Эни(м)": 3, "Узунл": 13 }, "geometry": { "type": "MultiLineString", "coordinates": [ [ [ 69.234159077295288, 41.268363159785821 ], [ 69.23405249435929, 41.26827429168938 ] ] ] } },
{ "type": "Feature", "properties": { "Туман": "Яккасарой", "Кўча": "Шота Руставели кўча", "Тури": "Наземные", "Эни(м)": 3, "Узунл": 28 }, "geometry": { "type": "MultiLineString", "coordinates": [ [ [ 69.234402390576037, 41.268386420620516 ], [ 69.234671865228265, 41.268241554260896 ] ] ] } },
{ "type": "Feature", "properties": { "Туман": "Яккасарой", "Кўча": "Шота Руставели кўча", "Тури": "Наземные", "Эни(м)": 3, "Узунл": 38 }, "geometry": { "type": "MultiLineString", "coordinates": [ [ [ 69.234061187162226, 41.26806343993897 ], [ 69.234409120487527, 41.267847146793834 ] ] ] } },
{ "type": "Feature", "properties": { "Туман": "Яккасарой", "Кўча": "Сергели йўли шоҳ кўча", "Тури": "Наземные", "Эни(м)": 3, "Узунл": 30 }, "geometry": { "type": "MultiLineString", "coordinates": [ [ [ 69.234781561336121, 41.268100576598556 ], [ 69.234570605436957, 41.267880670130346 ] ] ] } },
{ "type": "Feature", "properties": { "Туман": "Яккасарой", "Кўча": "Кичик ҳалқа йўли кўча", "Тури": "Наземные", "Эни(м)": 3, "Узунл": 32 }, "geometry": { "type": "MultiLineString", "coordinates": [ [ [ 69.246047057409385, 41.266164698056699 ], [ 69.246080598109373, 41.265873615879762 ] ] ] } },
{ "type": "Feature", "properties": { "Туман": "Яккасарой", "Кўча": "Қушбеги кўча", "Тури": "Наземные", "Эни(м)": 3, "Узунл": 19 }, "geometry": { "type": "MultiLineString", "coordinates": [ [ [ 69.246164744175147, 41.26627253609913 ], [ 69.246389158456196, 41.266294624220492 ] ] ] } },
{ "type": "Feature", "properties": { "Туман": "Яккасарой", "Кўча": "Муқимий кўча", "Тури": "Наземные", "Эни(м)": 3, "Узунл": 36 }, "geometry": { "type": "MultiLineString", "coordinates": [ [ [ 69.255348861859403, 41.280796504671933 ], [ 69.255487800569028, 41.280488557568042 ] ] ] } },
{ "type": "Feature", "properties": { "Туман": "Яккасарой", "Кўча": "Бобур кўча", "Тури": "Наземные", "Эни(м)": 3, "Узунл": 32 }, "geometry": { "type": "MultiLineString", "coordinates": [ [ [ 69.255393158744525, 41.280849857176648 ], [ 69.255758844072233, 41.280946444529519 ] ] ] } },
{ "type": "Feature", "properties": { "Туман": "Яккасарой", "Кўча": "Нукус кўча", "Тури": "Наземные", "Эни(м)": 3, "Узунл": 29 }, "geometry": { "type": "MultiLineString", "coordinates": [ [ [ 69.255878332213783, 41.280899855021133 ], [ 69.255986018304029, 41.280653742110452 ] ] ] } },
{ "type": "Feature", "properties": { "Туман": "Яккасарой", "Кўча": "Бобур кўча", "Тури": "Наземные", "Эни(м)": 3, "Узунл": 39 }, "geometry": { "type": "MultiLineString", "coordinates": [ [ [ 69.255538048203604, 41.28045281220183 ], [ 69.255969963815346, 41.280574789453198 ] ] ] } },
{ "type": "Feature", "properties": { "Туман": "Яккасарой", "Кўча": "Нукус кўча", "Тури": "Наземные", "Эни(м)": 3, "Узунл": 31 }, "geometry": { "type": "MultiLineString", "coordinates": [ [ [ 69.259302851618997, 41.281831738241316 ], [ 69.259344261136263, 41.281552513249224 ] ] ] } },
{ "type": "Feature", "properties": { "Туман": "Яккасарой", "Кўча": "Нукус кўча", "Тури": "Наземные", "Эни(м)": 3, "Узунл": 28 }, "geometry": { "type": "MultiLineString", "coordinates": [ [ [ 69.259580364917909, 41.281927324198769 ], [ 69.259697528792088, 41.281691876648679 ] ] ] } },
{ "type": "Feature", "properties": { "Туман": "Яккасарой", "Кўча": "Нукус кўча", "Тури": "Наземные", "Эни(м)": 3, "Узунл": 26 }, "geometry": { "type": "MultiLineString", "coordinates": [ [ [ 69.264807154789779, 41.284021379409616 ], [ 69.264970136868271, 41.283827393980296 ] ] ] } },
{ "type": "Feature", "properties": { "Туман": "Яккасарой", "Кўча": "Нукус кўча", "Тури": "Наземные", "Эни(м)": 3, "Узунл": 31 }, "geometry": { "type": "MultiLineString", "coordinates": [ [ [ 69.265255201644038, 41.28422821188186 ], [ 69.265462930918986, 41.284002052214618 ] ] ] } },
{ "type": "Feature", "properties": { "Туман": "Яккасарой", "Кўча": "-", "Тури": "Наземные", "Эни(м)": 3, "Узунл": 21 }, "geometry": { "type": "MultiLineString", "coordinates": [ [ [ 69.265198503621406, 41.283836964390417 ], [ 69.265423268285844, 41.283929094335562 ] ] ] } },
{ "type": "Feature", "properties": { "Туман": "Яккасарой", "Кўча": "Глинка кўча", "Тури": "Наземные", "Эни(м)": 3, "Узунл": 25 }, "geometry": { "type": "MultiLineString", "coordinates": [ [ [ 69.264835206083831, 41.284143657661495 ], [ 69.265095492728875, 41.284258274604099 ] ] ] } },
{ "type": "Feature", "properties": { "Туман": "Яккасарой", "Кўча": "Шота Руставели кўча", "Тури": "Наземные", "Эни(м)": 3, "Узунл": 34 }, "geometry": { "type": "MultiLineString", "coordinates": [ [ [ 69.257731713471699, 41.289321930304808 ], [ 69.258045886064579, 41.289121677285472 ] ] ] } },
{ "type": "Feature", "properties": { "Туман": "Яккасарой", "Кўча": "Шота Руставели кўча", "Тури": "Наземные", "Эни(м)": 3, "Узунл": 39 }, "geometry": { "type": "MultiLineString", "coordinates": [ [ [ 69.257471022538766, 41.289106335316667 ], [ 69.257560337078274, 41.288992107396261 ], [ 69.257780236788875, 41.28884670445094 ] ] ] } },
{ "type": "Feature", "properties": { "Туман": "Яккасарой", "Кўча": "Бобур кўча", "Тури": "Наземные", "Эни(м)": 3, "Узунл": 48 }, "geometry": { "type": "MultiLineString", "coordinates": [ [ [ 69.250526477032579, 41.2929505073187 ], [ 69.251095137089678, 41.292982526557999 ] ] ] } },
{ "type": "Feature", "properties": { "Туман": "Яккасарой", "Кўча": "Бобур кўча", "Тури": "Наземные", "Эни(м)": 3, "Узунл": 51 }, "geometry": { "type": "MultiLineString", "coordinates": [ [ [ 69.250504089737191, 41.293273635536863 ], [ 69.25110880654924, 41.293261627925297 ] ] ] } },
{ "type": "Feature", "properties": { "Туман": "Яккасарой", "Кўча": "Юсуф Хос Ҳожиб кўча", "Тури": "Наземные", "Эни(м)": 3, "Узунл": 17 }, "geometry": { "type": "MultiLineString", "coordinates": [ [ [ 69.251222102011639, 41.293800638389428 ], [ 69.251219943813027, 41.293648605704625 ] ] ] } },
{ "type": "Feature", "properties": { "Туман": "Яккасарой", "Кўча": "Братислава кўча", "Тури": "Наземные", "Эни(м)": 3, "Узунл": 14 }, "geometry": { "type": "MultiLineString", "coordinates": [ [ [ 69.251205592293658, 41.292576060601036 ], [ 69.251206677336427, 41.292448370550751 ] ] ] } },
{ "type": "Feature", "properties": { "Туман": "Яккасарой", "Кўча": "Бобур кўча", "Тури": "Наземные", "Эни(м)": 3, "Узунл": 33 }, "geometry": { "type": "MultiLineString", "coordinates": [ [ [ 69.250932738664659, 41.293910546375855 ], [ 69.2505350500372, 41.293904879705295 ] ] ] } },
{ "type": "Feature", "properties": { "Туман": "Яккасарой", "Кўча": "Бобур кўча", "Тури": "Наземные", "Эни(м)": 3, "Узунл": 36 }, "geometry": { "type": "MultiLineString", "coordinates": [ [ [ 69.250888965538024, 41.292351070530238 ], [ 69.250455858672964, 41.29234726245145 ] ] ] } },
{ "type": "Feature", "properties": { "Туман": "Яккасарой", "Кўча": "Шароф Рашидов кўча", "Тури": "Наземные", "Эни(м)": 3, "Узунл": 34 }, "geometry": { "type": "MultiLineString", "coordinates": [ [ [ 69.265554491891706, 41.305320030895459 ], [ 69.265946363756157, 41.305233605365302 ] ] ] } },
{ "type": "Feature", "properties": { "Туман": "Яккасарой", "Кўча": "Афросиёб кўча", "Тури": "Наземные", "Эни(м)": 3, "Узунл": 24 }, "geometry": { "type": "MultiLineString", "coordinates": [ [ [ 69.265468056990727, 41.305272421731082 ], [ 69.26534281869867, 41.305075537407738 ] ] ] } },
{ "type": "Feature", "properties": { "Туман": "Яккасарой", "Кўча": "Афросиёб кўча", "Тури": "Наземные", "Эни(м)": 3, "Узунл": 40 }, "geometry": { "type": "MultiLineString", "coordinates": [ [ [ 69.265922284221475, 41.305025500866172 ], [ 69.265810584832181, 41.304671797527995 ] ] ] } },
{ "type": "Feature", "properties": { "Туман": "Яккасарой", "Кўча": "Юсуф Хос Ҳожиб кўча, Миробод кўча", "Тури": "Наземные", "Эни(м)": 3, "Узунл": 37 }, "geometry": { "type": "MultiLineString", "coordinates": [ [ [ 69.265289114566642, 41.304650432484529 ], [ 69.265712432941427, 41.304550869580297 ] ] ] } },
{ "type": "Feature", "properties": { "Туман": "Яккасарой", "Кўча": "Шота Руставели кўча", "Тури": "Подземные", "Эни(м)": 4, "Узунл": 48 }, "geometry": { "type": "MultiLineString", "coordinates": [ [ [ 69.267887699784026, 41.295637843649551 ], [ 69.268258259372999, 41.295313752949085 ] ] ] } },
{ "type": "Feature", "properties": { "Туман": "Яккасарой", "Кўча": "Шота Руставели кўча", "Тури": "Подземные", "Эни(м)": 4, "Узунл": 54 }, "geometry": { "type": "MultiLineString", "coordinates": [ [ [ 69.253004871451722, 41.28512911156151 ], [ 69.253504447299306, 41.284823937318272 ] ] ] } },
{ "type": "Feature", "properties": { "Туман": "Яккасарой", "Кўча": "Бобур кўча", "Тури": "Наземные", "Эни(м)": 3, "Узунл": 34 }, "geometry": { "type": "MultiLineString", "coordinates": [ [ [ 69.25361055928272, 41.285794131187643 ], [ 69.25325882946494, 41.285647619069238 ] ] ] } },
{ "type": "Feature", "properties": { "Туман": "Яккасарой", "Кўча": "Бобур кўча", "Тури": "Наземные", "Эни(м)": 3, "Узунл": 63 }, "geometry": { "type": "MultiLineString", "coordinates": [ [ [ 69.253430496770847, 41.28483954145721 ], [ 69.25389517667594, 41.285282752498816 ] ] ] } },
{ "type": "Feature", "properties": { "Туман": "Яккасарой", "Кўча": "Шота Руставели кўча", "Тури": "Подземные", "Эни(м)": 4, "Узунл": 50 }, "geometry": { "type": "MultiLineString", "coordinates": [ [ [ 69.253856761852532, 41.285934936004573 ], [ 69.254334423097916, 41.285663064748455 ] ] ] } },
{ "type": "Feature", "properties": { "Туман": "Яккасарой", "Кўча": "Бобур кўча", "Тури": "Наземные", "Эни(м)": 3, "Узунл": 7 }, "geometry": { "type": "MultiLineString", "coordinates": [ [ [ 69.261039485543193, 41.270029141942928 ], [ 69.260998328263852, 41.269972814898779 ] ] ] } },
{ "type": "Feature", "properties": { "Туман": "Яккасарой", "Кўча": "Кичик ҳалқа йўли кўча", "Тури": "Наземные", "Эни(м)": 3, "Узунл": 7 }, "geometry": { "type": "MultiLineString", "coordinates": [ [ [ 69.262371900403821, 41.26986397892437 ], [ 69.262349600698158, 41.269799294807576 ] ] ] } },
{ "type": "Feature", "properties": { "Туман": "Яккасарой", "Кўча": "Кичик ҳалқа йўли кўча", "Тури": "Наземные", "Эни(м)": 3, "Узунл": 6 }, "geometry": { "type": "MultiLineString", "coordinates": [ [ [ 69.262076306826955, 41.269565921235781 ], [ 69.262001536175873, 41.269568467008511 ] ] ] } },
{ "type": "Feature", "properties": { "Туман": "Яккасарой", "Кўча": "Бобур кўча", "Тури": "Наземные", "Эни(м)": 3, "Узунл": 7 }, "geometry": { "type": "MultiLineString", "coordinates": [ [ [ 69.260172859028259, 41.269942612740245 ], [ 69.260258669348175, 41.269944794387584 ] ] ] } },
{ "type": "Feature", "properties": { "Туман": "Яккасарой", "Кўча": "Кичик ҳалқа йўли кўча", "Тури": "Наземные", "Эни(м)": 3, "Узунл": 33 }, "geometry": { "type": "MultiLineString", "coordinates": [ [ [ 69.241592945057789, 41.265800865146609 ], [ 69.241631201765699, 41.265502647550278 ] ] ] } },
{ "type": "Feature", "properties": { "Туман": "Яккасарой", "Кўча": "Кичик ҳалқа йўли кўча", "Тури": "Наземные", "Эни(м)": 3, "Узунл": 16 }, "geometry": { "type": "MultiLineString", "coordinates": [ [ [ 69.239305773693005, 41.265856717106431 ], [ 69.239190447269877, 41.265745303739457 ] ] ] } },
{ "type": "Feature", "properties": { "Туман": "Яккасарой", "Кўча": "Кичик ҳалқа йўли кўча", "Тури": "Наземные", "Эни(м)": 3, "Узунл": 9 }, "geometry": { "type": "MultiLineString", "coordinates": [ [ [ 69.23899662209628, 41.265692255337669 ], [ 69.23888485619139, 41.265693675088656 ] ] ] } },
{ "type": "Feature", "properties": { "Туман": "Яккасарой", "Кўча": "Кичик ҳалқа йўли кўча", "Тури": "Наземные", "Эни(м)": 3, "Узунл": 36 }, "geometry": { "type": "MultiLineString", "coordinates": [ [ [ 69.239956853684021, 41.265677192275909 ], [ 69.240007633249903, 41.265357568741081 ] ] ] } },
{ "type": "Feature", "properties": { "Туман": "Яккасарой", "Кўча": "Шота Руставели кўча", "Тури": "Подземные", "Эни(м)": 4, "Узунл": 57 }, "geometry": { "type": "MultiLineString", "coordinates": [ [ [ 69.225260113678075, 41.260286958891989 ], [ 69.225694802315104, 41.259897697215706 ] ] ] } },
{ "type": "Feature", "properties": { "Туман": "Яккасарой", "Кўча": "Шота Руставели кўча", "Тури": "Надземные", "Эни(м)": 4, "Узунл": 102 }, "geometry": { "type": "MultiLineString", "coordinates": [ [ [ 69.24600951472523, 41.278986188833898 ], [ 69.245853448370511, 41.278852730175515 ], [ 69.246419309112255, 41.27850265646763 ], [ 69.246579667910055, 41.278650717274466 ] ] ] } },
{ "type": "Feature", "properties": { "Туман": "Яккасарой", "Кўча": "Муқимий кўча", "Тури": "Наземные", "Эни(м)": 3, "Узунл": 40 }, "geometry": { "type": "MultiLineString", "coordinates": [ [ [ 69.247002781905849, 41.278527317428512 ], [ 69.24718416433889, 41.278191969837074 ] ] ] } },
{ "type": "Feature", "properties": { "Туман": "Яккасарой", "Кўча": "Муқимий кўча", "Тури": "Наземные", "Эни(м)": 3, "Узунл": 47 }, "geometry": { "type": "MultiLineString", "coordinates": [ [ [ 69.244903253815082, 41.278141612018182 ], [ 69.245257589829933, 41.278474331269692 ] ] ] } },
{ "type": "Feature", "properties": { "Туман": "Яккасарой", "Кўча": "Шота Руставели кўча", "Тури": "Наземные", "Эни(м)": 3, "Узунл": 58 }, "geometry": { "type": "MultiLineString", "coordinates": [ [ [ 69.244977515332167, 41.278000106362271 ], [ 69.245520327005067, 41.277682402536364 ] ] ] } },
{ "type": "Feature", "properties": { "Туман": "Яккасарой", "Кўча": "Шота Руставели кўча", "Тури": "Наземные", "Эни(м)": 3, "Узунл": 33 }, "geometry": { "type": "MultiLineString", "coordinates": [ [ [ 69.241274283159697, 41.274065929195999 ], [ 69.240971117147907, 41.274256611548829 ] ] ] } },
{ "type": "Feature", "properties": { "Туман": "Яккасарой", "Кўча": "Шота Руставели-1 тор кўча", "Тури": "Наземные", "Эни(м)": 3, "Узунл": 11 }, "geometry": { "type": "MultiLineString", "coordinates": [ [ [ 69.241306871584683, 41.273936984993504 ], [ 69.241220024522519, 41.27386827480116 ] ] ] } },
{ "type": "Feature", "properties": { "Туман": "Яккасарой", "Кўча": "Комил Яшин кўча", "Тури": "Наземные", "Эни(м)": 3, "Узунл": 15 }, "geometry": { "type": "MultiLineString", "coordinates": [ [ [ 69.240726750395638, 41.27416744414333 ], [ 69.240611437401029, 41.274064346917889 ] ] ] } },
{ "type": "Feature", "properties": { "Туман": "Яккасарой", "Кўча": "Шота Руставели кўча", "Тури": "Наземные", "Эни(м)": 3, "Узунл": 34 }, "geometry": { "type": "MultiLineString", "coordinates": [ [ [ 69.240596761626961, 41.27392659321216 ], [ 69.240907781851305, 41.273731144214167 ] ] ] } },
{ "type": "Feature", "properties": { "Туман": "Яккасарой", "Кўча": "Ўрикзор кўча", "Тури": "Наземные", "Эни(м)": 3, "Узунл": 32 }, "geometry": { "type": "MultiLineString", "coordinates": [ [ [ 69.25048194131702, 41.293247552301281 ], [ 69.250468238186286, 41.29295894859186 ] ] ] } },
{ "type": "Feature", "properties": { "Туман": "Яккасарой", "Кўча": "Миробод кўча", "Тури": "Наземные", "Эни(м)": 3, "Узунл": 23 }, "geometry": { "type": "MultiLineString", "coordinates": [ [ [ 69.268634205657506, 41.296144634971448 ], [ 69.268579780390311, 41.296137924469932 ], [ 69.268359330248742, 41.296149128713523 ] ] ] } },
{ "type": "Feature", "properties": { "Туман": "Юнусобод", "Кўча": "Амир Темур шоҳ кўча", "Тури": "Наземные", "Эни(м)": 3, "Узунл": 27 }, "geometry": { "type": "MultiLineString", "coordinates": [ [ [ 69.278174324175168, 41.31182271211307 ], [ 69.278475622725864, 41.311740362517106 ] ] ] } },
{ "type": "Feature", "properties": { "Туман": "Юнусобод", "Кўча": "Амир Темур шоҳ кўча", "Тури": "Наземные", "Эни(м)": 3, "Узунл": 27 }, "geometry": { "type": "MultiLineString", "coordinates": [ [ [ 69.277967659270402, 41.311419232852444 ], [ 69.278271971643534, 41.311330915416505 ] ] ] } },
{ "type": "Feature", "properties": { "Туман": "Юнусобод", "Кўча": "Истиқлол кўча", "Тури": "Наземные", "Эни(м)": 3, "Узунл": 13 }, "geometry": { "type": "MultiLineString", "coordinates": [ [ [ 69.276406959144907, 41.316059915237702 ], [ 69.276363908931188, 41.315947216519994 ] ] ] } },
{ "type": "Feature", "properties": { "Туман": "Юнусобод", "Кўча": "Зарафшон кўча", "Тури": "Наземные", "Эни(м)": 3, "Узунл": 16 }, "geometry": { "type": "MultiLineString", "coordinates": [ [ [ 69.275779165026734, 41.316029322895034 ], [ 69.275965118359238, 41.315992193623373 ] ] ] } },
{ "type": "Feature", "properties": { "Туман": "Юнусобод", "Кўча": "Зарафшон кўча", "Тури": "Наземные", "Эни(м)": 3, "Узунл": 16 }, "geometry": { "type": "MultiLineString", "coordinates": [ [ [ 69.275872453811417, 41.316229024996986 ], [ 69.276052765866964, 41.316188126108024 ] ] ] } },
{ "type": "Feature", "properties": { "Туман": "Юнусобод", "Кўча": "Навоий кўча", "Тури": "Наземные", "Эни(м)": 3, "Узунл": 35 }, "geometry": { "type": "MultiLineString", "coordinates": [ [ [ 69.27131163248572, 41.319077112320102 ], [ 69.271216677022238, 41.318766442682936 ] ] ] } },
{ "type": "Feature", "properties": { "Туман": "Юнусобод", "Кўча": "Шароф Рашидов кўча", "Тури": "Наземные", "Эни(м)": 3, "Узунл": 36 }, "geometry": { "type": "MultiLineString", "coordinates": [ [ [ 69.27143381549503, 41.318620113577239 ], [ 69.271844583903899, 41.318525601044968 ] ] ] } },
{ "type": "Feature", "properties": { "Туман": "Юнусобод", "Кўча": "Навоий кўча", "Тури": "Наземные", "Эни(м)": 3, "Узунл": 29 }, "geometry": { "type": "MultiLineString", "coordinates": [ [ [ 69.272156271413479, 41.318884363692469 ], [ 69.272061575371382, 41.318636973324601 ] ] ] } },
{ "type": "Feature", "properties": { "Туман": "Юнусобод", "Кўча": "Шароф Рашидов кўча", "Тури": "Наземные", "Эни(м)": 3, "Узунл": 21 }, "geometry": { "type": "MultiLineString", "coordinates": [ [ [ 69.271657405016356, 41.319148746876472 ], [ 69.271899307233937, 41.319106906679984 ] ] ] } },
{ "type": "Feature", "properties": { "Туман": "Юнусобод", "Кўча": "Навоий кўча", "Тури": "Подземные", "Эни(м)": 4, "Узунл": 39 }, "geometry": { "type": "MultiLineString", "coordinates": [ [ [ 69.277326237737853, 41.317741252030579 ], [ 69.277195874671662, 41.317405911147752 ] ] ] } },
{ "type": "Feature", "properties": { "Туман": "Юнусобод", "Кўча": "Зарафшон кўча", "Тури": "Наземные", "Эни(м)": 3, "Узунл": 16 }, "geometry": { "type": "MultiLineString", "coordinates": [ [ [ 69.276410421201092, 41.317491255155296 ], [ 69.276589056544765, 41.317448639915789 ] ] ] } },
{ "type": "Feature", "properties": { "Туман": "Юнусобод", "Кўча": "Навоий кўча", "Тури": "Наземные", "Эни(м)": 3, "Узунл": 39 }, "geometry": { "type": "MultiLineString", "coordinates": [ [ [ 69.280699631100887, 41.316940709404442 ], [ 69.280679487932744, 41.316782101962268 ], [ 69.280616656690384, 41.31659700297876 ] ] ] } },
{ "type": "Feature", "properties": { "Туман": "Юнусобод", "Кўча": "Шаҳрисабз кўча", "Тури": "Наземные", "Эни(м)": 3, "Узунл": 45 }, "geometry": { "type": "MultiLineString", "coordinates": [ [ [ 69.281252789661252, 41.316867826124252 ], [ 69.28110999995215, 41.316475660419243 ] ] ] } },
{ "type": "Feature", "properties": { "Туман": "Юнусобод", "Кўча": "Амир Темур шоҳ кўча", "Тури": "Наземные", "Эни(м)": 3, "Узунл": 36 }, "geometry": { "type": "MultiLineString", "coordinates": [ [ [ 69.280800903984741, 41.317012912499862 ], [ 69.281219061361796, 41.316944944086288 ] ] ] } },
{ "type": "Feature", "properties": { "Туман": "Юнусобод", "Кўча": "Амир Темур шоҳ кўча", "Тури": "Наземные", "Эни(м)": 3, "Узунл": 37 }, "geometry": { "type": "MultiLineString", "coordinates": [ [ [ 69.282293398868475, 41.322074347253498 ], [ 69.281855702316577, 41.322132279399796 ] ] ] } },
{ "type": "Feature", "properties": { "Туман": "Юнусобод", "Кўча": "Абдулла Қодирий кўчаси", "Тури": "Подземные", "Эни(м)": 4, "Узунл": 31 }, "geometry": { "type": "MultiLineString", "coordinates": [ [ [ 69.282655338579062, 41.321939564014372 ], [ 69.282599395561832, 41.321661823366568 ] ] ] } },
{ "type": "Feature", "properties": { "Туман": "Юнусобод", "Кўча": "Амир Темур шоҳ кўча", "Тури": "Подземные", "Эни(м)": 4, "Узунл": 145 }, "geometry": { "type": "MultiLineString", "coordinates": [ [ [ 69.28164933575485, 41.3213871910582 ], [ 69.281573898183197, 41.321101243778045 ], [ 69.282480751181893, 41.321019922871031 ], [ 69.282542977590424, 41.321344419735112 ] ] ] } },
{ "type": "Feature", "properties": { "Туман": "Юнусобод", "Кўча": "Осиё кўча", "Тури": "Наземные", "Эни(м)": 3, "Узунл": 33 }, "geometry": { "type": "MultiLineString", "coordinates": [ [ [ 69.290638490797448, 41.326748842931536 ], [ 69.290683600486403, 41.327044031433658 ] ] ] } },
{ "type": "Feature", "properties": { "Туман": "Юнусобод", "Кўча": "Осиё кўча", "Тури": "Наземные", "Эни(м)": 3, "Узунл": 34 }, "geometry": { "type": "MultiLineString", "coordinates": [ [ [ 69.291397415307443, 41.326968859454361 ], [ 69.29133404136482, 41.326670966195856 ] ] ] } },
{ "type": "Feature", "properties": { "Туман": "Юнусобод", "Кўча": "Чингиз Айтматов кўча", "Тури": "Наземные", "Эни(м)": 3, "Узунл": 51 }, "geometry": { "type": "MultiLineString", "coordinates": [ [ [ 69.290680973637649, 41.326726725533376 ], [ 69.291280531879565, 41.326675687062838 ] ] ] } },
{ "type": "Feature", "properties": { "Туман": "Юнусобод", "Кўча": "Чингиз Айтматов кўча", "Тури": "Наземные", "Эни(м)": 3, "Узунл": 37 }, "geometry": { "type": "MultiLineString", "coordinates": [ [ [ 69.291289697978087, 41.327094773193352 ], [ 69.290850673778309, 41.327133484021189 ] ] ] } },
{ "type": "Feature", "properties": { "Туман": "Юнусобод", "Кўча": "Амир Темур шоҳ кўча", "Тури": "Наземные", "Эни(м)": 3, "Узунл": 29 }, "geometry": { "type": "MultiLineString", "coordinates": [ [ [ 69.283046445302404, 41.327491345582949 ], [ 69.283393022721413, 41.327454726348684 ] ] ] } },
{ "type": "Feature", "properties": { "Туман": "Юнусобод", "Кўча": "Осиё кўча", "Тури": "Наземные", "Эни(м)": 3, "Узунл": 27 }, "geometry": { "type": "MultiLineString", "coordinates": [ [ [ 69.283523517347646, 41.327808401028484 ], [ 69.283476224823261, 41.327563654963889 ] ] ] } },
{ "type": "Feature", "properties": { "Туман": "Юнусобод", "Кўча": "Амир Темур шоҳ кўча", "Тури": "Наземные", "Эни(м)": 3, "Узунл": 31 }, "geometry": { "type": "MultiLineString", "coordinates": [ [ [ 69.283108035895353, 41.327947904029678 ], [ 69.283478940000563, 41.327909390523892 ] ] ] } },
{ "type": "Feature", "properties": { "Туман": "Юнусобод", "Кўча": "Осиё кўча", "Тури": "Наземные", "Эни(м)": 3, "Узунл": 20 }, "geometry": { "type": "MultiLineString", "coordinates": [ [ [ 69.282898230956505, 41.327821861717268 ], [ 69.282867062058457, 41.327647691563641 ] ] ] } },
{ "type": "Feature", "properties": { "Туман": "Юнусобод", "Кўча": "Шароф Рашидов кўча", "Тури": "Наземные", "Эни(м)": 3, "Узунл": 31 }, "geometry": { "type": "MultiLineString", "coordinates": [ [ [ 69.27440936261408, 41.328866800325663 ], [ 69.274766759412103, 41.328796249011525 ] ] ] } },
{ "type": "Feature", "properties": { "Туман": "Юнусобод", "Кўча": "Нурафшон шоҳ кўча", "Тури": "Наземные", "Эни(м)": 3, "Узунл": 23 }, "geometry": { "type": "MultiLineString", "coordinates": [ [ [ 69.274133166113913, 41.328572156092861 ], [ 69.274234949776741, 41.328763585051689 ] ] ] } },
{ "type": "Feature", "properties": { "Туман": "Юнусобод", "Кўча": "Осиё кўча", "Тури": "Наземные", "Эни(м)": 3, "Узунл": 28 }, "geometry": { "type": "MultiLineString", "coordinates": [ [ [ 69.274784465558355, 41.328666897317667 ], [ 69.274711652142386, 41.328421291501144 ] ] ] } },
{ "type": "Feature", "properties": { "Туман": "Юнусобод", "Кўча": "Шароф Рашидов кўча", "Тури": "Наземные", "Эни(м)": 3, "Узунл": 29 }, "geometry": { "type": "MultiLineString", "coordinates": [ [ [ 69.274167487131891, 41.3283428023041 ], [ 69.274504264225698, 41.328287891413524 ] ] ] } },
{ "type": "Feature", "properties": { "Туман": "Юнусобод", "Кўча": "Кичик ҳалқа йўли кўча", "Тури": "Наземные", "Эни(м)": 3, "Узунл": 26 }, "geometry": { "type": "MultiLineString", "coordinates": [ [ [ 69.279259986054612, 41.335103251340961 ], [ 69.279081542472994, 41.3349165983959 ] ] ] } },
{ "type": "Feature", "properties": { "Туман": "Юнусобод", "Кўча": "Арчазор кўча", "Тури": "Наземные", "Эни(м)": 3, "Узунл": 36 }, "geometry": { "type": "MultiLineString", "coordinates": [ [ [ 69.279393867404252, 41.335112097298399 ], [ 69.279756956717222, 41.334943388409961 ] ] ] } },
{ "type": "Feature", "properties": { "Туман": "Юнусобод", "Кўча": "Шароф Рашидов кўча", "Тури": "Наземные", "Эни(м)": 3, "Узунл": 35 }, "geometry": { "type": "MultiLineString", "coordinates": [ [ [ 69.279779698136096, 41.334855292772176 ], [ 69.279544977948603, 41.334597244525682 ] ] ] } },
{ "type": "Feature", "properties": { "Туман": "Юнусобод", "Кўча": "Шароф Рашидов кўча", "Тури": "Наземные", "Эни(м)": 3, "Узунл": 43 }, "geometry": { "type": "MultiLineString", "coordinates": [ [ [ 69.279084840410178, 41.334834052560687 ], [ 69.279491472858936, 41.334604711161482 ] ] ] } },
{ "type": "Feature", "properties": { "Туман": "Юнусобод", "Кўча": "Кичик ҳалқа йўли кўча", "Тури": "Наземные", "Эни(м)": 3, "Узунл": 13 }, "geometry": { "type": "MultiLineString", "coordinates": [ [ [ 69.284091007648954, 41.332974791276847 ], [ 69.284117040639231, 41.333085694586032 ] ] ] } },
{ "type": "Feature", "properties": { "Туман": "Юнусобод", "Кўча": "Кичик ҳалқа йўли кўча", "Тури": "Наземные", "Эни(м)": 3, "Узунл": 14 }, "geometry": { "type": "MultiLineString", "coordinates": [ [ [ 69.284613238309831, 41.333034028864155 ], [ 69.284594440872652, 41.33290843437868 ] ] ] } },
{ "type": "Feature", "properties": { "Туман": "Юнусобод", "Кўча": "Кичик ҳалқа йўли кўча", "Тури": "Наземные", "Эни(м)": 3, "Узунл": 16 }, "geometry": { "type": "MultiLineString", "coordinates": [ [ [ 69.284699167624126, 41.333487774558712 ], [ 69.284672997737189, 41.333345690760893 ] ] ] } },
{ "type": "Feature", "properties": { "Туман": "Юнусобод", "Кўча": "Кичик ҳалқа йўли кўча", "Тури": "Наземные", "Эни(м)": 3, "Узунл": 16 }, "geometry": { "type": "MultiLineString", "coordinates": [ [ [ 69.284200537133586, 41.333540363743836 ], [ 69.284179231181, 41.333397350736867 ] ] ] } },
{ "type": "Feature", "properties": { "Туман": "Юнусобод", "Кўча": "Чингиз Айтматов кўча", "Тури": "Наземные", "Эни(м)": 3, "Узунл": 37 }, "geometry": { "type": "MultiLineString", "coordinates": [ [ [ 69.291832756155699, 41.332375823211052 ], [ 69.292273039820955, 41.332338939622915 ] ] ] } },
{ "type": "Feature", "properties": { "Туман": "Юнусобод", "Кўча": "Амир Темур шоҳ кўча", "Тури": "Наземные", "Эни(м)": 3, "Узунл": 36 }, "geometry": { "type": "MultiLineString", "coordinates": [ [ [ 69.285820676949427, 41.339817478962935 ], [ 69.28539376037854, 41.339862558491845 ] ] ] } },
{ "type": "Feature", "properties": { "Туман": "Юнусобод", "Кўча": "Амир Темур шоҳ кўча", "Тури": "Наземные", "Эни(м)": 3, "Узунл": 36 }, "geometry": { "type": "MultiLineString", "coordinates": [ [ [ 69.285754637429235, 41.339463647644031 ], [ 69.285322843799975, 41.33950598776061 ] ] ] } },
{ "type": "Feature", "properties": { "Туман": "Юнусобод", "Кўча": "Чингиз Айтматов кўча", "Тури": "Наземные", "Эни(м)": 3, "Узунл": 38 }, "geometry": { "type": "MultiLineString", "coordinates": [ [ [ 69.293441926006793, 41.340389820981869 ], [ 69.293687868534306, 41.340420374597535 ], [ 69.293751803783223, 41.340566945203228 ] ] ] } },
{ "type": "Feature", "properties": { "Туман": "Юнусобод", "Кўча": "Боғишамол кўча", "Тури": "Наземные", "Эни(м)": 3, "Узунл": 23 }, "geometry": { "type": "MultiLineString", "coordinates": [ [ [ 69.293280187658198, 41.340141702901583 ], [ 69.293285968393292, 41.340345281283497 ] ] ] } },
{ "type": "Feature", "properties": { "Туман": "Юнусобод", "Кўча": "Чингиз Айтматов кўча", "Тури": "Наземные", "Эни(м)": 3, "Узунл": 16 }, "geometry": { "type": "MultiLineString", "coordinates": [ [ [ 69.293355292179143, 41.340065851894288 ], [ 69.293541501303494, 41.340072713820263 ] ] ] } },
{ "type": "Feature", "properties": { "Туман": "Юнусобод", "Кўча": "Кичик ҳалқа йўли кўча", "Тури": "Наземные", "Эни(м)": 3, "Узунл": 31 }, "geometry": { "type": "MultiLineString", "coordinates": [ [ [ 69.292340189642744, 41.332390584523893 ], [ 69.292388879137107, 41.332667421220755 ] ] ] } },
{ "type": "Feature", "properties": { "Туман": "Юнусобод", "Кўча": "Кичик ҳалқа йўли кўча", "Тури": "Наземные", "Эни(м)": 3, "Узунл": 32 }, "geometry": { "type": "MultiLineString", "coordinates": [ [ [ 69.29169072398534, 41.332448174603464 ], [ 69.291734597159788, 41.332736945917119 ] ] ] } },
{ "type": "Feature", "properties": { "Туман": "Юнусобод", "Кўча": "Амир Темур шоҳ кўча", "Тури": "Наземные", "Эни(м)": 3, "Узунл": 36 }, "geometry": { "type": "MultiLineString", "coordinates": [ [ [ 69.287936924914987, 41.351039621177904 ], [ 69.287509843785372, 41.351063615991229 ] ] ] } },
{ "type": "Feature", "properties": { "Туман": "Юнусобод", "Кўча": "Шаҳристон кўча", "Тури": "Наземные", "Эни(м)": 3, "Узунл": 15 }, "geometry": { "type": "MultiLineString", "coordinates": [ [ [ 69.287423148440851, 41.351275679034885 ], [ 69.287406750050849, 41.351144576917136 ] ] ] } },
{ "type": "Feature", "properties": { "Туман": "Юнусобод", "Кўча": "Амир Темур шоҳ кўча", "Тури": "Наземные", "Эни(м)": 3, "Узунл": 36 }, "geometry": { "type": "MultiLineString", "coordinates": [ [ [ 69.287552307499439, 41.351398562491113 ], [ 69.287979767365172, 41.351371498536778 ] ] ] } },
{ "type": "Feature", "properties": { "Туман": "Юнусобод", "Кўча": "Янгишаҳар кўча", "Тури": "Наземные", "Эни(м)": 3, "Узунл": 35 }, "geometry": { "type": "MultiLineString", "coordinates": [ [ [ 69.297841880120146, 41.363442727531528 ], [ 69.297566928428068, 41.363209582791306 ] ] ] } },
{ "type": "Feature", "properties": { "Туман": "Юнусобод", "Кўча": "Янги Юнусобод кўча", "Тури": "Наземные", "Эни(м)": 3, "Узунл": 39 }, "geometry": { "type": "MultiLineString", "coordinates": [ [ [ 69.298081762351714, 41.363459531016559 ], [ 69.29844716006761, 41.363239401321742 ] ] ] } },
{ "type": "Feature", "properties": { "Туман": "Юнусобод", "Кўча": "Янгишаҳар кўча", "Тури": "Наземные", "Эни(м)": 3, "Узунл": 35 }, "geometry": { "type": "MultiLineString", "coordinates": [ [ [ 69.298433288270786, 41.363133972821416 ], [ 69.298123123063789, 41.362920179439087 ] ] ] } },
{ "type": "Feature", "properties": { "Туман": "Юнусобод", "Кўча": "Ўлкаобод кўча", "Тури": "Наземные", "Эни(м)": 3, "Узунл": 29 }, "geometry": { "type": "MultiLineString", "coordinates": [ [ [ 69.297513017752436, 41.363132687252971 ], [ 69.297795930186027, 41.362976051511545 ] ] ] } },
{ "type": "Feature", "properties": { "Туман": "Юнусобод", "Кўча": "Аҳмад Дониш кўча", "Тури": "Подземные", "Эни(м)": 4, "Узунл": 70 }, "geometry": { "type": "MultiLineString", "coordinates": [ [ [ 69.291213141030781, 41.366309066536147 ], [ 69.291839429463707, 41.365892958958909 ] ] ] } },
{ "type": "Feature", "properties": { "Туман": "Юнусобод", "Кўча": "Янгишаҳар кўча", "Тури": "Наземные", "Эни(м)": 3, "Узунл": 15 }, "geometry": { "type": "MultiLineString", "coordinates": [ [ [ 69.291354127722883, 41.366531560595114 ], [ 69.291525873722762, 41.36655405270249 ] ] ] } },
{ "type": "Feature", "properties": { "Туман": "Юнусобод", "Кўча": "Янгишаҳар кўча", "Тури": "Наземные", "Эни(м)": 3, "Узунл": 24 }, "geometry": { "type": "MultiLineString", "coordinates": [ [ [ 69.291284859969039, 41.366831621720742 ], [ 69.291223064893501, 41.366623600525905 ] ] ] } },
{ "type": "Feature", "properties": { "Туман": "Юнусобод", "Кўча": "Аҳмад Дониш кўча", "Тури": "Подземные", "Эни(м)": 4, "Узунл": 67 }, "geometry": { "type": "MultiLineString", "coordinates": [ [ [ 69.293105503177429, 41.367259861673006 ], [ 69.292390870676215, 41.367522130806471 ] ] ] } },
{ "type": "Feature", "properties": { "Туман": "Юнусобод", "Кўча": "Рихсилий кўча", "Тури": "Наземные", "Эни(м)": 3, "Узунл": 27 }, "geometry": { "type": "MultiLineString", "coordinates": [ [ [ 69.284406290418261, 41.367546267398907 ], [ 69.284242247440019, 41.367335743865276 ] ] ] } },
{ "type": "Feature", "properties": { "Туман": "Юнусобод", "Кўча": "Амир Темур шоҳ кўча", "Тури": "Наземные", "Эни(м)": 3, "Узунл": 27 }, "geometry": { "type": "MultiLineString", "coordinates": [ [ [ 69.285926435169529, 41.367746092701623 ], [ 69.285613811760854, 41.367800976835561 ] ] ] } },
{ "type": "Feature", "properties": { "Туман": "Юнусобод", "Кўча": "Амир Темур шоҳ кўча", "Тури": "Наземные", "Эни(м)": 3, "Узунл": 39 }, "geometry": { "type": "MultiLineString", "coordinates": [ [ [ 69.286132601747369, 41.366455246073201 ], [ 69.285913028677257, 41.366352161532262 ], [ 69.285731357906741, 41.366286582833162 ] ] ] } },
{ "type": "Feature", "properties": { "Туман": "Юнусобод", "Кўча": "Янгишаҳар кўча", "Тури": "Наземные", "Эни(м)": 3, "Узунл": 24 }, "geometry": { "type": "MultiLineString", "coordinates": [ [ [ 69.286106539432296, 41.36717522018413 ], [ 69.286070943017037, 41.367386237502373 ] ] ] } },
{ "type": "Feature", "properties": { "Туман": "Юнусобод", "Кўча": "Учқаҳрамон кўча", "Тури": "Наземные", "Эни(м)": 3, "Узунл": 29 }, "geometry": { "type": "MultiLineString", "coordinates": [ [ [ 69.275160639028414, 41.372222934129432 ], [ 69.275389903416453, 41.372025213260045 ] ] ] } },
{ "type": "Feature", "properties": { "Туман": "Юнусобод", "Кўча": "Рихсилий кўча", "Тури": "Наземные", "Эни(м)": 3, "Узунл": 27 }, "geometry": { "type": "MultiLineString", "coordinates": [ [ [ 69.275084075602024, 41.372255215012906 ], [ 69.274832646221824, 41.372104497358315 ] ] ] } },
{ "type": "Feature", "properties": { "Туман": "Юнусобод", "Кўча": "Бинкат кўча", "Тури": "Наземные", "Эни(м)": 3, "Узунл": 12 }, "geometry": { "type": "MultiLineString", "coordinates": [ [ [ 69.274914524594735, 41.371888787700961 ], [ 69.275016445182658, 41.371806923945655 ] ] ] } },
{ "type": "Feature", "properties": { "Туман": "Юнусобод", "Кўча": "Рихсилий кўча", "Тури": "Наземные", "Эни(м)": 3, "Узунл": 33 }, "geometry": { "type": "MultiLineString", "coordinates": [ [ [ 69.275082082150419, 41.371782005873818 ], [ 69.275382393829631, 41.371976625926521 ] ] ] } },
{ "type": "Feature", "properties": { "Туман": "Юнусобод", "Кўча": "Юқори Қорақамиш кўча", "Тури": "Наземные", "Эни(м)": 3, "Узунл": 42 }, "geometry": { "type": "MultiLineString", "coordinates": [ [ [ 69.271419298443988, 41.375710307068402 ], [ 69.271431183736951, 41.375640580904992 ], [ 69.271626564555675, 41.375486967423548 ], [ 69.271650849691142, 41.375471319727005 ], [ 69.271747020715466, 41.375468341423904 ] ] ] } },
{ "type": "Feature", "properties": { "Туман": "Юнусобод", "Кўча": "Юқори Қорақамиш кўча", "Тури": "Наземные", "Эни(м)": 3, "Узунл": 43 }, "geometry": { "type": "MultiLineString", "coordinates": [ [ [ 69.271044751824064, 41.375525022481966 ], [ 69.271183535481811, 41.375521944275107 ], [ 69.271344841838442, 41.375372079884059 ], [ 69.271343262276346, 41.375284960940327 ] ] ] } },
{ "type": "Feature", "properties": { "Туман": "Юнусобод", "Кўча": "Рихсилий кўча", "Тури": "Наземные", "Эни(м)": 3, "Узунл": 17 }, "geometry": { "type": "MultiLineString", "coordinates": [ [ [ 69.271358133564519, 41.375640753184349 ], [ 69.271203106914882, 41.375543908089178 ] ] ] } },
{ "type": "Feature", "properties": { "Туман": "Юнусобод", "Кўча": "Рихсилий кўча", "Тури": "Наземные", "Эни(м)": 3, "Узунл": 17 }, "geometry": { "type": "MultiLineString", "coordinates": [ [ [ 69.271576547879249, 41.375463241373239 ], [ 69.271413044592038, 41.375377421530459 ] ] ] } },
{ "type": "Feature", "properties": { "Туман": "Юнусобод", "Кўча": "Юқори Қорақамиш кўча", "Тури": "Наземные", "Эни(м)": 3, "Узунл": 26 }, "geometry": { "type": "MultiLineString", "coordinates": [ [ [ 69.264662279146336, 41.371553326908654 ], [ 69.264531291092524, 41.371675599906844 ], [ 69.264504819673448, 41.371752695587645 ] ] ] } },
{ "type": "Feature", "properties": { "Туман": "Юнусобод", "Кўча": "Мойқўрғон кўча", "Тури": "Наземные", "Эни(м)": 3, "Узунл": 17 }, "geometry": { "type": "MultiLineString", "coordinates": [ [ [ 69.264785828290641, 41.371398055944894 ], [ 69.264619912955482, 41.371313149007769 ] ] ] } },
{ "type": "Feature", "properties": { "Туман": "Юнусобод", "Кўча": "Юқори Қорақамиш кўча", "Тури": "Наземные", "Эни(м)": 3, "Узунл": 26 }, "geometry": { "type": "MultiLineString", "coordinates": [ [ [ 69.264376703128988, 41.371381572025946 ], [ 69.264180196458454, 41.371559020011979 ] ] ] } },
{ "type": "Feature", "properties": { "Туман": "Юнусобод", "Кўча": "Мойқўрғон кўча", "Тури": "Наземные", "Эни(м)": 3, "Узунл": 19 }, "geometry": { "type": "MultiLineString", "coordinates": [ [ [ 69.270567629925438, 41.367038557179939 ], [ 69.270685106750562, 41.367185931128418 ] ] ] } },
{ "type": "Feature", "properties": { "Туман": "Юнусобод", "Кўча": "Мойқўрғон кўча", "Тури": "Наземные", "Эни(м)": 3, "Узунл": 15 }, "geometry": { "type": "MultiLineString", "coordinates": [ [ [ 69.270263635816974, 41.367121808881784 ], [ 69.270141108896055, 41.367224809753019 ] ] ] } },
{ "type": "Feature", "properties": { "Туман": "Юнусобод", "Кўча": "Мойқўрғон кўча", "Тури": "Наземные", "Эни(м)": 3, "Узунл": 15 }, "geometry": { "type": "MultiLineString", "coordinates": [ [ [ 69.270051734385433, 41.367396513851162 ], [ 69.270171432954285, 41.367492526510937 ] ] ] } },
{ "type": "Feature", "properties": { "Туман": "Юнусобод", "Кўча": "Бинкат кўча", "Тури": "Наземные", "Эни(м)": 3, "Узунл": 15 }, "geometry": { "type": "MultiLineString", "coordinates": [ [ [ 69.270606906450155, 41.367409883047827 ], [ 69.270442803507706, 41.367468044974331 ] ] ] } },
{ "type": "Feature", "properties": { "Туман": "Юнусобод", "Кўча": "Амир Темур шоҳ кўча", "Тури": "Подземные", "Эни(м)": 4, "Узунл": 66 }, "geometry": { "type": "MultiLineString", "coordinates": [ [ [ 69.287497364464997, 41.363717105619784 ], [ 69.288208223655118, 41.363984032712217 ] ] ] } },
{ "type": "Feature", "properties": { "Туман": "Юнусобод", "Кўча": "Амир Темур шоҳ кўча", "Тури": "Подземные", "Эни(м)": 4, "Узунл": 52 }, "geometry": { "type": "MultiLineString", "coordinates": [ [ [ 69.287115247941045, 41.364296738551701 ], [ 69.287670076041039, 41.364513618582997 ] ] ] } },
{ "type": "Feature", "properties": { "Туман": "Юнусобод", "Кўча": "Аҳмад Дониш кўча", "Тури": "Подземные", "Эни(м)": 4, "Узунл": 71 }, "geometry": { "type": "MultiLineString", "coordinates": [ [ [ 69.287411517448163, 41.364402380567448 ], [ 69.287850993683392, 41.363856535255643 ] ] ] } },
{ "type": "Feature", "properties": { "Туман": "Юнусобод", "Кўча": "Аҳмад Дониш кўча", "Тури": "Наземные", "Эни(м)": 3, "Узунл": 77 }, "geometry": { "type": "MultiLineString", "coordinates": [ [ [ 69.295068641292019, 41.375779572152318 ], [ 69.295528600042289, 41.375721532868639 ], [ 69.295735367659418, 41.375675147663536 ], [ 69.295966792607231, 41.375696562623872 ] ] ] } },
{ "type": "Feature", "properties": { "Туман": "Юнусобод", "Кўча": "Аҳмад Дониш кўча", "Тури": "Наземные", "Эни(м)": 3, "Узунл": 54 }, "geometry": { "type": "MultiLineString", "coordinates": [ [ [ 69.294992140970024, 41.375555083577318 ], [ 69.295623603440276, 41.375460838009715 ] ] ] } },
{ "type": "Feature", "properties": { "Туман": "Юнусобод", "Кўча": "Юнусота кўча", "Тури": "Наземные", "Эни(м)": 3, "Узунл": 16 }, "geometry": { "type": "MultiLineString", "coordinates": [ [ [ 69.295691932785772, 41.375493677353091 ], [ 69.295732758197374, 41.375636636991977 ] ] ] } },
{ "type": "Feature", "properties": { "Туман": "Юнусобод", "Кўча": "Юнусота кўча", "Тури": "Наземные", "Эни(м)": 3, "Узунл": 25 }, "geometry": { "type": "MultiLineString", "coordinates": [ [ [ 69.30889134453534, 41.373255259914487 ], [ 69.309113637554432, 41.373405981329761 ] ] ] } },
{ "type": "Feature", "properties": { "Туман": "Юнусобод", "Кўча": "Юнусота кўча", "Тури": "Наземные", "Эни(м)": 3, "Узунл": 25 }, "geometry": { "type": "MultiLineString", "coordinates": [ [ [ 69.308633933418776, 41.373401766389691 ], [ 69.308793109257707, 41.37359300922725 ] ] ] } },
{ "type": "Feature", "properties": { "Туман": "Юнусобод", "Кўча": "Юнусота кўча", "Тури": "Наземные", "Эни(м)": 3, "Узунл": 18 }, "geometry": { "type": "MultiLineString", "coordinates": [ [ [ 69.311460271508565, 41.369695564296336 ], [ 69.311665090252205, 41.369757371299187 ] ] ] } },
{ "type": "Feature", "properties": { "Туман": "Юнусобод", "Кўча": "Янги Юнусобод кўча", "Тури": "Наземные", "Эни(м)": 3, "Узунл": 50 }, "geometry": { "type": "MultiLineString", "coordinates": [ [ [ 69.311776476950229, 41.369756152500997 ], [ 69.311690151771899, 41.369779313371978 ], [ 69.311645055480099, 41.369895904813951 ], [ 69.311592481826651, 41.369976291776773 ], [ 69.311526564828313, 41.370066802728964 ], [ 69.311551223355082, 41.370131848734793 ] ] ] } },
{ "type": "Feature", "properties": { "Туман": "Юнусобод", "Кўча": "Юнусота кўча", "Тури": "Наземные", "Эни(м)": 3, "Узунл": 18 }, "geometry": { "type": "MultiLineString", "coordinates": [ [ [ 69.311476045139059, 41.370067398017795 ], [ 69.311276066758879, 41.369999616562481 ] ] ] } },
{ "type": "Feature", "properties": { "Туман": "Юнусобод", "Кўча": "Янги Юнусобод кўча", "Тури": "Наземные", "Эни(м)": 3, "Узунл": 49 }, "geometry": { "type": "MultiLineString", "coordinates": [ [ [ 69.311364954540153, 41.369620163030021 ], [ 69.311388417211219, 41.369689797717591 ], [ 69.311273521603582, 41.369848763595478 ], [ 69.311231358735981, 41.369942419911084 ], [ 69.31122785952914, 41.369974527215099 ], [ 69.311152464188609, 41.369992155635558 ] ] ] } },
{ "type": "Feature", "properties": { "Туман": "Юнусобод", "Кўча": "Юқори Қорақамиш кўча", "Тури": "Наземные", "Эни(м)": 3, "Узунл": 18 }, "geometry": { "type": "MultiLineString", "coordinates": [ [ [ 69.280123262323613, 41.380804463482917 ], [ 69.280260335155404, 41.380683992278833 ] ] ] } },
{ "type": "Feature", "properties": { "Туман": "Юнусобод", "Кўча": "Юқори Қорақамиш кўча", "Тури": "Наземные", "Эни(м)": 3, "Узунл": 17 }, "geometry": { "type": "MultiLineString", "coordinates": [ [ [ 69.279824097697741, 41.380606185031738 ], [ 69.279950235934919, 41.380491243260479 ] ] ] } },
{ "type": "Feature", "properties": { "Туман": "Юнусобод", "Кўча": "Учқаҳрамон кўча", "Тури": "Наземные", "Эни(м)": 3, "Узунл": 20 }, "geometry": { "type": "MultiLineString", "coordinates": [ [ [ 69.280020824826806, 41.380483734873891 ], [ 69.280211261284109, 41.380597906286503 ] ] ] } },
{ "type": "Feature", "properties": { "Туман": "Юнусобод", "Кўча": "Янгишаҳар кўча", "Тури": "Наземные", "Эни(м)": 3, "Узунл": 46 }, "geometry": { "type": "MultiLineString", "coordinates": [ [ [ 69.309695978151481, 41.35628662173 ], [ 69.30956760075091, 41.356164995032039 ], [ 69.30939687603464, 41.356096672878174 ], [ 69.309250932749578, 41.35612090930487 ] ] ] } },
{ "type": "Feature", "properties": { "Туман": "Юнусобод", "Кўча": "Чинобод кўча", "Тури": "Наземные", "Эни(м)": 3, "Узунл": 18 }, "geometry": { "type": "MultiLineString", "coordinates": [ [ [ 69.309396776151488, 41.356075580228726 ], [ 69.309553269404276, 41.355966026484552 ] ] ] } },
{ "type": "Feature", "properties": { "Туман": "Юнусобод", "Кўча": "Янгишаҳар кўча", "Тури": "Наземные", "Эни(м)": 3, "Узунл": 32 }, "geometry": { "type": "MultiLineString", "coordinates": [ [ [ 69.309702620191217, 41.355890423833316 ], [ 69.309954393230797, 41.356109846043204 ] ] ] } },
{ "type": "Feature", "properties": { "Туман": "Юнусобод", "Кўча": "Юнусота кўча", "Тури": "Наземные", "Эни(м)": 3, "Узунл": 35 }, "geometry": { "type": "MultiLineString", "coordinates": [ [ [ 69.305575280822268, 41.374306334193314 ], [ 69.305565429577456, 41.373993612733088 ] ] ] } },
{ "type": "Feature", "properties": { "Туман": "Юнусобод", "Кўча": "Юнусота кўча", "Тури": "Наземные", "Эни(м)": 3, "Узунл": 24 }, "geometry": { "type": "MultiLineString", "coordinates": [ [ [ 69.305913016002165, 41.374184339320912 ], [ 69.305867290389145, 41.373972803383857 ] ] ] } },
{ "type": "Feature", "properties": { "Туман": "Юнусобод", "Кўча": "Боғишамол кўча", "Тури": "Наземные", "Эни(м)": 3, "Узунл": 31 }, "geometry": { "type": "MultiLineString", "coordinates": [ [ [ 69.285868851082853, 41.339775568225235 ], [ 69.285824840168431, 41.339501924195467 ] ] ] } },
{ "type": "Feature", "properties": { "Туман": "Юнусобод", "Кўча": "Чинобод кўча", "Тури": "Наземные", "Эни(м)": 3, "Узунл": 20 }, "geometry": { "type": "MultiLineString", "coordinates": [ [ [ 69.288093399642491, 41.351296173888635 ], [ 69.288074366222205, 41.351112788320556 ] ] ] } },
{ "type": "Feature", "properties": { "Туман": "Юнусобод", "Кўча": "Янгишаҳар кўча", "Тури": "Наземные", "Эни(м)": 3, "Узунл": 48 }, "geometry": { "type": "MultiLineString", "coordinates": [ [ [ 69.292686676753902, 41.36670425896552 ], [ 69.292546630008545, 41.36668939218707 ], [ 69.29247925357312, 41.366598404818667 ], [ 69.292337189249892, 41.366408012748749 ] ] ] } },
{ "type": "Feature", "properties": { "Туман": "Юнусобод", "Кўча": "Янгишаҳар кўча", "Тури": "Наземные", "Эни(м)": 3, "Узунл": 17 }, "geometry": { "type": "MultiLineString", "coordinates": [ [ [ 69.291762427221414, 41.366600153531493 ], [ 69.291865490576683, 41.366728575456087 ] ] ] } },
{ "type": "Feature", "properties": { "Туман": "Олмазор", "Кўча": "Абдулла Қодирий кўча", "Тури": "Надземные", "Эни(м)": 4, "Узунл": 143 }, "geometry": { "type": "MultiLineString", "coordinates": [ [ [ 69.246679718608902, 41.328851420675015 ], [ 69.246907355712494, 41.328733450313138 ], [ 69.247598077220957, 41.329439725567561 ], [ 69.247382782579706, 41.32955480533419 ] ] ] } },
{ "type": "Feature", "properties": { "Туман": "Олмазор", "Кўча": "Абдулла Қодирий кўча", "Тури": "Наземные", "Эни(м)": 3, "Узунл": 34 }, "geometry": { "type": "MultiLineString", "coordinates": [ [ [ 69.243082024523005, 41.330979486318782 ], [ 69.242987794559966, 41.330685263341316 ] ] ] } },
{ "type": "Feature", "properties": { "Туман": "Олмазор", "Кўча": "Зарқайнар кўча", "Тури": "Наземные", "Эни(м)": 3, "Узунл": 34 }, "geometry": { "type": "MultiLineString", "coordinates": [ [ [ 69.242645904319616, 41.331006911683708 ], [ 69.242661889185001, 41.330704576133009 ] ] ] } },
{ "type": "Feature", "properties": { "Туман": "Олмазор", "Кўча": "Қорасарой кўча", "Тури": "Наземные", "Эни(м)": 3, "Узунл": 17 }, "geometry": { "type": "MultiLineString", "coordinates": [ [ [ 69.242725196958574, 41.331117779532846 ], [ 69.24292377090292, 41.331103033502309 ] ] ] } },
{ "type": "Feature", "properties": { "Туман": "Олмазор", "Кўча": "Сағбон кўча", "Тури": "Наземные", "Эни(м)": 3, "Узунл": 38 }, "geometry": { "type": "MultiLineString", "coordinates": [ [ [ 69.236053117156629, 41.329417418374547 ], [ 69.236080396598879, 41.329076377282128 ] ] ] } },
{ "type": "Feature", "properties": { "Туман": "Олмазор", "Кўча": "Чақичмон кўча", "Тури": "Наземные", "Эни(м)": 3, "Узунл": 32 }, "geometry": { "type": "MultiLineString", "coordinates": [ [ [ 69.235577973785055, 41.329162652981225 ], [ 69.23588717526863, 41.328992959853245 ] ] ] } },
{ "type": "Feature", "properties": { "Туман": "Олмазор", "Кўча": "Сағбон кўча", "Тури": "Наземные", "Эни(м)": 3, "Узунл": 24 }, "geometry": { "type": "MultiLineString", "coordinates": [ [ [ 69.234743381779964, 41.32990506952185 ], [ 69.235034238450552, 41.329918086711693 ] ] ] } },
{ "type": "Feature", "properties": { "Туман": "Олмазор", "Кўча": "Форобий кўча", "Тури": "Наземные", "Эни(м)": 3, "Узунл": 28 }, "geometry": { "type": "MultiLineString", "coordinates": [ [ [ 69.234653830196208, 41.329844361926241 ], [ 69.234579782072501, 41.329601668418924 ] ] ] } },
{ "type": "Feature", "properties": { "Туман": "Олмазор", "Кўча": "Нурафшон шоҳ кўча", "Тури": "Наземные", "Эни(м)": 3, "Узунл": 35 }, "geometry": { "type": "MultiLineString", "coordinates": [ [ [ 69.224182858791579, 41.338182828565266 ], [ 69.224472941116062, 41.337960193342496 ] ] ] } },
{ "type": "Feature", "properties": { "Туман": "Олмазор", "Кўча": "Нурафшон шоҳ кўча", "Тури": "Наземные", "Эни(м)": 3, "Узунл": 35 }, "geometry": { "type": "MultiLineString", "coordinates": [ [ [ 69.223738989547641, 41.337906463147561 ], [ 69.224027149142998, 41.337677385585764 ] ] ] } },
{ "type": "Feature", "properties": { "Туман": "Олмазор", "Кўча": "Форобий кўча", "Тури": "Наземные", "Эни(м)": 3, "Узунл": 26 }, "geometry": { "type": "MultiLineString", "coordinates": [ [ [ 69.223772648267826, 41.338021014406344 ], [ 69.224011751528366, 41.338176714529766 ] ] ] } },
{ "type": "Feature", "properties": { "Туман": "Олмазор", "Кўча": "Форобий кўча", "Тури": "Наземные", "Эни(м)": 3, "Узунл": 25 }, "geometry": { "type": "MultiLineString", "coordinates": [ [ [ 69.224226764164214, 41.337682011356712 ], [ 69.224462018657277, 41.337824107319314 ] ] ] } },
{ "type": "Feature", "properties": { "Туман": "Олмазор", "Кўча": "Форобий кўча", "Тури": "Наземные", "Эни(м)": 3, "Узунл": 21 }, "geometry": { "type": "MultiLineString", "coordinates": [ [ [ 69.210412139119995, 41.342559245730911 ], [ 69.210580829673674, 41.342697193501728 ] ] ] } },
{ "type": "Feature", "properties": { "Туман": "Олмазор", "Кўча": "Кичик ҳалқа йўли кўча", "Тури": "Наземные", "Эни(м)": 3, "Узунл": 32 }, "geometry": { "type": "MultiLineString", "coordinates": [ [ [ 69.210438332151938, 41.342428105087336 ], [ 69.210732420898253, 41.342248478531495 ] ] ] } },
{ "type": "Feature", "properties": { "Туман": "Олмазор", "Кўча": "Форобий кўча", "Тури": "Наземные", "Эни(м)": 3, "Узунл": 21 }, "geometry": { "type": "MultiLineString", "coordinates": [ [ [ 69.211063902629277, 41.342463493639791 ], [ 69.210925559416324, 41.342304000343887 ] ] ] } },
{ "type": "Feature", "properties": { "Туман": "Олмазор", "Кўча": "Кичик ҳалқа йўли кўча", "Тури": "Наземные", "Эни(м)": 3, "Узунл": 28 }, "geometry": { "type": "MultiLineString", "coordinates": [ [ [ 69.210757521497229, 41.342663201453412 ], [ 69.211030791119285, 41.342512266417991 ] ] ] } },
{ "type": "Feature", "properties": { "Туман": "Олмазор", "Кўча": "Талабалар кўча", "Тури": "Наземные", "Эни(м)": 3, "Узунл": 22 }, "geometry": { "type": "MultiLineString", "coordinates": [ [ [ 69.215893363020413, 41.347857990233578 ], [ 69.215757824760729, 41.347691334115311 ] ] ] } },
{ "type": "Feature", "properties": { "Туман": "Олмазор", "Кўча": "Кичик ҳалқа йўли кўча", "Тури": "Наземные", "Эни(м)": 3, "Узунл": 29 }, "geometry": { "type": "MultiLineString", "coordinates": [ [ [ 69.216072012212308, 41.347837597088876 ], [ 69.216331918503968, 41.347667333149282 ] ] ] } },
{ "type": "Feature", "properties": { "Туман": "Олмазор", "Кўча": "Чимбой кўча", "Тури": "Наземные", "Эни(м)": 3, "Узунл": 19 }, "geometry": { "type": "MultiLineString", "coordinates": [ [ [ 69.216264693014395, 41.347461149772627 ], [ 69.216097938589044, 41.347341115655574 ] ] ] } },
{ "type": "Feature", "properties": { "Туман": "Олмазор", "Кўча": "Талабалар кўча", "Тури": "Наземные", "Эни(м)": 3, "Узунл": 30 }, "geometry": { "type": "MultiLineString", "coordinates": [ [ [ 69.215675391312089, 41.347485178903092 ], [ 69.215961937895727, 41.34732202939545 ] ] ] } },
{ "type": "Feature", "properties": { "Туман": "Олмазор", "Кўча": "Сағбон кўча", "Тури": "Наземные", "Эни(м)": 3, "Узунл": 8 }, "geometry": { "type": "MultiLineString", "coordinates": [ [ [ 69.22714905949654, 41.349327056494808 ], [ 69.227241343330263, 41.349347648555408 ] ] ] } },
{ "type": "Feature", "properties": { "Туман": "Олмазор", "Кўча": "Сағбон кўча", "Тури": "Наземные", "Эни(м)": 3, "Узунл": 16 }, "geometry": { "type": "MultiLineString", "coordinates": [ [ [ 69.227914325671222, 41.349326976285496 ], [ 69.228105373298007, 41.349318001559908 ] ] ] } },
{ "type": "Feature", "properties": { "Туман": "Олмазор", "Кўча": "Сағбон кўча", "Тури": "Наземные", "Эни(м)": 3, "Узунл": 12 }, "geometry": { "type": "MultiLineString", "coordinates": [ [ [ 69.228000319240451, 41.349724381801593 ], [ 69.227862498808193, 41.349731101924405 ] ] ] } },
{ "type": "Feature", "properties": { "Туман": "Олмазор", "Кўча": "Сағбон кўча", "Тури": "Наземные", "Эни(м)": 3, "Узунл": 17 }, "geometry": { "type": "MultiLineString", "coordinates": [ [ [ 69.227085899862971, 41.349754127444328 ], [ 69.22688534688686, 41.349763835569497 ] ] ] } },
{ "type": "Feature", "properties": { "Туман": "Олмазор", "Кўча": "Кичик ҳалқа йўли кўча", "Тури": "Наземные", "Эни(м)": 3, "Узунл": 31 }, "geometry": { "type": "MultiLineString", "coordinates": [ [ [ 69.228149114684157, 41.349593710714821 ], [ 69.228152882532413, 41.34931146021249 ] ] ] } },
{ "type": "Feature", "properties": { "Туман": "Олмазор", "Кўча": "Кичик ҳалқа йўли кўча", "Тури": "Наземные", "Эни(м)": 3, "Узунл": 31 }, "geometry": { "type": "MultiLineString", "coordinates": [ [ [ 69.226850028930755, 41.349722356723547 ], [ 69.226978422882226, 41.349464932900993 ] ] ] } },
{ "type": "Feature", "properties": { "Туман": "Олмазор", "Кўча": "Кичик ҳалқа йўли кўча", "Тури": "Наземные", "Эни(м)": 3, "Узунл": 27 }, "geometry": { "type": "MultiLineString", "coordinates": [ [ [ 69.241353408931346, 41.348518037208898 ], [ 69.241333497097969, 41.348274518970719 ] ] ] } },
{ "type": "Feature", "properties": { "Туман": "Олмазор", "Кўча": "Қорасарой кўча", "Тури": "Наземные", "Эни(м)": 3, "Узунл": 20 }, "geometry": { "type": "MultiLineString", "coordinates": [ [ [ 69.241388439839824, 41.3482221099841 ], [ 69.241627013173343, 41.348213013125275 ] ] ] } },
{ "type": "Feature", "properties": { "Туман": "Олмазор", "Кўча": "Кичик ҳалқа йўли кўча", "Тури": "Наземные", "Эни(м)": 3, "Узунл": 25 }, "geometry": { "type": "MultiLineString", "coordinates": [ [ [ 69.241783873863952, 41.348472003456962 ], [ 69.241764045240402, 41.348251408411485 ] ] ] } },
{ "type": "Feature", "properties": { "Туман": "Олмазор", "Кўча": "Қорасарой кўча", "Тури": "Наземные", "Эни(м)": 3, "Узунл": 17 }, "geometry": { "type": "MultiLineString", "coordinates": [ [ [ 69.241451035622504, 41.348568693493753 ], [ 69.241652056634379, 41.348558600828902 ] ] ] } },
{ "type": "Feature", "properties": { "Туман": "Олмазор", "Кўча": "Шимолий Олмазор кўча", "Тури": "Наземные", "Эни(м)": 3, "Узунл": 31 }, "geometry": { "type": "MultiLineString", "coordinates": [ [ [ 69.251992643650212, 41.348339785691032 ], [ 69.252363531639759, 41.348376939731921 ] ] ] } },
{ "type": "Feature", "properties": { "Туман": "Олмазор", "Кўча": "Кичик ҳалқа йўли кўча", "Тури": "Наземные", "Эни(м)": 3, "Узунл": 42 }, "geometry": { "type": "MultiLineString", "coordinates": [ [ [ 69.251948727389674, 41.348291169843421 ], [ 69.251892139264314, 41.347914492091384 ] ] ] } },
{ "type": "Feature", "properties": { "Туман": "Олмазор", "Кўча": "Шимолий Олмазор кўча", "Тури": "Наземные", "Эни(м)": 3, "Узунл": 30 }, "geometry": { "type": "MultiLineString", "coordinates": [ [ [ 69.251892921459472, 41.347870792851978 ], [ 69.252245836329536, 41.347931626258024 ] ] ] } },
{ "type": "Feature", "properties": { "Туман": "Олмазор", "Кўча": "Кичик ҳалқа йўли кўча", "Тури": "Наземные", "Эни(м)": 3, "Узунл": 34 }, "geometry": { "type": "MultiLineString", "coordinates": [ [ [ 69.252454547599243, 41.348313701071632 ], [ 69.252398241487981, 41.348010807301499 ] ] ] } },
{ "type": "Feature", "properties": { "Туман": "Олмазор", "Кўча": "Талабалар кўча", "Тури": "Наземные", "Эни(м)": 3, "Узунл": 27 }, "geometry": { "type": "MultiLineString", "coordinates": [ [ [ 69.209096814318286, 41.354663712098422 ], [ 69.209398470673676, 41.354750558626002 ] ] ] } },
{ "type": "Feature", "properties": { "Туман": "Олмазор", "Кўча": "Зиё кўча", "Тури": "Наземные", "Эни(м)": 3, "Узунл": 15 }, "geometry": { "type": "MultiLineString", "coordinates": [ [ [ 69.209718558147756, 41.354655417284924 ], [ 69.209727623814103, 41.354517861113656 ] ] ] } },
{ "type": "Feature", "properties": { "Туман": "Олмазор", "Кўча": "Сағбон кўча", "Тури": "Наземные", "Эни(м)": 3, "Узунл": 17 }, "geometry": { "type": "MultiLineString", "coordinates": [ [ [ 69.226120609666623, 41.355824966167546 ], [ 69.226320257927142, 41.355823141026526 ] ] ] } },
{ "type": "Feature", "properties": { "Туман": "Олмазор", "Кўча": "Сағбон кўча", "Тури": "Наземные", "Эни(м)": 3, "Узунл": 20 }, "geometry": { "type": "MultiLineString", "coordinates": [ [ [ 69.227101013563598, 41.355881060238573 ], [ 69.227330254237557, 41.355913559846805 ] ] ] } },
{ "type": "Feature", "properties": { "Туман": "Олмазор", "Кўча": "Сағбон кўча", "Тури": "Наземные", "Эни(м)": 3, "Узунл": 17 }, "geometry": { "type": "MultiLineString", "coordinates": [ [ [ 69.226216281989537, 41.355448693291819 ], [ 69.226412203152222, 41.355469082234066 ] ] ] } },
{ "type": "Feature", "properties": { "Туман": "Олмазор", "Кўча": "Сағбон кўча", "Тури": "Наземные", "Эни(м)": 3, "Узунл": 14 }, "geometry": { "type": "MultiLineString", "coordinates": [ [ [ 69.227205533273107, 41.355590014991122 ], [ 69.22737294583203, 41.355614040335553 ] ] ] } },
{ "type": "Feature", "properties": { "Туман": "Олмазор", "Кўча": "Қорақамиш кўча", "Тури": "Наземные", "Эни(м)": 3, "Узунл": 13 }, "geometry": { "type": "MultiLineString", "coordinates": [ [ [ 69.22600086405177, 41.355563732857647 ], [ 69.225976558930824, 41.355683411387893 ] ] ] } },
{ "type": "Feature", "properties": { "Туман": "Олмазор", "Кўча": "Зиё кўча", "Тури": "Наземные", "Эни(м)": 3, "Узунл": 10 }, "geometry": { "type": "MultiLineString", "coordinates": [ [ [ 69.219055752194933, 41.353858632520016 ], [ 69.219032627996341, 41.353766983425722 ] ] ] } },
{ "type": "Feature", "properties": { "Туман": "Олмазор", "Кўча": "Шифонур кўча", "Тури": "Наземные", "Эни(м)": 3, "Узунл": 11 }, "geometry": { "type": "MultiLineString", "coordinates": [ [ [ 69.21910282367547, 41.353720286904277 ], [ 69.219235897565994, 41.353712869960212 ] ] ] } },
{ "type": "Feature", "properties": { "Туман": "Олмазор", "Кўча": "Зиё кўча", "Тури": "Наземные", "Эни(м)": 3, "Узунл": 10 }, "geometry": { "type": "MultiLineString", "coordinates": [ [ [ 69.219420742177974, 41.353834297601622 ], [ 69.21940238781265, 41.353747653954329 ] ] ] } },
{ "type": "Feature", "properties": { "Туман": "Олмазор", "Кўча": "Шифонур кўча", "Тури": "Наземные", "Эни(м)": 3, "Узунл": 12 }, "geometry": { "type": "MultiLineString", "coordinates": [ [ [ 69.21912451980343, 41.353953060123068 ], [ 69.219265194979599, 41.353944195967578 ] ] ] } },
{ "type": "Feature", "properties": { "Туман": "Олмазор", "Кўча": "Қорасарой кўча", "Тури": "Наземные", "Эни(м)": 3, "Узунл": 14 }, "geometry": { "type": "MultiLineString", "coordinates": [ [ [ 69.242320187457679, 41.357359375477607 ], [ 69.242487540879324, 41.357364753799573 ], [ 69.242487540879324, 41.357364753799573 ] ] ] } },
{ "type": "Feature", "properties": { "Туман": "Олмазор", "Кўча": "Уста Ширин кўча", "Тури": "Наземные", "Эни(м)": 3, "Узунл": 25 }, "geometry": { "type": "MultiLineString", "coordinates": [ [ [ 69.242602086983666, 41.357231270958465 ], [ 69.242576957915631, 41.357121005747864 ], [ 69.242645028623656, 41.357017707586309 ] ] ] } },
{ "type": "Feature", "properties": { "Туман": "Олмазор", "Кўча": "Мухбир кўча", "Тури": "Наземные", "Эни(м)": 3, "Узунл": 21 }, "geometry": { "type": "MultiLineString", "coordinates": [ [ [ 69.205639310754094, 41.358372049719726 ], [ 69.205855464633402, 41.358476250663145 ] ] ] } },
{ "type": "Feature", "properties": { "Туман": "Олмазор", "Кўча": "Қорақамиш кўча", "Тури": "Наземные", "Эни(м)": 3, "Узунл": 16 }, "geometry": { "type": "MultiLineString", "coordinates": [ [ [ 69.205956210066944, 41.358464608784715 ], [ 69.206060406071074, 41.358341209744246 ] ] ] } },
{ "type": "Feature", "properties": { "Туман": "Олмазор", "Кўча": "Қамарнисо кўча", "Тури": "Наземные", "Эни(м)": 3, "Узунл": 29 }, "geometry": { "type": "MultiLineString", "coordinates": [ [ [ 69.206331663846427, 41.357529096979825 ], [ 69.206122215808165, 41.357741512484751 ] ] ] } },
{ "type": "Feature", "properties": { "Туман": "Олмазор", "Кўча": "Талабалар кўча", "Тури": "Наземные", "Эни(м)": 3, "Узунл": 19 }, "geometry": { "type": "MultiLineString", "coordinates": [ [ [ 69.206458073604807, 41.357515975942114 ], [ 69.206645700970327, 41.357619510236908 ] ] ] } },
{ "type": "Feature", "properties": { "Туман": "Олмазор", "Кўча": "Қамарнисо кўча", "Тури": "Наземные", "Эни(м)": 3, "Узунл": 17 }, "geometry": { "type": "MultiLineString", "coordinates": [ [ [ 69.185605900200713, 41.363844644206495 ], [ 69.185733650030897, 41.363962636069459 ] ] ] } },
{ "type": "Feature", "properties": { "Туман": "Олмазор", "Кўча": "Қамарнисо кўча", "Тури": "Наземные", "Эни(м)": 3, "Узунл": 15 }, "geometry": { "type": "MultiLineString", "coordinates": [ [ [ 69.186030470558322, 41.363682779628654 ], [ 69.186110686594489, 41.363803713309196 ] ] ] } },
{ "type": "Feature", "properties": { "Туман": "Олмазор", "Кўча": "Алломалар кўча", "Тури": "Наземные", "Эни(м)": 3, "Узунл": 21 }, "geometry": { "type": "MultiLineString", "coordinates": [ [ [ 69.185610518060827, 41.363796641219551 ], [ 69.185816542342565, 41.363687423348765 ] ] ] } },
{ "type": "Feature", "properties": { "Туман": "Олмазор", "Кўча": "Университет кўча", "Тури": "Наземные", "Эни(м)": 3, "Узунл": 33 }, "geometry": { "type": "MultiLineString", "coordinates": [ [ [ 69.206723400983762, 41.345515874741885 ], [ 69.206804881220265, 41.345430482295583 ], [ 69.207058638326927, 41.345414982627304 ] ] ] } },
{ "type": "Feature", "properties": { "Туман": "Олмазор", "Кўча": "Форобий кўча", "Тури": "Наземные", "Эни(м)": 3, "Узунл": 43 }, "geometry": { "type": "MultiLineString", "coordinates": [ [ [ 69.207210635996987, 41.344785034305886 ], [ 69.207158674757252, 41.344886133698779 ], [ 69.207251745619772, 41.345158896845689 ] ] ] } },
{ "type": "Feature", "properties": { "Туман": "Олмазор", "Кўча": "Беруний кўча", "Тури": "Наземные", "Эни(м)": 3, "Узунл": 38 }, "geometry": { "type": "MultiLineString", "coordinates": [ [ [ 69.207158674757252, 41.344886133698779 ], [ 69.206935483178356, 41.344947425264131 ], [ 69.206851896264837, 41.344967633421795 ], [ 69.206790097693627, 41.344964162705502 ], [ 69.206727280586179, 41.344939203178434 ] ] ] } },
{ "type": "Feature", "properties": { "Туман": "Олмазор", "Кўча": "Университет кўча", "Тури": "Наземные", "Эни(м)": 3, "Узунл": 26 }, "geometry": { "type": "MultiLineString", "coordinates": [ [ [ 69.207063010259333, 41.34559477948978 ], [ 69.206757988995193, 41.345631861877003 ] ] ] } },
{ "type": "Feature", "properties": { "Туман": "Олмазор", "Кўча": "Мирзо Ғолиб кўча", "Тури": "Наземные", "Эни(м)": 3, "Узунл": 18 }, "geometry": { "type": "MultiLineString", "coordinates": [ [ [ 69.197966260232448, 41.348228341175599 ], [ 69.198177187278688, 41.348191444157123 ] ] ] } },
{ "type": "Feature", "properties": { "Туман": "Олмазор", "Кўча": "Форобий кўча", "Тури": "Наземные", "Эни(м)": 3, "Узунл": 18 }, "geometry": { "type": "MultiLineString", "coordinates": [ [ [ 69.197862544964366, 41.348196283632873 ], [ 69.197780351536252, 41.348051005204248 ] ] ] } },
{ "type": "Feature", "properties": { "Туман": "Олмазор", "Кўча": "Мирзо Ғолиб кўча", "Тури": "Наземные", "Эни(м)": 3, "Узунл": 18 }, "geometry": { "type": "MultiLineString", "coordinates": [ [ [ 69.198601294218264, 41.356366446478752 ], [ 69.198389409879738, 41.356409793055199 ] ] ] } },
{ "type": "Feature", "properties": { "Туман": "Олмазор", "Кўча": "Қамарнисо кўча", "Тури": "Наземные", "Эни(м)": 3, "Узунл": 29 }, "geometry": { "type": "MultiLineString", "coordinates": [ [ [ 69.198945334350327, 41.35648011044163 ], [ 69.198975594872408, 41.356738661257154 ] ] ] } },
{ "type": "Feature", "properties": { "Туман": "Олмазор", "Кўча": "Қорақамиш-2 кўча", "Тури": "Наземные", "Эни(м)": 3, "Узунл": 28 }, "geometry": { "type": "MultiLineString", "coordinates": [ [ [ 69.204269922202954, 41.363909378789998 ], [ 69.204280232731293, 41.364165814218985 ] ] ] } },
{ "type": "Feature", "properties": { "Туман": "Олмазор", "Кўча": "Қорақамиш-4 кўча", "Тури": "Наземные", "Эни(м)": 3, "Узунл": 18 }, "geometry": { "type": "MultiLineString", "coordinates": [ [ [ 69.204144442897487, 41.364357410481759 ], [ 69.203929450892304, 41.364364238812655 ] ] ] } },
{ "type": "Feature", "properties": { "Туман": "Олмазор", "Кўча": "Қорақамиш-4 кўча", "Тури": "Наземные", "Эни(м)": 3, "Узунл": 18 }, "geometry": { "type": "MultiLineString", "coordinates": [ [ [ 69.204023965550647, 41.363705654992295 ], [ 69.203814819724542, 41.363718919905459 ] ] ] } },
{ "type": "Feature", "properties": { "Туман": "Олмазор", "Кўча": "Қорақамиш-2 кўча", "Тури": "Наземные", "Эни(м)": 3, "Узунл": 16 }, "geometry": { "type": "MultiLineString", "coordinates": [ [ [ 69.203758524264785, 41.363961146307538 ], [ 69.203781787156856, 41.364102942656267 ] ] ] } },
{ "type": "Feature", "properties": { "Туман": "Олмазор", "Кўча": "Қорақамиш-2 кўча", "Тури": "Наземные", "Эни(м)": 3, "Узунл": 26 }, "geometry": { "type": "MultiLineString", "coordinates": [ [ [ 69.214414410602203, 41.364146662843218 ], [ 69.214413644019558, 41.36391313379869 ] ] ] } },
{ "type": "Feature", "properties": { "Туман": "Олмазор", "Кўча": "Қорақамиш-2 кўча", "Тури": "Наземные", "Эни(м)": 3, "Узунл": 26 }, "geometry": { "type": "MultiLineString", "coordinates": [ [ [ 69.214608902106676, 41.364303897562962 ], [ 69.214918871007512, 41.36430045370625 ] ] ] } },
{ "type": "Feature", "properties": { "Туман": "Олмазор", "Кўча": "Қорақамиш-2 кўча", "Тури": "Наземные", "Эни(м)": 3, "Узунл": 17 }, "geometry": { "type": "MultiLineString", "coordinates": [ [ [ 69.215001707928494, 41.363467898932015 ], [ 69.214998413856989, 41.363622636945294 ] ] ] } },
{ "type": "Feature", "properties": { "Туман": "Олмазор", "Кўча": "Қорақамиш-1 кўча", "Тури": "Наземные", "Эни(м)": 3, "Узунл": 24 }, "geometry": { "type": "MultiLineString", "coordinates": [ [ [ 69.214596150476865, 41.363316789429774 ], [ 69.214885257500157, 41.363332009696705 ] ] ] } },
{ "type": "Feature", "properties": { "Туман": "Олмазор", "Кўча": "Қорақамиш-3 кўча", "Тури": "Наземные", "Эни(м)": 3, "Узунл": 17 }, "geometry": { "type": "MultiLineString", "coordinates": [ [ [ 69.204820589263022, 41.370619174315593 ], [ 69.204783990547213, 41.370471671268703 ] ] ] } },
{ "type": "Feature", "properties": { "Туман": "Олмазор", "Кўча": "Қорақамиш-4 кўча", "Тури": "Наземные", "Эни(м)": 3, "Узунл": 17 }, "geometry": { "type": "MultiLineString", "coordinates": [ [ [ 69.204959503780785, 41.370340266686902 ], [ 69.205162063481964, 41.37034277114855 ] ] ] } },
{ "type": "Feature", "properties": { "Туман": "Олмазор", "Кўча": "Нурафшон шоҳ кўча", "Тури": "Наземные", "Эни(м)": 3, "Узунл": 35 }, "geometry": { "type": "MultiLineString", "coordinates": [ [ [ 69.2307382630717, 41.341130206592823 ], [ 69.23090262043489, 41.340837604580003 ] ] ] } },
{ "type": "Feature", "properties": { "Туман": "Олмазор", "Кўча": "Нурафшон шоҳ кўча", "Тури": "Наземные", "Эни(м)": 3, "Узунл": 37 }, "geometry": { "type": "MultiLineString", "coordinates": [ [ [ 69.231293876144491, 41.34127379486057 ], [ 69.231439150095696, 41.340961172528964 ] ] ] } },
{ "type": "Feature", "properties": { "Туман": "Олмазор", "Кўча": "Сағбон кўча", "Тури": "Наземные", "Эни(м)": 3, "Узунл": 25 }, "geometry": { "type": "MultiLineString", "coordinates": [ [ [ 69.231089638193481, 41.340771324672062 ], [ 69.231375049907641, 41.340843819364366 ] ] ] } },
{ "type": "Feature", "properties": { "Туман": "Олмазор", "Кўча": "Сағбон кўча", "Тури": "Наземные", "Эни(м)": 3, "Узунл": 25 }, "geometry": { "type": "MultiLineString", "coordinates": [ [ [ 69.230840357797135, 41.341240320370169 ], [ 69.231125751025829, 41.341307084879823 ] ] ] } },
{ "type": "Feature", "properties": { "Туман": "Олмазор", "Кўча": "Нурафшон шоҳ кўча", "Тури": "Наземные", "Эни(м)": 3, "Узунл": 33 }, "geometry": { "type": "MultiLineString", "coordinates": [ [ [ 69.241678604761674, 41.341855627110284 ], [ 69.241643278970713, 41.341556265414624 ] ] ] } },
{ "type": "Feature", "properties": { "Туман": "Олмазор", "Кўча": "Нурафшон шоҳ кўча", "Тури": "Наземные", "Эни(м)": 3, "Узунл": 32 }, "geometry": { "type": "MultiLineString", "coordinates": [ [ [ 69.242338980875942, 41.341789766701048 ], [ 69.242285634698774, 41.341501904803067 ] ] ] } },
{ "type": "Feature", "properties": { "Туман": "Олмазор", "Кўча": "Қорасарой кўча", "Тури": "Наземные", "Эни(м)": 3, "Узунл": 22 }, "geometry": { "type": "MultiLineString", "coordinates": [ [ [ 69.241861405833617, 41.341422565443096 ], [ 69.242128443318791, 41.341406244193173 ] ] ] } },
{ "type": "Feature", "properties": { "Туман": "Олмазор", "Кўча": "Қорасарой кўча", "Тури": "Наземные", "Эни(м)": 3, "Узунл": 25 }, "geometry": { "type": "MultiLineString", "coordinates": [ [ [ 69.241805469807446, 41.341975708070926 ], [ 69.242101110270397, 41.341982250106938 ] ] ] } },
{ "type": "Feature", "properties": { "Туман": "Олмазор", "Кўча": "Нурафшон шоҳ кўча", "Тури": "Наземные", "Эни(м)": 3, "Узунл": 37 }, "geometry": { "type": "MultiLineString", "coordinates": [ [ [ 69.218277304745655, 41.332990937696984 ], [ 69.218645422053811, 41.33279968856823 ] ] ] } },
{ "type": "Feature", "properties": { "Туман": "Олмазор", "Кўча": "Беруний кўча", "Тури": "Подземные", "Эни(м)": 4, "Узунл": 41 }, "geometry": { "type": "MultiLineString", "coordinates": [ [ [ 69.21869929138326, 41.332821233749641 ], [ 69.21840979141102, 41.332523161502721 ] ] ] } },
{ "type": "Feature", "properties": { "Туман": "Олмазор", "Кўча": "Нурафшон шоҳ кўча", "Тури": "Наземные", "Эни(м)": 3, "Узунл": 28 }, "geometry": { "type": "MultiLineString", "coordinates": [ [ [ 69.217989166901603, 41.33265622962417 ], [ 69.218250954211001, 41.332499568121094 ] ] ] } },
{ "type": "Feature", "properties": { "Туман": "Олмазор", "Кўча": "Беруний кўча", "Тури": "Наземные", "Эни(м)": 3, "Узунл": 26 }, "geometry": { "type": "MultiLineString", "coordinates": [ [ [ 69.217983913486336, 41.332790914318544 ], [ 69.218174623510421, 41.332979670699416 ] ] ] } },
{ "type": "Feature", "properties": { "Туман": "Олмазор", "Кўча": "Соғлом авлод кўча", "Тури": "Наземные", "Эни(м)": 3, "Узунл": 33 }, "geometry": { "type": "MultiLineString", "coordinates": [ [ [ 69.179183255423112, 41.355139327943995 ], [ 69.178986688388036, 41.354877448814122 ] ] ] } },
{ "type": "Feature", "properties": { "Туман": "Олмазор", "Кўча": "Шифокорлар кўча", "Тури": "Наземные", "Эни(м)": 3, "Узунл": 22 }, "geometry": { "type": "MultiLineString", "coordinates": [ [ [ 69.179457228749087, 41.355199074667155 ], [ 69.179669889378786, 41.355089140943662 ] ] ] } },
{ "type": "Feature", "properties": { "Туман": "Олмазор", "Кўча": "Шифокорлар кўча", "Тури": "Наземные", "Эни(м)": 3, "Узунл": 21 }, "geometry": { "type": "MultiLineString", "coordinates": [ [ [ 69.179014326362775, 41.3547284045098 ], [ 69.179226998001099, 41.354622769694018 ] ] ] } },
{ "type": "Feature", "properties": { "Туман": "Олмазор", "Кўча": "Кошона кўча", "Тури": "Наземные", "Эни(м)": 3, "Узунл": 17 }, "geometry": { "type": "MultiLineString", "coordinates": [ [ [ 69.204926855681094, 41.370610324920357 ], [ 69.205127617850763, 41.370590671277981 ] ] ] } },
{ "type": "Feature", "properties": { "Туман": "Шайхонтоҳур", "Кўча": "Кўкча Дарвоза кўча", "Тури": "Наземные", "Эни(м)": 3, "Узунл": 34 }, "geometry": { "type": "MultiLineString", "coordinates": [ [ [ 69.225683530557603, 41.320322732907556 ], [ 69.225429573017152, 41.320087657388243 ] ] ] } },
{ "type": "Feature", "properties": { "Туман": "Шайхонтоҳур", "Кўча": "Лайлитўғон кўча", "Тури": "Наземные", "Эни(м)": 3, "Узунл": 31 }, "geometry": { "type": "MultiLineString", "coordinates": [ [ [ 69.225343558849929, 41.320609068704258 ], [ 69.225630090870595, 41.320425416364927 ] ] ] } },
{ "type": "Feature", "properties": { "Туман": "Шайхонтоҳур", "Кўча": "Кўкча Дарвоза кўча", "Тури": "Наземные", "Эни(м)": 3, "Узунл": 35 }, "geometry": { "type": "MultiLineString", "coordinates": [ [ [ 69.225170388422939, 41.32063177213287 ], [ 69.224916386407457, 41.32038357505013 ] ] ] } },
{ "type": "Feature", "properties": { "Туман": "Шайхонтоҳур", "Кўча": "Қоратош кўча", "Тури": "Наземные", "Эни(м)": 3, "Узунл": 29 }, "geometry": { "type": "MultiLineString", "coordinates": [ [ [ 69.230935636581577, 41.317249639404601 ], [ 69.230706318524497, 41.317049712865526 ] ] ] } },
{ "type": "Feature", "properties": { "Туман": "Шайхонтоҳур", "Кўча": "Кўкча Дарвоза кўча", "Тури": "Наземные", "Эни(м)": 3, "Узунл": 29 }, "geometry": { "type": "MultiLineString", "coordinates": [ [ [ 69.230537764104866, 41.317481239125918 ], [ 69.230318719513591, 41.317278309305912 ] ] ] } },
{ "type": "Feature", "properties": { "Туман": "Шайхонтоҳур", "Кўча": "Самарқанд Дарвоза кўча", "Тури": "Наземные", "Эни(м)": 3, "Узунл": 31 }, "geometry": { "type": "MultiLineString", "coordinates": [ [ [ 69.230628822682078, 41.317506105012725 ], [ 69.230911385769787, 41.317326622112553 ] ] ] } },
{ "type": "Feature", "properties": { "Туман": "Шайхонтоҳур", "Кўча": "Самарқанд Дарвоза кўча", "Тури": "Наземные", "Эни(м)": 3, "Узунл": 31 }, "geometry": { "type": "MultiLineString", "coordinates": [ [ [ 69.230320901593345, 41.317224033627767 ], [ 69.230609817864632, 41.317051695403585 ] ] ] } },
{ "type": "Feature", "properties": { "Туман": "Шайхонтоҳур", "Кўча": "Гулобод кўча", "Тури": "Наземные", "Эни(м)": 3, "Узунл": 31 }, "geometry": { "type": "MultiLineString", "coordinates": [ [ [ 69.230123369086186, 41.324286075755083 ], [ 69.230060708773451, 41.324015441166154 ] ] ] } },
{ "type": "Feature", "properties": { "Туман": "Шайхонтоҳур", "Кўча": "Лайлитўғон кўча", "Тури": "Наземные", "Эни(м)": 3, "Узунл": 19 }, "geometry": { "type": "MultiLineString", "coordinates": [ [ [ 69.230169967923644, 41.323814240196668 ], [ 69.230351543864444, 41.323705334458801 ] ] ] } },
{ "type": "Feature", "properties": { "Туман": "Шайхонтоҳур", "Кўча": "Лайлитўғон кўча", "Тури": "Наземные", "Эни(м)": 3, "Узунл": 17 }, "geometry": { "type": "MultiLineString", "coordinates": [ [ [ 69.230752612669704, 41.324368906611944 ], [ 69.230915271580571, 41.32427971869852 ] ] ] } },
{ "type": "Feature", "properties": { "Туман": "Шайхонтоҳур", "Кўча": "Ўқчи кўча", "Тури": "Наземные", "Эни(м)": 3, "Узунл": 14 }, "geometry": { "type": "MultiLineString", "coordinates": [ [ [ 69.253372531089909, 41.314281576423753 ], [ 69.253360185682695, 41.314157554846368 ] ] ] } },
{ "type": "Feature", "properties": { "Туман": "Шайхонтоҳур", "Кўча": "Ботир Зокиров кўча", "Тури": "Наземные", "Эни(м)": 3, "Узунл": 22 }, "geometry": { "type": "MultiLineString", "coordinates": [ [ [ 69.253573143240246, 41.314406972580208 ], [ 69.253836481611884, 41.314389096909231 ] ] ] } },
{ "type": "Feature", "properties": { "Туман": "Шайхонтоҳур", "Кўча": "Самарқанд Дарвоза кўча", "Тури": "Наземные", "Эни(м)": 3, "Узунл": 8 }, "geometry": { "type": "MultiLineString", "coordinates": [ [ [ 69.236024208669008, 41.32234798603821 ], [ 69.236114401036005, 41.322349590223382 ] ] ] } },
{ "type": "Feature", "properties": { "Туман": "Шайхонтоҳур", "Кўча": "Самарқанд Дарвоза кўча", "Тури": "Наземные", "Эни(м)": 3, "Узунл": 16 }, "geometry": { "type": "MultiLineString", "coordinates": [ [ [ 69.236267176824057, 41.322374921392921 ], [ 69.236433834796884, 41.322301223523375 ] ] ] } },
{ "type": "Feature", "properties": { "Туман": "Шайхонтоҳур", "Кўча": "Беруний кўча, Навоий кўча", "Тури": "Наземные", "Эни(м)": 3, "Узунл": 17 }, "geometry": { "type": "MultiLineString", "coordinates": [ [ [ 69.236603537120956, 41.322631869859606 ], [ 69.236522333053514, 41.322490692923481 ] ] ] } },
{ "type": "Feature", "properties": { "Туман": "Шайхонтоҳур", "Кўча": "Себзор кўча", "Тури": "Наземные", "Эни(м)": 3, "Узунл": 32 }, "geometry": { "type": "MultiLineString", "coordinates": [ [ [ 69.243263141620986, 41.322208866184873 ], [ 69.243197378132308, 41.322181571328706 ], [ 69.242894430334601, 41.322194138761247 ] ] ] } },
{ "type": "Feature", "properties": { "Туман": "Шайхонтоҳур", "Кўча": "Фурқат кўча", "Тури": "Подземные", "Эни(м)": 4, "Узунл": 34 }, "geometry": { "type": "MultiLineString", "coordinates": [ [ [ 69.243391406875844, 41.321386773062507 ], [ 69.242989602807029, 41.321406706386966 ] ] ] } },
{ "type": "Feature", "properties": { "Туман": "Шайхонтоҳур", "Кўча": "Себзор кўча", "Тури": "Подземные", "Эни(м)": 4, "Узунл": 33 }, "geometry": { "type": "MultiLineString", "coordinates": [ [ [ 69.242286460543198, 41.321445761011418 ], [ 69.241897300020455, 41.321462085583399 ] ] ] } },
{ "type": "Feature", "properties": { "Туман": "Шайхонтоҳур", "Кўча": "Зарқайнар кўча", "Тури": "Наземные", "Эни(м)": 3, "Узунл": 12 }, "geometry": { "type": "MultiLineString", "coordinates": [ [ [ 69.242493415566727, 41.322214963269658 ], [ 69.242363860366055, 41.322265332681098 ] ] ] } },
{ "type": "Feature", "properties": { "Туман": "Шайхонтоҳур", "Кўча": "Абай кўча", "Тури": "Наземные", "Эни(м)": 3, "Узунл": 25 }, "geometry": { "type": "MultiLineString", "coordinates": [ [ [ 69.254579357490186, 41.321446960968672 ], [ 69.25487198502212, 41.321426632598865 ] ] ] } },
{ "type": "Feature", "properties": { "Туман": "Шайхонтоҳур", "Кўча": "Навоий кўча", "Тури": "Наземные", "Эни(м)": 3, "Узунл": 32 }, "geometry": { "type": "MultiLineString", "coordinates": [ [ [ 69.254375613057491, 41.32133588695681 ], [ 69.254366575128003, 41.321046062606399 ] ] ] } },
{ "type": "Feature", "properties": { "Туман": "Шайхонтоҳур", "Кўча": "Навоий кўча", "Тури": "Наземные", "Эни(м)": 3, "Узунл": 37 }, "geometry": { "type": "MultiLineString", "coordinates": [ [ [ 69.254988685425673, 41.321328566588264 ], [ 69.254952566511307, 41.320992284048074 ] ] ] } },
{ "type": "Feature", "properties": { "Туман": "Шайхонтоҳур", "Кўча": "Қоратош кўча", "Тури": "Наземные", "Эни(м)": 3, "Узунл": 35 }, "geometry": { "type": "MultiLineString", "coordinates": [ [ [ 69.236945363148749, 41.313912870176516 ], [ 69.236812017165647, 41.313786710253424 ], [ 69.236705561361703, 41.313659302103005 ] ] ] } },
{ "type": "Feature", "properties": { "Туман": "Шайхонтоҳур", "Кўча": "Қоратош кўча", "Тури": "Наземные", "Эни(м)": 3, "Узунл": 33 }, "geometry": { "type": "MultiLineString", "coordinates": [ [ [ 69.237256477494768, 41.313763132251559 ], [ 69.237035680601579, 41.313515489569966 ] ] ] } },
{ "type": "Feature", "properties": { "Туман": "Шайхонтоҳур", "Кўча": "Кўкча Дарвоза кўча", "Тури": "Наземные", "Эни(м)": 3, "Узунл": 39 }, "geometry": { "type": "MultiLineString", "coordinates": [ [ [ 69.210423247164414, 41.322398529048876 ], [ 69.210387306803057, 41.322046726043645 ] ] ] } },
{ "type": "Feature", "properties": { "Туман": "Шайхонтоҳур", "Кўча": "Нурафшон шоҳкўча", "Тури": "Наземные", "Эни(м)": 3, "Узунл": 45 }, "geometry": { "type": "MultiLineString", "coordinates": [ [ [ 69.20964338400799, 41.321958625229477 ], [ 69.210186018084315, 41.321938551228769 ] ] ] } },
{ "type": "Feature", "properties": { "Туман": "Шайхонтоҳур", "Кўча": "Кўкча Дарвоза кўча", "Тури": "Наземные", "Эни(м)": 3, "Узунл": 36 }, "geometry": { "type": "MultiLineString", "coordinates": [ [ [ 69.209603534717317, 41.322360663071976 ], [ 69.209598279780508, 41.322202033531639 ], [ 69.209510765521571, 41.322048324844076 ] ] ] } },
{ "type": "Feature", "properties": { "Туман": "Шайхонтоҳур", "Кўча": "Нурафшон шоҳкўча", "Тури": "Наземные", "Эни(м)": 3, "Узунл": 46 }, "geometry": { "type": "MultiLineString", "coordinates": [ [ [ 69.210405900370475, 41.322416452387756 ], [ 69.209857674908378, 41.322421031541928 ] ] ] } },
{ "type": "Feature", "properties": { "Туман": "Шайхонтоҳур", "Кўча": "Кўкча Дарвоза кўча", "Тури": "Наземные", "Эни(м)": 3, "Узунл": 38 }, "geometry": { "type": "MultiLineString", "coordinates": [ [ [ 69.206033526143798, 41.322447620983738 ], [ 69.20601820057442, 41.322102936354845 ] ] ] } },
{ "type": "Feature", "properties": { "Туман": "Шайхонтоҳур", "Кўча": "Кўкча Дарвоза кўча", "Тури": "Наземные", "Эни(м)": 3, "Узунл": 34 }, "geometry": { "type": "MultiLineString", "coordinates": [ [ [ 69.206300841403788, 41.322422093905686 ], [ 69.206290370131654, 41.322111991096385 ] ] ] } },
{ "type": "Feature", "properties": { "Туман": "Шайхонтоҳур", "Кўча": "Кўкча Дарвоза кўча", "Тури": "Наземные", "Эни(м)": 3, "Узунл": 35 }, "geometry": { "type": "MultiLineString", "coordinates": [ [ [ 69.200938309908963, 41.32178390319983 ], [ 69.201056040010613, 41.321479539871483 ] ] ] } },
{ "type": "Feature", "properties": { "Туман": "Шайхонтоҳур", "Кўча": "Кўкча Дарвоза кўча", "Тури": "Наземные", "Эни(м)": 3, "Узунл": 28 }, "geometry": { "type": "MultiLineString", "coordinates": [ [ [ 69.20024990239574, 41.321477366820595 ], [ 69.200304104523639, 41.321352031080885 ], [ 69.200388446526006, 41.321252287520458 ] ] ] } },
{ "type": "Feature", "properties": { "Туман": "Шайхонтоҳур", "Кўча": "Бешқайрағоч кўча", "Тури": "Наземные", "Эни(м)": 3, "Узунл": 30 }, "geometry": { "type": "MultiLineString", "coordinates": [ [ [ 69.200242602999722, 41.321677169414734 ], [ 69.200569675822223, 41.321790510011972 ] ] ] } },
{ "type": "Feature", "properties": { "Туман": "Шайхонтоҳур", "Кўча": "Кичик ҳалқа йўли кўча", "Тури": "Подземные", "Эни(м)": 4, "Узунл": 56 }, "geometry": { "type": "MultiLineString", "coordinates": [ [ [ 69.193520231390266, 41.317806778442353 ], [ 69.192956186396088, 41.317531001228282 ] ] ] } },
{ "type": "Feature", "properties": { "Туман": "Шайхонтоҳур", "Кўча": "Кичик ҳалқа йўли кўча", "Тури": "Подземные", "Эни(м)": 4, "Узунл": 52 }, "geometry": { "type": "MultiLineString", "coordinates": [ [ [ 69.193518911364606, 41.318162824388409 ], [ 69.192975571398961, 41.317934723529483 ] ] ] } },
{ "type": "Feature", "properties": { "Туман": "Шайхонтоҳур", "Кўча": "Нурафшон шоҳ кўча", "Тури": "Наземные", "Эни(м)": 3, "Узунл": 29 }, "geometry": { "type": "MultiLineString", "coordinates": [ [ [ 69.207116332798577, 41.307882469833238 ], [ 69.206771471743338, 41.307878318700119 ] ] ] } },
{ "type": "Feature", "properties": { "Туман": "Шайхонтоҳур", "Кўча": "Нурафшон шоҳ кўча", "Тури": "Наземные", "Эни(м)": 3, "Узунл": 29 }, "geometry": { "type": "MultiLineString", "coordinates": [ [ [ 69.207137482527486, 41.307559925522334 ], [ 69.206792125743505, 41.307546145888502 ] ] ] } },
{ "type": "Feature", "properties": { "Туман": "Шайхонтоҳур", "Кўча": "Нурафшон шоҳ кўча", "Тури": "Наземные", "Эни(м)": 3, "Узунл": 28 }, "geometry": { "type": "MultiLineString", "coordinates": [ [ [ 69.20785205075093, 41.30494034816271 ], [ 69.208161615233507, 41.305041771379294 ] ] ] } },
{ "type": "Feature", "properties": { "Туман": "Шайхонтоҳур", "Кўча": "Нурафшон шоҳ кўча", "Тури": "Наземные", "Эни(м)": 3, "Узунл": 29 }, "geometry": { "type": "MultiLineString", "coordinates": [ [ [ 69.20808337012582, 41.3045612229472 ], [ 69.2083969028198, 41.304667409481063 ] ] ] } },
{ "type": "Feature", "properties": { "Туман": "Шайхонтоҳур", "Кўча": "Хумдонсой кўча", "Тури": "Наземные", "Эни(м)": 3, "Узунл": 16 }, "geometry": { "type": "MultiLineString", "coordinates": [ [ [ 69.208420021983869, 41.304973315411416 ], [ 69.208495530060034, 41.304841972997693 ] ] ] } },
{ "type": "Feature", "properties": { "Туман": "Шайхонтоҳур", "Кўча": "Хумдонсой кўча", "Тури": "Наземные", "Эни(м)": 3, "Узунл": 15 }, "geometry": { "type": "MultiLineString", "coordinates": [ [ [ 69.207762843862454, 41.304743104295476 ], [ 69.207836805298285, 41.304622500109943 ] ] ] } },
{ "type": "Feature", "properties": { "Туман": "Шайхонтоҳур", "Кўча": "Самарқанд Дарвоза кўча", "Тури": "Наземные", "Эни(м)": 3, "Узунл": 20 }, "geometry": { "type": "MultiLineString", "coordinates": [ [ [ 69.217870944095338, 41.307247739861339 ], [ 69.218049295293511, 41.307128124329189 ] ] ] } },
{ "type": "Feature", "properties": { "Туман": "Шайхонтоҳур", "Кўча": "Самарқанд Дарвоза кўча", "Тури": "Наземные", "Эни(м)": 3, "Узунл": 20 }, "geometry": { "type": "MultiLineString", "coordinates": [ [ [ 69.217493418375199, 41.306933560301069 ], [ 69.217672580164248, 41.306819907706561 ] ] ] } },
{ "type": "Feature", "properties": { "Туман": "Шайхонтоҳур", "Кўча": "Учлола кўча", "Тури": "Наземные", "Эни(м)": 3, "Узунл": 18 }, "geometry": { "type": "MultiLineString", "coordinates": [ [ [ 69.217566070024219, 41.307137388106383 ], [ 69.217729370876341, 41.30724860411744 ] ] ] } },
{ "type": "Feature", "properties": { "Туман": "Шайхонтоҳур", "Кўча": "Жарариқ кўча", "Тури": "Наземные", "Эни(м)": 3, "Узунл": 26 }, "geometry": { "type": "MultiLineString", "coordinates": [ [ [ 69.174771533737299, 41.335910289764954 ], [ 69.175078511974633, 41.335896702720035 ] ] ] } },
{ "type": "Feature", "properties": { "Туман": "Шайхонтоҳур", "Кўча": "Зангиота кўча", "Тури": "Наземные", "Эни(м)": 3, "Узунл": 13 }, "geometry": { "type": "MultiLineString", "coordinates": [ [ [ 69.175219172888902, 41.335827307850906 ], [ 69.175215691363761, 41.335709228646792 ] ] ] } },
{ "type": "Feature", "properties": { "Туман": "Шайхонтоҳур", "Кўча": "Зангиота кўча", "Тури": "Наземные", "Эни(м)": 3, "Узунл": 18 }, "geometry": { "type": "MultiLineString", "coordinates": [ [ [ 69.174673253548789, 41.335849607547622 ], [ 69.174668072572715, 41.335687398312935 ] ] ] } },
{ "type": "Feature", "properties": { "Туман": "Шайхонтоҳур", "Кўча": "Сойгузар кўча, Зангиота-2 тор кўча", "Тури": "Наземные", "Эни(м)": 3, "Узунл": 24 }, "geometry": { "type": "MultiLineString", "coordinates": [ [ [ 69.174762721968207, 41.335573941221355 ], [ 69.1750460564067, 41.335596173345216 ] ] ] } },
{ "type": "Feature", "properties": { "Туман": "Шайхонтоҳур", "Кўча": "Абай кўча", "Тури": "Наземные", "Эни(м)": 3, "Узунл": 27 }, "geometry": { "type": "MultiLineString", "coordinates": [ [ [ 69.255388950968481, 41.329020476103466 ], [ 69.255710059749347, 41.328991136608728 ] ] ] } },
{ "type": "Feature", "properties": { "Туман": "Шайхонтоҳур", "Кўча": "Зулфияхоним кўча", "Тури": "Наземные", "Эни(м)": 3, "Узунл": 28 }, "geometry": { "type": "MultiLineString", "coordinates": [ [ [ 69.255547714378892, 41.329964800143983 ], [ 69.25530963863477, 41.329781641408502 ] ] ] } },
{ "type": "Feature", "properties": { "Туман": "Шайхонтоҳур", "Кўча": "Зулфияхоним кўча", "Тури": "Наземные", "Эни(м)": 3, "Узунл": 23 }, "geometry": { "type": "MultiLineString", "coordinates": [ [ [ 69.256602387456795, 41.329763260586716 ], [ 69.256607897967001, 41.329554512989944 ] ] ] } },
{ "type": "Feature", "properties": { "Туман": "Шайхонтоҳур", "Кўча": "Самарқанд Дарвоза кўча", "Тури": "Наземные", "Эни(м)": 3, "Узунл": 20 }, "geometry": { "type": "MultiLineString", "coordinates": [ [ [ 69.236232532974242, 41.322420616141294 ], [ 69.23646216479014, 41.322478590602159 ] ] ] } },
{ "type": "Feature", "properties": { "Туман": "Шайхонтоҳур", "Кўча": "Самарқанд Дарвоза кўча", "Тури": "Наземные", "Эни(м)": 3, "Узунл": 17 }, "geometry": { "type": "MultiLineString", "coordinates": [ [ [ 69.236538011768005, 41.322451000938635 ], [ 69.23651689962584, 41.322300754677677 ] ] ] } },
{ "type": "Feature", "properties": { "Туман": "Шайхонтоҳур", "Кўча": "Самарқанд Дарвоза кўча", "Тури": "Наземные", "Эни(м)": 3, "Узунл": 8 }, "geometry": { "type": "MultiLineString", "coordinates": [ [ [ 69.236543534057091, 41.32222794067232 ], [ 69.236589172135638, 41.322159858700729 ] ] ] } },
{ "type": "Feature", "properties": { "Туман": "Шайхонтоҳур", "Кўча": "Лабзак кўча", "Тури": "Наземные", "Эни(м)": 3, "Узунл": 27 }, "geometry": { "type": "MultiLineString", "coordinates": [ [ [ 69.264431816602567, 41.334975847154311 ], [ 69.264700312320528, 41.334844025061464 ] ] ] } },
{ "type": "Feature", "properties": { "Туман": "Шайхонтоҳур", "Кўча": "Нурафшон шоҳкўча", "Тури": "Наземные", "Эни(м)": 3, "Узунл": 31 }, "geometry": { "type": "MultiLineString", "coordinates": [ [ [ 69.264707389481444, 41.33463765921973 ], [ 69.264505465910631, 41.334404340103937 ] ] ] } },
{ "type": "Feature", "properties": { "Туман": "Шайхонтоҳур", "Кўча": "Нурафшон шоҳкўча", "Тури": "Наземные", "Эни(м)": 3, "Узунл": 32 }, "geometry": { "type": "MultiLineString", "coordinates": [ [ [ 69.264119941470682, 41.334946743951171 ], [ 69.263921121452441, 41.334697910663124 ] ] ] } },
{ "type": "Feature", "properties": { "Туман": "Шайхонтоҳур", "Кўча": "Лабзак кўча", "Тури": "Наземные", "Эни(м)": 3, "Узунл": 26 }, "geometry": { "type": "MultiLineString", "coordinates": [ [ [ 69.263998057373882, 41.334547444938828 ], [ 69.264250693499335, 41.334407310856513 ] ] ] } },
{ "type": "Feature", "properties": { "Туман": "Шайхонтоҳур", "Кўча": "Нурафшон шоҳкўча", "Тури": "Наземные", "Эни(м)": 3, "Узунл": 28 }, "geometry": { "type": "MultiLineString", "coordinates": [ [ [ 69.269636531185782, 41.33185421455822 ], [ 69.26940315652071, 41.331671074053318 ] ] ] } },
{ "type": "Feature", "properties": { "Туман": "Шайхонтоҳур", "Кўча": "Зулфияхоним кўча", "Тури": "Наземные", "Эни(м)": 3, "Узунл": 27 }, "geometry": { "type": "MultiLineString", "coordinates": [ [ [ 69.269132592119433, 41.331294790857385 ], [ 69.269242433454892, 41.331069099919944 ] ] ] } },
{ "type": "Feature", "properties": { "Туман": "Шайхонтоҳур", "Кўча": "Зулфияхоним кўча", "Тури": "Наземные", "Эни(м)": 3, "Узунл": 30 }, "geometry": { "type": "MultiLineString", "coordinates": [ [ [ 69.26348989101318, 41.33018306180923 ], [ 69.263555284463067, 41.329918116474815 ] ] ] } },
{ "type": "Feature", "properties": { "Туман": "Шайхонтоҳур", "Кўча": "Лабзак кўча", "Тури": "Наземные", "Эни(м)": 3, "Узунл": 26 }, "geometry": { "type": "MultiLineString", "coordinates": [ [ [ 69.263540571911335, 41.329801258400444 ], [ 69.263239769744075, 41.329764970776516 ] ] ] } },
{ "type": "Feature", "properties": { "Туман": "Шайхонтоҳур", "Кўча": "Зулфияхоним кўча", "Тури": "Наземные", "Эни(м)": 3, "Узунл": 29 }, "geometry": { "type": "MultiLineString", "coordinates": [ [ [ 69.263400102841189, 41.330284653025132 ], [ 69.263059791382489, 41.330261575846521 ] ] ] } },
{ "type": "Feature", "properties": { "Туман": "Шайхонтоҳур", "Кўча": "Зулфияхоним кўча", "Тури": "Наземные", "Эни(м)": 3, "Узунл": 37 }, "geometry": { "type": "MultiLineString", "coordinates": [ [ [ 69.26301673565537, 41.330179372903913 ], [ 69.263078721532239, 41.329853604198185 ] ] ] } },
{ "type": "Feature", "properties": { "Туман": "Шайхонтоҳур", "Кўча": "Лабзак кўча", "Тури": "Наземные", "Эни(м)": 3, "Узунл": 14 }, "geometry": { "type": "MultiLineString", "coordinates": [ [ [ 69.264766878679637, 41.320602156237285 ], [ 69.264603199562345, 41.320621020631791 ] ] ] } },
{ "type": "Feature", "properties": { "Туман": "Шайхонтоҳур", "Кўча": "Навоий кўча", "Тури": "Наземные", "Эни(м)": 3, "Узунл": 31 }, "geometry": { "type": "MultiLineString", "coordinates": [ [ [ 69.264545334824604, 41.320592527037057 ], [ 69.264482499647556, 41.320312965691087 ] ] ] } },
{ "type": "Feature", "properties": { "Туман": "Шайхонтоҳур", "Кўча": "Лабзак кўча", "Тури": "Наземные", "Эни(м)": 3, "Узунл": 24 }, "geometry": { "type": "MultiLineString", "coordinates": [ [ [ 69.264666553473219, 41.324548085274508 ], [ 69.264946724379485, 41.324574874516621 ] ] ] } },
{ "type": "Feature", "properties": { "Туман": "Шайхонтоҳур", "Кўча": "Лабзак кўча", "Тури": "Наземные", "Эни(м)": 3, "Узунл": 14 }, "geometry": { "type": "MultiLineString", "coordinates": [ [ [ 69.264534545833868, 41.324380207575352 ], [ 69.264532471550126, 41.324258549372132 ] ] ] } },
{ "type": "Feature", "properties": { "Туман": "Шайхонтоҳур", "Кўча": "Лабзак кўча", "Тури": "Наземные", "Эни(м)": 3, "Узунл": 11 }, "geometry": { "type": "MultiLineString", "coordinates": [ [ [ 69.265187876741422, 41.324344113755956 ], [ 69.265189072132472, 41.324248689064554 ] ] ] } },
{ "type": "Feature", "properties": { "Туман": "Шайхонтоҳур", "Кўча": "Лабзак кўча", "Тури": "Наземные", "Эни(м)": 3, "Узунл": 32 }, "geometry": { "type": "MultiLineString", "coordinates": [ [ [ 69.26487040295801, 41.323310709418706 ], [ 69.265251628176401, 41.323287168816805 ] ] ] } },
{ "type": "Feature", "properties": { "Туман": "Шайхонтоҳур", "Кўча": "Навоий кўча", "Тури": "Наземные", "Эни(м)": 3, "Узунл": 66 }, "geometry": { "type": "MultiLineString", "coordinates": [ [ [ 69.242041589035182, 41.321759379638408 ], [ 69.242145195861426, 41.321858758440911 ], [ 69.242149345242638, 41.322017985171527 ], [ 69.242115271881588, 41.322216653876325 ] ], [ [ 69.242145195861426, 41.321858758440911 ], [ 69.242264852873319, 41.321806024555592 ] ] ] } },
{ "type": "Feature", "properties": { "Туман": "Шайхонтоҳур", "Кўча": "Навоий кўча", "Тури": "Наземные", "Эни(м)": 3, "Узунл": 21 }, "geometry": { "type": "MultiLineString", "coordinates": [ [ [ 69.243081934724316, 41.321771500597521 ], [ 69.243216019027983, 41.321769428192759 ], [ 69.243310348831997, 41.321713764796584 ] ] ] } },
{ "type": "Feature", "properties": { "Туман": "Шайхонтоҳур", "Кўча": "Навоий кўча", "Тури": "Подземные", "Эни(м)": 4, "Узунл": 50 }, "geometry": { "type": "MultiLineString", "coordinates": [ [ [ 69.243956666148975, 41.322154475038182 ], [ 69.243910847205967, 41.321705310006507 ] ] ] } },
{ "type": "Feature", "properties": { "Туман": "Шайхонтоҳур", "Кўча": "Навоий кўча", "Тури": "Подземные", "Эни(м)": 4, "Узунл": 50 }, "geometry": { "type": "MultiLineString", "coordinates": [ [ [ 69.241801941541226, 41.32183746622708 ], [ 69.241842867350371, 41.322289268037771 ] ] ] } },
{ "type": "Feature", "properties": { "Туман": "Шайхонтоҳур", "Кўча": "Зарқайнар кўча", "Тури": "Наземные", "Эни(м)": 3, "Узунл": 11 }, "geometry": { "type": "MultiLineString", "coordinates": [ [ [ 69.242364784015223, 41.322639542694262 ], [ 69.242490104774944, 41.322655298126875 ] ] ] } },
{ "type": "Feature", "properties": { "Туман": "Шайхонтоҳур", "Кўча": "Себзор кўча", "Тури": "Наземные", "Эни(м)": 3, "Узунл": 18 }, "geometry": { "type": "MultiLineString", "coordinates": [ [ [ 69.243157670552407, 41.322621007944896 ], [ 69.243366680498141, 41.322585154963306 ] ] ] } },
{ "type": "Feature", "properties": { "Туман": "Шайхонтоҳур", "Кўча": "Ботир Зокиров кўча", "Тури": "Наземные", "Эни(м)": 3, "Узунл": 49 }, "geometry": { "type": "MultiLineString", "coordinates": [ [ [ 69.254293340682096, 41.320929332468239 ], [ 69.254403599621284, 41.320982646450936 ], [ 69.254744442537969, 41.320962423276171 ], [ 69.25483870512555, 41.320912252199783 ] ] ] } },
{ "type": "Feature", "properties": { "Туман": "Шайхонтоҳур", "Кўча": "Нурафшон шоҳкўча", "Тури": "Наземные", "Эни(м)": 3, "Узунл": 37 }, "geometry": { "type": "MultiLineString", "coordinates": [ [ [ 69.209817967055315, 41.301806765605477 ], [ 69.210162921431731, 41.302013585503289 ] ] ] } },
{ "type": "Feature", "properties": { "Туман": "Шайхонтоҳур", "Кўча": "Самарқанд Дарвоза кўча", "Тури": "Наземные", "Эни(м)": 3, "Узунл": 21 }, "geometry": { "type": "MultiLineString", "coordinates": [ [ [ 69.211314638610816, 41.301970114508045 ], [ 69.211494800211, 41.301839332489799 ] ] ] } },
{ "type": "Feature", "properties": { "Туман": "Учтепа", "Кўча": "Фарҳод кўча", "Тури": "Наземные", "Эни(м)": 3, "Узунл": 29 }, "geometry": { "type": "MultiLineString", "coordinates": [ [ [ 69.193226041444248, 41.28195759652219 ], [ 69.192989827234626, 41.281762252060958 ] ] ] } },
{ "type": "Feature", "properties": { "Туман": "Учтепа", "Кўча": "Фарҳод кўча", "Тури": "Наземные", "Эни(м)": 3, "Узунл": 26 }, "geometry": { "type": "MultiLineString", "coordinates": [ [ [ 69.192810871342871, 41.28222095931023 ], [ 69.192610960166903, 41.282042824510619 ] ] ] } },
{ "type": "Feature", "properties": { "Туман": "Учтепа", "Кўча": "Ширин кўча", "Тури": "Наземные", "Эни(м)": 3, "Узунл": 21 }, "geometry": { "type": "MultiLineString", "coordinates": [ [ [ 69.184988983292811, 41.277326961320888 ], [ 69.184778834291691, 41.27722654983404 ] ] ] } },
{ "type": "Feature", "properties": { "Туман": "Учтепа", "Кўча": "Ширин кўча", "Тури": "Наземные", "Эни(м)": 3, "Узунл": 17 }, "geometry": { "type": "MultiLineString", "coordinates": [ [ [ 69.184590669869493, 41.277480163368629 ], [ 69.184767382970364, 41.277563357609743 ] ] ] } },
{ "type": "Feature", "properties": { "Туман": "Учтепа", "Кўча": "Катта Хирмонтепа кўча", "Тури": "Наземные", "Эни(м)": 3, "Узунл": 24 }, "geometry": { "type": "MultiLineString", "coordinates": [ [ [ 69.176100173271337, 41.272698530316646 ], [ 69.175861398192879, 41.272583753517935 ] ] ] } },
{ "type": "Feature", "properties": { "Туман": "Учтепа", "Кўча": "Катта Хирмонтепа кўча", "Тури": "Наземные", "Эни(м)": 3, "Узунл": 22 }, "geometry": { "type": "MultiLineString", "coordinates": [ [ [ 69.177209615569083, 41.271674944648034 ], [ 69.176964270296736, 41.271599040584697 ] ] ] } },
{ "type": "Feature", "properties": { "Туман": "Учтепа", "Кўча": "Лутфий кўча", "Тури": "Наземные", "Эни(м)": 3, "Узунл": 13 }, "geometry": { "type": "MultiLineString", "coordinates": [ [ [ 69.17230892424864, 41.276469401837765 ], [ 69.172216632398772, 41.276560214022183 ] ] ] } },
{ "type": "Feature", "properties": { "Туман": "Учтепа", "Кўча": "Лутфий кўча", "Тури": "Наземные", "Эни(м)": 3, "Узунл": 11 }, "geometry": { "type": "MultiLineString", "coordinates": [ [ [ 69.172139720267396, 41.276695620544857 ], [ 69.172089394850644, 41.276784210960933 ] ] ] } },
{ "type": "Feature", "properties": { "Туман": "Учтепа", "Кўча": "Катта Хирмонтепа кўча", "Тури": "Наземные", "Эни(м)": 3, "Узунл": 24 }, "geometry": { "type": "MultiLineString", "coordinates": [ [ [ 69.172491172105467, 41.276487839454269 ], [ 69.172753746665052, 41.276580998382578 ] ] ] } },
{ "type": "Feature", "properties": { "Туман": "Учтепа", "Кўча": "Лутфий кўча", "Тури": "Наземные", "Эни(м)": 3, "Узунл": 10 }, "geometry": { "type": "MultiLineString", "coordinates": [ [ [ 69.172825539402524, 41.276675162898705 ], [ 69.172781871520129, 41.276755827631476 ] ] ] } },
{ "type": "Feature", "properties": { "Туман": "Учтепа", "Кўча": "Лутфий кўча", "Тури": "Наземные", "Эни(м)": 3, "Узунл": 11 }, "geometry": { "type": "MultiLineString", "coordinates": [ [ [ 69.172711632117512, 41.276889065609865 ], [ 69.172660349607654, 41.276976218436921 ] ] ] } },
{ "type": "Feature", "properties": { "Туман": "Учтепа", "Кўча": "Катта Хирмонтепа кўча", "Тури": "Наземные", "Эни(м)": 3, "Узунл": 16 }, "geometry": { "type": "MultiLineString", "coordinates": [ [ [ 69.172449575361597, 41.276993085967064 ], [ 69.172268179755648, 41.276936506325789 ] ] ] } },
{ "type": "Feature", "properties": { "Туман": "Учтепа", "Кўча": "Лутфий кўча", "Тури": "Наземные", "Эни(м)": 3, "Узунл": 10 }, "geometry": { "type": "MultiLineString", "coordinates": [ [ [ 69.166478201780933, 41.274832173870522 ], [ 69.166529503656946, 41.27475006118501 ] ] ] } },
{ "type": "Feature", "properties": { "Туман": "Учтепа", "Кўча": "Лутфий кўча", "Тури": "Наземные", "Эни(м)": 3, "Узунл": 22 }, "geometry": { "type": "MultiLineString", "coordinates": [ [ [ 69.166605524294624, 41.274635529091555 ], [ 69.166599286795062, 41.274433320425914 ] ] ] } },
{ "type": "Feature", "properties": { "Туман": "Учтепа", "Кўча": "Катта Қаъни кўча", "Тури": "Наземные", "Эни(м)": 3, "Узунл": 22 }, "geometry": { "type": "MultiLineString", "coordinates": [ [ [ 69.166542665251271, 41.274298830427284 ], [ 69.166333453217774, 41.274176794766262 ] ] ] } },
{ "type": "Feature", "properties": { "Туман": "Учтепа", "Кўча": "Ширин кўча", "Тури": "Наземные", "Эни(м)": 3, "Узунл": 19 }, "geometry": { "type": "MultiLineString", "coordinates": [ [ [ 69.180780427185653, 41.281550709232157 ], [ 69.180620779010866, 41.281430780775835 ] ] ] } },
{ "type": "Feature", "properties": { "Туман": "Учтепа", "Кўча": "Лутфий кўча", "Тури": "Наземные", "Эни(м)": 3, "Узунл": 11 }, "geometry": { "type": "MultiLineString", "coordinates": [ [ [ 69.180383342206099, 41.281470013336182 ], [ 69.180482382878097, 41.28140653023398 ] ] ] } },
{ "type": "Feature", "properties": { "Туман": "Учтепа", "Кўча": "Лутфий кўча", "Тури": "Наземные", "Эни(м)": 3, "Узунл": 11 }, "geometry": { "type": "MultiLineString", "coordinates": [ [ [ 69.180160082368246, 41.281634439705776 ], [ 69.180253866641763, 41.281567366852585 ] ] ] } },
{ "type": "Feature", "properties": { "Туман": "Учтепа", "Кўча": "Ширин кўча", "Тури": "Наземные", "Эни(м)": 3, "Узунл": 20 }, "geometry": { "type": "MultiLineString", "coordinates": [ [ [ 69.180206030569408, 41.28186465097339 ], [ 69.180378088963764, 41.281987439091608 ] ] ] } },
{ "type": "Feature", "properties": { "Туман": "Учтепа", "Кўча": "Лутфий кўча", "Тури": "Наземные", "Эни(м)": 3, "Узунл": 11 }, "geometry": { "type": "MultiLineString", "coordinates": [ [ [ 69.180544031291902, 41.281967748830418 ], [ 69.180615357010808, 41.281886318206467 ] ] ] } },
{ "type": "Feature", "properties": { "Туман": "Учтепа", "Кўча": "Лутфий кўча", "Тури": "Наземные", "Эни(м)": 3, "Узунл": 12 }, "geometry": { "type": "MultiLineString", "coordinates": [ [ [ 69.180727690510295, 41.281799785724417 ], [ 69.180804708011436, 41.281706831886559 ] ] ] } },
{ "type": "Feature", "properties": { "Туман": "Учтепа", "Кўча": "Лутфий кўча", "Тури": "Наземные", "Эни(м)": 3, "Узунл": 36 }, "geometry": { "type": "MultiLineString", "coordinates": [ [ [ 69.185946362909718, 41.28677458471558 ], [ 69.186178818156122, 41.286655469360412 ], [ 69.186250082595777, 41.286553166016986 ] ] ] } },
{ "type": "Feature", "properties": { "Туман": "Учтепа", "Кўча": "Фарҳод кўча", "Тури": "Наземные", "Эни(м)": 3, "Узунл": 41 }, "geometry": { "type": "MultiLineString", "coordinates": [ [ [ 69.185880470897288, 41.286753102097315 ], [ 69.185669001616986, 41.286534674521107 ], [ 69.185650815223596, 41.286513834455441 ], [ 69.185557306664094, 41.286510387041155 ] ] ] } },
{ "type": "Feature", "properties": { "Туман": "Учтепа", "Кўча": "Лутфий кўча", "Тури": "Наземные", "Эни(м)": 3, "Узунл": 12 }, "geometry": { "type": "MultiLineString", "coordinates": [ [ [ 69.185666021104524, 41.286492940537698 ], [ 69.185767905997665, 41.286422252012294 ] ] ] } },
{ "type": "Feature", "properties": { "Туман": "Учтепа", "Кўча": "Лутфий кўча", "Тури": "Наземные", "Эни(м)": 3, "Узунл": 11 }, "geometry": { "type": "MultiLineString", "coordinates": [ [ [ 69.185888837201929, 41.28633929885968 ], [ 69.185991710416403, 41.286280842322554 ] ] ] } },
{ "type": "Feature", "properties": { "Туман": "Учтепа", "Кўча": "Фарҳод кўча", "Тури": "Наземные", "Эни(м)": 3, "Узунл": 28 }, "geometry": { "type": "MultiLineString", "coordinates": [ [ [ 69.186058523343419, 41.286290809241301 ], [ 69.18615129639538, 41.286371258312052 ], [ 69.186250860673482, 41.286491276207329 ] ] ] } },
{ "type": "Feature", "properties": { "Туман": "Учтепа", "Кўча": "Катта Хирмонтепа кўча", "Тури": "Наземные", "Эни(м)": 3, "Узунл": 16 }, "geometry": { "type": "MultiLineString", "coordinates": [ [ [ 69.170915778091583, 41.28526757831527 ], [ 69.17110658008373, 41.285264416348099 ] ] ] } },
{ "type": "Feature", "properties": { "Туман": "Учтепа", "Кўча": "Ширин кўча", "Тури": "Наземные", "Эни(м)": 3, "Узунл": 19 }, "geometry": { "type": "MultiLineString", "coordinates": [ [ [ 69.170642746129019, 41.285201057330184 ], [ 69.170616546362481, 41.285031982038468 ] ] ] } },
{ "type": "Feature", "properties": { "Туман": "Учтепа", "Кўча": "Ширин кўча", "Тури": "Наземные", "Эни(м)": 3, "Узунл": 19 }, "geometry": { "type": "MultiLineString", "coordinates": [ [ [ 69.171224676924766, 41.285185800595208 ], [ 69.171214688765843, 41.285014542423205 ] ] ] } },
{ "type": "Feature", "properties": { "Туман": "Учтепа", "Кўча": "Катта Хирмонтепа кўча", "Тури": "Наземные", "Эни(м)": 3, "Узунл": 17 }, "geometry": { "type": "MultiLineString", "coordinates": [ [ [ 69.17074884802949, 41.284912686363178 ], [ 69.170948234438967, 41.284909152108852 ] ] ] } },
{ "type": "Feature", "properties": { "Туман": "Учтепа", "Кўча": "Катта Хирмонтепа кўча", "Тури": "Наземные", "Эни(м)": 3, "Узунл": 14 }, "geometry": { "type": "MultiLineString", "coordinates": [ [ [ 69.172532771575646, 41.288661480527381 ], [ 69.172661348892774, 41.288575651296391 ] ] ] } },
{ "type": "Feature", "properties": { "Туман": "Учтепа", "Кўча": "Катта Хирмонтепа кўча", "Тури": "Наземные", "Эни(м)": 3, "Узунл": 14 }, "geometry": { "type": "MultiLineString", "coordinates": [ [ [ 69.172319464542568, 41.288455265018264 ], [ 69.172454760178013, 41.288384538275658 ] ] ] } },
{ "type": "Feature", "properties": { "Туман": "Учтепа", "Кўча": "Найман кўча", "Тури": "Наземные", "Эни(м)": 3, "Узунл": 11 }, "geometry": { "type": "MultiLineString", "coordinates": [ [ [ 69.172327784644551, 41.288716479751542 ], [ 69.17223599822367, 41.288643214432327 ] ] ] } },
{ "type": "Feature", "properties": { "Туман": "Учтепа", "Кўча": "Катта Хирмонтепа кўча", "Тури": "Наземные", "Эни(м)": 3, "Узунл": 6 }, "geometry": { "type": "MultiLineString", "coordinates": [ [ [ 69.178822836044361, 41.291950683455411 ], [ 69.178890076693733, 41.291940863932112 ] ] ] } },
{ "type": "Feature", "properties": { "Туман": "Учтепа", "Кўча": "Катта Хирмонтепа кўча", "Тури": "Наземные", "Эни(м)": 3, "Узунл": 9 }, "geometry": { "type": "MultiLineString", "coordinates": [ [ [ 69.178917674132222, 41.291914194597943 ], [ 69.178968992383702, 41.291838913108897 ] ] ] } },
{ "type": "Feature", "properties": { "Туман": "Учтепа", "Кўча": "Катта Хирмонтепа кўча", "Тури": "Наземные", "Эни(м)": 3, "Узунл": 5 }, "geometry": { "type": "MultiLineString", "coordinates": [ [ [ 69.178986527978722, 41.291796427458657 ], [ 69.178973046080486, 41.291751111496694 ] ] ] } },
{ "type": "Feature", "properties": { "Туман": "Учтепа", "Кўча": "Фарҳод кўча", "Тури": "Наземные", "Эни(м)": 3, "Узунл": 22 }, "geometry": { "type": "MultiLineString", "coordinates": [ [ [ 69.176156844302497, 41.295460128441505 ], [ 69.176387061383636, 41.295554767514105 ] ] ] } },
{ "type": "Feature", "properties": { "Туман": "Учтепа", "Кўча": "Фозилтепа кўча", "Тури": "Наземные", "Эни(м)": 3, "Узунл": 27 }, "geometry": { "type": "MultiLineString", "coordinates": [ [ [ 69.176121291290869, 41.295368069784132 ], [ 69.176280066351779, 41.295154095680871 ] ] ] } },
{ "type": "Feature", "properties": { "Туман": "Учтепа", "Кўча": "Фарҳод кўча", "Тури": "Наземные", "Эни(м)": 3, "Узунл": 33 }, "geometry": { "type": "MultiLineString", "coordinates": [ [ [ 69.176309636594382, 41.295150452229869 ], [ 69.176638311309858, 41.295310426597403 ] ] ] } },
{ "type": "Feature", "properties": { "Туман": "Учтепа", "Кўча": "Фозилтепа кўча", "Тури": "Наземные", "Эни(м)": 3, "Узунл": 27 }, "geometry": { "type": "MultiLineString", "coordinates": [ [ [ 69.176465262882672, 41.295538815733892 ], [ 69.176674692996841, 41.295355707662516 ] ] ] } },
{ "type": "Feature", "properties": { "Туман": "Учтепа", "Кўча": "Ширин кўча", "Тури": "Наземные", "Эни(м)": 3, "Узунл": 19 }, "geometry": { "type": "MultiLineString", "coordinates": [ [ [ 69.165503173015665, 41.285254257586097 ], [ 69.165436922045558, 41.285087397586388 ] ] ] } },
{ "type": "Feature", "properties": { "Туман": "Учтепа", "Кўча": "Мақсуд Шайхзода кўча", "Тури": "Наземные", "Эни(м)": 3, "Узунл": 11 }, "geometry": { "type": "MultiLineString", "coordinates": [ [ [ 69.192651250532847, 41.28187508217551 ], [ 69.192745484498161, 41.281802960958501 ] ] ] } },
{ "type": "Feature", "properties": { "Туман": "Учтепа", "Кўча": "Найман кўча", "Тури": "Наземные", "Эни(м)": 3, "Узунл": 15 }, "geometry": { "type": "MultiLineString", "coordinates": [ [ [ 69.168771160576341, 41.291318907768257 ], [ 69.168912582426714, 41.291400018969668 ] ] ] } },
{ "type": "Feature", "properties": { "Туман": "Учтепа", "Кўча": "Кўкча Дарвоза кўча", "Тури": "Наземные", "Эни(м)": 3, "Узунл": 15 }, "geometry": { "type": "MultiLineString", "coordinates": [ [ [ 69.167728219028731, 41.309356945588775 ], [ 69.167792789729617, 41.309228757068418 ] ] ] } },
{ "type": "Feature", "properties": { "Туман": "Учтепа", "Кўча": "Кўкча Дарвоза кўча", "Тури": "Наземные", "Эни(м)": 3, "Узунл": 16 }, "geometry": { "type": "MultiLineString", "coordinates": [ [ [ 69.16740247819159, 41.30924371797925 ], [ 69.167475635294764, 41.309114077883635 ] ] ] } },
{ "type": "Feature", "properties": { "Туман": "Учтепа", "Кўча": "Назарбек кўча", "Тури": "Наземные", "Эни(м)": 3, "Узунл": 15 }, "geometry": { "type": "MultiLineString", "coordinates": [ [ [ 69.167588241037919, 41.309108876577028 ], [ 69.16775538932022, 41.309159007317611 ] ] ] } },
{ "type": "Feature", "properties": { "Туман": "Учтепа", "Кўча": "Кўкча Дарвоза кўча", "Тури": "Наземные", "Эни(м)": 3, "Узунл": 19 }, "geometry": { "type": "MultiLineString", "coordinates": [ [ [ 69.161229493899398, 41.307339028927998 ], [ 69.161378065053952, 41.307212885167623 ] ] ] } },
{ "type": "Feature", "properties": { "Туман": "Учтепа", "Кўча": "Тўқимачи кўча", "Тури": "Наземные", "Эни(м)": 3, "Узунл": 16 }, "geometry": { "type": "MultiLineString", "coordinates": [ [ [ 69.161458198223102, 41.307199099794381 ], [ 69.161634914407102, 41.307262899027442 ] ] ] } },
{ "type": "Feature", "properties": { "Туман": "Учтепа", "Кўча": "Кўкча Дарвоза кўча", "Тури": "Наземные", "Эни(м)": 3, "Узунл": 19 }, "geometry": { "type": "MultiLineString", "coordinates": [ [ [ 69.161617645036671, 41.307612664336588 ], [ 69.161694563503531, 41.307456396216111 ] ] ] } },
{ "type": "Feature", "properties": { "Туман": "Учтепа", "Кўча": "Кўкча Дарвоза кўча", "Тури": "Наземные", "Эни(м)": 3, "Узунл": 17 }, "geometry": { "type": "MultiLineString", "coordinates": [ [ [ 69.157843048941317, 41.305223686472445 ], [ 69.157938159865537, 41.305089704443446 ] ] ] } },
{ "type": "Feature", "properties": { "Туман": "Учтепа", "Кўча": "Зулфизар кўча", "Тури": "Наземные", "Эни(м)": 3, "Узунл": 11 }, "geometry": { "type": "MultiLineString", "coordinates": [ [ [ 69.157917769811391, 41.304945086358288 ], [ 69.157784169857621, 41.304948148087959 ] ] ] } },
{ "type": "Feature", "properties": { "Туман": "Учтепа", "Кўча": "Кўкча Дарвоза кўча", "Тури": "Наземные", "Эни(м)": 3, "Узунл": 16 }, "geometry": { "type": "MultiLineString", "coordinates": [ [ [ 69.157595360535453, 41.30501029509545 ], [ 69.157567064800475, 41.305149222830842 ] ] ] } },
{ "type": "Feature", "properties": { "Туман": "Учтепа", "Кўча": "Зулфизар кўча", "Тури": "Наземные", "Эни(м)": 3, "Узунл": 15 }, "geometry": { "type": "MultiLineString", "coordinates": [ [ [ 69.157587187327977, 41.30518301799485 ], [ 69.157759035887949, 41.305210848262426 ] ] ] } },
{ "type": "Feature", "properties": { "Туман": "Учтепа", "Кўча": "Мақсуд Шайхзода кўча", "Тури": "Наземные", "Эни(м)": 3, "Узунл": 10 }, "geometry": { "type": "MultiLineString", "coordinates": [ [ [ 69.17628491478213, 41.272672340691827 ], [ 69.176361037964313, 41.272603139042019 ] ] ] } },
{ "type": "Feature", "properties": { "Туман": "Учтепа", "Кўча": "Бешқайрағоч кўча", "Тури": "Наземные", "Эни(м)": 3, "Узунл": 21 }, "geometry": { "type": "MultiLineString", "coordinates": [ [ [ 69.178561472344072, 41.321711822362573 ], [ 69.178675555924229, 41.321541093029886 ] ] ] } },
{ "type": "Feature", "properties": { "Туман": "Учтепа", "Кўча": "Бешқайрағоч кўча", "Тури": "Наземные", "Эни(м)": 3, "Узунл": 21 }, "geometry": { "type": "MultiLineString", "coordinates": [ [ [ 69.178782192382357, 41.321789199782067 ], [ 69.178893415724474, 41.321619913938399 ] ] ] } },
{ "type": "Feature", "properties": { "Туман": "Олмазор", "Кўча": "Нурафшон шоҳ кўча", "Тури": "Подземные", "Эни(м)": 4, "Узунл": 60 }, "geometry": { "type": "MultiLineString", "coordinates": [ [ [ 69.218507041242901, 41.332467787296522 ], [ 69.217937556495897, 41.332790287399241 ] ] ] } },
{ "type": "Feature", "properties": { "Туман": "Учтепа", "Кўча": "Фарҳод кўча", "Тури": "Наземные", "Эни(м)": 3, "Узунл": 42 }, "geometry": { "type": "MultiLineString", "coordinates": [ [ [ 69.178928037359469, 41.291953038709394 ], [ 69.179114805248858, 41.291950589367964 ], [ 69.179037901662198, 41.291828731088152 ] ], [ [ 69.179221583534201, 41.29200619479132 ], [ 69.179114805248858, 41.291950589367964 ] ] ] } },
{ "type": "Feature", "properties": { "Туман": "Учтепа", "Кўча": "Истироҳат кўча", "Тури": "Наземные", "Эни(м)": 3, "Узунл": 14 }, "geometry": { "type": "MultiLineString", "coordinates": [ [ [ 69.163268738261934, 41.32498921546707 ], [ 69.163362360968136, 41.324885197866323 ] ] ] } },
{ "type": "Feature", "properties": { "Туман": "Учтепа", "Кўча": "Истироҳат кўча", "Тури": "Наземные", "Эни(м)": 3, "Узунл": 10 }, "geometry": { "type": "MultiLineString", "coordinates": [ [ [ 69.162924011859175, 41.325253311508426 ], [ 69.163003072567506, 41.325181129522818 ] ] ] } },
{ "type": "Feature", "properties": { "Туман": "Учтепа", "Кўча": "Истироҳат кўча", "Тури": "Наземные", "Эни(м)": 3, "Узунл": 12 }, "geometry": { "type": "MultiLineString", "coordinates": [ [ [ 69.163123309135742, 41.32538743014139 ], [ 69.163150610295162, 41.325282857411416 ] ] ] } },
{ "type": "Feature", "properties": { "Туман": "Учтепа", "Кўча": "Истироҳат кўча", "Тури": "Наземные", "Эни(м)": 3, "Узунл": 8 }, "geometry": { "type": "MultiLineString", "coordinates": [ [ [ 69.162904370388645, 41.324629381449469 ], [ 69.162836457034814, 41.324681419930627 ] ] ] } },
{ "type": "Feature", "properties": { "Туман": "Учтепа", "Кўча": "Фозилтепа кўча", "Тури": "Наземные", "Эни(м)": 3, "Узунл": 21 }, "geometry": { "type": "MultiLineString", "coordinates": [ [ [ 69.164436025172463, 41.283259490652888 ], [ 69.164670013505628, 41.283204616305284 ] ] ] } },
{ "type": "Feature", "properties": { "Туман": "Учтепа", "Кўча": "Изза кўча", "Тури": "Наземные", "Эни(м)": 3, "Узунл": 13 }, "geometry": { "type": "MultiLineString", "coordinates": [ [ [ 69.164310143176948, 41.28317526340291 ], [ 69.164306400499797, 41.283055800397648 ] ] ] } },
{ "type": "Feature", "properties": { "Туман": "Учтепа", "Кўча": "Фозилтепа кўча", "Тури": "Наземные", "Эни(м)": 3, "Узунл": 18 }, "geometry": { "type": "MultiLineString", "coordinates": [ [ [ 69.164357859940452, 41.28298170850934 ], [ 69.164567821356215, 41.282956735754361 ] ] ] } },
{ "type": "Feature", "properties": { "Туман": "Олмазор", "Кўча": "Қамарнисо кўча", "Тури": "Наземные", "Эни(м)": 3, "Узунл": 13 }, "geometry": { "type": "MultiLineString", "coordinates": [ [ [ 69.187817769159466, 41.363070263677429 ], [ 69.187713397873949, 41.362981200499867 ] ] ] } },
{ "type": "Feature", "properties": { "Туман": "Олмазор", "Кўча": "Олтинсой кўча", "Тури": "Наземные", "Эни(м)": 3, "Узунл": 13 }, "geometry": { "type": "MultiLineString", "coordinates": [ [ [ 69.238806326733396, 41.355947178556754 ], [ 69.238959117650822, 41.355941104411357 ] ] ] } },
{ "type": "Feature", "properties": { "Туман": "Олмазор", "Кўча": "Шимолий Олмазор кўча", "Тури": "Наземные", "Эни(м)": 3, "Узунл": 24 }, "geometry": { "type": "MultiLineString", "coordinates": [ [ [ 69.252965793013573, 41.354564031038372 ], [ 69.253252253306457, 41.354549008527918 ] ] ] } },
{ "type": "Feature", "properties": { "Туман": "Олмазор", "Кўча": "Шимолий Олмазор кўча", "Тури": "Наземные", "Эни(м)": 3, "Узунл": 28 }, "geometry": { "type": "MultiLineString", "coordinates": [ [ [ 69.252275968055287, 41.350041258705268 ], [ 69.252606276914875, 41.350010309909095 ] ] ] } },
{ "type": "Feature", "properties": { "Туман": "Олмазор", "Кўча": "Янги Олмазор кўча", "Тури": "Наземные", "Эни(м)": 3, "Узунл": 21 }, "geometry": { "type": "MultiLineString", "coordinates": [ [ [ 69.252228896380942, 41.350216950603404 ], [ 69.252252555025819, 41.350408319242781 ] ] ] } },
{ "type": "Feature", "properties": { "Туман": "Олмазор", "Кўча": "Шимолий Олмазор кўча", "Тури": "Наземные", "Эни(м)": 3, "Узунл": 27 }, "geometry": { "type": "MultiLineString", "coordinates": [ [ [ 69.252655612108768, 41.350420388387917 ], [ 69.25233100893368, 41.350445567808279 ] ] ] } },
{ "type": "Feature", "properties": { "Туман": "Олмазор", "Кўча": "Шимолий Олмазор кўча", "Тури": "Наземные", "Эни(м)": 3, "Узунл": 18 }, "geometry": { "type": "MultiLineString", "coordinates": [ [ [ 69.25080530899757, 41.340344626577746 ], [ 69.251014337374144, 41.340322582075828 ] ] ] } },
{ "type": "Feature", "properties": { "Туман": "Олмазор", "Кўча": "Нурафшон шоҳ кўча", "Тури": "Наземные", "Эни(м)": 3, "Узунл": 31 }, "geometry": { "type": "MultiLineString", "coordinates": [ [ [ 69.251086269938341, 41.340156910922374 ], [ 69.250952546721734, 41.339896697520878 ] ] ] } },
{ "type": "Feature", "properties": { "Туман": "Олмазор", "Кўча": "Чимбой кўча", "Тури": "Наземные", "Эни(м)": 3, "Узунл": 22 }, "geometry": { "type": "MultiLineString", "coordinates": [ [ [ 69.220099538094388, 41.33962088927327 ], [ 69.220351843203389, 41.339688051489397 ] ] ] } },
{ "type": "Feature", "properties": { "Туман": "Олмазор", "Кўча": "Форобий кўча", "Тури": "Наземные", "Эни(м)": 3, "Узунл": 18 }, "geometry": { "type": "MultiLineString", "coordinates": [ [ [ 69.220035171603541, 41.339504432694433 ], [ 69.219953521481941, 41.339359224008504 ] ] ] } },
{ "type": "Feature", "properties": { "Туман": "Олмазор", "Кўча": "Кичик ҳалқа йўли кўча", "Тури": "Наземные", "Эни(м)": 3, "Узунл": 37 }, "geometry": { "type": "MultiLineString", "coordinates": [ [ [ 69.207077316493269, 41.339299634018616 ], [ 69.207445284010419, 41.339110428963586 ] ] ] } },
{ "type": "Feature", "properties": { "Туман": "Олмазор", "Кўча": "Беруний кўча", "Тури": "Наземные", "Эни(м)": 3, "Узунл": 28 }, "geometry": { "type": "MultiLineString", "coordinates": [ [ [ 69.2074393746379, 41.339053589033341 ], [ 69.207242991175974, 41.33885100782117 ] ] ] } },
{ "type": "Feature", "properties": { "Туман": "Шайхонтоҳур", "Кўча": "Кичик ҳалқа йўли кўча", "Тури": "Наземные", "Эни(м)": 3, "Узунл": 18 }, "geometry": { "type": "MultiLineString", "coordinates": [ [ [ 69.206765155364621, 41.339020260090699 ], [ 69.206941486766013, 41.338921354198803 ] ] ] } },
{ "type": "Feature", "properties": { "Туман": "Шайхонтоҳур", "Кўча": "Кичик ҳалқа йўли кўча", "Тури": "Наземные", "Эни(м)": 3, "Узунл": 10 }, "geometry": { "type": "MultiLineString", "coordinates": [ [ [ 69.207049217112043, 41.338868987446759 ], [ 69.207148359546295, 41.338818435119357 ] ] ] } },
{ "type": "Feature", "properties": { "Туман": "Шайхонтоҳур", "Кўча": "Кичик ҳалқа йўли кўча", "Тури": "Наземные", "Эни(м)": 3, "Узунл": 6 }, "geometry": { "type": "MultiLineString", "coordinates": [ [ [ 69.207198446890999, 41.338805391664309 ], [ 69.207244133702545, 41.338759613053256 ] ] ] } },
{ "type": "Feature", "properties": { "Туман": "Олмазор", "Кўча": "Беруний кўча", "Тури": "Наземные", "Эни(м)": 3, "Узунл": 4 }, "geometry": { "type": "MultiLineString", "coordinates": [ [ [ 69.2074848135682, 41.339080133350492 ], [ 69.207528264063257, 41.339081854082529 ] ] ] } },
{ "type": "Feature", "properties": { "Туман": "Олмазор", "Кўча": "Беруний кўча", "Тури": "Наземные", "Эни(м)": 3, "Узунл": 23 }, "geometry": { "type": "MultiLineString", "coordinates": [ [ [ 69.206916109039625, 41.339350297876642 ], [ 69.206744686187051, 41.339190128976519 ] ] ] } },
{ "type": "Feature", "properties": { "Туман": "Шайхонтоҳур", "Кўча": "Қоратош кўча", "Тури": "Наземные", "Эни(м)": 3, "Узунл": 35 }, "geometry": { "type": "MultiLineString", "coordinates": [ [ [ 69.236151341607439, 41.314260904381214 ], [ 69.235918582976097, 41.314001311488227 ] ] ] } },
{ "type": "Feature", "properties": { "Туман": "Олмазор", "Кўча": "Шифонур кўча", "Тури": "Наземные", "Эни(м)": 3, "Узунл": 19 }, "geometry": { "type": "MultiLineString", "coordinates": [ [ [ 69.218667606553439, 41.350514720385739 ], [ 69.218891874247134, 41.350488505364488 ] ] ] } },
{ "type": "Feature", "properties": { "Туман": "Олмазор", "Кўча": "Кичик ҳалқа йўли кўча", "Тури": "Наземные", "Эни(м)": 3, "Узунл": 24 }, "geometry": { "type": "MultiLineString", "coordinates": [ [ [ 69.218171554708178, 41.350002753168098 ], [ 69.218403071690972, 41.349870505129495 ] ] ] } },
{ "type": "Feature", "properties": { "Туман": "Олмазор", "Кўча": "Кичик ҳалқа йўли кўча", "Тури": "Наземные", "Эни(м)": 3, "Узунл": 20 }, "geometry": { "type": "MultiLineString", "coordinates": [ [ [ 69.237914360530695, 41.348869763490057 ], [ 69.237892779182431, 41.348686421759396 ] ] ] } },
{ "type": "Feature", "properties": { "Туман": "Юнусобод", "Кўча": "Ҳасанбой кўча", "Тури": "Наземные", "Эни(м)": 3, "Узунл": 13 }, "geometry": { "type": "MultiLineString", "coordinates": [ [ [ 69.254923769896578, 41.392398173516824 ], [ 69.255028055769827, 41.392307682669241 ] ] ] } },
{ "type": "Feature", "properties": { "Туман": "Юнусобод", "Кўча": "Ҳасанбой кўча", "Тури": "Наземные", "Эни(м)": 3, "Узунл": 15 }, "geometry": { "type": "MultiLineString", "coordinates": [ [ [ 69.255133576520123, 41.392533098165451 ], [ 69.255257802366913, 41.392433250383398 ] ] ] } },
{ "type": "Feature", "properties": { "Туман": "Юнусобод", "Кўча": "Барака кўча", "Тури": "Наземные", "Эни(м)": 3, "Узунл": 9 }, "geometry": { "type": "MultiLineString", "coordinates": [ [ [ 69.255139445498898, 41.392331075204211 ], [ 69.255222395581399, 41.392379602870655 ] ] ] } },
{ "type": "Feature", "properties": { "Туман": "Юнусобод", "Кўча": "Юқори Қорақамиш кўча", "Тури": "Наземные", "Эни(м)": 3, "Узунл": 20 }, "geometry": { "type": "MultiLineString", "coordinates": [ [ [ 69.283691780599682, 41.382931646331222 ], [ 69.283868165572457, 41.382810864836436 ] ] ] } },
{ "type": "Feature", "properties": { "Туман": "Юнусобод", "Кўча": "Юқори Қорақамиш кўча", "Тури": "Наземные", "Эни(м)": 3, "Узунл": 30 }, "geometry": { "type": "MultiLineString", "coordinates": [ [ [ 69.284474960373146, 41.383459810601423 ], [ 69.284324039975701, 41.383531102070577 ], [ 69.284146278682101, 41.383554464290889 ] ] ] } },
{ "type": "Feature", "properties": { "Туман": "Юнусобод", "Кўча": "Катта ҳалқа йўли кўча", "Тури": "Наземные", "Эни(м)": 3, "Узунл": 43 }, "geometry": { "type": "MultiLineString", "coordinates": [ [ [ 69.289797030010504, 41.383776050885793 ], [ 69.289770570605427, 41.383386424110775 ] ] ] } },
{ "type": "Feature", "properties": { "Туман": "Юнусобод", "Кўча": "Катта ҳалқа йўли кўча", "Тури": "Наземные", "Эни(м)": 3, "Узунл": 43 }, "geometry": { "type": "MultiLineString", "coordinates": [ [ [ 69.290805485056239, 41.383830814650182 ], [ 69.29076802072143, 41.383747812937436 ], [ 69.290763188480369, 41.38373063279198 ], [ 69.29078952987372, 41.383451906794321 ] ] ] } },
{ "type": "Feature", "properties": { "Туман": "Юнусобод", "Кўча": "-", "Тури": "Наземные", "Эни(м)": 3, "Узунл": 41 }, "geometry": { "type": "MultiLineString", "coordinates": [ [ [ 69.290233419217813, 41.383948307315542 ], [ 69.290685482840587, 41.383795300443033 ] ] ] } },
{ "type": "Feature", "properties": { "Туман": "Юнусобод", "Кўча": "Амир Темур шоҳ кўча", "Тури": "Наземные", "Эни(м)": 3, "Узунл": 36 }, "geometry": { "type": "MultiLineString", "coordinates": [ [ [ 69.288532334292995, 41.356730575139146 ], [ 69.288744184276183, 41.356692793537498 ], [ 69.288951540112052, 41.356713763655101 ] ] ] } },
{ "type": "Feature", "properties": { "Туман": "Юнусобод", "Кўча": "Амир Темур шоҳ кўча", "Тури": "Наземные", "Эни(м)": 3, "Узунл": 38 }, "geometry": { "type": "MultiLineString", "coordinates": [ [ [ 69.282536592192073, 41.325427190992365 ], [ 69.282987756791513, 41.325375221415143 ] ] ] } },
{ "type": "Feature", "properties": { "Туман": "Юнусобод", "Кўча": "Ниёзбек йўли кўча", "Тури": "Наземные", "Эни(м)": 3, "Узунл": 18 }, "geometry": { "type": "MultiLineString", "coordinates": [ [ [ 69.283051225653097, 41.325548423378152 ], [ 69.283015361484274, 41.325385898875787 ] ] ] } },
{ "type": "Feature", "properties": { "Туман": "Юнусобод", "Кўча": "Шароф Рашидов кўча", "Тури": "Наземные", "Эни(м)": 3, "Узунл": 28 }, "geometry": { "type": "MultiLineString", "coordinates": [ [ [ 69.27277377990022, 41.323269438235585 ], [ 69.273106159062365, 41.323218505171148 ] ] ] } },
{ "type": "Feature", "properties": { "Туман": "Юнусобод", "Кўча": "Абдулла Қодирий кўча", "Тури": "Наземные", "Эни(м)": 3, "Узунл": 14 }, "geometry": { "type": "MultiLineString", "coordinates": [ [ [ 69.272572401917728, 41.323060023027317 ], [ 69.272546243738745, 41.322939737184292 ] ] ] } },
{ "type": "Feature", "properties": { "Туман": "Юнусобод", "Кўча": "Абдулла Қодирий кўча", "Тури": "Наземные", "Эни(м)": 3, "Узунл": 16 }, "geometry": { "type": "MultiLineString", "coordinates": [ [ [ 69.272430459706527, 41.322518794018222 ], [ 69.272364326298415, 41.322382842898939 ] ] ] } },
{ "type": "Feature", "properties": { "Туман": "Юнусобод", "Кўча": "Шароф Рашидов кўча", "Тури": "Наземные", "Эни(м)": 3, "Узунл": 34 }, "geometry": { "type": "MultiLineString", "coordinates": [ [ [ 69.272443868998636, 41.322316033551246 ], [ 69.272836915421678, 41.322230572561907 ] ] ] } },
{ "type": "Feature", "properties": { "Туман": "Юнусобод", "Кўча": "Истиқлол кўча", "Тури": "Наземные", "Эни(м)": 3, "Узунл": 19 }, "geometry": { "type": "MultiLineString", "coordinates": [ [ [ 69.280289152749177, 41.312564777591788 ], [ 69.280180197597559, 41.312414607852567 ] ] ] } },
{ "type": "Feature", "properties": { "Туман": "Юнусобод", "Кўча": "Истиқлол кўча, Амир Темур шоҳ кўча", "Тури": "Наземные", "Эни(м)": 3, "Узунл": 30 }, "geometry": { "type": "MultiLineString", "coordinates": [ [ [ 69.279733973051492, 41.312935052007354 ], [ 69.279653031724365, 41.312670196563268 ] ] ] } },
{ "type": "Feature", "properties": { "Туман": "Юнусобод", "Кўча": "Амир Темур шоҳ кўча", "Тури": "Наземные", "Эни(м)": 3, "Узунл": 20 }, "geometry": { "type": "MultiLineString", "coordinates": [ [ [ 69.280001169425617, 41.312985263714253 ], [ 69.280235706811141, 41.312952456896994 ] ] ] } },
{ "type": "Feature", "properties": { "Туман": "Юнусобод", "Кўча": "Истиқлол кўча", "Тури": "Наземные", "Эни(м)": 3, "Узунл": 34 }, "geometry": { "type": "MultiLineString", "coordinates": [ [ [ 69.281277275114633, 41.310578057797301 ], [ 69.281641552431736, 41.310449655481904 ] ] ] } },
{ "type": "Feature", "properties": { "Туман": "Юнусобод", "Кўча": "Амир Темур шоҳ кўча", "Тури": "Наземные", "Эни(м)": 3, "Узунл": 29 }, "geometry": { "type": "MultiLineString", "coordinates": [ [ [ 69.287031561995221, 41.348401481375973 ], [ 69.287377063180045, 41.348372189560877 ] ] ] } },
{ "type": "Feature", "properties": { "Туман": "Юнусобод", "Кўча": "Чингиз Айтматов кўча", "Тури": "Наземные", "Эни(м)": 3, "Узунл": 14 }, "geometry": { "type": "MultiLineString", "coordinates": [ [ [ 69.290635528871576, 41.324542220970301 ], [ 69.290803274041409, 41.324510616276456 ] ] ] } },
{ "type": "Feature", "properties": { "Туман": "Юнусобод", "Кўча": "Ниёзбек йўли кўча", "Тури": "Наземные", "Эни(м)": 3, "Узунл": 18 }, "geometry": { "type": "MultiLineString", "coordinates": [ [ [ 69.291088804164104, 41.324155898319958 ], [ 69.291040640855002, 41.323994612502148 ] ] ] } },
{ "type": "Feature", "properties": { "Туман": "Юнусобод", "Кўча": "Ниёзбек йўли-5 тор кўча", "Тури": "Наземные", "Эни(м)": 3, "Узунл": 11 }, "geometry": { "type": "MultiLineString", "coordinates": [ [ [ 69.291022339726425, 41.323982736622334 ], [ 69.290898428142071, 41.324022484663764 ] ] ] } },
{ "type": "Feature", "properties": { "Туман": "Мирзо Улуғбек", "Кўча": "Мунавварқори кўча", "Тури": "Наземные", "Эни(м)": 3, "Узунл": 31 }, "geometry": { "type": "MultiLineString", "coordinates": [ [ [ 69.37934124560978, 41.357208311519464 ], [ 69.379510767267746, 41.356959454946285 ] ] ] } },
{ "type": "Feature", "properties": { "Туман": "Мирзо Улуғбек", "Кўча": "Гулсанам кўча", "Тури": "Наземные", "Эни(м)": 3, "Узунл": 66 }, "geometry": { "type": "MultiLineString", "coordinates": [ [ [ 69.388598676966438, 41.353738595164174 ], [ 69.387915606834113, 41.353449663050867 ] ] ] } },
{ "type": "Feature", "properties": { "Туман": "Мирзо Улуғбек", "Кўча": "Буюк ипак йўли кўча", "Тури": "Наземные", "Эни(м)": 3, "Узунл": 25 }, "geometry": { "type": "MultiLineString", "coordinates": [ [ [ 69.388613448215281, 41.353722676631683 ], [ 69.388753516483902, 41.353528045908654 ] ] ] } },
{ "type": "Feature", "properties": { "Туман": "Мирзо Улуғбек", "Кўча": "Султония кўча", "Тури": "Наземные", "Эни(м)": 3, "Узунл": 10 }, "geometry": { "type": "MultiLineString", "coordinates": [ [ [ 69.365865784085358, 41.342711569827451 ], [ 69.365883861449603, 41.342621900926638 ] ] ] } },
{ "type": "Feature", "properties": { "Туман": "Мирзо Улуғбек", "Кўча": "Султония кўча", "Тури": "Наземные", "Эни(м)": 3, "Узунл": 12 }, "geometry": { "type": "MultiLineString", "coordinates": [ [ [ 69.366273262457426, 41.342375164354905 ], [ 69.366403055401349, 41.342328545329899 ] ] ] } },
{ "type": "Feature", "properties": { "Туман": "Мирзо Улуғбек", "Кўча": "Султония кўча", "Тури": "Наземные", "Эни(м)": 3, "Узунл": 6 }, "geometry": { "type": "MultiLineString", "coordinates": [ [ [ 69.366484326894351, 41.342353956513747 ], [ 69.366548252957188, 41.342378489430551 ] ] ] } },
{ "type": "Feature", "properties": { "Туман": "Мирзо Улуғбек", "Кўча": "Темур Малик кўча", "Тури": "Наземные", "Эни(м)": 3, "Узунл": 35 }, "geometry": { "type": "MultiLineString", "coordinates": [ [ [ 69.366535521419266, 41.341985546472635 ], [ 69.366710530561406, 41.342271558912209 ] ] ] } },
{ "type": "Feature", "properties": { "Туман": "Мирзо Улуғбек", "Кўча": "Ғазалкент кўча", "Тури": "Наземные", "Эни(м)": 3, "Узунл": 12 }, "geometry": { "type": "MultiLineString", "coordinates": [ [ [ 69.366412891290636, 41.341984070040105 ], [ 69.366285563126667, 41.342028347602849 ] ] ] } },
{ "type": "Feature", "properties": { "Туман": "Мирзо Улуғбек", "Кўча": "Ғазалкент кўча", "Тури": "Наземные", "Эни(м)": 3, "Узунл": 5 }, "geometry": { "type": "MultiLineString", "coordinates": [ [ [ 69.366174166446555, 41.342042237131729 ], [ 69.366118965828534, 41.342027477501041 ] ] ] } },
{ "type": "Feature", "properties": { "Туман": "Мирзо Улуғбек", "Кўча": "Темур Малик кўча", "Тури": "Наземные", "Эни(м)": 3, "Узунл": 27 }, "geometry": { "type": "MultiLineString", "coordinates": [ [ [ 69.370922237896792, 41.341365681887176 ], [ 69.370845361273936, 41.341132566469163 ] ] ] } },
{ "type": "Feature", "properties": { "Туман": "Мирзо Улуғбек", "Кўча": "Мингбулоқ кўча", "Тури": "Наземные", "Эни(м)": 3, "Узунл": 21 }, "geometry": { "type": "MultiLineString", "coordinates": [ [ [ 69.370230710178873, 41.34107760469513 ], [ 69.370481948369829, 41.341043191949268 ] ] ] } },
{ "type": "Feature", "properties": { "Туман": "Мирзо Улуғбек", "Кўча": "Шаҳриобод кўча", "Тури": "Наземные", "Эни(м)": 3, "Узунл": 22 }, "geometry": { "type": "MultiLineString", "coordinates": [ [ [ 69.341833245526246, 41.345981131558368 ], [ 69.34165904244999, 41.345830429566512 ] ] ] } },
{ "type": "Feature", "properties": { "Туман": "Мирзо Улуғбек", "Кўча": "Иброҳим Мўминов кўча", "Тури": "Наземные", "Эни(м)": 3, "Узунл": 21 }, "geometry": { "type": "MultiLineString", "coordinates": [ [ [ 69.341653873124741, 41.345789373013368 ], [ 69.341857646272558, 41.345673019845393 ] ] ] } },
{ "type": "Feature", "properties": { "Туман": "Мирзо Улуғбек", "Кўча": "Темур Малик кўча", "Тури": "Наземные", "Эни(м)": 3, "Узунл": 38 }, "geometry": { "type": "MultiLineString", "coordinates": [ [ [ 69.378161209690205, 41.338049836713644 ], [ 69.378575627486555, 41.338179157760244 ] ] ] } },
{ "type": "Feature", "properties": { "Туман": "Мирзо Улуғбек", "Кўча": "Темур Малик кўча", "Тури": "Наземные", "Эни(м)": 3, "Узунл": 14 }, "geometry": { "type": "MultiLineString", "coordinates": [ [ [ 69.378575957926657, 41.338022336569168 ], [ 69.378515952089927, 41.338140149005881 ] ] ] } },
{ "type": "Feature", "properties": { "Туман": "Мирзо Улуғбек", "Кўча": "-", "Тури": "Наземные", "Эни(м)": 3, "Узунл": 17 }, "geometry": { "type": "MultiLineString", "coordinates": [ [ [ 69.38124215958193, 41.337643421786986 ], [ 69.381288992525796, 41.337497647972263 ] ] ] } },
{ "type": "Feature", "properties": { "Туман": "Мирзо Улуғбек", "Кўча": "-", "Тури": "Наземные", "Эни(м)": 3, "Узунл": 13 }, "geometry": { "type": "MultiLineString", "coordinates": [ [ [ 69.379650599588558, 41.336566810472185 ], [ 69.379777166746607, 41.336501517913391 ] ] ] } },
{ "type": "Feature", "properties": { "Туман": "Мирзо Улуғбек", "Кўча": "-", "Тури": "Наземные", "Эни(м)": 3, "Узунл": 20 }, "geometry": { "type": "MultiLineString", "coordinates": [ [ [ 69.397855296900602, 41.336560861918066 ], [ 69.397705856573381, 41.336426027713109 ] ] ] } },
{ "type": "Feature", "properties": { "Туман": "Мирзо Улуғбек", "Кўча": "-", "Тури": "Наземные", "Эни(м)": 3, "Узунл": 16 }, "geometry": { "type": "MultiLineString", "coordinates": [ [ [ 69.398201067823422, 41.336700150831192 ], [ 69.398347307059055, 41.336614233843548 ] ] ] } },
{ "type": "Feature", "properties": { "Туман": "Мирзо Улуғбек", "Кўча": "-", "Тури": "Наземные", "Эни(м)": 3, "Узунл": 25 }, "geometry": { "type": "MultiLineString", "coordinates": [ [ [ 69.398335001274077, 41.336525598401536 ], [ 69.398167914471983, 41.336340419405857 ] ] ] } },
{ "type": "Feature", "properties": { "Туман": "Мирзо Улуғбек", "Кўча": "-", "Тури": "Наземные", "Эни(м)": 3, "Узунл": 14 }, "geometry": { "type": "MultiLineString", "coordinates": [ [ [ 69.397722065233253, 41.336240214554351 ], [ 69.397859106454689, 41.336169265213236 ] ] ] } },
{ "type": "Feature", "properties": { "Туман": "Мирзо Улуғбек", "Кўча": "-", "Тури": "Наземные", "Эни(м)": 3, "Узунл": 16 }, "geometry": { "type": "MultiLineString", "coordinates": [ [ [ 69.393119936654486, 41.337392971278298 ], [ 69.393079457496881, 41.337252158140778 ] ] ] } },
{ "type": "Feature", "properties": { "Туман": "Мирзо Улуғбек", "Кўча": "-", "Тури": "Наземные", "Эни(м)": 3, "Узунл": 18 }, "geometry": { "type": "MultiLineString", "coordinates": [ [ [ 69.406030763361656, 41.335084525582282 ], [ 69.405971559545023, 41.334924180488663 ] ] ] } },
{ "type": "Feature", "properties": { "Туман": "Мирзо Улуғбек", "Кўча": "-", "Тури": "Наземные", "Эни(м)": 3, "Узунл": 19 }, "geometry": { "type": "MultiLineString", "coordinates": [ [ [ 69.428098673561763, 41.332653191992755 ], [ 69.428166948046965, 41.332488650273277 ] ] ] } },
{ "type": "Feature", "properties": { "Туман": "Мирзо Улуғбек", "Кўча": "-", "Тури": "Наземные", "Эни(м)": 3, "Узунл": 16 }, "geometry": { "type": "MultiLineString", "coordinates": [ [ [ 69.434072328952396, 41.333881645239416 ], [ 69.434123400547591, 41.333739567782999 ] ] ] } },
{ "type": "Feature", "properties": { "Туман": "Мирзо Улуғбек", "Кўча": "-", "Тури": "Наземные", "Эни(м)": 3, "Узунл": 16 }, "geometry": { "type": "MultiLineString", "coordinates": [ [ [ 69.43465387327123, 41.33398866453367 ], [ 69.434706182100101, 41.333846582150279 ] ] ] } },
{ "type": "Feature", "properties": { "Туман": "Мирзо Улуғбек", "Кўча": "-", "Тури": "Наземные", "Эни(м)": 3, "Узунл": 21 }, "geometry": { "type": "MultiLineString", "coordinates": [ [ [ 69.428914830676405, 41.32661630923149 ], [ 69.429032734527325, 41.326562196198118 ], [ 69.429145335408379, 41.326549174796945 ] ] ] } },
{ "type": "Feature", "properties": { "Туман": "Мирзо Улуғбек", "Кўча": "-", "Тури": "Наземные", "Эни(м)": 3, "Узунл": 11 }, "geometry": { "type": "MultiLineString", "coordinates": [ [ [ 69.42911718990446, 41.32641159524826 ], [ 69.429151281821447, 41.326511814461121 ] ] ] } },
{ "type": "Feature", "properties": { "Туман": "Мирзо Улуғбек", "Кўча": "-", "Тури": "Наземные", "Эни(м)": 3, "Узунл": 5 }, "geometry": { "type": "MultiLineString", "coordinates": [ [ [ 69.429521220996392, 41.326840877299944 ], [ 69.4294567902773, 41.326835050267299 ] ] ] } },
{ "type": "Feature", "properties": { "Туман": "Мирзо Улуғбек", "Кўча": "-", "Тури": "Наземные", "Эни(м)": 3, "Узунл": 14 }, "geometry": { "type": "MultiLineString", "coordinates": [ [ [ 69.388327262045962, 41.324632589591303 ], [ 69.388469222915248, 41.324558367611495 ] ] ] } },
{ "type": "Feature", "properties": { "Туман": "Мирзо Улуғбек", "Кўча": "-", "Тури": "Наземные", "Эни(м)": 3, "Узунл": 12 }, "geometry": { "type": "MultiLineString", "coordinates": [ [ [ 69.388443661754437, 41.324215875862166 ], [ 69.388520987252136, 41.324308960390205 ] ] ] } },
{ "type": "Feature", "properties": { "Туман": "Мирзо Улуғбек", "Кўча": "-", "Тури": "Наземные", "Эни(м)": 3, "Узунл": 15 }, "geometry": { "type": "MultiLineString", "coordinates": [ [ [ 69.388016800603211, 41.324586497118091 ], [ 69.387902264385389, 41.324482802931037 ] ] ] } },
{ "type": "Feature", "properties": { "Туман": "Мирзо Улуғбек", "Кўча": "-", "Тури": "Наземные", "Эни(м)": 3, "Узунл": 15 }, "geometry": { "type": "MultiLineString", "coordinates": [ [ [ 69.388255656528997, 41.324042887530368 ], [ 69.388075009235124, 41.324066366388152 ] ] ] } },
{ "type": "Feature", "properties": { "Туман": "Мирзо Улуғбек", "Кўча": "-", "Тури": "Наземные", "Эни(м)": 3, "Узунл": 10 }, "geometry": { "type": "MultiLineString", "coordinates": [ [ [ 69.387881720079051, 41.324150562148567 ], [ 69.387792940228806, 41.324213869513841 ] ] ] } },
{ "type": "Feature", "properties": { "Туман": "Мирзо Улуғбек", "Кўча": "Янги Ўзбекистон шоҳ кўча", "Тури": "Наземные", "Эни(м)": 3, "Узунл": 24 }, "geometry": { "type": "MultiLineString", "coordinates": [ [ [ 69.388214353163903, 41.320004431757567 ], [ 69.388125196690225, 41.320211959606262 ] ] ] } },
{ "type": "Feature", "properties": { "Туман": "Мирзо Улуғбек", "Кўча": "Янги Ўзбекистон шоҳ кўча", "Тури": "Наземные", "Эни(м)": 3, "Узунл": 24 }, "geometry": { "type": "MultiLineString", "coordinates": [ [ [ 69.388855442466919, 41.32037191623678 ], [ 69.388927245860941, 41.320161646098946 ] ] ] } },
{ "type": "Feature", "properties": { "Туман": "Мирзо Улуғбек", "Кўча": "-", "Тури": "Наземные", "Эни(м)": 3, "Узунл": 16 }, "geometry": { "type": "MultiLineString", "coordinates": [ [ [ 69.388506104706295, 41.320552319370918 ], [ 69.388320240166365, 41.320529610170041 ] ] ] } },
{ "type": "Feature", "properties": { "Туман": "Мирзо Улуғбек", "Кўча": "Дўрмон йўли кўча", "Тури": "Наземные", "Эни(м)": 3, "Узунл": 26 }, "geometry": { "type": "MultiLineString", "coordinates": [ [ [ 69.364357945686692, 41.323074146551029 ], [ 69.364591616377794, 41.323232094084169 ] ] ] } },
{ "type": "Feature", "properties": { "Туман": "Мирзо Улуғбек", "Кўча": "Темур Малик кўча", "Тури": "Наземные", "Эни(м)": 3, "Узунл": 25 }, "geometry": { "type": "MultiLineString", "coordinates": [ [ [ 69.364889171099122, 41.323299293444038 ], [ 69.365096297414681, 41.32313808228016 ] ] ] } },
{ "type": "Feature", "properties": { "Туман": "Мирзо Улуғбек", "Кўча": "Темур Малик кўча", "Тури": "Наземные", "Эни(м)": 3, "Узунл": 30 }, "geometry": { "type": "MultiLineString", "coordinates": [ [ [ 69.364361130015439, 41.322978923995827 ], [ 69.364606469745468, 41.32278678869524 ] ] ] } },
{ "type": "Feature", "properties": { "Туман": "Мирзо Улуғбек", "Кўча": "Дўрмон йўли кўча", "Тури": "Наземные", "Эни(м)": 3, "Узунл": 25 }, "geometry": { "type": "MultiLineString", "coordinates": [ [ [ 69.35474089977437, 41.329169516265601 ], [ 69.35455668459538, 41.328989178941484 ] ] ] } },
{ "type": "Feature", "properties": { "Туман": "Мирзо Улуғбек", "Кўча": "Дўрмон йўли кўча", "Тури": "Наземные", "Эни(м)": 3, "Узунл": 26 }, "geometry": { "type": "MultiLineString", "coordinates": [ [ [ 69.355005508962421, 41.329013077039015 ], [ 69.35480393090306, 41.328835408725851 ] ] ] } },
{ "type": "Feature", "properties": { "Туман": "Мирзо Улуғбек", "Кўча": "Ғазалкент кўча", "Тури": "Наземные", "Эни(м)": 3, "Узунл": 12 }, "geometry": { "type": "MultiLineString", "coordinates": [ [ [ 69.354593828965264, 41.328912599483367 ], [ 69.354711096281491, 41.328843162496248 ] ] ] } },
{ "type": "Feature", "properties": { "Туман": "Мирзо Улуғбек", "Кўча": "Ғазалкент кўча", "Тури": "Наземные", "Эни(м)": 3, "Узунл": 7 }, "geometry": { "type": "MultiLineString", "coordinates": [ [ [ 69.354854084764682, 41.329177832022232 ], [ 69.354923520905359, 41.329138297134811 ] ] ] } },
{ "type": "Feature", "properties": { "Туман": "Мирзо Улуғбек", "Кўча": "Зиёлилар кўча", "Тури": "Наземные", "Эни(м)": 3, "Узунл": 26 }, "geometry": { "type": "MultiLineString", "coordinates": [ [ [ 69.33001431725468, 41.337628552599554 ], [ 69.330056515108595, 41.33740066888781 ] ] ] } },
{ "type": "Feature", "properties": { "Туман": "Мирзо Улуғбек", "Кўча": "Зиёлилар кўча", "Тури": "Наземные", "Эни(м)": 3, "Узунл": 24 }, "geometry": { "type": "MultiLineString", "coordinates": [ [ [ 69.330200224963306, 41.337654156099838 ], [ 69.330241249693245, 41.337439344039872 ] ] ] } },
{ "type": "Feature", "properties": { "Туман": "Мирзо Улуғбек", "Кўча": "-", "Тури": "Наземные", "Эни(м)": 3, "Узунл": 12 }, "geometry": { "type": "MultiLineString", "coordinates": [ [ [ 69.330009546991406, 41.337664970971879 ], [ 69.330149587661282, 41.337682304974003 ] ] ] } },
{ "type": "Feature", "properties": { "Туман": "Мирзо Улуғбек", "Кўча": "Қаландар кўча", "Тури": "Наземные", "Эни(м)": 3, "Узунл": 8 }, "geometry": { "type": "MultiLineString", "coordinates": [ [ [ 69.330108934574497, 41.337357579681864 ], [ 69.330204974863932, 41.337368505631773 ] ] ] } },
{ "type": "Feature", "properties": { "Туман": "Мирзо Улуғбек", "Кўча": "Зиёлилар кўча", "Тури": "Наземные", "Эни(м)": 3, "Узунл": 25 }, "geometry": { "type": "MultiLineString", "coordinates": [ [ [ 69.323401416567521, 41.336790879884639 ], [ 69.323444880067854, 41.336563928442544 ] ] ] } },
{ "type": "Feature", "properties": { "Туман": "Мирзо Улуғбек", "Кўча": "Зиёлилар кўча", "Тури": "Наземные", "Эни(м)": 3, "Узунл": 25 }, "geometry": { "type": "MultiLineString", "coordinates": [ [ [ 69.323795505903519, 41.336840178395974 ], [ 69.323837734203735, 41.336614163737458 ] ] ] } },
{ "type": "Feature", "properties": { "Туман": "Мирзо Улуғбек", "Кўча": "Кичик ҳалқа йўли кўча", "Тури": "Наземные", "Эни(м)": 3, "Узунл": 49 }, "geometry": { "type": "MultiLineString", "coordinates": [ [ [ 69.312472078601658, 41.331709473934005 ], [ 69.313023928310486, 41.331867595223251 ] ] ] } },
{ "type": "Feature", "properties": { "Туман": "Мирзо Улуғбек", "Кўча": "Кичик ҳалқа йўли кўча", "Тури": "Наземные", "Эни(м)": 3, "Узунл": 29 }, "geometry": { "type": "MultiLineString", "coordinates": [ [ [ 69.302665619727165, 41.333694067106116 ], [ 69.302741209797304, 41.333436234812822 ] ] ] } },
{ "type": "Feature", "properties": { "Туман": "Мирзо Улуғбек", "Кўча": "Оққўрғон кўча", "Тури": "Наземные", "Эни(м)": 3, "Узунл": 20 }, "geometry": { "type": "MultiLineString", "coordinates": [ [ [ 69.302850113691875, 41.333419146127902 ], [ 69.303084362669836, 41.333458668077959 ] ] ] } },
{ "type": "Feature", "properties": { "Туман": "Мирзо Улуғбек", "Кўча": "Кичик ҳалқа йўли кўча", "Тури": "Наземные", "Эни(м)": 3, "Узунл": 31 }, "geometry": { "type": "MultiLineString", "coordinates": [ [ [ 69.303326246000239, 41.333809009836223 ], [ 69.303375181437659, 41.333679130665786 ], [ 69.303400530194978, 41.33353717873819 ] ] ] } },
{ "type": "Feature", "properties": { "Туман": "Мирзо Улуғбек", "Кўча": "Қори Ниёзий кўча", "Тури": "Наземные", "Эни(м)": 3, "Узунл": 16 }, "geometry": { "type": "MultiLineString", "coordinates": [ [ [ 69.298399193278769, 41.324744034932152 ], [ 69.298593562448389, 41.324735129767404 ] ] ] } },
{ "type": "Feature", "properties": { "Туман": "Мирзо Улуғбек", "Кўча": "Мовароуннаҳр кўча", "Тури": "Наземные", "Эни(м)": 3, "Узунл": 23 }, "geometry": { "type": "MultiLineString", "coordinates": [ [ [ 69.294541890988938, 41.317304984840504 ], [ 69.294304955798154, 41.317204777480214 ] ] ] } },
{ "type": "Feature", "properties": { "Туман": "Мирзо Улуғбек", "Кўча": "Қаландар кўча", "Тури": "Наземные", "Эни(м)": 3, "Узунл": 16 }, "geometry": { "type": "MultiLineString", "coordinates": [ [ [ 69.326687313911179, 41.331117399165009 ], [ 69.326871912117213, 41.33113274380112 ] ] ] } },
{ "type": "Feature", "properties": { "Туман": "Мирзо Улуғбек", "Кўча": "Сайрам кўча", "Тури": "Наземные", "Эни(м)": 3, "Узунл": 22 }, "geometry": { "type": "MultiLineString", "coordinates": [ [ [ 69.324492156960105, 41.330724090092083 ], [ 69.324756014191564, 41.330740148101917 ] ] ] } },
{ "type": "Feature", "properties": { "Туман": "Мирзо Улуғбек", "Кўча": "Саёҳат кўча", "Тури": "Наземные", "Эни(м)": 3, "Узунл": 10 }, "geometry": { "type": "MultiLineString", "coordinates": [ [ [ 69.338776408706678, 41.32726182043185 ], [ 69.338899083352771, 41.327277328038235 ] ] ] } },
{ "type": "Feature", "properties": { "Туман": "Мирзо Улуғбек", "Кўча": "Салом кўча", "Тури": "Наземные", "Эни(м)": 3, "Узунл": 21 }, "geometry": { "type": "MultiLineString", "coordinates": [ [ [ 69.343546167330402, 41.327916970139178 ], [ 69.343798961063996, 41.327949819720224 ] ] ] } },
{ "type": "Feature", "properties": { "Туман": "Мирзо Улуғбек", "Кўча": "Мовароуннаҳр кўча", "Тури": "Наземные", "Эни(м)": 3, "Узунл": 17 }, "geometry": { "type": "MultiLineString", "coordinates": [ [ [ 69.295669854117605, 41.314843365670164 ], [ 69.295472818554103, 41.314803732929057 ] ] ] } },
{ "type": "Feature", "properties": { "Туман": "Мирзо Улуғбек", "Кўча": "Махатма Ганди кўча", "Тури": "Наземные", "Эни(м)": 3, "Узунл": 13 }, "geometry": { "type": "MultiLineString", "coordinates": [ [ [ 69.295752038592525, 41.314810483515252 ], [ 69.295805418077521, 41.314704865618658 ] ] ] } },
{ "type": "Feature", "properties": { "Туман": "Мирзо Улуғбек", "Кўча": "Мустақиллик шоҳ кўча", "Тури": "Наземные", "Эни(м)": 3, "Узунл": 24 }, "geometry": { "type": "MultiLineString", "coordinates": [ [ [ 69.289848262138861, 41.315662812651652 ], [ 69.289997248151977, 41.315476679305476 ] ] ] } },
{ "type": "Feature", "properties": { "Туман": "Мирзо Улуғбек", "Кўча": "Шастри кўча", "Тури": "Наземные", "Эни(м)": 3, "Узунл": 20 }, "geometry": { "type": "MultiLineString", "coordinates": [ [ [ 69.290031860882365, 41.315464457147215 ], [ 69.290242704663697, 41.31554700343866 ] ] ] } },
{ "type": "Feature", "properties": { "Туман": "Мирзо Улуғбек", "Кўча": "Темур Малик кўча", "Тури": "Наземные", "Эни(м)": 3, "Узунл": 54 }, "geometry": { "type": "MultiLineString", "coordinates": [ [ [ 69.361669573026802, 41.321257252351231 ], [ 69.362153145387623, 41.320930889212939 ] ] ] } },
{ "type": "Feature", "properties": { "Туман": "Мирзо Улуғбек", "Кўча": "Темур Малик кўча", "Тури": "Наземные", "Эни(м)": 3, "Узунл": 67 }, "geometry": { "type": "MultiLineString", "coordinates": [ [ [ 69.361214745905784, 41.320959974655089 ], [ 69.361821743867324, 41.320562282836136 ] ] ] } },
{ "type": "Feature", "properties": { "Туман": "Мирзо Улуғбек", "Кўча": "Олтинтепа кўча", "Тури": "Наземные", "Эни(м)": 3, "Узунл": 19 }, "geometry": { "type": "MultiLineString", "coordinates": [ [ [ 69.34709875791475, 41.323678692141101 ], [ 69.347270288275425, 41.32356802697317 ] ] ] } },
{ "type": "Feature", "properties": { "Туман": "Мирзо Улуғбек", "Кўча": "Олтинтепа кўча", "Тури": "Наземные", "Эни(м)": 3, "Узунл": 15 }, "geometry": { "type": "MultiLineString", "coordinates": [ [ [ 69.347356024980584, 41.323857139552644 ], [ 69.34750424205555, 41.323786682988626 ] ] ] } },
{ "type": "Feature", "properties": { "Туман": "Мирзо Улуғбек", "Кўча": "Салом кўча", "Тури": "Наземные", "Эни(м)": 3, "Узунл": 16 }, "geometry": { "type": "MultiLineString", "coordinates": [ [ [ 69.347340937134859, 41.323580882181481 ], [ 69.347471517238873, 41.323686902018018 ] ] ] } },
{ "type": "Feature", "properties": { "Туман": "Мирзо Улуғбек", "Кўча": "Салом кўча", "Тури": "Наземные", "Эни(м)": 3, "Узунл": 8 }, "geometry": { "type": "MultiLineString", "coordinates": [ [ [ 69.347104295360381, 41.323788823221136 ], [ 69.347175152509479, 41.323840883043324 ] ] ] } },
{ "type": "Feature", "properties": { "Туман": "Мирзо Улуғбек", "Кўча": "Олтинтепа кўча", "Тури": "Наземные", "Эни(м)": 3, "Узунл": 13 }, "geometry": { "type": "MultiLineString", "coordinates": [ [ [ 69.343219707264879, 41.320807345290213 ], [ 69.343335048851671, 41.320725323880247 ] ] ] } },
{ "type": "Feature", "properties": { "Туман": "Мирзо Улуғбек", "Кўча": "-", "Тури": "Наземные", "Эни(м)": 3, "Узунл": 8 }, "geometry": { "type": "MultiLineString", "coordinates": [ [ [ 69.310829595627879, 41.318737483350553 ], [ 69.310923597380921, 41.318716693416761 ] ] ] } },
{ "type": "Feature", "properties": { "Туман": "Мирзо Улуғбек", "Кўча": "-", "Тури": "Наземные", "Эни(м)": 3, "Узунл": 7 }, "geometry": { "type": "MultiLineString", "coordinates": [ [ [ 69.312090245178226, 41.318908628656878 ], [ 69.31202565200735, 41.318864931295671 ] ] ] } },
{ "type": "Feature", "properties": { "Туман": "Мирзо Улуғбек", "Кўча": "Темур Малик кўча", "Тури": "Наземные", "Эни(м)": 3, "Узунл": 8 }, "geometry": { "type": "MultiLineString", "coordinates": [ [ [ 69.362976458864281, 41.344562886500803 ], [ 69.36301199037662, 41.344492765523391 ] ] ] } },
{ "type": "Feature", "properties": { "Туман": "Мирзо Улуғбек", "Кўча": "Темур Малик кўча", "Тури": "Наземные", "Эни(м)": 3, "Узунл": 8 }, "geometry": { "type": "MultiLineString", "coordinates": [ [ [ 69.363333287112908, 41.344357334558175 ], [ 69.363239130647159, 41.344353897952502 ] ] ] } },
{ "type": "Feature", "properties": { "Туман": "Мирзо Улуғбек", "Кўча": "Темур Малик кўча", "Тури": "Наземные", "Эни(м)": 3, "Узунл": 7 }, "geometry": { "type": "MultiLineString", "coordinates": [ [ [ 69.362857255247278, 41.343952317905973 ], [ 69.36284953843537, 41.344012549905813 ] ] ] } },
{ "type": "Feature", "properties": { "Туман": "Мирзо Улуғбек", "Кўча": "Темур Малик кўча", "Тури": "Наземные", "Эни(м)": 3, "Узунл": 7 }, "geometry": { "type": "MultiLineString", "coordinates": [ [ [ 69.362571651171336, 41.34415811075926 ], [ 69.362649091075681, 41.344162534037793 ] ] ] } },
{ "type": "Feature", "properties": { "Туман": "Шайхонтоҳур", "Кўча": "Форобий кўча", "Тури": "Наземные", "Эни(м)": 3, "Узунл": 16 }, "geometry": { "type": "MultiLineString", "coordinates": [ [ [ 69.17824225128733, 41.349336865378753 ], [ 69.178266631443563, 41.349192142365972 ] ] ] } },
{ "type": "Feature", "properties": { "Туман": "Шайхонтоҳур", "Кўча": "Форобий кўча", "Тури": "Наземные", "Эни(м)": 3, "Узунл": 15 }, "geometry": { "type": "MultiLineString", "coordinates": [ [ [ 69.178770095451071, 41.349387386618311 ], [ 69.178769730310663, 41.34925390337375 ] ] ] } },
{ "type": "Feature", "properties": { "Туман": "Шайхонтоҳур", "Кўча": "Белтепа кўча", "Тури": "Наземные", "Эни(м)": 3, "Узунл": 31 }, "geometry": { "type": "MultiLineString", "coordinates": [ [ [ 69.178333451996878, 41.349165902155733 ], [ 69.17869895114444, 41.349191471925266 ] ] ] } },
{ "type": "Feature", "properties": { "Туман": "Олмазор", "Кўча": "Шифокорлар кўча", "Тури": "Наземные", "Эни(м)": 3, "Узунл": 23 }, "geometry": { "type": "MultiLineString", "coordinates": [ [ [ 69.178398541619515, 41.349413166388565 ], [ 69.178671108372939, 41.349428612273456 ] ] ] } },
{ "type": "Feature", "properties": { "Туман": "Учтепа", "Кўча": "Бекобод кўча", "Тури": "Наземные", "Эни(м)": 3, "Узунл": 9 }, "geometry": { "type": "MultiLineString", "coordinates": [ [ [ 69.174705389188944, 41.327463036144962 ], [ 69.17470144980183, 41.327379031010793 ] ] ] } },
{ "type": "Feature", "properties": { "Туман": "Учтепа", "Кўча": "Бешқайрағоч кўча", "Тури": "Наземные", "Эни(м)": 3, "Узунл": 24 }, "geometry": { "type": "MultiLineString", "coordinates": [ [ [ 69.175563533621428, 41.320535476764668 ], [ 69.175688077490179, 41.320343927859085 ] ] ] } },
{ "type": "Feature", "properties": { "Туман": "Учтепа", "Кўча": "Бешқайрағоч кўча", "Тури": "Наземные", "Эни(м)": 3, "Узунл": 22 }, "geometry": { "type": "MultiLineString", "coordinates": [ [ [ 69.175340435702282, 41.320452739070369 ], [ 69.175463789447164, 41.320278927918892 ] ] ] } },
{ "type": "Feature", "properties": { "Туман": "Учтепа", "Кўча": "Дилкаш кўча", "Тури": "Наземные", "Эни(м)": 3, "Узунл": 11 }, "geometry": { "type": "MultiLineString", "coordinates": [ [ [ 69.175593709300017, 41.320245125312056 ], [ 69.175716407982023, 41.320288810594235 ] ] ] } },
{ "type": "Feature", "properties": { "Туман": "Учтепа", "Кўча": "Катта ҳалқа йўли кўча", "Тури": "Наземные", "Эни(м)": 3, "Узунл": 25 }, "geometry": { "type": "MultiLineString", "coordinates": [ [ [ 69.154174233097237, 41.315019502857268 ], [ 69.15446254564317, 41.314950040371507 ] ] ] } },
{ "type": "Feature", "properties": { "Туман": "Учтепа", "Кўча": "Кўкча Дарвоза кўча", "Тури": "Наземные", "Эни(м)": 3, "Узунл": 14 }, "geometry": { "type": "MultiLineString", "coordinates": [ [ [ 69.155802725990824, 41.305305595046242 ], [ 69.155783861874895, 41.305181470325316 ] ] ] } },
{ "type": "Feature", "properties": { "Туман": "Учтепа", "Кўча": "Зулфизар кўча", "Тури": "Наземные", "Эни(м)": 3, "Узунл": 7 }, "geometry": { "type": "MultiLineString", "coordinates": [ [ [ 69.155839941044633, 41.30533821578895 ], [ 69.155922858745768, 41.305328768900026 ] ] ] } },
{ "type": "Feature", "properties": { "Туман": "Учтепа", "Кўча": "Шараф кўча", "Тури": "Наземные", "Эни(м)": 3, "Узунл": 16 }, "geometry": { "type": "MultiLineString", "coordinates": [ [ [ 69.163608304719219, 41.303539859775306 ], [ 69.163715698678416, 41.303419290648939 ] ] ] } },
{ "type": "Feature", "properties": { "Туман": "Мирзо Улуғбек", "Кўча": "Ғазалкент кўча", "Тури": "Наземные", "Эни(м)": 3, "Узунл": 6 }, "geometry": { "type": "MultiLineString", "coordinates": [ [ [ 69.36666078362957, 41.34191753262283 ], [ 69.366691584797891, 41.341864939818791 ] ] ] } },
{ "type": "Feature", "properties": { "Туман": "Чилонзор", "Кўча": "Бунёдкор шоҳ кўча", "Тури": "Подземные", "Эни(м)": 4, "Узунл": 39 }, "geometry": { "type": "MultiLineString", "coordinates": [ [ [ 69.227481566568258, 41.295508583417558 ], [ 69.227131265913371, 41.295736232164984 ] ] ] } },
{ "type": "Feature", "properties": { "Туман": "Чилонзор", "Кўча": "Новза кўча", "Тури": "Наземные", "Эни(м)": 3, "Узунл": 10 }, "geometry": { "type": "MultiLineString", "coordinates": [ [ [ 69.231602038435284, 41.299103099280416 ], [ 69.231503265245081, 41.299148672582 ] ] ] } },
{ "type": "Feature", "properties": { "Туман": "Чилонзор", "Кўча": "Сеул кўча", "Тури": "Наземные", "Эни(м)": 3, "Узунл": 13 }, "geometry": { "type": "MultiLineString", "coordinates": [ [ [ 69.230498044102063, 41.299433982342187 ], [ 69.230350500354518, 41.299475466151392 ] ] ] } },
{ "type": "Feature", "properties": { "Туман": "Шайхонтоҳур", "Кўча": "-", "Тури": "Наземные", "Эни(м)": 3, "Узунл": 6 }, "geometry": { "type": "MultiLineString", "coordinates": [ [ [ 69.231363061239648, 41.30015976996188 ], [ 69.231297562554545, 41.300156118970321 ] ] ] } },
{ "type": "Feature", "properties": { "Туман": "Шайхонтоҳур", "Кўча": "-", "Тури": "Наземные", "Эни(м)": 3, "Узунл": 12 }, "geometry": { "type": "MultiLineString", "coordinates": [ [ [ 69.231169983341573, 41.300169824536418 ], [ 69.231096761044213, 41.300267478951007 ] ] ] } },
{ "type": "Feature", "properties": { "Туман": "Шайхонтоҳур", "Кўча": "Қозирабод-2 тор кўча", "Тури": "Наземные", "Эни(м)": 3, "Узунл": 10 }, "geometry": { "type": "MultiLineString", "coordinates": [ [ [ 69.230831763067116, 41.300291879898566 ], [ 69.230783324860923, 41.300205484470339 ] ] ] } },
{ "type": "Feature", "properties": { "Туман": "Шайхонтоҳур", "Кўча": "Қозирабод-2 тор кўча", "Тури": "Наземные", "Эни(м)": 3, "Узунл": 11 }, "geometry": { "type": "MultiLineString", "coordinates": [ [ [ 69.230701539364517, 41.300155892710741 ], [ 69.230609153328444, 41.300090239745877 ] ] ] } },
{ "type": "Feature", "properties": { "Туман": "Чилонзор", "Кўча": "Сеул кўча", "Тури": "Наземные", "Эни(м)": 3, "Узунл": 4 }, "geometry": { "type": "MultiLineString", "coordinates": [ [ [ 69.23215207236116, 41.299878267995325 ], [ 69.232166988823423, 41.299841252346624 ] ] ] } },
{ "type": "Feature", "properties": { "Туман": "Чилонзор", "Кўча": "Сеул кўча", "Тури": "Наземные", "Эни(м)": 3, "Узунл": 6 }, "geometry": { "type": "MultiLineString", "coordinates": [ [ [ 69.232294969405743, 41.299783834650761 ], [ 69.232221956191097, 41.299782721091411 ] ] ] } },
{ "type": "Feature", "properties": { "Туман": "Чилонзор", "Кўча": "Сеул кўча", "Тури": "Наземные", "Эни(м)": 3, "Узунл": 7 }, "geometry": { "type": "MultiLineString", "coordinates": [ [ [ 69.230401482681373, 41.299709465958031 ], [ 69.230416880493678, 41.299650594462804 ] ] ] } },
{ "type": "Feature", "properties": { "Туман": "Чилонзор", "Кўча": "Сеул кўча", "Тури": "Наземные", "Эни(м)": 3, "Узунл": 11 }, "geometry": { "type": "MultiLineString", "coordinates": [ [ [ 69.230408879836318, 41.299594291543578 ], [ 69.230340582528001, 41.299507848369657 ] ] ] } },
{ "type": "Feature", "properties": { "Туман": "Чилонзор", "Кўча": "Сеул кўча", "Тури": "Наземные", "Эни(м)": 3, "Узунл": 17 }, "geometry": { "type": "MultiLineString", "coordinates": [ [ [ 69.230509294582859, 41.299621829691539 ], [ 69.230709946593592, 41.299626471214737 ] ] ] } },
{ "type": "Feature", "properties": { "Туман": "Яккасарой", "Кўча": "Шоҳжаҳон кўча", "Тури": "Наземные", "Эни(м)": 3, "Узунл": 12 }, "geometry": { "type": "MultiLineString", "coordinates": [ [ [ 69.25278506058126, 41.286535963113145 ], [ 69.252827005820095, 41.286431638731187 ] ] ] } },
{ "type": "Feature", "properties": { "Туман": "Чилонзор", "Кўча": "Муқимий кўча", "Тури": "Наземные", "Эни(м)": 3, "Узунл": 34 }, "geometry": { "type": "MultiLineString", "coordinates": [ [ [ 69.233438458393564, 41.28583290270609 ], [ 69.233314376760021, 41.285725559608032 ], [ 69.233185751164825, 41.285593848667538 ] ] ] } },
{ "type": "Feature", "properties": { "Туман": "Чилонзор", "Кўча": "Муқимий кўча", "Тури": "Наземные", "Эни(м)": 3, "Узунл": 33 }, "geometry": { "type": "MultiLineString", "coordinates": [ [ [ 69.233724229232479, 41.285655800433382 ], [ 69.233474885801684, 41.285422624275107 ] ] ] } },
{ "type": "Feature", "properties": { "Туман": "Чилонзор", "Кўча": "Арнасой кўча", "Тури": "Наземные", "Эни(м)": 3, "Узунл": 15 }, "geometry": { "type": "MultiLineString", "coordinates": [ [ [ 69.23318662316295, 41.285525759667991 ], [ 69.233332309404176, 41.285441406167919 ] ] ] } },
{ "type": "Feature", "properties": { "Туман": "Чилонзор", "Кўча": "Чўпонота кўча", "Тури": "Наземные", "Эни(м)": 3, "Узунл": 20 }, "geometry": { "type": "MultiLineString", "coordinates": [ [ [ 69.22380312194332, 41.275020272639452 ], [ 69.223655574808177, 41.274882703469181 ] ] ] } },
{ "type": "Feature", "properties": { "Туман": "Чилонзор", "Кўча": "Арнасой кўча", "Тури": "Наземные", "Эни(м)": 3, "Узунл": 26 }, "geometry": { "type": "MultiLineString", "coordinates": [ [ [ 69.223982611379455, 41.275049344047616 ], [ 69.224231709857122, 41.274906800334044 ] ] ] } },
{ "type": "Feature", "properties": { "Туман": "Чилонзор", "Кўча": "Катта Қаъни кўча", "Тури": "Наземные", "Эни(м)": 3, "Узунл": 13 }, "geometry": { "type": "MultiLineString", "coordinates": [ [ [ 69.174163101760186, 41.267182708139806 ], [ 69.174051469868729, 41.267098818330481 ] ] ] } },
{ "type": "Feature", "properties": { "Туман": "Чилонзор", "Кўча": "Ҳакимхон-5 тор кўча", "Тури": "Наземные", "Эни(м)": 3, "Узунл": 15 }, "geometry": { "type": "MultiLineString", "coordinates": [ [ [ 69.174037292852233, 41.266794547536733 ], [ 69.174183036295787, 41.266718674369784 ] ] ] } },
{ "type": "Feature", "properties": { "Туман": "Чилонзор", "Кўча": "Катта Қаъни кўча", "Тури": "Наземные", "Эни(м)": 3, "Узунл": 13 }, "geometry": { "type": "MultiLineString", "coordinates": [ [ [ 69.174525557617514, 41.266905606402737 ], [ 69.174415044290782, 41.266823396418829 ] ] ] } },
{ "type": "Feature", "properties": { "Туман": "Чилонзор", "Кўча": "Ал-Хоразмий кўча", "Тури": "Наземные", "Эни(м)": 3, "Узунл": 17 }, "geometry": { "type": "MultiLineString", "coordinates": [ [ [ 69.1873392902977, 41.261667108054212 ], [ 69.187541998389221, 41.261653328653608 ] ] ] } },
{ "type": "Feature", "properties": { "Туман": "Чилонзор", "Кўча": "Ал-Хоразмий кўча", "Тури": "Наземные", "Эни(м)": 3, "Узунл": 15 }, "geometry": { "type": "MultiLineString", "coordinates": [ [ [ 69.187614419890565, 41.26165741359938 ], [ 69.187789386457055, 41.261681505377638 ] ] ] } },
{ "type": "Feature", "properties": { "Туман": "Чилонзор", "Кўча": "Ал-Хоразмий кўча", "Тури": "Наземные", "Эни(м)": 3, "Узунл": 25 }, "geometry": { "type": "MultiLineString", "coordinates": [ [ [ 69.187474173279909, 41.261308798453307 ], [ 69.187763691676111, 41.261267137905797 ] ] ] } },
{ "type": "Feature", "properties": { "Туман": "Чилонзор", "Кўча": "Сўгаллиота кўча", "Тури": "Наземные", "Эни(м)": 3, "Узунл": 19 }, "geometry": { "type": "MultiLineString", "coordinates": [ [ [ 69.188560290882151, 41.260138608774817 ], [ 69.188573179739109, 41.259972151404931 ] ] ] } },
{ "type": "Feature", "properties": { "Туман": "Чилонзор", "Кўча": "Катта Хирмонтепа кўча", "Тури": "Наземные", "Эни(м)": 3, "Узунл": 19 }, "geometry": { "type": "MultiLineString", "coordinates": [ [ [ 69.188559605314921, 41.264934998252919 ], [ 69.18847226729585, 41.264781313932552 ] ] ] } },
{ "type": "Feature", "properties": { "Туман": "Чилонзор", "Кўча": "Ал-Хоразмий кўча", "Тури": "Наземные", "Эни(м)": 3, "Узунл": 32 }, "geometry": { "type": "MultiLineString", "coordinates": [ [ [ 69.188497452802451, 41.264629126545671 ], [ 69.188846923067004, 41.26451087174933 ] ] ] } },
{ "type": "Feature", "properties": { "Туман": "Чилонзор", "Кўча": "Ал-Хоразмий кўча", "Тури": "Наземные", "Эни(м)": 3, "Узунл": 23 }, "geometry": { "type": "MultiLineString", "coordinates": [ [ [ 69.18870469527748, 41.265026384464576 ], [ 69.188951779140865, 41.264944442341445 ] ] ] } },
{ "type": "Feature", "properties": { "Туман": "Чилонзор", "Кўча": "Гавҳар кўча", "Тури": "Наземные", "Эни(м)": 3, "Узунл": 28 }, "geometry": { "type": "MultiLineString", "coordinates": [ [ [ 69.196808939523251, 41.254469331471157 ], [ 69.196804836000098, 41.2542154809219 ] ] ] } },
{ "type": "Feature", "properties": { "Туман": "Чилонзор", "Кўча": "Бунёд кўча", "Тури": "Наземные", "Эни(м)": 3, "Узунл": 13 }, "geometry": { "type": "MultiLineString", "coordinates": [ [ [ 69.189332651385072, 41.253711889437518 ], [ 69.189456483786699, 41.253778932791178 ] ] ] } },
{ "type": "Feature", "properties": { "Туман": "Чилонзор", "Кўча": "Заргарлик кўча", "Тури": "Наземные", "Эни(м)": 3, "Узунл": 26 }, "geometry": { "type": "MultiLineString", "coordinates": [ [ [ 69.19389066770627, 41.275587291688993 ], [ 69.194063912227037, 41.275392824684715 ] ] ] } },
{ "type": "Feature", "properties": { "Туман": "Чилонзор", "Кўча": "Ал-Хоразмий кўча", "Тури": "Наземные", "Эни(м)": 3, "Узунл": 23 }, "geometry": { "type": "MultiLineString", "coordinates": [ [ [ 69.194554219713822, 41.275033067401736 ], [ 69.194791250964073, 41.274932636992041 ] ] ] } },
{ "type": "Feature", "properties": { "Туман": "Чилонзор", "Кўча": "Қатортол кўча", "Тури": "Наземные", "Эни(м)": 3, "Узунл": 6 }, "geometry": { "type": "MultiLineString", "coordinates": [ [ [ 69.197962655516136, 41.27909736782901 ], [ 69.19796584852034, 41.279047767862934 ] ] ] } },
{ "type": "Feature", "properties": { "Туман": "Чилонзор", "Кўча": "Кичик ҳалқа йўли кўча", "Тури": "Наземные", "Эни(м)": 3, "Узунл": 42 }, "geometry": { "type": "MultiLineString", "coordinates": [ [ [ 69.198364654834833, 41.278827268596288 ], [ 69.198037316134389, 41.278545395786217 ] ] ] } },
{ "type": "Feature", "properties": { "Туман": "Чилонзор", "Кўча": "Дилбанд-1 тор кўча", "Тури": "Наземные", "Эни(м)": 3, "Узунл": 31 }, "geometry": { "type": "MultiLineString", "coordinates": [ [ [ 69.168408633935826, 41.260822563939719 ], [ 69.168574519528761, 41.260784494756656 ], [ 69.168767252917192, 41.260790096517788 ] ] ] } },
{ "type": "Feature", "properties": { "Туман": "Чилонзор", "Кўча": "Сўгаллиота кўча", "Тури": "Наземные", "Эни(м)": 3, "Узунл": 17 }, "geometry": { "type": "MultiLineString", "coordinates": [ [ [ 69.168929651160099, 41.260695712592501 ], [ 69.168919224677438, 41.260540219255624 ] ] ] } },
{ "type": "Feature", "properties": { "Туман": "Чилонзор", "Кўча": "Қовунчи кўча", "Тури": "Наземные", "Эни(м)": 3, "Узунл": 21 }, "geometry": { "type": "MultiLineString", "coordinates": [ [ [ 69.154560999963365, 41.262835858696334 ], [ 69.154795085798796, 41.262896066474624 ] ] ] } },
{ "type": "Feature", "properties": { "Туман": "Чилонзор", "Кўча": "Гулистон кўча", "Тури": "Наземные", "Эни(м)": 3, "Узунл": 17 }, "geometry": { "type": "MultiLineString", "coordinates": [ [ [ 69.154368713023416, 41.263021886385317 ], [ 69.154457505604043, 41.262882229867252 ] ] ] } },
{ "type": "Feature", "properties": { "Туман": "Чилонзор", "Кўча": "Гулистон кўча", "Тури": "Наземные", "Эни(м)": 3, "Узунл": 18 }, "geometry": { "type": "MultiLineString", "coordinates": [ [ [ 69.154863690079324, 41.263170846146075 ], [ 69.154978120099258, 41.263037879439111 ] ] ] } },
{ "type": "Feature", "properties": { "Туман": "Учтепа", "Кўча": "Қовунчи кўча", "Тури": "Наземные", "Эни(м)": 3, "Узунл": 21 }, "geometry": { "type": "MultiLineString", "coordinates": [ [ [ 69.154500525633964, 41.263173855814131 ], [ 69.154734628495845, 41.263240788383719 ] ] ] } },
{ "type": "Feature", "properties": { "Туман": "Учтепа", "Кўча": "Гулистон кўча", "Тури": "Наземные", "Эни(м)": 3, "Узунл": 25 }, "geometry": { "type": "MultiLineString", "coordinates": [ [ [ 69.159963721316814, 41.265467080928808 ], [ 69.160117001408679, 41.265278576472276 ] ] ] } },
{ "type": "Feature", "properties": { "Туман": "Учтепа", "Кўча": "Қозигузар-10 тор кўча", "Тури": "Наземные", "Эни(м)": 3, "Узунл": 26 }, "geometry": { "type": "MultiLineString", "coordinates": [ [ [ 69.160061926770055, 41.265535872539445 ], [ 69.160304020997131, 41.265675913668936 ] ] ] } },
{ "type": "Feature", "properties": { "Туман": "Учтепа", "Кўча": "Қозигузар кўча", "Тури": "Наземные", "Эни(м)": 3, "Узунл": 17 }, "geometry": { "type": "MultiLineString", "coordinates": [ [ [ 69.160383047401069, 41.265646383082426 ], [ 69.160497474629722, 41.265515092126968 ] ] ] } },
{ "type": "Feature", "properties": { "Туман": "Чилонзор", "Кўча": "Сўгаллиота кўча", "Тури": "Наземные", "Эни(м)": 3, "Узунл": 19 }, "geometry": { "type": "MultiLineString", "coordinates": [ [ [ 69.160544930337338, 41.265331778094087 ], [ 69.160353102949955, 41.265246305592129 ] ] ] } },
{ "type": "Feature", "properties": { "Туман": "Чилонзор", "Кўча": "Фурқат кўча", "Тури": "Наземные", "Эни(м)": 3, "Узунл": 33 }, "geometry": { "type": "MultiLineString", "coordinates": [ [ [ 69.248435718098833, 41.302271524400638 ], [ 69.248054642023604, 41.302187305390639 ] ] ] } },
{ "type": "Feature", "properties": { "Туман": "Чилонзор", "Кўча": "Сеул кўча", "Тури": "Наземные", "Эни(м)": 3, "Узунл": 29 }, "geometry": { "type": "MultiLineString", "coordinates": [ [ [ 69.248002202714062, 41.30210877849251 ], [ 69.248084894092571, 41.301850734634733 ] ] ] } },
{ "type": "Feature", "properties": { "Туман": "Чилонзор", "Кўча": "Қатортол кўча", "Тури": "Наземные", "Эни(м)": 3, "Узунл": 18 }, "geometry": { "type": "MultiLineString", "coordinates": [ [ [ 69.201668919174523, 41.282661336485489 ], [ 69.201840774449551, 41.282569593234399 ] ] ] } },
{ "type": "Feature", "properties": { "Туман": "Чилонзор", "Кўча": "Қатортол кўча", "Тури": "Наземные", "Эни(м)": 3, "Узунл": 19 }, "geometry": { "type": "MultiLineString", "coordinates": [ [ [ 69.201402571505383, 41.282379246730834 ], [ 69.201580450964769, 41.282275605854409 ] ] ] } },
{ "type": "Feature", "properties": { "Туман": "Чилонзор", "Кўча": "Меҳр кўча", "Тури": "Наземные", "Эни(м)": 3, "Узунл": 17 }, "geometry": { "type": "MultiLineString", "coordinates": [ [ [ 69.201888745137907, 41.282401255696946 ], [ 69.201734468366936, 41.28229636774941 ] ] ] } },
{ "type": "Feature", "properties": { "Туман": "Чилонзор", "Кўча": "Дўмбиробод-4 тор кўча", "Тури": "Наземные", "Эни(м)": 3, "Узунл": 13 }, "geometry": { "type": "MultiLineString", "coordinates": [ [ [ 69.206881980300935, 41.263602842568133 ], [ 69.206823478282899, 41.26349778894221 ] ] ] } },
{ "type": "Feature", "properties": { "Туман": "Чилонзор", "Кўча": "Дўмбиробод кўча", "Тури": "Наземные", "Эни(м)": 3, "Узунл": 15 }, "geometry": { "type": "MultiLineString", "coordinates": [ [ [ 69.206848385243845, 41.263325832527187 ], [ 69.20701061760991, 41.263275247640351 ] ] ] } },
{ "type": "Feature", "properties": { "Туман": "Чилонзор", "Кўча": "Дўмбиробод-4 тор кўча", "Тури": "Наземные", "Эни(м)": 3, "Узунл": 10 }, "geometry": { "type": "MultiLineString", "coordinates": [ [ [ 69.207180745224136, 41.263422163856148 ], [ 69.207136244459392, 41.263337659725615 ] ] ] } },
{ "type": "Feature", "properties": { "Туман": "Чилонзор", "Кўча": "Бунёдкор шоҳ кўча", "Тури": "Наземные", "Эни(м)": 3, "Узунл": 35 }, "geometry": { "type": "MultiLineString", "coordinates": [ [ [ 69.1829553080631, 41.25043402384447 ], [ 69.183221176099266, 41.250185791627146 ] ] ] } },
{ "type": "Feature", "properties": { "Туман": "Чилонзор", "Кўча": "Заргарлик кўча", "Тури": "Наземные", "Эни(м)": 3, "Узунл": 18 }, "geometry": { "type": "MultiLineString", "coordinates": [ [ [ 69.159647351461047, 41.258075806442498 ], [ 69.159821622750073, 41.257983207748801 ] ] ] } },
{ "type": "Feature", "properties": { "Туман": "Чилонзор", "Кўча": "Заргарлик кўча", "Тури": "Наземные", "Эни(м)": 3, "Узунл": 20 }, "geometry": { "type": "MultiLineString", "coordinates": [ [ [ 69.159273207775797, 41.257699581524712 ], [ 69.159460776953694, 41.257594163024883 ] ] ] } },
{ "type": "Feature", "properties": { "Туман": "Чилонзор", "Кўча": "Қовунчи кўча", "Тури": "Наземные", "Эни(м)": 3, "Узунл": 19 }, "geometry": { "type": "MultiLineString", "coordinates": [ [ [ 69.159313911779762, 41.25799397005548 ], [ 69.159153655036562, 41.257869829892805 ] ] ] } },
{ "type": "Feature", "properties": { "Туман": "Чилонзор", "Кўча": "Бунёдкор шоҳ кўча", "Тури": "Наземные", "Эни(м)": 3, "Узунл": 30 }, "geometry": { "type": "MultiLineString", "coordinates": [ [ [ 69.166760420916418, 41.235636665994498 ], [ 69.166670482535835, 41.235519749363434 ], [ 69.166598710255158, 41.235400977521074 ] ] ] } },
{ "type": "Feature", "properties": { "Туман": "Чилонзор", "Кўча": "Бунёдкор шоҳ кўча", "Тури": "Наземные", "Эни(м)": 3, "Узунл": 38 }, "geometry": { "type": "MultiLineString", "coordinates": [ [ [ 69.167899210428331, 41.23899004822362 ], [ 69.168268177546949, 41.238787421054354 ] ] ] } },
{ "type": "Feature", "properties": { "Туман": "Чилонзор", "Кўча": "Бунёдкор шоҳ кўча", "Тури": "Наземные", "Эни(м)": 3, "Узунл": 8 }, "geometry": { "type": "MultiLineString", "coordinates": [ [ [ 69.16854382851804, 41.239043057731074 ], [ 69.168639479665401, 41.239022800269879 ] ] ] } },
{ "type": "Feature", "properties": { "Туман": "Чилонзор", "Кўча": "Катта ҳалқа йўли кўча", "Тури": "Наземные", "Эни(м)": 3, "Узунл": 29 }, "geometry": { "type": "MultiLineString", "coordinates": [ [ [ 69.168743542094589, 41.235207653248509 ], [ 69.168993538677384, 41.235384685755307 ] ] ] } },
{ "type": "Feature", "properties": { "Туман": "Чилонзор", "Кўча": "Бунёдкор шоҳ кўча", "Тури": "Наземные", "Эни(м)": 3, "Узунл": 10 }, "geometry": { "type": "MultiLineString", "coordinates": [ [ [ 69.240609276704447, 41.311588680092569 ], [ 69.240536766241618, 41.311658327238767 ] ] ] } },
{ "type": "Feature", "properties": { "Туман": "Шайхонтоҳур", "Кўча": "-", "Тури": "Наземные", "Эни(м)": 3, "Узунл": 22 }, "geometry": { "type": "MultiLineString", "coordinates": [ [ [ 69.240434863624586, 41.311650310390405 ], [ 69.240168102022892, 41.311663669100845 ] ] ] } },
{ "type": "Feature", "properties": { "Туман": "Шайхонтоҳур", "Кўча": "Қоратош кўча", "Тури": "Наземные", "Эни(м)": 3, "Узунл": 16 }, "geometry": { "type": "MultiLineString", "coordinates": [ [ [ 69.240152436730284, 41.311691134259078 ], [ 69.240174780016304, 41.311830993261331 ] ] ] } },
{ "type": "Feature", "properties": { "Туман": "Шайхонтоҳур", "Кўча": "-", "Тури": "Наземные", "Эни(м)": 3, "Узунл": 4 }, "geometry": { "type": "MultiLineString", "coordinates": [ [ [ 69.240120768896546, 41.311654166482221 ], [ 69.240089159808733, 41.311633200850963 ] ] ] } },
{ "type": "Feature", "properties": { "Туман": "Шайхонтоҳур", "Кўча": "Қоратош кўча", "Тури": "Наземные", "Эни(м)": 3, "Узунл": 17 }, "geometry": { "type": "MultiLineString", "coordinates": [ [ [ 69.240172102155356, 41.311927469714746 ], [ 69.240194505981464, 41.312083788064733 ] ] ] } },
{ "type": "Feature", "properties": { "Туман": "Шайхонтоҳур", "Кўча": "-", "Тури": "Наземные", "Эни(м)": 3, "Узунл": 8 }, "geometry": { "type": "MultiLineString", "coordinates": [ [ [ 69.240552459280025, 41.312133333446106 ], [ 69.240633607618534, 41.312103902531746 ] ] ] } },
{ "type": "Feature", "properties": { "Туман": "Шайхонтоҳур", "Кўча": "-", "Тури": "Наземные", "Эни(м)": 3, "Узунл": 16 }, "geometry": { "type": "MultiLineString", "coordinates": [ [ [ 69.240682051341082, 41.312085512935873 ], [ 69.240871159987506, 41.312062256979338 ] ] ] } },
{ "type": "Feature", "properties": { "Туман": "Чилонзор", "Кўча": "Ислом Каримов шоҳ кўча", "Тури": "Наземные", "Эни(м)": 3, "Узунл": 11 }, "geometry": { "type": "MultiLineString", "coordinates": [ [ [ 69.242942544431017, 41.311722313295014 ], [ 69.242984648361158, 41.311629868429698 ] ] ] } },
{ "type": "Feature", "properties": { "Туман": "Чилонзор", "Кўча": "Фурқат кўча", "Тури": "Наземные", "Эни(м)": 3, "Узунл": 14 }, "geometry": { "type": "MultiLineString", "coordinates": [ [ [ 69.242961420786031, 41.311580081796691 ], [ 69.242794066034065, 41.311582263741919 ] ] ] } },
{ "type": "Feature", "properties": { "Туман": "Чилонзор", "Кўча": "Фурқат кўча", "Тури": "Наземные", "Эни(м)": 3, "Узунл": 7 }, "geometry": { "type": "MultiLineString", "coordinates": [ [ [ 69.242669093612633, 41.31156698220245 ], [ 69.242620379617676, 41.311512219939424 ] ] ] } },
{ "type": "Feature", "properties": { "Туман": "Чилонзор", "Кўча": "Фурқат кўча", "Тури": "Наземные", "Эни(м)": 3, "Узунл": 6 }, "geometry": { "type": "MultiLineString", "coordinates": [ [ [ 69.243120180859293, 41.311549570870767 ], [ 69.243064505789391, 41.311579864169282 ] ] ] } },
{ "type": "Feature", "properties": { "Туман": "Шайхонтоҳур", "Кўча": "Ислом Каримов шоҳ кўча", "Тури": "Наземные", "Эни(м)": 3, "Узунл": 15 }, "geometry": { "type": "MultiLineString", "coordinates": [ [ [ 69.242815924863081, 41.311916893813354 ], [ 69.242889459277222, 41.31179695020753 ] ] ] } },
{ "type": "Feature", "properties": { "Туман": "Чилонзор", "Кўча": "Фурқат кўча", "Тури": "Подземные", "Эни(м)": 4, "Узунл": 127 }, "geometry": { "type": "MultiLineString", "coordinates": [ [ [ 69.243165909124215, 41.311453460618331 ], [ 69.243054334983952, 41.311453696261594 ], [ 69.242598945668959, 41.311291890895312 ], [ 69.242504035295426, 41.311207050208026 ], [ 69.242210691163848, 41.311410210942526 ], [ 69.242033053706322, 41.311419271536138 ] ], [ [ 69.242504035295426, 41.311207050208026 ], [ 69.242597204090757, 41.311149245689094 ], [ 69.242590987767386, 41.311108110074926 ] ] ] } },
{ "type": "Feature", "properties": { "Туман": "Чилонзор", "Кўча": "Гавҳар кўча", "Тури": "Наземные", "Эни(м)": 3, "Узунл": 30 }, "geometry": { "type": "MultiLineString", "coordinates": [ [ [ 69.195491865580024, 41.255814932622187 ], [ 69.195848105206139, 41.255810669515924 ] ] ] } },
{ "type": "Feature", "properties": { "Туман": "Чилонзор", "Кўча": "Новза кўча", "Тури": "Наземные", "Эни(м)": 3, "Узунл": 5 }, "geometry": { "type": "MultiLineString", "coordinates": [ [ [ 69.231436218809563, 41.299159222977401 ], [ 69.231388139871015, 41.299139976405371 ] ] ] } },
{ "type": "Feature", "properties": { "Туман": "Шайхонтоҳур", "Кўча": "Қозирабод-2 тор кўча", "Тури": "Наземные", "Эни(м)": 3, "Узунл": 10 }, "geometry": { "type": "MultiLineString", "coordinates": [ [ [ 69.231175497886994, 41.300104836805772 ], [ 69.231114720890275, 41.300028577923015 ] ] ] } },
{ "type": "Feature", "properties": { "Туман": "Чилонзор", "Кўча": "Ал-Хоразмий кўча", "Тури": "Наземные", "Эни(м)": 3, "Узунл": 26 }, "geometry": { "type": "MultiLineString", "coordinates": [ [ [ 69.188099545785462, 41.260168768580009 ], [ 69.187812056955281, 41.26008827898805 ] ] ] } },
{ "type": "Feature", "properties": { "Туман": "Чилонзор", "Кўча": "Сўгаллиота кўча", "Тури": "Наземные", "Эни(м)": 3, "Узунл": 18 }, "geometry": { "type": "MultiLineString", "coordinates": [ [ [ 69.187752929586111, 41.259986523891513 ], [ 69.187821708983137, 41.259833199149462 ] ] ] } },
{ "type": "Feature", "properties": { "Туман": "Чилонзор", "Кўча": "Ал-Хоразмий кўча", "Тури": "Наземные", "Эни(м)": 3, "Узунл": 23 }, "geometry": { "type": "MultiLineString", "coordinates": [ [ [ 69.188245712208314, 41.2596462141397 ], [ 69.188507732063059, 41.259696275949544 ] ] ] } },
{ "type": "Feature", "properties": { "Туман": "Чилонзор", "Кўча": "Катта Қаъни кўча", "Тури": "Наземные", "Эни(м)": 3, "Узунл": 10 }, "geometry": { "type": "MultiLineString", "coordinates": [ [ [ 69.187252295344621, 41.261618704524835 ], [ 69.187233585542856, 41.261530811859039 ] ] ] } },
{ "type": "Feature", "properties": { "Туман": "Чилонзор", "Кўча": "Кичик ҳалқа йўли кўча", "Тури": "Наземные", "Эни(м)": 3, "Узунл": 13 }, "geometry": { "type": "MultiLineString", "coordinates": [ [ [ 69.19793844637941, 41.279010389060566 ], [ 69.197846338683945, 41.278912235445837 ] ] ] } },
{ "type": "Feature", "properties": { "Туман": "Чилонзор", "Кўча": "Қатортол кўча", "Тури": "Наземные", "Эни(м)": 3, "Узунл": 14 }, "geometry": { "type": "MultiLineString", "coordinates": [ [ [ 69.198051277385929, 41.279024980713842 ], [ 69.198208286854083, 41.278994117314255 ] ] ] } },
{ "type": "Feature", "properties": { "Туман": "Учтепа", "Кўча": "-", "Тури": "Наземные", "Эни(м)": 3, "Узунл": 20 }, "geometry": { "type": "MultiLineString", "coordinates": [ [ [ 69.197803196393252, 41.278859392332897 ], [ 69.197600053039096, 41.278771545771811 ] ] ] } },
{ "type": "Feature", "properties": { "Туман": "Чилонзор", "Кўча": "Сўгаллиота кўча", "Тури": "Наземные", "Эни(м)": 3, "Узунл": 16 }, "geometry": { "type": "MultiLineString", "coordinates": [ [ [ 69.168294769832841, 41.260762346202036 ], [ 69.168278237917718, 41.260620843953397 ] ] ] } },
{ "type": "Feature", "properties": { "Туман": "Яккасарой", "Кўча": "Шоҳжаҳон кўча", "Тури": "Наземные", "Эни(м)": 3, "Узунл": 15 }, "geometry": { "type": "MultiLineString", "coordinates": [ [ [ 69.244511944376455, 41.284195011497694 ], [ 69.244458945466803, 41.284324875765478 ] ] ] } },
{ "type": "Feature", "properties": { "Туман": "Яккасарой", "Кўча": "Муқимий кўча", "Тури": "Наземные", "Эни(м)": 3, "Узунл": 34 }, "geometry": { "type": "MultiLineString", "coordinates": [ [ [ 69.23797680351943, 41.282994055338236 ], [ 69.237724422147409, 41.28275469957368 ] ] ] } },
{ "type": "Feature", "properties": { "Туман": "Яккасарой", "Кўча": "Муқимий кўча", "Тури": "Наземные", "Эни(м)": 3, "Узунл": 38 }, "geometry": { "type": "MultiLineString", "coordinates": [ [ [ 69.238418083880035, 41.282709651079401 ], [ 69.237989832082576, 41.282601502084589 ] ] ] } },
{ "type": "Feature", "properties": { "Туман": "Чилонзор", "Кўча": "Катта ҳалқа йўли кўча", "Тури": "Наземные", "Эни(м)": 3, "Узунл": 27 }, "geometry": { "type": "MultiLineString", "coordinates": [ [ [ 69.176931641091016, 41.229107791945289 ], [ 69.176849726738467, 41.22887586549485 ] ] ] } },
{ "type": "Feature", "properties": { "Туман": "Чилонзор", "Кўча": "Катта ҳалқа йўли кўча", "Тури": "Наземные", "Эни(м)": 3, "Узунл": 27 }, "geometry": { "type": "MultiLineString", "coordinates": [ [ [ 69.175502018016459, 41.229318059624553 ], [ 69.17544675834371, 41.229077461511672 ] ] ] } },
{ "type": "Feature", "properties": { "Туман": "Чилонзор", "Кўча": "Катта ҳалқа йўли кўча", "Тури": "Наземные", "Эни(м)": 3, "Узунл": 22 }, "geometry": { "type": "MultiLineString", "coordinates": [ [ [ 69.172457720418151, 41.230613259672459 ], [ 69.172683069946558, 41.230714874662212 ] ] ] } },
{ "type": "Feature", "properties": { "Туман": "Яккасарой", "Кўча": "Миробод кўча", "Тури": "Наземные", "Эни(м)": 3, "Узунл": 30 }, "geometry": { "type": "MultiLineString", "coordinates": [ [ [ 69.266229462187553, 41.301980282582569 ], [ 69.266540457239046, 41.302120383146963 ] ] ] } },
{ "type": "Feature", "properties": { "Туман": "Яккасарой", "Кўча": "Миробод кўча", "Тури": "Наземные", "Эни(м)": 3, "Узунл": 29 }, "geometry": { "type": "MultiLineString", "coordinates": [ [ [ 69.265971306558086, 41.302310069497295 ], [ 69.266274974997003, 41.302437385859385 ] ] ] } },
{ "type": "Feature", "properties": { "Туман": "Яккасарой", "Кўча": "Боғибўстон кўча", "Тури": "Наземные", "Эни(м)": 3, "Узунл": 17 }, "geometry": { "type": "MultiLineString", "coordinates": [ [ [ 69.230531145392703, 41.27043940949833 ], [ 69.230684728732598, 41.270342173086654 ] ] ] } },
{ "type": "Feature", "properties": { "Туман": "Яккасарой", "Кўча": "Чўпонота кўча", "Тури": "Наземные", "Эни(м)": 3, "Узунл": 17 }, "geometry": { "type": "MultiLineString", "coordinates": [ [ [ 69.230497405462074, 41.270495256822727 ], [ 69.230631131510734, 41.270610206247248 ] ] ] } },
{ "type": "Feature", "properties": { "Туман": "Яккасарой", "Кўча": "Боғибўстон кўча", "Тури": "Наземные", "Эни(м)": 3, "Узунл": 22 }, "geometry": { "type": "MultiLineString", "coordinates": [ [ [ 69.230722035280337, 41.27061093853402 ], [ 69.230931290435265, 41.270490729654867 ] ] ] } },
{ "type": "Feature", "properties": { "Туман": "Яккасарой", "Кўча": "Чўпонота кўча", "Тури": "Наземные", "Эни(м)": 3, "Узунл": 11 }, "geometry": { "type": "MultiLineString", "coordinates": [ [ [ 69.230904300915427, 41.270398427118877 ], [ 69.230819180479628, 41.270319043048019 ] ] ] } },
{ "type": "Feature", "properties": { "Туман": "Яккасарой", "Кўча": "Саъди Сирожиддинов кўча", "Тури": "Наземные", "Эни(м)": 3, "Узунл": 18 }, "geometry": { "type": "MultiLineString", "coordinates": [ [ [ 69.226957376658447, 41.273021065915529 ], [ 69.227126734350477, 41.272925632033854 ] ] ] } },
{ "type": "Feature", "properties": { "Туман": "Яккасарой", "Кўча": "Боғибўстон кўча", "Тури": "Наземные", "Эни(м)": 3, "Узунл": 15 }, "geometry": { "type": "MultiLineString", "coordinates": [ [ [ 69.222769549703088, 41.263347335741287 ], [ 69.222903787833644, 41.263264777799925 ] ] ] } },
{ "type": "Feature", "properties": { "Туман": "Яккасарой", "Кўча": "-", "Тури": "Наземные", "Эни(м)": 3, "Узунл": 12 }, "geometry": { "type": "MultiLineString", "coordinates": [ [ [ 69.26397079716854, 41.30147843979902 ], [ 69.264068105684004, 41.301553198830547 ] ] ] } },
{ "type": "Feature", "properties": { "Туман": "Яккасарой", "Кўча": "-", "Тури": "Наземные", "Эни(м)": 3, "Узунл": 10 }, "geometry": { "type": "MultiLineString", "coordinates": [ [ [ 69.264376646789842, 41.301687824381936 ], [ 69.264485923025006, 41.301723235632004 ] ] ] } },
{ "type": "Feature", "properties": { "Туман": "Яккасарой", "Кўча": "Юсуф Хос Ҳожиб кўча", "Тури": "Наземные", "Эни(м)": 3, "Узунл": 8 }, "geometry": { "type": "MultiLineString", "coordinates": [ [ [ 69.263996786219707, 41.302209913936466 ], [ 69.264070562344088, 41.302162195028551 ] ] ] } },
{ "type": "Feature", "properties": { "Туман": "Юнусобод", "Кўча": "Аҳмад Дониш кўча", "Тури": "Наземные", "Эни(м)": 3, "Узунл": 62 }, "geometry": { "type": "MultiLineString", "coordinates": [ [ [ 69.276103409736692, 41.359393556245557 ], [ 69.276482483101518, 41.358917154053714 ] ] ] } },
{ "type": "Feature", "properties": { "Туман": "Юнусобод", "Кўча": "Мойқўрғон кўча", "Тури": "Наземные", "Эни(м)": 3, "Узунл": 7 }, "geometry": { "type": "MultiLineString", "coordinates": [ [ [ 69.277741864277004, 41.360252814709135 ], [ 69.277829220901324, 41.360246202998212 ] ] ] } },
{ "type": "Feature", "properties": { "Туман": "Юнусобод", "Кўча": "Мойқўрғон кўча", "Тури": "Наземные", "Эни(м)": 3, "Узунл": 9 }, "geometry": { "type": "MultiLineString", "coordinates": [ [ [ 69.277919269364034, 41.360301764446859 ], [ 69.277948728029955, 41.360379417960111 ] ] ] } },
{ "type": "Feature", "properties": { "Туман": "Юнусобод", "Кўча": "Аҳмад Дониш кўча", "Тури": "Наземные", "Эни(м)": 3, "Узунл": 34 }, "geometry": { "type": "MultiLineString", "coordinates": [ [ [ 69.27995944574451, 41.36058120031651 ], [ 69.27975909640783, 41.360843208108278 ] ] ] } },
{ "type": "Feature", "properties": { "Туман": "Юнусобод", "Кўча": "Аҳмад Дониш кўча", "Тури": "Наземные", "Эни(м)": 3, "Узунл": 70 }, "geometry": { "type": "MultiLineString", "coordinates": [ [ [ 69.283488144581682, 41.362659240014629 ], [ 69.28391789585514, 41.362122337892593 ] ] ] } },
{ "type": "Feature", "properties": { "Туман": "Юнусобод", "Кўча": "Боғишамол кўча", "Тури": "Наземные", "Эни(м)": 3, "Узунл": 22 }, "geometry": { "type": "MultiLineString", "coordinates": [ [ [ 69.298937275928168, 41.341299332995746 ], [ 69.299049302269424, 41.341121646324986 ] ] ] } },
{ "type": "Feature", "properties": { "Туман": "Юнусобод", "Кўча": "Уста Ширин кўча", "Тури": "Наземные", "Эни(м)": 3, "Узунл": 15 }, "geometry": { "type": "MultiLineString", "coordinates": [ [ [ 69.267259276048009, 41.346812507144051 ], [ 69.267141152361106, 41.346709453054125 ] ] ] } },
{ "type": "Feature", "properties": { "Туман": "Юнусобод", "Кўча": "Боғиравон кўча", "Тури": "Наземные", "Эни(м)": 3, "Узунл": 12 }, "geometry": { "type": "MultiLineString", "coordinates": [ [ [ 69.267429247822164, 41.346834972569262 ], [ 69.267536961152913, 41.346766141485041 ] ] ] } },
{ "type": "Feature", "properties": { "Туман": "Юнусобод", "Кўча": "Боғиравон кўча", "Тури": "Наземные", "Эни(м)": 3, "Узунл": 14 }, "geometry": { "type": "MultiLineString", "coordinates": [ [ [ 69.267179749855003, 41.346652670037905 ], [ 69.267304406037752, 41.346572826915683 ] ] ] } },
{ "type": "Feature", "properties": { "Туман": "Юнусобод", "Кўча": "Уста Ширин кўча", "Тури": "Наземные", "Эни(м)": 3, "Узунл": 15 }, "geometry": { "type": "MultiLineString", "coordinates": [ [ [ 69.26756911317608, 41.346617017911029 ], [ 69.267458273561701, 41.346514861618715 ] ] ] } },
{ "type": "Feature", "properties": { "Туман": "Олмазор", "Кўча": "Қорақамиш-1 кўча", "Тури": "Наземные", "Эни(м)": 3, "Узунл": 26 }, "geometry": { "type": "MultiLineString", "coordinates": [ [ [ 69.214593047638402, 41.37032932863567 ], [ 69.214907448776003, 41.370332399560823 ] ] ] } },
{ "type": "Feature", "properties": { "Туман": "Олмазор", "Кўча": "Келес йўли кўча", "Тури": "Наземные", "Эни(м)": 3, "Узунл": 24 }, "geometry": { "type": "MultiLineString", "coordinates": [ [ [ 69.225050866388585, 41.364717489953009 ], [ 69.225339761538564, 41.364723325492839 ] ] ] } },
{ "type": "Feature", "properties": { "Туман": "Олмазор", "Кўча": "Норазтепа кўча", "Тури": "Наземные", "Эни(м)": 3, "Узунл": 18 }, "geometry": { "type": "MultiLineString", "coordinates": [ [ [ 69.225487251366189, 41.364636431221705 ], [ 69.22549108245606, 41.364478541696336 ] ] ] } },
{ "type": "Feature", "properties": { "Туман": "Олмазор", "Кўча": "Сағбон кўча", "Тури": "Наземные", "Эни(м)": 3, "Узунл": 29 }, "geometry": { "type": "MultiLineString", "coordinates": [ [ [ 69.225057092518867, 41.36441088792165 ], [ 69.225400557586525, 41.36440290046643 ] ] ] } },
{ "type": "Feature", "properties": { "Туман": "Олмазор", "Кўча": "Сағбон кўча", "Тури": "Наземные", "Эни(м)": 3, "Узунл": 35 }, "geometry": { "type": "MultiLineString", "coordinates": [ [ [ 69.225514311221971, 41.36157585541693 ], [ 69.225107537816186, 41.361522701719878 ] ] ] } },
{ "type": "Feature", "properties": { "Туман": "Олмазор", "Кўча": "Сағбон-11 тор кўча", "Тури": "Наземные", "Эни(м)": 3, "Узунл": 17 }, "geometry": { "type": "MultiLineString", "coordinates": [ [ [ 69.225082992995866, 41.361444110637294 ], [ 69.225094610022239, 41.361293210589004 ] ] ] } },
{ "type": "Feature", "properties": { "Туман": "Олмазор", "Кўча": "Сағбон-12 тор кўча", "Тури": "Наземные", "Эни(м)": 3, "Узунл": 20 }, "geometry": { "type": "MultiLineString", "coordinates": [ [ [ 69.225701947246819, 41.361434668746469 ], [ 69.225713468056739, 41.361256336583381 ] ] ] } },
{ "type": "Feature", "properties": { "Туман": "Олмазор", "Кўча": "Сағбон кўча", "Тури": "Наземные", "Эни(м)": 3, "Узунл": 41 }, "geometry": { "type": "MultiLineString", "coordinates": [ [ [ 69.22517115131582, 41.361139897504941 ], [ 69.225655617298742, 41.361198385118676 ] ] ] } },
{ "type": "Feature", "properties": { "Туман": "Олмазор", "Кўча": "Олтинсой кўча", "Тури": "Наземные", "Эни(м)": 3, "Узунл": 24 }, "geometry": { "type": "MultiLineString", "coordinates": [ [ [ 69.238943237227659, 41.361221856370179 ], [ 69.239211743154925, 41.361298108841325 ] ] ] } },
{ "type": "Feature", "properties": { "Туман": "Олмазор", "Кўча": "Қорасарой кўча", "Тури": "Наземные", "Эни(м)": 3, "Узунл": 16 }, "geometry": { "type": "MultiLineString", "coordinates": [ [ [ 69.239296580703353, 41.361265013783139 ], [ 69.239345819223047, 41.361122263749934 ] ] ] } },
{ "type": "Feature", "properties": { "Туман": "Олмазор", "Кўча": "Олтинсой кўча", "Тури": "Наземные", "Эни(м)": 3, "Узунл": 18 }, "geometry": { "type": "MultiLineString", "coordinates": [ [ [ 69.239012062318935, 41.360958821160452 ], [ 69.239220952800821, 41.360995877867104 ] ] ] } },
{ "type": "Feature", "properties": { "Туман": "Олмазор", "Кўча": "Келес йўли кўча", "Тури": "Наземные", "Эни(м)": 3, "Узунл": 29 }, "geometry": { "type": "MultiLineString", "coordinates": [ [ [ 69.219078991896026, 41.379948655853198 ], [ 69.21935512805176, 41.380111808333453 ] ] ] } },
{ "type": "Feature", "properties": { "Туман": "Олмазор", "Кўча": "Истиқлол кўча", "Тури": "Наземные", "Эни(м)": 3, "Узунл": 23 }, "geometry": { "type": "MultiLineString", "coordinates": [ [ [ 69.219105399926249, 41.379858993871224 ], [ 69.219230092329852, 41.379753599794626 ], [ 69.219222596262227, 41.379690520118558 ] ] ] } },
{ "type": "Feature", "properties": { "Туман": "Олмазор", "Кўча": "Келес йўли кўча", "Тури": "Наземные", "Эни(м)": 3, "Узунл": 28 }, "geometry": { "type": "MultiLineString", "coordinates": [ [ [ 69.219450612815066, 41.379624248340946 ], [ 69.219714558949732, 41.379772792731593 ] ] ] } },
{ "type": "Feature", "properties": { "Туман": "Олмазор", "Кўча": "Узумбоғ кўча", "Тури": "Наземные", "Эни(м)": 3, "Узунл": 25 }, "geometry": { "type": "MultiLineString", "coordinates": [ [ [ 69.219869912020059, 41.379759694337558 ], [ 69.219786269999759, 41.37979734472983 ], [ 69.219717544055015, 41.379938294362837 ] ] ] } },
{ "type": "Feature", "properties": { "Туман": "Олмазор", "Кўча": "Алломалар кўча", "Тури": "Наземные", "Эни(м)": 3, "Узунл": 12 }, "geometry": { "type": "MultiLineString", "coordinates": [ [ [ 69.176101618803301, 41.356910806542821 ], [ 69.176209442753091, 41.356841146412016 ] ] ] } },
{ "type": "Feature", "properties": { "Туман": "Олмазор", "Кўча": "Соғлом авлод кўча", "Тури": "Наземные", "Эни(м)": 3, "Узунл": 20 }, "geometry": { "type": "MultiLineString", "coordinates": [ [ [ 69.176234590644498, 41.356715833855191 ], [ 69.176074037153739, 41.356583490274723 ] ] ] } },
{ "type": "Feature", "properties": { "Туман": "Олмазор", "Кўча": "Бешқўрғон кўча", "Тури": "Наземные", "Эни(м)": 3, "Узунл": 24 }, "geometry": { "type": "MultiLineString", "coordinates": [ [ [ 69.20431554198467, 41.366929980906946 ], [ 69.204361380083114, 41.366838458784798 ], [ 69.204311254132278, 41.366723332462058 ] ] ] } },
{ "type": "Feature", "properties": { "Туман": "Олмазор", "Кўча": "Қорақамиш-4 кўча", "Тури": "Наземные", "Эни(м)": 3, "Узунл": 19 }, "geometry": { "type": "MultiLineString", "coordinates": [ [ [ 69.204374030199958, 41.367002115230129 ], [ 69.204602155190798, 41.366979764101274 ] ] ] } },
{ "type": "Feature", "properties": { "Туман": "Олмазор", "Кўча": "Нурафшон шоҳ кўча", "Тури": "Наземные", "Эни(м)": 3, "Узунл": 78 }, "geometry": { "type": "MultiLineString", "coordinates": [ [ [ 69.256899743646358, 41.338503529328122 ], [ 69.256886993027848, 41.33834627902349 ], [ 69.256816135449938, 41.338222077195361 ], [ 69.256664837134423, 41.338004784761154 ], [ 69.256596679605508, 41.337950072043036 ], [ 69.256506690838663, 41.337897236762743 ] ] ] } },
{ "type": "Feature", "properties": { "Туман": "Олмазор", "Кўча": "Нурафшон шоҳ кўча", "Тури": "Наземные", "Эни(м)": 3, "Узунл": 45 }, "geometry": { "type": "MultiLineString", "coordinates": [ [ [ 69.257257343804483, 41.338115020143363 ], [ 69.257020527128745, 41.337747955800097 ] ] ] } },
{ "type": "Feature", "properties": { "Туман": "Олмазор", "Кўча": "Себзор кўча", "Тури": "Наземные", "Эни(м)": 3, "Узунл": 30 }, "geometry": { "type": "MultiLineString", "coordinates": [ [ [ 69.256679173596481, 41.337948059277409 ], [ 69.257018514024509, 41.337853117619915 ] ] ] } },
{ "type": "Feature", "properties": { "Туман": "Учтепа", "Кўча": "Бешқайрағоч кўча", "Тури": "Наземные", "Эни(м)": 3, "Узунл": 19 }, "geometry": { "type": "MultiLineString", "coordinates": [ [ [ 69.159272656333613, 41.314181965620236 ], [ 69.159377804107805, 41.314030941438055 ] ] ] } },
{ "type": "Feature", "properties": { "Туман": "Учтепа", "Кўча": "Бешқайрағоч кўча", "Тури": "Наземные", "Эни(м)": 3, "Узунл": 21 }, "geometry": { "type": "MultiLineString", "coordinates": [ [ [ 69.158795721015935, 41.314060092807146 ], [ 69.158760098946132, 41.313874515485082 ] ] ] } },
{ "type": "Feature", "properties": { "Туман": "Учтепа", "Кўча": "Тўқимачи кўча", "Тури": "Наземные", "Эни(м)": 3, "Узунл": 16 }, "geometry": { "type": "MultiLineString", "coordinates": [ [ [ 69.158945417307024, 41.313774588389677 ], [ 69.159132250346104, 41.313799019487945 ] ] ] } },
{ "type": "Feature", "properties": { "Туман": "Шайхонтоҳур", "Кўча": "Себзор кўча", "Тури": "Подземные", "Эни(м)": 4, "Узунл": 93 }, "geometry": { "type": "MultiLineString", "coordinates": [ [ [ 69.2478527202138, 41.329395933078466 ], [ 69.248758250662021, 41.32890385423309 ] ] ] } },
{ "type": "Feature", "properties": { "Туман": "Шайхонтоҳур", "Кўча": "Абдулла Қодирий кўча", "Тури": "Надземные", "Эни(м)": 4, "Узунл": 147 }, "geometry": { "type": "MultiLineString", "coordinates": [ [ [ 69.249115076376015, 41.328631501831765 ], [ 69.248914143551147, 41.328747152582238 ], [ 69.248160330902721, 41.327980673287122 ], [ 69.248352799034095, 41.327872357407742 ] ] ] } },
{ "type": "Feature", "properties": { "Туман": "Шайхонтоҳур", "Кўча": "Сағбон кўча", "Тури": "Наземные", "Эни(м)": 3, "Узунл": 23 }, "geometry": { "type": "MultiLineString", "coordinates": [ [ [ 69.23835924341374, 41.329139831690469 ], [ 69.238308773647333, 41.32893876531886 ] ] ] } },
{ "type": "Feature", "properties": { "Туман": "Олмазор", "Кўча": "Зарқайнар кўчаси", "Тури": "Наземные", "Эни(м)": 3, "Узунл": 21 }, "geometry": { "type": "MultiLineString", "coordinates": [ [ [ 69.239492277169873, 41.329356452854626 ], [ 69.23972506835814, 41.329279407771786 ] ] ] } },
{ "type": "Feature", "properties": { "Туман": "Шайхонтоҳур", "Кўча": "Термиз тор кўча", "Тури": "Наземные", "Эни(м)": 3, "Узунл": 14 }, "geometry": { "type": "MultiLineString", "coordinates": [ [ [ 69.221700122914939, 41.309835310880452 ], [ 69.221587928503453, 41.309741113428437 ] ] ] } },
{ "type": "Feature", "properties": { "Туман": "Шайхонтоҳур", "Кўча": "Самарқанд Дарвоза кўча", "Тури": "Наземные", "Эни(м)": 3, "Узунл": 23 }, "geometry": { "type": "MultiLineString", "coordinates": [ [ [ 69.221587778341132, 41.309696764527338 ], [ 69.221781328893712, 41.30955282842006 ] ] ] } },
{ "type": "Feature", "properties": { "Туман": "Шайхонтоҳур", "Кўча": "Камолон кўча", "Тури": "Наземные", "Эни(м)": 3, "Узунл": 15 }, "geometry": { "type": "MultiLineString", "coordinates": [ [ [ 69.221947830948451, 41.309658122587166 ], [ 69.221833473141288, 41.309551813526703 ] ] ] } },
{ "type": "Feature", "properties": { "Туман": "Шайхонтоҳур", "Кўча": "Самарқанд Дарвоза кўча", "Тури": "Наземные", "Эни(м)": 3, "Узунл": 21 }, "geometry": { "type": "MultiLineString", "coordinates": [ [ [ 69.221758166535494, 41.309875204786977 ], [ 69.221935967223175, 41.309735870846218 ] ] ] } },
{ "type": "Feature", "properties": { "Туман": "Шайхонтоҳур", "Кўча": "Нурафшон шоҳкўча", "Тури": "Наземные", "Эни(м)": 3, "Узунл": 30 }, "geometry": { "type": "MultiLineString", "coordinates": [ [ [ 69.207762202158591, 41.311593901320464 ], [ 69.20808323092885, 41.311481762680913 ] ] ] } },
{ "type": "Feature", "properties": { "Туман": "Шайхонтоҳур", "Кўча": "Кўкча Дарвоза кўча", "Тури": "Наземные", "Эни(м)": 3, "Узунл": 33 }, "geometry": { "type": "MultiLineString", "coordinates": [ [ [ 69.204696164946796, 41.322403210738749 ], [ 69.204709793420832, 41.322106916227192 ] ] ] } },
{ "type": "Feature", "properties": { "Туман": "Шайхонтоҳур", "Кўча": "Жарариқ кўча", "Тури": "Наземные", "Эни(м)": 3, "Узунл": 39 }, "geometry": { "type": "MultiLineString", "coordinates": [ [ [ 69.177068567392581, 41.341795263596694 ], [ 69.177393556275646, 41.341727096703437 ], [ 69.177508936748097, 41.341768981741041 ] ] ] } },
{ "type": "Feature", "properties": { "Туман": "Шайхонтоҳур", "Кўча": "Белтепа кўча", "Тури": "Наземные", "Эни(м)": 3, "Узунл": 30 }, "geometry": { "type": "MultiLineString", "coordinates": [ [ [ 69.177227095078706, 41.342535692870797 ], [ 69.177586170373189, 41.342507707049371 ] ] ] } },
{ "type": "Feature", "properties": { "Туман": "Шайхонтоҳур", "Кўча": "Ипакчи кўча", "Тури": "Наземные", "Эни(м)": 3, "Узунл": 11 }, "geometry": { "type": "MultiLineString", "coordinates": [ [ [ 69.182854447604171, 41.331473471986271 ], [ 69.182991673858268, 41.331473263082231 ] ] ] } },
{ "type": "Feature", "properties": { "Туман": "Шайхонтоҳур", "Кўча": "Кўксарой кўча", "Тури": "Наземные", "Эни(м)": 3, "Узунл": 8 }, "geometry": { "type": "MultiLineString", "coordinates": [ [ [ 69.183152132622396, 41.331419406328813 ], [ 69.183150061523648, 41.331348029681472 ] ] ] } },
{ "type": "Feature", "properties": { "Туман": "Шайхонтоҳур", "Кўча": "Ипакчи кўча", "Тури": "Наземные", "Эни(м)": 3, "Узунл": 16 }, "geometry": { "type": "MultiLineString", "coordinates": [ [ [ 69.182818369310311, 41.331298880892916 ], [ 69.183011257792216, 41.331298574357746 ] ] ] } },
{ "type": "Feature", "properties": { "Туман": "Юнусобод", "Кўча": "Уста Ширин кўча", "Тури": "Наземные", "Эни(м)": 3, "Узунл": 17 }, "geometry": { "type": "MultiLineString", "coordinates": [ [ [ 69.273610934856848, 41.342892822097653 ], [ 69.27347212795884, 41.342777021857543 ] ] ] } },
{ "type": "Feature", "properties": { "Туман": "Юнусобод", "Кўча": "Ифтихор кўча", "Тури": "Наземные", "Эни(м)": 3, "Узунл": 13 }, "geometry": { "type": "MultiLineString", "coordinates": [ [ [ 69.273747514398906, 41.342911242743384 ], [ 69.2738679221235, 41.342834603012456 ] ] ] } },
{ "type": "Feature", "properties": { "Туман": "Юнусобод", "Кўча": "Ифтихор кўча", "Тури": "Наземные", "Эни(м)": 3, "Узунл": 17 }, "geometry": { "type": "MultiLineString", "coordinates": [ [ [ 69.273483358203464, 41.342706128353591 ], [ 69.273637036954256, 41.34260654953399 ] ] ] } },
{ "type": "Feature", "properties": { "Туман": "Юнусобод", "Кўча": "Уста Ширин кўча", "Тури": "Наземные", "Эни(м)": 3, "Узунл": 11 }, "geometry": { "type": "MultiLineString", "coordinates": [ [ [ 69.273821085455879, 41.342660519238606 ], [ 69.273729786416425, 41.342589412387376 ] ] ] } },
{ "type": "Feature", "properties": { "Туман": "Юнусобод", "Кўча": "Дўрмон йўли кўча", "Тури": "Наземные", "Эни(м)": 3, "Узунл": 25 }, "geometry": { "type": "MultiLineString", "coordinates": [ [ [ 69.320907827021415, 41.349511235100337 ], [ 69.320712807310798, 41.349335297775099 ] ] ] } },
{ "type": "Feature", "properties": { "Туман": "Юнусобод", "Кўча": "Боғишамол кўча", "Тури": "Наземные", "Эни(м)": 3, "Узунл": 38 }, "geometry": { "type": "MultiLineString", "coordinates": [ [ [ 69.319969432498951, 41.349682099075004 ], [ 69.320289812728291, 41.349438889535307 ] ] ] } },
{ "type": "Feature", "properties": { "Туман": "Юнусобод", "Кўча": "Янгишаҳар кўча", "Тури": "Наземные", "Эни(м)": 3, "Узунл": 33 }, "geometry": { "type": "MultiLineString", "coordinates": [ [ [ 69.320235110138213, 41.349914534421515 ], [ 69.319961023315685, 41.34969949622414 ] ] ] } },
{ "type": "Feature", "properties": { "Туман": "Юнусобод", "Кўча": "Боғишамол кўча", "Тури": "Наземные", "Эни(м)": 3, "Узунл": 23 }, "geometry": { "type": "MultiLineString", "coordinates": [ [ [ 69.320770033987813, 41.349869153133412 ], [ 69.320915987873803, 41.34969043650392 ] ] ] } },
{ "type": "Feature", "properties": { "Туман": "Юнусобод", "Кўча": "Нурмакон кўча", "Тури": "Наземные", "Эни(м)": 3, "Узунл": 12 }, "geometry": { "type": "MultiLineString", "coordinates": [ [ [ 69.269569010416745, 41.377099842515314 ], [ 69.269646346267507, 41.377012792839103 ] ] ] } },
{ "type": "Feature", "properties": { "Туман": "Юнусобод", "Кўча": "Барака кўча", "Тури": "Наземные", "Эни(м)": 3, "Узунл": 14 }, "geometry": { "type": "MultiLineString", "coordinates": [ [ [ 69.269695431119885, 41.376993018102496 ], [ 69.269840794202054, 41.377063543734621 ] ] ] } },
{ "type": "Feature", "properties": { "Туман": "Чилонзор", "Кўча": "Катта ҳалқа йўли кўча", "Тури": "Наземные", "Эни(м)": 3, "Узунл": 30 }, "geometry": { "type": "MultiLineString", "coordinates": [ [ [ 69.170599808978992, 41.23282191682641 ], [ 69.170906638074655, 41.232962283886415 ] ] ] } },
{ "type": "Feature", "properties": { "Туман": "Чилонзор", "Кўча": "Катта ҳалқа йўли кўча", "Тури": "Наземные", "Эни(м)": 3, "Узунл": 10 }, "geometry": { "type": "MultiLineString", "coordinates": [ [ [ 69.168563286660145, 41.235064351978757 ], [ 69.168489201457973, 41.234989477263881 ] ] ] } },
{ "type": "Feature", "properties": { "Туман": "Чилонзор", "Кўча": "Бунёдкор шоҳ кўча", "Тури": "Подземные", "Эни(м)": 4, "Узунл": 59 }, "geometry": { "type": "MultiLineString", "coordinates": [ [ [ 69.172337822545131, 41.243573002447 ], [ 69.172901536306441, 41.243249364551446 ] ] ] } },
{ "type": "Feature", "properties": { "Туман": "Чилонзор", "Кўча": "Бунёдкор шоҳ кўча", "Тури": "Наземные", "Эни(м)": 3, "Узунл": 28 }, "geometry": { "type": "MultiLineString", "coordinates": [ [ [ 69.172760300385036, 41.244363348798466 ], [ 69.173014277174033, 41.244194712877182 ] ] ] } },
{ "type": "Feature", "properties": { "Туман": "Чилонзор", "Кўча": "Бунёдкор шоҳ кўча", "Тури": "Наземные", "Эни(м)": 3, "Узунл": 68 }, "geometry": { "type": "MultiLineString", "coordinates": [ [ [ 69.176693522938791, 41.246831819283287 ], [ 69.177197446507918, 41.246349142028073 ] ] ] } },
{ "type": "Feature", "properties": { "Туман": "Чилонзор", "Кўча": "Бунёдкор шоҳ кўча", "Тури": "Наземные", "Эни(м)": 3, "Узунл": 35 }, "geometry": { "type": "MultiLineString", "coordinates": [ [ [ 69.179168696447476, 41.248133795441355 ], [ 69.179438234348254, 41.247896539264012 ] ] ] } },
{ "type": "Feature", "properties": { "Туман": "Чилонзор", "Кўча": "Бунёдкор шоҳ кўча", "Тури": "Наземные", "Эни(м)": 3, "Узунл": 12 }, "geometry": { "type": "MultiLineString", "coordinates": [ [ [ 69.18577211296045, 41.252478741875862 ], [ 69.185862742416347, 41.252391725175222 ] ] ] } },
{ "type": "Feature", "properties": { "Туман": "Чилонзор", "Кўча": "Бунёдкор шоҳ кўча", "Тури": "Наземные", "Эни(м)": 3, "Узунл": 47 }, "geometry": { "type": "MultiLineString", "coordinates": [ [ [ 69.185979981744026, 41.252288205760983 ], [ 69.186331640345927, 41.251957529521526 ] ] ] } },
{ "type": "Feature", "properties": { "Туман": "Чилонзор", "Кўча": "Бунёдкор шоҳ кўча", "Тури": "Подземные", "Эни(м)": 4, "Узунл": 33 }, "geometry": { "type": "MultiLineString", "coordinates": [ [ [ 69.195140139887442, 41.257356141197143 ], [ 69.194999406912032, 41.257075845323634 ] ] ] } },
{ "type": "Feature", "properties": { "Туман": "Чилонзор", "Кўча": "Бунёдкор шоҳ кўча", "Тури": "Наземные", "Эни(м)": 3, "Узунл": 24 }, "geometry": { "type": "MultiLineString", "coordinates": [ [ [ 69.196257378182622, 41.259962375349836 ], [ 69.196522529532217, 41.259883282576737 ] ] ] } },
{ "type": "Feature", "properties": { "Туман": "Чилонзор", "Кўча": "Бунёдкор шоҳ кўча", "Тури": "Наземные", "Эни(м)": 3, "Узунл": 8 }, "geometry": { "type": "MultiLineString", "coordinates": [ [ [ 69.195934056354133, 41.260040652094062 ], [ 69.196024874098669, 41.260017636898276 ] ] ] } },
{ "type": "Feature", "properties": { "Туман": "Чилонзор", "Кўча": "Бунёдкор шоҳ кўча", "Тури": "Наземные", "Эни(м)": 3, "Узунл": 9 }, "geometry": { "type": "MultiLineString", "coordinates": [ [ [ 69.196595186134118, 41.259865784474492 ], [ 69.196695686916016, 41.259839094517233 ] ] ] } },
{ "type": "Feature", "properties": { "Туман": "Чилонзор", "Кўча": "Сўгаллиота кўча", "Тури": "Наземные", "Эни(м)": 3, "Узунл": 27 }, "geometry": { "type": "MultiLineString", "coordinates": [ [ [ 69.195991235031187, 41.260520627562876 ], [ 69.195916597827107, 41.260281175414001 ] ] ] } },
{ "type": "Feature", "properties": { "Туман": "Чилонзор", "Кўча": "Бунёдкор шоҳ кўча", "Тури": "Наземные", "Эни(м)": 3, "Узунл": 6 }, "geometry": { "type": "MultiLineString", "coordinates": [ [ [ 69.198206276111478, 41.262664360753263 ], [ 69.198145133692321, 41.262683211685854 ] ] ] } },
{ "type": "Feature", "properties": { "Туман": "Чилонзор", "Кўча": "Бунёдкор шоҳ кўча", "Тури": "Наземные", "Эни(м)": 3, "Узунл": 23 }, "geometry": { "type": "MultiLineString", "coordinates": [ [ [ 69.198067651799903, 41.262708948875755 ], [ 69.197810355620163, 41.262783916770026 ] ] ] } },
{ "type": "Feature", "properties": { "Туман": "Чилонзор", "Кўча": "Боғобод-1 тор кўча", "Тури": "Наземные", "Эни(м)": 3, "Узунл": 5 }, "geometry": { "type": "MultiLineString", "coordinates": [ [ [ 69.197591963994299, 41.262900423616813 ], [ 69.197538079983801, 41.262915146861808 ] ] ] } },
{ "type": "Feature", "properties": { "Туман": "Чилонзор", "Кўча": "Бунёдкор шоҳ кўча", "Тури": "Наземные", "Эни(м)": 3, "Узунл": 34 }, "geometry": { "type": "MultiLineString", "coordinates": [ [ [ 69.199140438802118, 41.26439741076819 ], [ 69.198762997936456, 41.264519224123937 ] ] ] } },
{ "type": "Feature", "properties": { "Туман": "Чилонзор", "Кўча": "Бунёдкор шоҳ кўча", "Тури": "Наземные", "Эни(м)": 3, "Узунл": 13 }, "geometry": { "type": "MultiLineString", "coordinates": [ [ [ 69.213800265364824, 41.283176668375525 ], [ 69.213913953259251, 41.283095988175049 ] ] ] } },
{ "type": "Feature", "properties": { "Туман": "Чилонзор", "Кўча": "Бунёдкор шоҳ кўча", "Тури": "Наземные", "Эни(м)": 3, "Узунл": 10 }, "geometry": { "type": "MultiLineString", "coordinates": [ [ [ 69.216389307665551, 41.28528139892267 ], [ 69.216297370663824, 41.285341009008178 ] ] ] } },
{ "type": "Feature", "properties": { "Туман": "Чилонзор", "Кўча": "Бунёдкор шоҳ кўча", "Тури": "Наземные", "Эни(м)": 3, "Узунл": 21 }, "geometry": { "type": "MultiLineString", "coordinates": [ [ [ 69.216447028739594, 41.285139555277375 ], [ 69.216488379148302, 41.28517971201623 ], [ 69.216480337459799, 41.285314146911837 ] ] ] } },
{ "type": "Feature", "properties": { "Туман": "Чилонзор", "Кўча": "Бунёдкор шоҳ кўча", "Тури": "Наземные", "Эни(м)": 3, "Узунл": 9 }, "geometry": { "type": "MultiLineString", "coordinates": [ [ [ 69.227747759345846, 41.295543962894172 ], [ 69.227666695614118, 41.295593501839946 ] ] ] } },
{ "type": "Feature", "properties": { "Туман": "Чилонзор", "Кўча": "Бунёдкор шоҳ кўча", "Тури": "Наземные", "Эни(м)": 3, "Узунл": 5 }, "geometry": { "type": "MultiLineString", "coordinates": [ [ [ 69.226894558203668, 41.295654463497335 ], [ 69.226846163903716, 41.295684734681302 ] ] ] } },
{ "type": "Feature", "properties": { "Туман": "Чилонзор", "Кўча": "Новза кўча", "Тури": "Наземные", "Эни(м)": 3, "Узунл": 7 }, "geometry": { "type": "MultiLineString", "coordinates": [ [ [ 69.231477177367964, 41.29927055084309 ], [ 69.231464824068212, 41.299206109222226 ] ] ] } },
{ "type": "Feature", "properties": { "Туман": "Чилонзор", "Кўча": "Новза кўча", "Тури": "Наземные", "Эни(м)": 3, "Узунл": 8 }, "geometry": { "type": "MultiLineString", "coordinates": [ [ [ 69.231522729992605, 41.299293776891709 ], [ 69.231607526787812, 41.299270745869109 ] ] ] } },
{ "type": "Feature", "properties": { "Туман": "Чилонзор", "Кўча": "Новза кўча", "Тури": "Наземные", "Эни(м)": 3, "Узунл": 6 }, "geometry": { "type": "MultiLineString", "coordinates": [ [ [ 69.231678505545901, 41.29928340489159 ], [ 69.231727149473841, 41.299323541368203 ] ] ] } },
{ "type": "Feature", "properties": { "Туман": "Чилонзор", "Кўча": "Новза кўча", "Тури": "Наземные", "Эни(м)": 3, "Узунл": 9 }, "geometry": { "type": "MultiLineString", "coordinates": [ [ [ 69.231452876444735, 41.299342152903485 ], [ 69.2314034015197, 41.299409919289019 ] ] ] } },
{ "type": "Feature", "properties": { "Туман": "Шайхонтоҳур", "Кўча": "Қозирабод кўча", "Тури": "Наземные", "Эни(м)": 3, "Узунл": 15 }, "geometry": { "type": "MultiLineString", "coordinates": [ [ [ 69.230430435177709, 41.300386868974684 ], [ 69.230601851148734, 41.300340804832167 ] ] ] } },
{ "type": "Feature", "properties": { "Туман": "Чилонзор", "Кўча": "Бунёдкор шоҳ кўча", "Тури": "Подземные", "Эни(м)": 4, "Узунл": 92 }, "geometry": { "type": "MultiLineString", "coordinates": [ [ [ 69.235925058689205, 41.304053525705072 ], [ 69.234980713868936, 41.304474260275875 ] ] ] } },
{ "type": "Feature", "properties": { "Туман": "Чилонзор", "Кўча": "Бунёдкор шоҳ кўча", "Тури": "Наземные", "Эни(м)": 3, "Узунл": 70 }, "geometry": { "type": "MultiLineString", "coordinates": [ [ [ 69.240422248828509, 41.310197329808737 ], [ 69.239657941197564, 41.310453131284184 ] ] ] } },
{ "type": "Feature", "properties": { "Туман": "Чилонзор", "Кўча": "Ислом Каримов шоҳ кўча", "Тури": "Наземные", "Эни(м)": 3, "Узунл": 38 }, "geometry": { "type": "MultiLineString", "coordinates": [ [ [ 69.247610702927844, 41.311769974521155 ], [ 69.247582735071845, 41.311429872012212 ] ] ] } },
{ "type": "Feature", "properties": { "Туман": "Чилонзор", "Кўча": "Ислом Каримов шоҳ кўча", "Тури": "Наземные", "Эни(м)": 3, "Узунл": 6 }, "geometry": { "type": "MultiLineString", "coordinates": [ [ [ 69.247342762864363, 41.3113118785692 ], [ 69.247412570195209, 41.311310266365041 ] ] ] } },
{ "type": "Feature", "properties": { "Туман": "Чилонзор", "Кўча": "Ислом Каримов шоҳ кўча", "Тури": "Подземные", "Эни(м)": 4, "Узунл": 51 }, "geometry": { "type": "MultiLineString", "coordinates": [ [ [ 69.253074368611351, 41.311169208279182 ], [ 69.253105243110269, 41.311626348272519 ] ] ] } },
{ "type": "Feature", "properties": { "Туман": "Чилонзор", "Кўча": "Ислом Каримов шоҳ кўча", "Тури": "Подземные", "Эни(м)": 4, "Узунл": 43 }, "geometry": { "type": "MultiLineString", "coordinates": [ [ [ 69.253670966665524, 41.311147777935403 ], [ 69.25371611486942, 41.311531733049854 ] ] ] } },
{ "type": "Feature", "properties": { "Туман": "Чилонзор", "Кўча": "Ислом Каримов шоҳ кўча", "Тури": "Подземные", "Эни(м)": 4, "Узунл": 51 }, "geometry": { "type": "MultiLineString", "coordinates": [ [ [ 69.253693489756856, 41.311357324552368 ], [ 69.253088511705457, 41.311376749564523 ] ] ] } },
{ "type": "Feature", "properties": { "Туман": "Чилонзор", "Кўча": "Бешёғоч кўча", "Тури": "Наземные", "Эни(м)": 3, "Узунл": 15 }, "geometry": { "type": "MultiLineString", "coordinates": [ [ [ 69.258902801533722, 41.310831629024939 ], [ 69.259087121339562, 41.310826642229877 ] ] ] } },
{ "type": "Feature", "properties": { "Туман": "Чилонзор", "Кўча": "Бешёғоч кўча", "Тури": "Наземные", "Эни(м)": 3, "Узунл": 33 }, "geometry": { "type": "MultiLineString", "coordinates": [ [ [ 69.252565631519943, 41.306617447595606 ], [ 69.252223087180397, 41.306470063179248 ] ] ] } },
{ "type": "Feature", "properties": { "Туман": "Чилонзор", "Кўча": "Бешёғоч кўча", "Тури": "Наземные", "Эни(м)": 3, "Узунл": 16 }, "geometry": { "type": "MultiLineString", "coordinates": [ [ [ 69.25221424260738, 41.306377726486517 ], [ 69.2523132019396, 41.306253148967613 ] ] ] } },
{ "type": "Feature", "properties": { "Туман": "Чилонзор", "Кўча": "Бешёғоч кўча", "Тури": "Наземные", "Эни(м)": 3, "Узунл": 12 }, "geometry": { "type": "MultiLineString", "coordinates": [ [ [ 69.25278800030641, 41.306419445513605 ], [ 69.252671365294376, 41.306363007760517 ] ] ] } },
{ "type": "Feature", "properties": { "Туман": "Чилонзор", "Кўча": "Бешёғоч кўча", "Тури": "Наземные", "Эни(м)": 3, "Узунл": 14 }, "geometry": { "type": "MultiLineString", "coordinates": [ [ [ 69.250975389689202, 41.305876590632636 ], [ 69.25104648409409, 41.305758475856983 ] ] ] } },
{ "type": "Feature", "properties": { "Туман": "Чилонзор", "Кўча": "Бешёғоч кўча", "Тури": "Наземные", "Эни(м)": 3, "Узунл": 17 }, "geometry": { "type": "MultiLineString", "coordinates": [ [ [ 69.248814073281082, 41.305148834783175 ], [ 69.248894802409694, 41.30501241215768 ] ] ] } },
{ "type": "Feature", "properties": { "Туман": "Чилонзор", "Кўча": "Сеул кўча", "Тури": "Наземные", "Эни(м)": 3, "Узунл": 14 }, "geometry": { "type": "MultiLineString", "coordinates": [ [ [ 69.246429537212535, 41.300195994147785 ], [ 69.246548016196755, 41.300102469861123 ] ] ] } },
{ "type": "Feature", "properties": { "Туман": "Чилонзор", "Кўча": "Сеул кўча", "Тури": "Наземные", "Эни(м)": 3, "Узунл": 16 }, "geometry": { "type": "MultiLineString", "coordinates": [ [ [ 69.246138987429703, 41.299997272726678 ], [ 69.24625129710553, 41.299875414986111 ] ] ] } },
{ "type": "Feature", "properties": { "Туман": "Чилонзор", "Кўча": "Сеул кўча", "Тури": "Наземные", "Эни(м)": 3, "Узунл": 23 }, "geometry": { "type": "MultiLineString", "coordinates": [ [ [ 69.244035969662562, 41.298903534474682 ], [ 69.243805149718725, 41.298786063661069 ] ] ] } },
{ "type": "Feature", "properties": { "Туман": "Чилонзор", "Кўча": "Сеул кўча", "Тури": "Наземные", "Эни(м)": 3, "Узунл": 15 }, "geometry": { "type": "MultiLineString", "coordinates": [ [ [ 69.238596898316075, 41.298342510728382 ], [ 69.238560039588393, 41.298209996512284 ] ] ] } },
{ "type": "Feature", "properties": { "Туман": "Чилонзор", "Кўча": "Сеул кўча", "Тури": "Наземные", "Эни(м)": 3, "Узунл": 21 }, "geometry": { "type": "MultiLineString", "coordinates": [ [ [ 69.231958327995272, 41.299890014821756 ], [ 69.231873096535097, 41.299790514994015 ], [ 69.231782105306806, 41.299776524762592 ] ] ] } },
{ "type": "Feature", "properties": { "Туман": "Чилонзор", "Кўча": "Сеул кўча", "Тури": "Наземные", "Эни(м)": 3, "Узунл": 7 }, "geometry": { "type": "MultiLineString", "coordinates": [ [ [ 69.231873096535097, 41.299790514994015 ], [ 69.231890450124965, 41.29972601358363 ] ] ] } },
{ "type": "Feature", "properties": { "Туман": "Чилонзор", "Кўча": "Чилонзор кўча", "Тури": "Наземные", "Эни(м)": 3, "Узунл": 10 }, "geometry": { "type": "MultiLineString", "coordinates": [ [ [ 69.235678694955624, 41.294429115764288 ], [ 69.235784482688601, 41.294392325920278 ] ] ] } },
{ "type": "Feature", "properties": { "Туман": "Чилонзор", "Кўча": "Эски Чилонзор кўча", "Тури": "Наземные", "Эни(м)": 3, "Узунл": 10 }, "geometry": { "type": "MultiLineString", "coordinates": [ [ [ 69.231590491546427, 41.29034102546909 ], [ 69.231516304082064, 41.290275336500336 ] ] ] } },
{ "type": "Feature", "properties": { "Туман": "Чилонзор", "Кўча": "Чилонзор кўча", "Тури": "Наземные", "Эни(м)": 3, "Узунл": 15 }, "geometry": { "type": "MultiLineString", "coordinates": [ [ [ 69.231487029401791, 41.290225102308327 ], [ 69.231623726459986, 41.290139786356775 ] ] ] } },
{ "type": "Feature", "properties": { "Туман": "Чилонзор", "Кўча": "Эски Чилонзор кўча", "Тури": "Наземные", "Эни(м)": 3, "Узунл": 9 }, "geometry": { "type": "MultiLineString", "coordinates": [ [ [ 69.231694199125215, 41.290183536670845 ], [ 69.231759874180298, 41.290241927308934 ] ] ] } },
{ "type": "Feature", "properties": { "Туман": "Чилонзор", "Кўча": "Чилонзор кўча", "Тури": "Наземные", "Эни(м)": 3, "Узунл": 19 }, "geometry": { "type": "MultiLineString", "coordinates": [ [ [ 69.22711391894552, 41.286362159979028 ], [ 69.227294170715993, 41.286252073840096 ] ] ] } },
{ "type": "Feature", "properties": { "Туман": "Чилонзор", "Кўча": "Чилонзор кўча", "Тури": "Наземные", "Эни(м)": 3, "Узунл": 22 }, "geometry": { "type": "MultiLineString", "coordinates": [ [ [ 69.22669084255547, 41.286017343089789 ], [ 69.226898935599294, 41.285895315276449 ] ] ] } },
{ "type": "Feature", "properties": { "Туман": "Чилонзор", "Кўча": "Лабиҳовуз кўча", "Тури": "Наземные", "Эни(м)": 3, "Узунл": 12 }, "geometry": { "type": "MultiLineString", "coordinates": [ [ [ 69.226918173848887, 41.28584955635538 ], [ 69.226822106892016, 41.285764247397552 ] ] ] } },
{ "type": "Feature", "properties": { "Туман": "Чилонзор", "Кўча": "Чилонзор кўча", "Тури": "Наземные", "Эни(м)": 3, "Узунл": 17 }, "geometry": { "type": "MultiLineString", "coordinates": [ [ [ 69.224921836752486, 41.284353367712605 ], [ 69.225074255001502, 41.284257970113394 ] ] ] } },
{ "type": "Feature", "properties": { "Туман": "Чилонзор", "Кўча": "Чилонзор кўча", "Тури": "Наземные", "Эни(м)": 3, "Узунл": 15 }, "geometry": { "type": "MultiLineString", "coordinates": [ [ [ 69.224079145878719, 41.283596956544692 ], [ 69.22421583726657, 41.283511192094352 ] ] ] } },
{ "type": "Feature", "properties": { "Туман": "Чилонзор", "Кўча": "Чилонзор кўча", "Тури": "Наземные", "Эни(м)": 3, "Узунл": 14 }, "geometry": { "type": "MultiLineString", "coordinates": [ [ [ 69.223874230458719, 41.283406698550273 ], [ 69.224002452435258, 41.283325751527606 ] ] ] } },
{ "type": "Feature", "properties": { "Туман": "Чилонзор", "Кўча": "Чилонзор кўча", "Тури": "Подземные", "Эни(м)": 4, "Узунл": 29 }, "geometry": { "type": "MultiLineString", "coordinates": [ [ [ 69.223922843082875, 41.28353119379257 ], [ 69.224199290673965, 41.283369717754233 ] ] ] } },
{ "type": "Feature", "properties": { "Туман": "Чилонзор", "Кўча": "Чилонзор кўча", "Тури": "Наземные", "Эни(м)": 3, "Узунл": 17 }, "geometry": { "type": "MultiLineString", "coordinates": [ [ [ 69.222772103599809, 41.282549052598924 ], [ 69.222912333189953, 41.28243447858469 ] ] ] } },
{ "type": "Feature", "properties": { "Туман": "Чилонзор", "Кўча": "Чилонзор кўча", "Тури": "Наземные", "Эни(м)": 3, "Узунл": 18 }, "geometry": { "type": "MultiLineString", "coordinates": [ [ [ 69.221819396929632, 41.281865991115794 ], [ 69.221958374242718, 41.281739533193033 ] ] ] } },
{ "type": "Feature", "properties": { "Туман": "Чилонзор", "Кўча": "Чилонзор кўча", "Тури": "Наземные", "Эни(м)": 3, "Узунл": 19 }, "geometry": { "type": "MultiLineString", "coordinates": [ [ [ 69.221621394225565, 41.281744754494227 ], [ 69.221780988552425, 41.281621000354491 ] ] ] } },
{ "type": "Feature", "properties": { "Туман": "Чилонзор", "Кўча": "Чилонзор кўча", "Тури": "Наземные", "Эни(м)": 3, "Узунл": 26 }, "geometry": { "type": "MultiLineString", "coordinates": [ [ [ 69.220133097936468, 41.280755463317185 ], [ 69.22034949969391, 41.280582223773443 ] ] ] } },
{ "type": "Feature", "properties": { "Туман": "Чилонзор", "Кўча": "Чилонзор кўча", "Тури": "Наземные", "Эни(м)": 3, "Узунл": 10 }, "geometry": { "type": "MultiLineString", "coordinates": [ [ [ 69.219559684947939, 41.28038164573293 ], [ 69.219637479645499, 41.280445506809883 ] ] ] } },
{ "type": "Feature", "properties": { "Туман": "Чилонзор", "Кўча": "Афшона кўча", "Тури": "Наземные", "Эни(м)": 3, "Узунл": 11 }, "geometry": { "type": "MultiLineString", "coordinates": [ [ [ 69.214123732130489, 41.274676750264604 ], [ 69.21406040802691, 41.274586340249904 ] ] ] } },
{ "type": "Feature", "properties": { "Туман": "Чилонзор", "Кўча": "Дўмбиробод кўча", "Тури": "Наземные", "Эни(м)": 3, "Узунл": 12 }, "geometry": { "type": "MultiLineString", "coordinates": [ [ [ 69.208834886064238, 41.26653530212549 ], [ 69.208967445584321, 41.266488883229393 ] ] ] } },
{ "type": "Feature", "properties": { "Туман": "Чилонзор", "Кўча": "Дилхуш кўча", "Тури": "Наземные", "Эни(м)": 3, "Узунл": 4 }, "geometry": { "type": "MultiLineString", "coordinates": [ [ [ 69.209116646072616, 41.266530218590496 ], [ 69.209138555705167, 41.26655989754974 ] ] ] } },
{ "type": "Feature", "properties": { "Туман": "Чилонзор", "Кўча": "Дўмбиробод кўча", "Тури": "Наземные", "Эни(м)": 3, "Узунл": 11 }, "geometry": { "type": "MultiLineString", "coordinates": [ [ [ 69.207149079027701, 41.263851771386086 ], [ 69.207271357898648, 41.263813145521461 ] ] ] } },
{ "type": "Feature", "properties": { "Туман": "Чилонзор", "Кўча": "Дўмбиробод кўча", "Тури": "Наземные", "Эни(м)": 3, "Узунл": 16 }, "geometry": { "type": "MultiLineString", "coordinates": [ [ [ 69.203954865659242, 41.254607157395533 ], [ 69.203769399587344, 41.254583710722038 ] ] ] } },
{ "type": "Feature", "properties": { "Туман": "Чилонзор", "Кўча": "Гавҳар кўча", "Тури": "Наземные", "Эни(м)": 3, "Узунл": 19 }, "geometry": { "type": "MultiLineString", "coordinates": [ [ [ 69.204006739585893, 41.254535739144522 ], [ 69.204048640165922, 41.254371982780853 ] ] ] } },
{ "type": "Feature", "properties": { "Туман": "Чилонзор", "Кўча": "Гавҳар кўча", "Тури": "Наземные", "Эни(м)": 3, "Узунл": 10 }, "geometry": { "type": "MultiLineString", "coordinates": [ [ [ 69.204416168642368, 41.254686808004202 ], [ 69.204300971661468, 41.254660036922957 ] ] ] } },
{ "type": "Feature", "properties": { "Туман": "Чилонзор", "Кўча": "Наққошлик кўча", "Тури": "Наземные", "Эни(м)": 3, "Узунл": 13 }, "geometry": { "type": "MultiLineString", "coordinates": [ [ [ 69.203374264632259, 41.254547373936532 ], [ 69.203219108741223, 41.254529359385465 ] ] ] } },
{ "type": "Feature", "properties": { "Туман": "Чилонзор", "Кўча": "Гавҳар кўча", "Тури": "Наземные", "Эни(м)": 3, "Узунл": 37 }, "geometry": { "type": "MultiLineString", "coordinates": [ [ [ 69.203207506181116, 41.254501947106654 ], [ 69.203344660164078, 41.254185313827534 ] ] ] } },
{ "type": "Feature", "properties": { "Туман": "Чилонзор", "Кўча": "Катта Хирмонтепа кўча", "Тури": "Наземные", "Эни(м)": 3, "Узунл": 21 }, "geometry": { "type": "MultiLineString", "coordinates": [ [ [ 69.182717144821424, 41.267799325847982 ], [ 69.182623332223571, 41.267622991001716 ] ] ] } },
{ "type": "Feature", "properties": { "Туман": "Чилонзор", "Кўча": "Катта Хирмонтепа кўча", "Тури": "Наземные", "Эни(м)": 3, "Узунл": 21 }, "geometry": { "type": "MultiLineString", "coordinates": [ [ [ 69.186015253374109, 41.265788713945902 ], [ 69.185898439483069, 41.265623391952204 ] ] ] } },
{ "type": "Feature", "properties": { "Туман": "Чилонзор", "Кўча": "Ал-Хоразмий кўча", "Тури": "Наземные", "Эни(м)": 3, "Узунл": 34 }, "geometry": { "type": "MultiLineString", "coordinates": [ [ [ 69.187804572001681, 41.263430253605968 ], [ 69.188184765637615, 41.26331258655334 ] ] ] } },
{ "type": "Feature", "properties": { "Туман": "Чилонзор", "Кўча": "Катта Қаъни кўча", "Тури": "Наземные", "Эни(м)": 3, "Узунл": 8 }, "geometry": { "type": "MultiLineString", "coordinates": [ [ [ 69.184587501671558, 41.262309800297359 ], [ 69.184555795149649, 41.262239440468527 ] ] ] } },
{ "type": "Feature", "properties": { "Туман": "Чилонзор", "Кўча": "Катта Қаъни кўча", "Тури": "Наземные", "Эни(м)": 3, "Узунл": 11 }, "geometry": { "type": "MultiLineString", "coordinates": [ [ [ 69.182877039955414, 41.262773856802646 ], [ 69.18283920940442, 41.262679731207378 ] ] ] } },
{ "type": "Feature", "properties": { "Туман": "Чилонзор", "Кўча": "Катта Қаъни кўча", "Тури": "Наземные", "Эни(м)": 3, "Узунл": 13 }, "geometry": { "type": "MultiLineString", "coordinates": [ [ [ 69.182485879577087, 41.262872320820087 ], [ 69.182438313881661, 41.262763579739151 ] ] ] } },
{ "type": "Feature", "properties": { "Туман": "Чилонзор", "Кўча": "Катта Қаъни кўча", "Тури": "Наземные", "Эни(м)": 3, "Узунл": 12 }, "geometry": { "type": "MultiLineString", "coordinates": [ [ [ 69.180272767570997, 41.263669527304849 ], [ 69.180190118229746, 41.263581871986624 ] ] ] } },
{ "type": "Feature", "properties": { "Туман": "Чилонзор", "Кўча": "Катта Қаъни кўча", "Тури": "Наземные", "Эни(м)": 3, "Узунл": 17 }, "geometry": { "type": "MultiLineString", "coordinates": [ [ [ 69.177150854340383, 41.265430066856091 ], [ 69.177019658761964, 41.265315965686789 ] ] ] } },
{ "type": "Feature", "properties": { "Туман": "Чилонзор", "Кўча": "Хайробод-6 тор кўча", "Тури": "Наземные", "Эни(м)": 3, "Узунл": 11 }, "geometry": { "type": "MultiLineString", "coordinates": [ [ [ 69.176845360325274, 41.265396702825527 ], [ 69.176956696039966, 41.26533709422057 ] ] ] } },
{ "type": "Feature", "properties": { "Туман": "Чилонзор", "Кўча": "Дийдор кўча", "Тури": "Наземные", "Эни(м)": 3, "Узунл": 9 }, "geometry": { "type": "MultiLineString", "coordinates": [ [ [ 69.17335701221225, 41.260533790550554 ], [ 69.173248686916111, 41.260537346888 ] ] ] } },
{ "type": "Feature", "properties": { "Туман": "Чилонзор", "Кўча": "Сўгаллиота кўча", "Тури": "Наземные", "Эни(м)": 3, "Узунл": 16 }, "geometry": { "type": "MultiLineString", "coordinates": [ [ [ 69.173205041001168, 41.260460689036314 ], [ 69.173190129510175, 41.260320804519822 ] ] ] } },
{ "type": "Feature", "properties": { "Туман": "Чилонзор", "Кўча": "Дийдор кўча", "Тури": "Наземные", "Эни(м)": 3, "Узунл": 13 }, "geometry": { "type": "MultiLineString", "coordinates": [ [ [ 69.1732614819703, 41.260265831697218 ], [ 69.173411740438667, 41.260262862210539 ] ] ] } },
{ "type": "Feature", "properties": { "Туман": "Чилонзор", "Кўча": "Заргарлик кўча", "Тури": "Наземные", "Эни(м)": 3, "Узунл": 23 }, "geometry": { "type": "MultiLineString", "coordinates": [ [ [ 69.162014597303326, 41.260292265819736 ], [ 69.162228761610322, 41.260159372692378 ] ] ] } },
{ "type": "Feature", "properties": { "Туман": "Чилонзор", "Кўча": "Заргарлик кўча", "Тури": "Наземные", "Эни(м)": 3, "Узунл": 22 }, "geometry": { "type": "MultiLineString", "coordinates": [ [ [ 69.162896420102612, 41.261112174788529 ], [ 69.163099701532246, 41.260988439701158 ] ] ] } },
{ "type": "Feature", "properties": { "Туман": "Чилонзор", "Кўча": "Сўгаллиота кўча", "Тури": "Наземные", "Эни(м)": 3, "Узунл": 17 }, "geometry": { "type": "MultiLineString", "coordinates": [ [ [ 69.184986097542307, 41.259480388882857 ], [ 69.185075378744926, 41.259341252867962 ] ] ] } },
{ "type": "Feature", "properties": { "Туман": "Чилонзор", "Кўча": "Сўгаллиота кўча", "Тури": "Наземные", "Эни(м)": 3, "Узунл": 16 }, "geometry": { "type": "MultiLineString", "coordinates": [ [ [ 69.186850820492722, 41.259816629288451 ], [ 69.186895899101089, 41.259678175567892 ] ] ] } },
{ "type": "Feature", "properties": { "Туман": "Чилонзор", "Кўча": "Заргарлик кўча", "Тури": "Наземные", "Эни(м)": 3, "Узунл": 29 }, "geometry": { "type": "MultiLineString", "coordinates": [ [ [ 69.156799388985164, 41.255430173216205 ], [ 69.157072863646093, 41.255272519297122 ] ] ] } },
{ "type": "Feature", "properties": { "Туман": "Чилонзор", "Кўча": "Катта ҳалқа йўли кўча", "Тури": "Наземные", "Эни(м)": 3, "Узунл": 35 }, "geometry": { "type": "MultiLineString", "coordinates": [ [ [ 69.156746050917562, 41.255421101587459 ], [ 69.156505516885218, 41.25516538967738 ] ] ] } },
{ "type": "Feature", "properties": { "Туман": "Чилонзор", "Кўча": "Катта ҳалқа йўли кўча", "Тури": "Наземные", "Эни(м)": 3, "Узунл": 31 }, "geometry": { "type": "MultiLineString", "coordinates": [ [ [ 69.157061839805635, 41.255223155363154 ], [ 69.156840769401043, 41.254999422483642 ] ] ] } },
{ "type": "Feature", "properties": { "Туман": "Чилонзор", "Кўча": "Катта ҳалқа йўли кўча", "Тури": "Надземные", "Эни(м)": 4, "Узунл": 112 }, "geometry": { "type": "MultiLineString", "coordinates": [ [ [ 69.161576480997411, 41.252653773447335 ], [ 69.161796614257455, 41.252494354232169 ], [ 69.161255261689845, 41.252111054816687 ], [ 69.161456016241488, 41.251955321080146 ] ] ] } },
{ "type": "Feature", "properties": { "Туман": "Чилонзор", "Кўча": "Катта ҳалқа йўли кўча", "Тури": "Надземные", "Эни(м)": 4, "Узунл": 91 }, "geometry": { "type": "MultiLineString", "coordinates": [ [ [ 69.165029761465348, 41.248793655285006 ], [ 69.164823893664689, 41.248836013779318 ], [ 69.163997081944061, 41.248639678274252 ] ] ] } },
{ "type": "Feature", "properties": { "Туман": "Чилонзор", "Кўча": "Катта ҳалқа йўли кўча", "Тури": "Наземные", "Эни(м)": 3, "Узунл": 63 }, "geometry": { "type": "MultiLineString", "coordinates": [ [ [ 69.149529880611695, 41.261141283257743 ], [ 69.149144095901264, 41.260957069884903 ], [ 69.148913586247645, 41.260815074935884 ] ] ] } },
{ "type": "Feature", "properties": { "Туман": "Чилонзор", "Кўча": "Қовунчи кўча", "Тури": "Наземные", "Эни(м)": 3, "Узунл": 17 }, "geometry": { "type": "MultiLineString", "coordinates": [ [ [ 69.155355432122064, 41.260726651167296 ], [ 69.155543395942331, 41.260781262862757 ] ] ] } },
{ "type": "Feature", "properties": { "Туман": "Чилонзор", "Кўча": "Қовунчи кўча", "Тури": "Наземные", "Эни(м)": 3, "Узунл": 21 }, "geometry": { "type": "MultiLineString", "coordinates": [ [ [ 69.156410094879234, 41.259864749697428 ], [ 69.156247711899937, 41.259718661229194 ] ] ] } },
{ "type": "Feature", "properties": { "Туман": "Чилонзор", "Кўча": "Қовунчи кўча", "Тури": "Наземные", "Эни(м)": 3, "Узунл": 17 }, "geometry": { "type": "MultiLineString", "coordinates": [ [ [ 69.156852446546822, 41.259541179779561 ], [ 69.15672255437444, 41.259420806327661 ] ] ] } },
{ "type": "Feature", "properties": { "Туман": "Чилонзор", "Кўча": "Сўгаллиота кўча", "Тури": "Наземные", "Эни(м)": 3, "Узунл": 18 }, "geometry": { "type": "MultiLineString", "coordinates": [ [ [ 69.161313928806948, 41.264383469342832 ], [ 69.161132398322039, 41.264298860262578 ] ] ] } },
{ "type": "Feature", "properties": { "Туман": "Чилонзор", "Кўча": "Катта Хирмонтепа кўча", "Тури": "Наземные", "Эни(м)": 3, "Узунл": 26 }, "geometry": { "type": "MultiLineString", "coordinates": [ [ [ 69.177281306282026, 41.271317837027759 ], [ 69.177557910478669, 41.271414339580069 ] ] ] } },
{ "type": "Feature", "properties": { "Туман": "Чилонзор", "Кўча": "Заргарлик кўча", "Тури": "Наземные", "Эни(м)": 3, "Узунл": 19 }, "geometry": { "type": "MultiLineString", "coordinates": [ [ [ 69.177019533697617, 41.271327384042912 ], [ 69.176902372129732, 41.271477529451538 ] ] ] } },
{ "type": "Feature", "properties": { "Туман": "Чилонзор", "Кўча": "Заргарлик кўча", "Тури": "Наземные", "Эни(м)": 3, "Узунл": 19 }, "geometry": { "type": "MultiLineString", "coordinates": [ [ [ 69.177429953142166, 41.27160565119275 ], [ 69.177554400754545, 41.27146098055092 ] ] ] } },
{ "type": "Feature", "properties": { "Туман": "Чилонзор", "Кўча": "Серқуёш кўча", "Тури": "Наземные", "Эни(м)": 3, "Узунл": 23 }, "geometry": { "type": "MultiLineString", "coordinates": [ [ [ 69.208563335456873, 41.262797859432006 ], [ 69.208834699921866, 41.262768105978999 ] ] ] } },
{ "type": "Feature", "properties": { "Туман": "Чилонзор", "Кўча": "Дўмбиробод-4 тор кўча", "Тури": "Наземные", "Эни(м)": 3, "Узунл": 14 }, "geometry": { "type": "MultiLineString", "coordinates": [ [ [ 69.208794374682768, 41.263043877903939 ], [ 69.208916517014472, 41.262963187039396 ] ] ] } },
{ "type": "Feature", "properties": { "Туман": "Чилонзор", "Кўча": "Бунёдкор шоҳ кўча", "Тури": "Наземные", "Эни(м)": 3, "Узунл": 9 }, "geometry": { "type": "MultiLineString", "coordinates": [ [ [ 69.179484727970234, 41.247840686785544 ], [ 69.179554843749926, 41.247783425813822 ] ] ] } },
{ "type": "Feature", "properties": { "Туман": "Чилонзор", "Кўча": "Бунёдкор шоҳ кўча", "Тури": "Наземные", "Эни(м)": 3, "Узунл": 8 }, "geometry": { "type": "MultiLineString", "coordinates": [ [ [ 69.179020562996612, 41.248239184886991 ], [ 69.178954067337202, 41.248291410557826 ] ] ] } },
{ "type": "Feature", "properties": { "Туман": "Чилонзор", "Кўча": "Арнасой кўча", "Тури": "Наземные", "Эни(м)": 3, "Узунл": 14 }, "geometry": { "type": "MultiLineString", "coordinates": [ [ [ 69.226579955586317, 41.279544835604042 ], [ 69.226706971109806, 41.279468688606229 ] ] ] } },
{ "type": "Feature", "properties": { "Туман": "Чилонзор", "Кўча": "Арнасой кўча", "Тури": "Наземные", "Эни(м)": 3, "Узунл": 14 }, "geometry": { "type": "MultiLineString", "coordinates": [ [ [ 69.227893817176394, 41.280772452557585 ], [ 69.228020483658, 41.280695969112088 ] ] ] } },
{ "type": "Feature", "properties": { "Туман": "Чилонзор", "Кўча": "Гагарин кўча", "Тури": "Наземные", "Эни(м)": 3, "Узунл": 6 }, "geometry": { "type": "MultiLineString", "coordinates": [ [ [ 69.228065366620299, 41.281078129720669 ], [ 69.22802037513226, 41.281037984325728 ] ] ] } },
{ "type": "Feature", "properties": { "Туман": "Чилонзор", "Кўча": "Гагарин кўча", "Тури": "Наземные", "Эни(м)": 3, "Узунл": 6 }, "geometry": { "type": "MultiLineString", "coordinates": [ [ [ 69.227864812712539, 41.280923075309623 ], [ 69.227817384338934, 41.280879276974069 ] ] ] } },
{ "type": "Feature", "properties": { "Туман": "Чилонзор", "Кўча": "Муқимий кўча", "Тури": "Наземные", "Эни(м)": 3, "Узунл": 34 }, "geometry": { "type": "MultiLineString", "coordinates": [ [ [ 69.220638251799215, 41.293971292318133 ], [ 69.220379223358719, 41.293740440521773 ] ] ] } },
{ "type": "Feature", "properties": { "Туман": "Чилонзор", "Кўча": "Қатортол кўча", "Тури": "Наземные", "Эни(м)": 3, "Узунл": 19 }, "geometry": { "type": "MultiLineString", "coordinates": [ [ [ 69.208338314684013, 41.28912767003763 ], [ 69.208521042073571, 41.289021266522198 ] ] ] } },
{ "type": "Feature", "properties": { "Туман": "Чилонзор", "Кўча": "Қатортол кўча", "Тури": "Наземные", "Эни(м)": 3, "Узунл": 17 }, "geometry": { "type": "MultiLineString", "coordinates": [ [ [ 69.211178851292473, 41.291753279124251 ], [ 69.211334938106162, 41.291656064249054 ] ] ] } },
{ "type": "Feature", "properties": { "Туман": "Чилонзор", "Кўча": "Қатортол кўча", "Тури": "Наземные", "Эни(м)": 3, "Узунл": 19 }, "geometry": { "type": "MultiLineString", "coordinates": [ [ [ 69.211040169117354, 41.291608140782827 ], [ 69.211216828177839, 41.291499000899563 ] ] ] } },
{ "type": "Feature", "properties": { "Туман": "Чилонзор", "Кўча": "Лутфий кўча", "Тури": "Наземные", "Эни(м)": 3, "Узунл": 39 }, "geometry": { "type": "MultiLineString", "coordinates": [ [ [ 69.202089571482745, 41.296119484883469 ], [ 69.202343282705428, 41.295824596413873 ] ] ] } },
{ "type": "Feature", "properties": { "Туман": "Чилонзор", "Кўча": "Қатортол-1 тор кўча", "Тури": "Наземные", "Эни(м)": 3, "Узунл": 15 }, "geometry": { "type": "MultiLineString", "coordinates": [ [ [ 69.202460895726304, 41.29582530404322 ], [ 69.20260905550947, 41.295901854541164 ] ] ] } },
{ "type": "Feature", "properties": { "Туман": "Чилонзор", "Кўча": "Лутфий кўча", "Тури": "Наземные", "Эни(м)": 3, "Узунл": 41 }, "geometry": { "type": "MultiLineString", "coordinates": [ [ [ 69.20457884831923, 41.296907888893529 ], [ 69.204453256990035, 41.297070878502197 ], [ 69.204271764407537, 41.297193732767894 ] ] ] } },
{ "type": "Feature", "properties": { "Туман": "Чилонзор", "Кўча": "Бунёдкор шоҳ кўча", "Тури": "Наземные", "Эни(м)": 3, "Узунл": 12 }, "geometry": { "type": "MultiLineString", "coordinates": [ [ [ 69.198362165500811, 41.264633636963815 ], [ 69.198491813242967, 41.264595100273489 ] ] ] } },
{ "type": "Feature", "properties": { "Туман": "Чилонзор", "Кўча": "Ислом Каримов шоҳ кўча", "Тури": "Наземные", "Эни(м)": 3, "Узунл": 6 }, "geometry": { "type": "MultiLineString", "coordinates": [ [ [ 69.247579301097687, 41.311298210407301 ], [ 69.247655574403908, 41.311297071543137 ] ] ] } },
{ "type": "Feature", "properties": { "Туман": "Чилонзор", "Кўча": "Чўпонота кўча", "Тури": "Наземные", "Эни(м)": 3, "Узунл": 34 }, "geometry": { "type": "MultiLineString", "coordinates": [ [ [ 69.201964602922232, 41.289146922980301 ], [ 69.201657705835558, 41.288950222419338 ] ] ] } },
{ "type": "Feature", "properties": { "Туман": "Чилонзор", "Кўча": "Чўпонота кўча", "Тури": "Наземные", "Эни(м)": 3, "Узунл": 30 }, "geometry": { "type": "MultiLineString", "coordinates": [ [ [ 69.199340236288165, 41.292251737809543 ], [ 69.199036394353314, 41.292111690273288 ] ] ] } },
{ "type": "Feature", "properties": { "Туман": "Чилонзор", "Кўча": "Қатортол кўча", "Тури": "Наземные", "Эни(м)": 3, "Узунл": 16 }, "geometry": { "type": "MultiLineString", "coordinates": [ [ [ 69.213512013175247, 41.293824392723728 ], [ 69.213658384314158, 41.29373748882756 ] ] ] } },
{ "type": "Feature", "properties": { "Туман": "Чилонзор", "Кўча": "Қатортол кўча", "Тури": "Наземные", "Эни(м)": 3, "Узунл": 16 }, "geometry": { "type": "MultiLineString", "coordinates": [ [ [ 69.213232499488726, 41.293623858417661 ], [ 69.213386808398795, 41.293534215873422 ] ] ] } },
{ "type": "Feature", "properties": { "Туман": "Чилонзор", "Кўча": "Қатортол-1 тор кўча", "Тури": "Наземные", "Эни(м)": 3, "Узунл": 11 }, "geometry": { "type": "MultiLineString", "coordinates": [ [ [ 69.213215235672777, 41.29364677440536 ], [ 69.213304343121607, 41.293722889369874 ] ] ] } },
{ "type": "Feature", "properties": { "Туман": "Чилонзор", "Кўча": "Фурқат кўча", "Тури": "Наземные", "Эни(м)": 3, "Узунл": 34 }, "geometry": { "type": "MultiLineString", "coordinates": [ [ [ 69.242466522448382, 41.309227371718769 ], [ 69.242859498120097, 41.309310105308306 ] ] ] } },
{ "type": "Feature", "properties": { "Туман": "Чилонзор", "Кўча": "Бунёдкор шоҳ кўча", "Тури": "Наземные", "Эни(м)": 3, "Узунл": 10 }, "geometry": { "type": "MultiLineString", "coordinates": [ [ [ 69.18484809438057, 41.250988343334782 ], [ 69.18494034210083, 41.251045804034788 ] ] ] } },
{ "type": "Feature", "properties": { "Туман": "Чилонзор", "Кўча": "Бунёдкор шоҳ кўча", "Тури": "Наземные", "Эни(м)": 3, "Узунл": 11 }, "geometry": { "type": "MultiLineString", "coordinates": [ [ [ 69.185678306377596, 41.25149725714644 ], [ 69.185781465648361, 41.251556528421659 ] ] ] } },
{ "type": "Feature", "properties": { "Туман": "Чилонзор", "Кўча": "Катта Қаъни кўча", "Тури": "Наземные", "Эни(м)": 3, "Узунл": 12 }, "geometry": { "type": "MultiLineString", "coordinates": [ [ [ 69.173369445089747, 41.267696277967808 ], [ 69.173484765027382, 41.267765600430643 ] ] ] } },
{ "type": "Feature", "properties": { "Туман": "Чилонзор", "Кўча": "Қатортол-2 кўча", "Тури": "Наземные", "Эни(м)": 3, "Узунл": 23 }, "geometry": { "type": "MultiLineString", "coordinates": [ [ [ 69.197819836603642, 41.268987349175923 ], [ 69.197940397063817, 41.269177341936775 ] ] ] } },
{ "type": "Feature", "properties": { "Туман": "Чилонзор", "Кўча": "Чилонзор кўча", "Тури": "Наземные", "Эни(м)": 3, "Узунл": 18 }, "geometry": { "type": "MultiLineString", "coordinates": [ [ [ 69.228506064282939, 41.287632878002505 ], [ 69.228676228643181, 41.287530717369663 ] ] ] } },
{ "type": "Feature", "properties": { "Туман": "Чилонзор", "Кўча": "Арнасой кўча", "Тури": "Наземные", "Эни(м)": 3, "Узунл": 13 }, "geometry": { "type": "MultiLineString", "coordinates": [ [ [ 69.231339453899608, 41.283849058190349 ], [ 69.231463525297698, 41.28377556783461 ] ] ] } },
{ "type": "Feature", "properties": { "Туман": "Чилонзор", "Кўча": "Лабиҳовуз кўча", "Тури": "Наземные", "Эни(м)": 3, "Узунл": 10 }, "geometry": { "type": "MultiLineString", "coordinates": [ [ [ 69.230733920456927, 41.283383585506606 ], [ 69.230649012799887, 41.283314087403923 ] ] ] } },
{ "type": "Feature", "properties": { "Туман": "Чилонзор", "Кўча": "Лабиҳовуз кўча", "Тури": "Наземные", "Эни(м)": 3, "Узунл": 14 }, "geometry": { "type": "MultiLineString", "coordinates": [ [ [ 69.225046488898315, 41.2776344826799 ], [ 69.225206240956041, 41.277609161150984 ] ] ] } },
{ "type": "Feature", "properties": { "Туман": "Чилонзор", "Кўча": "Қатортол кўча", "Тури": "Наземные", "Эни(м)": 3, "Узунл": 16 }, "geometry": { "type": "MultiLineString", "coordinates": [ [ [ 69.211947177514773, 41.29239328236811 ], [ 69.212109148250804, 41.292309024999341 ] ] ] } },
{ "type": "Feature", "properties": { "Туман": "Чилонзор", "Кўча": "Чўпонота кўча", "Тури": "Наземные", "Эни(м)": 3, "Узунл": 34 }, "geometry": { "type": "MultiLineString", "coordinates": [ [ [ 69.204046299102032, 41.287614744054167 ], [ 69.203783867212223, 41.287380301981948 ] ] ] } },
{ "type": "Feature", "properties": { "Туман": "Чилонзор", "Кўча": "Чўпонота кўча", "Тури": "Наземные", "Эни(м)": 3, "Узунл": 32 }, "geometry": { "type": "MultiLineString", "coordinates": [ [ [ 69.199650548797379, 41.291273332417319 ], [ 69.199983765834219, 41.291419235829288 ] ] ] } },
{ "type": "Feature", "properties": { "Туман": "Чилонзор", "Кўча": "Чўпонота кўча", "Тури": "Наземные", "Эни(м)": 3, "Узунл": 35 }, "geometry": { "type": "MultiLineString", "coordinates": [ [ [ 69.208485805058061, 41.284836584629154 ], [ 69.208218592291544, 41.284589656656955 ] ] ] } },
{ "type": "Feature", "properties": { "Туман": "Чилонзор", "Кўча": "Чўпонота кўча", "Тури": "Наземные", "Эни(м)": 3, "Узунл": 25 }, "geometry": { "type": "MultiLineString", "coordinates": [ [ [ 69.209340097431209, 41.284264290666492 ], [ 69.209154817840755, 41.284089563625322 ] ] ] } },
{ "type": "Feature", "properties": { "Туман": "Чилонзор", "Кўча": "Чўпонота кўча", "Тури": "Наземные", "Эни(м)": 3, "Узунл": 31 }, "geometry": { "type": "MultiLineString", "coordinates": [ [ [ 69.200726704391428, 41.290010288432924 ], [ 69.20104805330395, 41.29014906403696 ] ] ] } },
{ "type": "Feature", "properties": { "Туман": "Чилонзор", "Кўча": "Чилонзор кўча", "Тури": "Наземные", "Эни(м)": 3, "Узунл": 14 }, "geometry": { "type": "MultiLineString", "coordinates": [ [ [ 69.215734693875334, 41.277190085948213 ], [ 69.215883657328376, 41.277123711117483 ] ] ] } },
{ "type": "Feature", "properties": { "Туман": "Чилонзор", "Кўча": "Қирққиз кўча", "Тури": "Наземные", "Эни(м)": 3, "Узунл": 8 }, "geometry": { "type": "MultiLineString", "coordinates": [ [ [ 69.215886655968532, 41.276955786953501 ], [ 69.215936577153315, 41.277014643457129 ] ] ] } },
{ "type": "Feature", "properties": { "Туман": "Чилонзор", "Кўча": "Кичик ҳалқа йўли кўча", "Тури": "Наземные", "Эни(м)": 3, "Узунл": 36 }, "geometry": { "type": "MultiLineString", "coordinates": [ [ [ 69.20018072777755, 41.27759421190958 ], [ 69.199898203195971, 41.277353543190536 ] ] ] } },
{ "type": "Feature", "properties": { "Туман": "Чилонзор", "Кўча": "Қатортол кўча", "Тури": "Наземные", "Эни(м)": 3, "Узунл": 10 }, "geometry": { "type": "MultiLineString", "coordinates": [ [ [ 69.198233120026188, 41.278983802946449 ], [ 69.198328579589727, 41.278934290145791 ] ] ] } },
{ "type": "Feature", "properties": { "Туман": "Чилонзор", "Кўча": "Кичик ҳалқа йўли кўча", "Тури": "Наземные", "Эни(м)": 3, "Узунл": 27 }, "geometry": { "type": "MultiLineString", "coordinates": [ [ [ 69.202374360229342, 41.27620136422685 ], [ 69.202167788768278, 41.276019517626715 ] ] ] } },
{ "type": "Feature", "properties": { "Туман": "Чилонзор", "Кўча": "Қатортол-2 кўча", "Тури": "Наземные", "Эни(м)": 3, "Узунл": 19 }, "geometry": { "type": "MultiLineString", "coordinates": [ [ [ 69.187590183705836, 41.273729952953062 ], [ 69.187799890709414, 41.273783202134176 ] ] ] } },
{ "type": "Feature", "properties": { "Туман": "Чилонзор", "Кўча": "Сўгаллиота кўча", "Тури": "Наземные", "Эни(м)": 3, "Узунл": 16 }, "geometry": { "type": "MultiLineString", "coordinates": [ [ [ 69.162715422534362, 41.26302456200424 ], [ 69.162592046985637, 41.262916660760339 ] ] ] } },
{ "type": "Feature", "properties": { "Туман": "Чилонзор", "Кўча": "Заргарлик кўча", "Тури": "Наземные", "Эни(м)": 3, "Узунл": 18 }, "geometry": { "type": "MultiLineString", "coordinates": [ [ [ 69.160590749325578, 41.258967118848695 ], [ 69.160762129282233, 41.25886505637461 ] ] ] } },
{ "type": "Feature", "properties": { "Туман": "Чилонзор", "Кўча": "Пойгоҳ кўча", "Тури": "Наземные", "Эни(м)": 3, "Узунл": 10 }, "geometry": { "type": "MultiLineString", "coordinates": [ [ [ 69.156925635627346, 41.25562156404596 ], [ 69.15685154476455, 41.255548510973952 ] ] ] } },
{ "type": "Feature", "properties": { "Туман": "Чилонзор", "Кўча": "Катта ҳалқа йўли кўча", "Тури": "Наземные", "Эни(м)": 3, "Узунл": 30 }, "geometry": { "type": "MultiLineString", "coordinates": [ [ [ 69.152435763851301, 41.258326064534742 ], [ 69.152183253941203, 41.258128882775729 ] ] ] } },
{ "type": "Feature", "properties": { "Туман": "Чилонзор", "Кўча": "Гулистон кўча", "Тури": "Наземные", "Эни(м)": 3, "Узунл": 20 }, "geometry": { "type": "MultiLineString", "coordinates": [ [ [ 69.14953890323487, 41.261213958998944 ], [ 69.149450826709398, 41.26138415631489 ] ] ] } },
{ "type": "Feature", "properties": { "Туман": "Чилонзор", "Кўча": "Меҳр кўча", "Тури": "Наземные", "Эни(м)": 3, "Узунл": 8 }, "geometry": { "type": "MultiLineString", "coordinates": [ [ [ 69.208066653423117, 41.278962539533509 ], [ 69.208001016589208, 41.278905964019074 ] ] ] } },
{ "type": "Feature", "properties": { "Туман": "Чилонзор", "Кўча": "Меҳр кўча", "Тури": "Наземные", "Эни(м)": 3, "Узунл": 16 }, "geometry": { "type": "MultiLineString", "coordinates": [ [ [ 69.205962493314942, 41.280124551905551 ], [ 69.205846982303711, 41.280012284699801 ] ] ] } },
{ "type": "Feature", "properties": { "Туман": "Чилонзор", "Кўча": "Меҳр кўча", "Тури": "Наземные", "Эни(м)": 3, "Узунл": 15 }, "geometry": { "type": "MultiLineString", "coordinates": [ [ [ 69.203218027709823, 41.281667485261231 ], [ 69.203112233366696, 41.281560684713909 ] ] ] } },
{ "type": "Feature", "properties": { "Туман": "Чилонзор", "Кўча": "Қатортол-1 тор кўча", "Тури": "Наземные", "Эни(м)": 3, "Узунл": 9 }, "geometry": { "type": "MultiLineString", "coordinates": [ [ [ 69.211254818568975, 41.29475025301204 ], [ 69.211232737726803, 41.294670739098351 ] ] ] } },
{ "type": "Feature", "properties": { "Туман": "Чилонзор", "Кўча": "Чўпонота кўча", "Тури": "Наземные", "Эни(м)": 3, "Узунл": 23 }, "geometry": { "type": "MultiLineString", "coordinates": [ [ [ 69.222453364566547, 41.275878738112354 ], [ 69.222278297124419, 41.275724538984967 ] ] ] } },
{ "type": "Feature", "properties": { "Туман": "Чилонзор", "Кўча": "Чўпонота кўча", "Тури": "Наземные", "Эни(м)": 3, "Узунл": 18 }, "geometry": { "type": "MultiLineString", "coordinates": [ [ [ 69.221026084440439, 41.276772133746462 ], [ 69.220886255727336, 41.276643468671423 ] ] ] } },
{ "type": "Feature", "properties": { "Туман": "Чилонзор", "Кўча": "Сеул кўча", "Тури": "Наземные", "Эни(м)": 3, "Узунл": 22 }, "geometry": { "type": "MultiLineString", "coordinates": [ [ [ 69.211631118972235, 41.300647320882561 ], [ 69.211640554078315, 41.300446179691406 ] ] ] } },
{ "type": "Feature", "properties": { "Туман": "Чилонзор", "Кўча": "Боғистон кўча", "Тури": "Наземные", "Эни(м)": 3, "Узунл": 12 }, "geometry": { "type": "MultiLineString", "coordinates": [ [ [ 69.209619466942712, 41.300591002452492 ], [ 69.20962584141202, 41.300481978338439 ] ] ] } },
{ "type": "Feature", "properties": { "Туман": "Чилонзор", "Кўча": "Заргарлик кўча", "Тури": "Наземные", "Эни(м)": 3, "Узунл": 20 }, "geometry": { "type": "MultiLineString", "coordinates": [ [ [ 69.172307030327005, 41.269038082388278 ], [ 69.17245926517144, 41.268895366408024 ] ] ] } },
{ "type": "Feature", "properties": { "Туман": "Чилонзор", "Кўча": "Катта Қаъни кўча", "Тури": "Наземные", "Эни(м)": 3, "Узунл": 12 }, "geometry": { "type": "MultiLineString", "coordinates": [ [ [ 69.172011197750663, 41.268980953827686 ], [ 69.172123919364793, 41.26904627229063 ] ] ] } },
{ "type": "Feature", "properties": { "Туман": "Учтепа", "Кўча": "Катта Қаъни кўча", "Тури": "Наземные", "Эни(м)": 3, "Узунл": 16 }, "geometry": { "type": "MultiLineString", "coordinates": [ [ [ 69.169585325423171, 41.27143635397649 ], [ 69.169432488612586, 41.27135094228241 ] ] ] } },
{ "type": "Feature", "properties": { "Туман": "Учтепа", "Кўча": "Қозигузар кўча", "Тури": "Наземные", "Эни(м)": 3, "Узунл": 14 }, "geometry": { "type": "MultiLineString", "coordinates": [ [ [ 69.169413199629389, 41.271268932128841 ], [ 69.169525513052008, 41.271175933721445 ] ] ] } },
{ "type": "Feature", "properties": { "Туман": "Учтепа", "Кўча": "Катта Хирмонтепа кўча", "Тури": "Наземные", "Эни(м)": 3, "Узунл": 20 }, "geometry": { "type": "MultiLineString", "coordinates": [ [ [ 69.174073011118608, 41.274601092368819 ], [ 69.173884785005114, 41.274484795798067 ] ] ] } },
{ "type": "Feature", "properties": { "Туман": "Учтепа", "Кўча": "Катта Хирмонтепа кўча", "Тури": "Наземные", "Эни(м)": 3, "Узунл": 15 }, "geometry": { "type": "MultiLineString", "coordinates": [ [ [ 69.171537365712098, 41.278172132261453 ], [ 69.171709211463025, 41.27822368983658 ] ] ] } },
{ "type": "Feature", "properties": { "Туман": "Учтепа", "Кўча": "Катта Хирмонтепа кўча", "Тури": "Наземные", "Эни(м)": 3, "Узунл": 14 }, "geometry": { "type": "MultiLineString", "coordinates": [ [ [ 69.170319836441863, 41.280261601955921 ], [ 69.170473523741748, 41.2802987955139 ] ] ] } },
{ "type": "Feature", "properties": { "Туман": "Учтепа", "Кўча": "Катта Хирмонтепа кўча", "Тури": "Наземные", "Эни(м)": 3, "Узунл": 14 }, "geometry": { "type": "MultiLineString", "coordinates": [ [ [ 69.169884751611136, 41.281705832798963 ], [ 69.170051719545782, 41.281712782641065 ] ] ] } },
{ "type": "Feature", "properties": { "Туман": "Учтепа", "Кўча": "Катта Хирмонтепа кўча", "Тури": "Наземные", "Эни(м)": 3, "Узунл": 15 }, "geometry": { "type": "MultiLineString", "coordinates": [ [ [ 69.169935326336883, 41.282446262523678 ], [ 69.17010698397327, 41.282421541425443 ] ] ] } },
{ "type": "Feature", "properties": { "Туман": "Учтепа", "Кўча": "Ширин кўча", "Тури": "Наземные", "Эни(м)": 3, "Узунл": 19 }, "geometry": { "type": "MultiLineString", "coordinates": [ [ [ 69.183191829305585, 41.27888388760848 ], [ 69.183373370604698, 41.278987226072822 ] ] ] } },
{ "type": "Feature", "properties": { "Туман": "Учтепа", "Кўча": "Ширин кўча", "Тури": "Наземные", "Эни(м)": 3, "Узунл": 17 }, "geometry": { "type": "MultiLineString", "coordinates": [ [ [ 69.178824135609929, 41.283253901939176 ], [ 69.178986568364692, 41.283345043129302 ] ] ] } },
{ "type": "Feature", "properties": { "Туман": "Учтепа", "Кўча": "Ширин кўча", "Тури": "Наземные", "Эни(м)": 3, "Узунл": 17 }, "geometry": { "type": "MultiLineString", "coordinates": [ [ [ 69.177820280121281, 41.284225524447237 ], [ 69.177971304603204, 41.284331077367256 ] ] ] } },
{ "type": "Feature", "properties": { "Туман": "Учтепа", "Кўча": "Ширин кўча", "Тури": "Наземные", "Эни(м)": 3, "Узунл": 22 }, "geometry": { "type": "MultiLineString", "coordinates": [ [ [ 69.176420462219284, 41.284842246055632 ], [ 69.176489668954503, 41.285033562772639 ] ] ] } },
{ "type": "Feature", "properties": { "Туман": "Учтепа", "Кўча": "Фозилтепа кўча", "Тури": "Наземные", "Эни(м)": 3, "Узунл": 14 }, "geometry": { "type": "MultiLineString", "coordinates": [ [ [ 69.16611756743923, 41.287411556362542 ], [ 69.166280165746315, 41.287382896068678 ] ] ] } },
{ "type": "Feature", "properties": { "Туман": "Учтепа", "Кўча": "Фозилтепа кўча", "Тури": "Наземные", "Эни(м)": 3, "Узунл": 12 }, "geometry": { "type": "MultiLineString", "coordinates": [ [ [ 69.166331280100948, 41.287974361597328 ], [ 69.166473365929292, 41.287945370850871 ] ] ] } },
{ "type": "Feature", "properties": { "Туман": "Учтепа", "Кўча": "Фозилтепа кўча", "Тури": "Наземные", "Эни(м)": 3, "Узунл": 12 }, "geometry": { "type": "MultiLineString", "coordinates": [ [ [ 69.165815632125472, 41.286670408451023 ], [ 69.165951985480319, 41.286639267695989 ] ] ] } },
{ "type": "Feature", "properties": { "Туман": "Учтепа", "Кўча": "Қўшилиш кўча", "Тури": "Наземные", "Эни(м)": 3, "Узунл": 7 }, "geometry": { "type": "MultiLineString", "coordinates": [ [ [ 69.165936173268349, 41.287176497543363 ], [ 69.165913111387525, 41.287111763691868 ] ] ] } },
{ "type": "Feature", "properties": { "Туман": "Учтепа", "Кўча": "Фозилтепа кўча", "Тури": "Наземные", "Эни(м)": 3, "Узунл": 13 }, "geometry": { "type": "MultiLineString", "coordinates": [ [ [ 69.168994173516822, 41.291681995662699 ], [ 69.169093181208495, 41.291595494227515 ] ] ] } },
{ "type": "Feature", "properties": { "Туман": "Учтепа", "Кўча": "Фозилтепа кўча", "Тури": "Наземные", "Эни(м)": 3, "Узунл": 14 }, "geometry": { "type": "MultiLineString", "coordinates": [ [ [ 69.170503968579041, 41.292544769107664 ], [ 69.170600056871507, 41.292436681704203 ] ] ] } },
{ "type": "Feature", "properties": { "Туман": "Учтепа", "Кўча": "Фозилтепа кўча", "Тури": "Наземные", "Эни(м)": 3, "Узунл": 18 }, "geometry": { "type": "MultiLineString", "coordinates": [ [ [ 69.173709362887649, 41.294126768881277 ], [ 69.173821592753498, 41.29398986912431 ] ] ] } },
{ "type": "Feature", "properties": { "Туман": "Учтепа", "Кўча": "Фарҳод кўча", "Тури": "Наземные", "Эни(м)": 3, "Узунл": 32 }, "geometry": { "type": "MultiLineString", "coordinates": [ [ [ 69.177129148509138, 41.294128034473616 ], [ 69.177451109623661, 41.294276502746065 ] ] ] } },
{ "type": "Feature", "properties": { "Туман": "Учтепа", "Кўча": "Фарҳод кўча", "Тури": "Наземные", "Эни(м)": 3, "Узунл": 28 }, "geometry": { "type": "MultiLineString", "coordinates": [ [ [ 69.181187669214665, 41.289786645071473 ], [ 69.180966732235461, 41.28959269142532 ] ] ] } },
{ "type": "Feature", "properties": { "Туман": "Учтепа", "Кўча": "Фарҳод кўча", "Тури": "Наземные", "Эни(м)": 3, "Узунл": 27 }, "geometry": { "type": "MultiLineString", "coordinates": [ [ [ 69.182119036522991, 41.28915405644733 ], [ 69.18190958012373, 41.288971600571514 ] ] ] } },
{ "type": "Feature", "properties": { "Туман": "Учтепа", "Кўча": "Фарҳод кўча", "Тури": "Наземные", "Эни(м)": 3, "Узунл": 26 }, "geometry": { "type": "MultiLineString", "coordinates": [ [ [ 69.183126620820204, 41.288488235844312 ], [ 69.182928634961087, 41.288313679529942 ] ] ] } },
{ "type": "Feature", "properties": { "Туман": "Учтепа", "Кўча": "Фозилтепа кўча", "Тури": "Наземные", "Эни(м)": 3, "Узунл": 16 }, "geometry": { "type": "MultiLineString", "coordinates": [ [ [ 69.179031253560865, 41.296725846566154 ], [ 69.179136846454895, 41.296606942841123 ] ] ] } },
{ "type": "Feature", "properties": { "Туман": "Учтепа", "Кўча": "Фозилтепа кўча", "Тури": "Наземные", "Эни(м)": 3, "Узунл": 18 }, "geometry": { "type": "MultiLineString", "coordinates": [ [ [ 69.190487264740895, 41.298251792318545 ], [ 69.190455314409064, 41.298093525960923 ] ] ] } },
{ "type": "Feature", "properties": { "Туман": "Учтепа", "Кўча": "Фозилтепа кўча", "Тури": "Наземные", "Эни(м)": 3, "Узунл": 17 }, "geometry": { "type": "MultiLineString", "coordinates": [ [ [ 69.189704076984924, 41.29833584339552 ], [ 69.189666430197391, 41.298186941434352 ] ] ] } },
{ "type": "Feature", "properties": { "Туман": "Учтепа", "Кўча": "Фозилтепа кўча", "Тури": "Наземные", "Эни(м)": 3, "Узунл": 16 }, "geometry": { "type": "MultiLineString", "coordinates": [ [ [ 69.188875642886188, 41.298448388885788 ], [ 69.188834197574991, 41.298305249949365 ] ] ] } },
{ "type": "Feature", "properties": { "Туман": "Учтепа", "Кўча": "Фозилтепа кўча", "Тури": "Наземные", "Эни(м)": 3, "Узунл": 15 }, "geometry": { "type": "MultiLineString", "coordinates": [ [ [ 69.184163188333457, 41.298305621055761 ], [ 69.184203860118814, 41.298177461333864 ] ] ] } },
{ "type": "Feature", "properties": { "Туман": "Учтепа", "Кўча": "Фозилтепа кўча", "Тури": "Наземные", "Эни(м)": 3, "Узунл": 15 }, "geometry": { "type": "MultiLineString", "coordinates": [ [ [ 69.180672065226332, 41.297429602880889 ], [ 69.180765253359539, 41.297311436778735 ] ] ] } },
{ "type": "Feature", "properties": { "Туман": "Учтепа", "Кўча": "Журжоний кўча", "Тури": "Наземные", "Эни(м)": 3, "Узунл": 22 }, "geometry": { "type": "MultiLineString", "coordinates": [ [ [ 69.174101172026027, 41.29847743882975 ], [ 69.173864266361051, 41.298382085706329 ] ] ] } },
{ "type": "Feature", "properties": { "Туман": "Учтепа", "Кўча": "Юсуф Саккокий кўча", "Тури": "Наземные", "Эни(м)": 3, "Узунл": 14 }, "geometry": { "type": "MultiLineString", "coordinates": [ [ [ 69.17385368183362, 41.298348998578938 ], [ 69.173946912274616, 41.298241632438682 ] ] ] } },
{ "type": "Feature", "properties": { "Туман": "Учтепа", "Кўча": "Фарҳод кўча", "Тури": "Наземные", "Эни(м)": 3, "Узунл": 20 }, "geometry": { "type": "MultiLineString", "coordinates": [ [ [ 69.173996505794619, 41.298231482629049 ], [ 69.174227589926446, 41.298290862649097 ] ] ] } },
{ "type": "Feature", "properties": { "Туман": "Учтепа", "Кўча": "Юсуф Саккокий кўча", "Тури": "Наземные", "Эни(м)": 3, "Узунл": 16 }, "geometry": { "type": "MultiLineString", "coordinates": [ [ [ 69.174154563516623, 41.298460086879523 ], [ 69.174247755315221, 41.298338327898442 ] ] ] } },
{ "type": "Feature", "properties": { "Туман": "Учтепа", "Кўча": "Журжоний кўча", "Тури": "Наземные", "Эни(м)": 3, "Узунл": 6 }, "geometry": { "type": "MultiLineString", "coordinates": [ [ [ 69.17376312853942, 41.298386556210914 ], [ 69.17383084508505, 41.298373500584006 ] ] ] } },
{ "type": "Feature", "properties": { "Туман": "Учтепа", "Кўча": "Юсуф Саккокий кўча", "Тури": "Наземные", "Эни(м)": 3, "Узунл": 6 }, "geometry": { "type": "MultiLineString", "coordinates": [ [ [ 69.174278218132642, 41.298310935733944 ], [ 69.174347831472545, 41.298293559133811 ] ] ] } },
{ "type": "Feature", "properties": { "Туман": "Учтепа", "Кўча": "Журжоний кўча", "Тури": "Наземные", "Эни(м)": 3, "Узунл": 20 }, "geometry": { "type": "MultiLineString", "coordinates": [ [ [ 69.171949760785651, 41.302629354596085 ], [ 69.171730065886678, 41.302551242622393 ] ] ] } },
{ "type": "Feature", "properties": { "Туман": "Учтепа", "Кўча": "Учтепа кўча", "Тури": "Наземные", "Эни(м)": 3, "Узунл": 8 }, "geometry": { "type": "MultiLineString", "coordinates": [ [ [ 69.171635546850169, 41.302534832044252 ], [ 69.1715851180128, 41.302591758180341 ] ] ] } },
{ "type": "Feature", "properties": { "Туман": "Учтепа", "Кўча": "Алмаий кўча", "Тури": "Наземные", "Эни(м)": 3, "Узунл": 14 }, "geometry": { "type": "MultiLineString", "coordinates": [ [ [ 69.168315554157061, 41.299204956780827 ], [ 69.16819034579099, 41.299126699807097 ] ] ] } },
{ "type": "Feature", "properties": { "Туман": "Учтепа", "Кўча": "Алмаий кўча", "Тури": "Наземные", "Эни(м)": 3, "Узунл": 13 }, "geometry": { "type": "MultiLineString", "coordinates": [ [ [ 69.167601509390991, 41.299847911034369 ], [ 69.167478218366554, 41.299773248667179 ] ] ] } },
{ "type": "Feature", "properties": { "Туман": "Учтепа", "Кўча": "Алмаий кўча", "Тури": "Наземные", "Эни(м)": 3, "Узунл": 13 }, "geometry": { "type": "MultiLineString", "coordinates": [ [ [ 69.167474903905571, 41.299969713225806 ], [ 69.167353510279355, 41.299890730169842 ] ] ] } },
{ "type": "Feature", "properties": { "Туман": "Учтепа", "Кўча": "Учтепа кўча", "Тури": "Наземные", "Эни(м)": 3, "Узунл": 11 }, "geometry": { "type": "MultiLineString", "coordinates": [ [ [ 69.16754837102566, 41.299965288523218 ], [ 69.167631192802489, 41.299887447613735 ] ] ] } },
{ "type": "Feature", "properties": { "Туман": "Учтепа", "Кўча": "Учтепа кўча", "Тури": "Наземные", "Эни(м)": 3, "Узунл": 10 }, "geometry": { "type": "MultiLineString", "coordinates": [ [ [ 69.167367656773422, 41.299825223023973 ], [ 69.167446698366447, 41.29976178039626 ] ] ] } },
{ "type": "Feature", "properties": { "Туман": "Учтепа", "Кўча": "Тўқимачи-2 тор кўча", "Тури": "Наземные", "Эни(м)": 3, "Узунл": 7 }, "geometry": { "type": "MultiLineString", "coordinates": [ [ [ 69.164743385633017, 41.302473327622849 ], [ 69.164801472838263, 41.302423589840807 ] ] ] } },
{ "type": "Feature", "properties": { "Туман": "Учтепа", "Кўча": "Тўқимачи кўча", "Тури": "Наземные", "Эни(м)": 3, "Узунл": 13 }, "geometry": { "type": "MultiLineString", "coordinates": [ [ [ 69.164783655304959, 41.302399218643167 ], [ 69.16465749797041, 41.302323837759353 ] ] ] } },
{ "type": "Feature", "properties": { "Туман": "Учтепа", "Кўча": "Тўқимачи-2 тор кўча", "Тури": "Наземные", "Эни(м)": 3, "Узунл": 7 }, "geometry": { "type": "MultiLineString", "coordinates": [ [ [ 69.164548377362237, 41.30234769494853 ], [ 69.164603805765523, 41.302297818573088 ] ] ] } },
{ "type": "Feature", "properties": { "Туман": "Учтепа", "Кўча": "Юсуф Саккокий кўча", "Тури": "Наземные", "Эни(м)": 3, "Узунл": 11 }, "geometry": { "type": "MultiLineString", "coordinates": [ [ [ 69.154738474619478, 41.292363023733934 ], [ 69.154710569595494, 41.292263751782905 ] ] ] } },
{ "type": "Feature", "properties": { "Туман": "Учтепа", "Кўча": "Катта ҳалқа йўли кўча", "Тури": "Наземные", "Эни(м)": 3, "Узунл": 25 }, "geometry": { "type": "MultiLineString", "coordinates": [ [ [ 69.149947476278086, 41.29248954270745 ], [ 69.150248467204065, 41.292469720151665 ] ] ] } },
{ "type": "Feature", "properties": { "Туман": "Учтепа", "Кўча": "Катта ҳалқа йўли кўча", "Тури": "Наземные", "Эни(м)": 3, "Узунл": 31 }, "geometry": { "type": "MultiLineString", "coordinates": [ [ [ 69.149712077987871, 41.290733222851387 ], [ 69.150082220343762, 41.290706834070747 ] ] ] } },
{ "type": "Feature", "properties": { "Туман": "Учтепа", "Кўча": "Самарбону кўча", "Тури": "Наземные", "Эни(м)": 3, "Узунл": 9 }, "geometry": { "type": "MultiLineString", "coordinates": [ [ [ 69.144930786471576, 41.290669537041296 ], [ 69.144877192947902, 41.290596201832841 ] ] ] } },
{ "type": "Feature", "properties": { "Туман": "Учтепа", "Кўча": "183-Номсиз кўча", "Тури": "Наземные", "Эни(м)": 3, "Узунл": 8 }, "geometry": { "type": "MultiLineString", "coordinates": [ [ [ 69.144874757747104, 41.290358006038957 ], [ 69.14490512885699, 41.290285284776822 ] ] ] } },
{ "type": "Feature", "properties": { "Туман": "Учтепа", "Кўча": "Зарафшон кўча", "Тури": "Наземные", "Эни(м)": 3, "Узунл": 11 }, "geometry": { "type": "MultiLineString", "coordinates": [ [ [ 69.142954019629414, 41.290756925525642 ], [ 69.143085651668443, 41.290739490777149 ] ] ] } },
{ "type": "Feature", "properties": { "Туман": "Учтепа", "Кўча": "Самарбону кўча", "Тури": "Наземные", "Эни(м)": 3, "Узунл": 10 }, "geometry": { "type": "MultiLineString", "coordinates": [ [ [ 69.14311895652348, 41.290698430239601 ], [ 69.143113989302805, 41.290608482164942 ] ] ] } },
{ "type": "Feature", "properties": { "Туман": "Учтепа", "Кўча": "Самарбону кўча", "Тури": "Наземные", "Эни(м)": 3, "Узунл": 9 }, "geometry": { "type": "MultiLineString", "coordinates": [ [ [ 69.143110617399458, 41.290375324934537 ], [ 69.143106616918288, 41.290291132725038 ] ] ] } },
{ "type": "Feature", "properties": { "Туман": "Учтепа", "Кўча": "Самарбону кўча", "Тури": "Наземные", "Эни(м)": 3, "Узунл": 13 }, "geometry": { "type": "MultiLineString", "coordinates": [ [ [ 69.142793837495702, 41.290370680860491 ], [ 69.142748745864523, 41.290257034603776 ] ] ] } },
{ "type": "Feature", "properties": { "Туман": "Учтепа", "Кўча": "Катта ҳалқа йўли кўча", "Тури": "Наземные", "Эни(м)": 3, "Узунл": 30 }, "geometry": { "type": "MultiLineString", "coordinates": [ [ [ 69.146517314482679, 41.277788944551439 ], [ 69.14687400729602, 41.277752508271732 ] ] ] } },
{ "type": "Feature", "properties": { "Туман": "Учтепа", "Кўча": "Катта ҳалқа йўли кўча", "Тури": "Наземные", "Эни(м)": 3, "Узунл": 34 }, "geometry": { "type": "MultiLineString", "coordinates": [ [ [ 69.14638404044085, 41.277059403543866 ], [ 69.146788458035047, 41.277037299548226 ] ] ] } },
{ "type": "Feature", "properties": { "Туман": "Учтепа", "Кўча": "Катта ҳалқа йўли кўча", "Тури": "Наземные", "Эни(м)": 3, "Узунл": 30 }, "geometry": { "type": "MultiLineString", "coordinates": [ [ [ 69.146716847477336, 41.269765467571972 ], [ 69.1470716890002, 41.269773650474313 ] ] ] } },
{ "type": "Feature", "properties": { "Туман": "Учтепа", "Кўча": "Катта ҳалқа йўли кўча", "Тури": "Наземные", "Эни(м)": 3, "Узунл": 27 }, "geometry": { "type": "MultiLineString", "coordinates": [ [ [ 69.146823434083046, 41.267528700701426 ], [ 69.147149643328817, 41.267534041333789 ] ] ] } },
{ "type": "Feature", "properties": { "Туман": "Учтепа", "Кўча": "Катта ҳалқа йўли кўча", "Тури": "Наземные", "Эни(м)": 3, "Узунл": 32 }, "geometry": { "type": "MultiLineString", "coordinates": [ [ [ 69.147044639858436, 41.264519615807018 ], [ 69.147415754107442, 41.264566637295026 ] ] ] } },
{ "type": "Feature", "properties": { "Туман": "Учтепа", "Кўча": "Қовунчи кўча", "Тури": "Наземные", "Эни(м)": 3, "Узунл": 15 }, "geometry": { "type": "MultiLineString", "coordinates": [ [ [ 69.153571762226861, 41.266003622026915 ], [ 69.153743518101209, 41.266036496104114 ] ] ] } },
{ "type": "Feature", "properties": { "Туман": "Учтепа", "Кўча": "Қовунчи кўча", "Тури": "Наземные", "Эни(м)": 3, "Узунл": 16 }, "geometry": { "type": "MultiLineString", "coordinates": [ [ [ 69.153186587584131, 41.267291565682001 ], [ 69.153370744193225, 41.267323704169641 ] ] ] } },
{ "type": "Feature", "properties": { "Туман": "Учтепа", "Кўча": "Катта ҳалқа йўли кўча", "Тури": "Наземные", "Эни(м)": 3, "Узунл": 14 }, "geometry": { "type": "MultiLineString", "coordinates": [ [ [ 69.149362303524157, 41.261403480868999 ], [ 69.149197234602966, 41.261369152283358 ] ] ] } },
{ "type": "Feature", "properties": { "Туман": "Учтепа", "Кўча": "Катта ҳалқа йўли кўча", "Тури": "Наземные", "Эни(м)": 3, "Узунл": 34 }, "geometry": { "type": "MultiLineString", "coordinates": [ [ [ 69.149032957590165, 41.261263578308075 ], [ 69.148686397545802, 41.261102107902325 ] ] ] } },
{ "type": "Feature", "properties": { "Туман": "Учтепа", "Кўча": "Катта ҳалқа йўли кўча", "Тури": "Наземные", "Эни(м)": 3, "Узунл": 28 }, "geometry": { "type": "MultiLineString", "coordinates": [ [ [ 69.150815324846832, 41.29934363591142 ], [ 69.151147350270534, 41.299319452556482 ] ] ] } },
{ "type": "Feature", "properties": { "Туман": "Учтепа", "Кўча": "Кўкча Дарвоза кўча", "Тури": "Наземные", "Эни(м)": 3, "Узунл": 20 }, "geometry": { "type": "MultiLineString", "coordinates": [ [ [ 69.150403653735395, 41.305820866766133 ], [ 69.150385099499132, 41.305637384827165 ] ] ] } },
{ "type": "Feature", "properties": { "Туман": "Учтепа", "Кўча": "Катта ҳалқа йўли кўча", "Тури": "Наземные", "Эни(м)": 3, "Узунл": 25 }, "geometry": { "type": "MultiLineString", "coordinates": [ [ [ 69.152775358590574, 41.310788239988 ], [ 69.152481521191135, 41.310841882322165 ] ] ] } },
{ "type": "Feature", "properties": { "Туман": "Учтепа", "Кўча": "Катта ҳалқа йўли кўча", "Тури": "Наземные", "Эни(м)": 3, "Узунл": 24 }, "geometry": { "type": "MultiLineString", "coordinates": [ [ [ 69.153839861663116, 41.314172687125804 ], [ 69.154115559333533, 41.31411114969687 ] ] ] } },
{ "type": "Feature", "properties": { "Туман": "Учтепа", "Кўча": "Бешқайрағоч кўча", "Тури": "Наземные", "Эни(м)": 3, "Узунл": 22 }, "geometry": { "type": "MultiLineString", "coordinates": [ [ [ 69.155599164603487, 41.314862967209585 ], [ 69.155519504921969, 41.314678849346897 ] ] ] } },
{ "type": "Feature", "properties": { "Туман": "Учтепа", "Кўча": "Бешқайрағоч кўча", "Тури": "Наземные", "Эни(м)": 3, "Узунл": 21 }, "geometry": { "type": "MultiLineString", "coordinates": [ [ [ 69.161934938961892, 41.315215483066829 ], [ 69.162059578967344, 41.315054829975914 ] ] ] } },
{ "type": "Feature", "properties": { "Туман": "Учтепа", "Кўча": "Бешқайрағоч кўча", "Тури": "Наземные", "Эни(м)": 3, "Узунл": 21 }, "geometry": { "type": "MultiLineString", "coordinates": [ [ [ 69.162190032496653, 41.315314432971206 ], [ 69.162244238343078, 41.31523375792824 ], [ 69.162332819748968, 41.315158791431955 ] ] ] } },
{ "type": "Feature", "properties": { "Туман": "Учтепа", "Кўча": "Бешқайрағоч кўча", "Тури": "Наземные", "Эни(м)": 3, "Узунл": 19 }, "geometry": { "type": "MultiLineString", "coordinates": [ [ [ 69.163041311505339, 41.31564713904136 ], [ 69.16313924725857, 41.31549587781597 ] ] ] } },
{ "type": "Feature", "properties": { "Туман": "Учтепа", "Кўча": "Ибрат кўча", "Тури": "Наземные", "Эни(м)": 3, "Узунл": 10 }, "geometry": { "type": "MultiLineString", "coordinates": [ [ [ 69.165499806963822, 41.316290578543033 ], [ 69.165401384306591, 41.316247542170146 ] ] ] } },
{ "type": "Feature", "properties": { "Туман": "Учтепа", "Кўча": "Бешқайрағоч кўча", "Тури": "Наземные", "Эни(м)": 3, "Узунл": 17 }, "geometry": { "type": "MultiLineString", "coordinates": [ [ [ 69.17111776913714, 41.318751416292727 ], [ 69.171210003164745, 41.318615269002215 ] ] ] } },
{ "type": "Feature", "properties": { "Туман": "Учтепа", "Кўча": "Бешқайрағоч кўча", "Тури": "Наземные", "Эни(м)": 3, "Узунл": 20 }, "geometry": { "type": "MultiLineString", "coordinates": [ [ [ 69.188151353072968, 41.322674882890333 ], [ 69.188176611590066, 41.322495653783633 ] ] ] } },
{ "type": "Feature", "properties": { "Туман": "Учтепа", "Кўча": "Бешқайрағоч кўча", "Тури": "Наземные", "Эни(м)": 3, "Узунл": 21 }, "geometry": { "type": "MultiLineString", "coordinates": [ [ [ 69.188473980295441, 41.322665719508826 ], [ 69.18846484783144, 41.322477911088789 ] ] ] } },
{ "type": "Feature", "properties": { "Туман": "Учтепа", "Кўча": "Заковат кўча", "Тури": "Наземные", "Эни(м)": 3, "Узунл": 15 }, "geometry": { "type": "MultiLineString", "coordinates": [ [ [ 69.186595970635224, 41.31452184475225 ], [ 69.186729837155212, 41.314605824473659 ] ] ] } },
{ "type": "Feature", "properties": { "Туман": "Учтепа", "Кўча": "Кўкча Дарвоза кўча", "Тури": "Наземные", "Эни(м)": 3, "Узунл": 11 }, "geometry": { "type": "MultiLineString", "coordinates": [ [ [ 69.186148072947177, 41.31443477498506 ], [ 69.186233754215536, 41.314356916264806 ] ] ] } },
{ "type": "Feature", "properties": { "Туман": "Учтепа", "Кўча": "Дилкаш кўча", "Тури": "Наземные", "Эни(м)": 3, "Узунл": 18 }, "geometry": { "type": "MultiLineString", "coordinates": [ [ [ 69.18085303234281, 41.312850672823863 ], [ 69.180660046866478, 41.312783330551525 ] ] ] } },
{ "type": "Feature", "properties": { "Туман": "Учтепа", "Кўча": "Кўкча Дарвоза кўча", "Тури": "Наземные", "Эни(м)": 3, "Узунл": 19 }, "geometry": { "type": "MultiLineString", "coordinates": [ [ [ 69.180685673897869, 41.312731476892033 ], [ 69.18074630135456, 41.312565866564405 ] ] ] } },
{ "type": "Feature", "properties": { "Туман": "Учтепа", "Кўча": "Жамшид кўча", "Тури": "Наземные", "Эни(м)": 3, "Узунл": 12 }, "geometry": { "type": "MultiLineString", "coordinates": [ [ [ 69.180844601228799, 41.312562833646282 ], [ 69.180979249608683, 41.312588528744499 ] ] ] } },
{ "type": "Feature", "properties": { "Туман": "Учтепа", "Кўча": "Кўкча Дарвоза кўча", "Тури": "Наземные", "Эни(м)": 3, "Узунл": 16 }, "geometry": { "type": "MultiLineString", "coordinates": [ [ [ 69.181000796785881, 41.312787113038027 ], [ 69.181035729114413, 41.312648888941283 ] ] ] } },
{ "type": "Feature", "properties": { "Туман": "Учтепа", "Кўча": "Кўкча Дарвоза кўча", "Тури": "Наземные", "Эни(м)": 3, "Узунл": 18 }, "geometry": { "type": "MultiLineString", "coordinates": [ [ [ 69.182418930603745, 41.313064091228732 ], [ 69.182485312783584, 41.312909984973167 ] ] ] } },
{ "type": "Feature", "properties": { "Туман": "Учтепа", "Кўча": "Кўкча Дарвоза кўча", "Тури": "Наземные", "Эни(м)": 3, "Узунл": 16 }, "geometry": { "type": "MultiLineString", "coordinates": [ [ [ 69.178540602657108, 41.312228203704365 ], [ 69.178608957010056, 41.31209424627118 ] ] ] } },
{ "type": "Feature", "properties": { "Туман": "Учтепа", "Кўча": "Кўкча Дарвоза кўча", "Тури": "Наземные", "Эни(м)": 3, "Узунл": 19 }, "geometry": { "type": "MultiLineString", "coordinates": [ [ [ 69.175992354563363, 41.311207373117526 ], [ 69.176133239574753, 41.311069708057005 ] ] ] } },
{ "type": "Feature", "properties": { "Туман": "Учтепа", "Кўча": "Кўкча Дарвоза кўча", "Тури": "Наземные", "Эни(м)": 3, "Узунл": 15 }, "geometry": { "type": "MultiLineString", "coordinates": [ [ [ 69.173924935229508, 41.310441949178838 ], [ 69.173972317332641, 41.310314502822251 ] ] ] } },
{ "type": "Feature", "properties": { "Туман": "Учтепа", "Кўча": "Кўкча Дарвоза кўча", "Тури": "Наземные", "Эни(м)": 3, "Узунл": 14 }, "geometry": { "type": "MultiLineString", "coordinates": [ [ [ 69.1741780350645, 41.310509211831103 ], [ 69.17423307118942, 41.310388950100865 ] ] ] } },
{ "type": "Feature", "properties": { "Туман": "Учтепа", "Кўча": "Дилноз кўча", "Тури": "Наземные", "Эни(м)": 3, "Узунл": 11 }, "geometry": { "type": "MultiLineString", "coordinates": [ [ [ 69.174046619877657, 41.310261137777722 ], [ 69.174166013266387, 41.31029549950064 ] ] ] } },
{ "type": "Feature", "properties": { "Туман": "Учтепа", "Кўча": "Кўкча Дарвоза кўча", "Тури": "Наземные", "Эни(м)": 3, "Узунл": 14 }, "geometry": { "type": "MultiLineString", "coordinates": [ [ [ 69.165607720767966, 41.308769558113319 ], [ 69.165640803873444, 41.308642855344793 ] ] ] } },
{ "type": "Feature", "properties": { "Туман": "Учтепа", "Кўча": "Тўқимачи кўча", "Тури": "Наземные", "Эни(м)": 3, "Узунл": 13 }, "geometry": { "type": "MultiLineString", "coordinates": [ [ [ 69.160455871696797, 41.309924667028461 ], [ 69.160606754608267, 41.309959718553728 ] ] ] } },
{ "type": "Feature", "properties": { "Туман": "Учтепа", "Кўча": "Тўқимачи кўча", "Тури": "Наземные", "Эни(м)": 3, "Узунл": 13 }, "geometry": { "type": "MultiLineString", "coordinates": [ [ [ 69.159445681913994, 41.312492995755186 ], [ 69.159595610503985, 41.31252589101625 ] ] ] } },
{ "type": "Feature", "properties": { "Туман": "Учтепа", "Кўча": "Тўқимачи кўча", "Тури": "Наземные", "Эни(м)": 3, "Узунл": 13 }, "geometry": { "type": "MultiLineString", "coordinates": [ [ [ 69.162762287182233, 41.30477678107043 ], [ 69.162911270479455, 41.304819748250353 ] ] ] } },
{ "type": "Feature", "properties": { "Туман": "Учтепа", "Кўча": "Тўқимачи кўча", "Тури": "Наземные", "Эни(м)": 3, "Узунл": 11 }, "geometry": { "type": "MultiLineString", "coordinates": [ [ [ 69.163477701984704, 41.303495541582663 ], [ 69.163589473569317, 41.303542158896661 ] ] ] } },
{ "type": "Feature", "properties": { "Туман": "Учтепа", "Кўча": "Тўқимачи кўча", "Тури": "Наземные", "Эни(м)": 3, "Узунл": 12 }, "geometry": { "type": "MultiLineString", "coordinates": [ [ [ 69.16357124960814, 41.303314421168139 ], [ 69.163689733522361, 41.303373982229942 ] ] ] } },
{ "type": "Feature", "properties": { "Туман": "Учтепа", "Кўча": "Шараф кўча", "Тури": "Наземные", "Эни(м)": 3, "Узунл": 9 }, "geometry": { "type": "MultiLineString", "coordinates": [ [ [ 69.163461717701821, 41.303400213000941 ], [ 69.163517860329506, 41.303335366356471 ] ] ] } },
{ "type": "Feature", "properties": { "Туман": "Учтепа", "Кўча": "Мирхонд-4 тор кўча", "Тури": "Наземные", "Эни(м)": 3, "Узунл": 7 }, "geometry": { "type": "MultiLineString", "coordinates": [ [ [ 69.165630253019614, 41.295609966843521 ], [ 69.165704756993605, 41.295640084221681 ] ] ] } },
{ "type": "Feature", "properties": { "Туман": "Учтепа", "Кўча": "Юсуф Саккокий кўча", "Тури": "Наземные", "Эни(м)": 3, "Узунл": 10 }, "geometry": { "type": "MultiLineString", "coordinates": [ [ [ 69.165784855041736, 41.295618379899729 ], [ 69.165842853366911, 41.295536258166024 ] ] ] } },
{ "type": "Feature", "properties": { "Туман": "Учтепа", "Кўча": "Мирхонд-4 тор кўча", "Тури": "Наземные", "Эни(м)": 3, "Узунл": 11 }, "geometry": { "type": "MultiLineString", "coordinates": [ [ [ 69.165753848854067, 41.295432039526993 ], [ 69.165872289466535, 41.295479364725807 ] ] ] } },
{ "type": "Feature", "properties": { "Туман": "Учтепа", "Кўча": "Юсуф Саккокий кўча", "Тури": "Наземные", "Эни(м)": 3, "Узунл": 11 }, "geometry": { "type": "MultiLineString", "coordinates": [ [ [ 69.163660832076104, 41.294867243439967 ], [ 69.163716900642299, 41.294775770275159 ] ] ] } },
{ "type": "Feature", "properties": { "Туман": "Учтепа", "Кўча": "Юсуф Саккокий кўча", "Тури": "Наземные", "Эни(м)": 3, "Узунл": 11 }, "geometry": { "type": "MultiLineString", "coordinates": [ [ [ 69.162036275141119, 41.294270086924122 ], [ 69.162120055825199, 41.294194407453446 ] ] ] } },
{ "type": "Feature", "properties": { "Туман": "Учтепа", "Кўча": "Журжоний кўча", "Тури": "Наземные", "Эни(м)": 3, "Узунл": 19 }, "geometry": { "type": "MultiLineString", "coordinates": [ [ [ 69.173169783226001, 41.299722369169906 ], [ 69.173382763831711, 41.299790413692868 ] ] ] } },
{ "type": "Feature", "properties": { "Туман": "Учтепа", "Кўча": "Журжоний кўча", "Тури": "Наземные", "Эни(м)": 3, "Узунл": 18 }, "geometry": { "type": "MultiLineString", "coordinates": [ [ [ 69.172525431999759, 41.301085601262983 ], [ 69.172722165156998, 41.301142876851287 ] ] ] } },
{ "type": "Feature", "properties": { "Туман": "Учтепа", "Кўча": "Журжоний кўча", "Тури": "Наземные", "Эни(м)": 3, "Узунл": 21 }, "geometry": { "type": "MultiLineString", "coordinates": [ [ [ 69.171108594461884, 41.303379745246794 ], [ 69.171286444765727, 41.303512612717597 ] ] ] } },
{ "type": "Feature", "properties": { "Туман": "Учтепа", "Кўча": "Журжоний кўча", "Тури": "Наземные", "Эни(м)": 3, "Узунл": 16 }, "geometry": { "type": "MultiLineString", "coordinates": [ [ [ 69.170728606856642, 41.303680396095899 ], [ 69.170859631771151, 41.303788866162016 ] ] ] } },
{ "type": "Feature", "properties": { "Туман": "Учтепа", "Кўча": "Назарбек кўча", "Тури": "Наземные", "Эни(м)": 3, "Узунл": 13 }, "geometry": { "type": "MultiLineString", "coordinates": [ [ [ 69.168559710534609, 41.307491885026415 ], [ 69.168700114449152, 41.307534857252072 ] ] ] } },
{ "type": "Feature", "properties": { "Туман": "Учтепа", "Кўча": "Фарҳод кўча", "Тури": "Наземные", "Эни(м)": 3, "Узунл": 27 }, "geometry": { "type": "MultiLineString", "coordinates": [ [ [ 69.189641424154274, 41.284281140765266 ], [ 69.189524799020006, 41.284200733747923 ], [ 69.18942147232157, 41.284100154962331 ] ] ] } },
{ "type": "Feature", "properties": { "Туман": "Учтепа", "Кўча": "Фарҳод кўча", "Тури": "Наземные", "Эни(м)": 3, "Узунл": 8 }, "geometry": { "type": "MultiLineString", "coordinates": [ [ [ 69.194391580751855, 41.281390361181778 ], [ 69.194418095981675, 41.281324109994998 ] ] ] } },
{ "type": "Feature", "properties": { "Туман": "Учтепа", "Кўча": "Фарҳод кўча", "Тури": "Наземные", "Эни(м)": 3, "Узунл": 33 }, "geometry": { "type": "MultiLineString", "coordinates": [ [ [ 69.19445406986533, 41.2812304966982 ], [ 69.194205341898382, 41.280997754824831 ] ] ] } },
{ "type": "Feature", "properties": { "Туман": "Учтепа", "Кўча": "Фарҳод кўча", "Тури": "Наземные", "Эни(м)": 3, "Узунл": 13 }, "geometry": { "type": "MultiLineString", "coordinates": [ [ [ 69.194508593470758, 41.280958382581481 ], [ 69.194405306981565, 41.280872200845117 ] ] ] } },
{ "type": "Feature", "properties": { "Туман": "Учтепа", "Кўча": "Кичик ҳалқа йўли кўча", "Тури": "Наземные", "Эни(м)": 3, "Узунл": 13 }, "geometry": { "type": "MultiLineString", "coordinates": [ [ [ 69.194524771785311, 41.2812663590027 ], [ 69.194646664154959, 41.281192750216327 ] ] ] } },
{ "type": "Feature", "properties": { "Туман": "Учтепа", "Кўча": "Фарҳод кўча", "Тури": "Наземные", "Эни(м)": 3, "Узунл": 16 }, "geometry": { "type": "MultiLineString", "coordinates": [ [ [ 69.194605942547568, 41.280972610764685 ], [ 69.194777865027305, 41.28104140497733 ] ] ] } },
{ "type": "Feature", "properties": { "Туман": "Чилонзор", "Кўча": "Кичик ҳалқа йўли кўча", "Тури": "Наземные", "Эни(м)": 3, "Узунл": 7 }, "geometry": { "type": "MultiLineString", "coordinates": [ [ [ 69.194892394577806, 41.281058482389291 ], [ 69.194960223885914, 41.281090751115599 ] ] ] } },
{ "type": "Feature", "properties": { "Туман": "Чилонзор", "Кўча": "Кичик ҳалқа йўли кўча", "Тури": "Наземные", "Эни(м)": 3, "Узунл": 17 }, "geometry": { "type": "MultiLineString", "coordinates": [ [ [ 69.195766273235733, 41.280428038732424 ], [ 69.195632389983714, 41.280318881792681 ] ] ] } },
{ "type": "Feature", "properties": { "Туман": "Учтепа", "Кўча": "Кичик ҳалқа йўли кўча", "Тури": "Наземные", "Эни(м)": 3, "Узунл": 13 }, "geometry": { "type": "MultiLineString", "coordinates": [ [ [ 69.195596053021944, 41.28029015813253 ], [ 69.195494652633386, 41.280196777808698 ] ] ] } },
{ "type": "Feature", "properties": { "Туман": "Учтепа", "Кўча": "Истироҳат кўча", "Тури": "Наземные", "Эни(м)": 3, "Узунл": 8 }, "geometry": { "type": "MultiLineString", "coordinates": [ [ [ 69.169294626608433, 41.327798779197202 ], [ 69.169287753939301, 41.327725387124005 ] ] ] } },
{ "type": "Feature", "properties": { "Туман": "Учтепа", "Кўча": "Истироҳат кўча", "Тури": "Наземные", "Эни(м)": 3, "Узунл": 12 }, "geometry": { "type": "MultiLineString", "coordinates": [ [ [ 69.166730980079521, 41.327660034735601 ], [ 69.166823382594814, 41.327581461259285 ] ] ] } },
{ "type": "Feature", "properties": { "Туман": "Учтепа", "Кўча": "Истироҳат кўча", "Тури": "Наземные", "Эни(м)": 3, "Узунл": 11 }, "geometry": { "type": "MultiLineString", "coordinates": [ [ [ 69.165868460645612, 41.327105007464368 ], [ 69.165948462009965, 41.327030050699513 ] ] ] } },
{ "type": "Feature", "properties": { "Туман": "Учтепа", "Кўча": "Катта ҳалқа йўли кўча", "Тури": "Наземные", "Эни(м)": 3, "Узунл": 31 }, "geometry": { "type": "MultiLineString", "coordinates": [ [ [ 69.159525252825404, 41.327316909068074 ], [ 69.159878261105163, 41.327227904867655 ] ] ] } },
{ "type": "Feature", "properties": { "Туман": "Учтепа", "Кўча": "Катта ҳалқа йўли кўча", "Тури": "Наземные", "Эни(м)": 3, "Узунл": 25 }, "geometry": { "type": "MultiLineString", "coordinates": [ [ [ 69.15694839882751, 41.321259730080762 ], [ 69.157233639712302, 41.321185938523953 ] ] ] } },
{ "type": "Feature", "properties": { "Туман": "Учтепа", "Кўча": "Ширин кўча", "Тури": "Наземные", "Эни(м)": 3, "Узунл": 23 }, "geometry": { "type": "MultiLineString", "coordinates": [ [ [ 69.18633689949877, 41.275316284637924 ], [ 69.186575670035111, 41.275419525478547 ] ] ] } },
{ "type": "Feature", "properties": { "Туман": "Учтепа", "Кўча": "Мақсуд Шайхзода кўча", "Тури": "Наземные", "Эни(м)": 3, "Узунл": 10 }, "geometry": { "type": "MultiLineString", "coordinates": [ [ [ 69.189669618603389, 41.28017989541415 ], [ 69.189739041834969, 41.280104938968925 ] ] ] } },
{ "type": "Feature", "properties": { "Туман": "Учтепа", "Кўча": "Мақсуд Шайхзода кўча", "Тури": "Наземные", "Эни(м)": 3, "Узунл": 11 }, "geometry": { "type": "MultiLineString", "coordinates": [ [ [ 69.189854043944933, 41.280286097417836 ], [ 69.189940632330476, 41.280208953638848 ] ] ] } },
{ "type": "Feature", "properties": { "Туман": "Учтепа", "Кўча": "Мақсуд Шайхзода кўча", "Тури": "Наземные", "Эни(м)": 3, "Узунл": 11 }, "geometry": { "type": "MultiLineString", "coordinates": [ [ [ 69.18816661180557, 41.279343986856802 ], [ 69.188248420806588, 41.279263253973021 ] ] ] } },
{ "type": "Feature", "properties": { "Туман": "Учтепа", "Кўча": "Мақсуд Шайхзода кўча", "Тури": "Наземные", "Эни(м)": 3, "Узунл": 12 }, "geometry": { "type": "MultiLineString", "coordinates": [ [ [ 69.188017562674048, 41.279263631228616 ], [ 69.188108907207194, 41.279181443599064 ] ] ] } },
{ "type": "Feature", "properties": { "Туман": "Учтепа", "Кўча": "Лутфий кўча", "Тури": "Подземные", "Эни(м)": 4, "Узунл": 41 }, "geometry": { "type": "MultiLineString", "coordinates": [ [ [ 69.185350851374011, 41.286208833020744 ], [ 69.185727035964035, 41.285972186665298 ] ] ] } },
{ "type": "Feature", "properties": { "Туман": "Учтепа", "Кўча": "Кичик ҳалқа йўли кўча", "Тури": "Наземные", "Эни(м)": 3, "Узунл": 32 }, "geometry": { "type": "MultiLineString", "coordinates": [ [ [ 69.194256428930032, 41.286965598260252 ], [ 69.194636162036062, 41.286969274680757 ] ] ] } },
{ "type": "Feature", "properties": { "Туман": "Учтепа", "Кўча": "Кичик ҳалқа йўли кўча", "Тури": "Наземные", "Эни(м)": 3, "Узунл": 30 }, "geometry": { "type": "MultiLineString", "coordinates": [ [ [ 69.19429401521883, 41.286449557077816 ], [ 69.194657549779834, 41.286461176744012 ] ] ] } },
{ "type": "Feature", "properties": { "Туман": "Чилонзор", "Кўча": "Лутфий кўча", "Тури": "Наземные", "Эни(м)": 3, "Узунл": 53 }, "geometry": { "type": "MultiLineString", "coordinates": [ [ [ 69.194447311035233, 41.292451044984524 ], [ 69.194483119947222, 41.292299861452406 ], [ 69.194522933397167, 41.292211998891759 ], [ 69.19450697021189, 41.291977425320994 ] ] ] } },
{ "type": "Feature", "properties": { "Туман": "Учтепа", "Кўча": "Лутфий кўча", "Тури": "Наземные", "Эни(м)": 3, "Узунл": 39 }, "geometry": { "type": "MultiLineString", "coordinates": [ [ [ 69.193923464511684, 41.292123775719254 ], [ 69.194014043416416, 41.29177963824435 ] ] ] } },
{ "type": "Feature", "properties": { "Туман": "Учтепа", "Кўча": "Лутфий кўча", "Тури": "Наземные", "Эни(м)": 3, "Узунл": 29 }, "geometry": { "type": "MultiLineString", "coordinates": [ [ [ 69.19048781553623, 41.290241193091283 ], [ 69.190712409213532, 41.290042202303319 ] ] ] } },
{ "type": "Feature", "properties": { "Туман": "Учтепа", "Кўча": "Кичик ҳалқа йўли кўча", "Тури": "Наземные", "Эни(м)": 3, "Узунл": 35 }, "geometry": { "type": "MultiLineString", "coordinates": [ [ [ 69.193775544633581, 41.297918511375791 ], [ 69.194199197431971, 41.297909161869029 ] ] ] } },
{ "type": "Feature", "properties": { "Туман": "Учтепа", "Кўча": "Фозилтепа кўча", "Тури": "Наземные", "Эни(м)": 3, "Узунл": 18 }, "geometry": { "type": "MultiLineString", "coordinates": [ [ [ 69.193693280669933, 41.297851004333324 ], [ 69.193654638941894, 41.297691310849274 ] ] ] } },
{ "type": "Feature", "properties": { "Туман": "Учтепа", "Кўча": "Кичик ҳалқа йўли кўча", "Тури": "Наземные", "Эни(м)": 3, "Узунл": 36 }, "geometry": { "type": "MultiLineString", "coordinates": [ [ [ 69.193801219308725, 41.297565848051008 ], [ 69.194228729419777, 41.297570884599928 ] ] ] } },
{ "type": "Feature", "properties": { "Туман": "Учтепа", "Кўча": "Катта ҳалқа йўли кўча", "Тури": "Подземные", "Эни(м)": 4, "Узунл": 50 }, "geometry": { "type": "MultiLineString", "coordinates": [ [ [ 69.149080522441579, 41.286786129162763 ], [ 69.149668111582912, 41.286733553070675 ] ] ] } },
{ "type": "Feature", "properties": { "Туман": "Учтепа", "Кўча": "Истироҳат кўча", "Тури": "Наземные", "Эни(м)": 3, "Узунл": 8 }, "geometry": { "type": "MultiLineString", "coordinates": [ [ [ 69.166125720635577, 41.326785714468308 ], [ 69.16618790652565, 41.326734736238322 ] ] ] } },
{ "type": "Feature", "properties": { "Туман": "Сергели", "Кўча": "Янги Сергели кўча", "Тури": "Наземные", "Эни(м)": 3, "Узунл": 26 }, "geometry": { "type": "MultiLineString", "coordinates": [ [ [ 69.228176289395847, 41.21411526135067 ], [ 69.228443911609503, 41.214239396226304 ] ] ] } },
{ "type": "Feature", "properties": { "Туман": "Сергели", "Кўча": "Лутфкор кўча", "Тури": "Наземные", "Эни(м)": 3, "Узунл": 18 }, "geometry": { "type": "MultiLineString", "coordinates": [ [ [ 69.228077042578377, 41.213997763924326 ], [ 69.228185169671704, 41.213857711170377 ] ] ] } },
{ "type": "Feature", "properties": { "Туман": "Сергели", "Кўча": "Қипчоқ шоҳкўча", "Тури": "Наземные", "Эни(м)": 3, "Узунл": 27 }, "geometry": { "type": "MultiLineString", "coordinates": [ [ [ 69.231357059992334, 41.209956405902716 ], [ 69.231519232192653, 41.209746937140984 ] ] ] } },
{ "type": "Feature", "properties": { "Туман": "Сергели", "Кўча": "Қипчоқ шоҳкўча", "Тури": "Наземные", "Эни(м)": 3, "Узунл": 26 }, "geometry": { "type": "MultiLineString", "coordinates": [ [ [ 69.231910679948697, 41.210185759571665 ], [ 69.232068524077661, 41.209981219769269 ] ] ] } },
{ "type": "Feature", "properties": { "Туман": "Сергели", "Кўча": "Қипчоқ шоҳкўча", "Тури": "Наземные", "Эни(м)": 3, "Узунл": 27 }, "geometry": { "type": "MultiLineString", "coordinates": [ [ [ 69.230040992961506, 41.209407889384799 ], [ 69.230191195592084, 41.209191064867333 ] ] ] } },
{ "type": "Feature", "properties": { "Туман": "Сергели", "Кўча": "Қипчоқ шоҳкўча", "Тури": "Наземные", "Эни(м)": 3, "Узунл": 38 }, "geometry": { "type": "MultiLineString", "coordinates": [ [ [ 69.228027077502475, 41.208679484473038 ], [ 69.228248690066437, 41.20838378488871 ] ] ] } },
{ "type": "Feature", "properties": { "Туман": "Сергели", "Кўча": "Қипчоқ шоҳкўча", "Тури": "Наземные", "Эни(м)": 3, "Узунл": 37 }, "geometry": { "type": "MultiLineString", "coordinates": [ [ [ 69.22638371539685, 41.208000346665209 ], [ 69.226586870649257, 41.20770468652205 ] ] ] } },
{ "type": "Feature", "properties": { "Туман": "Сергели", "Кўча": "Қипчоқ шоҳкўча", "Тури": "Наземные", "Эни(м)": 3, "Узунл": 44 }, "geometry": { "type": "MultiLineString", "coordinates": [ [ [ 69.224377281043999, 41.207211990693388 ], [ 69.224628036777403, 41.20686046975117 ] ] ] } },
{ "type": "Feature", "properties": { "Туман": "Сергели", "Кўча": "Лутфкор-1 тор кўча", "Тури": "Наземные", "Эни(м)": 3, "Узунл": 13 }, "geometry": { "type": "MultiLineString", "coordinates": [ [ [ 69.223326463834212, 41.208942948122917 ], [ 69.223458056904036, 41.208996003792713 ] ] ] } },
{ "type": "Feature", "properties": { "Туман": "Сергели", "Кўча": "Шокирариқ кўча", "Тури": "Наземные", "Эни(м)": 3, "Узунл": 20 }, "geometry": { "type": "MultiLineString", "coordinates": [ [ [ 69.224202342450582, 41.219274536340698 ], [ 69.224302805899697, 41.219111947684709 ] ] ] } },
{ "type": "Feature", "properties": { "Туман": "Сергели", "Кўча": "Янги Сергели кўча", "Тури": "Наземные", "Эни(м)": 3, "Узунл": 38 }, "geometry": { "type": "MultiLineString", "coordinates": [ [ [ 69.224329938858887, 41.219105333497872 ], [ 69.224725907853923, 41.219275976307188 ] ] ] } },
{ "type": "Feature", "properties": { "Туман": "Сергели", "Кўча": "Янги Сергели кўча", "Тури": "Наземные", "Эни(м)": 3, "Узунл": 26 }, "geometry": { "type": "MultiLineString", "coordinates": [ [ [ 69.224262742800931, 41.219467157910998 ], [ 69.224542246622676, 41.219567493755996 ] ] ] } },
{ "type": "Feature", "properties": { "Туман": "Сергели", "Кўча": "Янги Сергели кўча", "Тури": "Наземные", "Эни(м)": 3, "Узунл": 27 }, "geometry": { "type": "MultiLineString", "coordinates": [ [ [ 69.222483306233883, 41.222294442880958 ], [ 69.222769342595768, 41.222396410685654 ] ] ] } },
{ "type": "Feature", "properties": { "Туман": "Сергели", "Кўча": "Меҳригиё кўча", "Тури": "Наземные", "Эни(м)": 3, "Узунл": 21 }, "geometry": { "type": "MultiLineString", "coordinates": [ [ [ 69.219413684170604, 41.226901463916988 ], [ 69.219525023533478, 41.226735578244657 ] ] ] } },
{ "type": "Feature", "properties": { "Туман": "Сергели", "Кўча": "Янги Сергели кўча", "Тури": "Наземные", "Эни(м)": 3, "Узунл": 32 }, "geometry": { "type": "MultiLineString", "coordinates": [ [ [ 69.219678098883023, 41.226705760358385 ], [ 69.220015326500089, 41.226842904372724 ] ] ] } },
{ "type": "Feature", "properties": { "Туман": "Сергели", "Кўча": "Янги Сергели кўча", "Тури": "Наземные", "Эни(м)": 3, "Узунл": 28 }, "geometry": { "type": "MultiLineString", "coordinates": [ [ [ 69.21950446789991, 41.227085828178247 ], [ 69.219802486899155, 41.227192701409855 ] ] ] } },
{ "type": "Feature", "properties": { "Туман": "Сергели", "Кўча": "Янги Сергели кўча", "Тури": "Наземные", "Эни(м)": 3, "Узунл": 26 }, "geometry": { "type": "MultiLineString", "coordinates": [ [ [ 69.217917583726816, 41.229623973698835 ], [ 69.218204171871832, 41.229721030662667 ] ] ] } },
{ "type": "Feature", "properties": { "Туман": "Сергели", "Кўча": "Шокирариқ кўча", "Тури": "Наземные", "Эни(м)": 3, "Узунл": 18 }, "geometry": { "type": "MultiLineString", "coordinates": [ [ [ 69.218769557668679, 41.21730961338988 ], [ 69.218864666306104, 41.217166723599 ] ] ] } },
{ "type": "Feature", "properties": { "Туман": "Сергели", "Кўча": "Шокирариқ кўча", "Тури": "Наземные", "Эни(м)": 3, "Узунл": 16 }, "geometry": { "type": "MultiLineString", "coordinates": [ [ [ 69.218443330846398, 41.217198689949441 ], [ 69.218525452261446, 41.217069767911021 ] ] ] } },
{ "type": "Feature", "properties": { "Туман": "Сергели", "Кўча": "Жаҳонаро кўча", "Тури": "Наземные", "Эни(м)": 3, "Узунл": 12 }, "geometry": { "type": "MultiLineString", "coordinates": [ [ [ 69.218442482056133, 41.217270046095159 ], [ 69.218575152265089, 41.217316543880536 ] ] ] } },
{ "type": "Feature", "properties": { "Туман": "Сергели", "Кўча": "-", "Тури": "Наземные", "Эни(м)": 3, "Узунл": 10 }, "geometry": { "type": "MultiLineString", "coordinates": [ [ [ 69.21871563242415, 41.217098932881576 ], [ 69.218824381852031, 41.217138094306875 ] ] ] } },
{ "type": "Feature", "properties": { "Туман": "Сергели", "Кўча": "Шокирариқ кўчаси", "Тури": "Наземные", "Эни(м)": 3, "Узунл": 12 }, "geometry": { "type": "MultiLineString", "coordinates": [ [ [ 69.213331168980631, 41.21502416828212 ], [ 69.213402534908809, 41.214925615963324 ] ] ] } },
{ "type": "Feature", "properties": { "Туман": "Сергели", "Кўча": "Мирзо Турсунзода кўча", "Тури": "Наземные", "Эни(м)": 3, "Узунл": 12 }, "geometry": { "type": "MultiLineString", "coordinates": [ [ [ 69.213235920331456, 41.214792237302468 ], [ 69.213356644927046, 41.214842043913421 ] ] ] } },
{ "type": "Feature", "properties": { "Туман": "Сергели", "Кўча": "Мирзо Турсунзода кўча", "Тури": "Наземные", "Эни(м)": 3, "Узунл": 12 }, "geometry": { "type": "MultiLineString", "coordinates": [ [ [ 69.212847719865053, 41.215325244122972 ], [ 69.212974975375374, 41.215379139894722 ] ] ] } },
{ "type": "Feature", "properties": { "Туман": "Сергели", "Кўча": "Шокирариқ кўча", "Тури": "Наземные", "Эни(м)": 3, "Узунл": 11 }, "geometry": { "type": "MultiLineString", "coordinates": [ [ [ 69.213078146716768, 41.215374848206821 ], [ 69.213137595011247, 41.215285339949581 ] ] ] } },
{ "type": "Feature", "properties": { "Туман": "Сергели", "Кўча": "Мирзо Турсунзода кўча", "Тури": "Наземные", "Эни(м)": 3, "Узунл": 11 }, "geometry": { "type": "MultiLineString", "coordinates": [ [ [ 69.212289741378228, 41.216092310372176 ], [ 69.21241045969515, 41.216139657472588 ] ] ] } },
{ "type": "Feature", "properties": { "Туман": "Сергели", "Кўча": "Мирзо Турсунзода кўча", "Тури": "Наземные", "Эни(м)": 3, "Узунл": 11 }, "geometry": { "type": "MultiLineString", "coordinates": [ [ [ 69.211035382448287, 41.217835010622593 ], [ 69.211150656271116, 41.217877448003101 ] ] ] } },
{ "type": "Feature", "properties": { "Туман": "Сергели", "Кўча": "Мирзо Турсунзода кўча", "Тури": "Наземные", "Эни(м)": 3, "Узунл": 11 }, "geometry": { "type": "MultiLineString", "coordinates": [ [ [ 69.210306497352533, 41.218838588098443 ], [ 69.210426125207348, 41.218883478745113 ] ] ] } },
{ "type": "Feature", "properties": { "Туман": "Сергели", "Кўча": "Мирзо Турсунзода кўча", "Тури": "Наземные", "Эни(м)": 3, "Узунл": 12 }, "geometry": { "type": "MultiLineString", "coordinates": [ [ [ 69.208033200158667, 41.22197329356171 ], [ 69.208158266112477, 41.222018996879726 ] ] ] } },
{ "type": "Feature", "properties": { "Туман": "Сергели", "Кўча": "Меҳригиё кўча", "Тури": "Наземные", "Эни(м)": 3, "Узунл": 13 }, "geometry": { "type": "MultiLineString", "coordinates": [ [ [ 69.208127398907763, 41.222219173286369 ], [ 69.208211815629809, 41.222120600710795 ] ] ] } },
{ "type": "Feature", "properties": { "Туман": "Сергели", "Кўча": "Мирзо Турсунзода кўча", "Тури": "Наземные", "Эни(м)": 3, "Узунл": 11 }, "geometry": { "type": "MultiLineString", "coordinates": [ [ [ 69.207600533611966, 41.222555572380344 ], [ 69.207722344150582, 41.222602102201876 ] ] ] } },
{ "type": "Feature", "properties": { "Туман": "Сергели", "Кўча": "Меҳригиё кўча", "Тури": "Наземные", "Эни(м)": 3, "Узунл": 8 }, "geometry": { "type": "MultiLineString", "coordinates": [ [ [ 69.207880786927518, 41.222553426469908 ], [ 69.207927286255625, 41.222486909040882 ] ] ] } },
{ "type": "Feature", "properties": { "Туман": "Сергели", "Кўча": "Меҳригиё кўча", "Тури": "Наземные", "Эни(м)": 3, "Узунл": 8 }, "geometry": { "type": "MultiLineString", "coordinates": [ [ [ 69.209287567842679, 41.223079885621743 ], [ 69.209324840573046, 41.223015844902434 ] ] ] } },
{ "type": "Feature", "properties": { "Туман": "Сергели", "Кўча": "Мирзо Турсунзода кўча", "Тури": "Наземные", "Эни(м)": 3, "Узунл": 11 }, "geometry": { "type": "MultiLineString", "coordinates": [ [ [ 69.205351431098421, 41.22586692515889 ], [ 69.205239390545003, 41.225819555279578 ] ] ] } },
{ "type": "Feature", "properties": { "Туман": "Сергели", "Кўча": "Мирзо Турсунзода кўча", "Тури": "Наземные", "Эни(м)": 3, "Узунл": 15 }, "geometry": { "type": "MultiLineString", "coordinates": [ [ [ 69.203637994997138, 41.228225484069924 ], [ 69.203484626480574, 41.228164242766454 ] ] ] } },
{ "type": "Feature", "properties": { "Туман": "Сергели", "Кўча": "Мирзо Турсунзода кўча", "Тури": "Наземные", "Эни(м)": 3, "Узунл": 16 }, "geometry": { "type": "MultiLineString", "coordinates": [ [ [ 69.203448671371603, 41.22848089021808 ], [ 69.203285502234039, 41.228412284477145 ] ] ] } },
{ "type": "Feature", "properties": { "Туман": "Сергели", "Кўча": "Обиҳаёт кўча", "Тури": "Наземные", "Эни(м)": 3, "Узунл": 14 }, "geometry": { "type": "MultiLineString", "coordinates": [ [ [ 69.229235557460299, 41.213729319280532 ], [ 69.229318811070286, 41.213620891416696 ] ] ] } },
{ "type": "Feature", "properties": { "Туман": "Сергели", "Кўча": "Обиҳаёт кўча", "Тури": "Наземные", "Эни(м)": 3, "Узунл": 28 }, "geometry": { "type": "MultiLineString", "coordinates": [ [ [ 69.243712155227527, 41.219747503579114 ], [ 69.243737305049265, 41.219499760055356 ] ] ] } },
{ "type": "Feature", "properties": { "Туман": "Сергели", "Кўча": "Сергели йули шоҳ кўчаси", "Тури": "Наземные", "Эни(м)": 3, "Узунл": 39 }, "geometry": { "type": "MultiLineString", "coordinates": [ [ [ 69.243764375284357, 41.219476738092503 ], [ 69.244225017835461, 41.21949872674503 ] ] ] } },
{ "type": "Feature", "properties": { "Туман": "Сергели", "Кўча": "Қипчоқ шоҳкўча", "Тури": "Наземные", "Эни(м)": 3, "Узунл": 19 }, "geometry": { "type": "MultiLineString", "coordinates": [ [ [ 69.238158142907565, 41.212831172735669 ], [ 69.238266203396918, 41.21267921821034 ] ] ] } },
{ "type": "Feature", "properties": { "Туман": "Сергели", "Кўча": "Қипчоқ шоҳкўча", "Тури": "Наземные", "Эни(м)": 3, "Узунл": 13 }, "geometry": { "type": "MultiLineString", "coordinates": [ [ [ 69.235253674143053, 41.211565882832325 ], [ 69.235330422055995, 41.211464025221503 ] ] ] } },
{ "type": "Feature", "properties": { "Туман": "Сергели", "Кўча": "Янги Сергели кўча", "Тури": "Наземные", "Эни(м)": 3, "Узунл": 27 }, "geometry": { "type": "MultiLineString", "coordinates": [ [ [ 69.21479924806583, 41.239797413385027 ], [ 69.215053026834241, 41.239651770686542 ] ] ] } },
{ "type": "Feature", "properties": { "Туман": "Сергели", "Кўча": "Янги Сергели кўча", "Тури": "Наземные", "Эни(м)": 3, "Узунл": 27 }, "geometry": { "type": "MultiLineString", "coordinates": [ [ [ 69.21641291935363, 41.241481468700776 ], [ 69.216687411127765, 41.241355467437295 ] ] ] } },
{ "type": "Feature", "properties": { "Туман": "Сергели", "Кўча": "Янги Сергели кўча", "Тури": "Наземные", "Эни(м)": 3, "Узунл": 7 }, "geometry": { "type": "MultiLineString", "coordinates": [ [ [ 69.216201062108368, 41.241490068322044 ], [ 69.216284764395496, 41.241500573256658 ] ] ] } },
{ "type": "Feature", "properties": { "Туман": "Сергели", "Кўча": "Янги Сергели кўча", "Тури": "Наземные", "Эни(м)": 3, "Узунл": 8 }, "geometry": { "type": "MultiLineString", "coordinates": [ [ [ 69.21664890940292, 41.241212831409158 ], [ 69.216708487156495, 41.241156948167408 ] ] ] } },
{ "type": "Feature", "properties": { "Туман": "Сергели", "Кўча": "Хонободтепа шоҳкўчаси", "Тури": "Наземные", "Эни(м)": 3, "Узунл": 28 }, "geometry": { "type": "MultiLineString", "coordinates": [ [ [ 69.224294879946328, 41.243970343852673 ], [ 69.224309240128591, 41.243720986255276 ] ] ] } },
{ "type": "Feature", "properties": { "Туман": "Сергели", "Кўча": "Хонободтепа шоҳкўчаси", "Тури": "Наземные", "Эни(м)": 3, "Узунл": 24 }, "geometry": { "type": "MultiLineString", "coordinates": [ [ [ 69.224626239285755, 41.243951654314685 ], [ 69.224629833090802, 41.243731843557086 ] ] ] } },
{ "type": "Feature", "properties": { "Туман": "Сергели", "Кўча": "Моҳидил кўча", "Тури": "Наземные", "Эни(м)": 3, "Узунл": 13 }, "geometry": { "type": "MultiLineString", "coordinates": [ [ [ 69.22435149112701, 41.244001399765359 ], [ 69.224509099786644, 41.244015035341242 ] ] ] } },
{ "type": "Feature", "properties": { "Туман": "Сергели", "Кўча": "-", "Тури": "Наземные", "Эни(м)": 3, "Узунл": 27 }, "geometry": { "type": "MultiLineString", "coordinates": [ [ [ 69.272343287332518, 41.268218126197745 ], [ 69.272355844253383, 41.268100813703455 ], [ 69.272291215843282, 41.267982043459163 ] ] ] } },
{ "type": "Feature", "properties": { "Туман": "Сергели", "Кўча": "-", "Тури": "Наземные", "Эни(м)": 3, "Узунл": 26 }, "geometry": { "type": "MultiLineString", "coordinates": [ [ [ 69.268524735266325, 41.26800237197066 ], [ 69.268589015456072, 41.267772577385713 ] ] ] } },
{ "type": "Feature", "properties": { "Туман": "Сергели", "Кўча": "-", "Тури": "Наземные", "Эни(м)": 3, "Узунл": 9 }, "geometry": { "type": "MultiLineString", "coordinates": [ [ [ 69.268146189923101, 41.2676735501393 ], [ 69.268248436558821, 41.267689715147235 ] ] ] } },
{ "type": "Feature", "properties": { "Туман": "Сергели", "Кўча": "Қумариқ кўча", "Тури": "Наземные", "Эни(м)": 3, "Узунл": 32 }, "geometry": { "type": "MultiLineString", "coordinates": [ [ [ 69.266802823656064, 41.267455227985103 ], [ 69.267178107073306, 41.267519150305837 ] ] ] } },
{ "type": "Feature", "properties": { "Туман": "Сергели", "Кўча": "Бобур кўча", "Тури": "Наземные", "Эни(м)": 3, "Узунл": 7 }, "geometry": { "type": "MultiLineString", "coordinates": [ [ [ 69.263622877958426, 41.266543974401273 ], [ 69.263702304679413, 41.266562656180177 ] ] ] } },
{ "type": "Feature", "properties": { "Туман": "Сергели", "Кўча": "Бобур кўча", "Тури": "Наземные", "Эни(м)": 3, "Узунл": 7 }, "geometry": { "type": "MultiLineString", "coordinates": [ [ [ 69.263008616620311, 41.266247661286087 ], [ 69.263059889613814, 41.266293473091253 ] ] ] } },
{ "type": "Feature", "properties": { "Туман": "Сергели", "Кўча": "Қумариқ-10 тор кўча", "Тури": "Наземные", "Эни(м)": 3, "Узунл": 34 }, "geometry": { "type": "MultiLineString", "coordinates": [ [ [ 69.261620163659742, 41.265615200860871 ], [ 69.26139784685769, 41.265472177851564 ], [ 69.261284719197192, 41.265451930644659 ] ] ] } },
{ "type": "Feature", "properties": { "Туман": "Сергели", "Кўча": "Қумариқ кўча", "Тури": "Наземные", "Эни(м)": 3, "Узунл": 45 }, "geometry": { "type": "MultiLineString", "coordinates": [ [ [ 69.257424855887024, 41.263800621729906 ], [ 69.257754051101216, 41.263484943724585 ] ] ] } },
{ "type": "Feature", "properties": { "Туман": "Сергели", "Кўча": "Қумариқ кўча", "Тури": "Наземные", "Эни(м)": 3, "Узунл": 32 }, "geometry": { "type": "MultiLineString", "coordinates": [ [ [ 69.24903307068206, 41.255674062244843 ], [ 69.24919945887909, 41.255415351410335 ] ] ] } },
{ "type": "Feature", "properties": { "Туман": "Сергели", "Кўча": "Қумариқ кўча", "Тури": "Наземные", "Эни(м)": 3, "Узунл": 31 }, "geometry": { "type": "MultiLineString", "coordinates": [ [ [ 69.248719691633724, 41.254429734554549 ], [ 69.249012709946498, 41.254605435937684 ] ] ] } },
{ "type": "Feature", "properties": { "Туман": "Сергели", "Кўча": "Қумариқ кўча", "Тури": "Наземные", "Эни(м)": 3, "Узунл": 27 }, "geometry": { "type": "MultiLineString", "coordinates": [ [ [ 69.252652400085296, 41.252057466118046 ], [ 69.252880212574624, 41.252233300794423 ] ] ] } },
{ "type": "Feature", "properties": { "Туман": "Сергели", "Кўча": "Қумариқ кўча", "Тури": "Наземные", "Эни(м)": 3, "Узунл": 25 }, "geometry": { "type": "MultiLineString", "coordinates": [ [ [ 69.254328712553217, 41.251350076679778 ], [ 69.254141115146666, 41.251175796409974 ] ] ] } },
{ "type": "Feature", "properties": { "Туман": "Сергели", "Кўча": "Қумариқ кўча", "Тури": "Наземные", "Эни(м)": 3, "Узунл": 23 }, "geometry": { "type": "MultiLineString", "coordinates": [ [ [ 69.257064790174113, 41.249591314301895 ], [ 69.256880531028003, 41.249437535045089 ] ] ] } },
{ "type": "Feature", "properties": { "Туман": "Сергели", "Кўча": "Қумариқ кўча", "Тури": "Наземные", "Эни(м)": 3, "Узунл": 24 }, "geometry": { "type": "MultiLineString", "coordinates": [ [ [ 69.257447931274157, 41.249470714586131 ], [ 69.257440561050331, 41.249254208248686 ] ] ] } },
{ "type": "Feature", "properties": { "Туман": "Сергели", "Кўча": "Қумариқ кўча", "Тури": "Наземные", "Эни(м)": 3, "Узунл": 16 }, "geometry": { "type": "MultiLineString", "coordinates": [ [ [ 69.25703073256885, 41.249219856865999 ], [ 69.25722303860077, 41.249208765310797 ] ] ] } },
{ "type": "Feature", "properties": { "Туман": "Сергели", "Кўча": "Қумариқ-7 тор кўча", "Тури": "Наземные", "Эни(м)": 3, "Узунл": 7 }, "geometry": { "type": "MultiLineString", "coordinates": [ [ [ 69.25719401945841, 41.249568061171004 ], [ 69.257267806810887, 41.249540010813149 ] ] ] } },
{ "type": "Feature", "properties": { "Туман": "Сергели", "Кўча": "Қумариқ кўча", "Тури": "Наземные", "Эни(м)": 3, "Узунл": 28 }, "geometry": { "type": "MultiLineString", "coordinates": [ [ [ 69.264311624753077, 41.249455983417747 ], [ 69.264305179764136, 41.249205028600855 ] ] ] } },
{ "type": "Feature", "properties": { "Туман": "Сергели", "Кўча": "Қумариқ кўча", "Тури": "Наземные", "Эни(м)": 3, "Узунл": 11 }, "geometry": { "type": "MultiLineString", "coordinates": [ [ [ 69.264440830034943, 41.24915796789525 ], [ 69.264568113987792, 41.249192122306809 ] ] ] } },
{ "type": "Feature", "properties": { "Туман": "Сергели", "Кўча": "Қумариқ кўча", "Тури": "Наземные", "Эни(м)": 3, "Узунл": 32 }, "geometry": { "type": "MultiLineString", "coordinates": [ [ [ 69.264802221319471, 41.248768380462202 ], [ 69.265179280677884, 41.248760951386977 ] ] ] } },
{ "type": "Feature", "properties": { "Туман": "Сергели", "Кўча": "Қумариқ кўча", "Тури": "Наземные", "Эни(м)": 3, "Узунл": 12 }, "geometry": { "type": "MultiLineString", "coordinates": [ [ [ 69.265419329768804, 41.249269718990284 ], [ 69.265556521235325, 41.249267967376205 ] ] ] } },
{ "type": "Feature", "properties": { "Туман": "Сергели", "Кўча": "Қумариқ кўча", "Тури": "Наземные", "Эни(м)": 3, "Узунл": 28 }, "geometry": { "type": "MultiLineString", "coordinates": [ [ [ 69.264803713805293, 41.24466325868854 ], [ 69.26513510759446, 41.244655114617636 ] ] ] } },
{ "type": "Feature", "properties": { "Туман": "Сергели", "Кўча": "Хонободтепа шоҳкўчаси", "Тури": "Наземные", "Эни(м)": 3, "Узунл": 39 }, "geometry": { "type": "MultiLineString", "coordinates": [ [ [ 69.264588176341221, 41.244568615288337 ], [ 69.264586773649356, 41.244220869471427 ] ] ] } },
{ "type": "Feature", "properties": { "Туман": "Сергели", "Кўча": "Хонободтепа шоҳкўчаси", "Тури": "Наземные", "Эни(м)": 3, "Узунл": 42 }, "geometry": { "type": "MultiLineString", "coordinates": [ [ [ 69.2653483907702, 41.244595161502048 ], [ 69.265345764710986, 41.244214612004164 ] ] ] } },
{ "type": "Feature", "properties": { "Туман": "Сергели", "Кўча": "Хонободтепа шоҳкўчаси", "Тури": "Наземные", "Эни(м)": 3, "Узунл": 28 }, "geometry": { "type": "MultiLineString", "coordinates": [ [ [ 69.268207011732628, 41.244246530444798 ], [ 69.268214571107464, 41.244500763304799 ] ] ] } },
{ "type": "Feature", "properties": { "Туман": "Сергели", "Кўча": "Хонободтепа шоҳкўчаси", "Тури": "Наземные", "Эни(м)": 3, "Узунл": 35 }, "geometry": { "type": "MultiLineString", "coordinates": [ [ [ 69.273289379585535, 41.244546241656053 ], [ 69.273288067446416, 41.244231302272929 ] ] ] } },
{ "type": "Feature", "properties": { "Туман": "Сергели", "Кўча": "Хонободтепа шоҳкўчаси", "Тури": "Наземные", "Эни(м)": 3, "Узунл": 31 }, "geometry": { "type": "MultiLineString", "coordinates": [ [ [ 69.27702930685966, 41.244475792130757 ], [ 69.277020505472294, 41.244192857165118 ] ] ] } },
{ "type": "Feature", "properties": { "Туман": "Сергели", "Кўча": "Қипчоқ шоҳкўча", "Тури": "Наземные", "Эни(м)": 3, "Узунл": 20 }, "geometry": { "type": "MultiLineString", "coordinates": [ [ [ 69.277086616431532, 41.244151689954585 ], [ 69.277306965587968, 41.244095388419616 ] ] ] } },
{ "type": "Feature", "properties": { "Туман": "Сергели", "Кўча": "Қипчоқ кўчаси", "Тури": "Наземные", "Эни(м)": 3, "Узунл": 7 }, "geometry": { "type": "MultiLineString", "coordinates": [ [ [ 69.276779973536819, 41.244101577372604 ], [ 69.27684210497155, 41.24414735712034 ] ] ] } },
{ "type": "Feature", "properties": { "Туман": "Сергели", "Кўча": "Хонободтепа шоҳкўчаси", "Тури": "Наземные", "Эни(м)": 3, "Узунл": 35 }, "geometry": { "type": "MultiLineString", "coordinates": [ [ [ 69.27791933724022, 41.244492511069005 ], [ 69.277917992449417, 41.244175111342564 ] ] ] } },
{ "type": "Feature", "properties": { "Туман": "Сергели", "Кўча": "Хонободтепа шоҳкўчаси", "Тури": "Наземные", "Эни(м)": 3, "Узунл": 26 }, "geometry": { "type": "MultiLineString", "coordinates": [ [ [ 69.284089949181848, 41.244393795283294 ], [ 69.28408676359544, 41.244160056782043 ] ] ] } },
{ "type": "Feature", "properties": { "Туман": "Сергели", "Кўча": "Хонободтепа шоҳкўчаси", "Тури": "Наземные", "Эни(м)": 3, "Узунл": 12 }, "geometry": { "type": "MultiLineString", "coordinates": [ [ [ 69.287486624852221, 41.24410896987299 ], [ 69.287625834944151, 41.244136507744756 ] ] ] } },
{ "type": "Feature", "properties": { "Туман": "Сергели", "Кўча": "Хонободтепа шоҳкўчаси", "Тури": "Наземные", "Эни(м)": 3, "Узунл": 29 }, "geometry": { "type": "MultiLineString", "coordinates": [ [ [ 69.289175463596891, 41.244402459892136 ], [ 69.289178678396681, 41.244145740917745 ] ] ] } },
{ "type": "Feature", "properties": { "Туман": "Сергели", "Кўча": "Хонободтепа шоҳкўчаси", "Тури": "Наземные", "Эни(м)": 3, "Узунл": 30 }, "geometry": { "type": "MultiLineString", "coordinates": [ [ [ 69.293751301774549, 41.244401539172337 ], [ 69.293741411436585, 41.244134191403305 ] ] ] } },
{ "type": "Feature", "properties": { "Туман": "Сергели", "Кўча": "Янги Қўйлиқ кўча", "Тури": "Наземные", "Эни(м)": 3, "Узунл": 23 }, "geometry": { "type": "MultiLineString", "coordinates": [ [ [ 69.301467656011638, 41.24466455090424 ], [ 69.30174257375981, 41.244663830788319 ] ] ] } },
{ "type": "Feature", "properties": { "Туман": "Сергели", "Кўча": "Янги Қўйлиқ кўча", "Тури": "Наземные", "Эни(м)": 3, "Узунл": 24 }, "geometry": { "type": "MultiLineString", "coordinates": [ [ [ 69.301481072280851, 41.24663782628253 ], [ 69.301764680291981, 41.246634622866651 ] ] ] } },
{ "type": "Feature", "properties": { "Туман": "Сергели", "Кўча": "Янги Қўйлиқ кўча", "Тури": "Наземные", "Эни(м)": 3, "Узунл": 26 }, "geometry": { "type": "MultiLineString", "coordinates": [ [ [ 69.30146651692057, 41.246308159192864 ], [ 69.301770762473495, 41.246303261403433 ] ] ] } },
{ "type": "Feature", "properties": { "Туман": "Сергели", "Кўча": "-", "Тури": "Наземные", "Эни(м)": 3, "Узунл": 10 }, "geometry": { "type": "MultiLineString", "coordinates": [ [ [ 69.301339056103103, 41.246474985767271 ], [ 69.30133431005325, 41.246388060995365 ] ] ] } },
{ "type": "Feature", "properties": { "Туман": "Сергели", "Кўча": "-", "Тури": "Наземные", "Эни(м)": 3, "Узунл": 10 }, "geometry": { "type": "MultiLineString", "coordinates": [ [ [ 69.297993604862782, 41.246567349083051 ], [ 69.297992104593092, 41.246476314959885 ] ] ] } },
{ "type": "Feature", "properties": { "Туман": "Сергели", "Кўча": "-", "Тури": "Наземные", "Эни(м)": 3, "Узунл": 13 }, "geometry": { "type": "MultiLineString", "coordinates": [ [ [ 69.295027175792313, 41.246611075254457 ], [ 69.294994059444605, 41.246496337389388 ] ] ] } },
{ "type": "Feature", "properties": { "Туман": "Сергели", "Кўча": "Хонободтепа шоҳкўчаси", "Тури": "Наземные", "Эни(м)": 3, "Узунл": 8 }, "geometry": { "type": "MultiLineString", "coordinates": [ [ [ 69.289176425369547, 41.244620620725044 ], [ 69.289173930310852, 41.244547632521808 ] ] ] } },
{ "type": "Feature", "properties": { "Туман": "Сергели", "Кўча": "-", "Тури": "Наземные", "Эни(м)": 3, "Узунл": 37 }, "geometry": { "type": "MultiLineString", "coordinates": [ [ [ 69.264438647173279, 41.263404376890797 ], [ 69.264546961079958, 41.26330980965097 ], [ 69.264641541756319, 41.263313693091931 ], [ 69.264798349925599, 41.263384686484386 ] ] ] } },
{ "type": "Feature", "properties": { "Туман": "Сергели", "Кўча": "Қумариқ кўча", "Тури": "Наземные", "Эни(м)": 3, "Узунл": 20 }, "geometry": { "type": "MultiLineString", "coordinates": [ [ [ 69.265887000082714, 41.264338484145348 ], [ 69.266042983185997, 41.264205257898247 ] ] ] } },
{ "type": "Feature", "properties": { "Туман": "Сергели", "Кўча": "Нилуфар-3 тор кўча", "Тури": "Наземные", "Эни(м)": 3, "Узунл": 13 }, "geometry": { "type": "MultiLineString", "coordinates": [ [ [ 69.25322092860003, 41.203347624680703 ], [ 69.253278082455793, 41.203243337562441 ] ] ] } },
{ "type": "Feature", "properties": { "Туман": "Сергели", "Кўча": "Нилуфар-3 тор кўча", "Тури": "Наземные", "Эни(м)": 3, "Узунл": 13 }, "geometry": { "type": "MultiLineString", "coordinates": [ [ [ 69.253480784471478, 41.203428249734827 ], [ 69.253544434700345, 41.203319027174551 ] ] ] } },
{ "type": "Feature", "properties": { "Туман": "Сергели", "Кўча": "Дарёбўйи кўча", "Тури": "Наземные", "Эни(м)": 3, "Узунл": 9 }, "geometry": { "type": "MultiLineString", "coordinates": [ [ [ 69.253478195257173, 41.203038675255179 ], [ 69.253572799282608, 41.203071273746318 ] ] ] } },
{ "type": "Feature", "properties": { "Туман": "Сергели", "Кўча": "Дарёбўйи кўча", "Тури": "Наземные", "Эни(м)": 3, "Узунл": 8 }, "geometry": { "type": "MultiLineString", "coordinates": [ [ [ 69.253388767142027, 41.20322176969632 ], [ 69.253477919481512, 41.203248639077451 ] ] ] } },
{ "type": "Feature", "properties": { "Туман": "Сергели", "Кўча": "Қипчоқ шоҳкўча", "Тури": "Наземные", "Эни(м)": 3, "Узунл": 25 }, "geometry": { "type": "MultiLineString", "coordinates": [ [ [ 69.254373616352524, 41.219454816907515 ], [ 69.254511882879314, 41.219256031112721 ] ] ] } },
{ "type": "Feature", "properties": { "Туман": "Сергели", "Кўча": "Қипчоқ шоҳкўча", "Тури": "Наземные", "Эни(м)": 3, "Узунл": 27 }, "geometry": { "type": "MultiLineString", "coordinates": [ [ [ 69.258830157613801, 41.22131978664595 ], [ 69.258992273093241, 41.221111099941581 ] ] ] } },
{ "type": "Feature", "properties": { "Туман": "Сергели", "Кўча": "Қипчоқ шоҳкўча", "Тури": "Наземные", "Эни(м)": 3, "Узунл": 28 }, "geometry": { "type": "MultiLineString", "coordinates": [ [ [ 69.272491153515645, 41.234976826331419 ], [ 69.272797170853579, 41.234887524032587 ] ] ] } },
{ "type": "Feature", "properties": { "Туман": "Сергели", "Кўча": "Қипчоқ шоҳкўча", "Тури": "Наземные", "Эни(м)": 3, "Узунл": 38 }, "geometry": { "type": "MultiLineString", "coordinates": [ [ [ 69.274225633274838, 41.238724138057364 ], [ 69.274646700962265, 41.238601750294123 ] ] ] } },
{ "type": "Feature", "properties": { "Туман": "Сергели", "Кўча": "Қипчоқ шоҳкўча", "Тури": "Надземные", "Эни(м)": 4, "Узунл": 145 }, "geometry": { "type": "MultiLineString", "coordinates": [ [ [ 69.219893797089213, 41.205601010800017 ], [ 69.220124340725945, 41.205694069604462 ], [ 69.220820455980132, 41.204721657118569 ] ] ] } },
{ "type": "Feature", "properties": { "Туман": "Сергели", "Кўча": "Лутфкор-2 тор кўча", "Тури": "Наземные", "Эни(м)": 3, "Узунл": 14 }, "geometry": { "type": "MultiLineString", "coordinates": [ [ [ 69.220002877934917, 41.205420365347699 ], [ 69.22014317667356, 41.205481609899948 ] ] ] } },
{ "type": "Feature", "properties": { "Туман": "Сергели", "Кўча": "Қипчоқ шоҳкўча", "Тури": "Наземные", "Эни(м)": 3, "Узунл": 33 }, "geometry": { "type": "MultiLineString", "coordinates": [ [ [ 69.220322230224298, 41.205441079221075 ], [ 69.220519018448755, 41.205183989752285 ] ] ] } },
{ "type": "Feature", "properties": { "Туман": "Сергели", "Кўча": "Лутфкор-2 тор кўча", "Тури": "Наземные", "Эни(м)": 3, "Узунл": 12 }, "geometry": { "type": "MultiLineString", "coordinates": [ [ [ 69.218366256877758, 41.207699448085094 ], [ 69.218492410602821, 41.207751699589615 ] ] ] } },
{ "type": "Feature", "properties": { "Туман": "Сергели", "Кўча": "Шокирариқ кўча", "Тури": "Наземные", "Эни(м)": 3, "Узунл": 17 }, "geometry": { "type": "MultiLineString", "coordinates": [ [ [ 69.220504439514272, 41.217985197743495 ], [ 69.22059739775392, 41.217849692160279 ] ] ] } },
{ "type": "Feature", "properties": { "Туман": "Сергели", "Кўча": "Шокирариқ кўча", "Тури": "Наземные", "Эни(м)": 3, "Узунл": 16 }, "geometry": { "type": "MultiLineString", "coordinates": [ [ [ 69.222170566002973, 41.218594660058862 ], [ 69.222253779131648, 41.218469013957524 ] ] ] } },
{ "type": "Feature", "properties": { "Туман": "Сергели", "Кўча": "Янги Сергели кўча", "Тури": "Наземные", "Эни(м)": 3, "Узунл": 27 }, "geometry": { "type": "MultiLineString", "coordinates": [ [ [ 69.221867918434285, 41.223857431698328 ], [ 69.221580774183209, 41.223750542818479 ] ] ] } },
{ "type": "Feature", "properties": { "Туман": "Сергели", "Кўча": "Янги Сергели кўча", "Тури": "Наземные", "Эни(м)": 3, "Узунл": 26 }, "geometry": { "type": "MultiLineString", "coordinates": [ [ [ 69.216031808332119, 41.23261641368024 ], [ 69.216316796059729, 41.232719219441648 ] ] ] } },
{ "type": "Feature", "properties": { "Туман": "Сергели", "Кўча": "Сергели йули шоҳ кўчаси", "Тури": "Наземные", "Эни(м)": 3, "Узунл": 26 }, "geometry": { "type": "MultiLineString", "coordinates": [ [ [ 69.242880294832318, 41.226809455271841 ], [ 69.243186731134116, 41.226832593329938 ] ] ] } },
{ "type": "Feature", "properties": { "Туман": "Сергели", "Кўча": "Янги Сергели кўча", "Тури": "Наземные", "Эни(м)": 3, "Узунл": 31 }, "geometry": { "type": "MultiLineString", "coordinates": [ [ [ 69.217987985222308, 41.246850771874961 ], [ 69.218348884130364, 41.246886995384784 ] ] ] } },
{ "type": "Feature", "properties": { "Туман": "Сергели", "Кўча": "Янги Сергели кўча", "Тури": "Наземные", "Эни(м)": 3, "Узунл": 9 }, "geometry": { "type": "MultiLineString", "coordinates": [ [ [ 69.218540252755275, 41.245616199941338 ], [ 69.218436985084068, 41.245605733775953 ] ] ] } },
{ "type": "Feature", "properties": { "Туман": "Сергели", "Кўча": "Янги Сергели кўча", "Тури": "Наземные", "Эни(м)": 3, "Узунл": 25 }, "geometry": { "type": "MultiLineString", "coordinates": [ [ [ 69.218353304520505, 41.245603432005694 ], [ 69.218056729728843, 41.245628598926949 ] ] ] } },
{ "type": "Feature", "properties": { "Туман": "Сергели", "Кўча": "Хонободтепа шоҳкўчаси", "Тури": "Наземные", "Эни(м)": 3, "Узунл": 11 }, "geometry": { "type": "MultiLineString", "coordinates": [ [ [ 69.218017895414235, 41.246041419492926 ], [ 69.217958417243864, 41.246128264329833 ] ] ] } },
{ "type": "Feature", "properties": { "Туман": "Сергели", "Кўча": "Янги Сергели кўча", "Тури": "Наземные", "Эни(м)": 3, "Узунл": 27 }, "geometry": { "type": "MultiLineString", "coordinates": [ [ [ 69.217702316193012, 41.248853739610546 ], [ 69.218021914687156, 41.248885121231616 ] ] ] } },
{ "type": "Feature", "properties": { "Туман": "Сергели", "Кўча": "Наврўз кўча", "Тури": "Наземные", "Эни(м)": 3, "Узунл": 11 }, "geometry": { "type": "MultiLineString", "coordinates": [ [ [ 69.217689698168215, 41.248653643796715 ], [ 69.217678065626586, 41.248750444974633 ] ] ] } },
{ "type": "Feature", "properties": { "Туман": "Сергели", "Кўча": "Нўғойқўрғон кўча", "Тури": "Наземные", "Эни(м)": 3, "Узунл": 11 }, "geometry": { "type": "MultiLineString", "coordinates": [ [ [ 69.218083731622499, 41.248847276686114 ], [ 69.218100518618201, 41.248748415299254 ] ] ] } },
{ "type": "Feature", "properties": { "Туман": "Сергели", "Кўча": "Янги Сергели кўча", "Тури": "Наземные", "Эни(м)": 3, "Узунл": 26 }, "geometry": { "type": "MultiLineString", "coordinates": [ [ [ 69.2174682090468, 41.250352618828657 ], [ 69.217769375675971, 41.250394698059928 ] ] ] } },
{ "type": "Feature", "properties": { "Туман": "Сергели", "Кўча": "Янги Сергели кўча", "Тури": "Наземные", "Эни(м)": 3, "Узунл": 41 }, "geometry": { "type": "MultiLineString", "coordinates": [ [ [ 69.217041008369037, 41.253274022317839 ], [ 69.216616545917361, 41.253087824731743 ] ] ] } },
{ "type": "Feature", "properties": { "Туман": "Сергели", "Кўча": "Чоштепа кўча", "Тури": "Наземные", "Эни(м)": 3, "Узунл": 12 }, "geometry": { "type": "MultiLineString", "coordinates": [ [ [ 69.216129315012921, 41.253311004238498 ], [ 69.21627269991022, 41.253289410789577 ] ] ] } },
{ "type": "Feature", "properties": { "Туман": "Сергели", "Кўча": "Чоштепа кўча", "Тури": "Наземные", "Эни(м)": 3, "Узунл": 14 }, "geometry": { "type": "MultiLineString", "coordinates": [ [ [ 69.216402948605349, 41.253239136183836 ], [ 69.216498230595235, 41.253131515846604 ] ] ] } },
{ "type": "Feature", "properties": { "Туман": "Сергели", "Кўча": "-", "Тури": "Наземные", "Эни(м)": 3, "Узунл": 7 }, "geometry": { "type": "MultiLineString", "coordinates": [ [ [ 69.216724266901977, 41.252798104838192 ], [ 69.216739698593386, 41.252863688751233 ] ] ] } },
{ "type": "Feature", "properties": { "Туман": "Сергели", "Кўча": "Чоштепа кўча", "Тури": "Наземные", "Эни(м)": 3, "Узунл": 16 }, "geometry": { "type": "MultiLineString", "coordinates": [ [ [ 69.201563400928805, 41.244220496208008 ], [ 69.201688033304464, 41.244112836569037 ] ] ] } },
{ "type": "Feature", "properties": { "Туман": "Сергели", "Кўча": "Чоштепа кўча", "Тури": "Наземные", "Эни(м)": 3, "Узунл": 18 }, "geometry": { "type": "MultiLineString", "coordinates": [ [ [ 69.197601786978154, 41.241424043903088 ], [ 69.197755743526727, 41.241311417157732 ] ] ] } },
{ "type": "Feature", "properties": { "Туман": "Сергели", "Кўча": "Чоштепа кўча", "Тури": "Наземные", "Эни(м)": 3, "Узунл": 16 }, "geometry": { "type": "MultiLineString", "coordinates": [ [ [ 69.197899023794903, 41.241622013058738 ], [ 69.198039970953047, 41.241519250260588 ] ] ] } },
{ "type": "Feature", "properties": { "Туман": "Сергели", "Кўча": "Чоштепа-2 тор кўча", "Тури": "Наземные", "Эни(м)": 3, "Узунл": 8 }, "geometry": { "type": "MultiLineString", "coordinates": [ [ [ 69.19773474852083, 41.241555862015773 ], [ 69.197661811173361, 41.241510878238536 ] ] ] } },
{ "type": "Feature", "properties": { "Туман": "Сергели", "Кўча": "Чоштепа-9 берк кўча", "Тури": "Наземные", "Эни(м)": 3, "Узунл": 10 }, "geometry": { "type": "MultiLineString", "coordinates": [ [ [ 69.198000655754228, 41.241453704771864 ], [ 69.197911357690174, 41.24138824518986 ] ] ] } },
{ "type": "Feature", "properties": { "Туман": "Сергели", "Кўча": "Чоштепа кўча", "Тури": "Наземные", "Эни(м)": 3, "Узунл": 17 }, "geometry": { "type": "MultiLineString", "coordinates": [ [ [ 69.195605931428133, 41.240038094084866 ], [ 69.19573162533267, 41.239921417206553 ] ] ] } },
{ "type": "Feature", "properties": { "Туман": "Сергели", "Кўча": "Хонободтепа шоҳкўчаси", "Тури": "Наземные", "Эни(м)": 3, "Узунл": 39 }, "geometry": { "type": "MultiLineString", "coordinates": [ [ [ 69.208409441139764, 41.235396467257232 ], [ 69.208817453436694, 41.235236616141343 ] ] ] } },
{ "type": "Feature", "properties": { "Туман": "Сергели", "Кўча": "Хонободтепа шоҳкўчаси", "Тури": "Наземные", "Эни(м)": 3, "Узунл": 40 }, "geometry": { "type": "MultiLineString", "coordinates": [ [ [ 69.204827390248312, 41.230559820864833 ], [ 69.204954294836625, 41.230493981839132 ], [ 69.205090475892732, 41.230441658878696 ], [ 69.205222205965612, 41.230355716912371 ] ] ] } },
{ "type": "Feature", "properties": { "Туман": "Сергели", "Кўча": "Меҳригиё кўча", "Тури": "Наземные", "Эни(м)": 3, "Узунл": 18 }, "geometry": { "type": "MultiLineString", "coordinates": [ [ [ 69.214893136091376, 41.22512756324172 ], [ 69.214991523372788, 41.2249846707142 ] ] ] } },
{ "type": "Feature", "properties": { "Туман": "Сергели", "Кўча": "-", "Тури": "Наземные", "Эни(м)": 3, "Узунл": 8 }, "geometry": { "type": "MultiLineString", "coordinates": [ [ [ 69.214829062274816, 41.225133423956201 ], [ 69.214742044343765, 41.225099139291117 ] ] ] } },
{ "type": "Feature", "properties": { "Туман": "Сергели", "Кўча": "Меҳригиё кўча", "Тури": "Наземные", "Эни(м)": 3, "Узунл": 20 }, "geometry": { "type": "MultiLineString", "coordinates": [ [ [ 69.217729978764893, 41.22624750194533 ], [ 69.217842434839099, 41.226089817425859 ] ] ] } },
{ "type": "Feature", "properties": { "Туман": "Сергели", "Кўча": "Хонободтепа шоҳкўчаси", "Тури": "Наземные", "Эни(м)": 3, "Узунл": 28 }, "geometry": { "type": "MultiLineString", "coordinates": [ [ [ 69.249658090633886, 41.244529780760487 ], [ 69.249655517976677, 41.244282097125733 ] ] ] } },
{ "type": "Feature", "properties": { "Туман": "Сергели", "Кўча": "Хонободтепа шоҳкўчаси", "Тури": "Наземные", "Эни(м)": 3, "Узунл": 35 }, "geometry": { "type": "MultiLineString", "coordinates": [ [ [ 69.255973218398395, 41.244556102921912 ], [ 69.255977432142885, 41.244243611487875 ] ] ] } },
{ "type": "Feature", "properties": { "Туман": "Сергели", "Кўча": "Қумариқ кўча", "Тури": "Наземные", "Эни(м)": 3, "Узунл": 13 }, "geometry": { "type": "MultiLineString", "coordinates": [ [ [ 69.256271648192381, 41.244732594282596 ], [ 69.256428046932001, 41.244712562176126 ] ] ] } },
{ "type": "Feature", "properties": { "Туман": "Сергели", "Кўча": "Хонободтепа шоҳкўчаси", "Тури": "Наземные", "Эни(м)": 3, "Узунл": 36 }, "geometry": { "type": "MultiLineString", "coordinates": [ [ [ 69.256667615909194, 41.244564399084794 ], [ 69.256672861626342, 41.244238782720892 ] ] ] } },
{ "type": "Feature", "properties": { "Туман": "Сергели", "Кўча": "Х.Жураев кўчаси", "Тури": "Наземные", "Эни(м)": 3, "Узунл": 15 }, "geometry": { "type": "MultiLineString", "coordinates": [ [ [ 69.256172938819773, 41.244221032290326 ], [ 69.256348962983381, 41.244218180047334 ] ] ] } },
{ "type": "Feature", "properties": { "Туман": "Сергели", "Кўча": "Хонобод кўчаси", "Тури": "Наземные", "Эни(м)": 3, "Узунл": 9 }, "geometry": { "type": "MultiLineString", "coordinates": [ [ [ 69.29412197194776, 41.227099237803976 ], [ 69.294181426637834, 41.227033472727712 ] ] ] } },
{ "type": "Feature", "properties": { "Туман": "Сергели", "Кўча": "Хонобод кўчаси", "Тури": "Наземные", "Эни(м)": 3, "Узунл": 10 }, "geometry": { "type": "MultiLineString", "coordinates": [ [ [ 69.295880017800243, 41.227894394817973 ], [ 69.295949222730371, 41.227822862631193 ] ] ] } },
{ "type": "Feature", "properties": { "Туман": "Сергели", "Кўча": "Янги Сергели кўча", "Тури": "Наземные", "Эни(м)": 3, "Узунл": 24 }, "geometry": { "type": "MultiLineString", "coordinates": [ [ [ 69.231369042387286, 41.210236264154574 ], [ 69.231611654907468, 41.210354700826436 ] ] ] } },
{ "type": "Feature", "properties": { "Туман": "Сергели", "Кўча": "Хонободтепа шоҳкўчаси", "Тури": "Наземные", "Эни(м)": 3, "Узунл": 51 }, "geometry": { "type": "MultiLineString", "coordinates": [ [ [ 69.21102403110109, 41.239095977331807 ], [ 69.211561184166371, 41.238881749018915 ] ] ] } },
{ "type": "Feature", "properties": { "Туман": "Сергели", "Кўча": "Хонободтепа шоҳкўчаси", "Тури": "Наземные", "Эни(м)": 3, "Узунл": 40 }, "geometry": { "type": "MultiLineString", "coordinates": [ [ [ 69.212771489868842, 41.241527827982381 ], [ 69.212989489113625, 41.241402760070592 ], [ 69.213172884775418, 41.241329426123549 ] ] ] } },
{ "type": "Feature", "properties": { "Туман": "Олмазор", "Кўча": "Шифокорлар кўча", "Тури": "Наземные", "Эни(м)": 3, "Узунл": 19 }, "geometry": { "type": "MultiLineString", "coordinates": [ [ [ 69.178408594937622, 41.350940376378027 ], [ 69.178630091204042, 41.350937167397106 ] ] ] } },
{ "type": "Feature", "properties": { "Туман": "Олмазор", "Кўча": "Катта ҳалқа йўли кўча", "Тури": "Наземные", "Эни(м)": 3, "Узунл": 29 }, "geometry": { "type": "MultiLineString", "coordinates": [ [ [ 69.171779697997181, 41.35929310241648 ], [ 69.172034990863651, 41.359115065787613 ] ] ] } },
{ "type": "Feature", "properties": { "Туман": "Олмазор", "Кўча": "Катта ҳалқа йўли кўча", "Тури": "Наземные", "Эни(м)": 3, "Узунл": 30 }, "geometry": { "type": "MultiLineString", "coordinates": [ [ [ 69.169863178407127, 41.357567389522686 ], [ 69.170151804064432, 41.357411514734338 ] ] ] } },
{ "type": "Feature", "properties": { "Туман": "Олмазор", "Кўча": "Катта ҳалқа йўли кўча", "Тури": "Наземные", "Эни(м)": 3, "Узунл": 27 }, "geometry": { "type": "MultiLineString", "coordinates": [ [ [ 69.168437455892189, 41.355903775617392 ], [ 69.168719507595767, 41.355780866210189 ] ] ] } },
{ "type": "Feature", "properties": { "Туман": "Олмазор", "Кўча": "Катта ҳалқа йўли кўча", "Тури": "Наземные", "Эни(м)": 3, "Узунл": 36 }, "geometry": { "type": "MultiLineString", "coordinates": [ [ [ 69.165273046264701, 41.348582927710382 ], [ 69.165692206040106, 41.348529513555725 ] ] ] } },
{ "type": "Feature", "properties": { "Туман": "Олмазор", "Кўча": "Форобий кўча", "Тури": "Наземные", "Эни(м)": 3, "Узунл": 17 }, "geometry": { "type": "MultiLineString", "coordinates": [ [ [ 69.16975430922156, 41.348393007651019 ], [ 69.169753700489849, 41.348235851539044 ] ] ] } },
{ "type": "Feature", "properties": { "Туман": "Олмазор", "Кўча": "Форобий кўча", "Тури": "Наземные", "Эни(м)": 3, "Узунл": 22 }, "geometry": { "type": "MultiLineString", "coordinates": [ [ [ 69.201392135449865, 41.34701301400375 ], [ 69.201286069178565, 41.346834827568507 ] ] ] } },
{ "type": "Feature", "properties": { "Туман": "Олмазор", "Кўча": "Форобий кўча", "Тури": "Наземные", "Эни(м)": 3, "Узунл": 25 }, "geometry": { "type": "MultiLineString", "coordinates": [ [ [ 69.206784523326775, 41.345380553216515 ], [ 69.20667928462592, 41.34516726889693 ] ] ] } },
{ "type": "Feature", "properties": { "Туман": "Олмазор", "Кўча": "Беруний кўча", "Тури": "Наземные", "Эни(м)": 3, "Узунл": 25 }, "geometry": { "type": "MultiLineString", "coordinates": [ [ [ 69.206536820111381, 41.344303602203539 ], [ 69.206814117129923, 41.344218574523886 ] ] ] } },
{ "type": "Feature", "properties": { "Туман": "Олмазор", "Кўча": "Беруний кўча", "Тури": "Наземные", "Эни(м)": 3, "Узунл": 23 }, "geometry": { "type": "MultiLineString", "coordinates": [ [ [ 69.20604331263975, 41.343347438192701 ], [ 69.206288283095461, 41.343261036927238 ] ] ] } },
{ "type": "Feature", "properties": { "Туман": "Олмазор", "Кўча": "Беруний кўча", "Тури": "Наземные", "Эни(м)": 3, "Узунл": 27 }, "geometry": { "type": "MultiLineString", "coordinates": [ [ [ 69.20520031132024, 41.341878269771698 ], [ 69.205496599091788, 41.34178962960528 ] ] ] } },
{ "type": "Feature", "properties": { "Туман": "Олмазор", "Кўча": "Беруний кўча", "Тури": "Наземные", "Эни(м)": 3, "Узунл": 28 }, "geometry": { "type": "MultiLineString", "coordinates": [ [ [ 69.210610148962488, 41.336971858127086 ], [ 69.210807542476502, 41.337172792379313 ] ] ] } },
{ "type": "Feature", "properties": { "Туман": "Олмазор", "Кўча": "Беруний кўча", "Тури": "Наземные", "Эни(м)": 3, "Узунл": 25 }, "geometry": { "type": "MultiLineString", "coordinates": [ [ [ 69.213645134391385, 41.335275667617097 ], [ 69.21382724780689, 41.335452985404054 ] ] ] } },
{ "type": "Feature", "properties": { "Туман": "Олмазор", "Кўча": "Беруний кўча", "Тури": "Наземные", "Эни(м)": 3, "Узунл": 27 }, "geometry": { "type": "MultiLineString", "coordinates": [ [ [ 69.213872804481355, 41.335142719162135 ], [ 69.214056877635272, 41.335337941816277 ] ] ] } },
{ "type": "Feature", "properties": { "Туман": "Олмазор", "Кўча": "Беруний кўча", "Тури": "Наземные", "Эни(м)": 3, "Узунл": 9 }, "geometry": { "type": "MultiLineString", "coordinates": [ [ [ 69.215373899230372, 41.334457681677527 ], [ 69.215421660937565, 41.334530660486713 ] ] ] } },
{ "type": "Feature", "properties": { "Туман": "Олмазор", "Кўча": "Беруний кўча", "Тури": "Наземные", "Эни(м)": 3, "Узунл": 26 }, "geometry": { "type": "MultiLineString", "coordinates": [ [ [ 69.221546325660142, 41.330796052517321 ], [ 69.221729266497533, 41.33098660424578 ] ] ] } },
{ "type": "Feature", "properties": { "Туман": "Олмазор", "Кўча": "Беруний кўча", "Тури": "Наземные", "Эни(м)": 3, "Узунл": 25 }, "geometry": { "type": "MultiLineString", "coordinates": [ [ [ 69.222591417427992, 41.330196233017475 ], [ 69.222777349594352, 41.330375678474951 ] ] ] } },
{ "type": "Feature", "properties": { "Туман": "Олмазор", "Кўча": "Беруний кўча", "Тури": "Наземные", "Эни(м)": 3, "Узунл": 14 }, "geometry": { "type": "MultiLineString", "coordinates": [ [ [ 69.226096634133199, 41.328351949318566 ], [ 69.226245078931058, 41.328407533358529 ] ] ] } },
{ "type": "Feature", "properties": { "Туман": "Олмазор", "Кўча": "Алломалар кўча", "Тури": "Наземные", "Эни(м)": 3, "Узунл": 22 }, "geometry": { "type": "MultiLineString", "coordinates": [ [ [ 69.181744214152658, 41.361342876291829 ], [ 69.181902635146031, 41.361190311727519 ] ] ] } },
{ "type": "Feature", "properties": { "Туман": "Олмазор", "Кўча": "Қамарнисо кўча", "Тури": "Наземные", "Эни(м)": 3, "Узунл": 14 }, "geometry": { "type": "MultiLineString", "coordinates": [ [ [ 69.182063470963158, 41.364773500612593 ], [ 69.182065021258438, 41.364647420341967 ] ] ] } },
{ "type": "Feature", "properties": { "Туман": "Олмазор", "Кўча": "Қамарнисо кўча", "Тури": "Наземные", "Эни(м)": 3, "Узунл": 16 }, "geometry": { "type": "MultiLineString", "coordinates": [ [ [ 69.183890532414608, 41.364594373262719 ], [ 69.183822638325026, 41.364458374992161 ] ] ] } },
{ "type": "Feature", "properties": { "Туман": "Олмазор", "Кўча": "Шифокорлар кўча", "Тури": "Наземные", "Эни(м)": 3, "Узунл": 19 }, "geometry": { "type": "MultiLineString", "coordinates": [ [ [ 69.187793525835602, 41.362835158801389 ], [ 69.187955757729071, 41.362709532454147 ] ] ] } },
{ "type": "Feature", "properties": { "Туман": "Олмазор", "Кўча": "Қамарнисо кўча", "Тури": "Наземные", "Эни(м)": 3, "Узунл": 20 }, "geometry": { "type": "MultiLineString", "coordinates": [ [ [ 69.193724424988218, 41.358842412730766 ], [ 69.193561434870816, 41.358705147408443 ] ] ] } },
{ "type": "Feature", "properties": { "Туман": "Олмазор", "Кўча": "Қамарнисо кўча", "Тури": "Наземные", "Эни(м)": 3, "Узунл": 25 }, "geometry": { "type": "MultiLineString", "coordinates": [ [ [ 69.198456898429782, 41.356796327776721 ], [ 69.198370665793348, 41.356577272685946 ] ] ] } },
{ "type": "Feature", "properties": { "Туман": "Олмазор", "Кўча": "Университет кўча", "Тури": "Наземные", "Эни(м)": 3, "Узунл": 19 }, "geometry": { "type": "MultiLineString", "coordinates": [ [ [ 69.212604964991769, 41.350937086964045 ], [ 69.212725241684325, 41.350796459566745 ] ] ] } },
{ "type": "Feature", "properties": { "Туман": "Олмазор", "Кўча": "Талабалар кўча", "Тури": "Наземные", "Эни(м)": 3, "Узунл": 19 }, "geometry": { "type": "MultiLineString", "coordinates": [ [ [ 69.212811816820647, 41.350816357392432 ], [ 69.212994241058013, 41.350912324607762 ] ] ] } },
{ "type": "Feature", "properties": { "Туман": "Олмазор", "Кўча": "Талабалар кўча", "Тури": "Наземные", "Эни(м)": 3, "Узунл": 19 }, "geometry": { "type": "MultiLineString", "coordinates": [ [ [ 69.213821329070697, 41.350043645853091 ], [ 69.213630353762809, 41.349948770335722 ] ] ] } },
{ "type": "Feature", "properties": { "Туман": "Олмазор", "Кўча": "Форобий кўча", "Тури": "Наземные", "Эни(м)": 3, "Узунл": 16 }, "geometry": { "type": "MultiLineString", "coordinates": [ [ [ 69.209151842062283, 41.343711827957712 ], [ 69.209016535758238, 41.343609635179973 ] ] ] } },
{ "type": "Feature", "properties": { "Туман": "Олмазор", "Кўча": "Форобий кўча", "Тури": "Наземные", "Эни(м)": 3, "Узунл": 17 }, "geometry": { "type": "MultiLineString", "coordinates": [ [ [ 69.16607394705089, 41.348414707784798 ], [ 69.166066908599802, 41.348263567381963 ] ] ] } },
{ "type": "Feature", "properties": { "Туман": "Олмазор", "Кўча": "Мирзо Ғолиб кўча", "Тури": "Наземные", "Эни(м)": 3, "Узунл": 16 }, "geometry": { "type": "MultiLineString", "coordinates": [ [ [ 69.197989925714765, 41.353294169043231 ], [ 69.198176255327596, 41.353291699287404 ] ] ] } },
{ "type": "Feature", "properties": { "Туман": "Олмазор", "Кўча": "Мирзо Ғолиб кўча", "Тури": "Наземные", "Эни(м)": 3, "Узунл": 14 }, "geometry": { "type": "MultiLineString", "coordinates": [ [ [ 69.197984091349156, 41.35293743548521 ], [ 69.198156168294688, 41.352937855690307 ] ] ] } },
{ "type": "Feature", "properties": { "Туман": "Олмазор", "Кўча": "Мирзо Ғолиб кўча", "Тури": "Наземные", "Эни(м)": 3, "Узунл": 14 }, "geometry": { "type": "MultiLineString", "coordinates": [ [ [ 69.198003202522258, 41.349518250523104 ], [ 69.198168605126, 41.349515100431617 ] ] ] } },
{ "type": "Feature", "properties": { "Туман": "Олмазор", "Кўча": "Университет кўча", "Тури": "Наземные", "Эни(м)": 3, "Узунл": 124 }, "geometry": { "type": "MultiLineString", "coordinates": [ [ [ 69.207135189640965, 41.351048067020734 ], [ 69.206629320014457, 41.351011726011542 ], [ 69.206935609929204, 41.350766899385142 ], [ 69.20723415265121, 41.350777823853633 ], [ 69.207238486866217, 41.35094544261112 ] ] ] } },
{ "type": "Feature", "properties": { "Туман": "Олмазор", "Кўча": "Чимбой кўча", "Тури": "Наземные", "Эни(м)": 3, "Узунл": 14 }, "geometry": { "type": "MultiLineString", "coordinates": [ [ [ 69.218209942524652, 41.345075110747047 ], [ 69.218375790370359, 41.345102196709327 ] ] ] } },
{ "type": "Feature", "properties": { "Туман": "Олмазор", "Кўча": "Чимбой кўча", "Тури": "Наземные", "Эни(м)": 3, "Узунл": 14 }, "geometry": { "type": "MultiLineString", "coordinates": [ [ [ 69.218621494489454, 41.343426268764304 ], [ 69.218781953709012, 41.343442081816413 ] ] ] } },
{ "type": "Feature", "properties": { "Туман": "Олмазор", "Кўча": "Форобий кўча", "Тури": "Наземные", "Эни(м)": 3, "Узунл": 16 }, "geometry": { "type": "MultiLineString", "coordinates": [ [ [ 69.220932342644474, 41.339274211589476 ], [ 69.220857739835139, 41.339136814763009 ] ] ] } },
{ "type": "Feature", "properties": { "Туман": "Олмазор", "Кўча": "Нурафшон шоҳ кўча", "Тури": "Наземные", "Эни(м)": 3, "Узунл": 24 }, "geometry": { "type": "MultiLineString", "coordinates": [ [ [ 69.220918113422456, 41.335555508777375 ], [ 69.22115292907786, 41.335431755286926 ] ] ] } },
{ "type": "Feature", "properties": { "Туман": "Олмазор", "Кўча": "Форобий кўча", "Тури": "Наземные", "Эни(м)": 3, "Узунл": 14 }, "geometry": { "type": "MultiLineString", "coordinates": [ [ [ 69.229693354675746, 41.333102098096589 ], [ 69.229560485440899, 41.333020161450399 ] ] ] } },
{ "type": "Feature", "properties": { "Туман": "Олмазор", "Кўча": "Форобий кўча", "Тури": "Наземные", "Эни(м)": 3, "Узунл": 15 }, "geometry": { "type": "MultiLineString", "coordinates": [ [ [ 69.232746587335029, 41.330580752409723 ], [ 69.232632875365681, 41.330473797645624 ] ] ] } },
{ "type": "Feature", "properties": { "Туман": "Олмазор", "Кўча": "Озод кўча", "Тури": "Наземные", "Эни(м)": 3, "Узунл": 13 }, "geometry": { "type": "MultiLineString", "coordinates": [ [ [ 69.232642275579479, 41.330411321425096 ], [ 69.232760813018274, 41.330338729896447 ] ] ] } },
{ "type": "Feature", "properties": { "Туман": "Олмазор", "Кўча": "Форобий кўча", "Тури": "Наземные", "Эни(м)": 3, "Узунл": 16 }, "geometry": { "type": "MultiLineString", "coordinates": [ [ [ 69.233068281982654, 41.330395953392575 ], [ 69.23295240710496, 41.330282153173592 ] ] ] } },
{ "type": "Feature", "properties": { "Туман": "Олмазор", "Кўча": "Сағбон кўча", "Тури": "Наземные", "Эни(м)": 3, "Узунл": 17 }, "geometry": { "type": "MultiLineString", "coordinates": [ [ [ 69.234336886168563, 41.332165102835496 ], [ 69.234542230996198, 41.332181877099018 ] ] ] } },
{ "type": "Feature", "properties": { "Туман": "Олмазор", "Кўча": "Сағбон кўча", "Тури": "Наземные", "Эни(м)": 3, "Узунл": 18 }, "geometry": { "type": "MultiLineString", "coordinates": [ [ [ 69.233930254606861, 41.334228852923566 ], [ 69.23414699540912, 41.3342413065917 ] ] ] } },
{ "type": "Feature", "properties": { "Туман": "Олмазор", "Кўча": "Сағбон кўча", "Тури": "Наземные", "Эни(м)": 3, "Узунл": 14 }, "geometry": { "type": "MultiLineString", "coordinates": [ [ [ 69.233535866961077, 41.336118680953518 ], [ 69.233697580456777, 41.336157035861106 ] ] ] } },
{ "type": "Feature", "properties": { "Туман": "Олмазор", "Кўча": "Сағбон кўча", "Тури": "Наземные", "Эни(м)": 3, "Узунл": 14 }, "geometry": { "type": "MultiLineString", "coordinates": [ [ [ 69.23363690963258, 41.33588539203933 ], [ 69.233800513242414, 41.335920877549299 ] ] ] } },
{ "type": "Feature", "properties": { "Туман": "Олмазор", "Кўча": "Сағбон кўча", "Тури": "Наземные", "Эни(м)": 3, "Узунл": 16 }, "geometry": { "type": "MultiLineString", "coordinates": [ [ [ 69.232856210975882, 41.337445940486695 ], [ 69.233036967252417, 41.337492854036142 ] ] ] } },
{ "type": "Feature", "properties": { "Туман": "Олмазор", "Кўча": "Сағбон кўча", "Тури": "Наземные", "Эни(м)": 3, "Узунл": 16 }, "geometry": { "type": "MultiLineString", "coordinates": [ [ [ 69.232979508310351, 41.337205264542185 ], [ 69.233158383527339, 41.337257912545809 ] ] ] } },
{ "type": "Feature", "properties": { "Туман": "Олмазор", "Кўча": "Сағбон кўча", "Тури": "Наземные", "Эни(м)": 3, "Узунл": 17 }, "geometry": { "type": "MultiLineString", "coordinates": [ [ [ 69.229019175955131, 41.344977056643202 ], [ 69.229215169561144, 41.345026811215028 ] ] ] } },
{ "type": "Feature", "properties": { "Туман": "Олмазор", "Кўча": "Сағбон-30 берк кўча", "Тури": "Наземные", "Эни(м)": 3, "Узунл": 17 }, "geometry": { "type": "MultiLineString", "coordinates": [ [ [ 69.229268451867242, 41.345041032155684 ], [ 69.229338301595718, 41.344900487719862 ] ] ] } },
{ "type": "Feature", "properties": { "Туман": "Олмазор", "Кўча": "Сағбон кўча", "Тури": "Наземные", "Эни(м)": 3, "Узунл": 38 }, "geometry": { "type": "MultiLineString", "coordinates": [ [ [ 69.227589583339437, 41.348275094943297 ], [ 69.227728413610464, 41.348294766280993 ], [ 69.228037517672121, 41.348303825013858 ] ] ] } },
{ "type": "Feature", "properties": { "Туман": "Олмазор", "Кўча": "Сағбон кўча", "Тури": "Наземные", "Эни(м)": 3, "Узунл": 12 }, "geometry": { "type": "MultiLineString", "coordinates": [ [ [ 69.22745265118769, 41.348570323992838 ], [ 69.227595391127181, 41.348595002232614 ] ] ] } },
{ "type": "Feature", "properties": { "Туман": "Олмазор", "Кўча": "Сағбон кўча", "Тури": "Наземные", "Эни(м)": 3, "Узунл": 15 }, "geometry": { "type": "MultiLineString", "coordinates": [ [ [ 69.226915529151142, 41.351739946978263 ], [ 69.227096156479206, 41.351739590703403 ] ] ] } },
{ "type": "Feature", "properties": { "Туман": "Олмазор", "Кўча": "Сағбон кўча", "Тури": "Наземные", "Эни(м)": 3, "Узунл": 12 }, "geometry": { "type": "MultiLineString", "coordinates": [ [ [ 69.227926911481987, 41.351726039084653 ], [ 69.228067610624294, 41.351725760353332 ] ] ] } },
{ "type": "Feature", "properties": { "Туман": "Олмазор", "Кўча": "Сағбон кўча", "Тури": "Наземные", "Эни(м)": 3, "Узунл": 16 }, "geometry": { "type": "MultiLineString", "coordinates": [ [ [ 69.226621399631625, 41.353954615280678 ], [ 69.226807836760543, 41.353982902107468 ] ] ] } },
{ "type": "Feature", "properties": { "Туман": "Олмазор", "Кўча": "Сағбон кўча", "Тури": "Наземные", "Эни(м)": 3, "Узунл": 13 }, "geometry": { "type": "MultiLineString", "coordinates": [ [ [ 69.227674555292353, 41.354110358051379 ], [ 69.227826737961891, 41.354130114757943 ] ] ] } },
{ "type": "Feature", "properties": { "Туман": "Олмазор", "Кўча": "Сағбон кўча", "Тури": "Наземные", "Эни(м)": 3, "Узунл": 14 }, "geometry": { "type": "MultiLineString", "coordinates": [ [ [ 69.225782266660431, 41.359126423248426 ], [ 69.225942794012923, 41.359150285073227 ] ] ] } },
{ "type": "Feature", "properties": { "Туман": "Олмазор", "Кўча": "Сағбон кўча", "Тури": "Наземные", "Эни(м)": 3, "Узунл": 16 }, "geometry": { "type": "MultiLineString", "coordinates": [ [ [ 69.225444349037616, 41.35907389658707 ], [ 69.225633718424845, 41.359086822749056 ] ] ] } },
{ "type": "Feature", "properties": { "Туман": "Олмазор", "Кўча": "Келес йўли кўча", "Тури": "Наземные", "Эни(м)": 3, "Узунл": 23 }, "geometry": { "type": "MultiLineString", "coordinates": [ [ [ 69.224970282675812, 41.370389341922966 ], [ 69.225242261888354, 41.37039167531001 ] ] ] } },
{ "type": "Feature", "properties": { "Туман": "Олмазор", "Кўча": "Келес йўли кўча", "Тури": "Наземные", "Эни(м)": 3, "Узунл": 27 }, "geometry": { "type": "MultiLineString", "coordinates": [ [ [ 69.224559146064024, 41.372662094180399 ], [ 69.22488260085909, 41.372697280052805 ] ] ] } },
{ "type": "Feature", "properties": { "Туман": "Олмазор", "Кўча": "Келес йўли кўча", "Тури": "Наземные", "Эни(м)": 3, "Узунл": 24 }, "geometry": { "type": "MultiLineString", "coordinates": [ [ [ 69.222151367376085, 41.377165443763353 ], [ 69.222374359816556, 41.377296821367111 ] ] ] } },
{ "type": "Feature", "properties": { "Туман": "Олмазор", "Кўча": "Дўстлик кўча", "Тури": "Наземные", "Эни(м)": 3, "Узунл": 16 }, "geometry": { "type": "MultiLineString", "coordinates": [ [ [ 69.222162477603334, 41.377076594981482 ], [ 69.222274285644545, 41.376954599664302 ] ] ] } },
{ "type": "Feature", "properties": { "Туман": "Олмазор", "Кўча": "Келес йўли кўча", "Тури": "Наземные", "Эни(м)": 3, "Узунл": 24 }, "geometry": { "type": "MultiLineString", "coordinates": [ [ [ 69.22039624591909, 41.378725445759514 ], [ 69.220611665551971, 41.37886687013529 ] ] ] } },
{ "type": "Feature", "properties": { "Туман": "Олмазор", "Кўча": "Абдужалилхонота кўча", "Тури": "Наземные", "Эни(м)": 3, "Узунл": 12 }, "geometry": { "type": "MultiLineString", "coordinates": [ [ [ 69.220745634986088, 41.378827930365013 ], [ 69.220820451700732, 41.378733945069051 ] ] ] } },
{ "type": "Feature", "properties": { "Туман": "Олмазор", "Кўча": "Абдужалилхонота кўча", "Тури": "Наземные", "Эни(м)": 3, "Узунл": 6 }, "geometry": { "type": "MultiLineString", "coordinates": [ [ [ 69.22085555380977, 41.378708089132104 ], [ 69.220928761430415, 41.378700785114901 ] ] ] } },
{ "type": "Feature", "properties": { "Туман": "Олмазор", "Кўча": "Узумбоғ-1 тор кўча", "Тури": "Наземные", "Эни(м)": 3, "Узунл": 10 }, "geometry": { "type": "MultiLineString", "coordinates": [ [ [ 69.217941450692805, 41.381548954818001 ], [ 69.21801539283156, 41.381475747162114 ] ] ] } },
{ "type": "Feature", "properties": { "Туман": "Олмазор", "Кўча": "Келес йўли кўча", "Тури": "Наземные", "Эни(м)": 3, "Узунл": 10 }, "geometry": { "type": "MultiLineString", "coordinates": [ [ [ 69.218007633283889, 41.38143063187902 ], [ 69.217883937291603, 41.381415106476283 ] ] ] } },
{ "type": "Feature", "properties": { "Туман": "Олмазор", "Кўча": "Келес йўли кўча", "Тури": "Наземные", "Эни(м)": 3, "Узунл": 12 }, "geometry": { "type": "MultiLineString", "coordinates": [ [ [ 69.217827772029537, 41.381400169478603 ], [ 69.217715329292659, 41.381336627211923 ] ] ] } },
{ "type": "Feature", "properties": { "Туман": "Олмазор", "Кўча": "Келес йўли кўча", "Тури": "Наземные", "Эни(м)": 3, "Узунл": 23 }, "geometry": { "type": "MultiLineString", "coordinates": [ [ [ 69.21532011100399, 41.383831878772078 ], [ 69.215123678392104, 41.383681096588838 ] ] ] } },
{ "type": "Feature", "properties": { "Туман": "Олмазор", "Кўча": "Катта ҳалқа йўли кўча", "Тури": "Наземные", "Эни(м)": 3, "Узунл": 39 }, "geometry": { "type": "MultiLineString", "coordinates": [ [ [ 69.210253283787011, 41.383806146948089 ], [ 69.21050178891204, 41.383590788016591 ], [ 69.210518712961488, 41.383529867414431 ] ] ] } },
{ "type": "Feature", "properties": { "Туман": "Олмазор", "Кўча": "Катта ҳалқа йўли кўча", "Тури": "Наземные", "Эни(м)": 3, "Узунл": 25 }, "geometry": { "type": "MultiLineString", "coordinates": [ [ [ 69.202891128920371, 41.379118680622319 ], [ 69.202953584439342, 41.379017207058702 ], [ 69.203054148183398, 41.378936798528862 ] ] ] } },
{ "type": "Feature", "properties": { "Туман": "Олмазор", "Кўча": "Катта ҳалқа йўли кўча", "Тури": "Наземные", "Эни(м)": 3, "Узунл": 27 }, "geometry": { "type": "MultiLineString", "coordinates": [ [ [ 69.192106885605881, 41.372331507709056 ], [ 69.192306973201084, 41.372138475303927 ] ] ] } },
{ "type": "Feature", "properties": { "Туман": "Олмазор", "Кўча": "Катта ҳалқа йўли кўча", "Тури": "Наземные", "Эни(м)": 3, "Узунл": 25 }, "geometry": { "type": "MultiLineString", "coordinates": [ [ [ 69.189052473596519, 41.370403852736061 ], [ 69.189246929289396, 41.370235190754414 ] ] ] } },
{ "type": "Feature", "properties": { "Туман": "Олмазор", "Кўча": "Катта ҳалқа йўли кўча", "Тури": "Наземные", "Эни(м)": 3, "Узунл": 26 }, "geometry": { "type": "MultiLineString", "coordinates": [ [ [ 69.178474909253168, 41.363732890736657 ], [ 69.178680768949945, 41.363559214263475 ] ] ] } },
{ "type": "Feature", "properties": { "Туман": "Олмазор", "Кўча": "Катта ҳалқа йўли кўча", "Тури": "Наземные", "Эни(м)": 3, "Узунл": 25 }, "geometry": { "type": "MultiLineString", "coordinates": [ [ [ 69.17464968756525, 41.361263764814261 ], [ 69.174846049274649, 41.361092974945215 ] ] ] } },
{ "type": "Feature", "properties": { "Туман": "Олмазор", "Кўча": "Қорақамиш кўча", "Тури": "Наземные", "Эни(м)": 3, "Узунл": 15 }, "geometry": { "type": "MultiLineString", "coordinates": [ [ [ 69.218330700717658, 41.356022677729392 ], [ 69.218238089596937, 41.355906087986988 ] ] ] } },
{ "type": "Feature", "properties": { "Туман": "Олмазор", "Кўча": "461-Номсиз кўча", "Тури": "Наземные", "Эни(м)": 3, "Узунл": 14 }, "geometry": { "type": "MultiLineString", "coordinates": [ [ [ 69.219420680106325, 41.355585241768743 ], [ 69.219566911454208, 41.355531236465062 ] ] ] } },
{ "type": "Feature", "properties": { "Туман": "Олмазор", "Кўча": "Қорақамиш кўча", "Тури": "Наземные", "Эни(м)": 3, "Узунл": 18 }, "geometry": { "type": "MultiLineString", "coordinates": [ [ [ 69.219412061021941, 41.35556663304483 ], [ 69.219325985871151, 41.355414930451346 ] ] ] } },
{ "type": "Feature", "properties": { "Туман": "Олмазор", "Кўча": "Қорақамиш кўча", "Тури": "Наземные", "Эни(м)": 3, "Узунл": 16 }, "geometry": { "type": "MultiLineString", "coordinates": [ [ [ 69.223214920957659, 41.355441894350058 ], [ 69.223236295669722, 41.35529786610531 ] ] ] } },
{ "type": "Feature", "properties": { "Туман": "Олмазор", "Кўча": "Нурафшон шоҳ кўча", "Тури": "Наземные", "Эни(м)": 3, "Узунл": 25 }, "geometry": { "type": "MultiLineString", "coordinates": [ [ [ 69.240372204702936, 41.341917103922263 ], [ 69.24036568235887, 41.341694331528096 ] ] ] } },
{ "type": "Feature", "properties": { "Туман": "Олмазор", "Кўча": "Нурафшон шоҳ кўча", "Тури": "Наземные", "Эни(м)": 3, "Узунл": 24 }, "geometry": { "type": "MultiLineString", "coordinates": [ [ [ 69.236908695154952, 41.341883654595115 ], [ 69.236954507518874, 41.341672952276518 ] ] ] } },
{ "type": "Feature", "properties": { "Туман": "Олмазор", "Кўча": "Нурафшон шоҳ кўча", "Тури": "Наземные", "Эни(м)": 3, "Узунл": 27 }, "geometry": { "type": "MultiLineString", "coordinates": [ [ [ 69.227030959797531, 41.339685081869618 ], [ 69.22721275768447, 41.339484143970012 ] ] ] } },
{ "type": "Feature", "properties": { "Туман": "Олмазор", "Кўча": "Нурафшон шоҳ кўча", "Тури": "Наземные", "Эни(м)": 3, "Узунл": 26 }, "geometry": { "type": "MultiLineString", "coordinates": [ [ [ 69.245327976365829, 41.34139105159008 ], [ 69.245318003424742, 41.341266427290662 ], [ 69.24528907936201, 41.341157603161264 ] ] ] } },
{ "type": "Feature", "properties": { "Туман": "Олмазор", "Кўча": "Нурафшон шоҳ кўча", "Тури": "Наземные", "Эни(м)": 3, "Узунл": 25 }, "geometry": { "type": "MultiLineString", "coordinates": [ [ [ 69.246379022901436, 41.341234074033913 ], [ 69.246316405312143, 41.341012854738281 ] ] ] } },
{ "type": "Feature", "properties": { "Туман": "Олмазор", "Кўча": "Нурафшон шоҳ кўча", "Тури": "Наземные", "Эни(м)": 3, "Узунл": 25 }, "geometry": { "type": "MultiLineString", "coordinates": [ [ [ 69.247668827374255, 41.341031084883817 ], [ 69.247581530349734, 41.34081994832912 ] ] ] } },
{ "type": "Feature", "properties": { "Туман": "Олмазор", "Кўча": "Аҳмад Дониш кўча, Уста Олим кўча", "Тури": "Надземные", "Эни(м)": 4, "Узунл": 49 }, "geometry": { "type": "MultiLineString", "coordinates": [ [ [ 69.257002210253646, 41.342489111759036 ], [ 69.257592821085908, 41.342469658722841 ] ] ] } },
{ "type": "Feature", "properties": { "Туман": "Олмазор", "Кўча": "Уста Ширин кўча", "Тури": "Наземные", "Эни(м)": 3, "Узунл": 27 }, "geometry": { "type": "MultiLineString", "coordinates": [ [ [ 69.262607851405576, 41.349708106428601 ], [ 69.262413138849354, 41.349513702638163 ] ] ] } },
{ "type": "Feature", "properties": { "Туман": "Олмазор", "Кўча": "Аҳмад Дониш кўча", "Тури": "Наземные", "Эни(м)": 3, "Узунл": 14 }, "geometry": { "type": "MultiLineString", "coordinates": [ [ [ 69.263152430168176, 41.349436797606721 ], [ 69.2632871171772, 41.349361272540861 ] ] ] } },
{ "type": "Feature", "properties": { "Туман": "Олмазор", "Кўча": "Уста Ширин кўча", "Тури": "Наземные", "Эни(м)": 3, "Узунл": 26 }, "geometry": { "type": "MultiLineString", "coordinates": [ [ [ 69.263115843497687, 41.349085868453614 ], [ 69.263305771949831, 41.349272402135156 ] ] ] } },
{ "type": "Feature", "properties": { "Туман": "Олмазор", "Кўча": "Кичик ҳалқа йўли кўча", "Тури": "Наземные", "Эни(м)": 3, "Узунл": 25 }, "geometry": { "type": "MultiLineString", "coordinates": [ [ [ 69.258164002728137, 41.347278075334728 ], [ 69.257942026331932, 41.347125351859773 ] ] ] } },
{ "type": "Feature", "properties": { "Туман": "Олмазор", "Кўча": "Қорасарой кўча", "Тури": "Наземные", "Эни(м)": 3, "Узунл": 19 }, "geometry": { "type": "MultiLineString", "coordinates": [ [ [ 69.242015696637964, 41.339386900557571 ], [ 69.242247626684147, 41.339389278051932 ] ] ] } },
{ "type": "Feature", "properties": { "Туман": "Олмазор", "Кўча": "Қорақамиш-1 кўча", "Тури": "Наземные", "Эни(м)": 3, "Узунл": 28 }, "geometry": { "type": "MultiLineString", "coordinates": [ [ [ 69.214625084363377, 41.362211226328988 ], [ 69.214955989732019, 41.362216339545753 ] ] ] } },
{ "type": "Feature", "properties": { "Туман": "Олмазор", "Кўча": "Қорақамиш-2 кўча", "Тури": "Наземные", "Эни(м)": 3, "Узунл": 19 }, "geometry": { "type": "MultiLineString", "coordinates": [ [ [ 69.212457746221276, 41.364135069256221 ], [ 69.212462882788813, 41.363960270092051 ] ] ] } },
{ "type": "Feature", "properties": { "Туман": "Олмазор", "Кўча": "Қорақамиш-2 кўча", "Тури": "Наземные", "Эни(м)": 3, "Узунл": 22 }, "geometry": { "type": "MultiLineString", "coordinates": [ [ [ 69.209239912949798, 41.36409368560485 ], [ 69.20923356533666, 41.363893118815582 ] ] ] } },
{ "type": "Feature", "properties": { "Туман": "Олмазор", "Кўча": "Қорақамиш-3 кўча", "Тури": "Наземные", "Эни(м)": 3, "Узунл": 14 }, "geometry": { "type": "MultiLineString", "coordinates": [ [ [ 69.221944362176828, 41.370545695852392 ], [ 69.221945830700079, 41.370418182668082 ] ] ] } },
{ "type": "Feature", "properties": { "Туман": "Олмазор", "Кўча": "Кичик ҳалқа йўли кўча", "Тури": "Наземные", "Эни(м)": 3, "Узунл": 25 }, "geometry": { "type": "MultiLineString", "coordinates": [ [ [ 69.209341799696091, 41.341289132029367 ], [ 69.209590436108911, 41.341164033925793 ] ] ] } },
{ "type": "Feature", "properties": { "Туман": "Олмазор", "Кўча": "Широқ кўча", "Тури": "Наземные", "Эни(м)": 3, "Узунл": 16 }, "geometry": { "type": "MultiLineString", "coordinates": [ [ [ 69.247925535178354, 41.356334694250933 ], [ 69.248115595237437, 41.356311361397736 ] ] ] } },
{ "type": "Feature", "properties": { "Туман": "Олмазор", "Кўча": "Уста Ширин кўча", "Тури": "Наземные", "Эни(м)": 3, "Узунл": 19 }, "geometry": { "type": "MultiLineString", "coordinates": [ [ [ 69.248172356369224, 41.356236738415966 ], [ 69.24813179981841, 41.356072064926074 ] ] ] } },
{ "type": "Feature", "properties": { "Туман": "Олмазор", "Кўча": "Олтинсой кўча", "Тури": "Наземные", "Эни(м)": 3, "Узунл": 12 }, "geometry": { "type": "MultiLineString", "coordinates": [ [ [ 69.238484664731601, 41.351128138780354 ], [ 69.238630242132189, 41.351124810719142 ] ] ] } },
{ "type": "Feature", "properties": { "Туман": "Олмазор", "Кўча": "Тараққиёт кўча", "Тури": "Наземные", "Эни(м)": 3, "Узунл": 9 }, "geometry": { "type": "MultiLineString", "coordinates": [ [ [ 69.238284111804731, 41.350877830768702 ], [ 69.238287616653679, 41.350796159311564 ] ] ] } },
{ "type": "Feature", "properties": { "Туман": "Олмазор", "Кўча": "Олтинсой кўча", "Тури": "Наземные", "Эни(м)": 3, "Узунл": 11 }, "geometry": { "type": "MultiLineString", "coordinates": [ [ [ 69.238486139625351, 41.350707037908158 ], [ 69.238617578707007, 41.350704725542414 ] ] ] } },
{ "type": "Feature", "properties": { "Туман": "Олмазор", "Кўча": "Форобий кўча", "Тури": "Наземные", "Эни(м)": 3, "Узунл": 14 }, "geometry": { "type": "MultiLineString", "coordinates": [ [ [ 69.222287464340567, 41.338910918040881 ], [ 69.222227169903476, 41.338789254253157 ] ] ] } },
{ "type": "Feature", "properties": { "Туман": "Олмазор", "Кўча": "Қорақамиш кўча", "Тури": "Наземные", "Эни(м)": 3, "Узунл": 30 }, "geometry": { "type": "MultiLineString", "coordinates": [ [ [ 69.21537869836304, 41.357477599352784 ], [ 69.215463175592561, 41.357579163203539 ], [ 69.215613267160947, 41.357684185840945 ] ] ] } },
{ "type": "Feature", "properties": { "Туман": "Олмазор", "Кўча": "Қорақамиш-1 кўча", "Тури": "Наземные", "Эни(м)": 3, "Узунл": 22 }, "geometry": { "type": "MultiLineString", "coordinates": [ [ [ 69.214596894602678, 41.359997752740426 ], [ 69.214859308232505, 41.359995830421454 ] ] ] } },
{ "type": "Feature", "properties": { "Туман": "Олмазор", "Кўча": "Сағбон кўча", "Тури": "Наземные", "Эни(м)": 3, "Узунл": 18 }, "geometry": { "type": "MultiLineString", "coordinates": [ [ [ 69.231809535900126, 41.339464500890294 ], [ 69.232013154589595, 41.339524264353265 ] ] ] } },
{ "type": "Feature", "properties": { "Туман": "Олмазор", "Кўча": "Соғлом авлод кўча", "Тури": "Наземные", "Эни(м)": 3, "Узунл": 23 }, "geometry": { "type": "MultiLineString", "coordinates": [ [ [ 69.17589594428992, 41.356928653712586 ], [ 69.175726287155882, 41.356771315391654 ] ] ] } },
{ "type": "Feature", "properties": { "Туман": "Олмазор", "Кўча": "Аҳмад Дониш кўча", "Тури": "Наземные", "Эни(м)": 3, "Узунл": 7 }, "geometry": { "type": "MultiLineString", "coordinates": [ [ [ 69.26283144732875, 41.34961959515725 ], [ 69.262762700346713, 41.349661454026069 ] ] ] } },
{ "type": "Feature", "properties": { "Туман": "Шайхонтоҳур", "Кўча": "Катта ҳалқа йўли кўча", "Тури": "Наземные", "Эни(м)": 3, "Узунл": 25 }, "geometry": { "type": "MultiLineString", "coordinates": [ [ [ 69.164891675841048, 41.346693130939222 ], [ 69.165182565702665, 41.346656167406778 ] ] ] } },
{ "type": "Feature", "properties": { "Туман": "Шайхонтоҳур", "Кўча": "Катта ҳалқа йўли кўча", "Тури": "Наземные", "Эни(м)": 3, "Узунл": 24 }, "geometry": { "type": "MultiLineString", "coordinates": [ [ [ 69.164284711638743, 41.339963364594439 ], [ 69.164572403513873, 41.339951989654672 ] ] ] } },
{ "type": "Feature", "properties": { "Туман": "Шайхонтоҳур", "Кўча": "Катта ҳалқа йўли кўча", "Тури": "Наземные", "Эни(м)": 3, "Узунл": 34 }, "geometry": { "type": "MultiLineString", "coordinates": [ [ [ 69.163356909942678, 41.334794578045788 ], [ 69.163742961433769, 41.334699008619609 ] ] ] } },
{ "type": "Feature", "properties": { "Туман": "Шайхонтоҳур", "Кўча": "Катта ҳалқа йўли кўча", "Тури": "Наземные", "Эни(м)": 3, "Узунл": 25 }, "geometry": { "type": "MultiLineString", "coordinates": [ [ [ 69.161611263433258, 41.331498721089439 ], [ 69.161882569661614, 41.331411846429909 ] ] ] } },
{ "type": "Feature", "properties": { "Туман": "Шайхонтоҳур", "Кўча": "Зангиота кўча", "Тури": "Наземные", "Эни(м)": 3, "Узунл": 13 }, "geometry": { "type": "MultiLineString", "coordinates": [ [ [ 69.182178492120954, 41.336247524196494 ], [ 69.182195959200243, 41.336135420701233 ] ] ] } },
{ "type": "Feature", "properties": { "Туман": "Шайхонтоҳур", "Кўча": "Зангиота-1 тор кўча", "Тури": "Наземные", "Эни(м)": 3, "Узунл": 9 }, "geometry": { "type": "MultiLineString", "coordinates": [ [ [ 69.182215236038985, 41.336092752633981 ], [ 69.182325195689685, 41.336110851736237 ] ] ] } },
{ "type": "Feature", "properties": { "Туман": "Шайхонтоҳур", "Кўча": "Жарариқ кўча", "Тури": "Наземные", "Эни(м)": 3, "Узунл": 26 }, "geometry": { "type": "MultiLineString", "coordinates": [ [ [ 69.174913012431261, 41.337402699326326 ], [ 69.175064853546303, 41.337367140222305 ], [ 69.175215159778574, 41.337362038642922 ] ] ] } },
{ "type": "Feature", "properties": { "Туман": "Шайхонтоҳур", "Кўча": "Кичик ҳалқа йўли кўча", "Тури": "Наземные", "Эни(м)": 3, "Узунл": 40 }, "geometry": { "type": "MultiLineString", "coordinates": [ [ [ 69.203061975459846, 41.33542926217546 ], [ 69.203441127960915, 41.335211750231508 ] ] ] } },
{ "type": "Feature", "properties": { "Туман": "Шайхонтоҳур", "Кўча": "Кўкча Дарвоза кўча", "Тури": "Наземные", "Эни(м)": 3, "Узунл": 33 }, "geometry": { "type": "MultiLineString", "coordinates": [ [ [ 69.196592885816415, 41.319208849677857 ], [ 69.196862910675534, 41.31899702714351 ] ] ] } },
{ "type": "Feature", "properties": { "Туман": "Шайхонтоҳур", "Кўча": "Нурафшон шоҳкўча", "Тури": "Наземные", "Эни(м)": 3, "Узунл": 28 }, "geometry": { "type": "MultiLineString", "coordinates": [ [ [ 69.211676187711888, 41.325370649652314 ], [ 69.211976446756154, 41.325270203223056 ] ] ] } },
{ "type": "Feature", "properties": { "Туман": "Мирзо Улуғбек", "Кўча": "Шаҳрисабз кўча", "Тури": "Наземные", "Эни(м)": 3, "Узунл": 28 }, "geometry": { "type": "MultiLineString", "coordinates": [ [ [ 69.286793425123022, 41.311736464977436 ], [ 69.287128969262113, 41.311733838361214 ] ] ] } },
{ "type": "Feature", "properties": { "Туман": "Мирзо Улуғбек", "Кўча": "Шаҳрисабз кўча", "Тури": "Наземные", "Эни(м)": 3, "Узунл": 28 }, "geometry": { "type": "MultiLineString", "coordinates": [ [ [ 69.286763695427183, 41.311453699727466 ], [ 69.287099120313798, 41.311424221661717 ] ] ] } },
{ "type": "Feature", "properties": { "Туман": "Мирзо Улуғбек", "Кўча": "Шастри кўча", "Тури": "Наземные", "Эни(м)": 3, "Узунл": 15 }, "geometry": { "type": "MultiLineString", "coordinates": [ [ [ 69.291893564046305, 41.311809570904522 ], [ 69.291720970390358, 41.311794494046431 ] ] ] } },
{ "type": "Feature", "properties": { "Туман": "Мирзо Улуғбек", "Кўча": "Шастри кўча", "Тури": "Наземные", "Эни(м)": 3, "Узунл": 16 }, "geometry": { "type": "MultiLineString", "coordinates": [ [ [ 69.291120849044617, 41.31387613488463 ], [ 69.290935438787855, 41.313827673671057 ] ] ] } },
{ "type": "Feature", "properties": { "Туман": "Мирзо Улуғбек", "Кўча": "Шастри кўча", "Тури": "Наземные", "Эни(м)": 3, "Узунл": 14 }, "geometry": { "type": "MultiLineString", "coordinates": [ [ [ 69.291183451157977, 41.313716059020614 ], [ 69.291024981412065, 41.313674690282525 ] ] ] } },
{ "type": "Feature", "properties": { "Туман": "Мирзо Улуғбек", "Кўча": "Шастри кўча", "Тури": "Наземные", "Эни(м)": 3, "Узунл": 17 }, "geometry": { "type": "MultiLineString", "coordinates": [ [ [ 69.29136650647871, 41.3128802057116 ], [ 69.291561347476957, 41.312914321379616 ] ] ] } },
{ "type": "Feature", "properties": { "Туман": "Мирзо Улуғбек", "Кўча": "Содиқ Азимов кўча", "Тури": "Наземные", "Эни(м)": 3, "Узунл": 24 }, "geometry": { "type": "MultiLineString", "coordinates": [ [ [ 69.292081659297608, 41.307850535777725 ], [ 69.292355124822222, 41.307773462969401 ] ] ] } },
{ "type": "Feature", "properties": { "Туман": "Мирзо Улуғбек", "Кўча": "Мустақиллик шоҳ кўча", "Тури": "Подземные", "Эни(м)": 4, "Узунл": 44 }, "geometry": { "type": "MultiLineString", "coordinates": [ [ [ 69.294455495189382, 41.317822626409587 ], [ 69.294721479667103, 41.317481822840818 ] ] ] } },
{ "type": "Feature", "properties": { "Туман": "Мирзо Улуғбек", "Кўча": "Мустақиллик шоҳ кўча", "Тури": "Наземные", "Эни(м)": 3, "Узунл": 25 }, "geometry": { "type": "MultiLineString", "coordinates": [ [ [ 69.299121300209109, 41.319735571599324 ], [ 69.299267638803201, 41.319543051726221 ] ] ] } },
{ "type": "Feature", "properties": { "Туман": "Мирзо Улуғбек", "Кўча": "Мустақиллик шоҳ кўча", "Тури": "Наземные", "Эни(м)": 3, "Узунл": 32 }, "geometry": { "type": "MultiLineString", "coordinates": [ [ [ 69.309938932396221, 41.321277482765673 ], [ 69.310059546583403, 41.321007446694878 ] ] ] } },
{ "type": "Feature", "properties": { "Туман": "Мирзо Улуғбек", "Кўча": "Мустақиллик шоҳ кўча", "Тури": "Наземные", "Эни(м)": 3, "Узунл": 27 }, "geometry": { "type": "MultiLineString", "coordinates": [ [ [ 69.317683617608097, 41.323978541271806 ], [ 69.317813958277753, 41.323760980501071 ] ] ] } },
{ "type": "Feature", "properties": { "Туман": "Мирзо Улуғбек", "Кўча": "Мирзо Улуғбек шоҳкўча", "Тури": "Наземные", "Эни(м)": 3, "Узунл": 30 }, "geometry": { "type": "MultiLineString", "coordinates": [ [ [ 69.322649596535101, 41.322970615964692 ], [ 69.322927407772767, 41.322806339447126 ] ] ] } },
{ "type": "Feature", "properties": { "Туман": "Мирзо Улуғбек", "Кўча": "Мирзо Улуғбек шоҳкўча", "Тури": "Наземные", "Эни(м)": 3, "Узунл": 25 }, "geometry": { "type": "MultiLineString", "coordinates": [ [ [ 69.320218939675556, 41.320659498830018 ], [ 69.320463670901873, 41.32052933247585 ] ] ] } },
{ "type": "Feature", "properties": { "Туман": "Мирзо Улуғбек", "Кўча": "Мирзо Улуғбек шоҳкўча", "Тури": "Наземные", "Эни(м)": 3, "Узунл": 33 }, "geometry": { "type": "MultiLineString", "coordinates": [ [ [ 69.33011919845012, 41.330073801308245 ], [ 69.330434921802592, 41.329890303553945 ] ] ] } },
{ "type": "Feature", "properties": { "Туман": "Мирзо Улуғбек", "Кўча": "Мирзо Улуғбек шоҳкўча", "Тури": "Наземные", "Эни(м)": 3, "Узунл": 30 }, "geometry": { "type": "MultiLineString", "coordinates": [ [ [ 69.335038492657617, 41.334734173318871 ], [ 69.33531467169928, 41.334556744469971 ] ] ] } },
{ "type": "Feature", "properties": { "Туман": "Мирзо Улуғбек", "Кўча": "Дўрмон йўли кўча", "Тури": "Наземные", "Эни(м)": 3, "Узунл": 28 }, "geometry": { "type": "MultiLineString", "coordinates": [ [ [ 69.344233206412298, 41.335507221799737 ], [ 69.344033427370832, 41.335304939590465 ] ] ] } },
{ "type": "Feature", "properties": { "Туман": "Мирзо Улуғбек", "Кўча": "Абдулла Қодирий кўча", "Тури": "Наземные", "Эни(м)": 3, "Узунл": 14 }, "geometry": { "type": "MultiLineString", "coordinates": [ [ [ 69.297526905785915, 41.307483339287018 ], [ 69.297685310293588, 41.307512765140039 ] ] ] } },
{ "type": "Feature", "properties": { "Туман": "Мирзо Улуғбек", "Кўча": "Абдулла Қодирий кўча", "Тури": "Наземные", "Эни(м)": 3, "Узунл": 24 }, "geometry": { "type": "MultiLineString", "coordinates": [ [ [ 69.29813510375773, 41.307579625750513 ], [ 69.298413869462067, 41.307625446621763 ] ] ] } },
{ "type": "Feature", "properties": { "Туман": "Мирзо Улуғбек", "Кўча": "Мирзо Улуғбек шоҳкўча", "Тури": "Наземные", "Эни(м)": 3, "Узунл": 39 }, "geometry": { "type": "MultiLineString", "coordinates": [ [ [ 69.34826196991618, 41.34729283254628 ], [ 69.348628254882883, 41.347081684044497 ] ] ] } },
{ "type": "Feature", "properties": { "Туман": "Мирзо Улуғбек", "Кўча": "Мирзо Улуғбек шоҳкўча", "Тури": "Наземные", "Эни(м)": 3, "Узунл": 27 }, "geometry": { "type": "MultiLineString", "coordinates": [ [ [ 69.354768559864169, 41.353288918416155 ], [ 69.355013171690516, 41.353127054418721 ] ] ] } },
{ "type": "Feature", "properties": { "Туман": "Мирзо Улуғбек", "Кўча": "Мирзо Улуғбек шоҳкўча", "Тури": "Наземные", "Эни(м)": 3, "Узунл": 31 }, "geometry": { "type": "MultiLineString", "coordinates": [ [ [ 69.355689030311126, 41.354212159622385 ], [ 69.355987466689257, 41.354045353596248 ] ] ] } },
{ "type": "Feature", "properties": { "Туман": "Мирзо Улуғбек", "Кўча": "Мирзо Улуғбек шоҳкўча", "Тури": "Наземные", "Эни(м)": 3, "Узунл": 30 }, "geometry": { "type": "MultiLineString", "coordinates": [ [ [ 69.356684149347672, 41.355168577296233 ], [ 69.356976291321899, 41.355008948668342 ] ] ] } },
{ "type": "Feature", "properties": { "Туман": "Мирзо Улуғбек", "Кўча": "Феруза кўча", "Тури": "Наземные", "Эни(м)": 3, "Узунл": 32 }, "geometry": { "type": "MultiLineString", "coordinates": [ [ [ 69.357591212219631, 41.355368641296081 ], [ 69.357432142938748, 41.35524382794403 ], [ 69.357420422859406, 41.355128104084642 ] ] ] } },
{ "type": "Feature", "properties": { "Туман": "Мирзо Улуғбек", "Кўча": "Муҳташам кўча", "Тури": "Наземные", "Эни(м)": 3, "Узунл": 17 }, "geometry": { "type": "MultiLineString", "coordinates": [ [ [ 69.357409079859096, 41.355660397800889 ], [ 69.357570116099708, 41.355565618612907 ] ] ] } },
{ "type": "Feature", "properties": { "Туман": "Мирзо Улуғбек", "Кўча": "Феруза кўча", "Тури": "Наземные", "Эни(м)": 3, "Узунл": 26 }, "geometry": { "type": "MultiLineString", "coordinates": [ [ [ 69.362793687121822, 41.354989563840881 ], [ 69.362767053849211, 41.354756933878249 ] ] ] } },
{ "type": "Feature", "properties": { "Туман": "Мирзо Улуғбек", "Кўча": "Феруза кўча", "Тури": "Наземные", "Эни(м)": 3, "Узунл": 28 }, "geometry": { "type": "MultiLineString", "coordinates": [ [ [ 69.366440852188731, 41.354767372997948 ], [ 69.366409327432748, 41.354512084766341 ] ] ] } },
{ "type": "Feature", "properties": { "Туман": "Мирзо Улуғбек", "Кўча": "Феруза кўча", "Тури": "Наземные", "Эни(м)": 3, "Узунл": 27 }, "geometry": { "type": "MultiLineString", "coordinates": [ [ [ 69.37316722646932, 41.354448601669866 ], [ 69.373214947740635, 41.354207379188537 ] ] ] } },
{ "type": "Feature", "properties": { "Туман": "Мирзо Улуғбек", "Кўча": "Юзработ кўча", "Тури": "Наземные", "Эни(м)": 3, "Узунл": 35 }, "geometry": { "type": "MultiLineString", "coordinates": [ [ [ 69.38205068269653, 41.357916128390713 ], [ 69.382177225982943, 41.357616163888103 ] ] ] } },
{ "type": "Feature", "properties": { "Туман": "Мирзо Улуғбек", "Кўча": "Юзработ кўча", "Тури": "Наземные", "Эни(м)": 3, "Узунл": 32 }, "geometry": { "type": "MultiLineString", "coordinates": [ [ [ 69.38911551369263, 41.359865154105925 ], [ 69.389238378502156, 41.359750171908871 ], [ 69.389291428817771, 41.359615137903695 ] ] ] } },
{ "type": "Feature", "properties": { "Туман": "Мирзо Улуғбек", "Кўча": "Юзработ кўча", "Тури": "Наземные", "Эни(м)": 3, "Узунл": 30 }, "geometry": { "type": "MultiLineString", "coordinates": [ [ [ 69.390258230099803, 41.360773044709575 ], [ 69.390563050231293, 41.360624028663231 ] ] ] } },
{ "type": "Feature", "properties": { "Туман": "Мирзо Улуғбек", "Кўча": "Юзработ кўча", "Тури": "Наземные", "Эни(м)": 3, "Узунл": 28 }, "geometry": { "type": "MultiLineString", "coordinates": [ [ [ 69.391278907147509, 41.361928373157468 ], [ 69.391571208628235, 41.361804458487789 ] ] ] } },
{ "type": "Feature", "properties": { "Туман": "Мирзо Улуғбек", "Кўча": "Юзработ кўча", "Тури": "Наземные", "Эни(м)": 3, "Узунл": 30 }, "geometry": { "type": "MultiLineString", "coordinates": [ [ [ 69.392346094536848, 41.363173038913502 ], [ 69.392644592124199, 41.363025232366702 ] ] ] } },
{ "type": "Feature", "properties": { "Туман": "Мирзо Улуғбек", "Кўча": "-", "Тури": "Наземные", "Эни(м)": 3, "Узунл": 9 }, "geometry": { "type": "MultiLineString", "coordinates": [ [ [ 69.392528013969567, 41.363395584813993 ], [ 69.392459513650124, 41.363331374706966 ] ] ] } },
{ "type": "Feature", "properties": { "Туман": "Мирзо Улуғбек", "Кўча": "Юзработ кўча", "Тури": "Наземные", "Эни(м)": 3, "Узунл": 29 }, "geometry": { "type": "MultiLineString", "coordinates": [ [ [ 69.392591475434614, 41.36341207597301 ], [ 69.39288210368052, 41.363272649477878 ] ] ] } },
{ "type": "Feature", "properties": { "Туман": "Мирзо Улуғбек", "Кўча": "Гулсанам кўча", "Тури": "Наземные", "Эни(м)": 3, "Узунл": 10 }, "geometry": { "type": "MultiLineString", "coordinates": [ [ [ 69.387302193819409, 41.355111380136464 ], [ 69.387419538489553, 41.355134853259493 ] ] ] } },
{ "type": "Feature", "properties": { "Туман": "Мирзо Улуғбек", "Кўча": "Гулсанам кўча", "Тури": "Наземные", "Эни(м)": 3, "Узунл": 9 }, "geometry": { "type": "MultiLineString", "coordinates": [ [ [ 69.387361600968035, 41.354979905731803 ], [ 69.387468650568564, 41.355003413456451 ] ] ] } },
{ "type": "Feature", "properties": { "Туман": "Мирзо Улуғбек", "Кўча": "Аҳмад Югнакий кўча", "Тури": "Наземные", "Эни(м)": 3, "Узунл": 17 }, "geometry": { "type": "MultiLineString", "coordinates": [ [ [ 69.389289209260753, 41.350470089033394 ], [ 69.389111371469767, 41.350393119098875 ] ] ] } },
{ "type": "Feature", "properties": { "Туман": "Мирзо Улуғбек", "Кўча": "Буюк ипак йўли кўча", "Тури": "Наземные", "Эни(м)": 3, "Узунл": 13 }, "geometry": { "type": "MultiLineString", "coordinates": [ [ [ 69.365369565859581, 41.346586403923261 ], [ 69.365495090220961, 41.346519174606108 ] ] ] } },
{ "type": "Feature", "properties": { "Туман": "Мирзо Улуғбек", "Кўча": "-", "Тури": "Наземные", "Эни(м)": 3, "Узунл": 26 }, "geometry": { "type": "MultiLineString", "coordinates": [ [ [ 69.34529759337903, 41.310757749481468 ], [ 69.345461135717883, 41.310555571788846 ] ] ] } },
{ "type": "Feature", "properties": { "Туман": "Мирзо Улуғбек", "Кўча": "Темур Малик кўча", "Тури": "Наземные", "Эни(м)": 3, "Узунл": 30 }, "geometry": { "type": "MultiLineString", "coordinates": [ [ [ 69.351814631985476, 41.31442327694073 ], [ 69.352036677013771, 41.314211363915085 ] ] ] } },
{ "type": "Feature", "properties": { "Туман": "Мирзо Улуғбек", "Кўча": "Темур Малик кўча", "Тури": "Наземные", "Эни(м)": 3, "Узунл": 31 }, "geometry": { "type": "MultiLineString", "coordinates": [ [ [ 69.354265978541619, 41.315788183581731 ], [ 69.354491140688211, 41.315567902389901 ] ] ] } },
{ "type": "Feature", "properties": { "Туман": "Мирзо Улуғбек", "Кўча": "Темур Малик кўча", "Тури": "Наземные", "Эни(м)": 3, "Узунл": 32 }, "geometry": { "type": "MultiLineString", "coordinates": [ [ [ 69.355455912393168, 41.316586488578537 ], [ 69.355714365919596, 41.316375649517184 ] ] ] } },
{ "type": "Feature", "properties": { "Туман": "Мирзо Улуғбек", "Кўча": "Темур Малик кўча", "Тури": "Наземные", "Эни(м)": 3, "Узунл": 36 }, "geometry": { "type": "MultiLineString", "coordinates": [ [ [ 69.377536056307221, 41.333577184062108 ], [ 69.377749478643807, 41.333520393592117 ], [ 69.377923145581761, 41.333433898048121 ] ] ] } },
{ "type": "Feature", "properties": { "Туман": "Мирзо Улуғбек", "Кўча": "-", "Тури": "Наземные", "Эни(м)": 3, "Узунл": 18 }, "geometry": { "type": "MultiLineString", "coordinates": [ [ [ 69.422877457569371, 41.332017272065748 ], [ 69.422827327066599, 41.331855152703341 ] ] ] } },
{ "type": "Feature", "properties": { "Туман": "Мирзо Улуғбек", "Кўча": "-", "Тури": "Наземные", "Эни(м)": 3, "Узунл": 19 }, "geometry": { "type": "MultiLineString", "coordinates": [ [ [ 69.421828980183776, 41.332210871393578 ], [ 69.421778836729374, 41.332046364808029 ] ] ] } },
{ "type": "Feature", "properties": { "Туман": "Мирзо Улуғбек", "Кўча": "-", "Тури": "Наземные", "Эни(м)": 3, "Узунл": 13 }, "geometry": { "type": "MultiLineString", "coordinates": [ [ [ 69.390023656560388, 41.337927884332473 ], [ 69.389989700207593, 41.337809852029011 ] ] ] } },
{ "type": "Feature", "properties": { "Туман": "Мирзо Улуғбек", "Кўча": "-", "Тури": "Наземные", "Эни(м)": 3, "Узунл": 15 }, "geometry": { "type": "MultiLineString", "coordinates": [ [ [ 69.38516558954268, 41.338453829480237 ], [ 69.385192529521561, 41.338323061176666 ] ] ] } },
{ "type": "Feature", "properties": { "Туман": "Мирзо Улуғбек", "Кўча": "Темур Малик кўча", "Тури": "Наземные", "Эни(м)": 3, "Узунл": 23 }, "geometry": { "type": "MultiLineString", "coordinates": [ [ [ 69.344262838659787, 41.355791172258861 ], [ 69.344078269867111, 41.355631807970198 ] ] ] } },
{ "type": "Feature", "properties": { "Туман": "Мирзо Улуғбек", "Кўча": "Мирзо Улуғбек шоҳкўча", "Тури": "Наземные", "Эни(м)": 3, "Узунл": 26 }, "geometry": { "type": "MultiLineString", "coordinates": [ [ [ 69.341870835795262, 41.341192202130856 ], [ 69.342115547104569, 41.341051846265366 ] ] ] } },
{ "type": "Feature", "properties": { "Туман": "Мирзо Улуғбек", "Кўча": "Мирзо Улуғбек шоҳкўча", "Тури": "Наземные", "Эни(м)": 3, "Узунл": 48 }, "geometry": { "type": "MultiLineString", "coordinates": [ [ [ 69.316497555791841, 41.317205612236094 ], [ 69.317009519942616, 41.317018030924935 ] ] ] } },
{ "type": "Feature", "properties": { "Туман": "Мирзо Улуғбек", "Кўча": "Паркент кўча", "Тури": "Наземные", "Эни(м)": 3, "Узунл": 28 }, "geometry": { "type": "MultiLineString", "coordinates": [ [ [ 69.309066611938306, 41.319755840355732 ], [ 69.308923078358319, 41.319530670635778 ] ] ] } },
{ "type": "Feature", "properties": { "Туман": "Мирзо Улуғбек", "Кўча": "Шаҳрисабз кўча", "Тури": "Наземные", "Эни(м)": 3, "Узунл": 31 }, "geometry": { "type": "MultiLineString", "coordinates": [ [ [ 69.286309220388418, 41.309596683769321 ], [ 69.286665012949669, 41.309521806524309 ] ] ] } },
{ "type": "Feature", "properties": { "Туман": "Мирзо Улуғбек", "Кўча": "Яҳё Ғуломов кўча", "Тури": "Наземные", "Эни(м)": 3, "Узунл": 14 }, "geometry": { "type": "MultiLineString", "coordinates": [ [ [ 69.288962995307102, 41.30876420915304 ], [ 69.289121103896647, 41.308726816266159 ] ] ] } },
{ "type": "Feature", "properties": { "Туман": "Мирзо Улуғбек", "Кўча": "Истиқлол кўча", "Тури": "Наземные", "Эни(м)": 3, "Узунл": 24 }, "geometry": { "type": "MultiLineString", "coordinates": [ [ [ 69.284460632810777, 41.309977789354555 ], [ 69.284731028675438, 41.309918643488061 ] ] ] } },
{ "type": "Feature", "properties": { "Туман": "Мирзо Улуғбек", "Кўча": "Ҳамид Олимжон кўча", "Тури": "Наземные", "Эни(м)": 3, "Узунл": 19 }, "geometry": { "type": "MultiLineString", "coordinates": [ [ [ 69.29309994536257, 41.314345494679152 ], [ 69.29331697299061, 41.314384324523253 ] ] ] } },
{ "type": "Feature", "properties": { "Туман": "Мирзо Улуғбек", "Кўча": "Абдулла Қодирий кўча", "Тури": "Наземные", "Эни(м)": 3, "Узунл": 31 }, "geometry": { "type": "MultiLineString", "coordinates": [ [ [ 69.294462317351687, 41.314590247739474 ], [ 69.294817265226271, 41.314675264998819 ] ] ] } },
{ "type": "Feature", "properties": { "Туман": "Мирзо Улуғбек", "Кўча": "Қори Ниёзий кўча", "Тури": "Наземные", "Эни(м)": 3, "Узунл": 18 }, "geometry": { "type": "MultiLineString", "coordinates": [ [ [ 69.296734714728416, 41.321434604941842 ], [ 69.296937071160329, 41.321374412462788 ] ] ] } },
{ "type": "Feature", "properties": { "Туман": "Мирзо Улуғбек", "Кўча": "Ниёзбек йўли кўча", "Тури": "Наземные", "Эни(м)": 3, "Узунл": 12 }, "geometry": { "type": "MultiLineString", "coordinates": [ [ [ 69.296906852871672, 41.321343461684066 ], [ 69.2968573025734, 41.321238569169715 ] ] ] } },
{ "type": "Feature", "properties": { "Туман": "Мирзо Улуғбек", "Кўча": "Ниёзбек йўли кўча", "Тури": "Наземные", "Эни(м)": 3, "Узунл": 13 }, "geometry": { "type": "MultiLineString", "coordinates": [ [ [ 69.296647567138749, 41.321416928382391 ], [ 69.29659166346535, 41.321307278477775 ] ] ] } },
{ "type": "Feature", "properties": { "Туман": "Мирзо Улуғбек", "Кўча": "Асака кўча", "Тури": "Наземные", "Эни(м)": 3, "Узунл": 10 }, "geometry": { "type": "MultiLineString", "coordinates": [ [ [ 69.303558305089368, 41.316120444281864 ], [ 69.303507295349263, 41.316043603610694 ] ] ] } },
{ "type": "Feature", "properties": { "Туман": "Мирзо Улуғбек", "Кўча": "Осиё кўча", "Тури": "Наземные", "Эни(м)": 3, "Узунл": 23 }, "geometry": { "type": "MultiLineString", "coordinates": [ [ [ 69.29950583901315, 41.325066141660955 ], [ 69.299515953537323, 41.32485488143697 ] ] ] } },
{ "type": "Feature", "properties": { "Туман": "Мирзо Улуғбек", "Кўча": "Осиё кўча", "Тури": "Наземные", "Эни(м)": 3, "Узунл": 27 }, "geometry": { "type": "MultiLineString", "coordinates": [ [ [ 69.295217346310665, 41.325463886232669 ], [ 69.295092839692074, 41.325237457247688 ] ] ] } },
{ "type": "Feature", "properties": { "Туман": "Мирзо Улуғбек", "Кўча": "Зиёлилар кўча", "Тури": "Наземные", "Эни(м)": 3, "Узунл": 22 }, "geometry": { "type": "MultiLineString", "coordinates": [ [ [ 69.327344591164177, 41.337277687726441 ], [ 69.327375255346311, 41.337077107807644 ] ] ] } },
{ "type": "Feature", "properties": { "Туман": "Мирзо Улуғбек", "Кўча": "Зиёлилар кўча", "Тури": "Наземные", "Эни(м)": 3, "Узунл": 27 }, "geometry": { "type": "MultiLineString", "coordinates": [ [ [ 69.333824547560383, 41.338630302242862 ], [ 69.334083487109638, 41.338483955074679 ] ] ] } },
{ "type": "Feature", "properties": { "Туман": "Мирзо Улуғбек", "Кўча": "Дўрмон йўли кўча", "Тури": "Наземные", "Эни(м)": 3, "Узунл": 23 }, "geometry": { "type": "MultiLineString", "coordinates": [ [ [ 69.332843046225932, 41.342410281669203 ], [ 69.332647555660614, 41.342270024730539 ] ] ] } },
{ "type": "Feature", "properties": { "Туман": "Мирзо Улуғбек", "Кўча": "Гулбаданбегим кўча", "Тури": "Наземные", "Эни(м)": 3, "Узунл": 9 }, "geometry": { "type": "MultiLineString", "coordinates": [ [ [ 69.332914274598394, 41.34240410862018 ], [ 69.332996380952935, 41.342357328190133 ] ] ] } },
{ "type": "Feature", "properties": { "Туман": "Мирзо Улуғбек", "Кўча": "Дўрмон йўли кўча", "Тури": "Наземные", "Эни(м)": 3, "Узунл": 16 }, "geometry": { "type": "MultiLineString", "coordinates": [ [ [ 69.332970521741743, 41.342254769934634 ], [ 69.332846447802225, 41.342145335299961 ] ] ] } },
{ "type": "Feature", "properties": { "Туман": "Мирзо Улуғбек", "Кўча": "Мағрур кўча", "Тури": "Наземные", "Эни(м)": 3, "Узунл": 16 }, "geometry": { "type": "MultiLineString", "coordinates": [ [ [ 69.332614083037512, 41.342227158788312 ], [ 69.332752953201961, 41.342132478158973 ] ] ] } },
{ "type": "Feature", "properties": { "Туман": "Мирзо Улуғбек", "Кўча": "Дўрмон йўли кўча", "Тури": "Наземные", "Эни(м)": 3, "Узунл": 22 }, "geometry": { "type": "MultiLineString", "coordinates": [ [ [ 69.329586095335685, 41.344376842986641 ], [ 69.329425372241374, 41.344222160164804 ] ] ] } },
{ "type": "Feature", "properties": { "Туман": "Мирзо Улуғбек", "Кўча": "Дўрмон йўли кўча", "Тури": "Наземные", "Эни(м)": 3, "Узунл": 27 }, "geometry": { "type": "MultiLineString", "coordinates": [ [ [ 69.325109138596574, 41.346899311805451 ], [ 69.32490388821391, 41.346706559481142 ] ] ] } },
{ "type": "Feature", "properties": { "Туман": "Мирзо Улуғбек", "Кўча": "-", "Тури": "Наземные", "Эни(м)": 3, "Узунл": 19 }, "geometry": { "type": "MultiLineString", "coordinates": [ [ [ 69.324918248130047, 41.347046639928756 ], [ 69.325093492169017, 41.346937545025064 ] ] ] } },
{ "type": "Feature", "properties": { "Туман": "Мирзо Улуғбек", "Кўча": "-", "Тури": "Наземные", "Эни(м)": 3, "Узунл": 15 }, "geometry": { "type": "MultiLineString", "coordinates": [ [ [ 69.324674949056075, 41.346845640762531 ], [ 69.324810685144925, 41.346753365429748 ] ] ] } },
{ "type": "Feature", "properties": { "Туман": "Мирзо Улуғбек", "Кўча": "Дўрмон йўли кўча", "Тури": "Наземные", "Эни(м)": 3, "Узунл": 25 }, "geometry": { "type": "MultiLineString", "coordinates": [ [ [ 69.34623416318118, 41.334302738807921 ], [ 69.346046401876251, 41.334127872314014 ] ] ] } },
{ "type": "Feature", "properties": { "Туман": "Мирзо Улуғбек", "Кўча": "Дўрмон йўли кўча", "Тури": "Наземные", "Эни(м)": 3, "Узунл": 27 }, "geometry": { "type": "MultiLineString", "coordinates": [ [ [ 69.359745929395814, 41.326138355534653 ], [ 69.359543835421704, 41.325950428100562 ] ] ] } },
{ "type": "Feature", "properties": { "Туман": "Мирзо Улуғбек", "Кўча": "-", "Тури": "Наземные", "Эни(м)": 3, "Узунл": 9 }, "geometry": { "type": "MultiLineString", "coordinates": [ [ [ 69.364744067338989, 41.322467804276776 ], [ 69.364817355891915, 41.32240969156107 ] ] ] } },
{ "type": "Feature", "properties": { "Туман": "Мирзо Улуғбек", "Кўча": "-", "Тури": "Наземные", "Эни(м)": 3, "Узунл": 12 }, "geometry": { "type": "MultiLineString", "coordinates": [ [ [ 69.364280852061015, 41.322437645800107 ], [ 69.364380181345155, 41.322365130008038 ] ] ] } },
{ "type": "Feature", "properties": { "Туман": "Мирзо Улуғбек", "Кўча": "-", "Тури": "Наземные", "Эни(м)": 3, "Узунл": 11 }, "geometry": { "type": "MultiLineString", "coordinates": [ [ [ 69.376976983279803, 41.329705210059416 ], [ 69.377045570584968, 41.329793297714559 ] ] ] } },
{ "type": "Feature", "properties": { "Туман": "Мирзо Улуғбек", "Кўча": "-", "Тури": "Наземные", "Эни(м)": 3, "Узунл": 12 }, "geometry": { "type": "MultiLineString", "coordinates": [ [ [ 69.377895894014415, 41.329403247621478 ], [ 69.377817810208711, 41.32931578834561 ] ] ] } },
{ "type": "Feature", "properties": { "Туман": "Мирзо Улуғбек", "Кўча": "-", "Тури": "Наземные", "Эни(м)": 3, "Узунл": 14 }, "geometry": { "type": "MultiLineString", "coordinates": [ [ [ 69.379956908247948, 41.328524079885263 ], [ 69.379880277696742, 41.328414539116771 ] ] ] } },
{ "type": "Feature", "properties": { "Туман": "Мирзо Улуғбек", "Кўча": "-", "Тури": "Наземные", "Эни(м)": 3, "Узунл": 11 }, "geometry": { "type": "MultiLineString", "coordinates": [ [ [ 69.38066772237579, 41.328243666717995 ], [ 69.380786161850637, 41.328191958319039 ] ] ] } },
{ "type": "Feature", "properties": { "Туман": "Мирзо Улуғбек", "Кўча": "-", "Тури": "Наземные", "Эни(м)": 3, "Узунл": 12 }, "geometry": { "type": "MultiLineString", "coordinates": [ [ [ 69.380777912459521, 41.328134701934026 ], [ 69.380712467403228, 41.32804302585761 ] ] ] } },
{ "type": "Feature", "properties": { "Туман": "Мирзо Улуғбек", "Кўча": "Ҳумоюн кўча", "Тури": "Наземные", "Эни(м)": 3, "Узунл": 13 }, "geometry": { "type": "MultiLineString", "coordinates": [ [ [ 69.385486283696522, 41.344503329714136 ], [ 69.385485579883252, 41.344383991425104 ] ] ] } },
{ "type": "Feature", "properties": { "Туман": "Мирзо Улуғбек", "Кўча": "Ҳумоюн кўча", "Тури": "Наземные", "Эни(м)": 3, "Узунл": 12 }, "geometry": { "type": "MultiLineString", "coordinates": [ [ [ 69.38590115778355, 41.34449835917664 ], [ 69.38590524618715, 41.344386165261326 ] ] ] } },
{ "type": "Feature", "properties": { "Туман": "Мирзо Улуғбек", "Кўча": "Ҳумоюн кўча", "Тури": "Наземные", "Эни(м)": 3, "Узунл": 14 }, "geometry": { "type": "MultiLineString", "coordinates": [ [ [ 69.387609885551356, 41.34450216440743 ], [ 69.387623394571889, 41.344376811235847 ] ] ] } },
{ "type": "Feature", "properties": { "Туман": "Мирзо Улуғбек", "Кўча": "Аҳмад Югнакий кўча", "Тури": "Наземные", "Эни(м)": 3, "Узунл": 13 }, "geometry": { "type": "MultiLineString", "coordinates": [ [ [ 69.392233705367204, 41.346564219330872 ], [ 69.392097227819036, 41.346516948134216 ] ] ] } },
{ "type": "Feature", "properties": { "Туман": "Мирзо Улуғбек", "Кўча": "Ҳумоюн кўча", "Тури": "Наземные", "Эни(м)": 3, "Узунл": 21 }, "geometry": { "type": "MultiLineString", "coordinates": [ [ [ 69.392096762461534, 41.346439378334715 ], [ 69.392224032667485, 41.346271867842169 ] ] ] } },
{ "type": "Feature", "properties": { "Туман": "Мирзо Улуғбек", "Кўча": "Аҳмад Югнакий кўча", "Тури": "Наземные", "Эни(м)": 3, "Узунл": 10 }, "geometry": { "type": "MultiLineString", "coordinates": [ [ [ 69.392357141974912, 41.346285735006958 ], [ 69.392466669145634, 41.346328324179304 ] ] ] } },
{ "type": "Feature", "properties": { "Туман": "Мирзо Улуғбек", "Кўча": "Аҳмад Югнакий кўча", "Тури": "Наземные", "Эни(м)": 3, "Узунл": 16 }, "geometry": { "type": "MultiLineString", "coordinates": [ [ [ 69.387244245831937, 41.352816658358954 ], [ 69.387417287217389, 41.35288529345533 ] ] ] } },
{ "type": "Feature", "properties": { "Туман": "Мирзо Улуғбек", "Кўча": "Буюк ипак йўли кўча", "Тури": "Наземные", "Эни(м)": 3, "Узунл": 17 }, "geometry": { "type": "MultiLineString", "coordinates": [ [ [ 69.387870046662812, 41.353383804985612 ], [ 69.387973775737862, 41.353248600631289 ] ] ] } },
{ "type": "Feature", "properties": { "Туман": "Мирзо Улуғбек", "Кўча": "Тантана кўча", "Тури": "Наземные", "Эни(м)": 3, "Узунл": 14 }, "geometry": { "type": "MultiLineString", "coordinates": [ [ [ 69.380802103660059, 41.351045660111197 ], [ 69.380955954954359, 41.351084533320204 ] ] ] } },
{ "type": "Feature", "properties": { "Туман": "Мирзо Улуғбек", "Кўча": "Буюк ипак йўли кўча", "Тури": "Наземные", "Эни(м)": 3, "Узунл": 16 }, "geometry": { "type": "MultiLineString", "coordinates": [ [ [ 69.380663679678761, 41.350936324763516 ], [ 69.380725416440995, 41.350795298732564 ] ] ] } },
{ "type": "Feature", "properties": { "Туман": "Мирзо Улуғбек", "Кўча": "Буюк ипак йўли кўча", "Тури": "Наземные", "Эни(м)": 3, "Узунл": 13 }, "geometry": { "type": "MultiLineString", "coordinates": [ [ [ 69.381025266800918, 41.351020456692659 ], [ 69.38107373953342, 41.350913486438571 ] ] ] } },
{ "type": "Feature", "properties": { "Туман": "Мирзо Улуғбек", "Кўча": "Калтатой кўча", "Тури": "Наземные", "Эни(м)": 3, "Узунл": 9 }, "geometry": { "type": "MultiLineString", "coordinates": [ [ [ 69.381171659052669, 41.350866619369548 ], [ 69.381274736925874, 41.350889549332983 ] ] ] } },
{ "type": "Feature", "properties": { "Туман": "Мирзо Улуғбек", "Кўча": "Шукур Бурҳонов кўча", "Тури": "Наземные", "Эни(м)": 3, "Узунл": 11 }, "geometry": { "type": "MultiLineString", "coordinates": [ [ [ 69.355574183893538, 41.337616404513845 ], [ 69.355493809730746, 41.337540871358229 ] ] ] } },
{ "type": "Feature", "properties": { "Туман": "Мирзо Улуғбек", "Кўча": "Буюк ипак йўли кўча", "Тури": "Наземные", "Эни(м)": 3, "Узунл": 20 }, "geometry": { "type": "MultiLineString", "coordinates": [ [ [ 69.35552026688724, 41.337456057639258 ], [ 69.355707319181462, 41.337348669643895 ] ] ] } },
{ "type": "Feature", "properties": { "Туман": "Мирзо Улуғбек", "Кўча": "Буюк ипак йўли кўча", "Тури": "Наземные", "Эни(м)": 3, "Узунл": 13 }, "geometry": { "type": "MultiLineString", "coordinates": [ [ [ 69.355726012510345, 41.33758311662622 ], [ 69.355854667223667, 41.337510517712417 ] ] ] } },
{ "type": "Feature", "properties": { "Туман": "Мирзо Улуғбек", "Кўча": "Шукур Бурҳонов кўча", "Тури": "Наземные", "Эни(м)": 3, "Узунл": 9 }, "geometry": { "type": "MultiLineString", "coordinates": [ [ [ 69.355891429014434, 41.337428058864496 ], [ 69.355821398790241, 41.337362041217588 ] ] ] } },
{ "type": "Feature", "properties": { "Туман": "Мирзо Улуғбек", "Кўча": "Шўртепа кўча", "Тури": "Наземные", "Эни(м)": 3, "Узунл": 9 }, "geometry": { "type": "MultiLineString", "coordinates": [ [ [ 69.35342792237212, 41.338950085148056 ], [ 69.353513176503355, 41.338903280403919 ] ] ] } },
{ "type": "Feature", "properties": { "Туман": "Мирзо Улуғбек", "Кўча": "Шўртепа кўча", "Тури": "Наземные", "Эни(м)": 3, "Узунл": 8 }, "geometry": { "type": "MultiLineString", "coordinates": [ [ [ 69.353326835326527, 41.338850745934494 ], [ 69.35339305589963, 41.338798032666617 ] ] ] } },
{ "type": "Feature", "properties": { "Туман": "Мирзо Улуғбек", "Кўча": "Буюк ипак йўли кўча", "Тури": "Наземные", "Эни(м)": 3, "Узунл": 12 }, "geometry": { "type": "MultiLineString", "coordinates": [ [ [ 69.351983718041637, 41.334081823208059 ], [ 69.352098149102702, 41.334014642290185 ] ] ] } },
{ "type": "Feature", "properties": { "Туман": "Мирзо Улуғбек", "Кўча": "Дўрмон йўли кўча", "Тури": "Наземные", "Эни(м)": 3, "Узунл": 4 }, "geometry": { "type": "MultiLineString", "coordinates": [ [ [ 69.349844110878578, 41.332212306923914 ], [ 69.349810696049829, 41.332181379834111 ] ] ] } },
{ "type": "Feature", "properties": { "Туман": "Мирзо Улуғбек", "Кўча": "Дўрмон йўли кўча", "Тури": "Наземные", "Эни(м)": 3, "Узунл": 5 }, "geometry": { "type": "MultiLineString", "coordinates": [ [ [ 69.349560082652985, 41.331948829646848 ], [ 69.349520293547315, 41.331910164666951 ] ] ] } },
{ "type": "Feature", "properties": { "Туман": "Мирзо Улуғбек", "Кўча": "Буюк ипак йўли кўча", "Тури": "Наземные", "Эни(м)": 3, "Узунл": 12 }, "geometry": { "type": "MultiLineString", "coordinates": [ [ [ 69.34787022830406, 41.330520067481359 ], [ 69.347969572219839, 41.330444582356066 ] ] ] } },
{ "type": "Feature", "properties": { "Туман": "Мирзо Улуғбек", "Кўча": "Буюк ипак йўли кўча", "Тури": "Наземные", "Эни(м)": 3, "Узунл": 25 }, "geometry": { "type": "MultiLineString", "coordinates": [ [ [ 69.343448638423141, 41.32819664875737 ], [ 69.34350762093743, 41.327972111556065 ] ] ] } },
{ "type": "Feature", "properties": { "Туман": "Мирзо Улуғбек", "Кўча": "Буюк ипак йўли кўча", "Тури": "Наземные", "Эни(м)": 3, "Узунл": 19 }, "geometry": { "type": "MultiLineString", "coordinates": [ [ [ 69.343838389824668, 41.328250382001734 ], [ 69.343875482647491, 41.328078420069204 ] ] ] } },
{ "type": "Feature", "properties": { "Туман": "Мирзо Улуғбек", "Кўча": "Буюк ипак йўли кўча", "Тури": "Наземные", "Эни(м)": 3, "Узунл": 22 }, "geometry": { "type": "MultiLineString", "coordinates": [ [ [ 69.339368915052134, 41.327625172133821 ], [ 69.339423304043407, 41.327428098982949 ] ] ] } },
{ "type": "Feature", "properties": { "Туман": "Мирзо Улуғбек", "Кўча": "Буюк ипак йўли тор кўча", "Тури": "Наземные", "Эни(м)": 3, "Узунл": 16 }, "geometry": { "type": "MultiLineString", "coordinates": [ [ [ 69.336200889361024, 41.327306281326258 ], [ 69.336391780042817, 41.327328995102739 ] ] ] } },
{ "type": "Feature", "properties": { "Туман": "Мирзо Улуғбек", "Кўча": "Буюк ипак йўли кўча", "Тури": "Наземные", "Эни(м)": 3, "Узунл": 20 }, "geometry": { "type": "MultiLineString", "coordinates": [ [ [ 69.336143461676528, 41.327183527734419 ], [ 69.336189856792515, 41.327007960829889 ] ] ] } },
{ "type": "Feature", "properties": { "Туман": "Мирзо Улуғбек", "Кўча": "Буюк ипак йўли кўча", "Тури": "Наземные", "Эни(м)": 3, "Узунл": 22 }, "geometry": { "type": "MultiLineString", "coordinates": [ [ [ 69.336508476603527, 41.327239744879925 ], [ 69.336559726022969, 41.327046262473253 ] ] ] } },
{ "type": "Feature", "properties": { "Туман": "Мирзо Улуғбек", "Кўча": "Буюк ипак йўли кўча", "Тури": "Подземные", "Эни(м)": 4, "Узунл": 40 }, "geometry": { "type": "MultiLineString", "coordinates": [ [ [ 69.329827664687315, 41.326462064355134 ], [ 69.329910515244876, 41.326110988694971 ] ] ] } },
{ "type": "Feature", "properties": { "Туман": "Мирзо Улуғбек", "Кўча": "-", "Тури": "Наземные", "Эни(м)": 3, "Узунл": 19 }, "geometry": { "type": "MultiLineString", "coordinates": [ [ [ 69.333746845632348, 41.332908429123869 ], [ 69.333613915723419, 41.332766798740252 ] ] ] } },
{ "type": "Feature", "properties": { "Туман": "Мирзо Улуғбек", "Кўча": "Шастри кўча", "Тури": "Наземные", "Эни(м)": 3, "Узунл": 13 }, "geometry": { "type": "MultiLineString", "coordinates": [ [ [ 69.291673578484819, 41.312037175681091 ], [ 69.291831954187018, 41.312058255729696 ] ] ] } },
{ "type": "Feature", "properties": { "Туман": "Мирзо Улуғбек", "Кўча": "Ўзбекистон овози кўча", "Тури": "Наземные", "Эни(м)": 3, "Узунл": 11 }, "geometry": { "type": "MultiLineString", "coordinates": [ [ [ 69.291629641988365, 41.311945394071635 ], [ 69.291644245082338, 41.311848093774664 ] ] ] } },
{ "type": "Feature", "properties": { "Туман": "Мирзо Улуғбек", "Кўча": "Ўзбекистон овози кўча", "Тури": "Наземные", "Эни(м)": 3, "Узунл": 11 }, "geometry": { "type": "MultiLineString", "coordinates": [ [ [ 69.291984324256859, 41.311974927009715 ], [ 69.292005258010093, 41.311877610609379 ] ] ] } },
{ "type": "Feature", "properties": { "Туман": "Мирзо Улуғбек", "Кўча": "Оққўрғон кўча", "Тури": "Наземные", "Эни(м)": 3, "Узунл": 25 }, "geometry": { "type": "MultiLineString", "coordinates": [ [ [ 69.304686540435213, 41.327466517664249 ], [ 69.304977660162038, 41.327426364094187 ] ] ] } },
{ "type": "Feature", "properties": { "Туман": "Мирзо Улуғбек", "Кўча": "Ўткир Султонов кўча", "Тури": "Наземные", "Эни(м)": 3, "Узунл": 18 }, "geometry": { "type": "MultiLineString", "coordinates": [ [ [ 69.30459582258041, 41.327704246613138 ], [ 69.304563419920285, 41.327545608658461 ] ] ] } },
{ "type": "Feature", "properties": { "Туман": "Мирзо Улуғбек", "Кўча": "Мудофаачилар кўча", "Тури": "Наземные", "Эни(м)": 3, "Узунл": 14 }, "geometry": { "type": "MultiLineString", "coordinates": [ [ [ 69.305289708652182, 41.330173962412857 ], [ 69.305243243350077, 41.330055937984454 ] ] ] } },
{ "type": "Feature", "properties": { "Туман": "Мирзо Улуғбек", "Кўча": "Оққўрғон кўча", "Тури": "Наземные", "Эни(м)": 3, "Узунл": 31 }, "geometry": { "type": "MultiLineString", "coordinates": [ [ [ 69.305314182403919, 41.329990112241411 ], [ 69.305676519285186, 41.329941414104546 ] ] ] } },
{ "type": "Feature", "properties": { "Туман": "Мирзо Улуғбек", "Кўча": "Кичик ҳалқа йўли кўча", "Тури": "Наземные", "Эни(м)": 3, "Узунл": 31 }, "geometry": { "type": "MultiLineString", "coordinates": [ [ [ 69.305636268782621, 41.334201995864753 ], [ 69.3057284355516, 41.333934427263088 ] ] ] } },
{ "type": "Feature", "properties": { "Туман": "Мирзо Улуғбек", "Кўча": "Кичик ҳалқа йўли кўча", "Тури": "Наземные", "Эни(м)": 3, "Узунл": 31 }, "geometry": { "type": "MultiLineString", "coordinates": [ [ [ 69.313971396256122, 41.327021484287215 ], [ 69.314335235889885, 41.326960820673477 ] ] ] } },
{ "type": "Feature", "properties": { "Туман": "Мирзо Улуғбек", "Кўча": "Ўзбекистон овози кўча", "Тури": "Наземные", "Эни(м)": 3, "Узунл": 11 }, "geometry": { "type": "MultiLineString", "coordinates": [ [ [ 69.292764760846168, 41.311999199839953 ], [ 69.292822156486849, 41.311914918112173 ] ] ] } },
{ "type": "Feature", "properties": { "Туман": "Мирзо Улуғбек", "Кўча": "Яҳё Ғуломов кўча", "Тури": "Наземные", "Эни(м)": 3, "Узунл": 9 }, "geometry": { "type": "MultiLineString", "coordinates": [ [ [ 69.287911075157112, 41.314881603956486 ], [ 69.287812764087022, 41.314842467146626 ] ] ] } },
{ "type": "Feature", "properties": { "Туман": "Мирзо Улуғбек", "Кўча": "Яҳё Ғуломов кўча", "Тури": "Наземные", "Эни(м)": 3, "Узунл": 7 }, "geometry": { "type": "MultiLineString", "coordinates": [ [ [ 69.288186259974822, 41.315007417223264 ], [ 69.288110132385057, 41.314973595490756 ] ] ] } },
{ "type": "Feature", "properties": { "Туман": "Мирзо Улуғбек", "Кўча": "Буюк ипак йўли кўча", "Тури": "Наземные", "Эни(м)": 3, "Узунл": 10 }, "geometry": { "type": "MultiLineString", "coordinates": [ [ [ 69.374304777088895, 41.349982467718625 ], [ 69.374322463345607, 41.349890517970799 ] ] ] } },
{ "type": "Feature", "properties": { "Туман": "Яккасарой", "Кўча": "-", "Тури": "Наземные", "Эни(м)": 3, "Узунл": 14 }, "geometry": { "type": "MultiLineString", "coordinates": [ [ [ 69.224303116827656, 41.259845184174772 ], [ 69.224465349753189, 41.259874562991449 ] ] ] } },
{ "type": "Feature", "properties": { "Туман": "Яккасарой", "Кўча": "-", "Тури": "Наземные", "Эни(м)": 3, "Узунл": 13 }, "geometry": { "type": "MultiLineString", "coordinates": [ [ [ 69.22485617640821, 41.260005646121975 ], [ 69.224973701139461, 41.26007965400342 ] ] ] } },
{ "type": "Feature", "properties": { "Туман": "Яккасарой", "Кўча": "-", "Тури": "Наземные", "Эни(м)": 3, "Узунл": 12 }, "geometry": { "type": "MultiLineString", "coordinates": [ [ [ 69.224468766553898, 41.259493272695927 ], [ 69.224616746482127, 41.259497735298325 ] ] ] } },
{ "type": "Feature", "properties": { "Туман": "Яккасарой", "Кўча": "-", "Тури": "Наземные", "Эни(м)": 3, "Узунл": 9 }, "geometry": { "type": "MultiLineString", "coordinates": [ [ [ 69.225673983583818, 41.260709004974466 ], [ 69.225780168541121, 41.260689198107649 ] ] ] } },
{ "type": "Feature", "properties": { "Туман": "Яккасарой", "Кўча": "-", "Тури": "Наземные", "Эни(м)": 3, "Узунл": 15 }, "geometry": { "type": "MultiLineString", "coordinates": [ [ [ 69.226106168009863, 41.260278173705011 ], [ 69.226224582107562, 41.260381279641834 ] ] ] } },
{ "type": "Feature", "properties": { "Туман": "Яккасарой", "Кўча": "-", "Тури": "Наземные", "Эни(м)": 3, "Узунл": 14 }, "geometry": { "type": "MultiLineString", "coordinates": [ [ [ 69.226281526898376, 41.26114551655121 ], [ 69.226380243742682, 41.261242128126362 ] ] ] } },
{ "type": "Feature", "properties": { "Туман": "Яккасарой", "Кўча": "-", "Тури": "Наземные", "Эни(м)": 3, "Узунл": 8 }, "geometry": { "type": "MultiLineString", "coordinates": [ [ [ 69.226037572972288, 41.261156092040942 ], [ 69.226130396953494, 41.261141656178459 ] ] ] } },
{ "type": "Feature", "properties": { "Туман": "Яккасарой", "Кўча": "Шота Руставели кўча", "Тури": "Наземные", "Эни(м)": 3, "Узунл": 36 }, "geometry": { "type": "MultiLineString", "coordinates": [ [ [ 69.227235724135213, 41.261905610369304 ], [ 69.227573454786921, 41.261700641883088 ] ] ] } },
{ "type": "Feature", "properties": { "Туман": "Яккасарой", "Кўча": "-", "Тури": "Наземные", "Эни(м)": 3, "Узунл": 29 }, "geometry": { "type": "MultiLineString", "coordinates": [ [ [ 69.227359723185955, 41.261348287817519 ], [ 69.227459173348024, 41.261428861727232 ], [ 69.227547778011257, 41.261559344545667 ] ] ] } },
{ "type": "Feature", "properties": { "Туман": "Яккасарой", "Кўча": "-", "Тури": "Наземные", "Эни(м)": 3, "Узунл": 9 }, "geometry": { "type": "MultiLineString", "coordinates": [ [ [ 69.228119099986458, 41.261080718753398 ], [ 69.228180709751385, 41.261143550023633 ] ] ] } },
{ "type": "Feature", "properties": { "Туман": "Яккасарой", "Кўча": "Кичик ҳалқа йўли кўча", "Тури": "Наземные", "Эни(м)": 3, "Узунл": 37 }, "geometry": { "type": "MultiLineString", "coordinates": [ [ [ 69.222341747594584, 41.263082177777143 ], [ 69.222621238544932, 41.263335826636883 ] ] ] } },
{ "type": "Feature", "properties": { "Туман": "Яккасарой", "Кўча": "Кичик ҳалқа йўли кўча", "Тури": "Наземные", "Эни(м)": 3, "Узунл": 27 }, "geometry": { "type": "MultiLineString", "coordinates": [ [ [ 69.222638740859111, 41.26292719000952 ], [ 69.222855007047073, 41.263104941428296 ] ] ] } },
{ "type": "Feature", "properties": { "Туман": "Яккасарой", "Кўча": "Боғибўстон кўча", "Тури": "Наземные", "Эни(м)": 3, "Узунл": 16 }, "geometry": { "type": "MultiLineString", "coordinates": [ [ [ 69.223666215086823, 41.264175950593071 ], [ 69.223820181908195, 41.264086566491684 ] ] ] } },
{ "type": "Feature", "properties": { "Туман": "Яккасарой", "Кўча": "Боғибўстон кўча", "Тури": "Наземные", "Эни(м)": 3, "Узунл": 16 }, "geometry": { "type": "MultiLineString", "coordinates": [ [ [ 69.224835545925544, 41.265234970947354 ], [ 69.224988740787737, 41.265149744100903 ] ] ] } },
{ "type": "Feature", "properties": { "Туман": "Яккасарой", "Кўча": "Боғибўстон кўча", "Тури": "Наземные", "Эни(м)": 3, "Узунл": 18 }, "geometry": { "type": "MultiLineString", "coordinates": [ [ [ 69.227780853045786, 41.267930828196612 ], [ 69.227958412463266, 41.267834265152224 ] ] ] } },
{ "type": "Feature", "properties": { "Туман": "Яккасарой", "Кўча": "Яккасарой кўча", "Тури": "Наземные", "Эни(м)": 3, "Узунл": 16 }, "geometry": { "type": "MultiLineString", "coordinates": [ [ [ 69.227816297758068, 41.267711015479513 ], [ 69.227940246263728, 41.267816484152988 ] ] ] } },
{ "type": "Feature", "properties": { "Туман": "Яккасарой", "Кўча": "Яккасарой кўча", "Тури": "Наземные", "Эни(м)": 3, "Узунл": 16 }, "geometry": { "type": "MultiLineString", "coordinates": [ [ [ 69.227526743926973, 41.267744252506333 ], [ 69.227653072019649, 41.267855061875899 ] ] ] } },
{ "type": "Feature", "properties": { "Туман": "Яккасарой", "Кўча": "Чўпонота кўча", "Тури": "Наземные", "Эни(м)": 3, "Узунл": 16 }, "geometry": { "type": "MultiLineString", "coordinates": [ [ [ 69.226747229445266, 41.272907363353482 ], [ 69.226869611696003, 41.273012836164099 ] ] ] } },
{ "type": "Feature", "properties": { "Туман": "Яккасарой", "Кўча": "Чўпонота кўча", "Тури": "Наземные", "Эни(м)": 3, "Узунл": 20 }, "geometry": { "type": "MultiLineString", "coordinates": [ [ [ 69.228757983177644, 41.271619377233641 ], [ 69.228909602122698, 41.271756266422187 ] ] ] } },
{ "type": "Feature", "properties": { "Туман": "Яккасарой", "Кўча": "175-Номсиз кўча", "Тури": "Наземные", "Эни(м)": 3, "Узунл": 9 }, "geometry": { "type": "MultiLineString", "coordinates": [ [ [ 69.236483072130653, 41.266925034818961 ], [ 69.236561566417038, 41.266864295873248 ] ] ] } },
{ "type": "Feature", "properties": { "Туман": "Яккасарой", "Кўча": "175-Номсиз кўча", "Тури": "Наземные", "Эни(м)": 3, "Узунл": 11 }, "geometry": { "type": "MultiLineString", "coordinates": [ [ [ 69.237357628718271, 41.267373410514473 ], [ 69.237373001453022, 41.267271228213318 ] ] ] } },
{ "type": "Feature", "properties": { "Туман": "Яккасарой", "Кўча": "Шота Руставели кўча", "Тури": "Наземные", "Эни(м)": 3, "Узунл": 36 }, "geometry": { "type": "MultiLineString", "coordinates": [ [ [ 69.237685192483227, 41.271311470723425 ], [ 69.238019789926554, 41.271106478387672 ] ] ] } },
{ "type": "Feature", "properties": { "Туман": "Яккасарой", "Кўча": "Боғибўстон кўча", "Тури": "Наземные", "Эни(м)": 3, "Узунл": 26 }, "geometry": { "type": "MultiLineString", "coordinates": [ [ [ 69.237129070748935, 41.276430832226715 ], [ 69.237361544014604, 41.276278315290121 ] ] ] } },
{ "type": "Feature", "properties": { "Туман": "Яккасарой", "Кўча": "Боғибўстон кўча", "Тури": "Наземные", "Эни(м)": 3, "Узунл": 24 }, "geometry": { "type": "MultiLineString", "coordinates": [ [ [ 69.237024772194701, 41.276325333169467 ], [ 69.237243143818404, 41.276191850235769 ] ] ] } },
{ "type": "Feature", "properties": { "Туман": "Яккасарой", "Кўча": "Комил Яшин кўча", "Тури": "Наземные", "Эни(м)": 3, "Узунл": 10 }, "geometry": { "type": "MultiLineString", "coordinates": [ [ [ 69.237007603247065, 41.27636694137221 ], [ 69.237086563902409, 41.27643210756645 ] ] ] } },
{ "type": "Feature", "properties": { "Туман": "Яккасарой", "Кўча": "Комил Яшин кўча", "Тури": "Наземные", "Эни(м)": 3, "Узунл": 11 }, "geometry": { "type": "MultiLineString", "coordinates": [ [ [ 69.237306054229975, 41.276172715844353 ], [ 69.237396070750108, 41.276247361406469 ] ] ] } },
{ "type": "Feature", "properties": { "Туман": "Яккасарой", "Кўча": "Сергели йўли шоҳкўча", "Тури": "Наземные", "Эни(м)": 3, "Узунл": 30 }, "geometry": { "type": "MultiLineString", "coordinates": [ [ [ 69.237499514500641, 41.265256461932857 ], [ 69.237622299224483, 41.265255020785958 ], [ 69.237847623633442, 41.265312757631371 ] ] ] } },
{ "type": "Feature", "properties": { "Туман": "Яккасарой", "Кўча": "Сергели йўли шоҳкўча", "Тури": "Наземные", "Эни(м)": 3, "Узунл": 8 }, "geometry": { "type": "MultiLineString", "coordinates": [ [ [ 69.237441026890494, 41.264755331710276 ], [ 69.237501066221995, 41.264815785587381 ] ] ] } },
{ "type": "Feature", "properties": { "Туман": "Яккасарой", "Кўча": "Сергели йўли шоҳкўча", "Тури": "Наземные", "Эни(м)": 3, "Узунл": 8 }, "geometry": { "type": "MultiLineString", "coordinates": [ [ [ 69.238147964649059, 41.265003309248577 ], [ 69.238232083550272, 41.264975221963283 ] ] ] } },
{ "type": "Feature", "properties": { "Туман": "Яккасарой", "Кўча": "175-Номсиз кўча", "Тури": "Наземные", "Эни(м)": 3, "Узунл": 13 }, "geometry": { "type": "MultiLineString", "coordinates": [ [ [ 69.245787485362456, 41.268101659695844 ], [ 69.245805940223732, 41.267985216139671 ] ] ] } },
{ "type": "Feature", "properties": { "Туман": "Яккасарой", "Кўча": "Қушбеги кўча", "Тури": "Наземные", "Эни(м)": 3, "Узунл": 26 }, "geometry": { "type": "MultiLineString", "coordinates": [ [ [ 69.245906440305177, 41.267917297069033 ], [ 69.246213523315447, 41.267942772316147 ] ] ] } },
{ "type": "Feature", "properties": { "Туман": "Яккасарой", "Кўча": "Қушбеги кўча", "Тури": "Наземные", "Эни(м)": 3, "Узунл": 22 }, "geometry": { "type": "MultiLineString", "coordinates": [ [ [ 69.245893521778967, 41.268250501861182 ], [ 69.246154900637393, 41.268262415195359 ] ] ] } },
{ "type": "Feature", "properties": { "Туман": "Яккасарой", "Кўча": "-", "Тури": "Наземные", "Эни(м)": 3, "Узунл": 22 }, "geometry": { "type": "MultiLineString", "coordinates": [ [ [ 69.24170555755839, 41.265495364686252 ], [ 69.241963822304058, 41.265519765966104 ] ] ] } },
{ "type": "Feature", "properties": { "Туман": "Яккасарой", "Кўча": "-", "Тури": "Наземные", "Эни(м)": 3, "Узунл": 22 }, "geometry": { "type": "MultiLineString", "coordinates": [ [ [ 69.240934734942229, 41.265431651443002 ], [ 69.241195347379715, 41.265452486140049 ] ] ] } },
{ "type": "Feature", "properties": { "Туман": "Яккасарой", "Кўча": "Кичик ҳалқа йўли кўча", "Тури": "Наземные", "Эни(м)": 3, "Узунл": 26 }, "geometry": { "type": "MultiLineString", "coordinates": [ [ [ 69.252256425322813, 41.268446976532701 ], [ 69.252419392421771, 41.268249444987575 ] ] ] } },
{ "type": "Feature", "properties": { "Туман": "Яккасарой", "Кўча": "Кичик ҳалқа йўли кўча", "Тури": "Наземные", "Эни(м)": 3, "Узунл": 36 }, "geometry": { "type": "MultiLineString", "coordinates": [ [ [ 69.257790555304013, 41.269360012099909 ], [ 69.257696442418279, 41.269047832144224 ] ] ] } },
{ "type": "Feature", "properties": { "Туман": "Яккасарой", "Кўча": "Кичик ҳалқа йўли кўча", "Тури": "Наземные", "Эни(м)": 3, "Узунл": 36 }, "geometry": { "type": "MultiLineString", "coordinates": [ [ [ 69.264673400075367, 41.270500121317582 ], [ 69.264880046481537, 41.270211011448509 ] ] ] } },
{ "type": "Feature", "properties": { "Туман": "Яккасарой", "Кўча": "Абдулла Қаҳҳор кўча", "Тури": "Наземные", "Эни(м)": 3, "Узунл": 11 }, "geometry": { "type": "MultiLineString", "coordinates": [ [ [ 69.264523796925275, 41.270490368870718 ], [ 69.264639702833364, 41.270537614377723 ] ] ] } },
{ "type": "Feature", "properties": { "Туман": "Яккасарой", "Кўча": "Бобур кўча", "Тури": "Наземные", "Эни(м)": 3, "Узунл": 33 }, "geometry": { "type": "MultiLineString", "coordinates": [ [ [ 69.257298855561373, 41.276648242642786 ], [ 69.257672383301625, 41.276742430883431 ] ] ] } },
{ "type": "Feature", "properties": { "Туман": "Яккасарой", "Кўча": "Бобур кўча", "Тури": "Наземные", "Эни(м)": 3, "Узунл": 29 }, "geometry": { "type": "MultiLineString", "coordinates": [ [ [ 69.251712158492751, 41.289258339868979 ], [ 69.25203846985552, 41.289343147025043 ] ] ] } },
{ "type": "Feature", "properties": { "Туман": "Яккасарой", "Кўча": "Бобур кўча", "Тури": "Наземные", "Эни(м)": 3, "Узунл": 33 }, "geometry": { "type": "MultiLineString", "coordinates": [ [ [ 69.250656572180958, 41.291605346123546 ], [ 69.251025442225284, 41.291697190191748 ] ] ] } },
{ "type": "Feature", "properties": { "Туман": "Яккасарой", "Кўча": "Абдулла Авлоний кўча", "Тури": "Наземные", "Эни(м)": 3, "Узунл": 13 }, "geometry": { "type": "MultiLineString", "coordinates": [ [ [ 69.250476259480976, 41.291813602287284 ], [ 69.25052306436065, 41.291698284561697 ] ] ] } },
{ "type": "Feature", "properties": { "Туман": "Яккасарой", "Кўча": "Юсуф Хос Ҳожиб кўча", "Тури": "Наземные", "Эни(м)": 3, "Узунл": 16 }, "geometry": { "type": "MultiLineString", "coordinates": [ [ [ 69.253449110008603, 41.294125666116365 ], [ 69.253574688853377, 41.294018488284443 ] ] ] } },
{ "type": "Feature", "properties": { "Туман": "Яккасарой", "Кўча": "Юсуф Хос Ҳожиб кўча", "Тури": "Наземные", "Эни(м)": 3, "Узунл": 14 }, "geometry": { "type": "MultiLineString", "coordinates": [ [ [ 69.254494728993947, 41.294902550806192 ], [ 69.254610927327519, 41.2948132094741 ] ] ] } },
{ "type": "Feature", "properties": { "Туман": "Яккасарой", "Кўча": "Жийдазор-1 тор кўча", "Тури": "Наземные", "Эни(м)": 3, "Узунл": 6 }, "geometry": { "type": "MultiLineString", "coordinates": [ [ [ 69.254316489842594, 41.294832864986439 ], [ 69.254365451013001, 41.294868390568176 ] ] ] } },
{ "type": "Feature", "properties": { "Туман": "Яккасарой", "Кўча": "-", "Тури": "Наземные", "Эни(м)": 3, "Узунл": 7 }, "geometry": { "type": "MultiLineString", "coordinates": [ [ [ 69.254842866856052, 41.294921973102426 ], [ 69.254906044365555, 41.294968157107689 ] ] ] } },
{ "type": "Feature", "properties": { "Туман": "Яккасарой", "Кўча": "Юсуф Хос Ҳожиб кўча", "Тури": "Наземные", "Эни(м)": 3, "Узунл": 10 }, "geometry": { "type": "MultiLineString", "coordinates": [ [ [ 69.25584669637577, 41.295879333748616 ], [ 69.255933863053386, 41.295816929400971 ] ] ] } },
{ "type": "Feature", "properties": { "Туман": "Яккасарой", "Кўча": "Боғтепа кўча", "Тури": "Наземные", "Эни(м)": 3, "Узунл": 12 }, "geometry": { "type": "MultiLineString", "coordinates": [ [ [ 69.255710203817742, 41.295813269161243 ], [ 69.255811316219379, 41.29589381434829 ] ] ] } },
{ "type": "Feature", "properties": { "Туман": "Яккасарой", "Кўча": "Юсуф Хос Ҳожиб кўча", "Тури": "Наземные", "Эни(м)": 3, "Узунл": 13 }, "geometry": { "type": "MultiLineString", "coordinates": [ [ [ 69.256670499971719, 41.296506584020172 ], [ 69.25678358782676, 41.296427343683149 ] ] ] } },
{ "type": "Feature", "properties": { "Туман": "Яккасарой", "Кўча": "Ракатбоши кўча", "Тури": "Наземные", "Эни(м)": 3, "Узунл": 10 }, "geometry": { "type": "MultiLineString", "coordinates": [ [ [ 69.256511214227302, 41.296452300651332 ], [ 69.256601979588879, 41.296504361193016 ] ] ] } },
{ "type": "Feature", "properties": { "Туман": "Яккасарой", "Кўча": "Юсуф Хос Ҳожиб кўча", "Тури": "Наземные", "Эни(м)": 3, "Узунл": 7 }, "geometry": { "type": "MultiLineString", "coordinates": [ [ [ 69.257354739089109, 41.297084698596372 ], [ 69.257413186171931, 41.297128516198207 ] ] ] } },
{ "type": "Feature", "properties": { "Туман": "Яккасарой", "Кўча": "Бешчинор кўча", "Тури": "Наземные", "Эни(м)": 3, "Узунл": 8 }, "geometry": { "type": "MultiLineString", "coordinates": [ [ [ 69.25753005746914, 41.297010069560322 ], [ 69.257593248235253, 41.297058627624509 ] ] ] } },
{ "type": "Feature", "properties": { "Туман": "Яккасарой", "Кўча": "Конституция кўча", "Тури": "Наземные", "Эни(м)": 3, "Узунл": 6 }, "geometry": { "type": "MultiLineString", "coordinates": [ [ [ 69.258259974861261, 41.297585700916983 ], [ 69.258307369921397, 41.297622416107068 ] ] ] } },
{ "type": "Feature", "properties": { "Туман": "Яккасарой", "Кўча": "Боғсарой кўча", "Тури": "Наземные", "Эни(м)": 3, "Узунл": 7 }, "geometry": { "type": "MultiLineString", "coordinates": [ [ [ 69.258787641144863, 41.298193258893299 ], [ 69.25884766753299, 41.298237666102239 ] ] ] } },
{ "type": "Feature", "properties": { "Туман": "Яккасарой", "Кўча": "Юсуф Хос Ҳожиб кўча", "Тури": "Наземные", "Эни(м)": 3, "Узунл": 8 }, "geometry": { "type": "MultiLineString", "coordinates": [ [ [ 69.258826905982829, 41.298165257525476 ], [ 69.258899939478454, 41.298113424379522 ] ] ] } },
{ "type": "Feature", "properties": { "Туман": "Яккасарой", "Кўча": "Боғсарой кўча", "Тури": "Наземные", "Эни(м)": 3, "Узунл": 7 }, "geometry": { "type": "MultiLineString", "coordinates": [ [ [ 69.25892193083844, 41.298098527528865 ], [ 69.258978804868335, 41.298142347864875 ] ] ] } },
{ "type": "Feature", "properties": { "Туман": "Яккасарой", "Кўча": "Зарбоғ кўча", "Тури": "Наземные", "Эни(м)": 3, "Узунл": 9 }, "geometry": { "type": "MultiLineString", "coordinates": [ [ [ 69.259629709293108, 41.298645692883639 ], [ 69.259702376870479, 41.29870016735503 ] ] ] } },
{ "type": "Feature", "properties": { "Туман": "Яккасарой", "Кўча": "Восит Воҳидов кўча", "Тури": "Наземные", "Эни(м)": 3, "Узунл": 7 }, "geometry": { "type": "MultiLineString", "coordinates": [ [ [ 69.260301048336231, 41.299334283345523 ], [ 69.260241807473761, 41.299289875128459 ] ] ] } },
{ "type": "Feature", "properties": { "Туман": "Яккасарой", "Кўча": "Юсуф Хос Ҳожиб кўча", "Тури": "Наземные", "Эни(м)": 3, "Узунл": 12 }, "geometry": { "type": "MultiLineString", "coordinates": [ [ [ 69.260230701974692, 41.299269707789009 ], [ 69.260332755592842, 41.299188113364735 ] ] ] } },
{ "type": "Feature", "properties": { "Туман": "Яккасарой", "Кўча": "Восит Воҳидов кўча", "Тури": "Наземные", "Эни(м)": 3, "Узунл": 9 }, "geometry": { "type": "MultiLineString", "coordinates": [ [ [ 69.260387737597895, 41.299151761387776 ], [ 69.260462761826574, 41.299204448356527 ] ] ] } },
{ "type": "Feature", "properties": { "Туман": "Яккасарой", "Кўча": "Ракатбоши-3 тор кўча", "Тури": "Наземные", "Эни(м)": 3, "Узунл": 10 }, "geometry": { "type": "MultiLineString", "coordinates": [ [ [ 69.260903784382094, 41.29979972064536 ], [ 69.260989880084253, 41.299863666182524 ] ] ] } },
{ "type": "Feature", "properties": { "Туман": "Яккасарой", "Кўча": "Занжирбоғ кўча", "Тури": "Наземные", "Эни(м)": 3, "Узунл": 8 }, "geometry": { "type": "MultiLineString", "coordinates": [ [ [ 69.2610397629944, 41.299733489987652 ], [ 69.261107698341149, 41.299785598709299 ] ] ] } },
{ "type": "Feature", "properties": { "Туман": "Яккасарой", "Кўча": "Юсуф Хос Ҳожиб кўча", "Тури": "Наземные", "Эни(м)": 3, "Узунл": 13 }, "geometry": { "type": "MultiLineString", "coordinates": [ [ [ 69.261224511613094, 41.300047835445724 ], [ 69.26133759765716, 41.299967996792013 ] ] ] } },
{ "type": "Feature", "properties": { "Туман": "Яккасарой", "Кўча": "Кўҳинур кўча", "Тури": "Наземные", "Эни(м)": 3, "Узунл": 7 }, "geometry": { "type": "MultiLineString", "coordinates": [ [ [ 69.261868044359431, 41.30037271880321 ], [ 69.261928876622108, 41.300420685924479 ] ] ] } },
{ "type": "Feature", "properties": { "Туман": "Яккасарой", "Кўча": "Юсуф Хос Ҳожиб кўча", "Тури": "Наземные", "Эни(м)": 3, "Узунл": 16 }, "geometry": { "type": "MultiLineString", "coordinates": [ [ [ 69.263339350450281, 41.301789662883962 ], [ 69.263471232827868, 41.301683647769792 ] ] ] } },
{ "type": "Feature", "properties": { "Туман": "Яккасарой", "Кўча": "Саройбўстон кўча", "Тури": "Наземные", "Эни(м)": 3, "Узунл": 14 }, "geometry": { "type": "MultiLineString", "coordinates": [ [ [ 69.264595809235615, 41.301671566049862 ], [ 69.264661482819207, 41.301552636042253 ] ] ] } },
{ "type": "Feature", "properties": { "Туман": "Яккасарой", "Кўча": "Саройбўстон кўча", "Тури": "Наземные", "Эни(м)": 3, "Узунл": 11 }, "geometry": { "type": "MultiLineString", "coordinates": [ [ [ 69.265989360999058, 41.302150597323141 ], [ 69.266052780905866, 41.30205899091618 ] ] ] } },
{ "type": "Feature", "properties": { "Туман": "Яккасарой", "Кўча": "Саройбўстон кўча", "Тури": "Наземные", "Эни(м)": 3, "Узунл": 14 }, "geometry": { "type": "MultiLineString", "coordinates": [ [ [ 69.26643656466625, 41.302312290377905 ], [ 69.266521182711614, 41.302204599482103 ] ] ] } },
{ "type": "Feature", "properties": { "Туман": "Яккасарой", "Кўча": "Шароф Рашидов кўча", "Тури": "Наземные", "Эни(м)": 3, "Узунл": 38 }, "geometry": { "type": "MultiLineString", "coordinates": [ [ [ 69.267161395512957, 41.309133273162999 ], [ 69.267592577445484, 41.309024182842862 ] ] ] } },
{ "type": "Feature", "properties": { "Туман": "Яккасарой", "Кўча": "Афросиёб кўча", "Тури": "Наземные", "Эни(м)": 3, "Узунл": 53 }, "geometry": { "type": "MultiLineString", "coordinates": [ [ [ 69.258683814124851, 41.30729255901803 ], [ 69.258444219533374, 41.306853615155077 ] ] ] } },
{ "type": "Feature", "properties": { "Туман": "Яккасарой", "Кўча": "Юнус Ражабий кўча", "Тури": "Наземные", "Эни(м)": 3, "Узунл": 16 }, "geometry": { "type": "MultiLineString", "coordinates": [ [ [ 69.263320945947171, 41.305241422651662 ], [ 69.263451269667712, 41.305137786763915 ] ] ] } },
{ "type": "Feature", "properties": { "Туман": "Яккасарой", "Кўча": "Юнус Ражабий кўча", "Тури": "Наземные", "Эни(м)": 3, "Узунл": 14 }, "geometry": { "type": "MultiLineString", "coordinates": [ [ [ 69.261082180210522, 41.304543944455247 ], [ 69.261143137571679, 41.30442502720453 ] ] ] } },
{ "type": "Feature", "properties": { "Туман": "Яккасарой", "Кўча": "Шаршара кўча", "Тури": "Наземные", "Эни(м)": 3, "Узунл": 18 }, "geometry": { "type": "MultiLineString", "coordinates": [ [ [ 69.249367830265285, 41.300260613677082 ], [ 69.249480704870066, 41.300121397580625 ] ] ] } },
{ "type": "Feature", "properties": { "Туман": "Яккасарой", "Кўча": "Бобур кўча", "Тури": "Наземные", "Эни(м)": 3, "Узунл": 28 }, "geometry": { "type": "MultiLineString", "coordinates": [ [ [ 69.250072409386192, 41.296686209367145 ], [ 69.250403303472183, 41.296724687200786 ] ] ] } },
{ "type": "Feature", "properties": { "Туман": "Яккасарой", "Кўча": "Ўрикзор кўча", "Тури": "Наземные", "Эни(м)": 3, "Узунл": 15 }, "geometry": { "type": "MultiLineString", "coordinates": [ [ [ 69.247746760220764, 41.29330781266308 ], [ 69.247664396412887, 41.293183865594564 ] ] ] } },
{ "type": "Feature", "properties": { "Туман": "Яккасарой", "Кўча": "Ўрикзор кўча", "Тури": "Наземные", "Эни(м)": 3, "Узунл": 19 }, "geometry": { "type": "MultiLineString", "coordinates": [ [ [ 69.245719064373731, 41.293515864977117 ], [ 69.245744983302373, 41.293497992766838 ], [ 69.245801949805099, 41.293360087242462 ] ] ] } },
{ "type": "Feature", "properties": { "Туман": "Яккасарой", "Кўча": "Ўрикзор кўча", "Тури": "Наземные", "Эни(м)": 3, "Узунл": 21 }, "geometry": { "type": "MultiLineString", "coordinates": [ [ [ 69.243709360218801, 41.293060461487364 ], [ 69.243786636072983, 41.29287737783887 ] ] ] } },
{ "type": "Feature", "properties": { "Туман": "Яккасарой", "Кўча": "Имом ат-Термизий кўча", "Тури": "Наземные", "Эни(м)": 3, "Узунл": 16 }, "geometry": { "type": "MultiLineString", "coordinates": [ [ [ 69.242068179609348, 41.289615167968286 ], [ 69.242248654940383, 41.289658142783281 ] ] ] } },
{ "type": "Feature", "properties": { "Туман": "Яккасарой", "Кўча": "Абдулла Авлоний кўча", "Тури": "Наземные", "Эни(м)": 3, "Узунл": 11 }, "geometry": { "type": "MultiLineString", "coordinates": [ [ [ 69.242028708567872, 41.289587931717193 ], [ 69.242072456195601, 41.289494004078051 ] ] ] } },
{ "type": "Feature", "properties": { "Туман": "Яккасарой", "Кўча": "Абдулла Авлоний кўча", "Тури": "Наземные", "Эни(м)": 3, "Узунл": 9 }, "geometry": { "type": "MultiLineString", "coordinates": [ [ [ 69.242292619822351, 41.289623010363243 ], [ 69.242322259808674, 41.289546929217927 ] ] ] } },
{ "type": "Feature", "properties": { "Туман": "Яккасарой", "Кўча": "Имом ат-Термизий кўча", "Тури": "Наземные", "Эни(м)": 3, "Узунл": 13 }, "geometry": { "type": "MultiLineString", "coordinates": [ [ [ 69.242376554696307, 41.288898873738397 ], [ 69.242524716528365, 41.28893419549955 ] ] ] } },
{ "type": "Feature", "properties": { "Туман": "Яккасарой", "Кўча": "Имом ат-Термизий кўча", "Тури": "Наземные", "Эни(м)": 3, "Узунл": 14 }, "geometry": { "type": "MultiLineString", "coordinates": [ [ [ 69.243074921037646, 41.287186384861201 ], [ 69.243238833435399, 41.287223454148652 ] ] ] } },
{ "type": "Feature", "properties": { "Туман": "Яккасарой", "Кўча": "Ракат кўча", "Тури": "Наземные", "Эни(м)": 3, "Узунл": 12 }, "geometry": { "type": "MultiLineString", "coordinates": [ [ [ 69.242957288624211, 41.287102002882584 ], [ 69.243004546694308, 41.287000049834887 ] ] ] } },
{ "type": "Feature", "properties": { "Туман": "Яккасарой", "Кўча": "Ракат кўча", "Тури": "Наземные", "Эни(м)": 3, "Узунл": 10 }, "geometry": { "type": "MultiLineString", "coordinates": [ [ [ 69.243316221973856, 41.287178154453656 ], [ 69.24335843224118, 41.287095216628799 ] ] ] } },
{ "type": "Feature", "properties": { "Туман": "Яккасарой", "Кўча": "Имом ат-Термизий кўча", "Тури": "Наземные", "Эни(м)": 3, "Узунл": 15 }, "geometry": { "type": "MultiLineString", "coordinates": [ [ [ 69.243144618098427, 41.286978076847177 ], [ 69.243319562022251, 41.287017498308821 ] ] ] } },
{ "type": "Feature", "properties": { "Туман": "Яккасарой", "Кўча": "Имом ат-Термизий кўча", "Тури": "Наземные", "Эни(м)": 3, "Узунл": 13 }, "geometry": { "type": "MultiLineString", "coordinates": [ [ [ 69.244237218203565, 41.284369744228435 ], [ 69.244385375202043, 41.284406251433012 ] ] ] } },
{ "type": "Feature", "properties": { "Туман": "Яккасарой", "Кўча": "Шоҳжаҳон кўча", "Тури": "Наземные", "Эни(м)": 3, "Узунл": 15 }, "geometry": { "type": "MultiLineString", "coordinates": [ [ [ 69.244172357584233, 41.284289705707195 ], [ 69.244225418237392, 41.284161311382775 ] ] ] } },
{ "type": "Feature", "properties": { "Туман": "Яккасарой", "Кўча": "Шоҳжаҳон кўча", "Тури": "Наземные", "Эни(м)": 3, "Узунл": 13 }, "geometry": { "type": "MultiLineString", "coordinates": [ [ [ 69.243785401340901, 41.28419015716694 ], [ 69.243829874945462, 41.284081379810509 ] ] ] } },
{ "type": "Feature", "properties": { "Туман": "Яккасарой", "Кўча": "Шоҳжаҳон кўча", "Тури": "Наземные", "Эни(м)": 3, "Узунл": 16 }, "geometry": { "type": "MultiLineString", "coordinates": [ [ [ 69.241902059800154, 41.2837588033251 ], [ 69.241954304248509, 41.283621503290512 ] ] ] } },
{ "type": "Feature", "properties": { "Туман": "Яккасарой", "Кўча": "Шоҳжаҳон кўча", "Тури": "Наземные", "Эни(м)": 3, "Узунл": 21 }, "geometry": { "type": "MultiLineString", "coordinates": [ [ [ 69.238262215901543, 41.28289752231948 ], [ 69.238457060758748, 41.282784278420003 ] ] ] } },
{ "type": "Feature", "properties": { "Туман": "Яккасарой", "Кўча": "Боғибўстон кўча", "Тури": "Наземные", "Эни(м)": 3, "Узунл": 7 }, "geometry": { "type": "MultiLineString", "coordinates": [ [ [ 69.2413910273564, 41.280326555484599 ], [ 69.241458572313675, 41.280282465422673 ] ] ] } },
{ "type": "Feature", "properties": { "Туман": "Яккасарой", "Кўча": "Боғибўстон кўча", "Тури": "Наземные", "Эни(м)": 3, "Узунл": 8 }, "geometry": { "type": "MultiLineString", "coordinates": [ [ [ 69.241526117179987, 41.280238375321041 ], [ 69.24159837692487, 41.280191899694984 ] ] ] } },
{ "type": "Feature", "properties": { "Туман": "Яккасарой", "Кўча": "Шота Руставели кўча", "Тури": "Наземные", "Эни(м)": 3, "Узунл": 36 }, "geometry": { "type": "MultiLineString", "coordinates": [ [ [ 69.26342079589854, 41.293161064157914 ], [ 69.263624373841026, 41.292873152442368 ] ] ] } },
{ "type": "Feature", "properties": { "Туман": "Яккасарой", "Кўча": "Шота Руставели кўча", "Тури": "Наземные", "Эни(м)": 3, "Узунл": 36 }, "geometry": { "type": "MultiLineString", "coordinates": [ [ [ 69.261609263001688, 41.292273163186294 ], [ 69.261842839724665, 41.292003003282602 ] ] ] } },
{ "type": "Feature", "properties": { "Туман": "Яккасарой", "Кўча": "Шота Руставели кўча", "Тури": "Наземные", "Эни(м)": 3, "Узунл": 38 }, "geometry": { "type": "MultiLineString", "coordinates": [ [ [ 69.264672085573551, 41.293753277901182 ], [ 69.264915036960517, 41.293466461196175 ] ] ] } },
{ "type": "Feature", "properties": { "Туман": "Яккасарой", "Кўча": "Боғсарой кўча", "Тури": "Наземные", "Эни(м)": 3, "Узунл": 13 }, "geometry": { "type": "MultiLineString", "coordinates": [ [ [ 69.264653450811281, 41.293818649301606 ], [ 69.264790721811579, 41.293881286611843 ] ] ] } },
{ "type": "Feature", "properties": { "Туман": "Яккасарой", "Кўча": "Шота Руставели кўча", "Тури": "Наземные", "Эни(м)": 3, "Узунл": 38 }, "geometry": { "type": "MultiLineString", "coordinates": [ [ [ 69.266662155444749, 41.294760683927336 ], [ 69.266968253455858, 41.294511725988556 ] ] ] } },
{ "type": "Feature", "properties": { "Туман": "Яккасарой", "Кўча": "Шота Руставели кўча", "Тури": "Наземные", "Эни(м)": 3, "Узунл": 50 }, "geometry": { "type": "MultiLineString", "coordinates": [ [ [ 69.254970743521639, 41.286910919158487 ], [ 69.255434216117337, 41.286634323633251 ] ] ] } },
{ "type": "Feature", "properties": { "Туман": "Яккасарой", "Кўча": "-", "Тури": "Наземные", "Эни(м)": 3, "Узунл": 13 }, "geometry": { "type": "MultiLineString", "coordinates": [ [ [ 69.255010264550407, 41.286950028806665 ], [ 69.255105091155016, 41.287037715432511 ] ] ] } },
{ "type": "Feature", "properties": { "Туман": "Яккасарой", "Кўча": "Абдулла Қаҳҳор кўча", "Тури": "Наземные", "Эни(м)": 3, "Узунл": 26 }, "geometry": { "type": "MultiLineString", "coordinates": [ [ [ 69.255657027300856, 41.286832190562514 ], [ 69.255465766309939, 41.286648507147731 ] ] ] } },
{ "type": "Feature", "properties": { "Туман": "Яккасарой", "Кўча": "Шота Руставели кўча", "Тури": "Наземные", "Эни(м)": 3, "Узунл": 48 }, "geometry": { "type": "MultiLineString", "coordinates": [ [ [ 69.252349258117007, 41.284581492771416 ], [ 69.252784353763275, 41.284297843239997 ] ] ] } },
{ "type": "Feature", "properties": { "Туман": "Яккасарой", "Кўча": "Шота Руставели кўча", "Тури": "Наземные", "Эни(м)": 3, "Узунл": 36 }, "geometry": { "type": "MultiLineString", "coordinates": [ [ [ 69.250845404243407, 41.283136858270417 ], [ 69.25118238477414, 41.282932416793294 ] ] ] } },
{ "type": "Feature", "properties": { "Туман": "Яккасарой", "Кўча": "Шота Руставели кўча", "Тури": "Наземные", "Эни(м)": 3, "Узунл": 32 }, "geometry": { "type": "MultiLineString", "coordinates": [ [ [ 69.248969802526219, 41.281431693432523 ], [ 69.249271457889321, 41.281255247055775 ] ] ] } },
{ "type": "Feature", "properties": { "Туман": "Яккасарой", "Кўча": "Муқимий кўча", "Тури": "Наземные", "Эни(м)": 3, "Узунл": 32 }, "geometry": { "type": "MultiLineString", "coordinates": [ [ [ 69.240689008479961, 41.281251535879605 ], [ 69.240442568358858, 41.281033496585877 ] ] ] } },
{ "type": "Feature", "properties": { "Туман": "Яккасарой", "Кўча": "Саъди Сирожиддинов кўча", "Тури": "Наземные", "Эни(м)": 3, "Узунл": 19 }, "geometry": { "type": "MultiLineString", "coordinates": [ [ [ 69.236779303918894, 41.281922432924581 ], [ 69.236963151925863, 41.281816340920066 ] ] ] } },
{ "type": "Feature", "properties": { "Туман": "Яккасарой", "Кўча": "Бобур кўча", "Тури": "Наземные", "Эни(м)": 3, "Узунл": 37 }, "geometry": { "type": "MultiLineString", "coordinates": [ [ [ 69.259256251199389, 41.27214477694622 ], [ 69.259680188061139, 41.272251910997511 ] ] ] } },
{ "type": "Feature", "properties": { "Туман": "Яккасарой", "Кўча": "Глинка кўча", "Тури": "Наземные", "Эни(м)": 3, "Узунл": 24 }, "geometry": { "type": "MultiLineString", "coordinates": [ [ [ 69.260025408937693, 41.287434714106439 ], [ 69.260221305419705, 41.287592247979894 ] ] ] } },
{ "type": "Feature", "properties": { "Туман": "Яккасарой", "Кўча": "Маҳмуд Торобий кўча", "Тури": "Наземные", "Эни(м)": 3, "Узунл": 7 }, "geometry": { "type": "MultiLineString", "coordinates": [ [ [ 69.260334775133089, 41.287217836534481 ], [ 69.260402323809942, 41.287176110992711 ] ] ] } },
{ "type": "Feature", "properties": { "Туман": "Яккасарой", "Кўча": "Глинка кўча", "Тури": "Наземные", "Эни(м)": 3, "Узунл": 27 }, "geometry": { "type": "MultiLineString", "coordinates": [ [ [ 69.259269863841737, 41.287918662255294 ], [ 69.259498895899654, 41.28809275181915 ] ] ] } },
{ "type": "Feature", "properties": { "Туман": "Яккасарой", "Кўча": "Кичик Бешёғоч кўча", "Тури": "Наземные", "Эни(м)": 3, "Узунл": 12 }, "geometry": { "type": "MultiLineString", "coordinates": [ [ [ 69.259205251700479, 41.288304840545514 ], [ 69.259312077375455, 41.288239271344402 ] ] ] } },
{ "type": "Feature", "properties": { "Туман": "Яккасарой", "Кўча": "Глинка кўча", "Тури": "Наземные", "Эни(м)": 3, "Узунл": 22 }, "geometry": { "type": "MultiLineString", "coordinates": [ [ [ 69.257924069037614, 41.288880234392792 ], [ 69.258102614077529, 41.289030683948219 ] ] ] } },
{ "type": "Feature", "properties": { "Туман": "Яккасарой", "Кўча": "Братислава кўча", "Тури": "Наземные", "Эни(м)": 3, "Узунл": 16 }, "geometry": { "type": "MultiLineString", "coordinates": [ [ [ 69.257445303173583, 41.289273871649833 ], [ 69.257594499547551, 41.289369749135659 ] ] ] } },
{ "type": "Feature", "properties": { "Туман": "Яккасарой", "Кўча": "Братислава кўча", "Тури": "Наземные", "Эни(м)": 3, "Узунл": 26 }, "geometry": { "type": "MultiLineString", "coordinates": [ [ [ 69.255634406903411, 41.290517962894036 ], [ 69.255861817225409, 41.290680185289659 ] ] ] } },
{ "type": "Feature", "properties": { "Туман": "Яккасарой", "Кўча": "Братислава кўча", "Тури": "Наземные", "Эни(м)": 3, "Узунл": 21 }, "geometry": { "type": "MultiLineString", "coordinates": [ [ [ 69.254238400709156, 41.291554434001213 ], [ 69.254415323634618, 41.291693014863448 ] ] ] } },
{ "type": "Feature", "properties": { "Туман": "Яккасарой", "Кўча": "Шоҳжаҳон кўча", "Тури": "Наземные", "Эни(м)": 3, "Узунл": 11 }, "geometry": { "type": "MultiLineString", "coordinates": [ [ [ 69.250587254224712, 41.286042764690684 ], [ 69.250626253987377, 41.285946468499539 ] ] ] } },
{ "type": "Feature", "properties": { "Туман": "Яккасарой", "Кўча": "Аския кўча", "Тури": "Наземные", "Эни(м)": 3, "Узунл": 12 }, "geometry": { "type": "MultiLineString", "coordinates": [ [ [ 69.250693223929474, 41.286163688937613 ], [ 69.250835062374804, 41.286193074822343 ] ] ] } },
{ "type": "Feature", "properties": { "Туман": "Яккасарой", "Кўча": "Шоҳжаҳон кўча", "Тури": "Наземные", "Эни(м)": 3, "Узунл": 10 }, "geometry": { "type": "MultiLineString", "coordinates": [ [ [ 69.251682681530724, 41.286300501881513 ], [ 69.251726454207414, 41.286217260618791 ] ] ] } },
{ "type": "Feature", "properties": { "Туман": "Яккасарой", "Кўча": "Бобур кўча", "Тури": "Наземные", "Эни(м)": 3, "Узунл": 30 }, "geometry": { "type": "MultiLineString", "coordinates": [ [ [ 69.24964537242451, 41.297972029608438 ], [ 69.249995290740102, 41.298041349917071 ] ] ] } },
{ "type": "Feature", "properties": { "Туман": "Яккасарой", "Кўча": "Боғибўстон кўча", "Тури": "Наземные", "Эни(м)": 3, "Узунл": 22 }, "geometry": { "type": "MultiLineString", "coordinates": [ [ [ 69.23846119529928, 41.277647650009484 ], [ 69.238660676389173, 41.277514797440809 ] ] ] } },
{ "type": "Feature", "properties": { "Туман": "Яккасарой", "Кўча": "Восит Воҳидов кўча", "Тури": "Наземные", "Эни(м)": 3, "Узунл": 7 }, "geometry": { "type": "MultiLineString", "coordinates": [ [ [ 69.258086717245462, 41.300880130664773 ], [ 69.258165578591971, 41.300907273014559 ] ] ] } },
{ "type": "Feature", "properties": { "Туман": "Яккасарой", "Кўча": "Ракатбоши кўча", "Тури": "Наземные", "Эни(м)": 3, "Узунл": 6 }, "geometry": { "type": "MultiLineString", "coordinates": [ [ [ 69.258129609509325, 41.300972682157408 ], [ 69.258165641828214, 41.300923308045498 ] ] ] } },
{ "type": "Feature", "properties": { "Туман": "Шайхонтоҳур", "Кўча": "Жарариқ кўча", "Тури": "Наземные", "Эни(м)": 3, "Узунл": 28 }, "geometry": { "type": "MultiLineString", "coordinates": [ [ [ 69.175165346019455, 41.339535297893924 ], [ 69.175481635523511, 41.339463372436725 ] ] ] } },
{ "type": "Feature", "properties": { "Туман": "Шайхонтоҳур", "Кўча": "Зангиота кўча", "Тури": "Наземные", "Эни(м)": 3, "Узунл": 19 }, "geometry": { "type": "MultiLineString", "coordinates": [ [ [ 69.178399594025365, 41.335981210772189 ], [ 69.178413317754746, 41.33581354994719 ] ] ] } },
{ "type": "Feature", "properties": { "Туман": "Шайхонтоҳур", "Кўча": "Зангиота кўча", "Тури": "Наземные", "Эни(м)": 3, "Узунл": 17 }, "geometry": { "type": "MultiLineString", "coordinates": [ [ [ 69.178608584307, 41.335982574296878 ], [ 69.178705253583345, 41.33585078781821 ] ] ] } },
{ "type": "Feature", "properties": { "Туман": "Шайхонтоҳур", "Кўча": "Жарариқ кўча", "Тури": "Наземные", "Эни(м)": 3, "Узунл": 13 }, "geometry": { "type": "MultiLineString", "coordinates": [ [ [ 69.178560336826138, 41.335807133921122 ], [ 69.178720079615047, 41.335813636574358 ] ] ] } },
{ "type": "Feature", "properties": { "Туман": "Шайхонтоҳур", "Кўча": "Жарариқ кўча", "Тури": "Наземные", "Эни(м)": 3, "Узунл": 11 }, "geometry": { "type": "MultiLineString", "coordinates": [ [ [ 69.178433242417, 41.33600366056573 ], [ 69.178566103785059, 41.336005704712186 ] ] ] } },
{ "type": "Feature", "properties": { "Туман": "Шайхонтоҳур", "Кўча": "Ипакчи кўча", "Тури": "Наземные", "Эни(м)": 3, "Узунл": 10 }, "geometry": { "type": "MultiLineString", "coordinates": [ [ [ 69.184698881547021, 41.329845677414752 ], [ 69.184700875794178, 41.329759041606117 ] ] ] } },
{ "type": "Feature", "properties": { "Туман": "Шайхонтоҳур", "Кўча": "Ипакчи кўча", "Тури": "Наземные", "Эни(м)": 3, "Узунл": 11 }, "geometry": { "type": "MultiLineString", "coordinates": [ [ [ 69.189426446192741, 41.329480212709676 ], [ 69.189399295815264, 41.3293823737895 ] ] ] } },
{ "type": "Feature", "properties": { "Туман": "Шайхонтоҳур", "Кўча": "-", "Тури": "Наземные", "Эни(м)": 3, "Узунл": 8 }, "geometry": { "type": "MultiLineString", "coordinates": [ [ [ 69.189326845928989, 41.329362241204116 ], [ 69.189229134159802, 41.329380966017766 ] ] ] } },
{ "type": "Feature", "properties": { "Туман": "Шайхонтоҳур", "Кўча": "Ипакчи кўча", "Тури": "Наземные", "Эни(м)": 3, "Узунл": 16 }, "geometry": { "type": "MultiLineString", "coordinates": [ [ [ 69.190689441304244, 41.329308237287876 ], [ 69.190641284491107, 41.329173305195312 ] ] ] } },
{ "type": "Feature", "properties": { "Туман": "Шайхонтоҳур", "Кўча": "Кичик ҳалқа йўли кўча", "Тури": "Наземные", "Эни(м)": 3, "Узунл": 17 }, "geometry": { "type": "MultiLineString", "coordinates": [ [ [ 69.196322760786629, 41.328882480045401 ], [ 69.196521883100672, 41.328836011184265 ] ] ] } },
{ "type": "Feature", "properties": { "Туман": "Шайхонтоҳур", "Кўча": "Кичик ҳалқа йўли кўча", "Тури": "Наземные", "Эни(м)": 3, "Узунл": 11 }, "geometry": { "type": "MultiLineString", "coordinates": [ [ [ 69.196676259601148, 41.328800306885064 ], [ 69.196785785491755, 41.328740489440854 ] ] ] } },
{ "type": "Feature", "properties": { "Туман": "Шайхонтоҳур", "Кўча": "Қўрғонча кўча", "Тури": "Наземные", "Эни(м)": 3, "Узунл": 12 }, "geometry": { "type": "MultiLineString", "coordinates": [ [ [ 69.196740779393238, 41.328664622200534 ], [ 69.196656196228247, 41.328580946875149 ] ] ] } },
{ "type": "Feature", "properties": { "Туман": "Шайхонтоҳур", "Кўча": "Кичик ҳалқа йўли кўча", "Тури": "Наземные", "Эни(м)": 3, "Узунл": 13 }, "geometry": { "type": "MultiLineString", "coordinates": [ [ [ 69.196397830475391, 41.328531883661995 ], [ 69.196543273655465, 41.328503789200276 ] ] ] } },
{ "type": "Feature", "properties": { "Туман": "Шайхонтоҳур", "Кўча": "Кичик ҳалқа йўли кўча", "Тури": "Наземные", "Эни(м)": 3, "Узунл": 19 }, "geometry": { "type": "MultiLineString", "coordinates": [ [ [ 69.196061152166351, 41.328623309386316 ], [ 69.196281956027505, 41.328590023917172 ] ] ] } },
{ "type": "Feature", "properties": { "Туман": "Шайхонтоҳур", "Кўча": "Ипакчи кўча", "Тури": "Наземные", "Эни(м)": 3, "Узунл": 11 }, "geometry": { "type": "MultiLineString", "coordinates": [ [ [ 69.196122059884942, 41.328775937801034 ], [ 69.196046799288226, 41.328689995946043 ] ] ] } },
{ "type": "Feature", "properties": { "Туман": "Шайхонтоҳур", "Кўча": "-", "Тури": "Наземные", "Эни(м)": 3, "Узунл": 13 }, "geometry": { "type": "MultiLineString", "coordinates": [ [ [ 69.195785204320444, 41.328434762473314 ], [ 69.195694261537938, 41.328345190484548 ] ] ] } },
{ "type": "Feature", "properties": { "Туман": "Шайхонтоҳур", "Кўча": "Кичик ҳалқа йўли кўча", "Тури": "Наземные", "Эни(м)": 3, "Узунл": 16 }, "geometry": { "type": "MultiLineString", "coordinates": [ [ [ 69.19401532429184, 41.326659258879481 ], [ 69.194166548297758, 41.32656843337989 ] ] ] } },
{ "type": "Feature", "properties": { "Туман": "Шайхонтоҳур", "Кўча": "Кичик ҳалқа йўли кўча", "Тури": "Наземные", "Эни(м)": 3, "Узунл": 20 }, "geometry": { "type": "MultiLineString", "coordinates": [ [ [ 69.19429841737194, 41.326493954295152 ], [ 69.194398989722814, 41.326435279312037 ], [ 69.194387551606141, 41.326353166373536 ] ] ] } },
{ "type": "Feature", "properties": { "Туман": "Шайхонтоҳур", "Кўча": "Кичик ҳалқа йўли кўча", "Тури": "Наземные", "Эни(м)": 3, "Узунл": 18 }, "geometry": { "type": "MultiLineString", "coordinates": [ [ [ 69.198022777932067, 41.330590280437576 ], [ 69.198193375486198, 41.330488165389497 ] ] ] } },
{ "type": "Feature", "properties": { "Туман": "Шайхонтоҳур", "Кўча": "Кичик ҳалқа йўли кўча", "Тури": "Наземные", "Эни(м)": 3, "Узунл": 11 }, "geometry": { "type": "MultiLineString", "coordinates": [ [ [ 69.19830958038726, 41.330415396377617 ], [ 69.198412375304983, 41.330350526054929 ] ] ] } },
{ "type": "Feature", "properties": { "Туман": "Шайхонтоҳур", "Кўча": "Кичик ҳалқа йўли кўча", "Тури": "Наземные", "Эни(м)": 3, "Узунл": 15 }, "geometry": { "type": "MultiLineString", "coordinates": [ [ [ 69.197872208607166, 41.33040546067069 ], [ 69.198023478464648, 41.330328693814899 ] ] ] } },
{ "type": "Feature", "properties": { "Туман": "Шайхонтоҳур", "Кўча": "Беғубор кўча", "Тури": "Наземные", "Эни(м)": 3, "Узунл": 10 }, "geometry": { "type": "MultiLineString", "coordinates": [ [ [ 69.197987621078383, 41.33056390110157 ], [ 69.197918743900729, 41.330492575800491 ] ] ] } },
{ "type": "Feature", "properties": { "Туман": "Шайхонтоҳур", "Кўча": "Кичик ҳалқа йўли кўча", "Тури": "Наземные", "Эни(м)": 3, "Узунл": 10 }, "geometry": { "type": "MultiLineString", "coordinates": [ [ [ 69.198148296532565, 41.33026603603254 ], [ 69.198241040910489, 41.330209340128043 ] ] ] } },
{ "type": "Feature", "properties": { "Туман": "Шайхонтоҳур", "Кўча": "Шоаҳмад Шомаҳмудов кўча", "Тури": "Наземные", "Эни(м)": 3, "Узунл": 7 }, "geometry": { "type": "MultiLineString", "coordinates": [ [ [ 69.198465361896936, 41.330226955132026 ], [ 69.198410347614171, 41.330174170343973 ] ] ] } },
{ "type": "Feature", "properties": { "Туман": "Шайхонтоҳур", "Кўча": "Кичик ҳалқа йўли кўча", "Тури": "Наземные", "Эни(м)": 3, "Узунл": 11 }, "geometry": { "type": "MultiLineString", "coordinates": [ [ [ 69.201581430171402, 41.333924800771207 ], [ 69.201682750246349, 41.333864993089605 ] ] ] } },
{ "type": "Feature", "properties": { "Туман": "Шайхонтоҳур", "Кўча": "Кичик ҳалқа йўли кўча", "Тури": "Наземные", "Эни(м)": 3, "Узунл": 19 }, "geometry": { "type": "MultiLineString", "coordinates": [ [ [ 69.20184609024831, 41.333828703627304 ], [ 69.201918411677326, 41.333804387171497 ], [ 69.202022673209285, 41.33373051030577 ] ] ] } },
{ "type": "Feature", "properties": { "Туман": "Шайхонтоҳур", "Кўча": "Тинчлик-4 тор кўча", "Тури": "Наземные", "Эни(м)": 3, "Узунл": 8 }, "geometry": { "type": "MultiLineString", "coordinates": [ [ [ 69.202092894503465, 41.333751201341897 ], [ 69.202151278572018, 41.333805666062197 ] ] ] } },
{ "type": "Feature", "properties": { "Туман": "Шайхонтоҳур", "Кўча": "Форобий кўча", "Тури": "Наземные", "Эни(м)": 3, "Узунл": 16 }, "geometry": { "type": "MultiLineString", "coordinates": [ [ [ 69.194318772187685, 41.348788002126675 ], [ 69.194272083082254, 41.348651944448726 ] ] ] } },
{ "type": "Feature", "properties": { "Туман": "Шайхонтоҳур", "Кўча": "Пахтачи кўча", "Тури": "Наземные", "Эни(м)": 3, "Узунл": 9 }, "geometry": { "type": "MultiLineString", "coordinates": [ [ [ 69.194154900944909, 41.348659455308528 ], [ 69.194256345937049, 41.348631719300982 ] ] ] } },
{ "type": "Feature", "properties": { "Туман": "Бектемир", "Кўча": "Форобий кўча", "Тури": "Наземные", "Эни(м)": 3, "Узунл": 18 }, "geometry": { "type": "MultiLineString", "coordinates": [ [ [ 69.192485202066663, 41.349260810459995 ], [ 69.192407125867788, 41.349112428479806 ] ] ] } },
{ "type": "Feature", "properties": { "Туман": "Шайхонтоҳур", "Кўча": "Форобий кўча", "Тури": "Наземные", "Эни(м)": 3, "Узунл": 17 }, "geometry": { "type": "MultiLineString", "coordinates": [ [ [ 69.188851995994796, 41.350093211709584 ], [ 69.188795578215888, 41.349945354303372 ] ] ] } },
{ "type": "Feature", "properties": { "Туман": "Шайхонтоҳур", "Кўча": "Форобий кўча", "Тури": "Наземные", "Эни(м)": 3, "Узунл": 23 }, "geometry": { "type": "MultiLineString", "coordinates": [ [ [ 69.187050160381332, 41.350203600793208 ], [ 69.18708390372241, 41.349994840858805 ] ] ] } },
{ "type": "Feature", "properties": { "Туман": "Шайхонтоҳур", "Кўча": "Форобий кўча", "Тури": "Наземные", "Эни(м)": 3, "Узунл": 19 }, "geometry": { "type": "MultiLineString", "coordinates": [ [ [ 69.17618674124914, 41.348920696539572 ], [ 69.17624825530045, 41.348754650819991 ] ] ] } },
{ "type": "Feature", "properties": { "Туман": "Шайхонтоҳур", "Кўча": "Форобий кўча", "Тури": "Наземные", "Эни(м)": 3, "Узунл": 15 }, "geometry": { "type": "MultiLineString", "coordinates": [ [ [ 69.174550898269047, 41.34856653396637 ], [ 69.174578151393177, 41.348428668464635 ] ] ] } },
{ "type": "Feature", "properties": { "Туман": "Шайхонтоҳур", "Кўча": "Катта ҳалқа йўли кўча", "Тури": "Наземные", "Эни(м)": 3, "Узунл": 38 }, "geometry": { "type": "MultiLineString", "coordinates": [ [ [ 69.165168085457211, 41.348075213955184 ], [ 69.16561884142213, 41.348019436517774 ] ] ] } },
{ "type": "Feature", "properties": { "Туман": "Шайхонтоҳур", "Кўча": "-", "Тури": "Наземные", "Эни(м)": 3, "Узунл": 9 }, "geometry": { "type": "MultiLineString", "coordinates": [ [ [ 69.165854960126197, 41.348105728840679 ], [ 69.165963928655557, 41.348096570994777 ] ] ] } },
{ "type": "Feature", "properties": { "Туман": "Шайхонтоҳур", "Кўча": "Қўрғонча кўча", "Тури": "Наземные", "Эни(м)": 3, "Узунл": 11 }, "geometry": { "type": "MultiLineString", "coordinates": [ [ [ 69.199810475417834, 41.326890397249819 ], [ 69.199729632304155, 41.326810092963214 ] ] ] } },
{ "type": "Feature", "properties": { "Туман": "Шайхонтоҳур", "Кўча": "Қўрғонча кўча", "Тури": "Наземные", "Эни(м)": 3, "Узунл": 10 }, "geometry": { "type": "MultiLineString", "coordinates": [ [ [ 69.200854896064754, 41.326284963681168 ], [ 69.200784513946402, 41.326209142269775 ] ] ] } },
{ "type": "Feature", "properties": { "Туман": "Шайхонтоҳур", "Кўча": "Қўрғонча кўча", "Тури": "Наземные", "Эни(м)": 3, "Узунл": 9 }, "geometry": { "type": "MultiLineString", "coordinates": [ [ [ 69.201214724594692, 41.326083504974633 ], [ 69.201145881513568, 41.326022869933254 ] ] ] } },
{ "type": "Feature", "properties": { "Туман": "Шайхонтоҳур", "Кўча": "Оқсой кўча", "Тури": "Наземные", "Эни(м)": 3, "Узунл": 10 }, "geometry": { "type": "MultiLineString", "coordinates": [ [ [ 69.206259032812483, 41.324991105522912 ], [ 69.206375442605932, 41.324989209213854 ] ] ] } },
{ "type": "Feature", "properties": { "Туман": "Шайхонтоҳур", "Кўча": "Қўрғонча кўча", "Тури": "Наземные", "Эни(м)": 3, "Узунл": 9 }, "geometry": { "type": "MultiLineString", "coordinates": [ [ [ 69.206431260500651, 41.324941292389127 ], [ 69.206429522995592, 41.324863663634048 ] ] ] } },
{ "type": "Feature", "properties": { "Туман": "Шайхонтоҳур", "Кўча": "Қўрғонча кўча", "Тури": "Наземные", "Эни(м)": 3, "Узунл": 9 }, "geometry": { "type": "MultiLineString", "coordinates": [ [ [ 69.206218627082492, 41.324956862384084 ], [ 69.206216131164879, 41.324875297136053 ] ] ] } },
{ "type": "Feature", "properties": { "Туман": "Шайхонтоҳур", "Кўча": "Оқсой кўча", "Тури": "Наземные", "Эни(м)": 3, "Узунл": 10 }, "geometry": { "type": "MultiLineString", "coordinates": [ [ [ 69.206251105552553, 41.324843731682769 ], [ 69.20637348507644, 41.324841824678579 ] ] ] } },
{ "type": "Feature", "properties": { "Туман": "Шайхонтоҳур", "Кўча": "Оқсой кўча", "Тури": "Наземные", "Эни(м)": 3, "Узунл": 13 }, "geometry": { "type": "MultiLineString", "coordinates": [ [ [ 69.206153458653631, 41.322511574675964 ], [ 69.206313139617663, 41.322507913273903 ] ] ] } },
{ "type": "Feature", "properties": { "Туман": "Шайхонтоҳур", "Кўча": "Оқсой кўча", "Тури": "Наземные", "Эни(м)": 3, "Узунл": 9 }, "geometry": { "type": "MultiLineString", "coordinates": [ [ [ 69.206128232322087, 41.322084081817678 ], [ 69.206233443683189, 41.322082205707588 ] ] ] } },
{ "type": "Feature", "properties": { "Туман": "Шайхонтоҳур", "Кўча": "-", "Тури": "Наземные", "Эни(м)": 3, "Узунл": 9 }, "geometry": { "type": "MultiLineString", "coordinates": [ [ [ 69.222174835718562, 41.330388399267257 ], [ 69.222263497663704, 41.330344349255171 ] ] ] } },
{ "type": "Feature", "properties": { "Туман": "Шайхонтоҳур", "Кўча": "Гулобод тор кўча", "Тури": "Наземные", "Эни(м)": 3, "Узунл": 6 }, "geometry": { "type": "MultiLineString", "coordinates": [ [ [ 69.222355873827425, 41.330295229056581 ], [ 69.222410993664724, 41.330263619805805 ] ] ] } },
{ "type": "Feature", "properties": { "Туман": "Шайхонтоҳур", "Кўча": "Кўкча Дарвоза кўча", "Тури": "Наземные", "Эни(м)": 3, "Узунл": 33 }, "geometry": { "type": "MultiLineString", "coordinates": [ [ [ 69.215987205164197, 41.322276960464222 ], [ 69.215992192321607, 41.321979362146493 ] ] ] } },
{ "type": "Feature", "properties": { "Туман": "Шайхонтоҳур", "Кўча": "Гулобод кўча", "Тури": "Наземные", "Эни(м)": 3, "Узунл": 24 }, "geometry": { "type": "MultiLineString", "coordinates": [ [ [ 69.216336526966117, 41.322303869399896 ], [ 69.216618592390219, 41.322301651267061 ] ] ] } },
{ "type": "Feature", "properties": { "Туман": "Шайхонтоҳур", "Кўча": "Гулобод-1 тор кўча", "Тури": "Наземные", "Эни(м)": 3, "Узунл": 14 }, "geometry": { "type": "MultiLineString", "coordinates": [ [ [ 69.220019964754613, 41.322326140102163 ], [ 69.220181831940863, 41.322307266432404 ] ] ] } },
{ "type": "Feature", "properties": { "Туман": "Шайхонтоҳур", "Кўча": "Кўкча Дарвоза кўча", "Тури": "Наземные", "Эни(м)": 3, "Узунл": 34 }, "geometry": { "type": "MultiLineString", "coordinates": [ [ [ 69.220819677708235, 41.32225513376266 ], [ 69.220805960908748, 41.321949695428231 ] ] ] } },
{ "type": "Feature", "properties": { "Туман": "Шайхонтоҳур", "Кўча": "Тор тор кўча", "Тури": "Наземные", "Эни(м)": 3, "Узунл": 11 }, "geometry": { "type": "MultiLineString", "coordinates": [ [ [ 69.221111685056101, 41.322324329393226 ], [ 69.22123709561258, 41.322337589614428 ] ] ] } },
{ "type": "Feature", "properties": { "Туман": "Шайхонтоҳур", "Кўча": "Кўкча Дарвоза кўча", "Тури": "Наземные", "Эни(м)": 3, "Узунл": 30 }, "geometry": { "type": "MultiLineString", "coordinates": [ [ [ 69.221276967129285, 41.322212064327061 ], [ 69.221202928448747, 41.321943307736738 ] ] ] } },
{ "type": "Feature", "properties": { "Туман": "Шайхонтоҳур", "Кўча": "Кўкча Дарвоза кўча", "Тури": "Наземные", "Эни(м)": 3, "Узунл": 32 }, "geometry": { "type": "MultiLineString", "coordinates": [ [ [ 69.228296074183262, 41.318828681560277 ], [ 69.228063958470827, 41.318599621175011 ] ] ] } },
{ "type": "Feature", "properties": { "Туман": "Шайхонтоҳур", "Кўча": "Кўкча Дарвоза кўча", "Тури": "Наземные", "Эни(м)": 3, "Узунл": 8 }, "geometry": { "type": "MultiLineString", "coordinates": [ [ [ 69.230537974468064, 41.317660859167326 ], [ 69.230561617850597, 41.317594430865839 ] ] ] } },
{ "type": "Feature", "properties": { "Туман": "Шайхонтоҳур", "Кўча": "Қоратош кўча", "Тури": "Наземные", "Эни(м)": 3, "Узунл": 6 }, "geometry": { "type": "MultiLineString", "coordinates": [ [ [ 69.230961986311442, 41.317290976104189 ], [ 69.23103214537538, 41.317296460812592 ] ] ] } },
{ "type": "Feature", "properties": { "Туман": "Шайхонтоҳур", "Кўча": "Қоратош кўча", "Тури": "Наземные", "Эни(м)": 3, "Узунл": 7 }, "geometry": { "type": "MultiLineString", "coordinates": [ [ [ 69.230649015845529, 41.316986701320047 ], [ 69.230651774397757, 41.316922565041004 ] ] ] } },
{ "type": "Feature", "properties": { "Туман": "Шайхонтоҳур", "Кўча": "Кўкча Дарвоза кўча", "Тури": "Наземные", "Эни(м)": 3, "Узунл": 7 }, "geometry": { "type": "MultiLineString", "coordinates": [ [ [ 69.230121661785404, 41.317251030419271 ], [ 69.230208232329232, 41.317255357718103 ] ] ] } },
{ "type": "Feature", "properties": { "Туман": "Шайхонтоҳур", "Кўча": "Самарқанд Дарвоза кўча", "Тури": "Наземные", "Эни(м)": 3, "Узунл": 21 }, "geometry": { "type": "MultiLineString", "coordinates": [ [ [ 69.226005471692019, 41.313481658436274 ], [ 69.226195329378214, 41.313364837491569 ] ] ] } },
{ "type": "Feature", "properties": { "Туман": "Шайхонтоҳур", "Кўча": "Самарқанд Дарвоза кўча", "Тури": "Наземные", "Эни(м)": 3, "Узунл": 18 }, "geometry": { "type": "MultiLineString", "coordinates": [ [ [ 69.224110604633694, 41.312476146972607 ], [ 69.224250437089637, 41.312348738132485 ] ] ] } },
{ "type": "Feature", "properties": { "Туман": "Шайхонтоҳур", "Кўча": "Самарқанд Дарвоза кўча", "Тури": "Наземные", "Эни(м)": 3, "Узунл": 19 }, "geometry": { "type": "MultiLineString", "coordinates": [ [ [ 69.214959698939268, 41.304801834977219 ], [ 69.215128649840395, 41.304681133288987 ] ] ] } },
{ "type": "Feature", "properties": { "Туман": "Шайхонтоҳур", "Кўча": "Самарқанд Дарвоза кўча", "Тури": "Наземные", "Эни(м)": 3, "Узунл": 22 }, "geometry": { "type": "MultiLineString", "coordinates": [ [ [ 69.214193110116398, 41.304217085010166 ], [ 69.214383632638871, 41.304077217501643 ] ] ] } },
{ "type": "Feature", "properties": { "Туман": "Шайхонтоҳур", "Кўча": "Самарқанд Дарвоза кўча", "Тури": "Наземные", "Эни(м)": 3, "Узунл": 18 }, "geometry": { "type": "MultiLineString", "coordinates": [ [ [ 69.213204272846966, 41.30341840945988 ], [ 69.213357597710811, 41.303310115423564 ] ] ] } },
{ "type": "Feature", "properties": { "Туман": "Шайхонтоҳур", "Кўча": "Гулханий кўча", "Тури": "Наземные", "Эни(м)": 3, "Узунл": 8 }, "geometry": { "type": "MultiLineString", "coordinates": [ [ [ 69.209859470560716, 41.301185598916021 ], [ 69.209871912341356, 41.301110756803951 ] ] ] } },
{ "type": "Feature", "properties": { "Туман": "Шайхонтоҳур", "Кўча": "Мажлисий кўча", "Тури": "Наземные", "Эни(м)": 3, "Узунл": 8 }, "geometry": { "type": "MultiLineString", "coordinates": [ [ [ 69.206679517674814, 41.307620194123167 ], [ 69.206700185068499, 41.307549838077911 ] ] ] } },
{ "type": "Feature", "properties": { "Туман": "Шайхонтоҳур", "Кўча": "Шофайзи кўча", "Тури": "Наземные", "Эни(м)": 3, "Узунл": 14 }, "geometry": { "type": "MultiLineString", "coordinates": [ [ [ 69.196591757601183, 41.308753966478733 ], [ 69.196747076318857, 41.308799267778703 ] ] ] } },
{ "type": "Feature", "properties": { "Туман": "Шайхонтоҳур", "Кўча": "Қизилғунча-4 тор кўча", "Тури": "Наземные", "Эни(м)": 3, "Узунл": 14 }, "geometry": { "type": "MultiLineString", "coordinates": [ [ [ 69.196773905960598, 41.308789658544562 ], [ 69.196822028081073, 41.308665814961252 ] ] ] } },
{ "type": "Feature", "properties": { "Туман": "Шайхонтоҳур", "Кўча": "Чуқуркўприк кўча", "Тури": "Наземные", "Эни(м)": 3, "Узунл": 12 }, "geometry": { "type": "MultiLineString", "coordinates": [ [ [ 69.196772571293963, 41.30859389293105 ], [ 69.196635908019331, 41.308549684900349 ] ] ] } },
{ "type": "Feature", "properties": { "Туман": "Шайхонтоҳур", "Кўча": "Қизилғунча-4 тор кўча", "Тури": "Наземные", "Эни(м)": 3, "Узунл": 7 }, "geometry": { "type": "MultiLineString", "coordinates": [ [ [ 69.196592817135866, 41.308609951504607 ], [ 69.196611291297131, 41.308550852051454 ] ] ] } },
{ "type": "Feature", "properties": { "Туман": "Шайхонтоҳур", "Кўча": "Кичик ҳалқа йўли кўча", "Тури": "Наземные", "Эни(м)": 3, "Узунл": 14 }, "geometry": { "type": "MultiLineString", "coordinates": [ [ [ 69.193677916813527, 41.30835386893505 ], [ 69.193849517645205, 41.308355830290239 ] ] ] } },
{ "type": "Feature", "properties": { "Туман": "Шайхонтоҳур", "Кўча": "Улуғбек-7 тор кўча", "Тури": "Наземные", "Эни(м)": 3, "Узунл": 10 }, "geometry": { "type": "MultiLineString", "coordinates": [ [ [ 69.19385768266541, 41.308341752753208 ], [ 69.19386264681242, 41.308254548914611 ] ] ] } },
{ "type": "Feature", "properties": { "Туман": "Шайхонтоҳур", "Кўча": "Кичик ҳалқа йўли кўча", "Тури": "Наземные", "Эни(м)": 3, "Узунл": 13 }, "geometry": { "type": "MultiLineString", "coordinates": [ [ [ 69.193695089735556, 41.30810631738818 ], [ 69.193854756310401, 41.308109423919781 ] ] ] } },
{ "type": "Feature", "properties": { "Туман": "Шайхонтоҳур", "Кўча": "Гулханий кўча", "Тури": "Наземные", "Эни(м)": 3, "Узунл": 11 }, "geometry": { "type": "MultiLineString", "coordinates": [ [ [ 69.215278803835204, 41.30134041943343 ], [ 69.215288164874806, 41.301238017451503 ] ] ] } },
{ "type": "Feature", "properties": { "Туман": "Шайхонтоҳур", "Кўча": "Чархновза кўча", "Тури": "Наземные", "Эни(м)": 3, "Узунл": 14 }, "geometry": { "type": "MultiLineString", "coordinates": [ [ [ 69.221807032049654, 41.30225398630423 ], [ 69.221954921326727, 41.302307706235716 ] ] ] } },
{ "type": "Feature", "properties": { "Туман": "Шайхонтоҳур", "Кўча": "Камолон кўча", "Тури": "Наземные", "Эни(м)": 3, "Узунл": 12 }, "geometry": { "type": "MultiLineString", "coordinates": [ [ [ 69.235470943128064, 41.306265405623535 ], [ 69.235432520955996, 41.306161412189155 ] ] ] } },
{ "type": "Feature", "properties": { "Туман": "Шайхонтоҳур", "Кўча": "Камолон кўча", "Тури": "Наземные", "Эни(м)": 3, "Узунл": 12 }, "geometry": { "type": "MultiLineString", "coordinates": [ [ [ 69.230798307844054, 41.306214676008132 ], [ 69.230800901197867, 41.306103848161463 ] ] ] } },
{ "type": "Feature", "properties": { "Туман": "Шайхонтоҳур", "Кўча": "Камолон кўча", "Тури": "Наземные", "Эни(м)": 3, "Узунл": 13 }, "geometry": { "type": "MultiLineString", "coordinates": [ [ [ 69.230395440787419, 41.306213232838864 ], [ 69.230389816566671, 41.306099046138982 ] ] ] } },
{ "type": "Feature", "properties": { "Туман": "Шайхонтоҳур", "Кўча": "Янгиобод кўча", "Тури": "Наземные", "Эни(м)": 3, "Узунл": 11 }, "geometry": { "type": "MultiLineString", "coordinates": [ [ [ 69.226009481076417, 41.308377624751287 ], [ 69.225928623033781, 41.308295650986977 ] ] ] } },
{ "type": "Feature", "properties": { "Туман": "Шайхонтоҳур", "Кўча": "Самарқанд Дарвоза кўча", "Тури": "Наземные", "Эни(м)": 3, "Узунл": 33 }, "geometry": { "type": "MultiLineString", "coordinates": [ [ [ 69.233156894454879, 41.319715080676502 ], [ 69.233462141448001, 41.319520944704884 ] ] ] } },
{ "type": "Feature", "properties": { "Туман": "Шайхонтоҳур", "Кўча": "Самарқанд Дарвоза кўча", "Тури": "Наземные", "Эни(м)": 3, "Узунл": 33 }, "geometry": { "type": "MultiLineString", "coordinates": [ [ [ 69.233733269021712, 41.320220206859403 ], [ 69.234023568644204, 41.3200193491652 ] ] ] } },
{ "type": "Feature", "properties": { "Туман": "Шайхонтоҳур", "Кўча": "Тотувлик кўча", "Тури": "Наземные", "Эни(м)": 3, "Узунл": 6 }, "geometry": { "type": "MultiLineString", "coordinates": [ [ [ 69.233370627027952, 41.319386680785989 ], [ 69.233417039053407, 41.31942821539328 ] ] ] } },
{ "type": "Feature", "properties": { "Туман": "Шайхонтоҳур", "Кўча": "-", "Тури": "Наземные", "Эни(м)": 3, "Узунл": 6 }, "geometry": { "type": "MultiLineString", "coordinates": [ [ [ 69.233785325481904, 41.319752903251604 ], [ 69.233827627953204, 41.319792758386555 ] ] ] } },
{ "type": "Feature", "properties": { "Туман": "Шайхонтоҳур", "Кўча": "Навоий кўча", "Тури": "Подземные", "Эни(м)": 4, "Узунл": 48 }, "geometry": { "type": "MultiLineString", "coordinates": [ [ [ 69.237334720931415, 41.32256232739185 ], [ 69.237289881042727, 41.322132631724131 ] ] ] } },
{ "type": "Feature", "properties": { "Туман": "Шайхонтоҳур", "Кўча": "Навоий кўча", "Тури": "Наземные", "Эни(м)": 3, "Узунл": 13 }, "geometry": { "type": "MultiLineString", "coordinates": [ [ [ 69.23938178428277, 41.322402824555056 ], [ 69.239366431727007, 41.322285846108088 ] ] ] } },
{ "type": "Feature", "properties": { "Туман": "Шайхонтоҳур", "Кўча": "Навоий кўча", "Тури": "Наземные", "Эни(м)": 3, "Узунл": 12 }, "geometry": { "type": "MultiLineString", "coordinates": [ [ [ 69.239354253464342, 41.32222061564601 ], [ 69.239341906449212, 41.322109256441095 ] ] ] } },
{ "type": "Feature", "properties": { "Туман": "Шайхонтоҳур", "Кўча": "Навоий кўча", "Тури": "Наземные", "Эни(м)": 3, "Узунл": 12 }, "geometry": { "type": "MultiLineString", "coordinates": [ [ [ 69.246251192573311, 41.321915791390438 ], [ 69.246244824755564, 41.321810045634486 ] ] ] } },
{ "type": "Feature", "properties": { "Туман": "Шайхонтоҳур", "Кўча": "Навоий кўча", "Тури": "Наземные", "Эни(м)": 3, "Узунл": 14 }, "geometry": { "type": "MultiLineString", "coordinates": [ [ [ 69.246247563961688, 41.321744783986439 ], [ 69.246262005351525, 41.321616491711985 ] ] ] } },
{ "type": "Feature", "properties": { "Туман": "Шайхонтоҳур", "Кўча": "Навоий кўча", "Тури": "Наземные", "Эни(м)": 3, "Узунл": 16 }, "geometry": { "type": "MultiLineString", "coordinates": [ [ [ 69.248610155313429, 41.32176220734528 ], [ 69.248614076713693, 41.321615935903615 ] ] ] } },
{ "type": "Feature", "properties": { "Туман": "Шайхонтоҳур", "Кўча": "Навоий кўча", "Тури": "Наземные", "Эни(м)": 3, "Узунл": 16 }, "geometry": { "type": "MultiLineString", "coordinates": [ [ [ 69.248612430361931, 41.321575435866691 ], [ 69.248613379743844, 41.321432546138993 ] ] ] } },
{ "type": "Feature", "properties": { "Туман": "Шайхонтоҳур", "Кўча": "Ботир Зокиров кўча", "Тури": "Подземные", "Эни(м)": 4, "Узунл": 47 }, "geometry": { "type": "MultiLineString", "coordinates": [ [ [ 69.254084509782871, 41.319866836060037 ], [ 69.254639539218871, 41.319830731442167 ] ] ] } },
{ "type": "Feature", "properties": { "Туман": "Шайхонтоҳур", "Кўча": "Ботир Зокиров кўча", "Тури": "Наземные", "Эни(м)": 3, "Узунл": 31 }, "geometry": { "type": "MultiLineString", "coordinates": [ [ [ 69.254055550697302, 41.31817418666224 ], [ 69.254418686334162, 41.318109253874105 ] ] ] } },
{ "type": "Feature", "properties": { "Туман": "Шайхонтоҳур", "Кўча": "Заргар кўча", "Тури": "Наземные", "Эни(м)": 3, "Узунл": 14 }, "geometry": { "type": "MultiLineString", "coordinates": [ [ [ 69.253959839976773, 41.318122643250376 ], [ 69.253942734943749, 41.317993153800536 ] ] ] } },
{ "type": "Feature", "properties": { "Туман": "Шайхонтоҳур", "Кўча": "Ботир Зокиров кўча", "Тури": "Наземные", "Эни(м)": 3, "Узунл": 46 }, "geometry": { "type": "MultiLineString", "coordinates": [ [ [ 69.253236205186923, 41.312957774042502 ], [ 69.253777733442675, 41.31291832797227 ] ] ] } },
{ "type": "Feature", "properties": { "Туман": "Шайхонтоҳур", "Кўча": "Навоий кўча", "Тури": "Наземные", "Эни(м)": 3, "Узунл": 15 }, "geometry": { "type": "MultiLineString", "coordinates": [ [ [ 69.256902889349064, 41.32119607383914 ], [ 69.25688742624132, 41.321058846174687 ] ] ] } },
{ "type": "Feature", "properties": { "Туман": "Шайхонтоҳур", "Кўча": "Навоий кўча", "Тури": "Наземные", "Эни(м)": 3, "Узунл": 15 }, "geometry": { "type": "MultiLineString", "coordinates": [ [ [ 69.256879765399887, 41.321008233779828 ], [ 69.256864328893172, 41.320877756647477 ] ] ] } },
{ "type": "Feature", "properties": { "Туман": "Шайхонтоҳур", "Кўча": "Навоий кўча", "Тури": "Наземные", "Эни(м)": 3, "Узунл": 37 }, "geometry": { "type": "MultiLineString", "coordinates": [ [ [ 69.26075669271502, 41.320914008744339 ], [ 69.260721044670063, 41.320582185045474 ] ] ] } },
{ "type": "Feature", "properties": { "Туман": "Шайхонтоҳур", "Кўча": "Навоий кўча", "Тури": "Наземные", "Эни(м)": 3, "Узунл": 34 }, "geometry": { "type": "MultiLineString", "coordinates": [ [ [ 69.261244542143828, 41.3208712738504 ], [ 69.26120899946612, 41.320566452459417 ] ] ] } },
{ "type": "Feature", "properties": { "Туман": "Шайхонтоҳур", "Кўча": "Пахтакор кўча", "Тури": "Наземные", "Эни(м)": 3, "Узунл": 16 }, "geometry": { "type": "MultiLineString", "coordinates": [ [ [ 69.260828326658441, 41.320539188198964 ], [ 69.261023776419222, 41.320525243944381 ] ] ] } },
{ "type": "Feature", "properties": { "Туман": "Шайхонтоҳур", "Кўча": "Навоий кўча", "Тури": "Наземные", "Эни(м)": 3, "Узунл": 28 }, "geometry": { "type": "MultiLineString", "coordinates": [ [ [ 69.267060486760073, 41.320049402051417 ], [ 69.266987860616126, 41.319806548949558 ] ] ] } },
{ "type": "Feature", "properties": { "Туман": "Шайхонтоҳур", "Кўча": "Зулфияхоним кўча", "Тури": "Наземные", "Эни(м)": 3, "Узунл": 23 }, "geometry": { "type": "MultiLineString", "coordinates": [ [ [ 69.268219504726702, 41.330919240165088 ], [ 69.268341124791107, 41.330729940261463 ] ] ] } },
{ "type": "Feature", "properties": { "Туман": "Шайхонтоҳур", "Кўча": "Туркқўрғон кўча", "Тури": "Наземные", "Эни(м)": 3, "Узунл": 20 }, "geometry": { "type": "MultiLineString", "coordinates": [ [ [ 69.267423555795986, 41.338128463967557 ], [ 69.267296038054511, 41.337974621980017 ] ] ] } },
{ "type": "Feature", "properties": { "Туман": "Шайхонтоҳур", "Кўча": "Лабзак кўча", "Тури": "Наземные", "Эни(м)": 3, "Узунл": 25 }, "geometry": { "type": "MultiLineString", "coordinates": [ [ [ 69.267282198166527, 41.337875645638128 ], [ 69.26753097369334, 41.337747931755402 ] ] ] } },
{ "type": "Feature", "properties": { "Туман": "Шайхонтоҳур", "Кўча": "Туркқўрғон кўча", "Тури": "Наземные", "Эни(м)": 3, "Узунл": 6 }, "geometry": { "type": "MultiLineString", "coordinates": [ [ [ 69.267611542694539, 41.337737618583816 ], [ 69.267652032150224, 41.33778252829093 ] ] ] } },
{ "type": "Feature", "properties": { "Туман": "Шайхонтоҳур", "Кўча": "Кичик ҳалқа йўли кўча", "Тури": "Наземные", "Эни(м)": 3, "Узунл": 23 }, "geometry": { "type": "MultiLineString", "coordinates": [ [ [ 69.269872237976728, 41.340413444102843 ], [ 69.269696901887698, 41.340250716189885 ] ] ] } },
{ "type": "Feature", "properties": { "Туман": "Шайхонтоҳур", "Кўча": "Кичик ҳалқа йўли кўча", "Тури": "Наземные", "Эни(м)": 3, "Узунл": 24 }, "geometry": { "type": "MultiLineString", "coordinates": [ [ [ 69.270360807523602, 41.340150150133795 ], [ 69.270169063675041, 41.339990836761935 ] ] ] } },
{ "type": "Feature", "properties": { "Туман": "Шайхонтоҳур", "Кўча": "Лабзак кўча", "Тури": "Наземные", "Эни(м)": 3, "Узунл": 17 }, "geometry": { "type": "MultiLineString", "coordinates": [ [ [ 69.269796286241046, 41.340096345122731 ], [ 69.269976613152949, 41.340021665941677 ] ] ] } },
{ "type": "Feature", "properties": { "Туман": "Шайхонтоҳур", "Кўча": "Кичик ҳалқа йўли кўча", "Тури": "Наземные", "Эни(м)": 3, "Узунл": 28 }, "geometry": { "type": "MultiLineString", "coordinates": [ [ [ 69.266976599293869, 41.342000956848949 ], [ 69.266760834397502, 41.34180794069691 ] ] ] } },
{ "type": "Feature", "properties": { "Туман": "Шайхонтоҳур", "Кўча": "Туркқўрғон кўча", "Тури": "Наземные", "Эни(м)": 3, "Узунл": 21 }, "geometry": { "type": "MultiLineString", "coordinates": [ [ [ 69.263807220400324, 41.343491140877191 ], [ 69.264021832449657, 41.34339951603814 ] ] ] } },
{ "type": "Feature", "properties": { "Туман": "Шайхонтоҳур", "Кўча": "Кичик ҳалқа йўли кўча", "Тури": "Наземные", "Эни(м)": 3, "Узунл": 21 }, "geometry": { "type": "MultiLineString", "coordinates": [ [ [ 69.264241918684576, 41.343554274111355 ], [ 69.264096496410716, 41.34340384511772 ] ] ] } },
{ "type": "Feature", "properties": { "Туман": "Шайхонтоҳур", "Кўча": "Тахтапул Дарвоза кўча", "Тури": "Наземные", "Эни(м)": 3, "Узунл": 23 }, "geometry": { "type": "MultiLineString", "coordinates": [ [ [ 69.260650216768866, 41.341007372089642 ], [ 69.260870666371616, 41.340883112088619 ] ] ] } },
{ "type": "Feature", "properties": { "Туман": "Шайхонтоҳур", "Кўча": "Зулфияхоним кўча", "Тури": "Наземные", "Эни(м)": 3, "Узунл": 11 }, "geometry": { "type": "MultiLineString", "coordinates": [ [ [ 69.260691295880008, 41.329968952919003 ], [ 69.260696880604698, 41.329872181838951 ] ] ] } },
{ "type": "Feature", "properties": { "Туман": "Шайхонтоҳур", "Кўча": "Зулфияхоним кўча", "Тури": "Наземные", "Эни(м)": 3, "Узунл": 13 }, "geometry": { "type": "MultiLineString", "coordinates": [ [ [ 69.260702711994512, 41.32983729059147 ], [ 69.260715665520891, 41.329716875758159 ] ] ] } },
{ "type": "Feature", "properties": { "Туман": "Шайхонтоҳур", "Кўча": "Зулфияхоним кўча", "Тури": "Наземные", "Эни(м)": 3, "Узунл": 11 }, "geometry": { "type": "MultiLineString", "coordinates": [ [ [ 69.25864230443436, 41.329876254477142 ], [ 69.258641164336638, 41.329776685859187 ] ] ] } },
{ "type": "Feature", "properties": { "Туман": "Шайхонтоҳур", "Кўча": "Зулфияхоним кўча", "Тури": "Наземные", "Эни(м)": 3, "Узунл": 11 }, "geometry": { "type": "MultiLineString", "coordinates": [ [ [ 69.258639549367189, 41.329745749290694 ], [ 69.258645858938877, 41.329642788635951 ] ] ] } },
{ "type": "Feature", "properties": { "Туман": "Шайхонтоҳур", "Кўча": "Абай кўча", "Тури": "Наземные", "Эни(м)": 3, "Узунл": 30 }, "geometry": { "type": "MultiLineString", "coordinates": [ [ [ 69.255288246975283, 41.327928884239455 ], [ 69.25564411779402, 41.327901092023417 ] ] ] } },
{ "type": "Feature", "properties": { "Туман": "Шайхонтоҳур", "Кўча": "Абдулла Қодирий кўча", "Тури": "Наземные", "Эни(м)": 3, "Узунл": 34 }, "geometry": { "type": "MultiLineString", "coordinates": [ [ [ 69.254623736165115, 41.325356130238291 ], [ 69.254845613195045, 41.325608786468223 ] ] ] } },
{ "type": "Feature", "properties": { "Туман": "Шайхонтоҳур", "Кўча": "Абай кўча", "Тури": "Наземные", "Эни(м)": 3, "Узунл": 27 }, "geometry": { "type": "MultiLineString", "coordinates": [ [ [ 69.254973675243207, 41.325533121227842 ], [ 69.255291412734834, 41.32548966317998 ] ] ] } },
{ "type": "Feature", "properties": { "Туман": "Шайхонтоҳур", "Кўча": "Абдулла Қодирий кўча", "Тури": "Наземные", "Эни(м)": 3, "Узунл": 14 }, "geometry": { "type": "MultiLineString", "coordinates": [ [ [ 69.254634799124247, 41.324747427174543 ], [ 69.254617908722935, 41.3246259538329 ] ] ] } },
{ "type": "Feature", "properties": { "Туман": "Шайхонтоҳур", "Кўча": "Абай кўча", "Тури": "Наземные", "Эни(м)": 3, "Узунл": 36 }, "geometry": { "type": "MultiLineString", "coordinates": [ [ [ 69.254782518731645, 41.324354440683997 ], [ 69.255180568074749, 41.324239923887411 ] ] ] } },
{ "type": "Feature", "properties": { "Туман": "Шайхонтоҳур", "Кўча": "Абдулла Қодирий кўча", "Тури": "Наземные", "Эни(м)": 3, "Узунл": 14 }, "geometry": { "type": "MultiLineString", "coordinates": [ [ [ 69.25538908136312, 41.324510610332709 ], [ 69.25535129486822, 41.32438918345666 ] ] ] } },
{ "type": "Feature", "properties": { "Туман": "Шайхонтоҳур", "Кўча": "Абдулла Қодирий кўча", "Тури": "Наземные", "Эни(м)": 3, "Узунл": 14 }, "geometry": { "type": "MultiLineString", "coordinates": [ [ [ 69.255491908056413, 41.32523494594566 ], [ 69.255455600262309, 41.325110140540183 ] ] ] } },
{ "type": "Feature", "properties": { "Туман": "Шайхонтоҳур", "Кўча": "-", "Тури": "Наземные", "Эни(м)": 3, "Узунл": 14 }, "geometry": { "type": "MultiLineString", "coordinates": [ [ [ 69.253873069363692, 41.326143107429225 ], [ 69.254013126187502, 41.32608091799284 ] ] ] } },
{ "type": "Feature", "properties": { "Туман": "Шайхонтоҳур", "Кўча": "Абдулла Қодирий кўча", "Тури": "Наземные", "Эни(м)": 3, "Узунл": 17 }, "geometry": { "type": "MultiLineString", "coordinates": [ [ [ 69.251124055701681, 41.326593551959107 ], [ 69.251011636408663, 41.326468911207655 ] ] ] } },
{ "type": "Feature", "properties": { "Туман": "Шайхонтоҳур", "Кўча": "Абдулла Қодирий кўча", "Тури": "Наземные", "Эни(м)": 3, "Узунл": 16 }, "geometry": { "type": "MultiLineString", "coordinates": [ [ [ 69.251636577713612, 41.327131917465522 ], [ 69.251517466033206, 41.327014042444084 ] ] ] } },
{ "type": "Feature", "properties": { "Туман": "Шайхонтоҳур", "Кўча": "Себзор кўча", "Тури": "Подземные", "Эни(м)": 4, "Узунл": 123 }, "geometry": { "type": "MultiLineString", "coordinates": [ [ [ 69.245985647016482, 41.327500789171928 ], [ 69.247454320725595, 41.327497641070082 ] ] ] } },
{ "type": "Feature", "properties": { "Туман": "Шайхонтоҳур", "Кўча": "Лабзак кўча", "Тури": "Наземные", "Эни(м)": 3, "Узунл": 28 }, "geometry": { "type": "MultiLineString", "coordinates": [ [ [ 69.263800372602333, 41.327734737248448 ], [ 69.264127460889341, 41.32778799185462 ] ] ] } },
{ "type": "Feature", "properties": { "Туман": "Шайхонтоҳур", "Кўча": "-", "Тури": "Наземные", "Эни(м)": 3, "Узунл": 15 }, "geometry": { "type": "MultiLineString", "coordinates": [ [ [ 69.264834664569818, 41.323665129899545 ], [ 69.264828134433401, 41.323526757719534 ] ] ] } },
{ "type": "Feature", "properties": { "Туман": "Шайхонтоҳур", "Кўча": "-", "Тури": "Наземные", "Эни(м)": 3, "Узунл": 19 }, "geometry": { "type": "MultiLineString", "coordinates": [ [ [ 69.265356771703296, 41.323600921872789 ], [ 69.265366538860462, 41.323433259569534 ] ] ] } },
{ "type": "Feature", "properties": { "Туман": "Шайхонтоҳур", "Кўча": "-", "Тури": "Наземные", "Эни(м)": 3, "Узунл": 9 }, "geometry": { "type": "MultiLineString", "coordinates": [ [ [ 69.264297749044118, 41.323389027042083 ], [ 69.26440740837883, 41.323379774398546 ] ] ] } },
{ "type": "Feature", "properties": { "Туман": "Шайхонтоҳур", "Кўча": "Абдулла Қодирий кўча", "Тури": "Наземные", "Эни(м)": 3, "Узунл": 17 }, "geometry": { "type": "MultiLineString", "coordinates": [ [ [ 69.259797484471946, 41.324776393870955 ], [ 69.259776002008053, 41.324628491829472 ] ] ] } },
{ "type": "Feature", "properties": { "Туман": "Шайхонтоҳур", "Кўча": "Абдулла Қодирий кўча", "Тури": "Наземные", "Эни(м)": 3, "Узунл": 11 }, "geometry": { "type": "MultiLineString", "coordinates": [ [ [ 69.259705806657564, 41.324052599473028 ], [ 69.25968749495803, 41.323951381859558 ] ] ] } },
{ "type": "Feature", "properties": { "Туман": "Шайхонтоҳур", "Кўча": "Абдулла Қодирий кўча", "Тури": "Наземные", "Эни(м)": 3, "Узунл": 13 }, "geometry": { "type": "MultiLineString", "coordinates": [ [ [ 69.257322067957759, 41.324941156011633 ], [ 69.257311910860935, 41.324825293515048 ] ] ] } },
{ "type": "Feature", "properties": { "Туман": "Шайхонтоҳур", "Кўча": "Абдулла Қодирий кўча", "Тури": "Наземные", "Эни(м)": 3, "Узунл": 12 }, "geometry": { "type": "MultiLineString", "coordinates": [ [ [ 69.257260428367971, 41.324258358632122 ], [ 69.257248077025309, 41.324153752012251 ] ] ] } },
{ "type": "Feature", "properties": { "Туман": "Шайхонтоҳур", "Кўча": "Нурафшон шоҳкўча", "Тури": "Наземные", "Эни(м)": 3, "Узунл": 14 }, "geometry": { "type": "MultiLineString", "coordinates": [ [ [ 69.20895639121477, 41.312965664286779 ], [ 69.20909641967242, 41.312890028181648 ] ] ] } },
{ "type": "Feature", "properties": { "Туман": "Шайхонтоҳур", "Кўча": "Нурафшон шоҳкўча", "Тури": "Наземные", "Эни(м)": 3, "Узунл": 17 }, "geometry": { "type": "MultiLineString", "coordinates": [ [ [ 69.209132182736909, 41.312874211785484 ], [ 69.20929305873662, 41.312785036338958 ] ] ] } },
{ "type": "Feature", "properties": { "Туман": "Шайхонтоҳур", "Кўча": "-", "Тури": "Наземные", "Эни(м)": 3, "Узунл": 7 }, "geometry": { "type": "MultiLineString", "coordinates": [ [ [ 69.209549899098505, 41.313073157698589 ], [ 69.20950720666049, 41.313022043274692 ] ] ] } },
{ "type": "Feature", "properties": { "Туман": "Шайхонтоҳур", "Кўча": "Беҳбудий кўча", "Тури": "Наземные", "Эни(м)": 3, "Узунл": 7 }, "geometry": { "type": "MultiLineString", "coordinates": [ [ [ 69.209792605657228, 41.314304702021779 ], [ 69.209776734961281, 41.314241725254618 ] ] ] } },
{ "type": "Feature", "properties": { "Туман": "Шайхонтоҳур", "Кўча": "Нурафшон шоҳкўча", "Тури": "Наземные", "Эни(м)": 3, "Узунл": 29 }, "geometry": { "type": "MultiLineString", "coordinates": [ [ [ 69.209895230139381, 41.316756673406921 ], [ 69.210238483890251, 41.316762797586378 ] ] ] } },
{ "type": "Feature", "properties": { "Туман": "Шайхонтоҳур", "Кўча": "Оқлон-3 кўча", "Тури": "Наземные", "Эни(м)": 3, "Узунл": 12 }, "geometry": { "type": "MultiLineString", "coordinates": [ [ [ 69.21030702543078, 41.316730044444434 ], [ 69.210308177795795, 41.316624282830176 ] ] ] } },
{ "type": "Feature", "properties": { "Туман": "Шайхонтоҳур", "Кўча": "Зарқайнар кўча", "Тури": "Наземные", "Эни(м)": 3, "Узунл": 25 }, "geometry": { "type": "MultiLineString", "coordinates": [ [ [ 69.241251147093081, 41.325456379354108 ], [ 69.241520164225463, 41.325554823910664 ] ] ] } },
{ "type": "Feature", "properties": { "Туман": "Шайхонтоҳур", "Кўча": "Себзор кўча", "Тури": "Наземные", "Эни(м)": 3, "Узунл": 12 }, "geometry": { "type": "MultiLineString", "coordinates": [ [ [ 69.243836258364965, 41.324673488484855 ], [ 69.243977914858888, 41.324638310232935 ] ] ] } },
{ "type": "Feature", "properties": { "Туман": "Шайхонтоҳур", "Кўча": "Себзор кўча", "Тури": "Наземные", "Эни(м)": 3, "Узунл": 11 }, "geometry": { "type": "MultiLineString", "coordinates": [ [ [ 69.244319236901589, 41.324514950423669 ], [ 69.244434011225337, 41.324475328270026 ] ] ] } },
{ "type": "Feature", "properties": { "Туман": "Шайхонтоҳур", "Кўча": "-", "Тури": "Наземные", "Эни(м)": 3, "Узунл": 15 }, "geometry": { "type": "MultiLineString", "coordinates": [ [ [ 69.244392399782456, 41.32592116902795 ], [ 69.244385942064056, 41.325790671253536 ] ] ] } },
{ "type": "Feature", "properties": { "Туман": "Шайхонтоҳур", "Кўча": "Зарқайнар кўча", "Тури": "Наземные", "Эни(м)": 3, "Узунл": 74 }, "geometry": { "type": "MultiLineString", "coordinates": [ [ [ 69.239981474511126, 41.327006044652407 ], [ 69.240795884423477, 41.327268741985385 ] ] ] } },
{ "type": "Feature", "properties": { "Туман": "Шайхонтоҳур", "Кўча": "Беруний кўча", "Тури": "Подземные", "Эни(м)": 4, "Узунл": 56 }, "geometry": { "type": "MultiLineString", "coordinates": [ [ [ 69.235726403865002, 41.323335763097063 ], [ 69.23536519461085, 41.322912339702086 ] ] ] } },
{ "type": "Feature", "properties": { "Туман": "Шайхонтоҳур", "Кўча": "-", "Тури": "Наземные", "Эни(м)": 3, "Узунл": 38 }, "geometry": { "type": "MultiLineString", "coordinates": [ [ [ 69.254897504723061, 41.31785954735107 ], [ 69.255345077484904, 41.317825927438577 ] ] ] } },
{ "type": "Feature", "properties": { "Туман": "Шайхонтоҳур", "Кўча": "Пахтакор-79 берк кўча", "Тури": "Наземные", "Эни(м)": 3, "Узунл": 9 }, "geometry": { "type": "MultiLineString", "coordinates": [ [ [ 69.254284555800169, 41.315852035826488 ], [ 69.254277538806889, 41.315774419367536 ] ] ] } },
{ "type": "Feature", "properties": { "Туман": "Шайхонтоҳур", "Кўча": "Анҳорбўйи кўча", "Тури": "Наземные", "Эни(м)": 3, "Узунл": 14 }, "geometry": { "type": "MultiLineString", "coordinates": [ [ [ 69.259379627662611, 41.311424645133236 ], [ 69.259539908298635, 41.31139165590816 ] ] ] } },
{ "type": "Feature", "properties": { "Туман": "Шайхонтоҳур", "Кўча": "Себзор кўча", "Тури": "Наземные", "Эни(м)": 3, "Узунл": 44 }, "geometry": { "type": "MultiLineString", "coordinates": [ [ [ 69.251224903013934, 41.332545101432359 ], [ 69.251646033003624, 41.332304535667788 ] ] ] } },
{ "type": "Feature", "properties": { "Туман": "Шайхонтоҳур", "Кўча": "Себзор кўча", "Тури": "Наземные", "Эни(м)": 3, "Узунл": 12 }, "geometry": { "type": "MultiLineString", "coordinates": [ [ [ 69.251720501611757, 41.332261619118043 ], [ 69.251832217339086, 41.33220061946767 ] ] ] } },
{ "type": "Feature", "properties": { "Туман": "Шайхонтоҳур", "Кўча": "Зулфияхоним кўча", "Тури": "Наземные", "Эни(м)": 3, "Узунл": 15 }, "geometry": { "type": "MultiLineString", "coordinates": [ [ [ 69.251850390289761, 41.332074568761897 ], [ 69.251739530759394, 41.331970177193618 ] ] ] } },
{ "type": "Feature", "properties": { "Туман": "Шайхонтоҳур", "Кўча": "Себзор кўча", "Тури": "Наземные", "Эни(м)": 3, "Узунл": 10 }, "geometry": { "type": "MultiLineString", "coordinates": [ [ [ 69.251482910738503, 41.332001115813654 ], [ 69.251581968973667, 41.331948019742697 ] ] ] } },
{ "type": "Feature", "properties": { "Туман": "Шайхонтоҳур", "Кўча": "Себзор кўча", "Тури": "Наземные", "Эни(м)": 3, "Узунл": 29 }, "geometry": { "type": "MultiLineString", "coordinates": [ [ [ 69.250960059015085, 41.332281281249621 ], [ 69.251236370972961, 41.332130477909487 ] ] ] } },
{ "type": "Feature", "properties": { "Туман": "Шайхонтоҳур", "Кўча": "Себзор кўча", "Тури": "Наземные", "Эни(м)": 3, "Узунл": 13 }, "geometry": { "type": "MultiLineString", "coordinates": [ [ [ 69.251265423799666, 41.332116350768416 ], [ 69.251387564523924, 41.332049140751877 ] ] ] } },
{ "type": "Feature", "properties": { "Туман": "Шайхонтоҳур", "Кўча": "Кўкча Дарвоза кўча", "Тури": "Наземные", "Эни(м)": 3, "Узунл": 36 }, "geometry": { "type": "MultiLineString", "coordinates": [ [ [ 69.214471676016601, 41.322292732948938 ], [ 69.214475094639454, 41.32196982286473 ] ] ] } },
{ "type": "Feature", "properties": { "Туман": "Шайхонтоҳур", "Кўча": "Зарқайнар кўча", "Тури": "Наземные", "Эни(м)": 3, "Узунл": 10 }, "geometry": { "type": "MultiLineString", "coordinates": [ [ [ 69.242199050973085, 41.323684044942446 ], [ 69.242314763091173, 41.323696177498498 ] ] ] } },
{ "type": "Feature", "properties": { "Туман": "Шайхонтоҳур", "Кўча": "Себзор кўча", "Тури": "Наземные", "Эни(м)": 3, "Узунл": 11 }, "geometry": { "type": "MultiLineString", "coordinates": [ [ [ 69.243681240396455, 41.323626067998156 ], [ 69.243803092280729, 41.323583618735746 ] ] ] } },
{ "type": "Feature", "properties": { "Туман": "Шайхонтоҳур", "Кўча": "Фурқат кўча", "Тури": "Наземные", "Эни(м)": 3, "Узунл": 56 }, "geometry": { "type": "MultiLineString", "coordinates": [ [ [ 69.242307168819536, 41.321444587750541 ], [ 69.24297563367341, 41.321406050324164 ] ] ] } },
{ "type": "Feature", "properties": { "Туман": "Шайхонтоҳур", "Кўча": "Хадра кўча", "Тури": "Наземные", "Эни(м)": 3, "Узунл": 12 }, "geometry": { "type": "MultiLineString", "coordinates": [ [ [ 69.254239093199658, 41.320281937915901 ], [ 69.254170058632596, 41.320183081575173 ] ] ] } },
{ "type": "Feature", "properties": { "Туман": "Шайхонтоҳур", "Кўча": "-", "Тури": "Наземные", "Эни(м)": 3, "Узунл": 7 }, "geometry": { "type": "MultiLineString", "coordinates": [ [ [ 69.254044229822128, 41.319774526122593 ], [ 69.254040985660168, 41.319707730463904 ] ] ] } },
{ "type": "Feature", "properties": { "Туман": "Шайхонтоҳур", "Кўча": "Туркқўрғон кўча", "Тури": "Наземные", "Эни(м)": 3, "Узунл": 22 }, "geometry": { "type": "MultiLineString", "coordinates": [ [ [ 69.265211050830388, 41.339560486719371 ], [ 69.265010482858301, 41.339430437559301 ] ] ] } },
{ "type": "Feature", "properties": { "Туман": "Шайхонтоҳур", "Кўча": "Тахтапул кўча", "Тури": "Наземные", "Эни(м)": 3, "Узунл": 15 }, "geometry": { "type": "MultiLineString", "coordinates": [ [ [ 69.265020832291341, 41.339405661614173 ], [ 69.265072556530484, 41.33927615644518 ] ] ] } },
{ "type": "Feature", "properties": { "Туман": "Шайхонтоҳур", "Кўча": "Тахтапул кўча", "Тури": "Наземные", "Эни(м)": 3, "Узунл": 17 }, "geometry": { "type": "MultiLineString", "coordinates": [ [ [ 69.2658870958645, 41.339508297616817 ], [ 69.265896909582793, 41.339351886585547 ] ] ] } },
{ "type": "Feature", "properties": { "Туман": "Шайхонтоҳур", "Кўча": "-", "Тури": "Наземные", "Эни(м)": 3, "Узунл": 13 }, "geometry": { "type": "MultiLineString", "coordinates": [ [ [ 69.265637807552565, 41.339512248527832 ], [ 69.265797594889733, 41.339525380783904 ] ] ] } },
{ "type": "Feature", "properties": { "Туман": "Шайхонтоҳур", "Кўча": "Туркқўрғон-6 тор кўча", "Тури": "Наземные", "Эни(м)": 3, "Узунл": 13 }, "geometry": { "type": "MultiLineString", "coordinates": [ [ [ 69.267286560780747, 41.339490429889558 ], [ 69.267436575975523, 41.339486706122287 ] ] ] } },
{ "type": "Feature", "properties": { "Туман": "Шайхонтоҳур", "Кўча": "Тахтапул кўча", "Тури": "Наземные", "Эни(м)": 3, "Узунл": 12 }, "geometry": { "type": "MultiLineString", "coordinates": [ [ [ 69.260972810571175, 41.338609905112044 ], [ 69.261012689624664, 41.338502930529351 ] ] ] } },
{ "type": "Feature", "properties": { "Туман": "Шайхонтоҳур", "Кўча": "-", "Тури": "Наземные", "Эни(м)": 3, "Узунл": 25 }, "geometry": { "type": "MultiLineString", "coordinates": [ [ [ 69.25766198001709, 41.338103758087193 ], [ 69.257746054606727, 41.338035501504635 ], [ 69.257798226971303, 41.33801625801788 ], [ 69.257916888509698, 41.338012054334762 ] ] ] } },
{ "type": "Feature", "properties": { "Туман": "Шайхонтоҳур", "Кўча": "Тахтапул кўча", "Тури": "Наземные", "Эни(м)": 3, "Узунл": 7 }, "geometry": { "type": "MultiLineString", "coordinates": [ [ [ 69.258135520428425, 41.338184829054086 ], [ 69.258139008094403, 41.338122940927008 ] ] ] } },
{ "type": "Feature", "properties": { "Туман": "Шайхонтоҳур", "Кўча": "-", "Тури": "Наземные", "Эни(м)": 3, "Узунл": 7 }, "geometry": { "type": "MultiLineString", "coordinates": [ [ [ 69.258191818013429, 41.338265147172343 ], [ 69.258227709625629, 41.338281380550249 ], [ 69.258268812721056, 41.338294226933478 ] ] ] } },
{ "type": "Feature", "properties": { "Туман": "Шайхонтоҳур", "Кўча": "Тахтапул Дарвоза кўча", "Тури": "Наземные", "Эни(м)": 3, "Узунл": 12 }, "geometry": { "type": "MultiLineString", "coordinates": [ [ [ 69.258611295205114, 41.33901914505806 ], [ 69.258735704909455, 41.338958110252143 ] ] ] } },
{ "type": "Feature", "properties": { "Туман": "Шайхонтоҳур", "Кўча": "Тахтапул Дарвоза кўча", "Тури": "Наземные", "Эни(м)": 3, "Узунл": 6 }, "geometry": { "type": "MultiLineString", "coordinates": [ [ [ 69.258775928520564, 41.338937205540795 ], [ 69.258834014646226, 41.338903322039023 ] ] ] } },
{ "type": "Feature", "properties": { "Туман": "Шайхонтоҳур", "Кўча": "-", "Тури": "Наземные", "Эни(м)": 3, "Узунл": 10 }, "geometry": { "type": "MultiLineString", "coordinates": [ [ [ 69.261469742582662, 41.341738231853789 ], [ 69.261414928592103, 41.34165734947458 ] ] ] } },
{ "type": "Feature", "properties": { "Туман": "Шайхонтоҳур", "Кўча": "-", "Тури": "Наземные", "Эни(м)": 3, "Узунл": 9 }, "geometry": { "type": "MultiLineString", "coordinates": [ [ [ 69.261289320059618, 41.341419114402228 ], [ 69.261244985868984, 41.341345521268018 ] ] ] } },
{ "type": "Feature", "properties": { "Туман": "Шайхонтоҳур", "Кўча": "Себзор кўча", "Тури": "Наземные", "Эни(м)": 3, "Узунл": 15 }, "geometry": { "type": "MultiLineString", "coordinates": [ [ [ 69.254897582487715, 41.336070675694032 ], [ 69.255039830644861, 41.335991041247247 ] ] ] } },
{ "type": "Feature", "properties": { "Туман": "Шайхонтоҳур", "Кўча": "Себзор кўча", "Тури": "Наземные", "Эни(м)": 3, "Узунл": 13 }, "geometry": { "type": "MultiLineString", "coordinates": [ [ [ 69.255071112503884, 41.335974095472885 ], [ 69.25519549779618, 41.335907439032489 ] ] ] } },
{ "type": "Feature", "properties": { "Туман": "Шайхонтоҳур", "Кўча": "Себзор кўча", "Тури": "Наземные", "Эни(м)": 3, "Узунл": 12 }, "geometry": { "type": "MultiLineString", "coordinates": [ [ [ 69.255272951447267, 41.335863951043038 ], [ 69.255386911292931, 41.335803505549983 ] ] ] } },
{ "type": "Feature", "properties": { "Туман": "Шайхонтоҳур", "Кўча": "Чақичмон кўча", "Тури": "Наземные", "Эни(м)": 3, "Узунл": 24 }, "geometry": { "type": "MultiLineString", "coordinates": [ [ [ 69.234101751626966, 41.327687305935818 ], [ 69.234335626044484, 41.327559131316264 ] ] ] } },
{ "type": "Feature", "properties": { "Туман": "Шайхонтоҳур", "Кўча": "Чақичмон кўча", "Тури": "Наземные", "Эни(м)": 3, "Узунл": 19 }, "geometry": { "type": "MultiLineString", "coordinates": [ [ [ 69.232639728116013, 41.326204577089641 ], [ 69.232820695633194, 41.326099014419505 ] ] ] } },
{ "type": "Feature", "properties": { "Туман": "Шайхонтоҳур", "Кўча": "Беруний кўча", "Тури": "Наземные", "Эни(м)": 3, "Узунл": 5 }, "geometry": { "type": "MultiLineString", "coordinates": [ [ [ 69.231707828295185, 41.325415512125915 ], [ 69.231720363155219, 41.325372733120773 ] ] ] } },
{ "type": "Feature", "properties": { "Туман": "Шайхонтоҳур", "Кўча": "Чақичмон кўча", "Тури": "Наземные", "Эни(м)": 3, "Узунл": 9 }, "geometry": { "type": "MultiLineString", "coordinates": [ [ [ 69.23175832841774, 41.325346216851983 ], [ 69.231849201855439, 41.325298217124896 ] ] ] } },
{ "type": "Feature", "properties": { "Туман": "Шайхонтоҳур", "Кўча": "Беруний кўча", "Тури": "Наземные", "Эни(м)": 3, "Узунл": 13 }, "geometry": { "type": "MultiLineString", "coordinates": [ [ [ 69.231688172613957, 41.325344107890295 ], [ 69.231595310511665, 41.325252036634133 ] ] ] } },
{ "type": "Feature", "properties": { "Туман": "Шайхонтоҳур", "Кўча": "Чақичмон кўча", "Тури": "Наземные", "Эни(м)": 3, "Узунл": 10 }, "geometry": { "type": "MultiLineString", "coordinates": [ [ [ 69.231875246922144, 41.325277350323567 ], [ 69.23196757477649, 41.32521865912954 ] ] ] } },
{ "type": "Feature", "properties": { "Туман": "Шайхонтоҳур", "Кўча": "Чақичмон кўча", "Тури": "Наземные", "Эни(м)": 3, "Узунл": 7 }, "geometry": { "type": "MultiLineString", "coordinates": [ [ [ 69.231989928419495, 41.325209050734053 ], [ 69.232077239898913, 41.325208874724339 ] ] ] } },
{ "type": "Feature", "properties": { "Туман": "Шайхонтоҳур", "Кўча": "Беруний кўча", "Тури": "Наземные", "Эни(м)": 3, "Узунл": 13 }, "geometry": { "type": "MultiLineString", "coordinates": [ [ [ 69.23196742115735, 41.325175343117031 ], [ 69.231870079406278, 41.325082718558072 ] ] ] } },
{ "type": "Feature", "properties": { "Туман": "Шайхонтоҳур", "Кўча": "Беруний кўча", "Тури": "Наземные", "Эни(м)": 3, "Узунл": 11 }, "geometry": { "type": "MultiLineString", "coordinates": [ [ [ 69.231564606614143, 41.325221720728273 ], [ 69.231478516863291, 41.325145387140935 ] ] ] } },
{ "type": "Feature", "properties": { "Туман": "Шайхонтоҳур", "Кўча": "Беруний кўча", "Тури": "Наземные", "Эни(м)": 3, "Узунл": 12 }, "geometry": { "type": "MultiLineString", "coordinates": [ [ [ 69.231846859897502, 41.32505857569555 ], [ 69.231762984862613, 41.324975487261931 ] ] ] } },
{ "type": "Feature", "properties": { "Туман": "Шайхонтоҳур", "Кўча": "Лайлитўғон кўча", "Тури": "Наземные", "Эни(м)": 3, "Узунл": 9 }, "geometry": { "type": "MultiLineString", "coordinates": [ [ [ 69.231703253033274, 41.324966606723677 ], [ 69.231614596784766, 41.325008413830361 ] ] ] } },
{ "type": "Feature", "properties": { "Туман": "Шайхонтоҳур", "Кўча": "Лайлитўғон кўча", "Тури": "Наземные", "Эни(м)": 3, "Узунл": 9 }, "geometry": { "type": "MultiLineString", "coordinates": [ [ [ 69.231569149243043, 41.32502931961011 ], [ 69.231481997269569, 41.32507449888584 ] ] ] } },
{ "type": "Feature", "properties": { "Туман": "Шайхонтоҳур", "Кўча": "Беруний кўча", "Тури": "Наземные", "Эни(м)": 3, "Узунл": 4 }, "geometry": { "type": "MultiLineString", "coordinates": [ [ [ 69.23174719603162, 41.324942328622072 ], [ 69.231751534002768, 41.324902941411352 ] ] ] } },
{ "type": "Feature", "properties": { "Туман": "Шайхонтоҳур", "Кўча": "Беруний кўча", "Тури": "Наземные", "Эни(м)": 3, "Узунл": 5 }, "geometry": { "type": "MultiLineString", "coordinates": [ [ [ 69.231432850233091, 41.325104412845938 ], [ 69.231374588941947, 41.325089341134436 ] ] ] } },
{ "type": "Feature", "properties": { "Туман": "Шайхонтоҳур", "Кўча": "Беруний кўча", "Тури": "Подземные", "Эни(м)": 4, "Узунл": 49 }, "geometry": { "type": "MultiLineString", "coordinates": [ [ [ 69.232110200750796, 41.325244248888843 ], [ 69.231895994742914, 41.325025286285197 ], [ 69.231822300006371, 41.324866795728397 ] ] ] } },
{ "type": "Feature", "properties": { "Туман": "Шайхонтоҳур", "Кўча": "Беруний кўча", "Тури": "Наземные", "Эни(м)": 3, "Узунл": 29 }, "geometry": { "type": "MultiLineString", "coordinates": [ [ [ 69.229099148677889, 41.32676353978961 ], [ 69.22886561957614, 41.326565986942072 ] ] ] } },
{ "type": "Feature", "properties": { "Туман": "Шайхонтоҳур", "Кўча": "Беруний кўча", "Тури": "Наземные", "Эни(м)": 3, "Узунл": 40 }, "geometry": { "type": "MultiLineString", "coordinates": [ [ [ 69.226310891303939, 41.328438702481854 ], [ 69.225883438811351, 41.328273027531459 ] ] ] } },
{ "type": "Feature", "properties": { "Туман": "Шайхонтоҳур", "Кўча": "Беруний кўча", "Тури": "Подземные", "Эни(м)": 4, "Узунл": 41 }, "geometry": { "type": "MultiLineString", "coordinates": [ [ [ 69.219995298402978, 41.332076013937474 ], [ 69.219700246087712, 41.331779551614865 ] ] ] } },
{ "type": "Feature", "properties": { "Туман": "Олмазор", "Кўча": "Беруний кўча", "Тури": "Подземные", "Эни(м)": 4, "Узунл": 34 }, "geometry": { "type": "MultiLineString", "coordinates": [ [ [ 69.218211953728286, 41.332642520275364 ], [ 69.218456833001213, 41.332889577301692 ] ] ] } },
{ "type": "Feature", "properties": { "Туман": "Шайхонтоҳур", "Кўча": "Беруний кўча", "Тури": "Наземные", "Эни(м)": 3, "Узунл": 36 }, "geometry": { "type": "MultiLineString", "coordinates": [ [ [ 69.215501569810129, 41.334554667638095 ], [ 69.215375796004494, 41.33443789290699 ], [ 69.215176990755992, 41.334355007521445 ] ] ] } },
{ "type": "Feature", "properties": { "Туман": "Шайхонтоҳур", "Кўча": "Боғ-1 тор кўча", "Тури": "Наземные", "Эни(м)": 3, "Узунл": 22 }, "geometry": { "type": "MultiLineString", "coordinates": [ [ [ 69.215157877200184, 41.334330291104465 ], [ 69.215364601215541, 41.334211487951883 ] ] ] } },
{ "type": "Feature", "properties": { "Туман": "Шайхонтоҳур", "Кўча": "Тинчлик кўча", "Тури": "Наземные", "Эни(м)": 3, "Узунл": 14 }, "geometry": { "type": "MultiLineString", "coordinates": [ [ [ 69.210393212901849, 41.337031176154014 ], [ 69.210524341704556, 41.336957805063818 ] ] ] } },
{ "type": "Feature", "properties": { "Туман": "Юнусобод", "Кўча": "Катта ҳалқа йўли кўча", "Тури": "Наземные", "Эни(м)": 3, "Узунл": 28 }, "geometry": { "type": "MultiLineString", "coordinates": [ [ [ 69.260700205764763, 41.397296878817698 ], [ 69.260592084805324, 41.397060517778797 ] ] ] } },
{ "type": "Feature", "properties": { "Туман": "Юнусобод", "Кўча": "Катта ҳалқа йўли кўча", "Тури": "Наземные", "Эни(м)": 3, "Узунл": 12 }, "geometry": { "type": "MultiLineString", "coordinates": [ [ [ 69.261388759046724, 41.397099979268539 ], [ 69.261338413543086, 41.396997380960933 ] ] ] } },
{ "type": "Feature", "properties": { "Туман": "Юнусобод", "Кўча": "Катта ҳалқа йўли кўча", "Тури": "Наземные", "Эни(м)": 3, "Узунл": 15 }, "geometry": { "type": "MultiLineString", "coordinates": [ [ [ 69.261308358226316, 41.396943341654122 ], [ 69.261244527946445, 41.396818764067461 ] ] ] } },
{ "type": "Feature", "properties": { "Туман": "Юнусобод", "Кўча": "Ҳасанбой кўча", "Тури": "Наземные", "Эни(м)": 3, "Узунл": 13 }, "geometry": { "type": "MultiLineString", "coordinates": [ [ [ 69.26097785575017, 41.396831291209963 ], [ 69.261122649955581, 41.396797030854167 ] ] ] } },
{ "type": "Feature", "properties": { "Туман": "Юнусобод", "Кўча": "Катта ҳалқа йўли кўча", "Тури": "Наземные", "Эни(м)": 3, "Узунл": 25 }, "geometry": { "type": "MultiLineString", "coordinates": [ [ [ 69.266013714602309, 41.394691222501095 ], [ 69.265825471270645, 41.394521539615624 ] ] ] } },
{ "type": "Feature", "properties": { "Туман": "Юнусобод", "Кўча": "Катта ҳалқа йўли кўча", "Тури": "Наземные", "Эни(м)": 3, "Узунл": 28 }, "geometry": { "type": "MultiLineString", "coordinates": [ [ [ 69.277984593504243, 41.387074103641943 ], [ 69.277761536906624, 41.386881138649947 ] ] ] } },
{ "type": "Feature", "properties": { "Туман": "Юнусобод", "Кўча": "Катта ҳалқа йўли кўча", "Тури": "Наземные", "Эни(м)": 3, "Узунл": 13 }, "geometry": { "type": "MultiLineString", "coordinates": [ [ [ 69.287817875832161, 41.383651692616176 ], [ 69.287819805658373, 41.383537052884989 ] ] ] } },
{ "type": "Feature", "properties": { "Туман": "Юнусобод", "Кўча": "Катта ҳалқа йўли кўча", "Тури": "Наземные", "Эни(м)": 3, "Узунл": 12 }, "geometry": { "type": "MultiLineString", "coordinates": [ [ [ 69.287822008435796, 41.383484315318654 ], [ 69.287825186225589, 41.383376550557152 ] ] ] } },
{ "type": "Feature", "properties": { "Туман": "Юнусобод", "Кўча": "Катта ҳалқа йўли кўча", "Тури": "Наземные", "Эни(м)": 3, "Узунл": 23 }, "geometry": { "type": "MultiLineString", "coordinates": [ [ [ 69.296934070521772, 41.383819282781751 ], [ 69.296936153030259, 41.383607890670795 ] ] ] } },
{ "type": "Feature", "properties": { "Туман": "Юнусобод", "Кўча": "Аҳмад Дониш кўча", "Тури": "Наземные", "Эни(м)": 3, "Узунл": 17 }, "geometry": { "type": "MultiLineString", "coordinates": [ [ [ 69.298117010468658, 41.38354752006525 ], [ 69.298318529034063, 41.383546539280069 ] ] ] } },
{ "type": "Feature", "properties": { "Туман": "Юнусобод", "Кўча": "Аҳмад Дониш кўча", "Тури": "Наземные", "Эни(м)": 3, "Узунл": 17 }, "geometry": { "type": "MultiLineString", "coordinates": [ [ [ 69.297273101338874, 41.383532278761479 ], [ 69.29747278295919, 41.383529011505033 ] ] ] } },
{ "type": "Feature", "properties": { "Туман": "Юнусобод", "Кўча": "Катта ҳалқа йўли кўча", "Тури": "Наземные", "Эни(м)": 3, "Узунл": 8 }, "geometry": { "type": "MultiLineString", "coordinates": [ [ [ 69.304686676877139, 41.38441162557001 ], [ 69.304708248032739, 41.384337285058926 ] ] ] } },
{ "type": "Feature", "properties": { "Туман": "Юнусобод", "Кўча": "Катта ҳалқа йўли кўча", "Тури": "Наземные", "Эни(м)": 3, "Узунл": 10 }, "geometry": { "type": "MultiLineString", "coordinates": [ [ [ 69.30472139827144, 41.384284976737156 ], [ 69.304745344721155, 41.384197790822164 ] ] ] } },
{ "type": "Feature", "properties": { "Туман": "Юнусобод", "Кўча": "Катта ҳалқа йўли кўча", "Тури": "Наземные", "Эни(м)": 3, "Узунл": 14 }, "geometry": { "type": "MultiLineString", "coordinates": [ [ [ 69.319232462117725, 41.381987099116373 ], [ 69.31907277735796, 41.381951317369463 ] ] ] } },
{ "type": "Feature", "properties": { "Туман": "Юнусобод", "Кўча": "Катта ҳалқа йўли кўча", "Тури": "Наземные", "Эни(м)": 3, "Узунл": 13 }, "geometry": { "type": "MultiLineString", "coordinates": [ [ [ 69.319005130240498, 41.381937290192376 ], [ 69.318857633068689, 41.381903767057473 ] ] ] } },
{ "type": "Feature", "properties": { "Туман": "Юнусобод", "Кўча": "-", "Тури": "Наземные", "Эни(м)": 3, "Узунл": 9 }, "geometry": { "type": "MultiLineString", "coordinates": [ [ [ 69.320044884259048, 41.378811747759791 ], [ 69.32008227780311, 41.378740111542754 ] ] ] } },
{ "type": "Feature", "properties": { "Туман": "Юнусобод", "Кўча": "-", "Тури": "Наземные", "Эни(м)": 3, "Узунл": 8 }, "geometry": { "type": "MultiLineString", "coordinates": [ [ [ 69.321087074407899, 41.376449198138296 ], [ 69.321127522779278, 41.37638030427064 ] ] ] } },
{ "type": "Feature", "properties": { "Туман": "Юнусобод", "Кўча": "-", "Тури": "Наземные", "Эни(м)": 3, "Узунл": 12 }, "geometry": { "type": "MultiLineString", "coordinates": [ [ [ 69.321674133756233, 41.375256271574266 ], [ 69.321729650263705, 41.375157071714106 ] ] ] } },
{ "type": "Feature", "properties": { "Туман": "Юнусобод", "Кўча": "Катта ҳалқа йўли кўча", "Тури": "Наземные", "Эни(м)": 3, "Узунл": 12 }, "geometry": { "type": "MultiLineString", "coordinates": [ [ [ 69.322785291881416, 41.373815636830628 ], [ 69.322653027190114, 41.373781617232517 ] ] ] } },
{ "type": "Feature", "properties": { "Туман": "Юнусобод", "Кўча": "Катта ҳалқа йўли кўча", "Тури": "Наземные", "Эни(м)": 3, "Узунл": 12 }, "geometry": { "type": "MultiLineString", "coordinates": [ [ [ 69.322572267226946, 41.373760980057966 ], [ 69.322442436546908, 41.373726724124445 ] ] ] } },
{ "type": "Feature", "properties": { "Туман": "Юнусобод", "Кўча": "Амир Темур шоҳ кўча", "Тури": "Наземные", "Эни(м)": 3, "Узунл": 24 }, "geometry": { "type": "MultiLineString", "coordinates": [ [ [ 69.290112175952842, 41.383222011423221 ], [ 69.290260697728939, 41.383214758793493 ], [ 69.29040063477683, 41.383193771447885 ] ] ] } },
{ "type": "Feature", "properties": { "Туман": "Юнусобод", "Кўча": "Катта ҳалқа йўли кўча", "Тури": "Наземные", "Эни(м)": 3, "Узунл": 10 }, "geometry": { "type": "MultiLineString", "coordinates": [ [ [ 69.316110697018757, 41.384740534378388 ], [ 69.316056415560496, 41.384658146392198 ] ] ] } },
{ "type": "Feature", "properties": { "Туман": "Юнусобод", "Кўча": "Катта ҳалқа йўли кўча", "Тури": "Наземные", "Эни(м)": 3, "Узунл": 12 }, "geometry": { "type": "MultiLineString", "coordinates": [ [ [ 69.316033083417622, 41.384617629738315 ], [ 69.315975971406203, 41.384516449370956 ] ] ] } },
{ "type": "Feature", "properties": { "Туман": "Юнусобод", "Кўча": "-", "Тури": "Наземные", "Эни(м)": 3, "Узунл": 8 }, "geometry": { "type": "MultiLineString", "coordinates": [ [ [ 69.320625751115784, 41.377527365509543 ], [ 69.320645644479271, 41.377487417107339 ], [ 69.320673519337078, 41.377461202658118 ] ] ] } },
{ "type": "Feature", "properties": { "Туман": "Юнусобод", "Кўча": "Катта ҳалқа йўли кўча", "Тури": "Наземные", "Эни(м)": 3, "Узунл": 12 }, "geometry": { "type": "MultiLineString", "coordinates": [ [ [ 69.321173937982138, 41.377338752549576 ], [ 69.321041660205381, 41.377303355542097 ] ] ] } },
{ "type": "Feature", "properties": { "Туман": "Юнусобод", "Кўча": "Катта ҳалқа йўли кўча", "Тури": "Наземные", "Эни(м)": 3, "Узунл": 12 }, "geometry": { "type": "MultiLineString", "coordinates": [ [ [ 69.320969122585183, 41.37728429920886 ], [ 69.320839284590036, 41.377249812243086 ] ] ] } },
{ "type": "Feature", "properties": { "Туман": "Юнусобод", "Кўча": "Янги Юнусобод кўча", "Тури": "Наземные", "Эни(м)": 3, "Узунл": 13 }, "geometry": { "type": "MultiLineString", "coordinates": [ [ [ 69.322299849770431, 41.373636332594025 ], [ 69.322347402949916, 41.373527525367656 ] ] ] } },
{ "type": "Feature", "properties": { "Туман": "Юнусобод", "Кўча": "Янги Юнусобод кўча", "Тури": "Наземные", "Эни(м)": 3, "Узунл": 12 }, "geometry": { "type": "MultiLineString", "coordinates": [ [ [ 69.322391321716054, 41.373422396623518 ], [ 69.322434018359374, 41.373316354204555 ] ] ] } },
{ "type": "Feature", "properties": { "Туман": "Юнусобод", "Кўча": "Катта ҳалқа йўли кўча", "Тури": "Наземные", "Эни(м)": 3, "Узунл": 16 }, "geometry": { "type": "MultiLineString", "coordinates": [ [ [ 69.322568550412129, 41.373316664994469 ], [ 69.32275080907776, 41.373366593398131 ] ] ] } },
{ "type": "Feature", "properties": { "Туман": "Юнусобод", "Кўча": "Катта ҳалқа йўли кўча", "Тури": "Наземные", "Эни(м)": 3, "Узунл": 14 }, "geometry": { "type": "MultiLineString", "coordinates": [ [ [ 69.32282760394412, 41.37338563668164 ], [ 69.322987303770859, 41.373428291348034 ] ] ] } },
{ "type": "Feature", "properties": { "Туман": "Юнусобод", "Кўча": "-", "Тури": "Наземные", "Эни(м)": 3, "Узунл": 11 }, "geometry": { "type": "MultiLineString", "coordinates": [ [ [ 69.322244078582614, 41.373190099854909 ], [ 69.32237450210252, 41.373221373843968 ] ] ] } },
{ "type": "Feature", "properties": { "Туман": "Юнусобод", "Кўча": "Катта ҳалқа йўли кўча", "Тури": "Наземные", "Эни(м)": 3, "Узунл": 9 }, "geometry": { "type": "MultiLineString", "coordinates": [ [ [ 69.323395386364837, 41.372368375769994 ], [ 69.323298482141084, 41.372344803954455 ] ] ] } },
{ "type": "Feature", "properties": { "Туман": "Юнусобод", "Кўча": "Катта ҳалқа йўли кўча", "Тури": "Наземные", "Эни(м)": 3, "Узунл": 12 }, "geometry": { "type": "MultiLineString", "coordinates": [ [ [ 69.323221686095764, 41.372325302443819 ], [ 69.323090650713837, 41.37229311404613 ] ] ] } },
{ "type": "Feature", "properties": { "Туман": "Юнусобод", "Кўча": "Катта ҳалқа йўли кўча", "Тури": "Наземные", "Эни(м)": 3, "Узунл": 10 }, "geometry": { "type": "MultiLineString", "coordinates": [ [ [ 69.324860862088329, 41.369853280852489 ], [ 69.324766867732706, 41.369802189615335 ] ] ] } },
{ "type": "Feature", "properties": { "Туман": "Юнусобод", "Кўча": "Катта ҳалқа йўли кўча", "Тури": "Наземные", "Эни(м)": 3, "Узунл": 13 }, "geometry": { "type": "MultiLineString", "coordinates": [ [ [ 69.324697307901388, 41.369768453901159 ], [ 69.324571584260482, 41.369701861645495 ] ] ] } },
{ "type": "Feature", "properties": { "Туман": "Юнусобод", "Кўча": "Катта ҳалқа йўли кўча", "Тури": "Наземные", "Эни(м)": 3, "Узунл": 10 }, "geometry": { "type": "MultiLineString", "coordinates": [ [ [ 69.325237068723283, 41.369492263926553 ], [ 69.325144260016671, 41.369434750075811 ] ] ] } },
{ "type": "Feature", "properties": { "Туман": "Юнусобод", "Кўча": "Катта ҳалқа йўли кўча", "Тури": "Наземные", "Эни(м)": 3, "Узунл": 15 }, "geometry": { "type": "MultiLineString", "coordinates": [ [ [ 69.325079858274435, 41.369397790233066 ], [ 69.325024914119993, 41.369365389048397 ], [ 69.324943968379515, 41.369306465907243 ] ] ] } },
{ "type": "Feature", "properties": { "Туман": "Юнусобод", "Кўча": "Чинобод кўча", "Тури": "Наземные", "Эни(м)": 3, "Узунл": 21 }, "geometry": { "type": "MultiLineString", "coordinates": [ [ [ 69.324623725938253, 41.369292925682238 ], [ 69.324770851869346, 41.369134543344288 ] ] ] } },
{ "type": "Feature", "properties": { "Туман": "Юнусобод", "Кўча": "Катта ҳалқа йўли кўча", "Тури": "Наземные", "Эни(м)": 3, "Узунл": 9 }, "geometry": { "type": "MultiLineString", "coordinates": [ [ [ 69.333086103108727, 41.363436105203533 ], [ 69.333012177842974, 41.363381294225867 ] ] ] } },
{ "type": "Feature", "properties": { "Туман": "Юнусобод", "Кўча": "Катта ҳалқа йўли кўча", "Тури": "Наземные", "Эни(м)": 3, "Узунл": 10 }, "geometry": { "type": "MultiLineString", "coordinates": [ [ [ 69.332949875163749, 41.363337913099542 ], [ 69.332866167601736, 41.363274418049265 ] ] ] } },
{ "type": "Feature", "properties": { "Туман": "Юнусобод", "Кўча": "Катта ҳалқа йўли кўча", "Тури": "Наземные", "Эни(м)": 3, "Узунл": 10 }, "geometry": { "type": "MultiLineString", "coordinates": [ [ [ 69.333968863357157, 41.362766369684827 ], [ 69.333883327319867, 41.362702422133481 ] ] ] } },
{ "type": "Feature", "properties": { "Туман": "Юнусобод", "Кўча": "Катта ҳалқа йўли кўча", "Тури": "Наземные", "Эни(м)": 3, "Узунл": 12 }, "geometry": { "type": "MultiLineString", "coordinates": [ [ [ 69.333837518572267, 41.362670915695361 ], [ 69.333739147749938, 41.362596458822644 ] ] ] } },
{ "type": "Feature", "properties": { "Туман": "Юнусобод", "Кўча": "Катта ҳалқа йўли кўча", "Тури": "Наземные", "Эни(м)": 3, "Узунл": 26 }, "geometry": { "type": "MultiLineString", "coordinates": [ [ [ 69.337557182834658, 41.36001795155677 ], [ 69.337351191235456, 41.359845685529244 ] ] ] } },
{ "type": "Feature", "properties": { "Туман": "Юнусобод", "Кўча": "Боғишамол кўча", "Тури": "Наземные", "Эни(м)": 3, "Узунл": 8 }, "geometry": { "type": "MultiLineString", "coordinates": [ [ [ 69.337520909731879, 41.359593907302383 ], [ 69.33761106993461, 41.359610608871165 ] ] ] } },
{ "type": "Feature", "properties": { "Туман": "Юнусобод", "Кўча": "Боғишамол кўча", "Тури": "Наземные", "Эни(м)": 3, "Узунл": 38 }, "geometry": { "type": "MultiLineString", "coordinates": [ [ [ 69.337664406169907, 41.359567808055942 ], [ 69.337793620232574, 41.359486725601911 ], [ 69.337886477088745, 41.35943647201627 ], [ 69.337945493351597, 41.359315243836321 ] ] ] } },
{ "type": "Feature", "properties": { "Туман": "Юнусобод", "Кўча": "Темур Малик кўча", "Тури": "Подземные", "Эни(м)": 4, "Узунл": 32 }, "geometry": { "type": "MultiLineString", "coordinates": [ [ [ 69.338209343689016, 41.359260360870046 ], [ 69.338445430101928, 41.359485269123248 ] ] ] } },
{ "type": "Feature", "properties": { "Туман": "Юнусобод", "Кўча": "Темур Малик кўча", "Тури": "Подземные", "Эни(м)": 4, "Узунл": 34 }, "geometry": { "type": "MultiLineString", "coordinates": [ [ [ 69.341366072859188, 41.357260971245132 ], [ 69.341602263519434, 41.357505131526494 ] ] ] } },
{ "type": "Feature", "properties": { "Туман": "Юнусобод", "Кўча": "Боғишамол кўча", "Тури": "Наземные", "Эни(м)": 3, "Узунл": 31 }, "geometry": { "type": "MultiLineString", "coordinates": [ [ [ 69.329467976869239, 41.351418977510058 ], [ 69.329782413995417, 41.351264006835926 ] ] ] } },
{ "type": "Feature", "properties": { "Туман": "Юнусобод", "Кўча": "Боғишамол кўча", "Тури": "Наземные", "Эни(м)": 3, "Узунл": 22 }, "geometry": { "type": "MultiLineString", "coordinates": [ [ [ 69.328595802477082, 41.351268317986303 ], [ 69.328577749425136, 41.351066611059231 ] ] ] } },
{ "type": "Feature", "properties": { "Туман": "Юнусобод", "Кўча": "-", "Тури": "Наземные", "Эни(м)": 3, "Узунл": 13 }, "geometry": { "type": "MultiLineString", "coordinates": [ [ [ 69.328123940013114, 41.351339362634434 ], [ 69.328273611046782, 41.351333891856378 ] ] ] } },
{ "type": "Feature", "properties": { "Туман": "Юнусобод", "Кўча": "-", "Тури": "Наземные", "Эни(м)": 3, "Узунл": 8 }, "geometry": { "type": "MultiLineString", "coordinates": [ [ [ 69.327379685598459, 41.35133506254455 ], [ 69.327478268435087, 41.351335240617551 ] ] ] } },
{ "type": "Feature", "properties": { "Туман": "Юнусобод", "Кўча": "Боғишамол кўча", "Тури": "Наземные", "Эни(м)": 3, "Узунл": 10 }, "geometry": { "type": "MultiLineString", "coordinates": [ [ [ 69.324522839940315, 41.35113130721016 ], [ 69.32456868208331, 41.351049557460307 ] ] ] } },
{ "type": "Feature", "properties": { "Туман": "Юнусобод", "Кўча": "Боғишамол кўча", "Тури": "Наземные", "Эни(м)": 3, "Узунл": 10 }, "geometry": { "type": "MultiLineString", "coordinates": [ [ [ 69.324579503335514, 41.351022931505618 ], [ 69.324630824275332, 41.350941624819939 ] ] ] } },
{ "type": "Feature", "properties": { "Туман": "Юнусобод", "Кўча": "Боғишамол кўча", "Тури": "Наземные", "Эни(м)": 3, "Узунл": 9 }, "geometry": { "type": "MultiLineString", "coordinates": [ [ [ 69.32426499223574, 41.351042618296717 ], [ 69.324307810252591, 41.350964545505924 ] ] ] } },
{ "type": "Feature", "properties": { "Туман": "Юнусобод", "Кўча": "Боғишамол кўча", "Тури": "Наземные", "Эни(м)": 3, "Узунл": 11 }, "geometry": { "type": "MultiLineString", "coordinates": [ [ [ 69.324320484460756, 41.350943416857909 ], [ 69.324375406693889, 41.350852012211732 ] ] ] } },
{ "type": "Feature", "properties": { "Туман": "Юнусобод", "Кўча": "Наманган кўча", "Тури": "Наземные", "Эни(м)": 3, "Узунл": 13 }, "geometry": { "type": "MultiLineString", "coordinates": [ [ [ 69.324338930310049, 41.351104313122789 ], [ 69.324479728361368, 41.35115022898826 ] ] ] } },
{ "type": "Feature", "properties": { "Туман": "Юнусобод", "Кўча": "Кичик ҳалқа йўли кўча", "Тури": "Наземные", "Эни(м)": 3, "Узунл": 28 }, "geometry": { "type": "MultiLineString", "coordinates": [ [ [ 69.29856287995149, 41.332986881620833 ], [ 69.298626234539142, 41.332739103715852 ] ] ] } },
{ "type": "Feature", "properties": { "Туман": "Юнусобод", "Кўча": "Қозитарнов кўча", "Тури": "Наземные", "Эни(м)": 3, "Узунл": 21 }, "geometry": { "type": "MultiLineString", "coordinates": [ [ [ 69.298321760169529, 41.332674321542683 ], [ 69.298566473828288, 41.332708077785199 ] ] ] } },
{ "type": "Feature", "properties": { "Туман": "Юнусобод", "Кўча": "Кичик ҳалқа йўли кўча", "Тури": "Наземные", "Эни(м)": 3, "Узунл": 26 }, "geometry": { "type": "MultiLineString", "coordinates": [ [ [ 69.298252423448389, 41.332944583421757 ], [ 69.298309770979216, 41.332713328824404 ] ] ] } },
{ "type": "Feature", "properties": { "Туман": "Юнусобод", "Кўча": "Қозитарнов кўча", "Тури": "Наземные", "Эни(м)": 3, "Узунл": 10 }, "geometry": { "type": "MultiLineString", "coordinates": [ [ [ 69.298347579564691, 41.332999820581477 ], [ 69.298465685833108, 41.333018314663875 ] ] ] } },
{ "type": "Feature", "properties": { "Туман": "Юнусобод", "Кўча": "Истиқлол кўча", "Тури": "Наземные", "Эни(м)": 3, "Узунл": 21 }, "geometry": { "type": "MultiLineString", "coordinates": [ [ [ 69.280439162031612, 41.315237276296209 ], [ 69.280399444080018, 41.315052120829066 ] ] ] } },
{ "type": "Feature", "properties": { "Туман": "Юнусобод", "Кўча": "Истиқлол кўча", "Тури": "Наземные", "Эни(м)": 3, "Узунл": 21 }, "geometry": { "type": "MultiLineString", "coordinates": [ [ [ 69.280847506591371, 41.315152825502267 ], [ 69.280811428782769, 41.314965827113319 ] ] ] } },
{ "type": "Feature", "properties": { "Туман": "Юнусобод", "Кўча": "Амир Темур шоҳ кўча", "Тури": "Наземные", "Эни(м)": 3, "Узунл": 27 }, "geometry": { "type": "MultiLineString", "coordinates": [ [ [ 69.280413065864821, 41.314824649261126 ], [ 69.280730361277634, 41.314782606799874 ] ] ] } },
{ "type": "Feature", "properties": { "Туман": "Юнусобод", "Кўча": "Истиқлол кўча", "Тури": "Подземные", "Эни(м)": 4, "Узунл": 34 }, "geometry": { "type": "MultiLineString", "coordinates": [ [ [ 69.279985184840925, 41.310058653554705 ], [ 69.279926721201264, 41.309755238598775 ] ] ] } },
{ "type": "Feature", "properties": { "Туман": "Юнусобод", "Кўча": "Матбуотчилар кўча", "Тури": "Наземные", "Эни(м)": 3, "Узунл": 14 }, "geometry": { "type": "MultiLineString", "coordinates": [ [ [ 69.277510967256958, 41.310567210949017 ], [ 69.277450871326991, 41.310449968167063 ] ] ] } },
{ "type": "Feature", "properties": { "Туман": "Юнусобод", "Кўча": "Матбуотчилар кўча", "Тури": "Наземные", "Эни(м)": 3, "Узунл": 11 }, "geometry": { "type": "MultiLineString", "coordinates": [ [ [ 69.276755301154026, 41.310774000089481 ], [ 69.27670381931236, 41.310680122029922 ] ] ] } },
{ "type": "Feature", "properties": { "Туман": "Юнусобод", "Кўча": "Матбуотчилар кўча", "Тури": "Наземные", "Эни(м)": 3, "Узунл": 19 }, "geometry": { "type": "MultiLineString", "coordinates": [ [ [ 69.275020600027901, 41.311294021366891 ], [ 69.27494206683626, 41.311130049699251 ] ] ] } },
{ "type": "Feature", "properties": { "Туман": "Юнусобод", "Кўча": "Матбуотчилар кўча", "Тури": "Наземные", "Эни(м)": 3, "Узунл": 13 }, "geometry": { "type": "MultiLineString", "coordinates": [ [ [ 69.274068006195321, 41.311532444274185 ], [ 69.274015865684419, 41.31142572731833 ] ] ] } },
{ "type": "Feature", "properties": { "Туман": "Юнусобод", "Кўча": "Матбуотчилар кўча", "Тури": "Наземные", "Эни(м)": 3, "Узунл": 15 }, "geometry": { "type": "MultiLineString", "coordinates": [ [ [ 69.273756939895392, 41.311607010297351 ], [ 69.27369679985209, 41.311477843495979 ] ] ] } },
{ "type": "Feature", "properties": { "Туман": "Юнусобод", "Кўча": "Буюк Турон кўча", "Тури": "Наземные", "Эни(м)": 3, "Узунл": 17 }, "geometry": { "type": "MultiLineString", "coordinates": [ [ [ 69.270476251916733, 41.31257266714519 ], [ 69.270665191895844, 41.312524075765914 ] ] ] } },
{ "type": "Feature", "properties": { "Туман": "Юнусобод", "Кўча": "Матбуотчилар кўча", "Тури": "Наземные", "Эни(м)": 3, "Узунл": 21 }, "geometry": { "type": "MultiLineString", "coordinates": [ [ [ 69.270423849345008, 41.312548487361212 ], [ 69.270336762602312, 41.312372610494613 ] ] ] } },
{ "type": "Feature", "properties": { "Туман": "Юнусобод", "Кўча": "Матбуотчилар кўча", "Тури": "Наземные", "Эни(м)": 3, "Узунл": 20 }, "geometry": { "type": "MultiLineString", "coordinates": [ [ [ 69.270675934000778, 41.312474527606206 ], [ 69.270596154104027, 41.312300926478869 ] ] ] } },
{ "type": "Feature", "properties": { "Туман": "Юнусобод", "Кўча": "Буюк Турон кўча", "Тури": "Наземные", "Эни(м)": 3, "Узунл": 17 }, "geometry": { "type": "MultiLineString", "coordinates": [ [ [ 69.270370598040103, 41.312318881215781 ], [ 69.270557705298557, 41.312268460134391 ] ] ] } },
{ "type": "Feature", "properties": { "Туман": "Юнусобод", "Кўча": "Матбуотчилар кўча", "Тури": "Наземные", "Эни(м)": 3, "Узунл": 20 }, "geometry": { "type": "MultiLineString", "coordinates": [ [ [ 69.269485193043892, 41.312783171208189 ], [ 69.269410290678735, 41.3126118505741 ] ] ] } },
{ "type": "Feature", "properties": { "Туман": "Юнусобод", "Кўча": "Буюк Турон кўча", "Тури": "Наземные", "Эни(м)": 3, "Узунл": 25 }, "geometry": { "type": "MultiLineString", "coordinates": [ [ [ 69.269394003785536, 41.310280643551813 ], [ 69.269679562742709, 41.310214861429792 ] ] ] } },
{ "type": "Feature", "properties": { "Туман": "Юнусобод", "Кўча": "Бухоро кўча", "Тури": "Наземные", "Эни(м)": 3, "Узунл": 7 }, "geometry": { "type": "MultiLineString", "coordinates": [ [ [ 69.26948060071723, 41.310486557079052 ], [ 69.269450845137101, 41.310423347450211 ] ] ] } },
{ "type": "Feature", "properties": { "Туман": "Юнусобод", "Кўча": "Буюк Турон кўча", "Тури": "Наземные", "Эни(м)": 3, "Узунл": 22 }, "geometry": { "type": "MultiLineString", "coordinates": [ [ [ 69.269587109267491, 41.310580309520546 ], [ 69.269837427157555, 41.310521946267194 ] ] ] } },
{ "type": "Feature", "properties": { "Туман": "Юнусобод", "Кўча": "Шароф Рашидов кўча", "Тури": "Наземные", "Эни(м)": 3, "Узунл": 33 }, "geometry": { "type": "MultiLineString", "coordinates": [ [ [ 69.267503446010068, 41.309803350393821 ], [ 69.267872781484456, 41.309701611473486 ] ] ] } },
{ "type": "Feature", "properties": { "Туман": "Юнусобод", "Кўча": "Ислом Каримов шоҳ кўча", "Тури": "Наземные", "Эни(м)": 3, "Узунл": 24 }, "geometry": { "type": "MultiLineString", "coordinates": [ [ [ 69.263901516353101, 41.310886495356371 ], [ 69.263819811762602, 41.310683088422344 ] ] ] } },
{ "type": "Feature", "properties": { "Туман": "Юнусобод", "Кўча": "Буюк Турон кўча", "Тури": "Наземные", "Эни(м)": 3, "Узунл": 12 }, "geometry": { "type": "MultiLineString", "coordinates": [ [ [ 69.272658855393786, 41.31699545944695 ], [ 69.272787641992551, 41.316958470711086 ] ] ] } },
{ "type": "Feature", "properties": { "Туман": "Юнусобод", "Кўча": "Истиқлол кўча", "Тури": "Наземные", "Эни(м)": 3, "Узунл": 18 }, "geometry": { "type": "MultiLineString", "coordinates": [ [ [ 69.272802749610719, 41.316935049111564 ], [ 69.27273703135431, 41.316781592264661 ] ] ] } },
{ "type": "Feature", "properties": { "Туман": "Юнусобод", "Кўча": "Буюк Турон кўча", "Тури": "Наземные", "Эни(м)": 3, "Узунл": 11 }, "geometry": { "type": "MultiLineString", "coordinates": [ [ [ 69.272559779217502, 41.316791412287223 ], [ 69.272689800989383, 41.316759006185251 ] ] ] } },
{ "type": "Feature", "properties": { "Туман": "Юнусобод", "Кўча": "Буюк Турон кўча", "Тури": "Наземные", "Эни(м)": 3, "Узунл": 25 }, "geometry": { "type": "MultiLineString", "coordinates": [ [ [ 69.272070207468701, 41.315922710519366 ], [ 69.271853669361107, 41.315771902247263 ] ] ] } },
{ "type": "Feature", "properties": { "Туман": "Юнусобод", "Кўча": "Буюк Турон кўча", "Тури": "Наземные", "Эни(м)": 3, "Узунл": 26 }, "geometry": { "type": "MultiLineString", "coordinates": [ [ [ 69.271892351787628, 41.315713575653945 ], [ 69.272203834618608, 41.315733932560796 ] ] ] } },
{ "type": "Feature", "properties": { "Туман": "Юнусобод", "Кўча": "Буюк Турон кўча", "Тури": "Наземные", "Эни(м)": 3, "Узунл": 21 }, "geometry": { "type": "MultiLineString", "coordinates": [ [ [ 69.271581535885758, 41.314974676090721 ], [ 69.271818462000056, 41.314909920526212 ] ] ] } },
{ "type": "Feature", "properties": { "Туман": "Юнусобод", "Кўча": "Буюк Турон кўча", "Тури": "Наземные", "Эни(м)": 3, "Узунл": 18 }, "geometry": { "type": "MultiLineString", "coordinates": [ [ [ 69.271327369797874, 41.314402093986764 ], [ 69.271531526546497, 41.314355299509216 ] ] ] } },
{ "type": "Feature", "properties": { "Туман": "Юнусобод", "Кўча": "Буюк Турон кўча", "Тури": "Наземные", "Эни(м)": 3, "Узунл": 15 }, "geometry": { "type": "MultiLineString", "coordinates": [ [ [ 69.2732002530079, 41.31825494508535 ], [ 69.273373397525916, 41.318207303877244 ] ] ] } },
{ "type": "Feature", "properties": { "Туман": "Юнусобод", "Кўча": "Шароф Рашидов кўча", "Тури": "Подземные", "Эни(м)": 4, "Узунл": 32 }, "geometry": { "type": "MultiLineString", "coordinates": [ [ [ 69.269179017310051, 41.313457949237453 ], [ 69.269542319251357, 41.313363555846415 ] ] ] } },
{ "type": "Feature", "properties": { "Туман": "Юнусобод", "Кўча": "-", "Тури": "Наземные", "Эни(м)": 3, "Узунл": 10 }, "geometry": { "type": "MultiLineString", "coordinates": [ [ [ 69.267845431464252, 41.320031552087855 ], [ 69.267956648109845, 41.320009283087209 ] ] ] } },
{ "type": "Feature", "properties": { "Туман": "Юнусобод", "Кўча": "Амир Темур шоҳ кўча", "Тури": "Наземные", "Эни(м)": 3, "Узунл": 31 }, "geometry": { "type": "MultiLineString", "coordinates": [ [ [ 69.280761193089646, 41.316581862454171 ], [ 69.281097049597804, 41.31646961632903 ] ] ] } },
{ "type": "Feature", "properties": { "Туман": "Юнусобод", "Кўча": "Усмон Носир кўча", "Тури": "Наземные", "Эни(м)": 3, "Узунл": 9 }, "geometry": { "type": "MultiLineString", "coordinates": [ [ [ 69.28524664048075, 41.317399883694605 ], [ 69.285197675981081, 41.317329389107293 ] ] ] } },
{ "type": "Feature", "properties": { "Туман": "Юнусобод", "Кўча": "Усмон Носир кўча", "Тури": "Наземные", "Эни(м)": 3, "Узунл": 13 }, "geometry": { "type": "MultiLineString", "coordinates": [ [ [ 69.285117579119344, 41.317232834556464 ], [ 69.285041731946166, 41.317134435244789 ] ] ] } },
{ "type": "Feature", "properties": { "Туман": "Юнусобод", "Кўча": "Олой кўча", "Тури": "Наземные", "Эни(м)": 3, "Узунл": 10 }, "geometry": { "type": "MultiLineString", "coordinates": [ [ [ 69.28534403983538, 41.317419359717725 ], [ 69.285460667852874, 41.317385138219173 ] ] ] } },
{ "type": "Feature", "properties": { "Туман": "Юнусобод", "Кўча": "-", "Тури": "Наземные", "Эни(м)": 3, "Узунл": 10 }, "geometry": { "type": "MultiLineString", "coordinates": [ [ [ 69.28356724723848, 41.317795171973174 ], [ 69.283676596214619, 41.317765097119263 ] ] ] } },
{ "type": "Feature", "properties": { "Туман": "Юнусобод", "Кўча": "Усмон Носир кўча", "Тури": "Наземные", "Эни(м)": 3, "Узунл": 8 }, "geometry": { "type": "MultiLineString", "coordinates": [ [ [ 69.2817317312809, 41.318521887349014 ], [ 69.281683429263097, 41.318463311822796 ] ] ] } },
{ "type": "Feature", "properties": { "Туман": "Юнусобод", "Кўча": "Усмон Носир кўча", "Тури": "Наземные", "Эни(м)": 3, "Узунл": 8 }, "geometry": { "type": "MultiLineString", "coordinates": [ [ [ 69.281623328406624, 41.318348364127282 ], [ 69.281585318937545, 41.318278758298682 ] ] ] } },
{ "type": "Feature", "properties": { "Туман": "Юнусобод", "Кўча": "-", "Тури": "Наземные", "Эни(м)": 3, "Узунл": 8 }, "geometry": { "type": "MultiLineString", "coordinates": [ [ [ 69.275635174794957, 41.322056895636265 ], [ 69.275628783139837, 41.321983543807526 ] ] ] } },
{ "type": "Feature", "properties": { "Туман": "Юнусобод", "Кўча": "-", "Тури": "Наземные", "Эни(м)": 3, "Узунл": 9 }, "geometry": { "type": "MultiLineString", "coordinates": [ [ [ 69.275727374953021, 41.32271789606709 ], [ 69.275710019024586, 41.322640902159144 ] ] ] } },
{ "type": "Feature", "properties": { "Туман": "Юнусобод", "Кўча": "-", "Тури": "Наземные", "Эни(м)": 3, "Узунл": 22 }, "geometry": { "type": "MultiLineString", "coordinates": [ [ [ 69.281823808017222, 41.32210610582456 ], [ 69.281784018663771, 41.321906277810903 ] ] ] } },
{ "type": "Feature", "properties": { "Туман": "Юнусобод", "Кўча": "-", "Тури": "Наземные", "Эни(м)": 3, "Узунл": 13 }, "geometry": { "type": "MultiLineString", "coordinates": [ [ [ 69.28305269834263, 41.321872901048273 ], [ 69.283024827138917, 41.321757416351694 ] ] ] } },
{ "type": "Feature", "properties": { "Туман": "Юнусобод", "Кўча": "-", "Тури": "Наземные", "Эни(м)": 3, "Узунл": 11 }, "geometry": { "type": "MultiLineString", "coordinates": [ [ [ 69.288179914127255, 41.319713731120771 ], [ 69.288311219027918, 41.319696894698318 ] ] ] } },
{ "type": "Feature", "properties": { "Туман": "Юнусобод", "Кўча": "Амир Темур шоҳ кўча", "Тури": "Наземные", "Эни(м)": 3, "Узунл": 39 }, "geometry": { "type": "MultiLineString", "coordinates": [ [ [ 69.282198876638759, 41.323745400506027 ], [ 69.282657272672878, 41.323689250411419 ] ] ] } },
{ "type": "Feature", "properties": { "Туман": "Юнусобод", "Кўча": "-", "Тури": "Наземные", "Эни(м)": 3, "Узунл": 13 }, "geometry": { "type": "MultiLineString", "coordinates": [ [ [ 69.282596357687439, 41.325640047621839 ], [ 69.282571523105261, 41.325523638347704 ] ] ] } },
{ "type": "Feature", "properties": { "Туман": "Юнусобод", "Кўча": "Ниёзбек йўли кўча", "Тури": "Наземные", "Эни(м)": 3, "Узунл": 11 }, "geometry": { "type": "MultiLineString", "coordinates": [ [ [ 69.288761116860954, 41.325163909974222 ], [ 69.288723580619404, 41.325066334205701 ] ] ] } },
{ "type": "Feature", "properties": { "Туман": "Юнусобод", "Кўча": "Ниёзбек йўли кўча", "Тури": "Наземные", "Эни(м)": 3, "Узунл": 9 }, "geometry": { "type": "MultiLineString", "coordinates": [ [ [ 69.290276759941577, 41.324705680267989 ], [ 69.29022229376362, 41.324631533435912 ] ] ] } },
{ "type": "Feature", "properties": { "Туман": "Юнусобод", "Кўча": "Осиё кўча", "Тури": "Наземные", "Эни(м)": 3, "Узунл": 25 }, "geometry": { "type": "MultiLineString", "coordinates": [ [ [ 69.286633162461342, 41.327485794021968 ], [ 69.286579888063613, 41.327266742594155 ] ] ] } },
{ "type": "Feature", "properties": { "Туман": "Юнусобод", "Кўча": "Осиё кўча", "Тури": "Наземные", "Эни(м)": 3, "Узунл": 40 }, "geometry": { "type": "MultiLineString", "coordinates": [ [ [ 69.279259088264283, 41.328304539245686 ], [ 69.279199179272126, 41.327950688548412 ] ] ] } },
{ "type": "Feature", "properties": { "Туман": "Юнусобод", "Кўча": "Осиё кўча", "Тури": "Наземные", "Эни(м)": 3, "Узунл": 41 }, "geometry": { "type": "MultiLineString", "coordinates": [ [ [ 69.278696074355608, 41.328371934205904 ], [ 69.278628825675838, 41.328008013015122 ] ] ] } },
{ "type": "Feature", "properties": { "Туман": "Юнусобод", "Кўча": "-", "Тури": "Наземные", "Эни(м)": 3, "Узунл": 9 }, "geometry": { "type": "MultiLineString", "coordinates": [ [ [ 69.279422033120369, 41.328284884940622 ], [ 69.279526621288753, 41.328275001566503 ] ] ] } },
{ "type": "Feature", "properties": { "Туман": "Юнусобод", "Кўча": "Кичик ҳалқа йўли кўча", "Тури": "Наземные", "Эни(м)": 3, "Узунл": 31 }, "geometry": { "type": "MultiLineString", "coordinates": [ [ [ 69.277408763199503, 41.336232649888203 ], [ 69.2771705836862, 41.336018625368673 ] ] ] } },
{ "type": "Feature", "properties": { "Туман": "Юнусобод", "Кўча": "Кичик ҳалқа йўли кўча", "Тури": "Наземные", "Эни(м)": 3, "Узунл": 54 }, "geometry": { "type": "MultiLineString", "coordinates": [ [ [ 69.275345691142988, 41.33752794499955 ], [ 69.274949822840256, 41.337141880751844 ] ] ] } },
{ "type": "Feature", "properties": { "Туман": "Юнусобод", "Кўча": "Кичик ҳалқа йўли кўча", "Тури": "Наземные", "Эни(м)": 3, "Узунл": 48 }, "geometry": { "type": "MultiLineString", "coordinates": [ [ [ 69.274916942358956, 41.337714221413357 ], [ 69.274562658086367, 41.337378496282113 ] ] ] } },
{ "type": "Feature", "properties": { "Туман": "Юнусобод", "Кўча": "Кичик ҳалқа йўли кўча", "Тури": "Наземные", "Эни(м)": 3, "Узунл": 35 }, "geometry": { "type": "MultiLineString", "coordinates": [ [ [ 69.274131321108328, 41.338108608345706 ], [ 69.273886903905506, 41.337856991401026 ] ] ] } },
{ "type": "Feature", "properties": { "Туман": "Юнусобод", "Кўча": "Кўргазма кўча", "Тури": "Наземные", "Эни(м)": 3, "Узунл": 17 }, "geometry": { "type": "MultiLineString", "coordinates": [ [ [ 69.274267479976189, 41.338078937194823 ], [ 69.274413076744011, 41.337978627709894 ] ] ] } },
{ "type": "Feature", "properties": { "Туман": "Юнусобод", "Кўча": "Ифтихор кўча", "Тури": "Наземные", "Эни(м)": 3, "Узунл": 20 }, "geometry": { "type": "MultiLineString", "coordinates": [ [ [ 69.270142139092613, 41.340352980271966 ], [ 69.270336394465019, 41.340246142153461 ] ] ] } },
{ "type": "Feature", "properties": { "Туман": "Юнусобод", "Кўча": "Кичик ҳалқа йўли кўча", "Тури": "Наземные", "Эни(м)": 3, "Узунл": 28 }, "geometry": { "type": "MultiLineString", "coordinates": [ [ [ 69.295668281594828, 41.332578454682412 ], [ 69.295730421784995, 41.33232884729064 ] ] ] } },
{ "type": "Feature", "properties": { "Туман": "Юнусобод", "Кўча": "Чингиз Айтматов кўча", "Тури": "Наземные", "Эни(м)": 3, "Узунл": 13 }, "geometry": { "type": "MultiLineString", "coordinates": [ [ [ 69.292580628916738, 41.335650791373162 ], [ 69.292729001260199, 41.335634365090485 ] ] ] } },
{ "type": "Feature", "properties": { "Туман": "Юнусобод", "Кўча": "Шивли кўча", "Тури": "Наземные", "Эни(м)": 3, "Узунл": 10 }, "geometry": { "type": "MultiLineString", "coordinates": [ [ [ 69.292850381055345, 41.335568026066284 ], [ 69.292834758843412, 41.335475898585656 ] ] ] } },
{ "type": "Feature", "properties": { "Туман": "Юнусобод", "Кўча": "Шивли кўча", "Тури": "Наземные", "Эни(м)": 3, "Узунл": 10 }, "geometry": { "type": "MultiLineString", "coordinates": [ [ [ 69.2925402010639, 41.335589449316956 ], [ 69.292523983215901, 41.335500074568664 ] ] ] } },
{ "type": "Feature", "properties": { "Туман": "Юнусобод", "Кўча": "Чингиз Айтматов кўча", "Тури": "Наземные", "Эни(м)": 3, "Узунл": 12 }, "geometry": { "type": "MultiLineString", "coordinates": [ [ [ 69.292540724379208, 41.335434460308541 ], [ 69.292687873333179, 41.335416661557808 ] ] ] } },
{ "type": "Feature", "properties": { "Туман": "Юнусобод", "Кўча": "Чингиз Айтматов кўча", "Тури": "Наземные", "Эни(м)": 3, "Узунл": 20 }, "geometry": { "type": "MultiLineString", "coordinates": [ [ [ 69.292044615339307, 41.332784421435797 ], [ 69.292286778062902, 41.332792519060007 ] ] ] } },
{ "type": "Feature", "properties": { "Туман": "Юнусобод", "Кўча": "Чингиз Айтматов кўча", "Тури": "Наземные", "Эни(м)": 3, "Узунл": 17 }, "geometry": { "type": "MultiLineString", "coordinates": [ [ [ 69.293130492622382, 41.338745935121167 ], [ 69.293330561704565, 41.338723873873434 ] ] ] } },
{ "type": "Feature", "properties": { "Туман": "Юнусобод", "Кўча": "Боғишамол кўча", "Тури": "Наземные", "Эни(м)": 3, "Узунл": 24 }, "geometry": { "type": "MultiLineString", "coordinates": [ [ [ 69.293654958322364, 41.340374260364555 ], [ 69.293686865506942, 41.340163249152354 ] ] ] } },
{ "type": "Feature", "properties": { "Туман": "Юнусобод", "Кўча": "Боғишамол кўча", "Тури": "Наземные", "Эни(м)": 3, "Узунл": 22 }, "geometry": { "type": "MultiLineString", "coordinates": [ [ [ 69.292023535751866, 41.340187657338646 ], [ 69.292092039254044, 41.33999581250734 ] ] ] } },
{ "type": "Feature", "properties": { "Туман": "Юнусобод", "Кўча": "Боғишамол кўча", "Тури": "Наземные", "Эни(м)": 3, "Узунл": 19 }, "geometry": { "type": "MultiLineString", "coordinates": [ [ [ 69.289274692096811, 41.339644347287312 ], [ 69.289331144432509, 41.33947729569271 ] ] ] } },
{ "type": "Feature", "properties": { "Туман": "Юнусобод", "Кўча": "Шивли кўча", "Тури": "Наземные", "Эни(м)": 3, "Узунл": 9 }, "geometry": { "type": "MultiLineString", "coordinates": [ [ [ 69.297982153851336, 41.335045871308665 ], [ 69.298010387866626, 41.334966928737209 ] ] ] } },
{ "type": "Feature", "properties": { "Туман": "Юнусобод", "Кўча": "Қозитарнов кўча", "Тури": "Наземные", "Эни(м)": 3, "Узунл": 15 }, "geometry": { "type": "MultiLineString", "coordinates": [ [ [ 69.297762902612362, 41.334860728637409 ], [ 69.29794131806014, 41.334896033318309 ] ] ] } },
{ "type": "Feature", "properties": { "Туман": "Юнусобод", "Кўча": "Боғишамол кўча", "Тури": "Наземные", "Эни(м)": 3, "Узунл": 24 }, "geometry": { "type": "MultiLineString", "coordinates": [ [ [ 69.297017304374791, 41.340679275906069 ], [ 69.297129550120403, 41.340476310180293 ] ] ] } },
{ "type": "Feature", "properties": { "Туман": "Юнусобод", "Кўча": "Мингўрик кўча", "Тури": "Наземные", "Эни(м)": 3, "Узунл": 12 }, "geometry": { "type": "MultiLineString", "coordinates": [ [ [ 69.29914771732669, 41.34140834417056 ], [ 69.299279335770976, 41.341451105032689 ] ] ] } },
{ "type": "Feature", "properties": { "Туман": "Юнусобод", "Кўча": "Янгитарнов кўча", "Тури": "Наземные", "Эни(м)": 3, "Узунл": 25 }, "geometry": { "type": "MultiLineString", "coordinates": [ [ [ 69.299226430861154, 41.341058729838352 ], [ 69.299499443486312, 41.341153396658527 ] ] ] } },
{ "type": "Feature", "properties": { "Туман": "Юнусобод", "Кўча": "Янгитарнов кўча", "Тури": "Наземные", "Эни(м)": 3, "Узунл": 17 }, "geometry": { "type": "MultiLineString", "coordinates": [ [ [ 69.299704224494633, 41.341228981720462 ], [ 69.299885826733359, 41.34129178761097 ] ] ] } },
{ "type": "Feature", "properties": { "Туман": "Юнусобод", "Кўча": "Боғишамол кўча", "Тури": "Наземные", "Эни(м)": 3, "Узунл": 22 }, "geometry": { "type": "MultiLineString", "coordinates": [ [ [ 69.300723419200935, 41.341904049641457 ], [ 69.300821145934847, 41.341721294188034 ] ] ] } },
{ "type": "Feature", "properties": { "Туман": "Юнусобод", "Кўча": "Боғишамол кўча", "Тури": "Наземные", "Эни(м)": 3, "Узунл": 20 }, "geometry": { "type": "MultiLineString", "coordinates": [ [ [ 69.308626203584907, 41.344550931077173 ], [ 69.30873616789026, 41.344386477890225 ] ] ] } },
{ "type": "Feature", "properties": { "Туман": "Юнусобод", "Кўча": "Боғишамол кўча", "Тури": "Наземные", "Эни(м)": 3, "Узунл": 20 }, "geometry": { "type": "MultiLineString", "coordinates": [ [ [ 69.310795995872098, 41.345574061736649 ], [ 69.310934613286946, 41.345421909751103 ] ] ] } },
{ "type": "Feature", "properties": { "Туман": "Юнусобод", "Кўча": "Боғишамол кўча", "Тури": "Наземные", "Эни(м)": 3, "Узунл": 22 }, "geometry": { "type": "MultiLineString", "coordinates": [ [ [ 69.315820065836505, 41.348066777753118 ], [ 69.315931181641076, 41.34789130962654 ] ] ] } },
{ "type": "Feature", "properties": { "Туман": "Юнусобод", "Кўча": "-", "Тури": "Наземные", "Эни(м)": 3, "Узунл": 13 }, "geometry": { "type": "MultiLineString", "coordinates": [ [ [ 69.315876485922672, 41.348157414291279 ], [ 69.316017909048611, 41.348209299876792 ] ] ] } },
{ "type": "Feature", "properties": { "Туман": "Юнусобод", "Кўча": "Янгишаҳар кўча", "Тури": "Наземные", "Эни(м)": 3, "Узунл": 36 }, "geometry": { "type": "MultiLineString", "coordinates": [ [ [ 69.316629984154034, 41.351709962487362 ], [ 69.316902618673836, 41.351963244361329 ] ] ] } },
{ "type": "Feature", "properties": { "Туман": "Юнусобод", "Кўча": "Янгишаҳар кўча", "Тури": "Наземные", "Эни(м)": 4, "Узунл": 32 }, "geometry": { "type": "MultiLineString", "coordinates": [ [ [ 69.312861336077944, 41.354379812130787 ], [ 69.312633862488383, 41.354152076457474 ] ] ] } },
{ "type": "Feature", "properties": { "Туман": "Юнусобод", "Кўча": "Чинобод-3 тор кўча", "Тури": "Наземные", "Эни(м)": 3, "Узунл": 6 }, "geometry": { "type": "MultiLineString", "coordinates": [ [ [ 69.311746539726272, 41.354652459848076 ], [ 69.311802973294448, 41.354618374875066 ] ] ] } },
{ "type": "Feature", "properties": { "Туман": "Юнусобод", "Кўча": "Чинобод-3 тор кўча", "Тури": "Наземные", "Эни(м)": 3, "Узунл": 10 }, "geometry": { "type": "MultiLineString", "coordinates": [ [ [ 69.311163418519712, 41.355010783427147 ], [ 69.311255050697127, 41.354955969172153 ] ] ] } },
{ "type": "Feature", "properties": { "Туман": "Юнусобод", "Кўча": "Отчопар кўча", "Тури": "Наземные", "Эни(м)": 3, "Узунл": 7 }, "geometry": { "type": "MultiLineString", "coordinates": [ [ [ 69.310446697384592, 41.355430450548987 ], [ 69.310508576663437, 41.355389473398176 ] ] ] } },
{ "type": "Feature", "properties": { "Туман": "Юнусобод", "Кўча": "Чинобод кўча", "Тури": "Наземные", "Эни(м)": 3, "Узунл": 18 }, "geometry": { "type": "MultiLineString", "coordinates": [ [ [ 69.304629357911153, 41.355032391073877 ], [ 69.304693146556133, 41.35487815216274 ] ] ] } },
{ "type": "Feature", "properties": { "Туман": "Юнусобод", "Кўча": "Чинобод тор кўча", "Тури": "Наземные", "Эни(м)": 3, "Узунл": 18 }, "geometry": { "type": "MultiLineString", "coordinates": [ [ [ 69.301367571837957, 41.354267418504158 ], [ 69.301572894674592, 41.354319154438841 ] ] ] } },
{ "type": "Feature", "properties": { "Туман": "Юнусобод", "Кўча": "Чинобод кўча", "Тури": "Наземные", "Эни(м)": 3, "Узунл": 15 }, "geometry": { "type": "MultiLineString", "coordinates": [ [ [ 69.301589223966047, 41.354297101638558 ], [ 69.301636091892647, 41.354167211457174 ] ] ] } },
{ "type": "Feature", "properties": { "Туман": "Юнусобод", "Кўча": "Отчопар-2 тор кўча", "Тури": "Наземные", "Эни(м)": 3, "Узунл": 10 }, "geometry": { "type": "MultiLineString", "coordinates": [ [ [ 69.301448903266561, 41.354088832706069 ], [ 69.301564073514811, 41.354122004541885 ] ] ] } },
{ "type": "Feature", "properties": { "Туман": "Юнусобод", "Кўча": "Чинобод кўча", "Тури": "Наземные", "Эни(м)": 3, "Узунл": 13 }, "geometry": { "type": "MultiLineString", "coordinates": [ [ [ 69.301352199462556, 41.354233068115683 ], [ 69.301396705531928, 41.354118774638884 ] ] ] } },
{ "type": "Feature", "properties": { "Туман": "Юнусобод", "Кўча": "Чинобод кўча", "Тури": "Наземные", "Эни(м)": 3, "Узунл": 14 }, "geometry": { "type": "MultiLineString", "coordinates": [ [ [ 69.300323358859885, 41.354018408631106 ], [ 69.300371494684782, 41.353899062112156 ] ] ] } },
{ "type": "Feature", "properties": { "Туман": "Юнусобод", "Кўча": "Чинобод кўча", "Тури": "Наземные", "Эни(м)": 3, "Узунл": 13 }, "geometry": { "type": "MultiLineString", "coordinates": [ [ [ 69.299967579249127, 41.353934964781132 ], [ 69.3000194216837, 41.35382753083632 ] ] ] } },
{ "type": "Feature", "properties": { "Туман": "Юнусобод", "Кўча": "Карим Зарипов кўча", "Тури": "Наземные", "Эни(м)": 3, "Узунл": 7 }, "geometry": { "type": "MultiLineString", "coordinates": [ [ [ 69.300172663796133, 41.353802828529581 ], [ 69.300257946683615, 41.353821406281867 ] ] ] } },
{ "type": "Feature", "properties": { "Туман": "Юнусобод", "Кўча": "Чинобод кўча", "Тури": "Наземные", "Эни(м)": 3, "Узунл": 15 }, "geometry": { "type": "MultiLineString", "coordinates": [ [ [ 69.298921622536398, 41.353701537137944 ], [ 69.298981266390712, 41.353569780668664 ] ] ] } },
{ "type": "Feature", "properties": { "Туман": "Юнусобод", "Кўча": "Чинобод кўча", "Тури": "Наземные", "Эни(м)": 3, "Узунл": 11 }, "geometry": { "type": "MultiLineString", "coordinates": [ [ [ 69.297146881482178, 41.353255844830791 ], [ 69.297186007072511, 41.35316128415537 ] ] ] } },
{ "type": "Feature", "properties": { "Туман": "Юнусобод", "Кўча": "Чинобод кўча", "Тури": "Наземные", "Эни(м)": 3, "Узунл": 12 }, "geometry": { "type": "MultiLineString", "coordinates": [ [ [ 69.292188651477744, 41.35112852373345 ], [ 69.292218614171986, 41.351024817125889 ] ] ] } },
{ "type": "Feature", "properties": { "Туман": "Юнусобод", "Кўча": "Чинобод-1 тор кўча", "Тури": "Наземные", "Эни(м)": 3, "Узунл": 6 }, "geometry": { "type": "MultiLineString", "coordinates": [ [ [ 69.292242742517843, 41.351181348016389 ], [ 69.292312149970186, 41.351189196239304 ] ] ] } },
{ "type": "Feature", "properties": { "Туман": "Юнусобод", "Кўча": "Чинобод кўча", "Тури": "Наземные", "Эни(м)": 3, "Узунл": 19 }, "geometry": { "type": "MultiLineString", "coordinates": [ [ [ 69.290444979528345, 41.351143713099269 ], [ 69.290413176650716, 41.350970922945287 ] ] ] } },
{ "type": "Feature", "properties": { "Туман": "Юнусобод", "Кўча": "Шаҳристон кўча", "Тури": "Наземные", "Эни(м)": 3, "Узунл": 14 }, "geometry": { "type": "MultiLineString", "coordinates": [ [ [ 69.285451085121224, 41.35135246365212 ], [ 69.285448092196518, 41.351224537799844 ] ] ] } },
{ "type": "Feature", "properties": { "Туман": "Юнусобод", "Кўча": "Шаҳристон кўча", "Тури": "Наземные", "Эни(м)": 3, "Узунл": 25 }, "geometry": { "type": "MultiLineString", "coordinates": [ [ [ 69.280169037487255, 41.351494752191577 ], [ 69.280161979116357, 41.351267790972351 ] ] ] } },
{ "type": "Feature", "properties": { "Туман": "Юнусобод", "Кўча": "Шаҳристон кўча", "Тури": "Наземные", "Эни(м)": 3, "Узунл": 15 }, "geometry": { "type": "MultiLineString", "coordinates": [ [ [ 69.276244523889957, 41.352913339090762 ], [ 69.276124201778885, 41.352809538771481 ] ] ] } },
{ "type": "Feature", "properties": { "Туман": "Юнусобод", "Кўча": "Ғайратий кўча", "Тури": "Наземные", "Эни(м)": 3, "Узунл": 11 }, "geometry": { "type": "MultiLineString", "coordinates": [ [ [ 69.272720873175203, 41.357100435893848 ], [ 69.272836694592812, 41.357146015553433 ] ] ] } },
{ "type": "Feature", "properties": { "Туман": "Юнусобод", "Кўча": "Ғайратий кўча", "Тури": "Наземные", "Эни(м)": 3, "Узунл": 11 }, "geometry": { "type": "MultiLineString", "coordinates": [ [ [ 69.272585181726456, 41.35721718652588 ], [ 69.272702864798561, 41.357254192988961 ] ] ] } },
{ "type": "Feature", "properties": { "Туман": "Юнусобод", "Кўча": "Ғайратий кўча", "Тури": "Наземные", "Эни(м)": 3, "Узунл": 5 }, "geometry": { "type": "MultiLineString", "coordinates": [ [ [ 69.272744200296316, 41.357294343793917 ], [ 69.272757148944493, 41.357334664783515 ] ] ] } },
{ "type": "Feature", "properties": { "Туман": "Юнусобод", "Кўча": "Янгишаҳар кўча", "Тури": "Наземные", "Эни(м)": 3, "Узунл": 7 }, "geometry": { "type": "MultiLineString", "coordinates": [ [ [ 69.292284289248244, 41.366318158456266 ], [ 69.29229375698884, 41.366257607001138 ] ] ] } },
{ "type": "Feature", "properties": { "Туман": "Юнусобод", "Кўча": "Аҳмад Дониш кўча", "Тури": "Наземные", "Эни(м)": 3, "Узунл": 50 }, "geometry": { "type": "MultiLineString", "coordinates": [ [ [ 69.293505078853812, 41.370200726252584 ], [ 69.294088988511035, 41.370101107838771 ] ] ] } },
{ "type": "Feature", "properties": { "Туман": "Юнусобод", "Кўча": "Аҳмад Дониш кўча", "Тури": "Наземные", "Эни(м)": 3, "Узунл": 6 }, "geometry": { "type": "MultiLineString", "coordinates": [ [ [ 69.294270358239572, 41.373067401505033 ], [ 69.294340920876962, 41.373056216075319 ] ] ] } },
{ "type": "Feature", "properties": { "Туман": "Юнусобод", "Кўча": "Аҳмад Дониш кўча", "Тури": "Наземные", "Эни(м)": 3, "Узунл": 10 }, "geometry": { "type": "MultiLineString", "coordinates": [ [ [ 69.294502730351283, 41.373031040911464 ], [ 69.294617083925331, 41.373011489508862 ] ] ] } },
{ "type": "Feature", "properties": { "Туман": "Юнусобод", "Кўча": "Аҳмад Дониш кўча", "Тури": "Наземные", "Эни(м)": 3, "Узунл": 10 }, "geometry": { "type": "MultiLineString", "coordinates": [ [ [ 69.294673053581576, 41.373004009558088 ], [ 69.294794707621392, 41.372983522204088 ] ] ] } },
{ "type": "Feature", "properties": { "Туман": "Юнусобод", "Кўча": "Аҳмад Дониш кўча", "Тури": "Наземные", "Эни(м)": 3, "Узунл": 6 }, "geometry": { "type": "MultiLineString", "coordinates": [ [ [ 69.294945545185371, 41.372955164740596 ], [ 69.295016716308567, 41.372943977336931 ] ] ] } },
{ "type": "Feature", "properties": { "Туман": "Юнусобод", "Кўча": "Юнусота кўча", "Тури": "Наземные", "Эни(м)": 3, "Узунл": 12 }, "geometry": { "type": "MultiLineString", "coordinates": [ [ [ 69.295696425794176, 41.375444028833975 ], [ 69.295798338207732, 41.375364898000463 ] ] ] } },
{ "type": "Feature", "properties": { "Туман": "Юнусобод", "Кўча": "Аҳмад Дониш кўча", "Тури": "Наземные", "Эни(м)": 3, "Узунл": 71 }, "geometry": { "type": "MultiLineString", "coordinates": [ [ [ 69.295363964823395, 41.37677189789499 ], [ 69.296193648733009, 41.376623032535136 ] ] ] } },
{ "type": "Feature", "properties": { "Туман": "Юнусобод", "Кўча": "Аҳмад Дониш кўча", "Тури": "Подземные", "Эни(м)": 4, "Узунл": 72 }, "geometry": { "type": "MultiLineString", "coordinates": [ [ [ 69.295821420309352, 41.378309583281791 ], [ 69.296662118107449, 41.378168939976618 ] ] ] } },
{ "type": "Feature", "properties": { "Туман": "Юнусобод", "Кўча": "Хиёбон кўча", "Тури": "Наземные", "Эни(м)": 3, "Узунл": 20 }, "geometry": { "type": "MultiLineString", "coordinates": [ [ [ 69.297528907132602, 41.381616756074123 ], [ 69.29771592158923, 41.381507139933085 ] ] ] } },
{ "type": "Feature", "properties": { "Туман": "Юнусобод", "Кўча": "Хиёбон кўча", "Тури": "Наземные", "Эни(м)": 3, "Узунл": 8 }, "geometry": { "type": "MultiLineString", "coordinates": [ [ [ 69.297850992583435, 41.381621883874004 ], [ 69.297836075795274, 41.381554975682953 ] ] ] } },
{ "type": "Feature", "properties": { "Туман": "Юнусобод", "Кўча": "-", "Тури": "Наземные", "Эни(м)": 3, "Узунл": 11 }, "geometry": { "type": "MultiLineString", "coordinates": [ [ [ 69.296842597462785, 41.381711612074568 ], [ 69.296975838514626, 41.381692009623258 ] ] ] } },
{ "type": "Feature", "properties": { "Туман": "Юнусобод", "Кўча": "271-Номсиз кўча", "Тури": "Наземные", "Эни(м)": 3, "Узунл": 15 }, "geometry": { "type": "MultiLineString", "coordinates": [ [ [ 69.305593829918891, 41.37810063073124 ], [ 69.305775261314693, 41.378103817100751 ] ] ] } },
{ "type": "Feature", "properties": { "Туман": "Юнусобод", "Кўча": "271-Номсиз кўча", "Тури": "Наземные", "Эни(м)": 3, "Узунл": 12 }, "geometry": { "type": "MultiLineString", "coordinates": [ [ [ 69.305650985480327, 41.376785386177701 ], [ 69.305789488105518, 41.376787081651948 ] ] ] } },
{ "type": "Feature", "properties": { "Туман": "Юнусобод", "Кўча": "Гузар кўча", "Тури": "Наземные", "Эни(м)": 3, "Узунл": 6 }, "geometry": { "type": "MultiLineString", "coordinates": [ [ [ 69.305798257142257, 41.376774677768118 ], [ 69.305801351894644, 41.376720561816249 ] ] ] } },
{ "type": "Feature", "properties": { "Туман": "Юнусобод", "Кўча": "271-Номсиз кўча", "Тури": "Наземные", "Эни(м)": 3, "Узунл": 12 }, "geometry": { "type": "MultiLineString", "coordinates": [ [ [ 69.30564442841856, 41.374344365036251 ], [ 69.305792345190866, 41.374342596455641 ] ] ] } },
{ "type": "Feature", "properties": { "Туман": "Юнусобод", "Кўча": "-", "Тури": "Наземные", "Эни(м)": 3, "Узунл": 10 }, "geometry": { "type": "MultiLineString", "coordinates": [ [ [ 69.305647248482302, 41.373906451580986 ], [ 69.305767143200569, 41.373900630594086 ] ] ] } },
{ "type": "Feature", "properties": { "Туман": "Юнусобод", "Кўча": "Деҳқонобод кўча", "Тури": "Наземные", "Эни(м)": 3, "Узунл": 17 }, "geometry": { "type": "MultiLineString", "coordinates": [ [ [ 69.308999217381981, 41.373571477771115 ], [ 69.309158890049545, 41.37348163355891 ] ] ] } },
{ "type": "Feature", "properties": { "Туман": "Юнусобод", "Кўча": "-", "Тури": "Наземные", "Эни(м)": 3, "Узунл": 12 }, "geometry": { "type": "MultiLineString", "coordinates": [ [ [ 69.308685254912717, 41.373344884376813 ], [ 69.308799374843289, 41.373276714236987 ] ] ] } },
{ "type": "Feature", "properties": { "Туман": "Юнусобод", "Кўча": "Деҳқонобод кўча", "Тури": "Наземные", "Эни(м)": 3, "Узунл": 6 }, "geometry": { "type": "MultiLineString", "coordinates": [ [ [ 69.308981783357709, 41.373617837152864 ], [ 69.309030672774, 41.373658057421672 ] ] ] } },
{ "type": "Feature", "properties": { "Туман": "Юнусобод", "Кўча": "-", "Тури": "Наземные", "Эни(м)": 3, "Узунл": 11 }, "geometry": { "type": "MultiLineString", "coordinates": [ [ [ 69.309354585417708, 41.373543010595199 ], [ 69.309434685392802, 41.373617995850438 ] ] ] } },
{ "type": "Feature", "properties": { "Туман": "Юнусобод", "Кўча": "-", "Тури": "Наземные", "Эни(м)": 3, "Узунл": 26 }, "geometry": { "type": "MultiLineString", "coordinates": [ [ [ 69.310566627446036, 41.3747044382173 ], [ 69.310765928016522, 41.374882730856172 ] ] ] } },
{ "type": "Feature", "properties": { "Туман": "Юнусобод", "Кўча": "Деҳқонобод кўча", "Тури": "Наземные", "Эни(м)": 3, "Узунл": 14 }, "geometry": { "type": "MultiLineString", "coordinates": [ [ [ 69.310267571567394, 41.37479878711089 ], [ 69.3103974760336, 41.374721402039917 ] ] ] } },
{ "type": "Feature", "properties": { "Туман": "Юнусобод", "Кўча": "Деҳқонобод кўча", "Тури": "Наземные", "Эни(м)": 3, "Узунл": 18 }, "geometry": { "type": "MultiLineString", "coordinates": [ [ [ 69.312949884904882, 41.377373104546358 ], [ 69.313122316832263, 41.37727725917162 ] ] ] } },
{ "type": "Feature", "properties": { "Туман": "Юнусобод", "Кўча": "-", "Тури": "Наземные", "Эни(м)": 3, "Узунл": 7 }, "geometry": { "type": "MultiLineString", "coordinates": [ [ [ 69.313629111169476, 41.377592271646172 ], [ 69.313679268024998, 41.377641657252362 ] ] ] } },
{ "type": "Feature", "properties": { "Туман": "Юнусобод", "Кўча": "Деҳқонобод кўча", "Тури": "Наземные", "Эни(м)": 3, "Узунл": 15 }, "geometry": { "type": "MultiLineString", "coordinates": [ [ [ 69.314539810155736, 41.378849853664697 ], [ 69.314685550214733, 41.378773337599689 ] ] ] } },
{ "type": "Feature", "properties": { "Туман": "Юнусобод", "Кўча": "Деҳқонобод кўча", "Тури": "Наземные", "Эни(м)": 3, "Узунл": 15 }, "geometry": { "type": "MultiLineString", "coordinates": [ [ [ 69.316486380829346, 41.379786357319766 ], [ 69.316500355933556, 41.379655176509132 ] ] ] } },
{ "type": "Feature", "properties": { "Туман": "Юнусобод", "Кўча": "Деҳқонобод кўча", "Тури": "Наземные", "Эни(м)": 3, "Узунл": 15 }, "geometry": { "type": "MultiLineString", "coordinates": [ [ [ 69.317689795835705, 41.379875666346514 ], [ 69.317711044974303, 41.379738504294068 ] ] ] } },
{ "type": "Feature", "properties": { "Туман": "Юнусобод", "Кўча": "Катта ҳалқа йўли кўча", "Тури": "Наземные", "Эни(м)": 3, "Узунл": 11 }, "geometry": { "type": "MultiLineString", "coordinates": [ [ [ 69.31987445368803, 41.379439045537232 ], [ 69.32000489308794, 41.379471239204122 ] ] ] } },
{ "type": "Feature", "properties": { "Туман": "Юнусобод", "Кўча": "Катта ҳалқа йўли кўча", "Тури": "Наземные", "Эни(м)": 3, "Узунл": 7 }, "geometry": { "type": "MultiLineString", "coordinates": [ [ [ 69.320070109463629, 41.379486648181597 ], [ 69.320153596158931, 41.379503381912372 ] ] ] } },
{ "type": "Feature", "properties": { "Туман": "Юнусобод", "Кўча": "-", "Тури": "Наземные", "Эни(м)": 3, "Узунл": 8 }, "geometry": { "type": "MultiLineString", "coordinates": [ [ [ 69.315690652019796, 41.374995424818579 ], [ 69.31577663558113, 41.375026369638512 ] ] ] } },
{ "type": "Feature", "properties": { "Туман": "Юнусобод", "Кўча": "-", "Тури": "Наземные", "Эни(м)": 3, "Узунл": 7 }, "geometry": { "type": "MultiLineString", "coordinates": [ [ [ 69.315526925767472, 41.375253114871612 ], [ 69.315598879627856, 41.375278137267891 ] ] ] } },
{ "type": "Feature", "properties": { "Туман": "Юнусобод", "Кўча": "-", "Тури": "Наземные", "Эни(м)": 3, "Узунл": 7 }, "geometry": { "type": "MultiLineString", "coordinates": [ [ [ 69.315387986339061, 41.375475429162542 ], [ 69.315464810374081, 41.375500438293884 ] ] ] } },
{ "type": "Feature", "properties": { "Туман": "Юнусобод", "Кўча": "-", "Тури": "Наземные", "Эни(м)": 3, "Узунл": 10 }, "geometry": { "type": "MultiLineString", "coordinates": [ [ [ 69.315233787379157, 41.375689531358027 ], [ 69.315338665031589, 41.375725010143128 ] ] ] } },
{ "type": "Feature", "properties": { "Туман": "Юнусобод", "Кўча": "-", "Тури": "Наземные", "Эни(м)": 3, "Узунл": 9 }, "geometry": { "type": "MultiLineString", "coordinates": [ [ [ 69.315186685645273, 41.375768529272335 ], [ 69.315286675681079, 41.37580035317022 ] ] ] } },
{ "type": "Feature", "properties": { "Туман": "Юнусобод", "Кўча": "Янги Юнусобод кўча", "Тури": "Наземные", "Эни(м)": 3, "Узунл": 11 }, "geometry": { "type": "MultiLineString", "coordinates": [ [ [ 69.318303134258457, 41.372441037325459 ], [ 69.318355032519662, 41.372348268615333 ] ] ] } },
{ "type": "Feature", "properties": { "Туман": "Юнусобод", "Кўча": "Янги Юнусобод кўча", "Тури": "Наземные", "Эни(м)": 3, "Узунл": 13 }, "geometry": { "type": "MultiLineString", "coordinates": [ [ [ 69.318403291745369, 41.372258261191206 ], [ 69.31846363571772, 41.372149878688873 ] ] ] } },
{ "type": "Feature", "properties": { "Туман": "Юнусобод", "Кўча": "Янги Юнусобод кўча", "Тури": "Наземные", "Эни(м)": 3, "Узунл": 11 }, "geometry": { "type": "MultiLineString", "coordinates": [ [ [ 69.32034311115639, 41.373088338129861 ], [ 69.320392563126333, 41.372993741161778 ] ] ] } },
{ "type": "Feature", "properties": { "Туман": "Юнусобод", "Кўча": "Янги Юнусобод кўча", "Тури": "Наземные", "Эни(м)": 3, "Узунл": 14 }, "geometry": { "type": "MultiLineString", "coordinates": [ [ [ 69.320432288883723, 41.372901922495544 ], [ 69.320486506839345, 41.372786219359583 ] ] ] } },
{ "type": "Feature", "properties": { "Туман": "Юнусобод", "Кўча": "Янги Юнусобод кўча", "Тури": "Наземные", "Эни(м)": 3, "Узунл": 11 }, "geometry": { "type": "MultiLineString", "coordinates": [ [ [ 69.31355682715251, 41.370780394986596 ], [ 69.313619700730996, 41.37069034971897 ] ] ] } },
{ "type": "Feature", "properties": { "Туман": "Юнусобод", "Кўча": "Янги Юнусобод кўча", "Тури": "Наземные", "Эни(м)": 3, "Узунл": 13 }, "geometry": { "type": "MultiLineString", "coordinates": [ [ [ 69.313670417713567, 41.370604005875542 ], [ 69.313738090082879, 41.370499274163954 ] ] ] } },
{ "type": "Feature", "properties": { "Туман": "Юнусобод", "Кўча": "Юнусота кўча", "Тури": "Наземные", "Эни(м)": 3, "Узунл": 23 }, "geometry": { "type": "MultiLineString", "coordinates": [ [ [ 69.312108882497441, 41.368653034417264 ], [ 69.312362524933931, 41.368742220207523 ] ] ] } },
{ "type": "Feature", "properties": { "Туман": "Юнусобод", "Кўча": "Юнусота кўча", "Тури": "Наземные", "Эни(м)": 3, "Узунл": 10 }, "geometry": { "type": "MultiLineString", "coordinates": [ [ [ 69.313355662391629, 41.366660496502462 ], [ 69.313460517901461, 41.366694601505216 ] ] ] } },
{ "type": "Feature", "properties": { "Туман": "Юнусобод", "Кўча": "Юнусота кўча", "Тури": "Наземные", "Эни(м)": 3, "Узунл": 10 }, "geometry": { "type": "MultiLineString", "coordinates": [ [ [ 69.313495882142433, 41.36670734431722 ], [ 69.313606235611402, 41.366745561076954 ] ] ] } },
{ "type": "Feature", "properties": { "Туман": "Юнусобод", "Кўча": "Юнусота кўча", "Тури": "Наземные", "Эни(м)": 3, "Узунл": 24 }, "geometry": { "type": "MultiLineString", "coordinates": [ [ [ 69.313980254459111, 41.365666970209347 ], [ 69.314240005258725, 41.365762554821821 ] ] ] } },
{ "type": "Feature", "properties": { "Туман": "Юнусобод", "Кўча": "Олтин мерос кўча", "Тури": "Наземные", "Эни(м)": 3, "Узунл": 13 }, "geometry": { "type": "MultiLineString", "coordinates": [ [ [ 69.313217305675863, 41.365225181631395 ], [ 69.31329839876922, 41.365127750211812 ] ] ] } },
{ "type": "Feature", "properties": { "Туман": "Юнусобод", "Кўча": "Оқтепа кўча", "Тури": "Наземные", "Эни(м)": 3, "Узунл": 14 }, "geometry": { "type": "MultiLineString", "coordinates": [ [ [ 69.314880364741683, 41.365897908213483 ], [ 69.314951044878967, 41.365787206447109 ] ] ] } },
{ "type": "Feature", "properties": { "Туман": "Юнусобод", "Кўча": "Янгишаҳар кўча", "Тури": "Наземные", "Эни(м)": 3, "Узунл": 31 }, "geometry": { "type": "MultiLineString", "coordinates": [ [ [ 69.303603029394651, 41.360012572332955 ], [ 69.303369524802918, 41.359794005299584 ] ] ] } },
{ "type": "Feature", "properties": { "Туман": "Юнусобод", "Кўча": "Янгишаҳар кўча", "Тури": "Наземные", "Эни(м)": 3, "Узунл": 15 }, "geometry": { "type": "MultiLineString", "coordinates": [ [ [ 69.303744413152344, 41.360052550908449 ], [ 69.303876683660505, 41.359965078861038 ] ] ] } },
{ "type": "Feature", "properties": { "Туман": "Юнусобод", "Кўча": "Амир Темур шоҳ кўча", "Тури": "Наземные", "Эни(м)": 3, "Узунл": 45 }, "geometry": { "type": "MultiLineString", "coordinates": [ [ [ 69.287683839172018, 41.352194060819222 ], [ 69.288213023448364, 41.352138628847001 ] ] ] } },
{ "type": "Feature", "properties": { "Туман": "Юнусобод", "Кўча": "Амир Темур шоҳ кўча", "Тури": "Наземные", "Эни(м)": 3, "Узунл": 23 }, "geometry": { "type": "MultiLineString", "coordinates": [ [ [ 69.287490529603218, 41.374366846941129 ], [ 69.287763026296332, 41.37431664350094 ] ] ] } },
{ "type": "Feature", "properties": { "Туман": "Юнусобод", "Кўча": "Амир Темур шоҳ кўча", "Тури": "Наземные", "Эни(м)": 3, "Узунл": 24 }, "geometry": { "type": "MultiLineString", "coordinates": [ [ [ 69.28744363565734, 41.374223899490801 ], [ 69.287727085014453, 41.374172751695831 ] ] ] } },
{ "type": "Feature", "properties": { "Туман": "Юнусобод", "Кўча": "Аҳилобод кўча", "Тури": "Наземные", "Эни(м)": 3, "Узунл": 11 }, "geometry": { "type": "MultiLineString", "coordinates": [ [ [ 69.28783831174394, 41.374271518262596 ], [ 69.287806224853696, 41.374173470877395 ] ] ] } },
{ "type": "Feature", "properties": { "Туман": "Юнусобод", "Кўча": "Янгишаҳар кўча", "Тури": "Наземные", "Эни(м)": 3, "Узунл": 31 }, "geometry": { "type": "MultiLineString", "coordinates": [ [ [ 69.29479471337541, 41.365298608765571 ], [ 69.294564850382741, 41.365075429320946 ] ] ] } },
{ "type": "Feature", "properties": { "Туман": "Юнусобод", "Кўча": "Янгишаҳар кўча", "Тури": "Наземные", "Эни(м)": 3, "Узунл": 31 }, "geometry": { "type": "MultiLineString", "coordinates": [ [ [ 69.29975613615521, 41.36229793860192 ], [ 69.299522623558389, 41.362076612619489 ] ] ] } },
{ "type": "Feature", "properties": { "Туман": "Юнусобод", "Кўча": "Янгишаҳар-2 тор кўча", "Тури": "Наземные", "Эни(м)": 3, "Узунл": 17 }, "geometry": { "type": "MultiLineString", "coordinates": [ [ [ 69.302004672956656, 41.360508334211929 ], [ 69.302163691540372, 41.360413457280202 ] ] ] } },
{ "type": "Feature", "properties": { "Туман": "Юнусобод", "Кўча": "Янги Юнусобод кўча", "Тури": "Наземные", "Эни(м)": 3, "Узунл": 11 }, "geometry": { "type": "MultiLineString", "coordinates": [ [ [ 69.304769320735247, 41.368141257230263 ], [ 69.304821852119005, 41.368050327027838 ] ] ] } },
{ "type": "Feature", "properties": { "Туман": "Юнусобод", "Кўча": "Янги Юнусобод кўча", "Тури": "Наземные", "Эни(м)": 3, "Узунл": 12 }, "geometry": { "type": "MultiLineString", "coordinates": [ [ [ 69.304869518213735, 41.367960326770799 ], [ 69.304921393537782, 41.367859310361169 ] ] ] } },
{ "type": "Feature", "properties": { "Туман": "Юнусобод", "Кўча": "Янги Юнусобод кўча", "Тури": "Наземные", "Эни(м)": 3, "Узунл": 11 }, "geometry": { "type": "MultiLineString", "coordinates": [ [ [ 69.307758012981864, 41.368924286167797 ], [ 69.307802623578652, 41.368832458720682 ] ] ] } },
{ "type": "Feature", "properties": { "Туман": "Юнусобод", "Кўча": "Янги Юнусобод кўча", "Тури": "Наземные", "Эни(м)": 3, "Узунл": 12 }, "geometry": { "type": "MultiLineString", "coordinates": [ [ [ 69.307843607876947, 41.368746143443758 ], [ 69.307879653418553, 41.368645168061541 ] ] ] } },
{ "type": "Feature", "properties": { "Туман": "Юнусобод", "Кўча": "Янги Юнусобод кўча", "Тури": "Наземные", "Эни(м)": 3, "Узунл": 11 }, "geometry": { "type": "MultiLineString", "coordinates": [ [ [ 69.309368179284021, 41.369345494580564 ], [ 69.309415235691432, 41.369256411185397 ] ] ] } },
{ "type": "Feature", "properties": { "Туман": "Юнусобод", "Кўча": "Янги Юнусобод кўча", "Тури": "Наземные", "Эни(м)": 3, "Узунл": 12 }, "geometry": { "type": "MultiLineString", "coordinates": [ [ [ 69.309457426804386, 41.369168257934184 ], [ 69.309504422116262, 41.369066335525829 ] ] ] } },
{ "type": "Feature", "properties": { "Туман": "Юнусобод", "Кўча": "Юнусота кўча", "Тури": "Наземные", "Эни(м)": 3, "Узунл": 19 }, "geometry": { "type": "MultiLineString", "coordinates": [ [ [ 69.30370575825404, 41.374514572280106 ], [ 69.303663574957497, 41.374345023702247 ] ] ] } },
{ "type": "Feature", "properties": { "Туман": "Юнусобод", "Кўча": "Юнусота кўча", "Тури": "Наземные", "Эни(м)": 3, "Узунл": 21 }, "geometry": { "type": "MultiLineString", "coordinates": [ [ [ 69.302380777786539, 41.374702394644565 ], [ 69.302336086410534, 41.37451634472383 ] ] ] } },
{ "type": "Feature", "properties": { "Туман": "Юнусобод", "Кўча": "Юнусота кўча", "Тури": "Наземные", "Эни(м)": 3, "Узунл": 20 }, "geometry": { "type": "MultiLineString", "coordinates": [ [ [ 69.302137429894714, 41.374735131632519 ], [ 69.302096446785711, 41.374560993929926 ] ] ] } },
{ "type": "Feature", "properties": { "Туман": "Юнусобод", "Кўча": "-", "Тури": "Наземные", "Эни(м)": 3, "Узунл": 6 }, "geometry": { "type": "MultiLineString", "coordinates": [ [ [ 69.302216480620956, 41.374453380337577 ], [ 69.302288269333062, 41.37444402097843 ] ] ] } },
{ "type": "Feature", "properties": { "Туман": "Юнусобод", "Кўча": "Юнусота кўча", "Тури": "Наземные", "Эни(м)": 3, "Узунл": 20 }, "geometry": { "type": "MultiLineString", "coordinates": [ [ [ 69.299443050946309, 41.375120928462984 ], [ 69.29939780515457, 41.374944966736514 ] ] ] } },
{ "type": "Feature", "properties": { "Туман": "Юнусобод", "Кўча": "Юнусота кўча", "Тури": "Наземные", "Эни(м)": 3, "Узунл": 22 }, "geometry": { "type": "MultiLineString", "coordinates": [ [ [ 69.310377332040019, 41.371380072935139 ], [ 69.310622421543584, 41.371461031851233 ] ] ] } },
{ "type": "Feature", "properties": { "Туман": "Юнусобод", "Кўча": "Амир Темур шоҳ кўча", "Тури": "Наземные", "Эни(м)": 3, "Узунл": 25 }, "geometry": { "type": "MultiLineString", "coordinates": [ [ [ 69.288812361290013, 41.378688488050436 ], [ 69.289107399770842, 41.378638224875246 ] ] ] } },
{ "type": "Feature", "properties": { "Туман": "Юнусобод", "Кўча": "Фароғат-5 тор кўча", "Тури": "Наземные", "Эни(м)": 3, "Узунл": 7 }, "geometry": { "type": "MultiLineString", "coordinates": [ [ [ 69.288796443787348, 41.378668352238293 ], [ 69.288777890380985, 41.378602827577751 ] ] ] } },
{ "type": "Feature", "properties": { "Туман": "Юнусобод", "Кўча": "Амир Темур шоҳ кўча", "Тури": "Наземные", "Эни(м)": 3, "Узунл": 23 }, "geometry": { "type": "MultiLineString", "coordinates": [ [ [ 69.288063233690821, 41.376132170475294 ], [ 69.288335757545653, 41.376086551023349 ] ] ] } },
{ "type": "Feature", "properties": { "Туман": "Юнусобод", "Кўча": "Амир Темур шоҳ кўча", "Тури": "Наземные", "Эни(м)": 3, "Узунл": 27 }, "geometry": { "type": "MultiLineString", "coordinates": [ [ [ 69.286180525945753, 41.3699259372735 ], [ 69.286494400564834, 41.36987655098693 ] ] ] } },
{ "type": "Feature", "properties": { "Туман": "Юнусобод", "Кўча": "Амир Темур шоҳ кўча", "Тури": "Наземные", "Эни(м)": 3, "Узунл": 34 }, "geometry": { "type": "MultiLineString", "coordinates": [ [ [ 69.288994254400322, 41.358988202060225 ], [ 69.289400609193279, 41.358944995108793 ] ] ] } },
{ "type": "Feature", "properties": { "Туман": "Юнусобод", "Кўча": "Амир Темур шоҳ кўча", "Тури": "Наземные", "Эни(м)": 3, "Узунл": 33 }, "geometry": { "type": "MultiLineString", "coordinates": [ [ [ 69.286325194455372, 41.344466882011922 ], [ 69.2867144360238, 41.344426478330497 ] ] ] } },
{ "type": "Feature", "properties": { "Туман": "Юнусобод", "Кўча": "Амир Темур шоҳ кўча", "Тури": "Наземные", "Эни(м)": 3, "Узунл": 27 }, "geometry": { "type": "MultiLineString", "coordinates": [ [ [ 69.285911712732641, 41.342165107781291 ], [ 69.286235265655264, 41.342133122649429 ] ] ] } },
{ "type": "Feature", "properties": { "Туман": "Юнусобод", "Кўча": "Амир Темур шоҳ кўча", "Тури": "Наземные", "Эни(м)": 3, "Узунл": 32 }, "geometry": { "type": "MultiLineString", "coordinates": [ [ [ 69.285049760937156, 41.337609785739872 ], [ 69.285431669769238, 41.337571238711512 ] ] ] } },
{ "type": "Feature", "properties": { "Туман": "Юнусобод", "Кўча": "Ифтихор кўча", "Тури": "Наземные", "Эни(м)": 3, "Узунл": 17 }, "geometry": { "type": "MultiLineString", "coordinates": [ [ [ 69.276852540330324, 41.345893657372727 ], [ 69.277029876569301, 41.345813444229115 ] ] ] } },
{ "type": "Feature", "properties": { "Туман": "Юнусобод", "Кўча": "Корхожаота кўча", "Тури": "Наземные", "Эни(м)": 3, "Узунл": 18 }, "geometry": { "type": "MultiLineString", "coordinates": [ [ [ 69.276892947226258, 41.345664747365589 ], [ 69.277024923269877, 41.345793280273554 ] ] ] } },
{ "type": "Feature", "properties": { "Туман": "Юнусобод", "Кўча": "Ифтихор кўча", "Тури": "Наземные", "Эни(м)": 3, "Узунл": 15 }, "geometry": { "type": "MultiLineString", "coordinates": [ [ [ 69.276710574548559, 41.345705079194701 ], [ 69.276864228622017, 41.34563638680693 ] ] ] } },
{ "type": "Feature", "properties": { "Туман": "Юнусобод", "Кўча": "Корхожаота кўча", "Тури": "Наземные", "Эни(м)": 3, "Узунл": 8 }, "geometry": { "type": "MultiLineString", "coordinates": [ [ [ 69.276702793600606, 41.34587934412351 ], [ 69.276642308202725, 41.345821254604914 ] ] ] } },
{ "type": "Feature", "properties": { "Туман": "Юнусобод", "Кўча": "Уста Ширин кўча", "Тури": "Наземные", "Эни(м)": 3, "Узунл": 11 }, "geometry": { "type": "MultiLineString", "coordinates": [ [ [ 69.276939056445741, 41.340749973690421 ], [ 69.276856584900287, 41.340671302690723 ] ] ] } },
{ "type": "Feature", "properties": { "Туман": "Юнусобод", "Кўча": "Кўргазма кўча", "Тури": "Наземные", "Эни(м)": 3, "Узунл": 14 }, "geometry": { "type": "MultiLineString", "coordinates": [ [ [ 69.276871469270148, 41.34059423164517 ], [ 69.277005608589192, 41.34051779072643 ] ] ] } },
{ "type": "Feature", "properties": { "Туман": "Юнусобод", "Кўча": "Корхожаота-3 тор кўча", "Тури": "Наземные", "Эни(м)": 3, "Узунл": 9 }, "geometry": { "type": "MultiLineString", "coordinates": [ [ [ 69.278662402566368, 41.342382354121121 ], [ 69.278730809984296, 41.342443633229365 ] ] ] } },
{ "type": "Feature", "properties": { "Туман": "Юнусобод", "Кўча": "Ифтихор кўча", "Тури": "Наземные", "Эни(м)": 3, "Узунл": 22 }, "geometry": { "type": "MultiLineString", "coordinates": [ [ [ 69.281430044738286, 41.347850619958159 ], [ 69.281406061222114, 41.347650754068283 ] ] ] } },
{ "type": "Feature", "properties": { "Туман": "Юнусобод", "Кўча": "Ифтихор кўча", "Тури": "Наземные", "Эни(м)": 3, "Узунл": 11 }, "geometry": { "type": "MultiLineString", "coordinates": [ [ [ 69.286998907739857, 41.348378864962058 ], [ 69.28698631898925, 41.348283519527385 ] ] ] } },
{ "type": "Feature", "properties": { "Туман": "Юнусобод", "Кўча": "Ифтихор кўча", "Тури": "Наземные", "Эни(м)": 3, "Узунл": 9 }, "geometry": { "type": "MultiLineString", "coordinates": [ [ [ 69.286972505232697, 41.348186342974422 ], [ 69.286938083252025, 41.348107559497365 ] ] ] } },
{ "type": "Feature", "properties": { "Туман": "Юнусобод", "Кўча": "Бўзсувбўйи кўча", "Тури": "Наземные", "Эни(м)": 3, "Узунл": 8 }, "geometry": { "type": "MultiLineString", "coordinates": [ [ [ 69.287521817499155, 41.348494717395823 ], [ 69.287509923200219, 41.348419087610303 ] ] ] } },
{ "type": "Feature", "properties": { "Туман": "Юнусобод", "Кўча": "Боғишамол кўча", "Тури": "Наземные", "Эни(м)": 3, "Узунл": 27 }, "geometry": { "type": "MultiLineString", "coordinates": [ [ [ 69.333718463893021, 41.354615835819061 ], [ 69.333958648966458, 41.354458317850586 ] ] ] } },
{ "type": "Feature", "properties": { "Туман": "Юнусобод", "Кўча": "Боғишамол кўча", "Тури": "Наземные", "Эни(м)": 3, "Узунл": 23 }, "geometry": { "type": "MultiLineString", "coordinates": [ [ [ 69.333949143373275, 41.354741724186177 ], [ 69.334157786841274, 41.354604473159185 ] ] ] } },
{ "type": "Feature", "properties": { "Туман": "Юнусобод", "Кўча": "Гуллола кўча", "Тури": "Наземные", "Эни(м)": 3, "Узунл": 13 }, "geometry": { "type": "MultiLineString", "coordinates": [ [ [ 69.33371790686364, 41.354625925351044 ], [ 69.333833904260786, 41.354698497060561 ] ] ] } },
{ "type": "Feature", "properties": { "Туман": "Юнусобод", "Кўча": "Рихсилий кўча", "Тури": "Наземные", "Эни(м)": 3, "Узунл": 12 }, "geometry": { "type": "MultiLineString", "coordinates": [ [ [ 69.283333741446356, 41.36806053006319 ], [ 69.28326027820512, 41.367963500241878 ] ] ] } },
{ "type": "Feature", "properties": { "Туман": "Юнусобод", "Кўча": "Рихсилий кўча", "Тури": "Наземные", "Эни(м)": 3, "Узунл": 9 }, "geometry": { "type": "MultiLineString", "coordinates": [ [ [ 69.28324376034135, 41.367944282180446 ], [ 69.283192337030414, 41.367876544682929 ] ] ] } },
{ "type": "Feature", "properties": { "Туман": "Юнусобод", "Кўча": "Рихсилий кўча", "Тури": "Наземные", "Эни(м)": 3, "Узунл": 12 }, "geometry": { "type": "MultiLineString", "coordinates": [ [ [ 69.280484066366427, 41.36938168884295 ], [ 69.280410639322497, 41.369292452328111 ] ] ] } },
{ "type": "Feature", "properties": { "Туман": "Юнусобод", "Кўча": "Рихсилий кўча", "Тури": "Наземные", "Эни(м)": 3, "Узунл": 14 }, "geometry": { "type": "MultiLineString", "coordinates": [ [ [ 69.28040145381928, 41.369279635567324 ], [ 69.280312736910076, 41.369173470232319 ] ] ] } },
{ "type": "Feature", "properties": { "Туман": "Юнусобод", "Кўча": "Рихсилий кўча", "Тури": "Наземные", "Эни(м)": 3, "Узунл": 10 }, "geometry": { "type": "MultiLineString", "coordinates": [ [ [ 69.278442788578687, 41.370308312856835 ], [ 69.278375508912475, 41.370232816404425 ] ] ] } },
{ "type": "Feature", "properties": { "Туман": "Юнусобод", "Кўча": "Рихсилий кўча", "Тури": "Наземные", "Эни(м)": 3, "Узунл": 10 }, "geometry": { "type": "MultiLineString", "coordinates": [ [ [ 69.278358982132048, 41.370211304966723 ], [ 69.278291088101156, 41.370134434327362 ] ] ] } },
{ "type": "Feature", "properties": { "Туман": "Юнусобод", "Кўча": "Учқаҳрамон кўча", "Тури": "Наземные", "Эни(м)": 3, "Узунл": 21 }, "geometry": { "type": "MultiLineString", "coordinates": [ [ [ 69.277579569334179, 41.373871424428415 ], [ 69.27775188041926, 41.373737114856944 ] ] ] } },
{ "type": "Feature", "properties": { "Туман": "Юнусобод", "Кўча": "-", "Тури": "Наземные", "Эни(м)": 3, "Узунл": 6 }, "geometry": { "type": "MultiLineString", "coordinates": [ [ [ 69.277924546005323, 41.373686258532565 ], [ 69.277983751216667, 41.373723257308107 ] ] ] } },
{ "type": "Feature", "properties": { "Туман": "Юнусобод", "Кўча": "Учқаҳрамон кўча", "Тури": "Наземные", "Эни(м)": 3, "Узунл": 23 }, "geometry": { "type": "MultiLineString", "coordinates": [ [ [ 69.280512577959769, 41.375877304482941 ], [ 69.28069210260189, 41.375721880119301 ] ] ] } },
{ "type": "Feature", "properties": { "Туман": "Юнусобод", "Кўча": "Учқаҳрамон кўча", "Тури": "Наземные", "Эни(м)": 3, "Узунл": 20 }, "geometry": { "type": "MultiLineString", "coordinates": [ [ [ 69.282913284938701, 41.377788583961042 ], [ 69.283102485088733, 41.377899085363133 ] ] ] } },
{ "type": "Feature", "properties": { "Туман": "Юнусобод", "Кўча": "Учқаҳрамон кўча", "Тури": "Наземные", "Эни(м)": 3, "Узунл": 25 }, "geometry": { "type": "MultiLineString", "coordinates": [ [ [ 69.282734034522676, 41.377445119416699 ], [ 69.282932994949405, 41.37727955596305 ] ] ] } },
{ "type": "Feature", "properties": { "Туман": "Юнусобод", "Кўча": "-", "Тури": "Наземные", "Эни(м)": 3, "Узунл": 10 }, "geometry": { "type": "MultiLineString", "coordinates": [ [ [ 69.283206990965695, 41.377852057127221 ], [ 69.283284607306612, 41.377781250908328 ] ] ] } },
{ "type": "Feature", "properties": { "Туман": "Юнусобод", "Кўча": "Оқтепа-1 тор кўча", "Тури": "Наземные", "Эни(м)": 3, "Узунл": 7 }, "geometry": { "type": "MultiLineString", "coordinates": [ [ [ 69.320848139393846, 41.365547836301801 ], [ 69.320916506974299, 41.365587997269685 ] ] ] } },
{ "type": "Feature", "properties": { "Туман": "Юнусобод", "Кўча": "Чинобод кўча", "Тури": "Наземные", "Эни(м)": 3, "Узунл": 9 }, "geometry": { "type": "MultiLineString", "coordinates": [ [ [ 69.321045582404878, 41.365595890994108 ], [ 69.321120753543738, 41.365534236786516 ] ] ] } },
{ "type": "Feature", "properties": { "Туман": "Юнусобод", "Кўча": "Оқтепа-1 тор кўча", "Тури": "Наземные", "Эни(м)": 3, "Узунл": 9 }, "geometry": { "type": "MultiLineString", "coordinates": [ [ [ 69.321032318474323, 41.365373994210053 ], [ 69.321112913156284, 41.365425125934415 ] ] ] } },
{ "type": "Feature", "properties": { "Туман": "Юнусобод", "Кўча": "Чинобод кўча", "Тури": "Наземные", "Эни(м)": 3, "Узунл": 11 }, "geometry": { "type": "MultiLineString", "coordinates": [ [ [ 69.320848915214967, 41.365457960126427 ], [ 69.320930118841389, 41.365385284241789 ] ] ] } },
{ "type": "Feature", "properties": { "Туман": "Юнусобод", "Кўча": "Мойқўрғон кўча", "Тури": "Наземные", "Эни(м)": 3, "Узунл": 23 }, "geometry": { "type": "MultiLineString", "coordinates": [ [ [ 69.275831167695273, 41.362606985785732 ], [ 69.276055624015186, 41.362720165846476 ] ] ] } },
{ "type": "Feature", "properties": { "Туман": "Юнусобод", "Кўча": "Мойқўрғон кўча", "Тури": "Наземные", "Эни(м)": 3, "Узунл": 28 }, "geometry": { "type": "MultiLineString", "coordinates": [ [ [ 69.274501892283169, 41.364051817949623 ], [ 69.274356083746099, 41.363825646268474 ] ] ] } },
{ "type": "Feature", "properties": { "Туман": "Юнусобод", "Кўча": "Мойқўрғон кўча", "Тури": "Наземные", "Эни(м)": 3, "Узунл": 21 }, "geometry": { "type": "MultiLineString", "coordinates": [ [ [ 69.274703217470275, 41.36387434063991 ], [ 69.274554053613286, 41.363718792567838 ] ] ] } },
{ "type": "Feature", "properties": { "Туман": "Юнусобод", "Кўча": "Рихсилий кўча", "Тури": "Наземные", "Эни(м)": 3, "Узунл": 9 }, "geometry": { "type": "MultiLineString", "coordinates": [ [ [ 69.274621895253716, 41.364075375794265 ], [ 69.274696532779743, 41.36402154833749 ] ] ] } },
{ "type": "Feature", "properties": { "Туман": "Юнусобод", "Кўча": "Мойқўрғон кўча", "Тури": "Наземные", "Эни(м)": 3, "Узунл": 7 }, "geometry": { "type": "MultiLineString", "coordinates": [ [ [ 69.274390991983921, 41.363732020624361 ], [ 69.274457168080332, 41.363692428273374 ] ] ] } },
{ "type": "Feature", "properties": { "Туман": "Юнусобод", "Кўча": "Боғишамол кўча", "Тури": "Наземные", "Эни(м)": 3, "Узунл": 22 }, "geometry": { "type": "MultiLineString", "coordinates": [ [ [ 69.336057308834327, 41.357010412265744 ], [ 69.336274602525378, 41.356897893432937 ] ] ] } },
{ "type": "Feature", "properties": { "Туман": "Юнусобод", "Кўча": "Олтин мерос кўча", "Тури": "Наземные", "Эни(м)": 3, "Узунл": 6 }, "geometry": { "type": "MultiLineString", "coordinates": [ [ [ 69.31322037685365, 41.365040610539296 ], [ 69.313287464754083, 41.365068857465339 ] ] ] } },
{ "type": "Feature", "properties": { "Туман": "Юнусобод", "Кўча": "Янги Юнусобод кўча", "Тури": "Наземные", "Эни(м)": 3, "Узунл": 34 }, "geometry": { "type": "MultiLineString", "coordinates": [ [ [ 69.301425391577638, 41.36653577137357 ], [ 69.301723888792651, 41.366325894496462 ] ] ] } },
{ "type": "Feature", "properties": { "Туман": "Юнусобод", "Кўча": "Юқори Қорақамиш кўча", "Тури": "Наземные", "Эни(м)": 3, "Узунл": 26 }, "geometry": { "type": "MultiLineString", "coordinates": [ [ [ 69.273724233280504, 41.377023036231201 ], [ 69.273921300576561, 41.376836399983759 ] ] ] } },
{ "type": "Feature", "properties": { "Туман": "Юнусобод", "Кўча": "Юқори Қорақамиш кўча", "Тури": "Наземные", "Эни(м)": 3, "Узунл": 16 }, "geometry": { "type": "MultiLineString", "coordinates": [ [ [ 69.276139939251848, 41.378343362916375 ], [ 69.276259993834643, 41.37822889828194 ] ] ] } },
{ "type": "Feature", "properties": { "Туман": "Юнусобод", "Кўча": "Юқори Қорақамиш кўча", "Тури": "Наземные", "Эни(м)": 3, "Узунл": 17 }, "geometry": { "type": "MultiLineString", "coordinates": [ [ [ 69.277157940012884, 41.378944354310697 ], [ 69.277282239790111, 41.378826210077236 ] ] ] } },
{ "type": "Feature", "properties": { "Туман": "Юнусобод", "Кўча": "Юқори Қорақамиш кўча", "Тури": "Наземные", "Эни(м)": 3, "Узунл": 17 }, "geometry": { "type": "MultiLineString", "coordinates": [ [ [ 69.272773149010845, 41.376368903894942 ], [ 69.272906720568571, 41.376251294384772 ] ] ] } },
{ "type": "Feature", "properties": { "Туман": "Юнусобод", "Кўча": "Шаҳриобод кўча", "Тури": "Наземные", "Эни(м)": 3, "Узунл": 16 }, "geometry": { "type": "MultiLineString", "coordinates": [ [ [ 69.329770792919788, 41.351237051569235 ], [ 69.329764893942041, 41.351089480933048 ] ] ] } },
{ "type": "Feature", "properties": { "Туман": "Бектемир", "Кўча": "Ҳусайн Бойқаро кўча", "Тури": "Наземные", "Эни(м)": 3, "Узунл": 36 }, "geometry": { "type": "MultiLineString", "coordinates": [ [ [ 69.37895713228221, 41.257797894620438 ], [ 69.379243477748673, 41.257558604508851 ] ] ] } },
{ "type": "Feature", "properties": { "Туман": "Бектемир", "Кўча": "Оҳангарон шоҳкўча", "Тури": "Наземные", "Эни(м)": 3, "Узунл": 34 }, "geometry": { "type": "MultiLineString", "coordinates": [ [ [ 69.379757793038195, 41.257710209910414 ], [ 69.379460876101902, 41.257502375268494 ] ] ] } },
{ "type": "Feature", "properties": { "Туман": "Бектемир", "Кўча": "Ҳусайн Бойқаро кўча", "Тури": "Наземные", "Эни(м)": 3, "Узунл": 17 }, "geometry": { "type": "MultiLineString", "coordinates": [ [ [ 69.377046444169835, 41.256354664173379 ], [ 69.377189530756851, 41.256243867104544 ] ] ] } },
{ "type": "Feature", "properties": { "Туман": "Бектемир", "Кўча": "Ҳусайн Бойқаро кўча", "Тури": "Наземные", "Эни(м)": 3, "Узунл": 18 }, "geometry": { "type": "MultiLineString", "coordinates": [ [ [ 69.375616676650409, 41.255352045255883 ], [ 69.375759715268842, 41.255232835220951 ] ] ] } },
{ "type": "Feature", "properties": { "Туман": "Бектемир", "Кўча": "Ҳусайн Бойқаро кўча", "Тури": "Наземные", "Эни(м)": 3, "Узунл": 18 }, "geometry": { "type": "MultiLineString", "coordinates": [ [ [ 69.373174648072421, 41.253610937384728 ], [ 69.373320992947313, 41.253492031289312 ] ] ] } },
{ "type": "Feature", "properties": { "Туман": "Бектемир", "Кўча": "Ҳусайн Бойқаро кўча", "Тури": "Наземные", "Эни(м)": 3, "Узунл": 32 }, "geometry": { "type": "MultiLineString", "coordinates": [ [ [ 69.370012241205586, 41.251526460683699 ], [ 69.370276162722647, 41.251313058447259 ] ] ] } },
{ "type": "Feature", "properties": { "Туман": "Бектемир", "Кўча": "Барҳаёт кўча", "Тури": "Наземные", "Эни(м)": 3, "Узунл": 19 }, "geometry": { "type": "MultiLineString", "coordinates": [ [ [ 69.370268697755364, 41.251307472529255 ], [ 69.37010446879691, 41.251184582207927 ] ] ] } },
{ "type": "Feature", "properties": { "Туман": "Бектемир", "Кўча": "Ҳусайн Бойқаро кўча", "Тури": "Наземные", "Эни(м)": 3, "Узунл": 23 }, "geometry": { "type": "MultiLineString", "coordinates": [ [ [ 69.369828432432612, 41.251300160956369 ], [ 69.370017536195078, 41.251147462114893 ] ] ] } },
{ "type": "Feature", "properties": { "Туман": "Бектемир", "Кўча": "-", "Тури": "Наземные", "Эни(м)": 3, "Узунл": 21 }, "geometry": { "type": "MultiLineString", "coordinates": [ [ [ 69.368453574536431, 41.25047616989265 ], [ 69.368259625310245, 41.250354618669363 ] ] ] } },
{ "type": "Feature", "properties": { "Туман": "Бектемир", "Кўча": "Ҳусайн Бойқаро кўча", "Тури": "Наземные", "Эни(м)": 3, "Узунл": 30 }, "geometry": { "type": "MultiLineString", "coordinates": [ [ [ 69.366918986115067, 41.249587222246525 ], [ 69.36713417856059, 41.249373359088132 ] ] ] } },
{ "type": "Feature", "properties": { "Туман": "Бектемир", "Кўча": "Ҳусайн Бойқаро кўча", "Тури": "Наземные", "Эни(м)": 3, "Узунл": 19 }, "geometry": { "type": "MultiLineString", "coordinates": [ [ [ 69.358788878719196, 41.246000049444916 ], [ 69.358883832161951, 41.24584516877492 ] ] ] } },
{ "type": "Feature", "properties": { "Туман": "Бектемир", "Кўча": "Ҳусайн Бойқаро кўча", "Тури": "Наземные", "Эни(м)": 3, "Узунл": 18 }, "geometry": { "type": "MultiLineString", "coordinates": [ [ [ 69.358436389785282, 41.24587772880664 ], [ 69.358528108620902, 41.245735325008013 ] ] ] } },
{ "type": "Feature", "properties": { "Туман": "Бектемир", "Кўча": "Ҳусайн Бойқаро кўча", "Тури": "Наземные", "Эни(м)": 3, "Узунл": 11 }, "geometry": { "type": "MultiLineString", "coordinates": [ [ [ 69.355335259646694, 41.244811480651094 ], [ 69.355399192292651, 41.24472214775021 ] ] ] } },
{ "type": "Feature", "properties": { "Туман": "Бектемир", "Кўча": "Ҳусайн Бойқаро кўча", "Тури": "Наземные", "Эни(м)": 3, "Узунл": 19 }, "geometry": { "type": "MultiLineString", "coordinates": [ [ [ 69.349674202974555, 41.242056257838662 ], [ 69.349832905574075, 41.241928617248334 ] ] ] } },
{ "type": "Feature", "properties": { "Туман": "Бектемир", "Кўча": "Юқори Чирчиқ кўча", "Тури": "Наземные", "Эни(м)": 3, "Узунл": 21 }, "geometry": { "type": "MultiLineString", "coordinates": [ [ [ 69.349799673945739, 41.24189131864064 ], [ 69.349618954229214, 41.241761592348368 ] ] ] } },
{ "type": "Feature", "properties": { "Туман": "Бектемир", "Кўча": "Чирчиқбўйи кўча", "Тури": "Наземные", "Эни(м)": 3, "Узунл": 36 }, "geometry": { "type": "MultiLineString", "coordinates": [ [ [ 69.349452822691475, 41.24188987852002 ], [ 69.349157592116924, 41.241657026834247 ] ] ] } },
{ "type": "Feature", "properties": { "Туман": "Бектемир", "Кўча": "Ҳусайн Бойқаро кўча", "Тури": "Наземные", "Эни(м)": 3, "Узунл": 19 }, "geometry": { "type": "MultiLineString", "coordinates": [ [ [ 69.349270246298019, 41.241721511093374 ], [ 69.34943809245695, 41.241605063175079 ] ] ] } },
{ "type": "Feature", "properties": { "Туман": "Бектемир", "Кўча": "Ҳусайн Бойқаро кўча", "Тури": "Наземные", "Эни(м)": 3, "Узунл": 24 }, "geometry": { "type": "MultiLineString", "coordinates": [ [ [ 69.346783874165823, 41.239408382404477 ], [ 69.347021096926412, 41.23929422230799 ] ] ] } },
{ "type": "Feature", "properties": { "Туман": "Бектемир", "Кўча": "Ҳусайн Бойқаро кўча", "Тури": "Наземные", "Эни(м)": 3, "Узунл": 21 }, "geometry": { "type": "MultiLineString", "coordinates": [ [ [ 69.339069477789039, 41.235433963232865 ], [ 69.339188337837101, 41.235265314900523 ] ] ] } },
{ "type": "Feature", "properties": { "Туман": "Бектемир", "Кўча": "Ҳусайн Бойқаро кўча", "Тури": "Наземные", "Эни(м)": 3, "Узунл": 23 }, "geometry": { "type": "MultiLineString", "coordinates": [ [ [ 69.339237373748972, 41.235486451504578 ], [ 69.339376021791495, 41.235312134738862 ] ] ] } },
{ "type": "Feature", "properties": { "Туман": "Бектемир", "Кўча": "Ҳусайн Бойқаро кўча", "Тури": "Наземные", "Эни(м)": 3, "Узунл": 17 }, "geometry": { "type": "MultiLineString", "coordinates": [ [ [ 69.337575620331563, 41.234772639217717 ], [ 69.337679793408213, 41.234637695136158 ] ] ] } },
{ "type": "Feature", "properties": { "Туман": "Бектемир", "Кўча": "Ҳусайн Бойқаро кўча", "Тури": "Наземные", "Эни(м)": 3, "Узунл": 17 }, "geometry": { "type": "MultiLineString", "coordinates": [ [ [ 69.336940862102836, 41.23449524785697 ], [ 69.337038433565851, 41.234360946992496 ] ] ] } },
{ "type": "Feature", "properties": { "Туман": "Бектемир", "Кўча": "Олтинтопган кўча", "Тури": "Наземные", "Эни(м)": 3, "Узунл": 39 }, "geometry": { "type": "MultiLineString", "coordinates": [ [ [ 69.334276163985862, 41.233020119045634 ], [ 69.334532299841982, 41.232728904710854 ] ] ] } },
{ "type": "Feature", "properties": { "Туман": "Бектемир", "Кўча": "Бектемир шоҳ кўча", "Тури": "Наземные", "Эни(м)": 3, "Узунл": 36 }, "geometry": { "type": "MultiLineString", "coordinates": [ [ [ 69.334637772102027, 41.232686211990938 ], [ 69.334990426133189, 41.232863458187559 ] ] ] } },
{ "type": "Feature", "properties": { "Туман": "Бектемир", "Кўча": "Ҳусайн Бойқаро кўча", "Тури": "Наземные", "Эни(м)": 3, "Узунл": 9 }, "geometry": { "type": "MultiLineString", "coordinates": [ [ [ 69.334756682035007, 41.23333537332519 ], [ 69.334844815467179, 41.233292730824814 ] ] ] } },
{ "type": "Feature", "properties": { "Туман": "Бектемир", "Кўча": "Ҳусайн Бойқаро кўча", "Тури": "Наземные", "Эни(м)": 3, "Узунл": 25 }, "geometry": { "type": "MultiLineString", "coordinates": [ [ [ 69.334559715708778, 41.233571563440705 ], [ 69.334709820712149, 41.23337540248869 ] ] ] } },
{ "type": "Feature", "properties": { "Туман": "Бектемир", "Кўча": "Ҳусайн Бойқаро кўча", "Тури": "Наземные", "Эни(м)": 3, "Узунл": 9 }, "geometry": { "type": "MultiLineString", "coordinates": [ [ [ 69.334542947988936, 41.233683811045019 ], [ 69.334549969365355, 41.233603381442897 ] ] ] } },
{ "type": "Feature", "properties": { "Туман": "Бектемир", "Кўча": "Бектемир шоҳ кўча", "Тури": "Наземные", "Эни(м)": 3, "Узунл": 15 }, "geometry": { "type": "MultiLineString", "coordinates": [ [ [ 69.335757500528743, 41.231167955411728 ], [ 69.335930123185108, 41.231178671838435 ] ] ] } },
{ "type": "Feature", "properties": { "Туман": "Бектемир", "Кўча": "Бектемир шоҳ кўча", "Тури": "Наземные", "Эни(м)": 3, "Узунл": 18 }, "geometry": { "type": "MultiLineString", "coordinates": [ [ [ 69.335486161967722, 41.226867785517783 ], [ 69.335700720330593, 41.226847213729151 ] ] ] } },
{ "type": "Feature", "properties": { "Туман": "Бектемир", "Кўча": "Бектемир шоҳ кўча", "Тури": "Наземные", "Эни(м)": 3, "Узунл": 53 }, "geometry": { "type": "MultiLineString", "coordinates": [ [ [ 69.33383912149597, 41.22396350024168 ], [ 69.33442442301542, 41.22379287997942 ] ] ] } },
{ "type": "Feature", "properties": { "Туман": "Бектемир", "Кўча": "Бектемир шоҳ кўча", "Тури": "Наземные", "Эни(м)": 3, "Узунл": 29 }, "geometry": { "type": "MultiLineString", "coordinates": [ [ [ 69.334069679618921, 41.220437286205161 ], [ 69.334411603963503, 41.220466213538202 ] ] ] } },
{ "type": "Feature", "properties": { "Туман": "Бектемир", "Кўча": "Бектемир шоҳ кўча", "Тури": "Наземные", "Эни(м)": 3, "Узунл": 11 }, "geometry": { "type": "MultiLineString", "coordinates": [ [ [ 69.334461983915347, 41.220470430524088 ], [ 69.334597416374635, 41.22047876369006 ] ] ] } },
{ "type": "Feature", "properties": { "Туман": "Бектемир", "Кўча": "Бектемир шоҳ кўча", "Тури": "Наземные", "Эни(м)": 3, "Узунл": 38 }, "geometry": { "type": "MultiLineString", "coordinates": [ [ [ 69.333988944087992, 41.220145802606872 ], [ 69.33425415580183, 41.220187419448209 ], [ 69.334437513023076, 41.220204340286159 ] ] ] } },
{ "type": "Feature", "properties": { "Туман": "Бектемир", "Кўча": "Бектемир шоҳ кўча", "Тури": "Наземные", "Эни(м)": 3, "Узунл": 11 }, "geometry": { "type": "MultiLineString", "coordinates": [ [ [ 69.334497802349659, 41.22020915180596 ], [ 69.334633234273994, 41.220217484932206 ] ] ] } },
{ "type": "Feature", "properties": { "Туман": "Бектемир", "Кўча": "Бектемир шоҳ кўча", "Тури": "Наземные", "Эни(м)": 3, "Узунл": 33 }, "geometry": { "type": "MultiLineString", "coordinates": [ [ [ 69.334308429205208, 41.216254680351987 ], [ 69.33469875261676, 41.216227990074039 ] ] ] } },
{ "type": "Feature", "properties": { "Туман": "Бектемир", "Кўча": "Бектемир шоҳ кўча", "Тури": "Наземные", "Эни(м)": 3, "Узунл": 7 }, "geometry": { "type": "MultiLineString", "coordinates": [ [ [ 69.334138500000265, 41.215629974479683 ], [ 69.334221841313635, 41.215623499338648 ] ] ] } },
{ "type": "Feature", "properties": { "Туман": "Бектемир", "Кўча": "Бектемир шоҳ кўча", "Тури": "Наземные", "Эни(м)": 3, "Узунл": 28 }, "geometry": { "type": "MultiLineString", "coordinates": [ [ [ 69.334276303661355, 41.215619601285951 ], [ 69.334412469025352, 41.215611726001271 ], [ 69.334611341889641, 41.2155980584037 ] ] ] } },
{ "type": "Feature", "properties": { "Туман": "Бектемир", "Кўча": "Бектемир шоҳ кўча", "Тури": "Наземные", "Эни(м)": 3, "Узунл": 33 }, "geometry": { "type": "MultiLineString", "coordinates": [ [ [ 69.333769830072114, 41.212283141992529 ], [ 69.334164228738018, 41.212250831752229 ] ] ] } },
{ "type": "Feature", "properties": { "Туман": "Бектемир", "Кўча": "Бектемир шоҳ кўча", "Тури": "Наземные", "Эни(м)": 3, "Узунл": 8 }, "geometry": { "type": "MultiLineString", "coordinates": [ [ [ 69.333432689037778, 41.210424103190107 ], [ 69.333526735159722, 41.210413857579276 ] ] ] } },
{ "type": "Feature", "properties": { "Туман": "Бектемир", "Кўча": "Бектемир шоҳ кўча", "Тури": "Наземные", "Эни(м)": 3, "Узунл": 11 }, "geometry": { "type": "MultiLineString", "coordinates": [ [ [ 69.33357624393787, 41.210410597533965 ], [ 69.333711560515269, 41.210400232220444 ] ] ] } },
{ "type": "Feature", "properties": { "Туман": "Бектемир", "Кўча": "Бектемир шоҳ кўча", "Тури": "Наземные", "Эни(м)": 3, "Узунл": 17 }, "geometry": { "type": "MultiLineString", "coordinates": [ [ [ 69.33373796729866, 41.210398909036904 ], [ 69.333941773820811, 41.210384604969704 ] ] ] } },
{ "type": "Feature", "properties": { "Туман": "Бектемир", "Кўча": "Бектемир шоҳ кўча", "Тури": "Наземные", "Эни(м)": 3, "Узунл": 8 }, "geometry": { "type": "MultiLineString", "coordinates": [ [ [ 69.332940912047121, 41.207364976475738 ], [ 69.333032490398139, 41.207357231721417 ] ] ] } },
{ "type": "Feature", "properties": { "Туман": "Бектемир", "Кўча": "Бектемир шоҳ кўча", "Тури": "Наземные", "Эни(м)": 3, "Узунл": 12 }, "geometry": { "type": "MultiLineString", "coordinates": [ [ [ 69.333073717894322, 41.207349009200271 ], [ 69.333213091862689, 41.207326166137427 ] ] ] } },
{ "type": "Feature", "properties": { "Туман": "Бектемир", "Кўча": "Бектемир шоҳ кўча", "Тури": "Наземные", "Эни(м)": 3, "Узунл": 11 }, "geometry": { "type": "MultiLineString", "coordinates": [ [ [ 69.333239468958695, 41.207319233184379 ], [ 69.333372363224214, 41.20732071854902 ] ] ] } },
{ "type": "Feature", "properties": { "Туман": "Бектемир", "Кўча": "-", "Тури": "Наземные", "Эни(м)": 3, "Узунл": 31 }, "geometry": { "type": "MultiLineString", "coordinates": [ [ [ 69.323934326687791, 41.195817281507345 ], [ 69.324197739344598, 41.196017252992448 ] ] ] } },
{ "type": "Feature", "properties": { "Туман": "Бектемир", "Кўча": "Катта ҳалқа йўли кўча", "Тури": "Наземные", "Эни(м)": 3, "Узунл": 34 }, "geometry": { "type": "MultiLineString", "coordinates": [ [ [ 69.324210899966758, 41.196008489306372 ], [ 69.324492057360317, 41.195790778177042 ] ] ] } },
{ "type": "Feature", "properties": { "Туман": "Бектемир", "Кўча": "Катта ҳалқа йўли кўча", "Тури": "Наземные", "Эни(м)": 3, "Узунл": 33 }, "geometry": { "type": "MultiLineString", "coordinates": [ [ [ 69.323954104490653, 41.195811615894705 ], [ 69.324232022517293, 41.195606381131725 ] ] ] } },
{ "type": "Feature", "properties": { "Туман": "Бектемир", "Кўча": "-", "Тури": "Наземные", "Эни(м)": 3, "Узунл": 15 }, "geometry": { "type": "MultiLineString", "coordinates": [ [ [ 69.335877019157195, 41.21596089130896 ], [ 69.335890347623675, 41.215823096710821 ] ] ] } },
{ "type": "Feature", "properties": { "Туман": "Бектемир", "Кўча": "-", "Тури": "Наземные", "Эни(м)": 3, "Узунл": 11 }, "geometry": { "type": "MultiLineString", "coordinates": [ [ [ 69.338341839965238, 41.216102028190278 ], [ 69.338355359218141, 41.216002255825195 ] ] ] } },
{ "type": "Feature", "properties": { "Туман": "Бектемир", "Кўча": "-", "Тури": "Наземные", "Эни(м)": 3, "Узунл": 7 }, "geometry": { "type": "MultiLineString", "coordinates": [ [ [ 69.339414784739006, 41.21614375049581 ], [ 69.339417748340807, 41.21607829221503 ] ] ] } },
{ "type": "Feature", "properties": { "Туман": "Бектемир", "Кўча": "-", "Тури": "Наземные", "Эни(м)": 3, "Узунл": 9 }, "geometry": { "type": "MultiLineString", "coordinates": [ [ [ 69.341387938893604, 41.21626601205044 ], [ 69.34139206583589, 41.216186525371171 ] ] ] } },
{ "type": "Feature", "properties": { "Туман": "Бектемир", "Кўча": "-", "Тури": "Наземные", "Эни(м)": 3, "Узунл": 13 }, "geometry": { "type": "MultiLineString", "coordinates": [ [ [ 69.350622797593644, 41.216814220685897 ], [ 69.350635376293866, 41.216696373235742 ] ] ] } },
{ "type": "Feature", "properties": { "Туман": "Бектемир", "Кўча": "Катта ҳалқа йўли кўча", "Тури": "Наземные", "Эни(м)": 3, "Узунл": 40 }, "geometry": { "type": "MultiLineString", "coordinates": [ [ [ 69.351117963069342, 41.216171306577301 ], [ 69.351425225060069, 41.215896104599757 ] ] ] } },
{ "type": "Feature", "properties": { "Туман": "Бектемир", "Кўча": "Катта ҳалқа йўли кўча", "Тури": "Наземные", "Эни(м)": 3, "Узунл": 31 }, "geometry": { "type": "MultiLineString", "coordinates": [ [ [ 69.354505517655383, 41.218260922623102 ], [ 69.354742132056188, 41.218050755544475 ] ] ] } },
{ "type": "Feature", "properties": { "Туман": "Бектемир", "Кўча": "Катта ҳалқа йўли кўча", "Тури": "Наземные", "Эни(м)": 3, "Узунл": 35 }, "geometry": { "type": "MultiLineString", "coordinates": [ [ [ 69.359243763203537, 41.221384697283135 ], [ 69.359509905365641, 41.221140145349686 ] ] ] } },
{ "type": "Feature", "properties": { "Туман": "Бектемир", "Кўча": "Катта ҳалқа йўли кўча", "Тури": "Наземные", "Эни(м)": 3, "Узунл": 26 }, "geometry": { "type": "MultiLineString", "coordinates": [ [ [ 69.361385038954694, 41.222693219778506 ], [ 69.361598734014933, 41.222519887062099 ] ] ] } },
{ "type": "Feature", "properties": { "Туман": "Бектемир", "Кўча": "Катта ҳалқа йўли кўча", "Тури": "Наземные", "Эни(м)": 3, "Узунл": 26 }, "geometry": { "type": "MultiLineString", "coordinates": [ [ [ 69.365537669601281, 41.225358552904552 ], [ 69.365746384395507, 41.225180865087864 ] ] ] } },
{ "type": "Feature", "properties": { "Туман": "Бектемир", "Кўча": "Катта ҳалқа йўли кўча", "Тури": "Наземные", "Эни(м)": 3, "Узунл": 28 }, "geometry": { "type": "MultiLineString", "coordinates": [ [ [ 69.370224117456061, 41.228336800020756 ], [ 69.370438534441604, 41.228145995584974 ] ] ] } },
{ "type": "Feature", "properties": { "Туман": "Бектемир", "Кўча": "Катта ҳалқа йўли кўча", "Тури": "Наземные", "Эни(м)": 3, "Узунл": 27 }, "geometry": { "type": "MultiLineString", "coordinates": [ [ [ 69.373785758504454, 41.2306210081397 ], [ 69.373985339067715, 41.230435231954125 ] ] ] } },
{ "type": "Feature", "properties": { "Туман": "Бектемир", "Кўча": "Катта ҳалқа йўли кўча", "Тури": "Наземные", "Эни(м)": 3, "Узунл": 25 }, "geometry": { "type": "MultiLineString", "coordinates": [ [ [ 69.377176228051255, 41.232818399988588 ], [ 69.377367627610866, 41.232646358002526 ] ] ] } },
{ "type": "Feature", "properties": { "Туман": "Бектемир", "Кўча": "Катта ҳалқа йўли кўча", "Тури": "Наземные", "Эни(м)": 3, "Узунл": 26 }, "geometry": { "type": "MultiLineString", "coordinates": [ [ [ 69.379314569883931, 41.234207004506295 ], [ 69.379519954313878, 41.234026186342696 ] ] ] } },
{ "type": "Feature", "properties": { "Туман": "Бектемир", "Кўча": "-", "Тури": "Наземные", "Эни(м)": 3, "Узунл": 10 }, "geometry": { "type": "MultiLineString", "coordinates": [ [ [ 69.380841846150091, 41.235292161559428 ], [ 69.380932979182347, 41.235344219538213 ] ] ] } },
{ "type": "Feature", "properties": { "Туман": "Бектемир", "Кўча": "-", "Тури": "Наземные", "Эни(м)": 3, "Узунл": 10 }, "geometry": { "type": "MultiLineString", "coordinates": [ [ [ 69.38119905629047, 41.235519117073807 ], [ 69.381290237008059, 41.235579277854079 ] ] ] } },
{ "type": "Feature", "properties": { "Туман": "Бектемир", "Кўча": "Катта ҳалқа йўли кўча", "Тури": "Наземные", "Эни(м)": 3, "Узунл": 27 }, "geometry": { "type": "MultiLineString", "coordinates": [ [ [ 69.38783238256012, 41.239600322848688 ], [ 69.388044381074877, 41.239421960682073 ] ] ] } },
{ "type": "Feature", "properties": { "Туман": "Бектемир", "Кўча": "Оҳангарон шоҳкўча", "Тури": "Наземные", "Эни(м)": 3, "Узунл": 31 }, "geometry": { "type": "MultiLineString", "coordinates": [ [ [ 69.390359404093033, 41.249332490738439 ], [ 69.390089020549183, 41.249141423013931 ] ] ] } },
{ "type": "Feature", "properties": { "Туман": "Бектемир", "Кўча": "Роҳат кўча", "Тури": "Наземные", "Эни(м)": 3, "Узунл": 27 }, "geometry": { "type": "MultiLineString", "coordinates": [ [ [ 69.38348040125581, 41.254278002577649 ], [ 69.383704011240823, 41.25409774014885 ] ] ] } },
{ "type": "Feature", "properties": { "Туман": "Бектемир", "Кўча": "Оҳангарон шоҳкўча", "Тури": "Наземные", "Эни(м)": 3, "Узунл": 27 }, "geometry": { "type": "MultiLineString", "coordinates": [ [ [ 69.38191040158776, 41.255655469651629 ], [ 69.382152559904924, 41.255821717077225 ] ] ] } },
{ "type": "Feature", "properties": { "Туман": "Бектемир", "Кўча": "-", "Тури": "Наземные", "Эни(м)": 3, "Узунл": 18 }, "geometry": { "type": "MultiLineString", "coordinates": [ [ [ 69.382159931938602, 41.255811096094902 ], [ 69.382313724533063, 41.255696517175537 ] ] ] } },
{ "type": "Feature", "properties": { "Туман": "Бектемир", "Кўча": "Барҳаёт кўча", "Тури": "Наземные", "Эни(м)": 3, "Узунл": 18 }, "geometry": { "type": "MultiLineString", "coordinates": [ [ [ 69.37275276959619, 41.249357799990214 ], [ 69.37259686007009, 41.249245482775933 ] ] ] } },
{ "type": "Feature", "properties": { "Туман": "Бектемир", "Кўча": "-", "Тури": "Наземные", "Эни(м)": 3, "Узунл": 5 }, "geometry": { "type": "MultiLineString", "coordinates": [ [ [ 69.372708770099678, 41.24939066699293 ], [ 69.37274739595432, 41.249356882398899 ] ] ] } },
{ "type": "Feature", "properties": { "Туман": "Бектемир", "Кўча": "-", "Тури": "Наземные", "Эни(м)": 3, "Узунл": 17 }, "geometry": { "type": "MultiLineString", "coordinates": [ [ [ 69.374178147452582, 41.247884622566446 ], [ 69.374308823497898, 41.247772310945479 ] ] ] } },
{ "type": "Feature", "properties": { "Туман": "Бектемир", "Кўча": "Барҳаёт кўча", "Тури": "Наземные", "Эни(м)": 3, "Узунл": 12 }, "geometry": { "type": "MultiLineString", "coordinates": [ [ [ 69.374461215500418, 41.2477749320648 ], [ 69.374570653034752, 41.247848440144473 ] ] ] } },
{ "type": "Feature", "properties": { "Туман": "Бектемир", "Кўча": "-", "Тури": "Наземные", "Эни(м)": 3, "Узунл": 15 }, "geometry": { "type": "MultiLineString", "coordinates": [ [ [ 69.374500896417715, 41.248070882501544 ], [ 69.374623368673525, 41.24796825875152 ] ] ] } },
{ "type": "Feature", "properties": { "Туман": "Бектемир", "Кўча": "Барҳаёт кўча", "Тури": "Наземные", "Эни(м)": 3, "Узунл": 12 }, "geometry": { "type": "MultiLineString", "coordinates": [ [ [ 69.374217388711784, 41.247958982403759 ], [ 69.374321844323617, 41.248027831969758 ] ] ] } },
{ "type": "Feature", "properties": { "Туман": "Бектемир", "Кўча": "-", "Тури": "Наземные", "Эни(м)": 3, "Узунл": 69 }, "geometry": { "type": "MultiLineString", "coordinates": [ [ [ 69.323292842440793, 41.206075680432811 ], [ 69.323805492633738, 41.205593029196486 ] ] ] } },
{ "type": "Feature", "properties": { "Туман": "Бектемир", "Кўча": "Роҳат кўча", "Тури": "Наземные", "Эни(м)": 3, "Узунл": 16 }, "geometry": { "type": "MultiLineString", "coordinates": [ [ [ 69.3795464495484, 41.251309052633651 ], [ 69.379679685697624, 41.251211374680729 ] ] ] } },
{ "type": "Feature", "properties": { "Туман": "Бектемир", "Кўча": "Ҳайрат кўча", "Тури": "Наземные", "Эни(м)": 3, "Узунл": 14 }, "geometry": { "type": "MultiLineString", "coordinates": [ [ [ 69.379827893487814, 41.251274464994161 ], [ 69.379948168319601, 41.251363203613046 ] ] ] } },
{ "type": "Feature", "properties": { "Туман": "Бектемир", "Кўча": "Роҳат кўча", "Тури": "Наземные", "Эни(м)": 3, "Узунл": 16 }, "geometry": { "type": "MultiLineString", "coordinates": [ [ [ 69.380183463072228, 41.251773821292382 ], [ 69.380321611377028, 41.251668646487232 ] ] ] } },
{ "type": "Feature", "properties": { "Туман": "Бектемир", "Кўча": "Ҳусайн Бойқаро кўча", "Тури": "Наземные", "Эни(м)": 3, "Узунл": 18 }, "geometry": { "type": "MultiLineString", "coordinates": [ [ [ 69.371588778716173, 41.25251496330732 ], [ 69.371738420723318, 41.252394801909929 ] ] ] } },
{ "type": "Feature", "properties": { "Туман": "Бектемир", "Кўча": "Дарбанд кўча", "Тури": "Наземные", "Эни(м)": 3, "Узунл": 14 }, "geometry": { "type": "MultiLineString", "coordinates": [ [ [ 69.303588644887242, 41.216748356053273 ], [ 69.303719566560076, 41.216676327970355 ] ] ] } },
{ "type": "Feature", "properties": { "Туман": "Бектемир", "Кўча": "-", "Тури": "Наземные", "Эни(м)": 3, "Узунл": 14 }, "geometry": { "type": "MultiLineString", "coordinates": [ [ [ 69.30968234000693, 41.221264354852202 ], [ 69.309836174441799, 41.221323780603896 ] ] ] } },
{ "type": "Feature", "properties": { "Туман": "Бектемир", "Кўча": "-", "Тури": "Наземные", "Эни(м)": 3, "Узунл": 15 }, "geometry": { "type": "MultiLineString", "coordinates": [ [ [ 69.309518508705821, 41.221535943296324 ], [ 69.309675663484455, 41.221599100306612 ] ] ] } },
{ "type": "Feature", "properties": { "Туман": "Бектемир", "Кўча": "-", "Тури": "Наземные", "Эни(м)": 3, "Узунл": 14 }, "geometry": { "type": "MultiLineString", "coordinates": [ [ [ 69.309428356109848, 41.22167581119627 ], [ 69.309583005079801, 41.221732741778034 ] ] ] } },
{ "type": "Feature", "properties": { "Туман": "Бектемир", "Кўча": "-", "Тури": "Наземные", "Эни(м)": 3, "Узунл": 19 }, "geometry": { "type": "MultiLineString", "coordinates": [ [ [ 69.309231673689951, 41.221984263871505 ], [ 69.309434273175953, 41.222055402433696 ] ] ] } },
{ "type": "Feature", "properties": { "Туман": "Бектемир", "Кўча": "-", "Тури": "Наземные", "Эни(м)": 3, "Узунл": 9 }, "geometry": { "type": "MultiLineString", "coordinates": [ [ [ 69.309463966834585, 41.222049712682256 ], [ 69.309508200206295, 41.221976041025776 ] ] ] } },
{ "type": "Feature", "properties": { "Туман": "Бектемир", "Кўча": "-", "Тури": "Наземные", "Эни(м)": 3, "Узунл": 45 }, "geometry": { "type": "MultiLineString", "coordinates": [ [ [ 69.308834244642412, 41.222089426300762 ], [ 69.309313885286628, 41.222261424304705 ] ] ] } },
{ "type": "Feature", "properties": { "Туман": "Бектемир", "Кўча": "Катта ҳалқа йўли кўча", "Тури": "Наземные", "Эни(м)": 3, "Узунл": 26 }, "geometry": { "type": "MultiLineString", "coordinates": [ [ [ 69.313938184085742, 41.188125934052003 ], [ 69.314164305761324, 41.187960134418866 ] ] ] } },
{ "type": "Feature", "properties": { "Туман": "Бектемир", "Кўча": "-", "Тури": "Наземные", "Эни(м)": 3, "Узунл": 24 }, "geometry": { "type": "MultiLineString", "coordinates": [ [ [ 69.322946311733617, 41.204590009913737 ], [ 69.322721143050373, 41.20445288509881 ] ] ] } },
{ "type": "Feature", "properties": { "Туман": "Бектемир", "Кўча": "-", "Тури": "Наземные", "Эни(м)": 3, "Узунл": 17 }, "geometry": { "type": "MultiLineString", "coordinates": [ [ [ 69.322692849311423, 41.203733641042732 ], [ 69.322819364605081, 41.203614230350894 ] ] ] } },
{ "type": "Feature", "properties": { "Туман": "Бектемир", "Кўча": "-", "Тури": "Наземные", "Эни(м)": 3, "Узунл": 26 }, "geometry": { "type": "MultiLineString", "coordinates": [ [ [ 69.31886723353584, 41.201487840017251 ], [ 69.319056978540104, 41.201302185261639 ] ] ] } },
{ "type": "Feature", "properties": { "Туман": "Бектемир", "Кўча": "-", "Тури": "Наземные", "Эни(м)": 3, "Узунл": 25 }, "geometry": { "type": "MultiLineString", "coordinates": [ [ [ 69.322348212636498, 41.205151436237905 ], [ 69.322112286290235, 41.205008730383902 ] ] ] } },
{ "type": "Feature", "properties": { "Туман": "Бектемир", "Кўча": "-", "Тури": "Наземные", "Эни(м)": 3, "Узунл": 27 }, "geometry": { "type": "MultiLineString", "coordinates": [ [ [ 69.321609648716475, 41.205852254414197 ], [ 69.321447673673617, 41.205642021002788 ] ] ] } },
{ "type": "Feature", "properties": { "Туман": "Бектемир", "Кўча": "-", "Тури": "Наземные", "Эни(м)": 3, "Узунл": 17 }, "geometry": { "type": "MultiLineString", "coordinates": [ [ [ 69.322220688333061, 41.207589637554086 ], [ 69.322352167174358, 41.207470836890451 ] ] ] } },
{ "type": "Feature", "properties": { "Туман": "Бектемир", "Кўча": "-", "Тури": "Наземные", "Эни(м)": 3, "Узунл": 18 }, "geometry": { "type": "MultiLineString", "coordinates": [ [ [ 69.328862624939561, 41.208093835972662 ], [ 69.329034797649683, 41.208191830312913 ] ] ] } },
{ "type": "Feature", "properties": { "Туман": "Бектемир", "Кўча": "-", "Тури": "Наземные", "Эни(м)": 3, "Узунл": 15 }, "geometry": { "type": "MultiLineString", "coordinates": [ [ [ 69.323965918903696, 41.204483673343987 ], [ 69.324078461046284, 41.204376143869716 ] ] ] } },
{ "type": "Feature", "properties": { "Туман": "Бектемир", "Кўча": "Хонободтепа шоҳкўчаси", "Тури": "Подземные", "Эни(м)": 4, "Узунл": 87 }, "geometry": { "type": "MultiLineString", "coordinates": [ [ [ 69.329698227326119, 41.238153013881572 ], [ 69.329795066005119, 41.237376071437943 ] ] ] } },
{ "type": "Feature", "properties": { "Туман": "Бектемир", "Кўча": "Хонободтепа шоҳкўчаси", "Тури": "Наземные", "Эни(м)": 3, "Узунл": 34 }, "geometry": { "type": "MultiLineString", "coordinates": [ [ [ 69.327377571017777, 41.23727762783146 ], [ 69.32745532476315, 41.236973223246189 ] ] ] } },
{ "type": "Feature", "properties": { "Туман": "Бектемир", "Кўча": "-", "Тури": "Наземные", "Эни(м)": 3, "Узунл": 8 }, "geometry": { "type": "MultiLineString", "coordinates": [ [ [ 69.327070896717359, 41.23688268679178 ], [ 69.327091999377316, 41.236809074278227 ] ] ] } },
{ "type": "Feature", "properties": { "Туман": "Бектемир", "Кўча": "-", "Тури": "Наземные", "Эни(м)": 3, "Узунл": 10 }, "geometry": { "type": "MultiLineString", "coordinates": [ [ [ 69.329912482287725, 41.237407524749422 ], [ 69.329983444424116, 41.237479003990479 ] ] ] } },
{ "type": "Feature", "properties": { "Туман": "Бектемир", "Кўча": "-", "Тури": "Наземные", "Эни(м)": 3, "Узунл": 8 }, "geometry": { "type": "MultiLineString", "coordinates": [ [ [ 69.330265460013024, 41.237564526213461 ], [ 69.330355035261462, 41.237560529297355 ] ] ] } },
{ "type": "Feature", "properties": { "Туман": "Бектемир", "Кўча": "-", "Тури": "Наземные", "Эни(м)": 3, "Узунл": 14 }, "geometry": { "type": "MultiLineString", "coordinates": [ [ [ 69.331541336616667, 41.237987215145409 ], [ 69.331683696131307, 41.238051942802535 ] ] ] } },
{ "type": "Feature", "properties": { "Туман": "Бектемир", "Кўча": "-", "Тури": "Наземные", "Эни(м)": 3, "Узунл": 10 }, "geometry": { "type": "MultiLineString", "coordinates": [ [ [ 69.331980263063386, 41.238074774563913 ], [ 69.332097870499439, 41.238061968894826 ] ] ] } },
{ "type": "Feature", "properties": { "Туман": "Бектемир", "Кўча": "-", "Тури": "Наземные", "Эни(м)": 3, "Узунл": 14 }, "geometry": { "type": "MultiLineString", "coordinates": [ [ [ 69.331667911745356, 41.237134762957972 ], [ 69.331770638347976, 41.237037228038723 ] ] ] } },
{ "type": "Feature", "properties": { "Туман": "Бектемир", "Кўча": "-", "Тури": "Наземные", "Эни(м)": 3, "Узунл": 10 }, "geometry": { "type": "MultiLineString", "coordinates": [ [ [ 69.331138625565728, 41.236976091298942 ], [ 69.331111773943661, 41.236891396067143 ] ] ] } },
{ "type": "Feature", "properties": { "Туман": "Бектемир", "Кўча": "-", "Тури": "Наземные", "Эни(м)": 3, "Узунл": 9 }, "geometry": { "type": "MultiLineString", "coordinates": [ [ [ 69.310046163792279, 41.222260701684689 ], [ 69.310097832579316, 41.222188256442493 ] ] ] } },
{ "type": "Feature", "properties": { "Туман": "Бектемир", "Кўча": "-", "Тури": "Наземные", "Эни(м)": 3, "Узунл": 10 }, "geometry": { "type": "MultiLineString", "coordinates": [ [ [ 69.310625076971391, 41.222474813233482 ], [ 69.31067670988557, 41.222394887888612 ] ] ] } },
{ "type": "Feature", "properties": { "Туман": "Бектемир", "Кўча": "-", "Тури": "Наземные", "Эни(м)": 3, "Узунл": 9 }, "geometry": { "type": "MultiLineString", "coordinates": [ [ [ 69.311129508305001, 41.222650165089547 ], [ 69.311175391333734, 41.222576488344437 ] ] ] } },
{ "type": "Feature", "properties": { "Туман": "Бектемир", "Кўча": "-", "Тури": "Наземные", "Эни(м)": 3, "Узунл": 15 }, "geometry": { "type": "MultiLineString", "coordinates": [ [ [ 69.311730730614443, 41.222866704095651 ], [ 69.311808580793681, 41.222744632600005 ] ] ] } },
{ "type": "Feature", "properties": { "Туман": "Бектемир", "Кўча": "-", "Тури": "Наземные", "Эни(м)": 3, "Узунл": 7 }, "geometry": { "type": "MultiLineString", "coordinates": [ [ [ 69.311855189791217, 41.222737026443461 ], [ 69.311932085982818, 41.222761751312696 ] ] ] } },
{ "type": "Feature", "properties": { "Туман": "Бектемир", "Кўча": "-", "Тури": "Наземные", "Эни(м)": 3, "Узунл": 6 }, "geometry": { "type": "MultiLineString", "coordinates": [ [ [ 69.311896151955949, 41.222844128009015 ], [ 69.311934300959194, 41.222793535066927 ] ] ] } },
{ "type": "Feature", "properties": { "Туман": "Бектемир", "Кўча": "-", "Тури": "Наземные", "Эни(м)": 3, "Узунл": 7 }, "geometry": { "type": "MultiLineString", "coordinates": [ [ [ 69.311650367957455, 41.223068256718335 ], [ 69.311723965136224, 41.223093613981661 ] ] ] } },
{ "type": "Feature", "properties": { "Туман": "Бектемир", "Кўча": "-", "Тури": "Наземные", "Эни(м)": 3, "Узунл": 6 }, "geometry": { "type": "MultiLineString", "coordinates": [ [ [ 69.367908236359071, 41.243442128086578 ], [ 69.367961291797528, 41.243478111446869 ] ] ] } },
{ "type": "Feature", "properties": { "Туман": "Бектемир", "Кўча": "-", "Тури": "Наземные", "Эни(м)": 3, "Узунл": 12 }, "geometry": { "type": "MultiLineString", "coordinates": [ [ [ 69.367991091360707, 41.243490482729065 ], [ 69.368079783603505, 41.243401686977556 ] ] ] } },
{ "type": "Feature", "properties": { "Туман": "Бектемир", "Кўча": "-", "Тури": "Наземные", "Эни(м)": 3, "Узунл": 7 }, "geometry": { "type": "MultiLineString", "coordinates": [ [ [ 69.368142727983269, 41.243433898687215 ], [ 69.368217247939967, 41.243468566648453 ] ] ] } },
{ "type": "Feature", "properties": { "Туман": "Бектемир", "Кўча": "-", "Тури": "Наземные", "Эни(м)": 3, "Узунл": 15 }, "geometry": { "type": "MultiLineString", "coordinates": [ [ [ 69.368254882372455, 41.243699700154551 ], [ 69.368127166500344, 41.243604116379572 ] ] ] } },
{ "type": "Feature", "properties": { "Туман": "Бектемир", "Кўча": "-", "Тури": "Наземные", "Эни(м)": 3, "Узунл": 13 }, "geometry": { "type": "MultiLineString", "coordinates": [ [ [ 69.368326113385962, 41.24373687186516 ], [ 69.368434625306534, 41.243648012442414 ] ] ] } },
{ "type": "Feature", "properties": { "Туман": "Бектемир", "Кўча": "-", "Тури": "Наземные", "Эни(м)": 3, "Узунл": 10 }, "geometry": { "type": "MultiLineString", "coordinates": [ [ [ 69.368987435162921, 41.243999044611769 ], [ 69.368897884520379, 41.243935129000349 ] ] ] } },
{ "type": "Feature", "properties": { "Туман": "Бектемир", "Кўча": "-", "Тури": "Наземные", "Эни(м)": 3, "Узунл": 9 }, "geometry": { "type": "MultiLineString", "coordinates": [ [ [ 69.36913802599112, 41.244343572708623 ], [ 69.369067913369037, 41.244285204846989 ] ] ] } },
{ "type": "Feature", "properties": { "Туман": "Бектемир", "Кўча": "-", "Тури": "Наземные", "Эни(м)": 3, "Узунл": 10 }, "geometry": { "type": "MultiLineString", "coordinates": [ [ [ 69.369909843845591, 41.244793941833187 ], [ 69.369829352599737, 41.244725946235604 ] ] ] } },
{ "type": "Feature", "properties": { "Туман": "Бектемир", "Кўча": "-", "Тури": "Наземные", "Эни(м)": 3, "Узунл": 10 }, "geometry": { "type": "MultiLineString", "coordinates": [ [ [ 69.369958901092758, 41.245072410770653 ], [ 69.369879432967792, 41.245002853610401 ] ] ] } },
{ "type": "Feature", "properties": { "Туман": "Бектемир", "Кўча": "-", "Тури": "Наземные", "Эни(м)": 3, "Узунл": 8 }, "geometry": { "type": "MultiLineString", "coordinates": [ [ [ 69.370209652825096, 41.245273718141867 ], [ 69.370139557599444, 41.245218779178906 ] ] ] } },
{ "type": "Feature", "properties": { "Туман": "Бектемир", "Кўча": "-", "Тури": "Наземные", "Эни(м)": 3, "Узунл": 8 }, "geometry": { "type": "MultiLineString", "coordinates": [ [ [ 69.370427840761991, 41.245229071957809 ], [ 69.370357747162274, 41.245174444784951 ] ] ] } },
{ "type": "Feature", "properties": { "Туман": "Бектемир", "Кўча": "-", "Тури": "Наземные", "Эни(м)": 3, "Узунл": 7 }, "geometry": { "type": "MultiLineString", "coordinates": [ [ [ 69.370101553571473, 41.245362577886269 ], [ 69.370161978917906, 41.245313764251286 ] ] ] } },
{ "type": "Feature", "properties": { "Туман": "Бектемир", "Кўча": "-", "Тури": "Наземные", "Эни(м)": 3, "Узунл": 14 }, "geometry": { "type": "MultiLineString", "coordinates": [ [ [ 69.370570724128342, 41.245523133523747 ], [ 69.370689128485239, 41.245431123538197 ] ] ] } },
{ "type": "Feature", "properties": { "Туман": "Бектемир", "Кўча": "-", "Тури": "Наземные", "Эни(м)": 3, "Узунл": 14 }, "geometry": { "type": "MultiLineString", "coordinates": [ [ [ 69.371125515659315, 41.246073613066415 ], [ 69.371235661679535, 41.245981629145319 ] ] ] } },
{ "type": "Feature", "properties": { "Туман": "Бектемир", "Кўча": "-", "Тури": "Наземные", "Эни(м)": 3, "Узунл": 7 }, "geometry": { "type": "MultiLineString", "coordinates": [ [ [ 69.371242300264896, 41.245987217670745 ], [ 69.371305308660993, 41.246030023959904 ] ] ] } },
{ "type": "Feature", "properties": { "Туман": "Бектемир", "Кўча": "-", "Тури": "Наземные", "Эни(м)": 3, "Узунл": 14 }, "geometry": { "type": "MultiLineString", "coordinates": [ [ [ 69.372189391613105, 41.246610290567695 ], [ 69.372302413390173, 41.246515803037816 ] ] ] } },
{ "type": "Feature", "properties": { "Туман": "Бектемир", "Кўча": "-", "Тури": "Наземные", "Эни(м)": 3, "Узунл": 9 }, "geometry": { "type": "MultiLineString", "coordinates": [ [ [ 69.372165353193594, 41.246594785132636 ], [ 69.372087012219168, 41.24654267898714 ] ] ] } },
{ "type": "Feature", "properties": { "Туман": "Бектемир", "Кўча": "-", "Тури": "Наземные", "Эни(м)": 3, "Узунл": 9 }, "geometry": { "type": "MultiLineString", "coordinates": [ [ [ 69.372437495905118, 41.246597645134678 ], [ 69.372519962994588, 41.246649114366264 ] ] ] } },
{ "type": "Feature", "properties": { "Туман": "Бектемир", "Кўча": "-", "Тури": "Наземные", "Эни(м)": 3, "Узунл": 9 }, "geometry": { "type": "MultiLineString", "coordinates": [ [ [ 69.372961985444874, 41.247116112456752 ], [ 69.373038674287741, 41.247167911690312 ] ] ] } },
{ "type": "Feature", "properties": { "Туман": "Бектемир", "Кўча": "-", "Тури": "Наземные", "Эни(м)": 3, "Узунл": 12 }, "geometry": { "type": "MultiLineString", "coordinates": [ [ [ 69.324377168161078, 41.226233821350505 ], [ 69.324484996251286, 41.226158636218983 ] ] ] } },
{ "type": "Feature", "properties": { "Туман": "Бектемир", "Кўча": "-", "Тури": "Наземные", "Эни(м)": 3, "Узунл": 13 }, "geometry": { "type": "MultiLineString", "coordinates": [ [ [ 69.324141793544356, 41.226043120723915 ], [ 69.324260615587562, 41.225962610212655 ] ] ] } },
{ "type": "Feature", "properties": { "Туман": "Бектемир", "Кўча": "-", "Тури": "Наземные", "Эни(м)": 3, "Узунл": 16 }, "geometry": { "type": "MultiLineString", "coordinates": [ [ [ 69.323797860714009, 41.225779356325745 ], [ 69.323935631578294, 41.225681396186708 ] ] ] } },
{ "type": "Feature", "properties": { "Туман": "Олмазор", "Кўча": "Кичик ҳалқа йўли кўча", "Тури": "Наземные", "Эни(м)": 3, "Узунл": 31 }, "geometry": { "type": "MultiLineString", "coordinates": [ [ [ 69.262781461914045, 41.344174456997003 ], [ 69.263016189124116, 41.344386178897786 ] ] ] } },
{ "type": "Feature", "properties": { "Туман": "Олмазор", "Кўча": "Тахтапул Дарвоза кўча", "Тури": "Наземные", "Эни(м)": 3, "Узунл": 24 }, "geometry": { "type": "MultiLineString", "coordinates": [ [ [ 69.262753372883566, 41.344068392087678 ], [ 69.262991810013801, 41.343952242648982 ] ] ] } },
{ "type": "Feature", "properties": { "Туман": "Олмазор", "Кўча": "Тахтапул Дарвоза кўча", "Тури": "Наземные", "Эни(м)": 3, "Узунл": 24 }, "geometry": { "type": "MultiLineString", "coordinates": [ [ [ 69.263076375864443, 41.344344347791051 ], [ 69.26328196878363, 41.344190369598785 ] ] ] } },
{ "type": "Feature", "properties": { "Туман": "Шайхонтоҳур", "Кўча": "Кичик ҳалқа йўли кўча", "Тури": "Наземные", "Эни(м)": 3, "Узунл": 21 }, "geometry": { "type": "MultiLineString", "coordinates": [ [ [ 69.263301628860503, 41.344076614939688 ], [ 69.263151378767574, 41.343922502915369 ] ] ] } },
{ "type": "Feature", "properties": { "Туман": "Бектемир", "Кўча": "Катта ҳалқа йўли кўча", "Тури": "Наземные", "Эни(м)": 3, "Узунл": 29 }, "geometry": { "type": "MultiLineString", "coordinates": [ [ [ 69.348066461586853, 41.213824880297956 ], [ 69.348308005977657, 41.21364202207377 ] ] ] } },
{ "type": "Feature", "properties": { "Туман": "Яшнобод", "Кўча": "Маҳтумқули шоҳкўча", "Тури": "Наземные", "Эни(м)": 3, "Узунл": 24 }, "geometry": { "type": "MultiLineString", "coordinates": [ [ [ 69.281830139649287, 41.31066471603436 ], [ 69.281729834556188, 41.310463884507158 ] ] ] } },
{ "type": "Feature", "properties": { "Туман": "Яшнобод", "Кўча": "Маҳтумқули шоҳкўча", "Тури": "Наземные", "Эни(м)": 3, "Узунл": 24 }, "geometry": { "type": "MultiLineString", "coordinates": [ [ [ 69.281830139649287, 41.31066471603436 ], [ 69.281729834556188, 41.310463884507158 ] ] ] } },
{ "type": "Feature", "properties": { "Туман": "Яшнобод", "Кўча": "Истиқбол кўча", "Тури": "Наземные", "Эни(м)": 3, "Узунл": 17 }, "geometry": { "type": "MultiLineString", "coordinates": [ [ [ 69.281056379921665, 41.309869924529366 ], [ 69.280893545461353, 41.309781606527245 ] ] ] } },
{ "type": "Feature", "properties": { "Туман": "Яшнобод", "Кўча": "Истиқбол кўча", "Тури": "Наземные", "Эни(м)": 3, "Узунл": 17 }, "geometry": { "type": "MultiLineString", "coordinates": [ [ [ 69.281056379921665, 41.309869924529366 ], [ 69.280893545461353, 41.309781606527245 ] ] ] } },
{ "type": "Feature", "properties": { "Туман": "Яшнобод", "Кўча": "Истиқбол кўча", "Тури": "Наземные", "Эни(м)": 3, "Узунл": 13 }, "geometry": { "type": "MultiLineString", "coordinates": [ [ [ 69.282731322334115, 41.308165985343003 ], [ 69.282607956392781, 41.308093443911098 ] ] ] } },
{ "type": "Feature", "properties": { "Туман": "Яшнобод", "Кўча": "Истиқбол кўча", "Тури": "Наземные", "Эни(м)": 3, "Узунл": 13 }, "geometry": { "type": "MultiLineString", "coordinates": [ [ [ 69.282731322334115, 41.308165985343003 ], [ 69.282607956392781, 41.308093443911098 ] ] ] } },
{ "type": "Feature", "properties": { "Туман": "Яшнобод", "Кўча": "Истиқбол кўча", "Тури": "Наземные", "Эни(м)": 3, "Узунл": 17 }, "geometry": { "type": "MultiLineString", "coordinates": [ [ [ 69.283060304050139, 41.307986118046976 ], [ 69.282889910569551, 41.307896600570629 ] ] ] } },
{ "type": "Feature", "properties": { "Туман": "Яшнобод", "Кўча": "Истиқбол кўча", "Тури": "Наземные", "Эни(м)": 3, "Узунл": 17 }, "geometry": { "type": "MultiLineString", "coordinates": [ [ [ 69.283060304050139, 41.307986118046976 ], [ 69.282889910569551, 41.307896600570629 ] ] ] } },
{ "type": "Feature", "properties": { "Туман": "Яшнобод", "Кўча": "Истиқбол кўча", "Тури": "Наземные", "Эни(м)": 3, "Узунл": 32 }, "geometry": { "type": "MultiLineString", "coordinates": [ [ [ 69.284098549922618, 41.307082772407838 ], [ 69.284046890815802, 41.306993370480427 ], [ 69.283864979801763, 41.306861152903082 ] ] ] } },
{ "type": "Feature", "properties": { "Туман": "Яшнобод", "Кўча": "Истиқбол кўча", "Тури": "Наземные", "Эни(м)": 3, "Узунл": 32 }, "geometry": { "type": "MultiLineString", "coordinates": [ [ [ 69.284098549922618, 41.307082772407838 ], [ 69.284046890815802, 41.306993370480427 ], [ 69.283864979801763, 41.306861152903082 ] ] ] } },
{ "type": "Feature", "properties": { "Туман": "Яшнобод", "Кўча": "Шаҳрисабз кўча", "Тури": "Наземные", "Эни(м)": 3, "Узунл": 35 }, "geometry": { "type": "MultiLineString", "coordinates": [ [ [ 69.284173646357146, 41.307100899877334 ], [ 69.284493346751162, 41.306898669018089 ] ] ] } },
{ "type": "Feature", "properties": { "Туман": "Яшнобод", "Кўча": "Истиқбол кўча", "Тури": "Наземные", "Эни(м)": 3, "Узунл": 23 }, "geometry": { "type": "MultiLineString", "coordinates": [ [ [ 69.284197901282724, 41.306534362969934 ], [ 69.284428277744794, 41.306642043172502 ] ] ] } },
{ "type": "Feature", "properties": { "Туман": "Яшнобод", "Кўча": "Истиқбол кўча", "Тури": "Наземные", "Эни(м)": 3, "Узунл": 23 }, "geometry": { "type": "MultiLineString", "coordinates": [ [ [ 69.284197901282724, 41.306534362969934 ], [ 69.284428277744794, 41.306642043172502 ] ] ] } },
{ "type": "Feature", "properties": { "Туман": "Яшнобод", "Кўча": "Маҳтумқули шоҳкўча", "Тури": "Наземные", "Эни(м)": 3, "Узунл": 22 }, "geometry": { "type": "MultiLineString", "coordinates": [ [ [ 69.284397377239074, 41.309963659959138 ], [ 69.284307509442769, 41.309776277236139 ] ] ] } },
{ "type": "Feature", "properties": { "Туман": "Яшнобод", "Кўча": "Маҳтумқули шоҳкўча", "Тури": "Наземные", "Эни(м)": 3, "Узунл": 22 }, "geometry": { "type": "MultiLineString", "coordinates": [ [ [ 69.284397377239074, 41.309963659959138 ], [ 69.284307509442769, 41.309776277236139 ] ] ] } },
{ "type": "Feature", "properties": { "Туман": "Яшнобод", "Кўча": "Истиқлол кўча", "Тури": "Наземные", "Эни(м)": 3, "Узунл": 23 }, "geometry": { "type": "MultiLineString", "coordinates": [ [ [ 69.284352045639793, 41.309716345331907 ], [ 69.284611871700747, 41.30964326580154 ] ] ] } },
{ "type": "Feature", "properties": { "Туман": "Яшнобод", "Кўча": "Истиқбол кўча", "Тури": "Наземные", "Эни(м)": 3, "Узунл": 22 }, "geometry": { "type": "MultiLineString", "coordinates": [ [ [ 69.285441603792165, 41.305293134398106 ], [ 69.285657988950675, 41.305410613705128 ] ] ] } },
{ "type": "Feature", "properties": { "Туман": "Яшнобод", "Кўча": "Истиқбол кўча", "Тури": "Наземные", "Эни(м)": 3, "Узунл": 22 }, "geometry": { "type": "MultiLineString", "coordinates": [ [ [ 69.285441603792165, 41.305293134398106 ], [ 69.285657988950675, 41.305410613705128 ] ] ] } },
{ "type": "Feature", "properties": { "Туман": "Яшнобод", "Кўча": "Истиқбол кўча", "Тури": "Наземные", "Эни(м)": 3, "Узунл": 22 }, "geometry": { "type": "MultiLineString", "coordinates": [ [ [ 69.285683404386617, 41.30505121202286 ], [ 69.28590033773618, 41.305170724279037 ] ] ] } },
{ "type": "Feature", "properties": { "Туман": "Яшнобод", "Кўча": "Истиқбол кўча", "Тури": "Наземные", "Эни(м)": 3, "Узунл": 22 }, "geometry": { "type": "MultiLineString", "coordinates": [ [ [ 69.285683404386617, 41.30505121202286 ], [ 69.28590033773618, 41.305170724279037 ] ] ] } },
{ "type": "Feature", "properties": { "Туман": "Яшнобод", "Кўча": "Истиқбол кўча", "Тури": "Наземные", "Эни(м)": 3, "Узунл": 23 }, "geometry": { "type": "MultiLineString", "coordinates": [ [ [ 69.287682527924389, 41.303366742156264 ], [ 69.28753443406751, 41.3031925297052 ] ] ] } },
{ "type": "Feature", "properties": { "Туман": "Яшнобод", "Кўча": "Истиқбол кўча", "Тури": "Наземные", "Эни(м)": 3, "Узунл": 23 }, "geometry": { "type": "MultiLineString", "coordinates": [ [ [ 69.287682527924389, 41.303366742156264 ], [ 69.28753443406751, 41.3031925297052 ] ] ] } },
{ "type": "Feature", "properties": { "Туман": "Яшнобод", "Кўча": "Содиқ Азимов кўча", "Тури": "Наземные", "Эни(м)": 3, "Узунл": 20 }, "geometry": { "type": "MultiLineString", "coordinates": [ [ [ 69.287805034161067, 41.303367249837223 ], [ 69.287906820348923, 41.303319381910207 ], [ 69.287992353968264, 41.303257311230688 ] ] ] } },
{ "type": "Feature", "properties": { "Туман": "Яшнобод", "Кўча": "Истиқбол кўча", "Тури": "Наземные", "Эни(м)": 3, "Узунл": 22 }, "geometry": { "type": "MultiLineString", "coordinates": [ [ [ 69.287729498088666, 41.303002809560013 ], [ 69.287936165903702, 41.303120308922246 ] ] ] } },
{ "type": "Feature", "properties": { "Туман": "Яшнобод", "Кўча": "Истиқбол кўча", "Тури": "Наземные", "Эни(м)": 3, "Узунл": 22 }, "geometry": { "type": "MultiLineString", "coordinates": [ [ [ 69.287729498088666, 41.303002809560013 ], [ 69.287936165903702, 41.303120308922246 ] ] ] } },
{ "type": "Feature", "properties": { "Туман": "Яшнобод", "Кўча": "Истиқбол кўча", "Тури": "Наземные", "Эни(м)": 3, "Узунл": 19 }, "geometry": { "type": "MultiLineString", "coordinates": [ [ [ 69.289198580144159, 41.301442332576109 ], [ 69.289387363617692, 41.301543189253806 ] ] ] } },
{ "type": "Feature", "properties": { "Туман": "Яшнобод", "Кўча": "Истиқбол кўча", "Тури": "Наземные", "Эни(м)": 3, "Узунл": 19 }, "geometry": { "type": "MultiLineString", "coordinates": [ [ [ 69.289198580144159, 41.301442332576109 ], [ 69.289387363617692, 41.301543189253806 ] ] ] } },
{ "type": "Feature", "properties": { "Туман": "Яшнобод", "Кўча": "Абдулла Қодирий кўча", "Тури": "Наземные", "Эни(м)": 3, "Узунл": 28 }, "geometry": { "type": "MultiLineString", "coordinates": [ [ [ 69.29098171532307, 41.300379763134515 ], [ 69.291300867489014, 41.300308960157615 ] ] ] } },
{ "type": "Feature", "properties": { "Туман": "Яшнобод", "Кўча": "Истиқбол кўча", "Тури": "Наземные", "Эни(м)": 3, "Узунл": 28 }, "geometry": { "type": "MultiLineString", "coordinates": [ [ [ 69.290765445797419, 41.300286710574007 ], [ 69.290571339332502, 41.300080468915894 ] ] ] } },
{ "type": "Feature", "properties": { "Туман": "Яшнобод", "Кўча": "Истиқбол кўча", "Тури": "Наземные", "Эни(м)": 3, "Узунл": 28 }, "geometry": { "type": "MultiLineString", "coordinates": [ [ [ 69.290765445797419, 41.300286710574007 ], [ 69.290571339332502, 41.300080468915894 ] ] ] } },
{ "type": "Feature", "properties": { "Туман": "Яшнобод", "Кўча": "Фарғона йўли кўча", "Тури": "Наземные", "Эни(м)": 3, "Узунл": 45 }, "geometry": { "type": "MultiLineString", "coordinates": [ [ [ 69.291261372912857, 41.300164998971432 ], [ 69.290944758836432, 41.29983535432693 ] ] ] } },
{ "type": "Feature", "properties": { "Туман": "Яшнобод", "Кўча": "Фарғона йўли кўча", "Тури": "Наземные", "Эни(м)": 3, "Узунл": 45 }, "geometry": { "type": "MultiLineString", "coordinates": [ [ [ 69.291261372912857, 41.300164998971432 ], [ 69.290944758836432, 41.29983535432693 ] ] ] } },
{ "type": "Feature", "properties": { "Туман": "Яшнобод", "Кўча": "Содиқ Азимов кўча", "Тури": "Наземные", "Эни(м)": 3, "Узунл": 18 }, "geometry": { "type": "MultiLineString", "coordinates": [ [ [ 69.289601387761337, 41.305153537068627 ], [ 69.28977743594973, 41.305057053362042 ] ] ] } },
{ "type": "Feature", "properties": { "Туман": "Яшнобод", "Кўча": "Содиқ Азимов кўча", "Тури": "Наземные", "Эни(м)": 3, "Узунл": 34 }, "geometry": { "type": "MultiLineString", "coordinates": [ [ [ 69.291747053311965, 41.307431119080704 ], [ 69.291993469516754, 41.307380439208181 ], [ 69.292132029760324, 41.307341020275466 ] ] ] } },
{ "type": "Feature", "properties": { "Туман": "Яшнобод", "Кўча": "Маҳтумқули шоҳкўча", "Тури": "Наземные", "Эни(м)": 3, "Узунл": 44 }, "geometry": { "type": "MultiLineString", "coordinates": [ [ [ 69.292012796974845, 41.307833937954641 ], [ 69.291795832480076, 41.307477387946662 ] ] ] } },
{ "type": "Feature", "properties": { "Туман": "Яшнобод", "Кўча": "Маҳтумқули шоҳкўча", "Тури": "Наземные", "Эни(м)": 3, "Узунл": 44 }, "geometry": { "type": "MultiLineString", "coordinates": [ [ [ 69.292012796974845, 41.307833937954641 ], [ 69.291795832480076, 41.307477387946662 ] ] ] } },
{ "type": "Feature", "properties": { "Туман": "Яшнобод", "Кўча": "Маҳтумқули шоҳкўча", "Тури": "Наземные", "Эни(м)": 3, "Узунл": 42 }, "geometry": { "type": "MultiLineString", "coordinates": [ [ [ 69.292478604944023, 41.30773081393513 ], [ 69.292297841360053, 41.307376411116422 ] ] ] } },
{ "type": "Feature", "properties": { "Туман": "Яшнобод", "Кўча": "Маҳтумқули шоҳкўча", "Тури": "Наземные", "Эни(м)": 3, "Узунл": 42 }, "geometry": { "type": "MultiLineString", "coordinates": [ [ [ 69.292478604944023, 41.30773081393513 ], [ 69.292297841360053, 41.307376411116422 ] ] ] } },
{ "type": "Feature", "properties": { "Туман": "Яшнобод", "Кўча": "Маҳтумқули шоҳкўча", "Тури": "Наземные", "Эни(м)": 3, "Узунл": 32 }, "geometry": { "type": "MultiLineString", "coordinates": [ [ [ 69.295639423492332, 41.307086673766626 ], [ 69.29566512112001, 41.306801741487689 ] ] ] } },
{ "type": "Feature", "properties": { "Туман": "Яшнобод", "Кўча": "Маҳтумқули шоҳкўча", "Тури": "Наземные", "Эни(м)": 3, "Узунл": 32 }, "geometry": { "type": "MultiLineString", "coordinates": [ [ [ 69.295639423492332, 41.307086673766626 ], [ 69.29566512112001, 41.306801741487689 ] ] ] } },
{ "type": "Feature", "properties": { "Туман": "Яшнобод", "Кўча": "-", "Тури": "Наземные", "Эни(м)": 3, "Узунл": 10 }, "geometry": { "type": "MultiLineString", "coordinates": [ [ [ 69.297760681892441, 41.307023826014486 ], [ 69.297880578038402, 41.307042235598011 ] ] ] } },
{ "type": "Feature", "properties": { "Туман": "Яшнобод", "Кўча": "-", "Тури": "Наземные", "Эни(м)": 3, "Узунл": 22 }, "geometry": { "type": "MultiLineString", "coordinates": [ [ [ 69.298285652728524, 41.307108740649639 ], [ 69.298542726902525, 41.307147955488404 ] ] ] } },
{ "type": "Feature", "properties": { "Туман": "Яшнобод", "Кўча": "Маҳтумқули шоҳкўча", "Тури": "Наземные", "Эни(м)": 3, "Узунл": 47 }, "geometry": { "type": "MultiLineString", "coordinates": [ [ [ 69.299101434336634, 41.307765071811964 ], [ 69.299223696217524, 41.307356174494437 ] ] ] } },
{ "type": "Feature", "properties": { "Туман": "Яшнобод", "Кўча": "-", "Тури": "Наземные", "Эни(м)": 3, "Узунл": 7 }, "geometry": { "type": "MultiLineString", "coordinates": [ [ [ 69.299418902202149, 41.307084230062998 ], [ 69.299505727012431, 41.307069760875478 ] ] ] } },
{ "type": "Feature", "properties": { "Туман": "Яшнобод", "Кўча": "-", "Тури": "Наземные", "Эни(м)": 3, "Узунл": 7 }, "geometry": { "type": "MultiLineString", "coordinates": [ [ [ 69.301397017305916, 41.307698448335515 ], [ 69.301444793317643, 41.307642570843953 ] ] ] } },
{ "type": "Feature", "properties": { "Туман": "Яшнобод", "Кўча": "-", "Тури": "Наземные", "Эни(м)": 3, "Узунл": 7 }, "geometry": { "type": "MultiLineString", "coordinates": [ [ [ 69.301152500842264, 41.308043369462119 ], [ 69.301157341461703, 41.307981093184502 ] ] ] } },
{ "type": "Feature", "properties": { "Туман": "Яшнобод", "Кўча": "Кичик Ҳалқа йўли кўча", "Тури": "Наземные", "Эни(м)": 3, "Узунл": 19 }, "geometry": { "type": "MultiLineString", "coordinates": [ [ [ 69.303419972620503, 41.308605316068032 ], [ 69.303563482168059, 41.308477561828326 ] ] ] } },
{ "type": "Feature", "properties": { "Туман": "Яшнобод", "Кўча": "Кичик Ҳалқа йўли кўча", "Тури": "Наземные", "Эни(м)": 3, "Узунл": 16 }, "geometry": { "type": "MultiLineString", "coordinates": [ [ [ 69.304925690686616, 41.309517385419454 ], [ 69.305053097183418, 41.309408798724682 ] ] ] } },
{ "type": "Feature", "properties": { "Туман": "Яшнобод", "Кўча": "Мирзо Улуғбек шоҳкўча", "Тури": "Наземные", "Эни(м)": 3, "Узунл": 36 }, "geometry": { "type": "MultiLineString", "coordinates": [ [ [ 69.309825826690528, 41.307705167521547 ], [ 69.310174641926011, 41.307512960841606 ] ] ] } },
{ "type": "Feature", "properties": { "Туман": "Яшнобод", "Кўча": "Мирзо Улуғбек шоҳкўча", "Тури": "Наземные", "Эни(м)": 3, "Узунл": 35 }, "geometry": { "type": "MultiLineString", "coordinates": [ [ [ 69.312032329631776, 41.310012320431177 ], [ 69.31242585376161, 41.309913584652264 ] ] ] } },
{ "type": "Feature", "properties": { "Туман": "Яшнобод", "Кўча": "Мирзо Улуғбек шоҳкўча", "Тури": "Наземные", "Эни(м)": 3, "Узунл": 34 }, "geometry": { "type": "MultiLineString", "coordinates": [ [ [ 69.31229673908193, 41.310453552723594 ], [ 69.312676127853578, 41.310332879062628 ] ] ] } },
{ "type": "Feature", "properties": { "Туман": "Яшнобод", "Кўча": "Мирзо Улуғбек шоҳкўча", "Тури": "Наземные", "Эни(м)": 3, "Узунл": 35 }, "geometry": { "type": "MultiLineString", "coordinates": [ [ [ 69.312401199993616, 41.310628258409622 ], [ 69.312779463467251, 41.310497820629337 ] ] ] } },
{ "type": "Feature", "properties": { "Туман": "Яшнобод", "Кўча": "Мирзо Улуғбек шоҳкўча", "Тури": "Наземные", "Эни(м)": 3, "Узунл": 35 }, "geometry": { "type": "MultiLineString", "coordinates": [ [ [ 69.313151482488209, 41.311882478812969 ], [ 69.313531883297145, 41.311746335449691 ] ] ] } },
{ "type": "Feature", "properties": { "Туман": "Яшнобод", "Кўча": "Мирзо Улуғбек шоҳкўча", "Тури": "Наземные", "Эни(м)": 3, "Узунл": 30 }, "geometry": { "type": "MultiLineString", "coordinates": [ [ [ 69.31379223895091, 41.312914390292029 ], [ 69.314120997784073, 41.312813383583304 ] ] ] } },
{ "type": "Feature", "properties": { "Туман": "Яшнобод", "Кўча": "Мирзо Улуғбек шоҳкўча", "Тури": "Наземные", "Эни(м)": 3, "Узунл": 35 }, "geometry": { "type": "MultiLineString", "coordinates": [ [ [ 69.313963204118551, 41.313224020995364 ], [ 69.314345816874138, 41.313097635766887 ] ] ] } },
{ "type": "Feature", "properties": { "Туман": "Яшнобод", "Кўча": "Мирзо Улуғбек шоҳкўча", "Тури": "Наземные", "Эни(м)": 3, "Узунл": 48 }, "geometry": { "type": "MultiLineString", "coordinates": [ [ [ 69.316009494074606, 41.316711690180469 ], [ 69.316528948348662, 41.316527948851196 ] ] ] } },
{ "type": "Feature", "properties": { "Туман": "Яшнобод", "Кўча": "Паркент кўча", "Тури": "Наземные", "Эни(м)": 3, "Узунл": 38 }, "geometry": { "type": "MultiLineString", "coordinates": [ [ [ 69.316252720851693, 41.317226222159825 ], [ 69.316019223228665, 41.31693792823981 ] ] ] } },
{ "type": "Feature", "properties": { "Туман": "Яшнобод", "Кўча": "Паркент кўча", "Тури": "Наземные", "Эни(м)": 3, "Узунл": 38 }, "geometry": { "type": "MultiLineString", "coordinates": [ [ [ 69.316252720851693, 41.317226222159825 ], [ 69.316019223228665, 41.31693792823981 ] ] ] } },
{ "type": "Feature", "properties": { "Туман": "Яшнобод", "Кўча": "Паркент кўча", "Тури": "Наземные", "Эни(м)": 3, "Узунл": 40 }, "geometry": { "type": "MultiLineString", "coordinates": [ [ [ 69.317099905411155, 41.316947978635483 ], [ 69.316895379059147, 41.316623794975349 ] ] ] } },
{ "type": "Feature", "properties": { "Туман": "Яшнобод", "Кўча": "Паркент кўча", "Тури": "Наземные", "Эни(м)": 3, "Узунл": 40 }, "geometry": { "type": "MultiLineString", "coordinates": [ [ [ 69.317099905411155, 41.316947978635483 ], [ 69.316895379059147, 41.316623794975349 ] ] ] } },
{ "type": "Feature", "properties": { "Туман": "Яшнобод", "Кўча": "Паркент кўча", "Тури": "Наземные", "Эни(м)": 3, "Узунл": 26 }, "geometry": { "type": "MultiLineString", "coordinates": [ [ [ 69.314127954413451, 41.31808500956037 ], [ 69.313971529296992, 41.317883588671208 ] ] ] } },
{ "type": "Feature", "properties": { "Туман": "Яшнобод", "Кўча": "Паркент кўча", "Тури": "Наземные", "Эни(м)": 3, "Узунл": 26 }, "geometry": { "type": "MultiLineString", "coordinates": [ [ [ 69.314127954413451, 41.31808500956037 ], [ 69.313971529296992, 41.317883588671208 ] ] ] } },
{ "type": "Feature", "properties": { "Туман": "Яшнобод", "Кўча": "Паркент кўча", "Тури": "Наземные", "Эни(м)": 3, "Узунл": 50 }, "geometry": { "type": "MultiLineString", "coordinates": [ [ [ 69.322361199867316, 41.315541591814934 ], [ 69.322284500344651, 41.315092532575584 ] ] ] } },
{ "type": "Feature", "properties": { "Туман": "Яшнобод", "Кўча": "Паркент кўча", "Тури": "Наземные", "Эни(м)": 3, "Узунл": 50 }, "geometry": { "type": "MultiLineString", "coordinates": [ [ [ 69.322361199867316, 41.315541591814934 ], [ 69.322284500344651, 41.315092532575584 ] ] ] } },
{ "type": "Feature", "properties": { "Туман": "Яшнобод", "Кўча": "Паркент кўча", "Тури": "Наземные", "Эни(м)": 3, "Узунл": 43 }, "geometry": { "type": "MultiLineString", "coordinates": [ [ [ 69.325317632214876, 41.31524352508756 ], [ 69.325246621810933, 41.314857122208977 ] ] ] } },
{ "type": "Feature", "properties": { "Туман": "Яшнобод", "Кўча": "Паркент кўча", "Тури": "Наземные", "Эни(м)": 3, "Узунл": 43 }, "geometry": { "type": "MultiLineString", "coordinates": [ [ [ 69.325317632214876, 41.31524352508756 ], [ 69.325246621810933, 41.314857122208977 ] ] ] } },
{ "type": "Feature", "properties": { "Туман": "Яшнобод", "Кўча": "Паркент кўча", "Тури": "Наземные", "Эни(м)": 3, "Узунл": 44 }, "geometry": { "type": "MultiLineString", "coordinates": [ [ [ 69.328215837748317, 41.314964268224486 ], [ 69.328146916490809, 41.314567280444571 ] ] ] } },
{ "type": "Feature", "properties": { "Туман": "Яшнобод", "Кўча": "Паркент кўча", "Тури": "Наземные", "Эни(м)": 3, "Узунл": 44 }, "geometry": { "type": "MultiLineString", "coordinates": [ [ [ 69.328215837748317, 41.314964268224486 ], [ 69.328146916490809, 41.314567280444571 ] ] ] } },
{ "type": "Feature", "properties": { "Туман": "Яшнобод", "Кўча": "Паркент кўча", "Тури": "Наземные", "Эни(м)": 3, "Узунл": 48 }, "geometry": { "type": "MultiLineString", "coordinates": [ [ [ 69.328998490772861, 41.314749605441222 ], [ 69.328665313429397, 41.314398137574273 ] ] ] } },
{ "type": "Feature", "properties": { "Туман": "Яшнобод", "Кўча": "Паркент кўча", "Тури": "Наземные", "Эни(м)": 3, "Узунл": 48 }, "geometry": { "type": "MultiLineString", "coordinates": [ [ [ 69.328998490772861, 41.314749605441222 ], [ 69.328665313429397, 41.314398137574273 ] ] ] } },
{ "type": "Feature", "properties": { "Туман": "Яшнобод", "Кўча": "Паркент кўча", "Тури": "Наземные", "Эни(м)": 3, "Узунл": 47 }, "geometry": { "type": "MultiLineString", "coordinates": [ [ [ 69.331127300176135, 41.313256501731686 ], [ 69.330724237280336, 41.312961400021038 ] ] ] } },
{ "type": "Feature", "properties": { "Туман": "Яшнобод", "Кўча": "Паркент кўча", "Тури": "Наземные", "Эни(м)": 3, "Узунл": 47 }, "geometry": { "type": "MultiLineString", "coordinates": [ [ [ 69.331127300176135, 41.313256501731686 ], [ 69.330724237280336, 41.312961400021038 ] ] ] } },
{ "type": "Feature", "properties": { "Туман": "Яшнобод", "Кўча": "Олтинтепа кўча", "Тури": "Наземные", "Эни(м)": 3, "Узунл": 17 }, "geometry": { "type": "MultiLineString", "coordinates": [ [ [ 69.330808735886905, 41.312806922697405 ], [ 69.330955527810076, 41.31269662390649 ] ] ] } },
{ "type": "Feature", "properties": { "Туман": "Яшнобод", "Кўча": "Олтинтепа кўча", "Тури": "Наземные", "Эни(м)": 3, "Узунл": 17 }, "geometry": { "type": "MultiLineString", "coordinates": [ [ [ 69.330808735886905, 41.312806922697405 ], [ 69.330955527810076, 41.31269662390649 ] ] ] } },
{ "type": "Feature", "properties": { "Туман": "Яшнобод", "Кўча": "Паркент кўча", "Тури": "Наземные", "Эни(м)": 3, "Узунл": 41 }, "geometry": { "type": "MultiLineString", "coordinates": [ [ [ 69.331516384450666, 41.312922495721359 ], [ 69.331161044960609, 41.312672022704355 ] ] ] } },
{ "type": "Feature", "properties": { "Туман": "Яшнобод", "Кўча": "Паркент кўча", "Тури": "Наземные", "Эни(м)": 3, "Узунл": 41 }, "geometry": { "type": "MultiLineString", "coordinates": [ [ [ 69.331516384450666, 41.312922495721359 ], [ 69.331161044960609, 41.312672022704355 ] ] ] } },
{ "type": "Feature", "properties": { "Туман": "Яшнобод", "Кўча": "-", "Тури": "Наземные", "Эни(м)": 3, "Узунл": 6 }, "geometry": { "type": "MultiLineString", "coordinates": [ [ [ 69.338708398289711, 41.306339059246049 ], [ 69.338766005158632, 41.306312030918399 ] ] ] } },
{ "type": "Feature", "properties": { "Туман": "Яшнобод", "Кўча": "-", "Тури": "Наземные", "Эни(м)": 3, "Узунл": 12 }, "geometry": { "type": "MultiLineString", "coordinates": [ [ [ 69.338895528582668, 41.30631164966632 ], [ 69.338918205945944, 41.306209438036255 ] ] ] } },
{ "type": "Feature", "properties": { "Туман": "Яшнобод", "Кўча": "-", "Тури": "Наземные", "Эни(м)": 3, "Узунл": 7 }, "geometry": { "type": "MultiLineString", "coordinates": [ [ [ 69.339034174892234, 41.306405450704879 ], [ 69.338966506033103, 41.306365361775363 ] ] ] } },
{ "type": "Feature", "properties": { "Туман": "Яшнобод", "Кўча": "-", "Тури": "Наземные", "Эни(м)": 3, "Узунл": 12 }, "geometry": { "type": "MultiLineString", "coordinates": [ [ [ 69.339002146561668, 41.305848428210552 ], [ 69.338985960589056, 41.30574511014936 ] ] ] } },
{ "type": "Feature", "properties": { "Туман": "Яшнобод", "Кўча": "-", "Тури": "Наземные", "Эни(м)": 3, "Узунл": 11 }, "geometry": { "type": "MultiLineString", "coordinates": [ [ [ 69.339760689493588, 41.305591440061733 ], [ 69.339690111466041, 41.305510664968374 ] ] ] } },
{ "type": "Feature", "properties": { "Туман": "Яшнобод", "Кўча": "-", "Тури": "Наземные", "Эни(м)": 3, "Узунл": 8 }, "geometry": { "type": "MultiLineString", "coordinates": [ [ [ 69.340216153127216, 41.305897343346892 ], [ 69.340310192416126, 41.305923110279352 ] ] ] } },
{ "type": "Feature", "properties": { "Туман": "Яшнобод", "Кўча": "-", "Тури": "Наземные", "Эни(м)": 3, "Узунл": 8 }, "geometry": { "type": "MultiLineString", "coordinates": [ [ [ 69.341122109176581, 41.305190432304265 ], [ 69.341214995266441, 41.305202162084598 ] ] ] } },
{ "type": "Feature", "properties": { "Туман": "Яшнобод", "Кўча": "-", "Тури": "Наземные", "Эни(м)": 3, "Узунл": 9 }, "geometry": { "type": "MultiLineString", "coordinates": [ [ [ 69.340472405518895, 41.305722817335514 ], [ 69.340577805383774, 41.305753840819726 ] ] ] } },
{ "type": "Feature", "properties": { "Туман": "Яшнобод", "Кўча": "-", "Тури": "Наземные", "Эни(м)": 3, "Узунл": 11 }, "geometry": { "type": "MultiLineString", "coordinates": [ [ [ 69.338935405548114, 41.307081688199133 ], [ 69.338849717797956, 41.307001364051864 ] ] ] } },
{ "type": "Feature", "properties": { "Туман": "Яшнобод", "Кўча": "Оҳангарон шоҳкўча", "Тури": "Наземные", "Эни(м)": 3, "Узунл": 42 }, "geometry": { "type": "MultiLineString", "coordinates": [ [ [ 69.347019138061285, 41.30019232573612 ], [ 69.346709945462734, 41.299890485075764 ] ] ] } },
{ "type": "Feature", "properties": { "Туман": "Яшнобод", "Кўча": "Алимкент кўча", "Тури": "Наземные", "Эни(м)": 3, "Узунл": 18 }, "geometry": { "type": "MultiLineString", "coordinates": [ [ [ 69.324064879609622, 41.293177448204133 ], [ 69.323970269011355, 41.293031211541646 ] ] ] } },
{ "type": "Feature", "properties": { "Туман": "Яшнобод", "Кўча": "Алимкент кўча", "Тури": "Наземные", "Эни(м)": 3, "Узунл": 16 }, "geometry": { "type": "MultiLineString", "coordinates": [ [ [ 69.328214868075918, 41.290823271101047 ], [ 69.328089145182261, 41.290714566126766 ] ] ] } },
{ "type": "Feature", "properties": { "Туман": "Яшнобод", "Кўча": "Алимкент кўча", "Тури": "Наземные", "Эни(м)": 3, "Узунл": 16 }, "geometry": { "type": "MultiLineString", "coordinates": [ [ [ 69.330229799863872, 41.289259693248326 ], [ 69.33008899825488, 41.289156731022864 ] ] ] } },
{ "type": "Feature", "properties": { "Туман": "Яшнобод", "Кўча": "Қорасув кўча", "Тури": "Наземные", "Эни(м)": 3, "Узунл": 21 }, "geometry": { "type": "MultiLineString", "coordinates": [ [ [ 69.336411911095837, 41.284525614767546 ], [ 69.336646838855103, 41.28446754761962 ] ] ] } },
{ "type": "Feature", "properties": { "Туман": "Яшнобод", "Кўча": "Мухтор Ашрафий кўча", "Тури": "Наземные", "Эни(м)": 3, "Узунл": 22 }, "geometry": { "type": "MultiLineString", "coordinates": [ [ [ 69.336093540705164, 41.284198540380068 ], [ 69.33622215564499, 41.284029686187836 ] ] ] } },
{ "type": "Feature", "properties": { "Туман": "Яшнобод", "Кўча": "Асалобод кўча", "Тури": "Наземные", "Эни(м)": 3, "Узунл": 26 }, "geometry": { "type": "MultiLineString", "coordinates": [ [ [ 69.336652266868683, 41.284054067277125 ], [ 69.336367525302691, 41.28397188113027 ] ] ] } },
{ "type": "Feature", "properties": { "Туман": "Яшнобод", "Кўча": "Оҳангарон шоҳкўча", "Тури": "Наземные", "Эни(м)": 3, "Узунл": 87 }, "geometry": { "type": "MultiLineString", "coordinates": [ [ [ 69.361313689693262, 41.281134298908718 ], [ 69.360281753300512, 41.28105288669569 ] ] ] } },
{ "type": "Feature", "properties": { "Туман": "Яшнобод", "Кўча": "-", "Тури": "Наземные", "Эни(м)": 3, "Узунл": 34 }, "geometry": { "type": "MultiLineString", "coordinates": [ [ [ 69.360704284559404, 41.280584381190529 ], [ 69.360300476240127, 41.280533555653186 ] ] ] } },
{ "type": "Feature", "properties": { "Туман": "Яшнобод", "Кўча": "Шоҳимардон кўча", "Тури": "Наземные", "Эни(м)": 3, "Узунл": 17 }, "geometry": { "type": "MultiLineString", "coordinates": [ [ [ 69.354434298319703, 41.274168291075014 ], [ 69.354496069101472, 41.274019969693668 ] ] ] } },
{ "type": "Feature", "properties": { "Туман": "Яшнобод", "Кўча": "Оҳангарон шоҳкўча", "Тури": "Наземные", "Эни(м)": 3, "Узунл": 52 }, "geometry": { "type": "MultiLineString", "coordinates": [ [ [ 69.362042549381016, 41.276745050912638 ], [ 69.361427242131626, 41.276683499485557 ] ] ] } },
{ "type": "Feature", "properties": { "Туман": "Яшнобод", "Кўча": "Бешариқ кўча", "Тури": "Наземные", "Эни(м)": 3, "Узунл": 33 }, "geometry": { "type": "MultiLineString", "coordinates": [ [ [ 69.346478920921328, 41.28633538815042 ], [ 69.346705304131973, 41.286090534773237 ] ] ] } },
{ "type": "Feature", "properties": { "Туман": "Яшнобод", "Кўча": "Авиасозлар кўча", "Тури": "Наземные", "Эни(м)": 3, "Узунл": 26 }, "geometry": { "type": "MultiLineString", "coordinates": [ [ [ 69.346091870631398, 41.286193304931338 ], [ 69.346340791945877, 41.286333362072924 ] ] ] } },
{ "type": "Feature", "properties": { "Туман": "Яшнобод", "Кўча": "Авиасозлар кўча", "Тури": "Наземные", "Эни(м)": 3, "Узунл": 28 }, "geometry": { "type": "MultiLineString", "coordinates": [ [ [ 69.346475392111842, 41.285872286219259 ], [ 69.346726578781286, 41.286032683368767 ] ] ] } },
{ "type": "Feature", "properties": { "Туман": "Яшнобод", "Кўча": "Бешариқ кўча", "Тури": "Наземные", "Эни(м)": 3, "Узунл": 25 }, "geometry": { "type": "MultiLineString", "coordinates": [ [ [ 69.346102364172722, 41.286137113865749 ], [ 69.346280506130029, 41.285951821482058 ] ] ] } },
{ "type": "Feature", "properties": { "Туман": "Яшнобод", "Кўча": "Бешариқ кўча", "Тури": "Наземные", "Эни(м)": 3, "Узунл": 26 }, "geometry": { "type": "MultiLineString", "coordinates": [ [ [ 69.348894420414695, 41.287458608270697 ], [ 69.349033590877198, 41.287250640411862 ] ] ] } },
{ "type": "Feature", "properties": { "Туман": "Яшнобод", "Кўча": "Бешариқ кўча", "Тури": "Наземные", "Эни(м)": 3, "Узунл": 24 }, "geometry": { "type": "MultiLineString", "coordinates": [ [ [ 69.349121459090966, 41.287540124456378 ], [ 69.349269378572927, 41.287354105241143 ] ] ] } },
{ "type": "Feature", "properties": { "Туман": "Яшнобод", "Кўча": "Бирлашган-6 тор кўча", "Тури": "Наземные", "Эни(м)": 3, "Узунл": 13 }, "geometry": { "type": "MultiLineString", "coordinates": [ [ [ 69.349169316429794, 41.287206277910926 ], [ 69.349302316863586, 41.287257964411999 ] ] ] } },
{ "type": "Feature", "properties": { "Туман": "Яшнобод", "Кўча": "Бирлашган-6 тор кўча", "Тури": "Наземные", "Эни(м)": 3, "Узунл": 15 }, "geometry": { "type": "MultiLineString", "coordinates": [ [ [ 69.348886043812811, 41.287506654101939 ], [ 69.349042822809722, 41.287565593986415 ] ] ] } },
{ "type": "Feature", "properties": { "Туман": "Яшнобод", "Кўча": "Бирлашган-2 тор кўча", "Тури": "Наземные", "Эни(м)": 3, "Узунл": 19 }, "geometry": { "type": "MultiLineString", "coordinates": [ [ [ 69.347219028120691, 41.28936577134057 ], [ 69.347422275408974, 41.2894367818296 ] ] ] } },
{ "type": "Feature", "properties": { "Туман": "Яшнобод", "Кўча": "Бирлашган кўча", "Тури": "Наземные", "Эни(м)": 3, "Узунл": 21 }, "geometry": { "type": "MultiLineString", "coordinates": [ [ [ 69.347244818192408, 41.289345345911109 ], [ 69.347441668281107, 41.289227549563023 ] ] ] } },
{ "type": "Feature", "properties": { "Туман": "Яшнобод", "Кўча": "Бирлашган-6 тор кўча", "Тури": "Наземные", "Эни(м)": 3, "Узунл": 18 }, "geometry": { "type": "MultiLineString", "coordinates": [ [ [ 69.347495484051521, 41.289201342150569 ], [ 69.34768046021928, 41.289286243732015 ] ] ] } },
{ "type": "Feature", "properties": { "Туман": "Яшнобод", "Кўча": "Бирлашган кўча", "Тури": "Наземные", "Эни(м)": 3, "Узунл": 18 }, "geometry": { "type": "MultiLineString", "coordinates": [ [ [ 69.347721806655557, 41.289350417394267 ], [ 69.347604929823547, 41.289490762123478 ] ] ] } },
{ "type": "Feature", "properties": { "Туман": "Яшнобод", "Кўча": "Бирлашган кўча", "Тури": "Наземные", "Эни(м)": 3, "Узунл": 21 }, "geometry": { "type": "MultiLineString", "coordinates": [ [ [ 69.344796913622403, 41.288223816455236 ], [ 69.344952597567087, 41.288075219207954 ] ] ] } },
{ "type": "Feature", "properties": { "Туман": "Яшнобод", "Кўча": "Авиасозлар кўча", "Тури": "Наземные", "Эни(м)": 3, "Узунл": 15 }, "geometry": { "type": "MultiLineString", "coordinates": [ [ [ 69.344573183592431, 41.288155304337039 ], [ 69.344727875007251, 41.288228092740326 ] ] ] } },
{ "type": "Feature", "properties": { "Туман": "Яшнобод", "Кўча": "Бирлашган кўча", "Тури": "Наземные", "Эни(м)": 3, "Узунл": 14 }, "geometry": { "type": "MultiLineString", "coordinates": [ [ [ 69.344599633406915, 41.288055114751899 ], [ 69.34468320043095, 41.287940917759578 ] ] ] } },
{ "type": "Feature", "properties": { "Туман": "Яшнобод", "Кўча": "Авиасозлар кўча", "Тури": "Наземные", "Эни(м)": 3, "Узунл": 17 }, "geometry": { "type": "MultiLineString", "coordinates": [ [ [ 69.344795568186257, 41.287968254062612 ], [ 69.344977244477406, 41.28804258912006 ] ] ] } },
{ "type": "Feature", "properties": { "Туман": "Яшнобод", "Кўча": "Иззат кўча", "Тури": "Наземные", "Эни(м)": 3, "Узунл": 14 }, "geometry": { "type": "MultiLineString", "coordinates": [ [ [ 69.338735390660318, 41.285447672216485 ], [ 69.338897453913532, 41.285487890559686 ] ] ] } },
{ "type": "Feature", "properties": { "Туман": "Яшнобод", "Кўча": "Иззат кўча", "Тури": "Наземные", "Эни(м)": 3, "Узунл": 13 }, "geometry": { "type": "MultiLineString", "coordinates": [ [ [ 69.339576762455224, 41.283417345745072 ], [ 69.339730142871502, 41.283448635573812 ] ] ] } },
{ "type": "Feature", "properties": { "Туман": "Яшнобод", "Кўча": "Бешариқ кўча", "Тури": "Наземные", "Эни(м)": 3, "Узунл": 25 }, "geometry": { "type": "MultiLineString", "coordinates": [ [ [ 69.339840919403073, 41.283379126563176 ], [ 69.339920707057175, 41.283159950145041 ] ] ] } },
{ "type": "Feature", "properties": { "Туман": "Яшнобод", "Кўча": "Иззат кўча", "Тури": "Наземные", "Эни(м)": 3, "Узунл": 17 }, "geometry": { "type": "MultiLineString", "coordinates": [ [ [ 69.339748027170103, 41.283048140775435 ], [ 69.339945704066892, 41.283090694276908 ] ] ] } },
{ "type": "Feature", "properties": { "Туман": "Яшнобод", "Кўча": "-", "Тури": "Наземные", "Эни(м)": 3, "Узунл": 33 }, "geometry": { "type": "MultiLineString", "coordinates": [ [ [ 69.359493505700357, 41.285777838627922 ], [ 69.359882150028767, 41.285812436205759 ] ] ] } },
{ "type": "Feature", "properties": { "Туман": "Яшнобод", "Кўча": "Оҳангарон шоҳкўча", "Тури": "Наземные", "Эни(м)": 3, "Узунл": 40 }, "geometry": { "type": "MultiLineString", "coordinates": [ [ [ 69.359892089298256, 41.285853914337643 ], [ 69.36036171024368, 41.285897210084222 ] ] ] } },
{ "type": "Feature", "properties": { "Туман": "Яшнобод", "Кўча": "Оҳангарон шоҳкўча", "Тури": "Наземные", "Эни(м)": 3, "Узунл": 54 }, "geometry": { "type": "MultiLineString", "coordinates": [ [ [ 69.359951461138934, 41.288607171873821 ], [ 69.359327009835141, 41.288472386540157 ] ] ] } },
{ "type": "Feature", "properties": { "Туман": "Яшнобод", "Кўча": "-", "Тури": "Наземные", "Эни(м)": 3, "Узунл": 21 }, "geometry": { "type": "MultiLineString", "coordinates": [ [ [ 69.358976647614597, 41.288337557362368 ], [ 69.359217582277708, 41.288392151392301 ] ] ] } },
{ "type": "Feature", "properties": { "Туман": "Яшнобод", "Кўча": "-", "Тури": "Наземные", "Эни(м)": 3, "Узунл": 16 }, "geometry": { "type": "MultiLineString", "coordinates": [ [ [ 69.358524054236142, 41.291013461000077 ], [ 69.358363909855356, 41.29093419692434 ] ] ] } },
{ "type": "Feature", "properties": { "Туман": "Яшнобод", "Кўча": "Оҳангарон шоҳкўча", "Тури": "Наземные", "Эни(м)": 3, "Узунл": 42 }, "geometry": { "type": "MultiLineString", "coordinates": [ [ [ 69.358229708899501, 41.290862990948767 ], [ 69.357822720219957, 41.290636363224117 ] ] ] } },
{ "type": "Feature", "properties": { "Туман": "Яшнобод", "Кўча": "-", "Тури": "Наземные", "Эни(м)": 3, "Узунл": 24 }, "geometry": { "type": "MultiLineString", "coordinates": [ [ [ 69.357564233622242, 41.29072832377414 ], [ 69.357339025241671, 41.290590659157438 ] ] ] } },
{ "type": "Feature", "properties": { "Туман": "Яшнобод", "Кўча": "Бешариқ кўча", "Тури": "Наземные", "Эни(м)": 3, "Узунл": 28 }, "geometry": { "type": "MultiLineString", "coordinates": [ [ [ 69.356925280506189, 41.290707517260927 ], [ 69.357127077677433, 41.290509926331438 ] ] ] } },
{ "type": "Feature", "properties": { "Туман": "Яшнобод", "Кўча": "-", "Тури": "Наземные", "Эни(м)": 3, "Узунл": 12 }, "geometry": { "type": "MultiLineString", "coordinates": [ [ [ 69.357033807548802, 41.290820313558655 ], [ 69.357152877454325, 41.290887498348354 ] ] ] } },
{ "type": "Feature", "properties": { "Туман": "Яшнобод", "Кўча": "Оҳангарон шоҳкўча", "Тури": "Наземные", "Эни(м)": 3, "Узунл": 34 }, "geometry": { "type": "MultiLineString", "coordinates": [ [ [ 69.356023064517416, 41.293076333266889 ], [ 69.355695072155271, 41.292890962931175 ] ] ] } },
{ "type": "Feature", "properties": { "Туман": "Яшнобод", "Кўча": "Оҳангарон шоҳкўча", "Тури": "Наземные", "Эни(м)": 3, "Узунл": 36 }, "geometry": { "type": "MultiLineString", "coordinates": [ [ [ 69.356338489697421, 41.292736772850368 ], [ 69.356100876159374, 41.292700068485679 ], [ 69.355954697354562, 41.292609363210929 ] ] ] } },
{ "type": "Feature", "properties": { "Туман": "Яшнобод", "Кўча": "Чўлпон кўча", "Тури": "Наземные", "Эни(м)": 3, "Узунл": 19 }, "geometry": { "type": "MultiLineString", "coordinates": [ [ [ 69.356354042108279, 41.293016708026862 ], [ 69.356484930734595, 41.292875497217828 ] ] ] } },
{ "type": "Feature", "properties": { "Туман": "Яшнобод", "Кўча": "Оҳангарон шоҳкўча", "Тури": "Надземные", "Эни(м)": 4, "Узунл": 111 }, "geometry": { "type": "MultiLineString", "coordinates": [ [ [ 69.353472015634438, 41.296090758851477 ], [ 69.353637419885231, 41.295943748024662 ], [ 69.352983702808658, 41.295595775391945 ], [ 69.352827019161381, 41.2957590366536 ] ] ] } },
{ "type": "Feature", "properties": { "Туман": "Яшнобод", "Кўча": "Оҳангарон шоҳкўча", "Тури": "Надземные", "Эни(м)": 4, "Узунл": 80 }, "geometry": { "type": "MultiLineString", "coordinates": [ [ [ 69.358013039981245, 41.291300732086839 ], [ 69.357884364943118, 41.291450890741302 ], [ 69.357299942181143, 41.291140980429404 ] ] ] } },
{ "type": "Feature", "properties": { "Туман": "Яшнобод", "Кўча": "Қорасув кўча", "Тури": "Наземные", "Эни(м)": 3, "Узунл": 23 }, "geometry": { "type": "MultiLineString", "coordinates": [ [ [ 69.342243068987159, 41.298199332984993 ], [ 69.342501725979915, 41.298130195727545 ] ] ] } },
{ "type": "Feature", "properties": { "Туман": "Яшнобод", "Кўча": "Жарқўрғон кўча", "Тури": "Наземные", "Эни(м)": 3, "Узунл": 14 }, "geometry": { "type": "MultiLineString", "coordinates": [ [ [ 69.339859809158199, 41.277765147803628 ], [ 69.339962355497534, 41.277670838738445 ] ] ] } },
{ "type": "Feature", "properties": { "Туман": "Яшнобод", "Кўча": "Жарқўрғон кўча", "Тури": "Наземные", "Эни(м)": 3, "Узунл": 16 }, "geometry": { "type": "MultiLineString", "coordinates": [ [ [ 69.340165580553446, 41.277953885141748 ], [ 69.340277697283824, 41.27783268857965 ] ] ] } },
{ "type": "Feature", "properties": { "Туман": "Яшнобод", "Кўча": "Асалобод кўча", "Тури": "Наземные", "Эни(м)": 3, "Узунл": 16 }, "geometry": { "type": "MultiLineString", "coordinates": [ [ [ 69.340094970005751, 41.277965081503183 ], [ 69.339926800727028, 41.277888256978009 ] ] ] } },
{ "type": "Feature", "properties": { "Туман": "Яшнобод", "Кўча": "Иззат кўча", "Тури": "Наземные", "Эни(м)": 3, "Узунл": 14 }, "geometry": { "type": "MultiLineString", "coordinates": [ [ [ 69.341468826846935, 41.278663416714011 ], [ 69.341629736616994, 41.278692239992608 ] ] ] } },
{ "type": "Feature", "properties": { "Туман": "Яшнобод", "Кўча": "Шоҳимардон кўча", "Тури": "Наземные", "Эни(м)": 3, "Узунл": 14 }, "geometry": { "type": "MultiLineString", "coordinates": [ [ [ 69.346842252761178, 41.273438345540917 ], [ 69.346855605333658, 41.273311335687062 ] ] ] } },
{ "type": "Feature", "properties": { "Туман": "Яшнобод", "Кўча": "Занжирсарой кўча", "Тури": "Наземные", "Эни(м)": 3, "Узунл": 6 }, "geometry": { "type": "MultiLineString", "coordinates": [ [ [ 69.346882500832464, 41.27350089518437 ], [ 69.346952637081401, 41.27350312556532 ] ] ] } },
{ "type": "Feature", "properties": { "Туман": "Яшнобод", "Кўча": "Шоҳимардон кўча", "Тури": "Наземные", "Эни(м)": 3, "Узунл": 12 }, "geometry": { "type": "MultiLineString", "coordinates": [ [ [ 69.347050443329451, 41.273433648606094 ], [ 69.347062837381387, 41.273329431038178 ] ] ] } },
{ "type": "Feature", "properties": { "Туман": "Яшнобод", "Кўча": "Занжирсарой кўча", "Тури": "Наземные", "Эни(м)": 3, "Узунл": 9 }, "geometry": { "type": "MultiLineString", "coordinates": [ [ [ 69.346925383728092, 41.273246012809487 ], [ 69.347028980247345, 41.273251397942417 ] ] ] } },
{ "type": "Feature", "properties": { "Туман": "Яшнобод", "Кўча": "-", "Тури": "Наземные", "Эни(м)": 3, "Узунл": 22 }, "geometry": { "type": "MultiLineString", "coordinates": [ [ [ 69.314732291655275, 41.266586335176285 ], [ 69.314890944139719, 41.266602993456829 ], [ 69.314949479994624, 41.266662248712549 ] ] ] } },
{ "type": "Feature", "properties": { "Туман": "Яшнобод", "Кўча": "Жарқўрғон кўча", "Тури": "Наземные", "Эни(м)": 3, "Узунл": 27 }, "geometry": { "type": "MultiLineString", "coordinates": [ [ [ 69.314918705134033, 41.266543502156686 ], [ 69.315044916991113, 41.266319331835916 ] ] ] } },
{ "type": "Feature", "properties": { "Туман": "Яшнобод", "Кўча": "Фарғона йўли-8 берк кўча", "Тури": "Наземные", "Эни(м)": 3, "Узунл": 12 }, "geometry": { "type": "MultiLineString", "coordinates": [ [ [ 69.31533808196923, 41.265819602891639 ], [ 69.315393704265375, 41.265721781420133 ] ] ] } },
{ "type": "Feature", "properties": { "Туман": "Яшнобод", "Кўча": "Фарғона йўли кўча", "Тури": "Наземные", "Эни(м)": 3, "Узунл": 17 }, "geometry": { "type": "MultiLineString", "coordinates": [ [ [ 69.315411521187386, 41.265613482675349 ], [ 69.315208824577624, 41.265634385527314 ] ] ] } },
{ "type": "Feature", "properties": { "Туман": "Яшнобод", "Кўча": "Фарғона йўли кўча", "Тури": "Наземные", "Эни(м)": 3, "Узунл": 33 }, "geometry": { "type": "MultiLineString", "coordinates": [ [ [ 69.315140757267088, 41.26561178240091 ], [ 69.314786343695104, 41.265487409921882 ] ] ] } },
{ "type": "Feature", "properties": { "Туман": "Яшнобод", "Кўча": "Фарғона йўли кўча", "Тури": "Наземные", "Эни(м)": 3, "Узунл": 33 }, "geometry": { "type": "MultiLineString", "coordinates": [ [ [ 69.315140757267088, 41.26561178240091 ], [ 69.314786343695104, 41.265487409921882 ] ] ] } },
{ "type": "Feature", "properties": { "Туман": "Яшнобод", "Кўча": "Фарғона йўли кўча", "Тури": "Наземные", "Эни(м)": 3, "Узунл": 40 }, "geometry": { "type": "MultiLineString", "coordinates": [ [ [ 69.317235032300545, 41.262372368420408 ], [ 69.316796400221264, 41.262227886324325 ] ] ] } },
{ "type": "Feature", "properties": { "Туман": "Яшнобод", "Кўча": "Фарғона йўли кўча", "Тури": "Наземные", "Эни(м)": 3, "Узунл": 40 }, "geometry": { "type": "MultiLineString", "coordinates": [ [ [ 69.317235032300545, 41.262372368420408 ], [ 69.316796400221264, 41.262227886324325 ] ] ] } },
{ "type": "Feature", "properties": { "Туман": "Яшнобод", "Кўча": "Фарғона йўли кўча", "Тури": "Наземные", "Эни(м)": 3, "Узунл": 47 }, "geometry": { "type": "MultiLineString", "coordinates": [ [ [ 69.318645819094044, 41.259912092491945 ], [ 69.318549590383782, 41.259864338077342 ], [ 69.318497572478208, 41.259814019560316 ], [ 69.318318240645141, 41.259755913976974 ], [ 69.31814986098108, 41.259731962074625 ] ] ] } },
{ "type": "Feature", "properties": { "Туман": "Яшнобод", "Кўча": "Фарғона йўли кўча", "Тури": "Наземные", "Эни(м)": 3, "Узунл": 47 }, "geometry": { "type": "MultiLineString", "coordinates": [ [ [ 69.318645819094044, 41.259912092491945 ], [ 69.318549590383782, 41.259864338077342 ], [ 69.318497572478208, 41.259814019560316 ], [ 69.318318240645141, 41.259755913976974 ], [ 69.31814986098108, 41.259731962074625 ] ] ] } },
{ "type": "Feature", "properties": { "Туман": "Яшнобод", "Кўча": "Фарғона йўли кўча", "Тури": "Наземные", "Эни(м)": 3, "Узунл": 41 }, "geometry": { "type": "MultiLineString", "coordinates": [ [ [ 69.320749804110491, 41.256084127467204 ], [ 69.320296095121435, 41.255937258785863 ] ] ] } },
{ "type": "Feature", "properties": { "Туман": "Яшнобод", "Кўча": "Фарғона йўли кўча", "Тури": "Наземные", "Эни(м)": 3, "Узунл": 41 }, "geometry": { "type": "MultiLineString", "coordinates": [ [ [ 69.320749804110491, 41.256084127467204 ], [ 69.320296095121435, 41.255937258785863 ] ] ] } },
{ "type": "Feature", "properties": { "Туман": "Яшнобод", "Кўча": "Фарғона йўли кўча", "Тури": "Наземные", "Эни(м)": 3, "Узунл": 41 }, "geometry": { "type": "MultiLineString", "coordinates": [ [ [ 69.322599686769422, 41.252829827280763 ], [ 69.32247978705189, 41.252791909337965 ], [ 69.322346721643783, 41.252708449111047 ], [ 69.322171747822338, 41.252656034621097 ] ] ] } },
{ "type": "Feature", "properties": { "Туман": "Яшнобод", "Кўча": "Фарғона йўли кўча", "Тури": "Наземные", "Эни(м)": 3, "Узунл": 41 }, "geometry": { "type": "MultiLineString", "coordinates": [ [ [ 69.322599686769422, 41.252829827280763 ], [ 69.32247978705189, 41.252791909337965 ], [ 69.322346721643783, 41.252708449111047 ], [ 69.322171747822338, 41.252656034621097 ] ] ] } },
{ "type": "Feature", "properties": { "Туман": "Яшнобод", "Кўча": "Фарғона йўли кўча", "Тури": "Наземные", "Эни(м)": 3, "Узунл": 42 }, "geometry": { "type": "MultiLineString", "coordinates": [ [ [ 69.326221459184097, 41.246361235374451 ], [ 69.325779546319339, 41.246189937226639 ] ] ] } },
{ "type": "Feature", "properties": { "Туман": "Яшнобод", "Кўча": "Фарғона йўли кўча", "Тури": "Наземные", "Эни(м)": 3, "Узунл": 42 }, "geometry": { "type": "MultiLineString", "coordinates": [ [ [ 69.326221459184097, 41.246361235374451 ], [ 69.325779546319339, 41.246189937226639 ] ] ] } },
{ "type": "Feature", "properties": { "Туман": "Яшнобод", "Кўча": "Оҳанрабо кўча", "Тури": "Наземные", "Эни(м)": 3, "Узунл": 10 }, "geometry": { "type": "MultiLineString", "coordinates": [ [ [ 69.343202463760989, 41.254626788782879 ], [ 69.343257058753125, 41.254548490620067 ] ] ] } },
{ "type": "Feature", "properties": { "Туман": "Яшнобод", "Кўча": "Қурувчилар кўча", "Тури": "Наземные", "Эни(м)": 3, "Узунл": 20 }, "geometry": { "type": "MultiLineString", "coordinates": [ [ [ 69.344101737937649, 41.253814670629083 ], [ 69.343891011705296, 41.25373533348845 ] ] ] } },
{ "type": "Feature", "properties": { "Туман": "Яшнобод", "Кўча": "Чўлпон кўча", "Тури": "Наземные", "Эни(м)": 3, "Узунл": 18 }, "geometry": { "type": "MultiLineString", "coordinates": [ [ [ 69.365490853925934, 41.297145486564787 ], [ 69.365600128676036, 41.297001078507755 ] ] ] } },
{ "type": "Feature", "properties": { "Туман": "Яшнобод", "Кўча": "Маҳтумқули шоҳкўча", "Тури": "Наземные", "Эни(м)": 3, "Узунл": 26 }, "geometry": { "type": "MultiLineString", "coordinates": [ [ [ 69.325861398217157, 41.304903385382353 ], [ 69.325907194553466, 41.304671293192335 ] ] ] } },
{ "type": "Feature", "properties": { "Туман": "Яшнобод", "Кўча": "Маҳтумқули шоҳкўча", "Тури": "Наземные", "Эни(м)": 3, "Узунл": 26 }, "geometry": { "type": "MultiLineString", "coordinates": [ [ [ 69.321635329953565, 41.304494075839564 ], [ 69.321692479972754, 41.304263174429344 ] ] ] } },
{ "type": "Feature", "properties": { "Туман": "Яшнобод", "Кўча": "-", "Тури": "Наземные", "Эни(м)": 3, "Узунл": 23 }, "geometry": { "type": "MultiLineString", "coordinates": [ [ [ 69.321744161790221, 41.304237392019708 ], [ 69.322013040960456, 41.304262278147604 ] ] ] } },
{ "type": "Feature", "properties": { "Туман": "Яшнобод", "Кўча": "Маҳтумқули шоҳкўча", "Тури": "Наземные", "Эни(м)": 3, "Узунл": 29 }, "geometry": { "type": "MultiLineString", "coordinates": [ [ [ 69.321995006331676, 41.304545567098955 ], [ 69.322053641972772, 41.304287802532855 ] ] ] } },
{ "type": "Feature", "properties": { "Туман": "Яшнобод", "Кўча": "Маҳтумқули шоҳкўча", "Тури": "Наземные", "Эни(м)": 3, "Узунл": 26 }, "geometry": { "type": "MultiLineString", "coordinates": [ [ [ 69.319047369482689, 41.304005610337342 ], [ 69.319135336522976, 41.303784391599564 ] ] ] } },
{ "type": "Feature", "properties": { "Туман": "Яшнобод", "Кўча": "Маҳтумқули шоҳкўча", "Тури": "Наземные", "Эни(м)": 3, "Узунл": 27 }, "geometry": { "type": "MultiLineString", "coordinates": [ [ [ 69.31261425658488, 41.30418075102174 ], [ 69.312533806669393, 41.303946565152685 ] ] ] } },
{ "type": "Feature", "properties": { "Туман": "Яшнобод", "Кўча": "Маҳтумқули шоҳкўча", "Тури": "Наземные", "Эни(м)": 3, "Узунл": 56 }, "geometry": { "type": "MultiLineString", "coordinates": [ [ [ 69.306556585704101, 41.305709682826716 ], [ 69.306217804904122, 41.305278401647939 ], [ 69.306217804904122, 41.305278401647939 ] ] ] } },
{ "type": "Feature", "properties": { "Туман": "Яшнобод", "Кўча": "Мирзо Улуғбек шоҳкўча", "Тури": "Наземные", "Эни(м)": 3, "Узунл": 45 }, "geometry": { "type": "MultiLineString", "coordinates": [ [ [ 69.306852925981914, 41.305721101813248 ], [ 69.307236949306699, 41.305441722411103 ] ] ] } },
{ "type": "Feature", "properties": { "Туман": "Яшнобод", "Кўча": "Маҳтумқули шоҳкўча", "Тури": "Наземные", "Эни(м)": 3, "Узунл": 36 }, "geometry": { "type": "MultiLineString", "coordinates": [ [ [ 69.307291560598017, 41.305348791611451 ], [ 69.307128243243653, 41.305047676118299 ] ] ] } },
{ "type": "Feature", "properties": { "Туман": "Яшнобод", "Кўча": "Паҳлавон Маҳмуд кўча", "Тури": "Наземные", "Эни(м)": 3, "Узунл": 23 }, "geometry": { "type": "MultiLineString", "coordinates": [ [ [ 69.30647704413154, 41.304973718667242 ], [ 69.306737459508099, 41.304920528242612 ] ] ] } },
{ "type": "Feature", "properties": { "Туман": "Яшнобод", "Кўча": "Паҳлавон Маҳмуд кўча", "Тури": "Наземные", "Эни(м)": 3, "Узунл": 23 }, "geometry": { "type": "MultiLineString", "coordinates": [ [ [ 69.304615265201235, 41.299431089188253 ], [ 69.304890292526892, 41.299391293667277 ] ] ] } },
{ "type": "Feature", "properties": { "Туман": "Яшнобод", "Кўча": "Элбек кўча", "Тури": "Наземные", "Эни(м)": 3, "Узунл": 25 }, "geometry": { "type": "MultiLineString", "coordinates": [ [ [ 69.304995098652753, 41.299300672619573 ], [ 69.304905065510624, 41.299087261152678 ] ] ] } },
{ "type": "Feature", "properties": { "Туман": "Яшнобод", "Кўча": "Элбек кўча", "Тури": "Наземные", "Эни(м)": 3, "Узунл": 16 }, "geometry": { "type": "MultiLineString", "coordinates": [ [ [ 69.304509447559056, 41.299304400028575 ], [ 69.304461852937038, 41.299165348222765 ] ] ] } },
{ "type": "Feature", "properties": { "Туман": "Яшнобод", "Кўча": "Кичик Ҳалқа йўли кўча", "Тури": "Наземные", "Эни(м)": 3, "Узунл": 33 }, "geometry": { "type": "MultiLineString", "coordinates": [ [ [ 69.297083124781011, 41.299918362356216 ], [ 69.296698066575189, 41.299971852299031 ] ] ] } },
{ "type": "Feature", "properties": { "Туман": "Яшнобод", "Кўча": "Элбек кўча", "Тури": "Наземные", "Эни(м)": 3, "Узунл": 16 }, "geometry": { "type": "MultiLineString", "coordinates": [ [ [ 69.296682624563203, 41.300136707782649 ], [ 69.296654439456944, 41.299990277589508 ] ] ] } },
{ "type": "Feature", "properties": { "Туман": "Яшнобод", "Кўча": "Содиқ Азимов кўча", "Тури": "Наземные", "Эни(м)": 3, "Узунл": 18 }, "geometry": { "type": "MultiLineString", "coordinates": [ [ [ 69.289812400403633, 41.305358720227844 ], [ 69.289991701301886, 41.305265483623373 ] ] ] } },
{ "type": "Feature", "properties": { "Туман": "Яшнобод", "Кўча": "Яҳё Ғуломов кўча", "Тури": "Наземные", "Эни(м)": 3, "Узунл": 17 }, "geometry": { "type": "MultiLineString", "coordinates": [ [ [ 69.2857576798949, 41.305399378568623 ], [ 69.285885864750043, 41.305278195548937 ] ] ] } },
{ "type": "Feature", "properties": { "Туман": "Яшнобод", "Кўча": "Шаҳрисабз кўча", "Тури": "Наземные", "Эни(м)": 3, "Узунл": 33 }, "geometry": { "type": "MultiLineString", "coordinates": [ [ [ 69.28598518505035, 41.309111435290212 ], [ 69.286340798579459, 41.308975036317705 ] ] ] } },
{ "type": "Feature", "properties": { "Туман": "Яшнобод", "Кўча": "Маҳтумқули шоҳкўча", "Тури": "Наземные", "Эни(м)": 3, "Узунл": 38 }, "geometry": { "type": "MultiLineString", "coordinates": [ [ [ 69.286900822833061, 41.309299610199822 ], [ 69.286745585790911, 41.308975859969287 ] ] ] } },
{ "type": "Feature", "properties": { "Туман": "Яшнобод", "Кўча": "Маҳтумқули шоҳкўча", "Тури": "Наземные", "Эни(м)": 3, "Узунл": 38 }, "geometry": { "type": "MultiLineString", "coordinates": [ [ [ 69.286900822833061, 41.309299610199822 ], [ 69.286745585790911, 41.308975859969287 ] ] ] } },
{ "type": "Feature", "properties": { "Туман": "Яшнобод", "Кўча": "Маҳтумқули шоҳкўча", "Тури": "Наземные", "Эни(м)": 3, "Узунл": 19 }, "geometry": { "type": "MultiLineString", "coordinates": [ [ [ 69.286038736410987, 41.309509300997604 ], [ 69.285960298008717, 41.309344680446927 ] ] ] } },
{ "type": "Feature", "properties": { "Туман": "Яшнобод", "Кўча": "Маҳтумқули шоҳкўча", "Тури": "Наземные", "Эни(м)": 3, "Узунл": 19 }, "geometry": { "type": "MultiLineString", "coordinates": [ [ [ 69.286038736410987, 41.309509300997604 ], [ 69.285960298008717, 41.309344680446927 ] ] ] } },
{ "type": "Feature", "properties": { "Туман": "Яшнобод", "Кўча": "Маҳтумқули шоҳкўча", "Тури": "Наземные", "Эни(м)": 3, "Узунл": 40 }, "geometry": { "type": "MultiLineString", "coordinates": [ [ [ 69.288842176012281, 41.308749643391792 ], [ 69.288671082522399, 41.308411895684543 ] ] ] } },
{ "type": "Feature", "properties": { "Туман": "Яшнобод", "Кўча": "Маҳтумқули шоҳкўча", "Тури": "Наземные", "Эни(м)": 3, "Узунл": 40 }, "geometry": { "type": "MultiLineString", "coordinates": [ [ [ 69.288842176012281, 41.308749643391792 ], [ 69.288671082522399, 41.308411895684543 ] ] ] } },
{ "type": "Feature", "properties": { "Туман": "Яшнобод", "Кўча": "Маҳтумқули шоҳкўча", "Тури": "Наземные", "Эни(м)": 3, "Узунл": 49 }, "geometry": { "type": "MultiLineString", "coordinates": [ [ [ 69.289219307582741, 41.308629663072907 ], [ 69.289200817651945, 41.308475881769724 ], [ 69.289132270539426, 41.308352747584223 ], [ 69.289044229808638, 41.308215012041778 ] ] ] } },
{ "type": "Feature", "properties": { "Туман": "Яшнобод", "Кўча": "Маҳтумқули шоҳкўча", "Тури": "Наземные", "Эни(м)": 3, "Узунл": 49 }, "geometry": { "type": "MultiLineString", "coordinates": [ [ [ 69.289219307582741, 41.308629663072907 ], [ 69.289200817651945, 41.308475881769724 ], [ 69.289132270539426, 41.308352747584223 ], [ 69.289044229808638, 41.308215012041778 ] ] ] } },
{ "type": "Feature", "properties": { "Туман": "Яшнобод", "Кўча": "Маҳтумқули шоҳкўча", "Тури": "Наземные", "Эни(м)": 3, "Узунл": 26 }, "geometry": { "type": "MultiLineString", "coordinates": [ [ [ 69.316745013569644, 41.303562083158852 ], [ 69.316743885231588, 41.303328902786276 ] ] ] } },
{ "type": "Feature", "properties": { "Туман": "Яшнобод", "Кўча": "Маҳтумқули шоҳкўча", "Тури": "Наземные", "Эни(м)": 3, "Узунл": 27 }, "geometry": { "type": "MultiLineString", "coordinates": [ [ [ 69.331278943565451, 41.305354899007746 ], [ 69.331305246461397, 41.305113704387736 ] ] ] } },
{ "type": "Feature", "properties": { "Туман": "Яшнобод", "Кўча": "Хонободтепа шоҳкўчаси", "Тури": "Наземные", "Эни(м)": 3, "Узунл": 48 }, "geometry": { "type": "MultiLineString", "coordinates": [ [ [ 69.36600940387649, 41.267185775864 ], [ 69.366193645714674, 41.267146122391978 ], [ 69.36650993409171, 41.266992508103563 ] ] ] } },
{ "type": "Feature", "properties": { "Туман": "Яшнобод", "Кўча": "Хонободтепа шоҳкўчаси", "Тури": "Наземные", "Эни(м)": 3, "Узунл": 24 }, "geometry": { "type": "MultiLineString", "coordinates": [ [ [ 69.358241037002628, 41.255514941851523 ], [ 69.358499328497302, 41.255412806080699 ] ] ] } },
{ "type": "Feature", "properties": { "Туман": "Яшнобод", "Кўча": "Хонободтепа шоҳкўчаси", "Тури": "Наземные", "Эни(м)": 3, "Узунл": 36 }, "geometry": { "type": "MultiLineString", "coordinates": [ [ [ 69.344034976787128, 41.245637503950832 ], [ 69.344174114355198, 41.245334312935206 ] ] ] } },
{ "type": "Feature", "properties": { "Туман": "Яшнобод", "Кўча": "Хонободтепа шоҳкўчаси", "Тури": "Наземные", "Эни(м)": 3, "Узунл": 28 }, "geometry": { "type": "MultiLineString", "coordinates": [ [ [ 69.343242554185281, 41.245363952792481 ], [ 69.343370717260427, 41.245126722308783 ] ] ] } },
{ "type": "Feature", "properties": { "Туман": "Яшнобод", "Кўча": "Хонободтепа шоҳкўчаси", "Тури": "Наземные", "Эни(м)": 3, "Узунл": 22 }, "geometry": { "type": "MultiLineString", "coordinates": [ [ [ 69.339007181752194, 41.243996919769614 ], [ 69.339135679445818, 41.243821957224903 ] ] ] } },
{ "type": "Feature", "properties": { "Туман": "Яшнобод", "Кўча": "Фарғона йўли кўча", "Тури": "Наземные", "Эни(м)": 3, "Узунл": 45 }, "geometry": { "type": "MultiLineString", "coordinates": [ [ [ 69.328793129240992, 41.241865601780496 ], [ 69.328303839730168, 41.241703401477899 ] ] ] } },
{ "type": "Feature", "properties": { "Туман": "Яшнобод", "Кўча": "Фарғона йўли кўча", "Тури": "Наземные", "Эни(м)": 3, "Узунл": 45 }, "geometry": { "type": "MultiLineString", "coordinates": [ [ [ 69.328793129240992, 41.241865601780496 ], [ 69.328303839730168, 41.241703401477899 ] ] ] } },
{ "type": "Feature", "properties": { "Туман": "Яшнобод", "Кўча": "Фарғона йўли кўча", "Тури": "Наземные", "Эни(м)": 3, "Узунл": 41 }, "geometry": { "type": "MultiLineString", "coordinates": [ [ [ 69.327399462553046, 41.244253929194052 ], [ 69.326942657841087, 41.244121542089019 ] ] ] } },
{ "type": "Feature", "properties": { "Туман": "Яшнобод", "Кўча": "Фарғона йўли кўча", "Тури": "Наземные", "Эни(м)": 3, "Узунл": 41 }, "geometry": { "type": "MultiLineString", "coordinates": [ [ [ 69.327399462553046, 41.244253929194052 ], [ 69.326942657841087, 41.244121542089019 ] ] ] } },
{ "type": "Feature", "properties": { "Туман": "Яшнобод", "Кўча": "Элбек кўча", "Тури": "Подземные", "Эни(м)": 4, "Узунл": 54 }, "geometry": { "type": "MultiLineString", "coordinates": [ [ [ 69.321576377566316, 41.294347242846598 ], [ 69.321303497025696, 41.293910937707658 ] ] ] } },
{ "type": "Feature", "properties": { "Туман": "Яшнобод", "Кўча": "Элбек кўча", "Тури": "Наземные", "Эни(м)": 3, "Узунл": 11 }, "geometry": { "type": "MultiLineString", "coordinates": [ [ [ 69.323358230798945, 41.293976452019486 ], [ 69.32340959332582, 41.293887795542609 ] ] ] } },
{ "type": "Feature", "properties": { "Туман": "Яшнобод", "Кўча": "Гумбаз кўча", "Тури": "Наземные", "Эни(м)": 3, "Узунл": 10 }, "geometry": { "type": "MultiLineString", "coordinates": [ [ [ 69.342690948749208, 41.298236711878211 ], [ 69.342653284077073, 41.29815441617658 ] ] ] } },
{ "type": "Feature", "properties": { "Туман": "Яшнобод", "Кўча": "Қорасув кўча", "Тури": "Наземные", "Эни(м)": 3, "Узунл": 22 }, "geometry": { "type": "MultiLineString", "coordinates": [ [ [ 69.342542470954569, 41.298788370515439 ], [ 69.342796308544408, 41.29872596165275 ] ] ] } },
{ "type": "Feature", "properties": { "Туман": "Яшнобод", "Кўча": "Чиғил кўча", "Тури": "Наземные", "Эни(м)": 3, "Узунл": 16 }, "geometry": { "type": "MultiLineString", "coordinates": [ [ [ 69.342455890889326, 41.298794121968598 ], [ 69.342397693610366, 41.298655117444511 ] ] ] } },
{ "type": "Feature", "properties": { "Туман": "Яшнобод", "Кўча": "Қорасув кўча", "Тури": "Наземные", "Эни(м)": 3, "Узунл": 18 }, "geometry": { "type": "MultiLineString", "coordinates": [ [ [ 69.342471886230356, 41.298602399913158 ], [ 69.342678043776687, 41.298554783427747 ] ] ] } },
{ "type": "Feature", "properties": { "Туман": "Яшнобод", "Кўча": "Хонободтепа шоҳкўчаси", "Тури": "Подземные", "Эни(м)": 4, "Узунл": 52 }, "geometry": { "type": "MultiLineString", "coordinates": [ [ [ 69.365434130006904, 41.266271803493012 ], [ 69.365896806146097, 41.265965118256503 ] ] ] } },
{ "type": "Feature", "properties": { "Туман": "Яшнобод", "Кўча": "Қурувчилар кўча", "Тури": "Наземные", "Эни(м)": 3, "Узунл": 41 }, "geometry": { "type": "MultiLineString", "coordinates": [ [ [ 69.343475872607456, 41.245554170226818 ], [ 69.343929465945465, 41.245682838655881 ] ] ] } },
{ "type": "Feature", "properties": { "Туман": "Яшнобод", "Кўча": "Хонободтепа шоҳкўчаси", "Тури": "Подземные", "Эни(м)": 4, "Узунл": 84 }, "geometry": { "type": "MultiLineString", "coordinates": [ [ [ 69.332246622858619, 41.239147038113927 ], [ 69.332710629618788, 41.238471778431673 ] ] ] } },
{ "type": "Feature", "properties": { "Туман": "Яшнобод", "Кўча": "Фарғона йўли кўча", "Тури": "Наземные", "Эни(м)": 3, "Узунл": 47 }, "geometry": { "type": "MultiLineString", "coordinates": [ [ [ 69.325396597521788, 41.247890925796 ], [ 69.32488373143515, 41.247711685641043 ] ] ] } },
{ "type": "Feature", "properties": { "Туман": "Яшнобод", "Кўча": "Фарғона йўли кўча", "Тури": "Наземные", "Эни(м)": 3, "Узунл": 47 }, "geometry": { "type": "MultiLineString", "coordinates": [ [ [ 69.325396597521788, 41.247890925796 ], [ 69.32488373143515, 41.247711685641043 ] ] ] } },
{ "type": "Feature", "properties": { "Туман": "Яшнобод", "Кўча": "Бойсун кўча", "Тури": "Наземные", "Эни(м)": 3, "Узунл": 7 }, "geometry": { "type": "MultiLineString", "coordinates": [ [ [ 69.323764691697207, 41.279067853482196 ], [ 69.323837669294704, 41.279098169750007 ] ] ] } },
{ "type": "Feature", "properties": { "Туман": "Яшнобод", "Кўча": "Мухтор Ашрафий кўча", "Тури": "Наземные", "Эни(м)": 3, "Узунл": 9 }, "geometry": { "type": "MultiLineString", "coordinates": [ [ [ 69.32390153163378, 41.27908517105331 ], [ 69.323955384892358, 41.279011767868646 ] ] ] } },
{ "type": "Feature", "properties": { "Туман": "Яшнобод", "Кўча": "Мухтор Ашрафий кўча", "Тури": "Наземные", "Эни(м)": 3, "Узунл": 10 }, "geometry": { "type": "MultiLineString", "coordinates": [ [ [ 69.323718287592783, 41.279011213938809 ], [ 69.323776141667409, 41.278928643129632 ] ] ] } },
{ "type": "Feature", "properties": { "Туман": "Яшнобод", "Кўча": "Мухтор Ашрафий кўча", "Тури": "Наземные", "Эни(м)": 3, "Узунл": 11 }, "geometry": { "type": "MultiLineString", "coordinates": [ [ [ 69.320073861773906, 41.277229179634894 ], [ 69.320164939298664, 41.277155674700751 ] ] ] } },
{ "type": "Feature", "properties": { "Туман": "Яшнобод", "Кўча": "Мухтор Ашрафий кўчаси", "Тури": "Наземные", "Эни(м)": 3, "Узунл": 7 }, "geometry": { "type": "MultiLineString", "coordinates": [ [ [ 69.311287023449538, 41.273138968537992 ], [ 69.311336959377314, 41.273090609443905 ] ] ] } },
{ "type": "Feature", "properties": { "Туман": "Яшнобод", "Кўча": "Қорасув кўча", "Тури": "Наземные", "Эни(м)": 3, "Узунл": 22 }, "geometry": { "type": "MultiLineString", "coordinates": [ [ [ 69.341046619885475, 41.295368918846798 ], [ 69.341298027078793, 41.295308351747629 ] ] ] } },
{ "type": "Feature", "properties": { "Туман": "Яшнобод", "Кўча": "Билол кўча", "Тури": "Наземные", "Эни(м)": 3, "Узунл": 18 }, "geometry": { "type": "MultiLineString", "coordinates": [ [ [ 69.341391691374056, 41.295265038797005 ], [ 69.34130756746741, 41.295120006230484 ] ] ] } },
{ "type": "Feature", "properties": { "Туман": "Яшнобод", "Кўча": "Қорасув кўча", "Тури": "Наземные", "Эни(м)": 3, "Узунл": 19 }, "geometry": { "type": "MultiLineString", "coordinates": [ [ [ 69.340966912657805, 41.295139328582692 ], [ 69.34117788491794, 41.295085596216808 ] ] ] } },
{ "type": "Feature", "properties": { "Туман": "Яшнобод", "Кўча": "Билол кўча", "Тури": "Наземные", "Эни(м)": 3, "Узунл": 15 }, "geometry": { "type": "MultiLineString", "coordinates": [ [ [ 69.343441706547424, 41.294766325108583 ], [ 69.343398949796949, 41.294638873070539 ] ] ] } },
{ "type": "Feature", "properties": { "Туман": "Яшнобод", "Кўча": "Забаржад кўча", "Тури": "Наземные", "Эни(м)": 3, "Узунл": 13 }, "geometry": { "type": "MultiLineString", "coordinates": [ [ [ 69.343525907505779, 41.294770957301537 ], [ 69.343673815480003, 41.294730837966384 ] ] ] } },
{ "type": "Feature", "properties": { "Туман": "Яшнобод", "Кўча": "Билол кўча", "Тури": "Наземные", "Эни(м)": 3, "Узунл": 17 }, "geometry": { "type": "MultiLineString", "coordinates": [ [ [ 69.343693937781637, 41.294709412888004 ], [ 69.343632443198516, 41.294558820588151 ] ] ] } },
{ "type": "Feature", "properties": { "Туман": "Яшнобод", "Кўча": "Забаржад кўча", "Тури": "Наземные", "Эни(м)": 3, "Узунл": 11 }, "geometry": { "type": "MultiLineString", "coordinates": [ [ [ 69.343471419063249, 41.294567236714784 ], [ 69.343594280822145, 41.29453573820895 ] ] ] } },
{ "type": "Feature", "properties": { "Туман": "Яшнобод", "Кўча": "Билол кўча", "Тури": "Наземные", "Эни(м)": 3, "Узунл": 12 }, "geometry": { "type": "MultiLineString", "coordinates": [ [ [ 69.344619422032522, 41.294468578867253 ], [ 69.344579239075756, 41.294369199277675 ] ] ] } },
{ "type": "Feature", "properties": { "Туман": "Яшнобод", "Кўча": "Билол кўча", "Тури": "Наземные", "Эни(м)": 3, "Узунл": 12 }, "geometry": { "type": "MultiLineString", "coordinates": [ [ [ 69.346319340938095, 41.294048385878781 ], [ 69.346279942438727, 41.29394473151671 ] ] ] } },
{ "type": "Feature", "properties": { "Туман": "Яшнобод", "Кўча": "Билол кўча", "Тури": "Наземные", "Эни(м)": 3, "Узунл": 11 }, "geometry": { "type": "MultiLineString", "coordinates": [ [ [ 69.348594641291271, 41.29285606575742 ], [ 69.348496381318299, 41.292794709949817 ] ] ] } },
{ "type": "Feature", "properties": { "Туман": "Яшнобод", "Кўча": "-", "Тури": "Наземные", "Эни(м)": 3, "Узунл": 8 }, "geometry": { "type": "MultiLineString", "coordinates": [ [ [ 69.352417631501282, 41.295778145710067 ], [ 69.352343704369005, 41.295727706442669 ] ] ] } },
{ "type": "Feature", "properties": { "Туман": "Яшнобод", "Кўча": "Авиасозлар кўча", "Тури": "Наземные", "Эни(м)": 3, "Узунл": 27 }, "geometry": { "type": "MultiLineString", "coordinates": [ [ [ 69.350122001709295, 41.281668974453986 ], [ 69.350264469389757, 41.281677087104498 ], [ 69.350438695722914, 41.281722339138263 ] ] ] } },
{ "type": "Feature", "properties": { "Туман": "Яшнобод", "Кўча": "-", "Тури": "Наземные", "Эни(м)": 3, "Узунл": 11 }, "geometry": { "type": "MultiLineString", "coordinates": [ [ [ 69.350500085128914, 41.28170139763251 ], [ 69.350518194104723, 41.281607336279535 ] ] ] } },
{ "type": "Feature", "properties": { "Туман": "Яшнобод", "Кўча": "Авиасозлар кўча", "Тури": "Наземные", "Эни(м)": 3, "Узунл": 19 }, "geometry": { "type": "MultiLineString", "coordinates": [ [ [ 69.350351456209808, 41.28144913202523 ], [ 69.350126475387185, 41.281446153898102 ] ] ] } },
{ "type": "Feature", "properties": { "Туман": "Яшнобод", "Кўча": "Кўламли кўча", "Тури": "Наземные", "Эни(м)": 3, "Узунл": 13 }, "geometry": { "type": "MultiLineString", "coordinates": [ [ [ 69.341702296734397, 41.278628082068678 ], [ 69.341709789971546, 41.278513298914874 ] ] ] } },
{ "type": "Feature", "properties": { "Туман": "Яшнобод", "Кўча": "Жарқўрғон кўча", "Тури": "Наземные", "Эни(м)": 3, "Узунл": 15 }, "geometry": { "type": "MultiLineString", "coordinates": [ [ [ 69.320204613284261, 41.268219157004779 ], [ 69.320271971113357, 41.268095662451742 ] ] ] } },
{ "type": "Feature", "properties": { "Туман": "Яшнобод", "Кўча": "Жарқўрғон-1 берк кўча", "Тури": "Наземные", "Эни(м)": 3, "Узунл": 19 }, "geometry": { "type": "MultiLineString", "coordinates": [ [ [ 69.320347771251889, 41.268044175305263 ], [ 69.32055844073993, 41.268108294690926 ] ] ] } },
{ "type": "Feature", "properties": { "Туман": "Яшнобод", "Кўча": "Жарқўрғон кўча", "Тури": "Наземные", "Эни(м)": 3, "Узунл": 14 }, "geometry": { "type": "MultiLineString", "coordinates": [ [ [ 69.320532001777934, 41.26832690283517 ], [ 69.32058805625752, 41.268208323021859 ] ] ] } },
{ "type": "Feature", "properties": { "Туман": "Яшнобод", "Кўча": "Жарқўрғон кўча", "Тури": "Наземные", "Эни(м)": 3, "Узунл": 14 }, "geometry": { "type": "MultiLineString", "coordinates": [ [ [ 69.317234000216146, 41.267271444503002 ], [ 69.317306281941455, 41.267161367592969 ] ] ] } },
{ "type": "Feature", "properties": { "Туман": "Яшнобод", "Кўча": "Мўйноқ кўча", "Тури": "Наземные", "Эни(м)": 3, "Узунл": 9 }, "geometry": { "type": "MultiLineString", "coordinates": [ [ [ 69.319986317946814, 41.260129707420354 ], [ 69.320036936277091, 41.260058756557036 ] ] ] } },
{ "type": "Feature", "properties": { "Туман": "Яшнобод", "Кўча": "Мўйноқ кўча", "Тури": "Наземные", "Эни(м)": 3, "Узунл": 9 }, "geometry": { "type": "MultiLineString", "coordinates": [ [ [ 69.324860333957872, 41.261927821614812 ], [ 69.324873672073608, 41.261844154755074 ] ] ] } },
{ "type": "Feature", "properties": { "Туман": "Яшнобод", "Кўча": "Висол-5 тор кўча", "Тури": "Наземные", "Эни(м)": 3, "Узунл": 8 }, "geometry": { "type": "MultiLineString", "coordinates": [ [ [ 69.324781213236676, 41.261796801888622 ], [ 69.324867112560739, 41.261826470727094 ] ] ] } },
{ "type": "Feature", "properties": { "Туман": "Яшнобод", "Кўча": "Боку кўча", "Тури": "Наземные", "Эни(м)": 3, "Узунл": 17 }, "geometry": { "type": "MultiLineString", "coordinates": [ [ [ 69.303257035666434, 41.28742158289986 ], [ 69.303321106097826, 41.287276131822473 ] ] ] } },
{ "type": "Feature", "properties": { "Туман": "Яшнобод", "Кўча": "Фарғона йўли кўча", "Тури": "Наземные", "Эни(м)": 3, "Узунл": 41 }, "geometry": { "type": "MultiLineString", "coordinates": [ [ [ 69.303293381098044, 41.287231033065673 ], [ 69.302852416933121, 41.287078365657401 ] ] ] } },
{ "type": "Feature", "properties": { "Туман": "Яшнобод", "Кўча": "Фарғона йўли кўча", "Тури": "Наземные", "Эни(м)": 3, "Узунл": 41 }, "geometry": { "type": "MultiLineString", "coordinates": [ [ [ 69.303293381098044, 41.287231033065673 ], [ 69.302852416933121, 41.287078365657401 ] ] ] } },
{ "type": "Feature", "properties": { "Туман": "Яшнобод", "Кўча": "Фарғона йўли кўча", "Тури": "Надземные", "Эни(м)": 4, "Узунл": 57 }, "geometry": { "type": "MultiLineString", "coordinates": [ [ [ 69.302243335138485, 41.288725684864517 ], [ 69.301652956350964, 41.288465969472 ] ] ] } },
{ "type": "Feature", "properties": { "Туман": "Яшнобод", "Кўча": "Фарғона йўли кўча", "Тури": "Наземные", "Эни(м)": 3, "Узунл": 34 }, "geometry": { "type": "MultiLineString", "coordinates": [ [ [ 69.29916879343719, 41.292103286496321 ], [ 69.298942092155116, 41.292085562540443 ], [ 69.298800107975296, 41.292009627496569 ] ] ] } },
{ "type": "Feature", "properties": { "Туман": "Яшнобод", "Кўча": "Фарғона йўли кўча", "Тури": "Наземные", "Эни(м)": 3, "Узунл": 34 }, "geometry": { "type": "MultiLineString", "coordinates": [ [ [ 69.29916879343719, 41.292103286496321 ], [ 69.298942092155116, 41.292085562540443 ], [ 69.298800107975296, 41.292009627496569 ] ] ] } },
{ "type": "Feature", "properties": { "Туман": "Яшнобод", "Кўча": "Оҳангарон шоҳкўча", "Тури": "Подземные", "Эни(м)": 4, "Узунл": 55 }, "geometry": { "type": "MultiLineString", "coordinates": [ [ [ 69.365715750681929, 41.269040131030664 ], [ 69.365231646785872, 41.26869982630739 ] ] ] } },
{ "type": "Feature", "properties": { "Туман": "Яшнобод", "Кўча": "Чўлпон-5 берк кўчаси", "Тури": "Наземные", "Эни(м)": 3, "Узунл": 7 }, "geometry": { "type": "MultiLineString", "coordinates": [ [ [ 69.382104485367847, 41.304873958257858 ], [ 69.382044411457599, 41.304827536271517 ] ] ] } },
{ "type": "Feature", "properties": { "Туман": "Яшнобод", "Кўча": "Чўлпон кўчаси", "Тури": "Наземные", "Эни(м)": 3, "Узунл": 14 }, "geometry": { "type": "MultiLineString", "coordinates": [ [ [ 69.382232428981951, 41.304932821234189 ], [ 69.382341954105797, 41.304835399569356 ] ] ] } },
{ "type": "Feature", "properties": { "Туман": "Яшнобод", "Кўча": "Янгиавлод кўчаси", "Тури": "Наземные", "Эни(м)": 3, "Узунл": 17 }, "geometry": { "type": "MultiLineString", "coordinates": [ [ [ 69.382322743685819, 41.304803415944264 ], [ 69.382153034528883, 41.304714246669633 ] ] ] } },
{ "type": "Feature", "properties": { "Туман": "Яшнобод", "Кўча": "Бирлашган кўча", "Тури": "Наземные", "Эни(м)": 3, "Узунл": 11 }, "geometry": { "type": "MultiLineString", "coordinates": [ [ [ 69.355307865738851, 41.292619068108799 ], [ 69.355369738528253, 41.292536469238229 ] ] ] } },
{ "type": "Feature", "properties": { "Туман": "Яшнобод", "Кўча": "-", "Тури": "Наземные", "Эни(м)": 3, "Узунл": 15 }, "geometry": { "type": "MultiLineString", "coordinates": [ [ [ 69.355493742118583, 41.292418884044288 ], [ 69.355652712525753, 41.292480656760517 ] ] ] } },
{ "type": "Feature", "properties": { "Туман": "Яшнобод", "Кўча": "Оҳангарон шоҳкўчаси", "Тури": "Наземные", "Эни(м)": 3, "Узунл": 18 }, "geometry": { "type": "MultiLineString", "coordinates": [ [ [ 69.355275122831955, 41.292700356191339 ], [ 69.355461737619081, 41.29278524014223 ] ] ] } },
{ "type": "Feature", "properties": { "Туман": "Яшнобод", "Кўча": "Чўлпон кўча", "Тури": "Наземные", "Эни(м)": 3, "Узунл": 21 }, "geometry": { "type": "MultiLineString", "coordinates": [ [ [ 69.361289367870739, 41.295167303313555 ], [ 69.361435805990155, 41.295009353086527 ] ] ] } },
{ "type": "Feature", "properties": { "Туман": "Яшнобод", "Кўча": "Чўлпон кўча", "Тури": "Наземные", "Эни(м)": 3, "Узунл": 18 }, "geometry": { "type": "MultiLineString", "coordinates": [ [ [ 69.361683765877828, 41.295354076800393 ], [ 69.361802799150709, 41.295216966778959 ] ] ] } },
{ "type": "Feature", "properties": { "Туман": "Яшнобод", "Кўча": "Имом ал-Бухорий кўча", "Тури": "Наземные", "Эни(м)": 3, "Узунл": 9 }, "geometry": { "type": "MultiLineString", "coordinates": [ [ [ 69.361748712176009, 41.295096271922233 ], [ 69.36183797344016, 41.295137500524667 ] ] ] } },
{ "type": "Feature", "properties": { "Туман": "Яшнобод", "Кўча": "Чўлпон-2 тор кўча", "Тури": "Наземные", "Эни(м)": 3, "Узунл": 13 }, "geometry": { "type": "MultiLineString", "coordinates": [ [ [ 69.361286292015308, 41.29519661353298 ], [ 69.361417721884351, 41.295252360392773 ] ] ] } },
{ "type": "Feature", "properties": { "Туман": "Яшнобод", "Кўча": "Чўлпон кўча", "Тури": "Наземные", "Эни(м)": 3, "Узунл": 19 }, "geometry": { "type": "MultiLineString", "coordinates": [ [ [ 69.362929211142813, 41.296044824530092 ], [ 69.36303846266442, 41.29589553551989 ] ] ] } },
{ "type": "Feature", "properties": { "Туман": "Яшнобод", "Кўча": "Чўлпон-3 тор кўчаси", "Тури": "Наземные", "Эни(м)": 3, "Узунл": 11 }, "geometry": { "type": "MultiLineString", "coordinates": [ [ [ 69.362796091973891, 41.295976876163166 ], [ 69.362909724825187, 41.296033898252787 ] ] ] } },
{ "type": "Feature", "properties": { "Туман": "Яшнобод", "Кўча": "Чўлпон кўча", "Тури": "Наземные", "Эни(м)": 3, "Узунл": 18 }, "geometry": { "type": "MultiLineString", "coordinates": [ [ [ 69.364040834464603, 41.296536982330707 ], [ 69.364146914570355, 41.296399910878137 ] ] ] } },
{ "type": "Feature", "properties": { "Туман": "Яшнобод", "Кўча": "Чўлпон кўча", "Тури": "Наземные", "Эни(м)": 3, "Узунл": 9 }, "geometry": { "type": "MultiLineString", "coordinates": [ [ [ 69.368718246935401, 41.298660425343165 ], [ 69.368774526686337, 41.298592792766186 ] ] ] } },
{ "type": "Feature", "properties": { "Туман": "Яшнобод", "Кўча": "Наҳор кўчаси", "Тури": "Наземные", "Эни(м)": 3, "Узунл": 9 }, "geometry": { "type": "MultiLineString", "coordinates": [ [ [ 69.368870596397741, 41.298619649011663 ], [ 69.368960659149721, 41.298657817348534 ] ] ] } },
{ "type": "Feature", "properties": { "Туман": "Яшнобод", "Кўча": "Чўлпон кўчаси", "Тури": "Наземные", "Эни(м)": 3, "Узунл": 8 }, "geometry": { "type": "MultiLineString", "coordinates": [ [ [ 69.372621322884029, 41.300004838740165 ], [ 69.37266465043804, 41.299937551418793 ] ] ] } },
{ "type": "Feature", "properties": { "Туман": "Яшнобод", "Кўча": "Чўлпон кўчаси", "Тури": "Наземные", "Эни(м)": 3, "Узунл": 10 }, "geometry": { "type": "MultiLineString", "coordinates": [ [ [ 69.373008538458379, 41.30012780675127 ], [ 69.37305419140263, 41.300042504128719 ] ] ] } },
{ "type": "Feature", "properties": { "Туман": "Яшнобод", "Кўча": "Чўлпон кўчаси", "Тури": "Наземные", "Эни(м)": 3, "Узунл": 8 }, "geometry": { "type": "MultiLineString", "coordinates": [ [ [ 69.373501570682109, 41.300282477630368 ], [ 69.373536817012905, 41.300217657916072 ] ] ] } },
{ "type": "Feature", "properties": { "Туман": "Яшнобод", "Кўча": "Чўлпон кўчаси", "Тури": "Наземные", "Эни(м)": 3, "Узунл": 8 }, "geometry": { "type": "MultiLineString", "coordinates": [ [ [ 69.377214984403622, 41.302463635725935 ], [ 69.377279404294384, 41.30240482356551 ] ] ] } },
{ "type": "Feature", "properties": { "Туман": "Яшнобод", "Кўча": "Чўлпон кўчаси", "Тури": "Наземные", "Эни(м)": 3, "Узунл": 9 }, "geometry": { "type": "MultiLineString", "coordinates": [ [ [ 69.386956331067609, 41.306297137864782 ], [ 69.38696717348455, 41.306214083337387 ] ] ] } },
{ "type": "Feature", "properties": { "Туман": "Яшнобод", "Кўча": "Чўлпон кўчаси", "Тури": "Наземные", "Эни(м)": 3, "Узунл": 10 }, "geometry": { "type": "MultiLineString", "coordinates": [ [ [ 69.388145125295836, 41.306364555452042 ], [ 69.38814784932805, 41.306277865627926 ] ] ] } },
{ "type": "Feature", "properties": { "Туман": "Яшнобод", "Кўча": "Чўлпон кўчаси", "Тури": "Наземные", "Эни(м)": 3, "Узунл": 8 }, "geometry": { "type": "MultiLineString", "coordinates": [ [ [ 69.393476570648431, 41.305128652836331 ], [ 69.393437318291575, 41.305062860874358 ] ] ] } },
{ "type": "Feature", "properties": { "Туман": "Яшнобод", "Кўча": "Чўлпон кўчаси", "Тури": "Наземные", "Эни(м)": 3, "Узунл": 8 }, "geometry": { "type": "MultiLineString", "coordinates": [ [ [ 69.395127641732273, 41.30453485074235 ], [ 69.395089203101264, 41.304469972185828 ] ] ] } },
{ "type": "Feature", "properties": { "Туман": "Яшнобод", "Кўча": "Чўлпон кўчаси", "Тури": "Наземные", "Эни(м)": 3, "Узунл": 7 }, "geometry": { "type": "MultiLineString", "coordinates": [ [ [ 69.398794140879204, 41.303309288085067 ], [ 69.398769506962097, 41.303251993261853 ] ] ] } },
{ "type": "Feature", "properties": { "Туман": "Яшнобод", "Кўча": "Тузел кўчаси", "Тури": "Наземные", "Эни(м)": 3, "Узунл": 9 }, "geometry": { "type": "MultiLineString", "coordinates": [ [ [ 69.402787211721119, 41.305386098124202 ], [ 69.402872748636554, 41.305341848046126 ] ] ] } },
{ "type": "Feature", "properties": { "Туман": "Яшнобод", "Кўча": "Тузел кўчаси", "Тури": "Наземные", "Эни(м)": 3, "Узунл": 8 }, "geometry": { "type": "MultiLineString", "coordinates": [ [ [ 69.405414056122709, 41.307860703341824 ], [ 69.405488278011404, 41.307819238108323 ] ] ] } },
{ "type": "Feature", "properties": { "Туман": "Яшнобод", "Кўча": "Тузел кўчаси", "Тури": "Наземные", "Эни(м)": 3, "Узунл": 8 }, "geometry": { "type": "MultiLineString", "coordinates": [ [ [ 69.405959666330446, 41.308378253526733 ], [ 69.40603634169176, 41.308340747063781 ] ] ] } },
{ "type": "Feature", "properties": { "Туман": "Яшнобод", "Кўча": "Тузел кўчаси", "Тури": "Наземные", "Эни(м)": 3, "Узунл": 10 }, "geometry": { "type": "MultiLineString", "coordinates": [ [ [ 69.413320638477714, 41.308323978503665 ], [ 69.413231180603248, 41.308259594464246 ] ] ] } },
{ "type": "Feature", "properties": { "Туман": "Яшнобод", "Кўча": "Тузел кўчаси", "Тури": "Наземные", "Эни(м)": 3, "Узунл": 10 }, "geometry": { "type": "MultiLineString", "coordinates": [ [ [ 69.41396868180108, 41.307874817507816 ], [ 69.413884104269769, 41.307814078979384 ] ] ] } },
{ "type": "Feature", "properties": { "Туман": "Яшнобод", "Кўча": "Тузел кўчаси", "Тури": "Наземные", "Эни(м)": 3, "Узунл": 8 }, "geometry": { "type": "MultiLineString", "coordinates": [ [ [ 69.422166364212629, 41.313170097844349 ], [ 69.422233194569714, 41.313113083102827 ] ] ] } },
{ "type": "Feature", "properties": { "Туман": "Яшнобод", "Кўча": "-", "Тури": "Наземные", "Эни(м)": 3, "Узунл": 15 }, "geometry": { "type": "MultiLineString", "coordinates": [ [ [ 69.405974017956282, 41.32100028603849 ], [ 69.406000721774419, 41.320867119131456 ] ] ] } },
{ "type": "Feature", "properties": { "Туман": "Яшнобод", "Кўча": "-", "Тури": "Наземные", "Эни(м)": 3, "Узунл": 13 }, "geometry": { "type": "MultiLineString", "coordinates": [ [ [ 69.404005816096031, 41.320772807794327 ], [ 69.404033424008816, 41.320654288369802 ] ] ] } },
{ "type": "Feature", "properties": { "Туман": "Яшнобод", "Кўча": "-", "Тури": "Наземные", "Эни(м)": 3, "Узунл": 5 }, "geometry": { "type": "MultiLineString", "coordinates": [ [ [ 69.40115978443292, 41.320393921001354 ], [ 69.401103840974059, 41.320381907453346 ] ] ] } },
{ "type": "Feature", "properties": { "Туман": "Яшнобод", "Кўча": "-", "Тури": "Наземные", "Эни(м)": 3, "Узунл": 5 }, "geometry": { "type": "MultiLineString", "coordinates": [ [ [ 69.401705211874571, 41.320210722435682 ], [ 69.401736557281595, 41.320172766661045 ] ] ] } },
{ "type": "Feature", "properties": { "Туман": "Яшнобод", "Кўча": "-", "Тури": "Наземные", "Эни(м)": 3, "Узунл": 6 }, "geometry": { "type": "MultiLineString", "coordinates": [ [ [ 69.401435391115797, 41.320179921653192 ], [ 69.401427796786521, 41.320129893252584 ] ] ] } },
{ "type": "Feature", "properties": { "Туман": "Яшнобод", "Кўча": "-", "Тури": "Наземные", "Эни(м)": 3, "Узунл": 30 }, "geometry": { "type": "MultiLineString", "coordinates": [ [ [ 69.353926928654175, 41.299102714826368 ], [ 69.354232140502774, 41.298962598423415 ] ] ] } },
{ "type": "Feature", "properties": { "Туман": "Яшнобод", "Кўча": "-", "Тури": "Наземные", "Эни(м)": 3, "Узунл": 10 }, "geometry": { "type": "MultiLineString", "coordinates": [ [ [ 69.334766165227663, 41.30535556916319 ], [ 69.334880768656546, 41.305366528729884 ] ] ] } },
{ "type": "Feature", "properties": { "Туман": "Яшнобод", "Кўча": "Оҳанрабо кўча", "Тури": "Наземные", "Эни(м)": 3, "Узунл": 10 }, "geometry": { "type": "MultiLineString", "coordinates": [ [ [ 69.341889492339703, 41.256578967647165 ], [ 69.341940861257171, 41.256501900577078 ] ] ] } },
{ "type": "Feature", "properties": { "Туман": "Яшнобод", "Кўча": "Қурувчилар кўча", "Тури": "Наземные", "Эни(м)": 3, "Узунл": 18 }, "geometry": { "type": "MultiLineString", "coordinates": [ [ [ 69.34426455110497, 41.253049082430593 ], [ 69.344477493729741, 41.25308873411835 ] ] ] } },
{ "type": "Feature", "properties": { "Туман": "Миробод", "Кўча": "-", "Тури": "Наземные", "Эни(м)": 3, "Узунл": 5 }, "geometry": { "type": "MultiLineString", "coordinates": [ [ [ 69.305612280559529, 41.279752499497292 ], [ 69.305662696063422, 41.279771539544655 ] ] ] } },
{ "type": "Feature", "properties": { "Туман": "Миробод", "Кўча": "-", "Тури": "Наземные", "Эни(м)": 3, "Узунл": 5 }, "geometry": { "type": "MultiLineString", "coordinates": [ [ [ 69.310308508407957, 41.272794766235684 ], [ 69.310269696822061, 41.272756523010933 ] ] ] } },
{ "type": "Feature", "properties": { "Туман": "Миробод", "Кўча": "-", "Тури": "Наземные", "Эни(м)": 3, "Узунл": 6 }, "geometry": { "type": "MultiLineString", "coordinates": [ [ [ 69.310408402029651, 41.272851251731971 ], [ 69.310343195603309, 41.272820749260184 ] ] ] } },
{ "type": "Feature", "properties": { "Туман": "Миробод", "Кўча": "-", "Тури": "Наземные", "Эни(м)": 3, "Узунл": 6 }, "geometry": { "type": "MultiLineString", "coordinates": [ [ [ 69.298244495397995, 41.288514919261793 ], [ 69.298313193931648, 41.288528546445747 ] ] ] } },
{ "type": "Feature", "properties": { "Туман": "Миробод", "Кўча": "-", "Тури": "Наземные", "Эни(м)": 3, "Узунл": 6 }, "geometry": { "type": "MultiLineString", "coordinates": [ [ [ 69.279306379200634, 41.303166182803949 ], [ 69.279305116711612, 41.30310866440832 ] ] ] } },
{ "type": "Feature", "properties": { "Туман": "Миробод", "Кўча": "-", "Тури": "Наземные", "Эни(м)": 3, "Узунл": 6 }, "geometry": { "type": "MultiLineString", "coordinates": [ [ [ 69.284235107064859, 41.291051399731849 ], [ 69.284303576150549, 41.291070787994627 ] ] ] } },
{ "type": "Feature", "properties": { "Туман": "Миробод", "Кўча": "-", "Тури": "Наземные", "Эни(м)": 3, "Узунл": 6 }, "geometry": { "type": "MultiLineString", "coordinates": [ [ [ 69.282934260142753, 41.286930497385612 ], [ 69.282951261011661, 41.28698222505794 ] ] ] } },
{ "type": "Feature", "properties": { "Туман": "Миробод", "Кўча": "Мироншоҳ кўча", "Тури": "Наземные", "Эни(м)": 3, "Узунл": 7 }, "geometry": { "type": "MultiLineString", "coordinates": [ [ [ 69.280425755766061, 41.287042474973127 ], [ 69.280379266320054, 41.286990051795215 ] ] ] } },
{ "type": "Feature", "properties": { "Туман": "Миробод", "Кўча": "-", "Тури": "Наземные", "Эни(м)": 3, "Узунл": 7 }, "geometry": { "type": "MultiLineString", "coordinates": [ [ [ 69.280832727321766, 41.287574133075914 ], [ 69.28078926458673, 41.287516334001424 ] ] ] } },
{ "type": "Feature", "properties": { "Туман": "Миробод", "Кўча": "-", "Тури": "Наземные", "Эни(м)": 3, "Узунл": 7 }, "geometry": { "type": "MultiLineString", "coordinates": [ [ [ 69.314194943154021, 41.266222141799147 ], [ 69.314255729532022, 41.266179793241037 ] ] ] } },
{ "type": "Feature", "properties": { "Туман": "Миробод", "Кўча": "-", "Тури": "Наземные", "Эни(м)": 3, "Узунл": 7 }, "geometry": { "type": "MultiLineString", "coordinates": [ [ [ 69.316459209265219, 41.245276815719023 ], [ 69.31648434293048, 41.245220758547127 ] ] ] } },
{ "type": "Feature", "properties": { "Туман": "Миробод", "Кўча": "-", "Тури": "Наземные", "Эни(м)": 3, "Узунл": 7 }, "geometry": { "type": "MultiLineString", "coordinates": [ [ [ 69.314289030533331, 41.266129083152308 ], [ 69.314277569816923, 41.266070825674603 ] ] ] } },
{ "type": "Feature", "properties": { "Туман": "Миробод", "Кўча": "Фидокор кўча", "Тури": "Наземные", "Эни(м)": 3, "Узунл": 7 }, "geometry": { "type": "MultiLineString", "coordinates": [ [ [ 69.269973587921669, 41.294483719362105 ], [ 69.270021169661575, 41.294431838367728 ] ] ] } },
{ "type": "Feature", "properties": { "Туман": "Миробод", "Кўча": "-", "Тури": "Наземные", "Эни(м)": 3, "Узунл": 7 }, "geometry": { "type": "MultiLineString", "coordinates": [ [ [ 69.29844651155129, 41.288553126925429 ], [ 69.298532517171694, 41.288571310836438 ] ] ] } },
{ "type": "Feature", "properties": { "Туман": "Миробод", "Кўча": "Водил-1 берк кўча", "Тури": "Наземные", "Эни(м)": 3, "Узунл": 7 }, "geometry": { "type": "MultiLineString", "coordinates": [ [ [ 69.297669466663649, 41.288401364369228 ], [ 69.297753950124431, 41.288420319753143 ] ] ] } },
{ "type": "Feature", "properties": { "Туман": "Миробод", "Кўча": "-", "Тури": "Наземные", "Эни(м)": 3, "Узунл": 7 }, "geometry": { "type": "MultiLineString", "coordinates": [ [ [ 69.295767361339387, 41.288713432258589 ], [ 69.295701080540127, 41.288672186980918 ] ] ] } },
{ "type": "Feature", "properties": { "Туман": "Миробод", "Кўча": "-", "Тури": "Наземные", "Эни(м)": 3, "Узунл": 7 }, "geometry": { "type": "MultiLineString", "coordinates": [ [ [ 69.283993467553856, 41.291196950467175 ], [ 69.284060899609997, 41.291153067699128 ] ] ] } },
{ "type": "Feature", "properties": { "Туман": "Миробод", "Кўча": "Катта Миробод-4 тор кўча", "Тури": "Наземные", "Эни(м)": 3, "Узунл": 8 }, "geometry": { "type": "MultiLineString", "coordinates": [ [ [ 69.270372070468653, 41.286688033485333 ], [ 69.270452568570377, 41.28672925997455 ] ] ] } },
{ "type": "Feature", "properties": { "Туман": "Миробод", "Кўча": "-", "Тури": "Наземные", "Эни(м)": 3, "Узунл": 8 }, "geometry": { "type": "MultiLineString", "coordinates": [ [ [ 69.305780248688563, 41.280560424700418 ], [ 69.30582977341102, 41.280497402792427 ] ] ] } },
{ "type": "Feature", "properties": { "Туман": "Миробод", "Кўча": "-", "Тури": "Наземные", "Эни(м)": 3, "Узунл": 8 }, "geometry": { "type": "MultiLineString", "coordinates": [ [ [ 69.305731940121049, 41.279685840120777 ], [ 69.305779960683623, 41.27962742395372 ] ] ] } },
{ "type": "Feature", "properties": { "Туман": "Миробод", "Кўча": "Кичик Бешёғоч-1 тор кўча", "Тури": "Наземные", "Эни(м)": 3, "Узунл": 8 }, "geometry": { "type": "MultiLineString", "coordinates": [ [ [ 69.277255130655945, 41.273902614428472 ], [ 69.277321989277766, 41.273846465559195 ] ] ] } },
{ "type": "Feature", "properties": { "Туман": "Миробод", "Кўча": "Қўйлиқота-3 тор кўча", "Тури": "Наземные", "Эни(м)": 3, "Узунл": 8 }, "geometry": { "type": "MultiLineString", "coordinates": [ [ [ 69.322178982780983, 41.237886627301407 ], [ 69.32226723862729, 41.237858002768789 ] ] ] } },
{ "type": "Feature", "properties": { "Туман": "Миробод", "Кўча": "Кичик Бешёғоч кўча", "Тури": "Наземные", "Эни(м)": 3, "Узунл": 9 }, "geometry": { "type": "MultiLineString", "coordinates": [ [ [ 69.265847853250051, 41.284576404896654 ], [ 69.265759232781619, 41.28453672782959 ] ] ] } },
{ "type": "Feature", "properties": { "Туман": "Миробод", "Кўча": "Кичик Бешёғоч кўча", "Тури": "Наземные", "Эни(м)": 3, "Узунл": 9 }, "geometry": { "type": "MultiLineString", "coordinates": [ [ [ 69.266105782607539, 41.284244484255133 ], [ 69.266008002246608, 41.284202527683377 ] ] ] } },
{ "type": "Feature", "properties": { "Туман": "Миробод", "Кўча": "Кичик Бешёғоч кўча", "Тури": "Наземные", "Эни(м)": 3, "Узунл": 9 }, "geometry": { "type": "MultiLineString", "coordinates": [ [ [ 69.265847853250051, 41.284576404896654 ], [ 69.265759232781619, 41.28453672782959 ] ] ] } },
{ "type": "Feature", "properties": { "Туман": "Миробод", "Кўча": "Кичик Бешёғоч кўча", "Тури": "Наземные", "Эни(м)": 3, "Узунл": 9 }, "geometry": { "type": "MultiLineString", "coordinates": [ [ [ 69.266105782607539, 41.284244484255133 ], [ 69.266008002246608, 41.284202527683377 ] ] ] } },
{ "type": "Feature", "properties": { "Туман": "Миробод", "Кўча": "Ҳайдар Алиев кўча", "Тури": "Наземные", "Эни(м)": 3, "Узунл": 9 }, "geometry": { "type": "MultiLineString", "coordinates": [ [ [ 69.277920971965671, 41.281443256210288 ], [ 69.277857649273912, 41.281375916958197 ] ] ] } },
{ "type": "Feature", "properties": { "Туман": "Миробод", "Кўча": "Ҳайдар Алиев-1 тор кўча", "Тури": "Наземные", "Эни(м)": 3, "Узунл": 9 }, "geometry": { "type": "MultiLineString", "coordinates": [ [ [ 69.277246153531237, 41.280310172239417 ], [ 69.277305901500924, 41.280374069150888 ] ] ] } },
{ "type": "Feature", "properties": { "Туман": "Миробод", "Кўча": "-", "Тури": "Наземные", "Эни(м)": 3, "Узунл": 9 }, "geometry": { "type": "MultiLineString", "coordinates": [ [ [ 69.305797496722633, 41.279572540044086 ], [ 69.305807815703361, 41.279496200542653 ] ] ] } },
{ "type": "Feature", "properties": { "Туман": "Миробод", "Кўча": "-", "Тури": "Наземные", "Эни(м)": 3, "Узунл": 9 }, "geometry": { "type": "MultiLineString", "coordinates": [ [ [ 69.272938067287939, 41.303662721313444 ], [ 69.273042719101682, 41.303637163691157 ] ] ] } },
{ "type": "Feature", "properties": { "Туман": "Миробод", "Кўча": "-", "Тури": "Наземные", "Эни(м)": 3, "Узунл": 9 }, "geometry": { "type": "MultiLineString", "coordinates": [ [ [ 69.316400805175988, 41.245387418483816 ], [ 69.316442108580304, 41.245312909844614 ] ] ] } },
{ "type": "Feature", "properties": { "Туман": "Миробод", "Кўча": "-", "Тури": "Наземные", "Эни(м)": 3, "Узунл": 9 }, "geometry": { "type": "MultiLineString", "coordinates": [ [ [ 69.309889819814572, 41.244657339656833 ], [ 69.309886401806992, 41.244579118904277 ] ] ] } },
{ "type": "Feature", "properties": { "Туман": "Миробод", "Кўча": "-", "Тури": "Наземные", "Эни(м)": 3, "Узунл": 9 }, "geometry": { "type": "MultiLineString", "coordinates": [ [ [ 69.324281260597758, 41.247252982551515 ], [ 69.324384031535743, 41.247280303618794 ] ] ] } },
{ "type": "Feature", "properties": { "Туман": "Миробод", "Кўча": "Абдурауф Фитрат-5 тор кўча", "Тури": "Наземные", "Эни(м)": 3, "Узунл": 9 }, "geometry": { "type": "MultiLineString", "coordinates": [ [ [ 69.296415682964636, 41.273228081845339 ], [ 69.296510412995261, 41.273269253567534 ] ] ] } },
{ "type": "Feature", "properties": { "Туман": "Миробод", "Кўча": "Қўшкўприк кўча", "Тури": "Наземные", "Эни(м)": 3, "Узунл": 9 }, "geometry": { "type": "MultiLineString", "coordinates": [ [ [ 69.288696706119282, 41.286796545874161 ], [ 69.28879438699812, 41.286754118354956 ] ] ] } },
{ "type": "Feature", "properties": { "Туман": "Миробод", "Кўча": "-", "Тури": "Наземные", "Эни(м)": 3, "Узунл": 9 }, "geometry": { "type": "MultiLineString", "coordinates": [ [ [ 69.308480346064712, 41.244643484314729 ], [ 69.308477945880441, 41.244565260791951 ] ] ] } },
{ "type": "Feature", "properties": { "Туман": "Миробод", "Кўча": "-", "Тури": "Наземные", "Эни(м)": 3, "Узунл": 9 }, "geometry": { "type": "MultiLineString", "coordinates": [ [ [ 69.293270500447875, 41.290641041007184 ], [ 69.293377280840318, 41.290643069795145 ] ] ] } },
{ "type": "Feature", "properties": { "Туман": "Миробод", "Кўча": "-", "Тури": "Наземные", "Эни(м)": 3, "Узунл": 9 }, "geometry": { "type": "MultiLineString", "coordinates": [ [ [ 69.282271333062809, 41.288354058995928 ], [ 69.282307372917089, 41.288281685138507 ] ] ] } },
{ "type": "Feature", "properties": { "Туман": "Миробод", "Кўча": "-", "Тури": "Наземные", "Эни(м)": 3, "Узунл": 9 }, "geometry": { "type": "MultiLineString", "coordinates": [ [ [ 69.284331588234224, 41.291081839649685 ], [ 69.284414923514476, 41.291129184961001 ] ] ] } },
{ "type": "Feature", "properties": { "Туман": "Миробод", "Кўча": "-", "Тури": "Наземные", "Эни(м)": 3, "Узунл": 9 }, "geometry": { "type": "MultiLineString", "coordinates": [ [ [ 69.284500804570939, 41.291118810606008 ], [ 69.284590578082117, 41.291068161461197 ] ] ] } },
{ "type": "Feature", "properties": { "Туман": "Миробод", "Кўча": "-", "Тури": "Наземные", "Эни(м)": 3, "Узунл": 10 }, "geometry": { "type": "MultiLineString", "coordinates": [ [ [ 69.281077211591963, 41.287915214783609 ], [ 69.281023998165168, 41.287836348350829 ] ] ] } },
{ "type": "Feature", "properties": { "Туман": "Миробод", "Кўча": "-", "Тури": "Наземные", "Эни(м)": 3, "Узунл": 10 }, "geometry": { "type": "MultiLineString", "coordinates": [ [ [ 69.272208478532008, 41.292327341794483 ], [ 69.272276828145479, 41.292257387315587 ] ] ] } },
{ "type": "Feature", "properties": { "Туман": "Миробод", "Кўча": "Сайхун кўча", "Тури": "Наземные", "Эни(м)": 3, "Узунл": 10 }, "geometry": { "type": "MultiLineString", "coordinates": [ [ [ 69.299771282617982, 41.285184095602084 ], [ 69.299685596501789, 41.285123729245726 ] ] ] } },
{ "type": "Feature", "properties": { "Туман": "Миробод", "Кўча": "Абдурауф Фитрат-3 тор кўча", "Тури": "Наземные", "Эни(м)": 3, "Узунл": 10 }, "geometry": { "type": "MultiLineString", "coordinates": [ [ [ 69.288799630027185, 41.269838123337948 ], [ 69.288878615536476, 41.269768899036173 ] ] ] } },
{ "type": "Feature", "properties": { "Туман": "Миробод", "Кўча": "-", "Тури": "Наземные", "Эни(м)": 3, "Узунл": 10 }, "geometry": { "type": "MultiLineString", "coordinates": [ [ [ 69.319476181818317, 41.239325690714409 ], [ 69.319560189765937, 41.239258732000749 ] ] ] } },
{ "type": "Feature", "properties": { "Туман": "Миробод", "Кўча": "-", "Тури": "Наземные", "Эни(м)": 3, "Узунл": 10 }, "geometry": { "type": "MultiLineString", "coordinates": [ [ [ 69.307009463455273, 41.244644155976786 ], [ 69.307130901556292, 41.244645749520352 ] ] ] } },
{ "type": "Feature", "properties": { "Туман": "Миробод", "Кўча": "-", "Тури": "Наземные", "Эни(м)": 3, "Узунл": 10 }, "geometry": { "type": "MultiLineString", "coordinates": [ [ [ 69.307345811960829, 41.244102168133416 ], [ 69.307464705132219, 41.244103001158471 ] ] ] } },
{ "type": "Feature", "properties": { "Туман": "Миробод", "Кўча": "Иноқобод кўча", "Тури": "Наземные", "Эни(м)": 3, "Узунл": 10 }, "geometry": { "type": "MultiLineString", "coordinates": [ [ [ 69.288888826719372, 41.286610844316975 ], [ 69.28893116674756, 41.286527906930104 ] ] ] } },
{ "type": "Feature", "properties": { "Туман": "Миробод", "Кўча": "-", "Тури": "Наземные", "Эни(м)": 3, "Узунл": 10 }, "geometry": { "type": "MultiLineString", "coordinates": [ [ [ 69.309941781596308, 41.245116609001663 ], [ 69.310066768086799, 41.245116272495679 ] ] ] } },
{ "type": "Feature", "properties": { "Туман": "Миробод", "Кўча": "-", "Тури": "Наземные", "Эни(м)": 3, "Узунл": 10 }, "geometry": { "type": "MultiLineString", "coordinates": [ [ [ 69.286428707817166, 41.302197084501756 ], [ 69.286528619250092, 41.302252056461846 ] ] ] } },
{ "type": "Feature", "properties": { "Туман": "Миробод", "Кўча": "-", "Тури": "Наземные", "Эни(м)": 3, "Узунл": 10 }, "geometry": { "type": "MultiLineString", "coordinates": [ [ [ 69.298942993475976, 41.288611277722268 ], [ 69.299060419358369, 41.288607137961044 ] ] ] } },
{ "type": "Feature", "properties": { "Туман": "Миробод", "Кўча": "Чимкент кўча", "Тури": "Наземные", "Эни(м)": 3, "Узунл": 10 }, "geometry": { "type": "MultiLineString", "coordinates": [ [ [ 69.275276996196254, 41.304791858345922 ], [ 69.275289856959532, 41.304705928898727 ] ] ] } },
{ "type": "Feature", "properties": { "Туман": "Миробод", "Кўча": "Бухоро кўча", "Тури": "Наземные", "Эни(м)": 3, "Узунл": 10 }, "geometry": { "type": "MultiLineString", "coordinates": [ [ [ 69.274110995109638, 41.309428183091029 ], [ 69.274078081707046, 41.309341212411042 ] ] ] } },
{ "type": "Feature", "properties": { "Туман": "Миробод", "Кўча": "Мироншоҳ-8 тор кўча", "Тури": "Наземные", "Эни(м)": 3, "Узунл": 11 }, "geometry": { "type": "MultiLineString", "coordinates": [ [ [ 69.271118963413258, 41.286576602359752 ], [ 69.271228499327549, 41.286631948586148 ] ] ] } },
{ "type": "Feature", "properties": { "Туман": "Миробод", "Кўча": "-", "Тури": "Наземные", "Эни(м)": 3, "Узунл": 11 }, "geometry": { "type": "MultiLineString", "coordinates": [ [ [ 69.305822799518353, 41.280092468765424 ], [ 69.305851725240473, 41.280190562240861 ] ] ] } },
{ "type": "Feature", "properties": { "Туман": "Миробод", "Кўча": "-", "Тури": "Наземные", "Эни(м)": 3, "Узунл": 11 }, "geometry": { "type": "MultiLineString", "coordinates": [ [ [ 69.305688689603713, 41.279786042685352 ], [ 69.305771411846493, 41.279865202916206 ] ] ] } },
{ "type": "Feature", "properties": { "Туман": "Миробод", "Кўча": "-", "Тури": "Наземные", "Эни(м)": 3, "Узунл": 11 }, "geometry": { "type": "MultiLineString", "coordinates": [ [ [ 69.31351784659428, 41.251108004456 ], [ 69.313648941917194, 41.251107647418323 ] ] ] } },
{ "type": "Feature", "properties": { "Туман": "Миробод", "Кўча": "-", "Тури": "Наземные", "Эни(м)": 3, "Узунл": 11 }, "geometry": { "type": "MultiLineString", "coordinates": [ [ [ 69.284681790278398, 41.301113495216811 ], [ 69.284783769339114, 41.301176900073699 ] ] ] } },
{ "type": "Feature", "properties": { "Туман": "Миробод", "Кўча": "Нуронийлар кўча", "Тури": "Наземные", "Эни(м)": 3, "Узунл": 11 }, "geometry": { "type": "MultiLineString", "coordinates": [ [ [ 69.274120204503859, 41.309198459034945 ], [ 69.274248740338592, 41.309166324363609 ] ] ] } },
{ "type": "Feature", "properties": { "Туман": "Миробод", "Кўча": "-", "Тури": "Наземные", "Эни(м)": 3, "Узунл": 12 }, "geometry": { "type": "MultiLineString", "coordinates": [ [ [ 69.29086125751256, 41.29973536352351 ], [ 69.290792713159561, 41.299644269269642 ] ] ] } },
{ "type": "Feature", "properties": { "Туман": "Миробод", "Кўча": "Фарғона йўли кўча", "Тури": "Наземные", "Эни(м)": 3, "Узунл": 12 }, "geometry": { "type": "MultiLineString", "coordinates": [ [ [ 69.306077346382779, 41.280389371068054 ], [ 69.306214629240273, 41.280395141643474 ] ] ] } },
{ "type": "Feature", "properties": { "Туман": "Миробод", "Кўча": "Фарғона йўли кўча", "Тури": "Наземные", "Эни(м)": 3, "Узунл": 12 }, "geometry": { "type": "MultiLineString", "coordinates": [ [ [ 69.306077346382779, 41.280389371068054 ], [ 69.306214629240273, 41.280395141643474 ] ] ] } },
{ "type": "Feature", "properties": { "Туман": "Миробод", "Кўча": "Қизилравот кўча", "Тури": "Наземные", "Эни(м)": 3, "Узунл": 12 }, "geometry": { "type": "MultiLineString", "coordinates": [ [ [ 69.274894857456289, 41.275790385781676 ], [ 69.274991079928014, 41.275705023818453 ] ] ] } },
{ "type": "Feature", "properties": { "Туман": "Миробод", "Кўча": "Мунис кўча", "Тури": "Наземные", "Эни(м)": 3, "Узунл": 12 }, "geometry": { "type": "MultiLineString", "coordinates": [ [ [ 69.310276922547345, 41.245075824450254 ], [ 69.310280497369689, 41.244972275183194 ] ] ] } },
{ "type": "Feature", "properties": { "Туман": "Миробод", "Кўча": "-", "Тури": "Наземные", "Эни(м)": 3, "Узунл": 12 }, "geometry": { "type": "MultiLineString", "coordinates": [ [ [ 69.313497169614536, 41.24880219683012 ], [ 69.313641425173685, 41.248792216975843 ] ] ] } },
{ "type": "Feature", "properties": { "Туман": "Миробод", "Кўча": "-", "Тури": "Наземные", "Эни(м)": 3, "Узунл": 12 }, "geometry": { "type": "MultiLineString", "coordinates": [ [ [ 69.28422094552883, 41.291595780523615 ], [ 69.284267265606374, 41.291490593416114 ] ] ] } },
{ "type": "Feature", "properties": { "Туман": "Миробод", "Кўча": "-", "Тури": "Наземные", "Эни(м)": 3, "Узунл": 12 }, "geometry": { "type": "MultiLineString", "coordinates": [ [ [ 69.284361450592826, 41.291636082118529 ], [ 69.2844128881449, 41.291538551855211 ] ] ] } },
{ "type": "Feature", "properties": { "Туман": "Миробод", "Кўча": "-", "Тури": "Наземные", "Эни(м)": 3, "Узунл": 13 }, "geometry": { "type": "MultiLineString", "coordinates": [ [ [ 69.306448559399072, 41.280413693077257 ], [ 69.306598179110495, 41.280448574666885 ] ] ] } },
{ "type": "Feature", "properties": { "Туман": "Миробод", "Кўча": "-", "Тури": "Наземные", "Эни(м)": 3, "Узунл": 13 }, "geometry": { "type": "MultiLineString", "coordinates": [ [ [ 69.303984934613027, 41.28148015711448 ], [ 69.304101192561902, 41.281555778667055 ] ] ] } },
{ "type": "Feature", "properties": { "Туман": "Миробод", "Кўча": "Кичик Бешёғоч-3 тор кўча", "Тури": "Наземные", "Эни(м)": 3, "Узунл": 13 }, "geometry": { "type": "MultiLineString", "coordinates": [ [ [ 69.278217417849476, 41.272960387500511 ], [ 69.278307499767649, 41.272867368000178 ] ] ] } },
{ "type": "Feature", "properties": { "Туман": "Миробод", "Кўча": "Меҳржон кўча", "Тури": "Наземные", "Эни(м)": 3, "Узунл": 13 }, "geometry": { "type": "MultiLineString", "coordinates": [ [ [ 69.291770821896492, 41.284638253900972 ], [ 69.291692059677032, 41.28453261368044 ] ] ] } },
{ "type": "Feature", "properties": { "Туман": "Миробод", "Кўча": "Иноқобод-2 тор кўча", "Тури": "Наземные", "Эни(м)": 3, "Узунл": 13 }, "geometry": { "type": "MultiLineString", "coordinates": [ [ [ 69.293679194402145, 41.284158656207715 ], [ 69.293829677919007, 41.284159039181134 ] ] ] } },
{ "type": "Feature", "properties": { "Туман": "Миробод", "Кўча": "-", "Тури": "Наземные", "Эни(м)": 3, "Узунл": 13 }, "geometry": { "type": "MultiLineString", "coordinates": [ [ [ 69.29564499232464, 41.288636284171339 ], [ 69.295525656770536, 41.288555293392697 ] ] ] } },
{ "type": "Feature", "properties": { "Туман": "Миробод", "Кўча": "Моштабиб кўча", "Тури": "Наземные", "Эни(м)": 3, "Узунл": 13 }, "geometry": { "type": "MultiLineString", "coordinates": [ [ [ 69.285421031243445, 41.297581954139559 ], [ 69.285516751617379, 41.297493900596209 ] ] ] } },
{ "type": "Feature", "properties": { "Туман": "Миробод", "Кўча": "Нуронийлар кўча", "Тури": "Наземные", "Эни(м)": 3, "Узунл": 13 }, "geometry": { "type": "MultiLineString", "coordinates": [ [ [ 69.274244040305263, 41.309501110109814 ], [ 69.274387320554311, 41.309467789728401 ] ] ] } },
{ "type": "Feature", "properties": { "Туман": "Миробод", "Кўча": "-", "Тури": "Наземные", "Эни(м)": 3, "Узунл": 14 }, "geometry": { "type": "MultiLineString", "coordinates": [ [ [ 69.287742617439449, 41.293030056167943 ], [ 69.287867022598135, 41.293107974459744 ] ] ] } },
{ "type": "Feature", "properties": { "Туман": "Миробод", "Кўча": "-", "Тури": "Наземные", "Эни(м)": 3, "Узунл": 14 }, "geometry": { "type": "MultiLineString", "coordinates": [ [ [ 69.304449476080819, 41.280801707860164 ], [ 69.304572885948986, 41.280884979587498 ] ] ] } },
{ "type": "Feature", "properties": { "Туман": "Миробод", "Кўча": "-", "Тури": "Наземные", "Эни(м)": 3, "Узунл": 14 }, "geometry": { "type": "MultiLineString", "coordinates": [ [ [ 69.303790123238599, 41.281347221096503 ], [ 69.303918627549109, 41.281432780940229 ] ] ] } },
{ "type": "Feature", "properties": { "Туман": "Миробод", "Кўча": "Эски Сарикўл кўча", "Тури": "Наземные", "Эни(м)": 3, "Узунл": 14 }, "geometry": { "type": "MultiLineString", "coordinates": [ [ [ 69.30011392900947, 41.275194755825986 ], [ 69.30023733333401, 41.27528033317823 ] ] ] } },
{ "type": "Feature", "properties": { "Туман": "Миробод", "Кўча": "Қизилравот кўча", "Тури": "Наземные", "Эни(м)": 3, "Узунл": 14 }, "geometry": { "type": "MultiLineString", "coordinates": [ [ [ 69.274970718852131, 41.275940528085265 ], [ 69.275079108806196, 41.275847467424526 ] ] ] } },
{ "type": "Feature", "properties": { "Туман": "Миробод", "Кўча": "Ҳайдар Алиев кўча", "Тури": "Наземные", "Эни(м)": 3, "Узунл": 14 }, "geometry": { "type": "MultiLineString", "coordinates": [ [ [ 69.274956447391276, 41.275931358692972 ], [ 69.274866517319666, 41.275820364749343 ] ] ] } },
{ "type": "Feature", "properties": { "Туман": "Миробод", "Кўча": "Меҳржон кўча", "Тури": "Наземные", "Эни(м)": 3, "Узунл": 14 }, "geometry": { "type": "MultiLineString", "coordinates": [ [ [ 69.293585491169537, 41.28412284831245 ], [ 69.293508725799711, 41.284009534682674 ] ] ] } },
{ "type": "Feature", "properties": { "Туман": "Миробод", "Кўча": "Чимкент кўча", "Тури": "Наземные", "Эни(м)": 3, "Узунл": 14 }, "geometry": { "type": "MultiLineString", "coordinates": [ [ [ 69.271125176888987, 41.307846704878514 ], [ 69.271068733008775, 41.307725659355725 ] ] ] } },
{ "type": "Feature", "properties": { "Туман": "Миробод", "Кўча": "Сайхун кўча", "Тури": "Наземные", "Эни(м)": 3, "Узунл": 14 }, "geometry": { "type": "MultiLineString", "coordinates": [ [ [ 69.29655973297011, 41.287871194999937 ], [ 69.296433300823836, 41.28779482516034 ] ] ] } },
{ "type": "Feature", "properties": { "Туман": "Миробод", "Кўча": "Саййид Барака кўча", "Тури": "Наземные", "Эни(м)": 3, "Узунл": 14 }, "geometry": { "type": "MultiLineString", "coordinates": [ [ [ 69.283977325872755, 41.298378171000188 ], [ 69.284078587820716, 41.298277450261111 ] ] ] } },
{ "type": "Feature", "properties": { "Туман": "Миробод", "Кўча": "Авлиёота кўча", "Тури": "Наземные", "Эни(м)": 3, "Узунл": 14 }, "geometry": { "type": "MultiLineString", "coordinates": [ [ [ 69.282048392181522, 41.289239479375141 ], [ 69.281966549900048, 41.289124636668134 ] ] ] } },
{ "type": "Feature", "properties": { "Туман": "Миробод", "Кўча": "Фидокор кўча", "Тури": "Наземные", "Эни(м)": 3, "Узунл": 14 }, "geometry": { "type": "MultiLineString", "coordinates": [ [ [ 69.276016305041878, 41.295960156036486 ], [ 69.276123690136686, 41.295862495379993 ] ] ] } },
{ "type": "Feature", "properties": { "Туман": "Миробод", "Кўча": "Фидокор кўча", "Тури": "Наземные", "Эни(м)": 3, "Узунл": 14 }, "geometry": { "type": "MultiLineString", "coordinates": [ [ [ 69.276476181404121, 41.296251645328326 ], [ 69.27657848156106, 41.29615399646503 ] ] ] } },
{ "type": "Feature", "properties": { "Туман": "Миробод", "Кўча": "-", "Тури": "Наземные", "Эни(м)": 3, "Узунл": 15 }, "geometry": { "type": "MultiLineString", "coordinates": [ [ [ 69.276302670725642, 41.29140337839975 ], [ 69.276462041064974, 41.291337037702405 ] ] ] } },
{ "type": "Feature", "properties": { "Туман": "Миробод", "Кўча": "-", "Тури": "Наземные", "Эни(м)": 3, "Узунл": 15 }, "geometry": { "type": "MultiLineString", "coordinates": [ [ [ 69.273594959530399, 41.277099609000238 ], [ 69.273670714900732, 41.276981317673162 ] ] ] } },
{ "type": "Feature", "properties": { "Туман": "Миробод", "Кўча": "Ҳайдар Алиев кўча", "Тури": "Наземные", "Эни(м)": 3, "Узунл": 15 }, "geometry": { "type": "MultiLineString", "coordinates": [ [ [ 69.273717434876076, 41.277213594365165 ], [ 69.273595039596316, 41.277118782717579 ] ] ] } },
{ "type": "Feature", "properties": { "Туман": "Миробод", "Кўча": "Ҳайдар Алиев кўча", "Тури": "Наземные", "Эни(м)": 3, "Узунл": 15 }, "geometry": { "type": "MultiLineString", "coordinates": [ [ [ 69.277046937693413, 41.274072996522435 ], [ 69.277180482432328, 41.274160108141544 ] ] ] } },
{ "type": "Feature", "properties": { "Туман": "Миробод", "Кўча": "Мунис кўча", "Тури": "Наземные", "Эни(м)": 3, "Узунл": 15 }, "geometry": { "type": "MultiLineString", "coordinates": [ [ [ 69.309939784781747, 41.244694019267754 ], [ 69.31011776586223, 41.24472651933808 ] ] ] } },
{ "type": "Feature", "properties": { "Туман": "Миробод", "Кўча": "-", "Тури": "Наземные", "Эни(м)": 3, "Узунл": 15 }, "geometry": { "type": "MultiLineString", "coordinates": [ [ [ 69.308596716278004, 41.244107834161809 ], [ 69.308779645819016, 41.244112712469381 ] ] ] } },
{ "type": "Feature", "properties": { "Туман": "Миробод", "Кўча": "Содиқ Азимов кўча", "Тури": "Наземные", "Эни(м)": 3, "Узунл": 15 }, "geometry": { "type": "MultiLineString", "coordinates": [ [ [ 69.284526782686811, 41.301251163037904 ], [ 69.284643320209, 41.301154238857315 ] ] ] } },
{ "type": "Feature", "properties": { "Туман": "Миробод", "Кўча": "Саййид Барака кўча", "Тури": "Наземные", "Эни(м)": 3, "Узунл": 15 }, "geometry": { "type": "MultiLineString", "coordinates": [ [ [ 69.278157954999429, 41.294751075308369 ], [ 69.278271390814055, 41.29464266065623 ] ] ] } },
{ "type": "Feature", "properties": { "Туман": "Миробод", "Кўча": "-", "Тури": "Наземные", "Эни(м)": 3, "Узунл": 15 }, "geometry": { "type": "MultiLineString", "coordinates": [ [ [ 69.293127697487208, 41.290542467602975 ], [ 69.293259304706964, 41.290638768665048 ] ] ] } },
{ "type": "Feature", "properties": { "Туман": "Миробод", "Кўча": "Саййид Барака кўча", "Тури": "Наземные", "Эни(м)": 3, "Узунл": 15 }, "geometry": { "type": "MultiLineString", "coordinates": [ [ [ 69.281154786274783, 41.296628967441265 ], [ 69.281276382307979, 41.296526665563498 ] ] ] } },
{ "type": "Feature", "properties": { "Туман": "Миробод", "Кўча": "Зарафшон кўча", "Тури": "Наземные", "Эни(м)": 3, "Узунл": 15 }, "geometry": { "type": "MultiLineString", "coordinates": [ [ [ 69.272447419107351, 41.308448899969441 ], [ 69.272620162975954, 41.308407842522207 ] ] ] } },
{ "type": "Feature", "properties": { "Туман": "Миробод", "Кўча": "Зарафшон кўча", "Тури": "Наземные", "Эни(м)": 3, "Узунл": 15 }, "geometry": { "type": "MultiLineString", "coordinates": [ [ [ 69.272447419107351, 41.308448899969441 ], [ 69.272620162975954, 41.308407842522207 ] ] ] } },
{ "type": "Feature", "properties": { "Туман": "Миробод", "Кўча": "Нуронийлар кўча", "Тури": "Наземные", "Эни(м)": 3, "Узунл": 15 }, "geometry": { "type": "MultiLineString", "coordinates": [ [ [ 69.273637315343919, 41.308166140011487 ], [ 69.273802941000611, 41.308125864661363 ] ] ] } },
{ "type": "Feature", "properties": { "Туман": "Миробод", "Кўча": "Саййид Барака кўча", "Тури": "Наземные", "Эни(м)": 3, "Узунл": 15 }, "geometry": { "type": "MultiLineString", "coordinates": [ [ [ 69.284309223453292, 41.298577910074776 ], [ 69.284421168488734, 41.298478313082818 ] ] ] } },
{ "type": "Feature", "properties": { "Туман": "Миробод", "Кўча": "Бухоро кўча", "Тури": "Наземные", "Эни(м)": 3, "Узунл": 15 }, "geometry": { "type": "MultiLineString", "coordinates": [ [ [ 69.272917471607244, 41.309699835694829 ], [ 69.2728559082516, 41.309571900660814 ] ] ] } },
{ "type": "Feature", "properties": { "Туман": "Миробод", "Кўча": "Сарикўл кўча", "Тури": "Наземные", "Эни(м)": 3, "Узунл": 15 }, "geometry": { "type": "MultiLineString", "coordinates": [ [ [ 69.282999709891413, 41.287017002416242 ], [ 69.283182769177486, 41.287024605289155 ] ] ] } },
{ "type": "Feature", "properties": { "Туман": "Миробод", "Кўча": "Тарас Шевченко кўча", "Тури": "Наземные", "Эни(м)": 3, "Узунл": 15 }, "geometry": { "type": "MultiLineString", "coordinates": [ [ [ 69.279718292404638, 41.2980492218406 ], [ 69.279852926396416, 41.29814092903203 ] ] ] } },
{ "type": "Feature", "properties": { "Туман": "Миробод", "Кўча": "Фидокор кўча", "Тури": "Наземные", "Эни(м)": 3, "Узунл": 16 }, "geometry": { "type": "MultiLineString", "coordinates": [ [ [ 69.277189532352509, 41.296721606386306 ], [ 69.277315176597313, 41.296613163312671 ] ] ] } },
{ "type": "Feature", "properties": { "Туман": "Миробод", "Кўча": "Авлиёота кўча", "Тури": "Наземные", "Эни(м)": 3, "Узунл": 16 }, "geometry": { "type": "MultiLineString", "coordinates": [ [ [ 69.277436394277345, 41.291139887236085 ], [ 69.277309861065319, 41.291035886309608 ] ] ] } },
{ "type": "Feature", "properties": { "Туман": "Миробод", "Кўча": "-", "Тури": "Наземные", "Эни(м)": 3, "Узунл": 16 }, "geometry": { "type": "MultiLineString", "coordinates": [ [ [ 69.303323222657951, 41.281738065573364 ], [ 69.303459903526402, 41.281832807844694 ] ] ] } },
{ "type": "Feature", "properties": { "Туман": "Миробод", "Кўча": "Абу Сулаймон Банокатий кўча", "Тури": "Наземные", "Эни(м)": 3, "Узунл": 16 }, "geometry": { "type": "MultiLineString", "coordinates": [ [ [ 69.279157638422021, 41.271855994508513 ], [ 69.279316876684518, 41.271770476066443 ] ] ] } },
{ "type": "Feature", "properties": { "Туман": "Миробод", "Кўча": "Ҳайдар Алиев кўча", "Тури": "Наземные", "Эни(м)": 3, "Узунл": 16 }, "geometry": { "type": "MultiLineString", "coordinates": [ [ [ 69.279201602280551, 41.272034205389687 ], [ 69.279354480180459, 41.272125869373689 ] ] ] } },
{ "type": "Feature", "properties": { "Туман": "Миробод", "Кўча": "Меҳржон кўча", "Тури": "Наземные", "Эни(м)": 3, "Узунл": 16 }, "geometry": { "type": "MultiLineString", "coordinates": [ [ [ 69.29376679926304, 41.283968227804436 ], [ 69.293915620497799, 41.284051446069974 ] ] ] } },
{ "type": "Feature", "properties": { "Туман": "Миробод", "Кўча": "-", "Тури": "Надземные", "Эни(м)": 4, "Узунл": 16 }, "geometry": { "type": "MultiLineString", "coordinates": [ [ [ 69.275396906632565, 41.295700683471715 ], [ 69.275565963671141, 41.295758567399339 ] ] ] } },
{ "type": "Feature", "properties": { "Туман": "Миробод", "Кўча": "Чимкент кўча", "Тури": "Наземные", "Эни(м)": 3, "Узунл": 16 }, "geometry": { "type": "MultiLineString", "coordinates": [ [ [ 69.271358153949521, 41.308350043493469 ], [ 69.271545131765961, 41.308307420198787 ] ] ] } },
{ "type": "Feature", "properties": { "Туман": "Миробод", "Кўча": "Сайхун кўча", "Тури": "Наземные", "Эни(м)": 3, "Узунл": 16 }, "geometry": { "type": "MultiLineString", "coordinates": [ [ [ 69.301439099270283, 41.283810917574172 ], [ 69.301299349277642, 41.283712346193731 ] ] ] } },
{ "type": "Feature", "properties": { "Туман": "Миробод", "Кўча": "Бухоро кўча", "Тури": "Наземные", "Эни(м)": 3, "Узунл": 16 }, "geometry": { "type": "MultiLineString", "coordinates": [ [ [ 69.273248827432766, 41.309642295154006 ], [ 69.273190295734551, 41.30950975138947 ] ] ] } },
{ "type": "Feature", "properties": { "Туман": "Миробод", "Кўча": "Зарафшон кўча", "Тури": "Наземные", "Эни(м)": 3, "Узунл": 16 }, "geometry": { "type": "MultiLineString", "coordinates": [ [ [ 69.273055411639845, 41.309849064197991 ], [ 69.273240428746149, 41.309823315752212 ] ] ] } },
{ "type": "Feature", "properties": { "Туман": "Миробод", "Кўча": "Зарафшон кўча", "Тури": "Наземные", "Эни(м)": 3, "Узунл": 16 }, "geometry": { "type": "MultiLineString", "coordinates": [ [ [ 69.273055411639845, 41.309849064197991 ], [ 69.273240428746149, 41.309823315752212 ] ] ] } },
{ "type": "Feature", "properties": { "Туман": "Миробод", "Кўча": "Фидокор кўча", "Тури": "Наземные", "Эни(м)": 3, "Узунл": 16 }, "geometry": { "type": "MultiLineString", "coordinates": [ [ [ 69.279506353800656, 41.298192389972591 ], [ 69.279632994323421, 41.298079340257821 ] ] ] } },
{ "type": "Feature", "properties": { "Туман": "Миробод", "Кўча": "-", "Тури": "Наземные", "Эни(м)": 3, "Узунл": 17 }, "geometry": { "type": "MultiLineString", "coordinates": [ [ [ 69.304642200246974, 41.28092314396558 ], [ 69.304791103205929, 41.281022454060036 ] ] ] } },
{ "type": "Feature", "properties": { "Туман": "Миробод", "Кўча": "Янгизамон кўча", "Тури": "Наземные", "Эни(м)": 3, "Узунл": 17 }, "geometry": { "type": "MultiLineString", "coordinates": [ [ [ 69.3031122739023, 41.28185289753344 ], [ 69.3032092649525, 41.281719958836156 ] ] ] } },
{ "type": "Feature", "properties": { "Туман": "Миробод", "Кўча": "8 март кўча", "Тури": "Наземные", "Эни(м)": 3, "Узунл": 17 }, "geometry": { "type": "MultiLineString", "coordinates": [ [ [ 69.299892542336138, 41.28479723445524 ], [ 69.300031344024191, 41.284688732133446 ] ] ] } },
{ "type": "Feature", "properties": { "Туман": "Миробод", "Кўча": "Ҳайдар Алиев-2 тор кўча", "Тури": "Наземные", "Эни(м)": 3, "Узунл": 17 }, "geometry": { "type": "MultiLineString", "coordinates": [ [ [ 69.277985173327608, 41.27357067914172 ], [ 69.278104630190001, 41.27345227930504 ] ] ] } },
{ "type": "Feature", "properties": { "Туман": "Миробод", "Кўча": "Абдурауф Фитрат кўча", "Тури": "Наземные", "Эни(м)": 3, "Узунл": 17 }, "geometry": { "type": "MultiLineString", "coordinates": [ [ [ 69.287013831378815, 41.270713085389559 ], [ 69.287136344869836, 41.270833192158229 ] ] ] } },
{ "type": "Feature", "properties": { "Туман": "Миробод", "Кўча": "Сурхон кўча", "Тури": "Наземные", "Эни(м)": 3, "Узунл": 17 }, "geometry": { "type": "MultiLineString", "coordinates": [ [ [ 69.296470586056458, 41.281879588139525 ], [ 69.296322682657859, 41.281774129072723 ] ] ] } },
{ "type": "Feature", "properties": { "Туман": "Миробод", "Кўча": "Таллимаржон кўча", "Тури": "Наземные", "Эни(м)": 3, "Узунл": 17 }, "geometry": { "type": "MultiLineString", "coordinates": [ [ [ 69.297764520325757, 41.273969315986299 ], [ 69.297868623369112, 41.273835596255978 ] ] ] } },
{ "type": "Feature", "properties": { "Туман": "Миробод", "Кўча": "Чимкент кўча", "Тури": "Наземные", "Эни(м)": 3, "Узунл": 17 }, "geometry": { "type": "MultiLineString", "coordinates": [ [ [ 69.271107568032349, 41.307770051128756 ], [ 69.271299629985734, 41.307727416255482 ] ] ] } },
{ "type": "Feature", "properties": { "Туман": "Миробод", "Кўча": "Тарас Шевченко кўча", "Тури": "Наземные", "Эни(м)": 3, "Узунл": 17 }, "geometry": { "type": "MultiLineString", "coordinates": [ [ [ 69.281229458615599, 41.296730022920805 ], [ 69.281382413661618, 41.296825518353266 ] ] ] } },
{ "type": "Feature", "properties": { "Туман": "Миробод", "Кўча": "Чимкент кўча", "Тури": "Наземные", "Эни(м)": 3, "Узунл": 17 }, "geometry": { "type": "MultiLineString", "coordinates": [ [ [ 69.273465110473623, 41.307849031036518 ], [ 69.273661249227317, 41.307808683395791 ] ] ] } },
{ "type": "Feature", "properties": { "Туман": "Миробод", "Кўча": "Зарафшон кўча", "Тури": "Наземные", "Эни(м)": 3, "Узунл": 17 }, "geometry": { "type": "MultiLineString", "coordinates": [ [ [ 69.273529575983858, 41.310983410679285 ], [ 69.273722634060292, 41.310933866848224 ] ] ] } },
{ "type": "Feature", "properties": { "Туман": "Миробод", "Кўча": "Зарафшон кўча", "Тури": "Наземные", "Эни(м)": 3, "Узунл": 17 }, "geometry": { "type": "MultiLineString", "coordinates": [ [ [ 69.273529575983858, 41.310983410679285 ], [ 69.273722634060292, 41.310933866848224 ] ] ] } },
{ "type": "Feature", "properties": { "Туман": "Миробод", "Кўча": "Матбуотчилар-1 тор кўча", "Тури": "Наземные", "Эни(м)": 3, "Узунл": 17 }, "geometry": { "type": "MultiLineString", "coordinates": [ [ [ 69.27910020012024, 41.309076817990416 ], [ 69.279066009679084, 41.308930413051513 ] ] ] } },
{ "type": "Feature", "properties": { "Туман": "Миробод", "Кўча": "Фидокор кўча", "Тури": "Наземные", "Эни(м)": 3, "Узунл": 17 }, "geometry": { "type": "MultiLineString", "coordinates": [ [ [ 69.279739854204621, 41.29833524307945 ], [ 69.279870549391177, 41.298219115439338 ] ] ] } },
{ "type": "Feature", "properties": { "Туман": "Миробод", "Кўча": "Меҳржон кўча", "Тури": "Наземные", "Эни(м)": 3, "Узунл": 18 }, "geometry": { "type": "MultiLineString", "coordinates": [ [ [ 69.284072710414478, 41.288015235748198 ], [ 69.284032862779412, 41.287853890089721 ] ] ] } },
{ "type": "Feature", "properties": { "Туман": "Миробод", "Кўча": "Сайхун кўча", "Тури": "Наземные", "Эни(м)": 3, "Узунл": 18 }, "geometry": { "type": "MultiLineString", "coordinates": [ [ [ 69.303526207113237, 41.281879417333563 ], [ 69.303680261736943, 41.281993287417762 ] ] ] } },
{ "type": "Feature", "properties": { "Туман": "Миробод", "Кўча": "Сайхун кўча", "Тури": "Наземные", "Эни(м)": 3, "Узунл": 18 }, "geometry": { "type": "MultiLineString", "coordinates": [ [ [ 69.300073073548234, 41.284697826831774 ], [ 69.300231160768064, 41.28480402141362 ] ] ] } },
{ "type": "Feature", "properties": { "Туман": "Миробод", "Кўча": "Ҳайдар Алиев кўча", "Тури": "Наземные", "Эни(м)": 3, "Узунл": 18 }, "geometry": { "type": "MultiLineString", "coordinates": [ [ [ 69.277029035610539, 41.280418452196677 ], [ 69.277201485301731, 41.280326002396244 ] ] ] } },
{ "type": "Feature", "properties": { "Туман": "Миробод", "Кўча": "Эски Сарикўл кўча", "Тури": "Наземные", "Эни(м)": 3, "Узунл": 18 }, "geometry": { "type": "MultiLineString", "coordinates": [ [ [ 69.297325341272554, 41.277217168777703 ], [ 69.297484457411272, 41.277331034190453 ] ] ] } },
{ "type": "Feature", "properties": { "Туман": "Миробод", "Кўча": "Эски Сарикўл кўча", "Тури": "Наземные", "Эни(м)": 3, "Узунл": 18 }, "geometry": { "type": "MultiLineString", "coordinates": [ [ [ 69.30027413721163, 41.274881419896282 ], [ 69.300458559093855, 41.274971439593529 ] ] ] } },
{ "type": "Feature", "properties": { "Туман": "Миробод", "Кўча": "Таллимаржон кўча", "Тури": "Наземные", "Эни(м)": 3, "Узунл": 18 }, "geometry": { "type": "MultiLineString", "coordinates": [ [ [ 69.304938149768546, 41.278975443535558 ], [ 69.305120744212815, 41.278887526786519 ] ] ] } },
{ "type": "Feature", "properties": { "Туман": "Миробод", "Кўча": "Ҳайдар Алиев кўча", "Тури": "Наземные", "Эни(м)": 3, "Узунл": 18 }, "geometry": { "type": "MultiLineString", "coordinates": [ [ [ 69.278218952495649, 41.272962684662374 ], [ 69.278403832490781, 41.273049287333876 ] ] ] } },
{ "type": "Feature", "properties": { "Туман": "Миробод", "Кўча": "Абу Сулаймон Банокатий кўча", "Тури": "Наземные", "Эни(м)": 3, "Узунл": 18 }, "geometry": { "type": "MultiLineString", "coordinates": [ [ [ 69.279574955200033, 41.27209695678745 ], [ 69.279621046601292, 41.271939618680889 ] ] ] } },
{ "type": "Feature", "properties": { "Туман": "Миробод", "Кўча": "Абдурауф Фитрат кўча", "Тури": "Наземные", "Эни(м)": 3, "Узунл": 18 }, "geometry": { "type": "MultiLineString", "coordinates": [ [ [ 69.310360572413188, 41.273055391115939 ], [ 69.310449319584365, 41.272904828361099 ] ] ] } },
{ "type": "Feature", "properties": { "Туман": "Миробод", "Кўча": "Сарикўл кўча", "Тури": "Наземные", "Эни(м)": 3, "Узунл": 18 }, "geometry": { "type": "MultiLineString", "coordinates": [ [ [ 69.294438870707339, 41.272654677389731 ], [ 69.294630332333398, 41.272730883244506 ] ] ] } },
{ "type": "Feature", "properties": { "Туман": "Миробод", "Кўча": "-", "Тури": "Наземные", "Эни(м)": 3, "Узунл": 18 }, "geometry": { "type": "MultiLineString", "coordinates": [ [ [ 69.318533468022579, 41.245959059340549 ], [ 69.318337062031063, 41.245900546591606 ] ] ] } },
{ "type": "Feature", "properties": { "Туман": "Миробод", "Кўча": "Мунис кўча", "Тури": "Наземные", "Эни(м)": 3, "Узунл": 18 }, "geometry": { "type": "MultiLineString", "coordinates": [ [ [ 69.322123181786068, 41.246904704802134 ], [ 69.322194558000604, 41.246747278318587 ] ] ] } },
{ "type": "Feature", "properties": { "Туман": "Миробод", "Кўча": "Мунис кўча", "Тури": "Наземные", "Эни(м)": 3, "Узунл": 18 }, "geometry": { "type": "MultiLineString", "coordinates": [ [ [ 69.318326863192738, 41.24589290518751 ], [ 69.318402330699953, 41.24573930450974 ] ] ] } },
{ "type": "Feature", "properties": { "Туман": "Миробод", "Кўча": "Янги Қўйлиқ-1 тор кўча", "Тури": "Наземные", "Эни(м)": 3, "Узунл": 18 }, "geometry": { "type": "MultiLineString", "coordinates": [ [ [ 69.310641460793505, 41.252529306783508 ], [ 69.310634585727328, 41.252365196050661 ] ] ] } },
{ "type": "Feature", "properties": { "Туман": "Миробод", "Кўча": "-", "Тури": "Наземные", "Эни(м)": 3, "Узунл": 18 }, "geometry": { "type": "MultiLineString", "coordinates": [ [ [ 69.318006394190235, 41.240575687207524 ], [ 69.318152121926843, 41.240454104844709 ] ] ] } },
{ "type": "Feature", "properties": { "Туман": "Миробод", "Кўча": "8 март кўча", "Тури": "Наземные", "Эни(м)": 3, "Узунл": 18 }, "geometry": { "type": "MultiLineString", "coordinates": [ [ [ 69.296189300241252, 41.282181725661104 ], [ 69.296308663385275, 41.282046434346817 ] ] ] } },
{ "type": "Feature", "properties": { "Туман": "Миробод", "Кўча": "8 март кўча", "Тури": "Наземные", "Эни(м)": 3, "Узунл": 18 }, "geometry": { "type": "MultiLineString", "coordinates": [ [ [ 69.293874243561163, 41.280154459259435 ], [ 69.294047657795517, 41.280055846130182 ] ] ] } },
{ "type": "Feature", "properties": { "Туман": "Миробод", "Кўча": "Тарас Шевченко кўча", "Тури": "Наземные", "Эни(м)": 3, "Узунл": 18 }, "geometry": { "type": "MultiLineString", "coordinates": [ [ [ 69.281569804938044, 41.29665172863843 ], [ 69.281409672036816, 41.296542445833232 ] ] ] } },
{ "type": "Feature", "properties": { "Туман": "Миробод", "Кўча": "Фидокор кўча", "Тури": "Наземные", "Эни(м)": 3, "Узунл": 18 }, "geometry": { "type": "MultiLineString", "coordinates": [ [ [ 69.282215502331042, 41.299937501521335 ], [ 69.28235429095777, 41.299811764337399 ] ] ] } },
{ "type": "Feature", "properties": { "Туман": "Миробод", "Кўча": "Тарас Шевченко кўча", "Тури": "Наземные", "Эни(м)": 3, "Узунл": 18 }, "geometry": { "type": "MultiLineString", "coordinates": [ [ [ 69.286120077226585, 41.292665962353148 ], [ 69.285948287500787, 41.292564767774209 ] ] ] } },
{ "type": "Feature", "properties": { "Туман": "Миробод", "Кўча": "Тарас Шевченко кўча", "Тури": "Наземные", "Эни(м)": 3, "Узунл": 18 }, "geometry": { "type": "MultiLineString", "coordinates": [ [ [ 69.285664321225923, 41.292390607232008 ], [ 69.285502181622476, 41.29228670369492 ] ] ] } },
{ "type": "Feature", "properties": { "Туман": "Миробод", "Кўча": "Бухоро кўча", "Тури": "Наземные", "Эни(м)": 3, "Узунл": 18 }, "geometry": { "type": "MultiLineString", "coordinates": [ [ [ 69.278940532733586, 41.308367007421424 ], [ 69.278901214879198, 41.308210644462314 ] ] ] } },
{ "type": "Feature", "properties": { "Туман": "Миробод", "Кўча": "Авлиёота кўча", "Тури": "Наземные", "Эни(м)": 3, "Узунл": 18 }, "geometry": { "type": "MultiLineString", "coordinates": [ [ [ 69.276919736447439, 41.291360480168187 ], [ 69.276793077199059, 41.291226567759246 ] ] ] } },
{ "type": "Feature", "properties": { "Туман": "Миробод", "Кўча": "Таллимаржон кўча", "Тури": "Наземные", "Эни(м)": 3, "Узунл": 19 }, "geometry": { "type": "MultiLineString", "coordinates": [ [ [ 69.300351250899539, 41.27529230734131 ], [ 69.300494010319468, 41.27516462006556 ] ] ] } },
{ "type": "Feature", "properties": { "Туман": "Миробод", "Кўча": "Ҳайдар Алиев кўча", "Тури": "Наземные", "Эни(м)": 3, "Узунл": 19 }, "geometry": { "type": "MultiLineString", "coordinates": [ [ [ 69.273920543677022, 41.277403316445266 ], [ 69.274122572270102, 41.277334576474708 ] ] ] } },
{ "type": "Feature", "properties": { "Туман": "Миробод", "Кўча": "Темирйўлчилар кўча", "Тури": "Наземные", "Эни(м)": 3, "Узунл": 19 }, "geometry": { "type": "MultiLineString", "coordinates": [ [ [ 69.275516825704287, 41.278640442430707 ], [ 69.275375947761546, 41.27850349434901 ] ] ] } },
{ "type": "Feature", "properties": { "Туман": "Миробод", "Кўча": "Ҳайдар Алиев кўча", "Тури": "Наземные", "Эни(м)": 3, "Узунл": 19 }, "geometry": { "type": "MultiLineString", "coordinates": [ [ [ 69.277923235887428, 41.273588468681737 ], [ 69.277737773560204, 41.273484610125116 ] ] ] } },
{ "type": "Feature", "properties": { "Туман": "Миробод", "Кўча": "Сарикўл кўча", "Тури": "Наземные", "Эни(м)": 3, "Узунл": 19 }, "geometry": { "type": "MultiLineString", "coordinates": [ [ [ 69.296301402429606, 41.268188510104146 ], [ 69.2965151573665, 41.268251617242079 ] ] ] } },
{ "type": "Feature", "properties": { "Туман": "Миробод", "Кўча": "Олтинкўл-1 муюлишли кўча", "Тури": "Наземные", "Эни(м)": 3, "Узунл": 19 }, "geometry": { "type": "MultiLineString", "coordinates": [ [ [ 69.302913761733976, 41.270364033003155 ], [ 69.303125518270917, 41.270431734832819 ] ] ] } },
{ "type": "Feature", "properties": { "Туман": "Миробод", "Кўча": "Сарикўл кўча", "Тури": "Наземные", "Эни(м)": 3, "Узунл": 19 }, "geometry": { "type": "MultiLineString", "coordinates": [ [ [ 69.294730983062635, 41.2725066742602 ], [ 69.294523267114883, 41.27243281102259 ] ] ] } },
{ "type": "Feature", "properties": { "Туман": "Миробод", "Кўча": "Сарикўл кўча", "Тури": "Наземные", "Эни(м)": 3, "Узунл": 19 }, "geometry": { "type": "MultiLineString", "coordinates": [ [ [ 69.292796473888771, 41.274112248872932 ], [ 69.29295056704099, 41.274243006443335 ] ] ] } },
{ "type": "Feature", "properties": { "Туман": "Миробод", "Кўча": "Сарикўл кўча", "Тури": "Наземные", "Эни(м)": 3, "Узунл": 19 }, "geometry": { "type": "MultiLineString", "coordinates": [ [ [ 69.287927728472994, 41.277308931039876 ], [ 69.287801023586539, 41.277163526183116 ] ] ] } },
{ "type": "Feature", "properties": { "Туман": "Миробод", "Кўча": "Мунис-1 тор кўча", "Тури": "Наземные", "Эни(м)": 3, "Узунл": 19 }, "geometry": { "type": "MultiLineString", "coordinates": [ [ [ 69.318411368161534, 41.245717037675973 ], [ 69.318625011126542, 41.245767833002574 ] ] ] } },
{ "type": "Feature", "properties": { "Туман": "Миробод", "Кўча": "Мунис кўча", "Тури": "Наземные", "Эни(м)": 3, "Узунл": 19 }, "geometry": { "type": "MultiLineString", "coordinates": [ [ [ 69.314567433559461, 41.244920761284426 ], [ 69.314644900601877, 41.244758721011671 ] ] ] } },
{ "type": "Feature", "properties": { "Туман": "Миробод", "Кўча": "Абдурауф Фитрат кўча", "Тури": "Наземные", "Эни(м)": 3, "Узунл": 19 }, "geometry": { "type": "MultiLineString", "coordinates": [ [ [ 69.284227727056916, 41.272654454435468 ], [ 69.284381783088847, 41.272781388831362 ] ] ] } },
{ "type": "Feature", "properties": { "Туман": "Миробод", "Кўча": "Саййид Барака кўча", "Тури": "Наземные", "Эни(м)": 3, "Узунл": 19 }, "geometry": { "type": "MultiLineString", "coordinates": [ [ [ 69.281450543056792, 41.296823817895778 ], [ 69.281587264647683, 41.296691567520206 ] ] ] } },
{ "type": "Feature", "properties": { "Туман": "Миробод", "Кўча": "Ислом Каримов шоҳ кўча", "Тури": "Наземные", "Эни(м)": 3, "Узунл": 19 }, "geometry": { "type": "MultiLineString", "coordinates": [ [ [ 69.272356635441582, 41.308386991679363 ], [ 69.272286774630203, 41.308219961381504 ] ] ] } },
{ "type": "Feature", "properties": { "Туман": "Миробод", "Кўча": "-", "Тури": "Наземные", "Эни(м)": 3, "Узунл": 19 }, "geometry": { "type": "MultiLineString", "coordinates": [ [ [ 69.283298503154143, 41.294856842120176 ], [ 69.283469834522165, 41.294969162571014 ] ] ] } },
{ "type": "Feature", "properties": { "Туман": "Миробод", "Кўча": "Янгизамон кўча", "Тури": "Наземные", "Эни(м)": 3, "Узунл": 20 }, "geometry": { "type": "MultiLineString", "coordinates": [ [ [ 69.297342463596948, 41.277629746913611 ], [ 69.297503516321171, 41.277498181360869 ] ] ] } },
{ "type": "Feature", "properties": { "Туман": "Миробод", "Кўча": "Ҳайдар Алиев кўча", "Тури": "Наземные", "Эни(м)": 3, "Узунл": 20 }, "geometry": { "type": "MultiLineString", "coordinates": [ [ [ 69.273773002135044, 41.276886738850472 ], [ 69.273931162677187, 41.277025181729108 ] ] ] } },
{ "type": "Feature", "properties": { "Туман": "Миробод", "Кўча": "Абдурауф Фитрат кўча", "Тури": "Наземные", "Эни(м)": 3, "Узунл": 20 }, "geometry": { "type": "MultiLineString", "coordinates": [ [ [ 69.290217227730992, 41.26835126335066 ], [ 69.2903885760918, 41.268480447083498 ] ] ] } },
{ "type": "Feature", "properties": { "Туман": "Миробод", "Кўча": "Эски Сарикўл кўча", "Тури": "Наземные", "Эни(м)": 3, "Узунл": 20 }, "geometry": { "type": "MultiLineString", "coordinates": [ [ [ 69.302751179053544, 41.270598382515793 ], [ 69.302965004733437, 41.270673748765361 ] ] ] } },
{ "type": "Feature", "properties": { "Туман": "Миробод", "Кўча": "Мунис кўча", "Тури": "Наземные", "Эни(м)": 3, "Узунл": 20 }, "geometry": { "type": "MultiLineString", "coordinates": [ [ [ 69.322322586124315, 41.24695169828555 ], [ 69.322404067111563, 41.246782738988131 ] ] ] } },
{ "type": "Feature", "properties": { "Туман": "Миробод", "Кўча": "Сарикўл кўча", "Тури": "Наземные", "Эни(м)": 3, "Узунл": 20 }, "geometry": { "type": "MultiLineString", "coordinates": [ [ [ 69.283440900745347, 41.284760302207417 ], [ 69.283678930636327, 41.284784258481011 ] ] ] } },
{ "type": "Feature", "properties": { "Туман": "Миробод", "Кўча": "Меҳржон кўча", "Тури": "Наземные", "Эни(м)": 3, "Узунл": 20 }, "geometry": { "type": "MultiLineString", "coordinates": [ [ [ 69.295954853730265, 41.282049645310636 ], [ 69.296127238328395, 41.282172681850923 ] ] ] } },
{ "type": "Feature", "properties": { "Туман": "Миробод", "Кўча": "Ислом Каримов шоҳ кўча", "Тури": "Наземные", "Эни(м)": 3, "Узунл": 20 }, "geometry": { "type": "MultiLineString", "coordinates": [ [ [ 69.273778263562932, 41.308062266326253 ], [ 69.27371398245532, 41.307892539283991 ] ] ] } },
{ "type": "Feature", "properties": { "Туман": "Миробод", "Кўча": "Зарафшон кўча", "Тури": "Наземные", "Эни(м)": 3, "Узунл": 20 }, "geometry": { "type": "MultiLineString", "coordinates": [ [ [ 69.273722176291614, 41.311432386580137 ], [ 69.273953341335911, 41.311373548322386 ] ] ] } },
{ "type": "Feature", "properties": { "Туман": "Миробод", "Кўча": "Зарафшон кўча", "Тури": "Наземные", "Эни(м)": 3, "Узунл": 20 }, "geometry": { "type": "MultiLineString", "coordinates": [ [ [ 69.273722176291614, 41.311432386580137 ], [ 69.273953341335911, 41.311373548322386 ] ] ] } },
{ "type": "Feature", "properties": { "Туман": "Миробод", "Кўча": "Ҳайдар Алиев кўча", "Тури": "Наземные", "Эни(м)": 3, "Узунл": 20 }, "geometry": { "type": "MultiLineString", "coordinates": [ [ [ 69.282741311060377, 41.287105070197214 ], [ 69.282800214493818, 41.287088435983911 ], [ 69.282946827872337, 41.287015215014769 ] ] ] } },
{ "type": "Feature", "properties": { "Туман": "Миробод", "Кўча": "-", "Тури": "Наземные", "Эни(м)": 3, "Узунл": 21 }, "geometry": { "type": "MultiLineString", "coordinates": [ [ [ 69.281406699341929, 41.288396824390681 ], [ 69.28129615104389, 41.288226830612984 ] ] ] } },
{ "type": "Feature", "properties": { "Туман": "Миробод", "Кўча": "-", "Тури": "Наземные", "Эни(м)": 3, "Узунл": 21 }, "geometry": { "type": "MultiLineString", "coordinates": [ [ [ 69.288035039505473, 41.292697233762482 ], [ 69.288220667162363, 41.292822549631076 ] ] ] } },
{ "type": "Feature", "properties": { "Туман": "Миробод", "Кўча": "Ҳайдар Алиев кўча", "Тури": "Наземные", "Эни(м)": 3, "Узунл": 21 }, "geometry": { "type": "MultiLineString", "coordinates": [ [ [ 69.277863697517404, 41.281363631069183 ], [ 69.278067572225467, 41.281248862418614 ] ] ] } },
{ "type": "Feature", "properties": { "Туман": "Миробод", "Кўча": "Абу Сулаймон Банокатий кўча", "Тури": "Наземные", "Эни(м)": 3, "Узунл": 21 }, "geometry": { "type": "MultiLineString", "coordinates": [ [ [ 69.282876372235449, 41.272701307492575 ], [ 69.282953375645846, 41.272523951240274 ] ] ] } },
{ "type": "Feature", "properties": { "Туман": "Миробод", "Кўча": "Сарикўл кўча", "Тури": "Наземные", "Эни(м)": 3, "Узунл": 21 }, "geometry": { "type": "MultiLineString", "coordinates": [ [ [ 69.296214224402718, 41.268467139923636 ], [ 69.296446270490492, 41.26852866620959 ] ] ] } },
{ "type": "Feature", "properties": { "Туман": "Миробод", "Кўча": "Мунис кўча", "Тури": "Наземные", "Эни(м)": 3, "Узунл": 21 }, "geometry": { "type": "MultiLineString", "coordinates": [ [ [ 69.318628100587674, 41.245776261014093 ], [ 69.318543588676306, 41.245950594781576 ] ] ] } },
{ "type": "Feature", "properties": { "Туман": "Миробод", "Кўча": "Порлоқ кўча", "Тури": "Наземные", "Эни(м)": 3, "Узунл": 21 }, "geometry": { "type": "MultiLineString", "coordinates": [ [ [ 69.321844554414355, 41.237649421118604 ], [ 69.322067680831566, 41.237567115886968 ] ] ] } },
{ "type": "Feature", "properties": { "Туман": "Миробод", "Кўча": "Абдурауф Фитрат кўча", "Тури": "Наземные", "Эни(м)": 3, "Узунл": 21 }, "geometry": { "type": "MultiLineString", "coordinates": [ [ [ 69.285755846103527, 41.271530914685137 ], [ 69.285926224342006, 41.271670844793171 ] ] ] } },
{ "type": "Feature", "properties": { "Туман": "Миробод", "Кўча": "Содиқ Азимов кўча", "Тури": "Наземные", "Эни(м)": 3, "Узунл": 21 }, "geometry": { "type": "MultiLineString", "coordinates": [ [ [ 69.287522102329874, 41.303138477574009 ], [ 69.28768724484334, 41.302993110910364 ] ] ] } },
{ "type": "Feature", "properties": { "Туман": "Миробод", "Кўча": "Амир Темур шоҳ кўча", "Тури": "Наземные", "Эни(м)": 3, "Узунл": 21 }, "geometry": { "type": "MultiLineString", "coordinates": [ [ [ 69.278990213233129, 41.302960639197963 ], [ 69.279201213757858, 41.303070568826016 ] ] ] } },
{ "type": "Feature", "properties": { "Туман": "Миробод", "Кўча": "Зарафшон кўча", "Тури": "Наземные", "Эни(м)": 3, "Узунл": 21 }, "geometry": { "type": "MultiLineString", "coordinates": [ [ [ 69.272856057095197, 41.309485618209486 ], [ 69.273105198643478, 41.309470455290544 ] ] ] } },
{ "type": "Feature", "properties": { "Туман": "Миробод", "Кўча": "Зарафшон кўча", "Тури": "Наземные", "Эни(м)": 3, "Узунл": 21 }, "geometry": { "type": "MultiLineString", "coordinates": [ [ [ 69.272856057095197, 41.309485618209486 ], [ 69.273105198643478, 41.309470455290544 ] ] ] } },
{ "type": "Feature", "properties": { "Туман": "Миробод", "Кўча": "Тарас Шевченко кўча", "Тури": "Наземные", "Эни(м)": 3, "Узунл": 21 }, "geometry": { "type": "MultiLineString", "coordinates": [ [ [ 69.275875532923934, 41.302735759103228 ], [ 69.27611982486134, 41.302782724464741 ] ] ] } },
{ "type": "Feature", "properties": { "Туман": "Миробод", "Кўча": "Тарас Шевченко кўча", "Тури": "Наземные", "Эни(м)": 3, "Узунл": 21 }, "geometry": { "type": "MultiLineString", "coordinates": [ [ [ 69.279488146445757, 41.298215442782542 ], [ 69.279675791101553, 41.298336932646187 ] ] ] } },
{ "type": "Feature", "properties": { "Туман": "Миробод", "Кўча": "Сайхун кўча", "Тури": "Наземные", "Эни(м)": 3, "Узунл": 22 }, "geometry": { "type": "MultiLineString", "coordinates": [ [ [ 69.303229085333157, 41.282048163545888 ], [ 69.303437086681086, 41.282174930088821 ] ] ] } },
{ "type": "Feature", "properties": { "Туман": "Миробод", "Кўча": "Абдурауф Фитрат кўча", "Тури": "Наземные", "Эни(м)": 3, "Узунл": 22 }, "geometry": { "type": "MultiLineString", "coordinates": [ [ [ 69.301253389423863, 41.270069276338823 ], [ 69.301360306603144, 41.26988722771528 ] ] ] } },
{ "type": "Feature", "properties": { "Туман": "Миробод", "Кўча": "Таллимаржон кўча", "Тури": "Наземные", "Эни(м)": 3, "Узунл": 22 }, "geometry": { "type": "MultiLineString", "coordinates": [ [ [ 69.294381832046597, 41.272630280635155 ], [ 69.294505068718635, 41.272455099321839 ] ] ] } },
{ "type": "Feature", "properties": { "Туман": "Миробод", "Кўча": "Таллимаржон кўча", "Тури": "Наземные", "Эни(м)": 3, "Узунл": 22 }, "geometry": { "type": "MultiLineString", "coordinates": [ [ [ 69.294639457413055, 41.272725491194926 ], [ 69.294773900069828, 41.272555649615221 ] ] ] } },
{ "type": "Feature", "properties": { "Туман": "Миробод", "Кўча": "Сарикўл кўча", "Тури": "Наземные", "Эни(м)": 3, "Узунл": 22 }, "geometry": { "type": "MultiLineString", "coordinates": [ [ [ 69.293138073574241, 41.273888962204339 ], [ 69.293297363163163, 41.274045015650245 ] ] ] } },
{ "type": "Feature", "properties": { "Туман": "Миробод", "Кўча": "Янги Қўйлиқ-1 тор кўча", "Тури": "Наземные", "Эни(м)": 3, "Узунл": 22 }, "geometry": { "type": "MultiLineString", "coordinates": [ [ [ 69.312444322215285, 41.252525962534662 ], [ 69.312442355857414, 41.252326558467196 ] ] ] } },
{ "type": "Feature", "properties": { "Туман": "Миробод", "Кўча": "Ҳайдар Алиев кўча", "Тури": "Наземные", "Эни(м)": 3, "Узунл": 22 }, "geometry": { "type": "MultiLineString", "coordinates": [ [ [ 69.280441034179574, 41.284436324340916 ], [ 69.280667351632829, 41.284337602531899 ] ] ] } },
{ "type": "Feature", "properties": { "Туман": "Миробод", "Кўча": "Абу Сулаймон Банокатий кўча", "Тури": "Наземные", "Эни(м)": 3, "Узунл": 22 }, "geometry": { "type": "MultiLineString", "coordinates": [ [ [ 69.283666357338234, 41.273310053085069 ], [ 69.28387426651895, 41.273196031032796 ] ] ] } },
{ "type": "Feature", "properties": { "Туман": "Миробод", "Кўча": "Чимкент кўча", "Тури": "Наземные", "Эни(м)": 3, "Узунл": 22 }, "geometry": { "type": "MultiLineString", "coordinates": [ [ [ 69.269803057805419, 41.308748871002663 ], [ 69.270061186993374, 41.308693812095498 ] ] ] } },
{ "type": "Feature", "properties": { "Туман": "Миробод", "Кўча": "Ислом Каримов шоҳ кўча", "Тури": "Наземные", "Эни(м)": 3, "Узунл": 22 }, "geometry": { "type": "MultiLineString", "coordinates": [ [ [ 69.270335507396567, 41.308864965458532 ], [ 69.270259447029915, 41.308673406032369 ] ] ] } },
{ "type": "Feature", "properties": { "Туман": "Миробод", "Кўча": "Ислом Каримов шоҳ кўча", "Тури": "Наземные", "Эни(м)": 3, "Узунл": 22 }, "geometry": { "type": "MultiLineString", "coordinates": [ [ [ 69.277064453292908, 41.306335280106786 ], [ 69.27688483965936, 41.306193059136618 ] ] ] } },
{ "type": "Feature", "properties": { "Туман": "Миробод", "Кўча": "Ислом Каримов шоҳ кўча", "Тури": "Наземные", "Эни(м)": 3, "Узунл": 22 }, "geometry": { "type": "MultiLineString", "coordinates": [ [ [ 69.275241045821559, 41.307610494420132 ], [ 69.275116218524715, 41.307435160763198 ] ] ] } },
{ "type": "Feature", "properties": { "Туман": "Миробод", "Кўча": "Ислом Каримов шоҳ кўча", "Тури": "Наземные", "Эни(м)": 3, "Узунл": 22 }, "geometry": { "type": "MultiLineString", "coordinates": [ [ [ 69.274516982191713, 41.307885258427511 ], [ 69.274435834780505, 41.3076960147243 ] ] ] } },
{ "type": "Feature", "properties": { "Туман": "Миробод", "Кўча": "Амир Темур шоҳ кўча", "Тури": "Наземные", "Эни(м)": 3, "Узунл": 22 }, "geometry": { "type": "MultiLineString", "coordinates": [ [ [ 69.284210591178535, 41.298581604921139 ], [ 69.284008166279506, 41.298454406777211 ] ] ] } },
{ "type": "Feature", "properties": { "Туман": "Миробод", "Кўча": "Абдурауф Фитрат кўча", "Тури": "Наземные", "Эни(м)": 3, "Узунл": 23 }, "geometry": { "type": "MultiLineString", "coordinates": [ [ [ 69.299467760181102, 41.26950025094559 ], [ 69.299571579245935, 41.269306707663787 ] ] ] } },
{ "type": "Feature", "properties": { "Туман": "Миробод", "Кўча": "Меҳржон кўча", "Тури": "Наземные", "Эни(м)": 3, "Узунл": 23 }, "geometry": { "type": "MultiLineString", "coordinates": [ [ [ 69.288963491001098, 41.286479507638823 ], [ 69.288716051759792, 41.286398831238344 ] ] ] } },
{ "type": "Feature", "properties": { "Туман": "Миробод", "Кўча": "Абдурауф Фитрат кўча", "Тури": "Наземные", "Эни(м)": 3, "Узунл": 23 }, "geometry": { "type": "MultiLineString", "coordinates": [ [ [ 69.285107265104315, 41.271996531594169 ], [ 69.285294995013913, 41.272152525748254 ] ] ] } },
{ "type": "Feature", "properties": { "Туман": "Миробод", "Кўча": "Нукус кўча", "Тури": "Наземные", "Эни(м)": 3, "Узунл": 24 }, "geometry": { "type": "MultiLineString", "coordinates": [ [ [ 69.288554473508341, 41.29853551846238 ], [ 69.288740874159814, 41.29837092305938 ] ] ] } },
{ "type": "Feature", "properties": { "Туман": "Миробод", "Кўча": "Абдурауф Фитрат кўча", "Тури": "Наземные", "Эни(м)": 3, "Узунл": 24 }, "geometry": { "type": "MultiLineString", "coordinates": [ [ [ 69.287544557970847, 41.270384270426028 ], [ 69.287721160882896, 41.270552559769506 ] ] ] } },
{ "type": "Feature", "properties": { "Туман": "Миробод", "Кўча": "Абдурауф Фитрат кўча", "Тури": "Наземные", "Эни(м)": 3, "Узунл": 24 }, "geometry": { "type": "MultiLineString", "coordinates": [ [ [ 69.303050398242604, 41.270674290977304 ], [ 69.303164373988167, 41.270480717766723 ] ] ] } },
{ "type": "Feature", "properties": { "Туман": "Миробод", "Кўча": "8 март кўча", "Тури": "Наземные", "Эни(м)": 3, "Узунл": 24 }, "geometry": { "type": "MultiLineString", "coordinates": [ [ [ 69.296025241164614, 41.281876132406879 ], [ 69.296249333143038, 41.281742105715828 ] ] ] } },
{ "type": "Feature", "properties": { "Туман": "Миробод", "Кўча": "Водил кўча", "Тури": "Наземные", "Эни(м)": 3, "Узунл": 24 }, "geometry": { "type": "MultiLineString", "coordinates": [ [ [ 69.296354329470375, 41.28809490775398 ], [ 69.296526389901558, 41.287918065123591 ] ] ] } },
{ "type": "Feature", "properties": { "Туман": "Миробод", "Кўча": "Содиқ Азимов кўча", "Тури": "Наземные", "Эни(м)": 3, "Узунл": 24 }, "geometry": { "type": "MultiLineString", "coordinates": [ [ [ 69.28263260753485, 41.300085267109608 ], [ 69.282815978166994, 41.299921072246498 ] ] ] } },
{ "type": "Feature", "properties": { "Туман": "Миробод", "Кўча": "Янгизамон кўча", "Тури": "Наземные", "Эни(м)": 3, "Узунл": 25 }, "geometry": { "type": "MultiLineString", "coordinates": [ [ [ 69.296962149079476, 41.27738760347453 ], [ 69.297171879418201, 41.27722906934607 ] ] ] } },
{ "type": "Feature", "properties": { "Туман": "Миробод", "Кўча": "Абдурауф Фитрат кўча", "Тури": "Наземные", "Эни(м)": 3, "Узунл": 25 }, "geometry": { "type": "MultiLineString", "coordinates": [ [ [ 69.296182584240228, 41.268438843905756 ], [ 69.296297540963224, 41.268233770522158 ] ] ] } },
{ "type": "Feature", "properties": { "Туман": "Миробод", "Кўча": "Абдурауф Фитрат кўча", "Тури": "Наземные", "Эни(м)": 3, "Узунл": 25 }, "geometry": { "type": "MultiLineString", "coordinates": [ [ [ 69.288706935648889, 41.269564552113486 ], [ 69.288933244654018, 41.269708939293096 ] ] ] } },
{ "type": "Feature", "properties": { "Туман": "Миробод", "Кўча": "Абдурауф Фитрат кўча", "Тури": "Наземные", "Эни(м)": 3, "Узунл": 25 }, "geometry": { "type": "MultiLineString", "coordinates": [ [ [ 69.302747056180323, 41.270586122046794 ], [ 69.302877247733193, 41.270381769077375 ] ] ] } },
{ "type": "Feature", "properties": { "Туман": "Миробод", "Кўча": "Сарикўл кўча", "Тури": "Наземные", "Эни(м)": 3, "Узунл": 25 }, "geometry": { "type": "MultiLineString", "coordinates": [ [ [ 69.286546688717394, 41.277912136377161 ], [ 69.286731469636592, 41.27808654229851 ] ] ] } },
{ "type": "Feature", "properties": { "Туман": "Миробод", "Кўча": "Абу Сулаймон Банокатий кўча", "Тури": "Наземные", "Эни(м)": 3, "Узунл": 25 }, "geometry": { "type": "MultiLineString", "coordinates": [ [ [ 69.287533144829823, 41.277281923303192 ], [ 69.287770985273383, 41.277152863884346 ] ] ] } },
{ "type": "Feature", "properties": { "Туман": "Миробод", "Кўча": "Абу Сулаймон Банокатий кўча", "Тури": "Наземные", "Эни(м)": 3, "Узунл": 25 }, "geometry": { "type": "MultiLineString", "coordinates": [ [ [ 69.28771904595699, 41.277479717022253 ], [ 69.287932357332551, 41.27732119076164 ] ] ] } },
{ "type": "Feature", "properties": { "Туман": "Миробод", "Кўча": "Амир Темур шоҳ кўча", "Тури": "Наземные", "Эни(м)": 3, "Узунл": 25 }, "geometry": { "type": "MultiLineString", "coordinates": [ [ [ 69.286275653702603, 41.296734265747105 ], [ 69.286057365599888, 41.296583718527671 ] ] ] } },
{ "type": "Feature", "properties": { "Туман": "Миробод", "Кўча": "Ойбек кўча", "Тури": "Наземные", "Эни(м)": 3, "Узунл": 25 }, "geometry": { "type": "MultiLineString", "coordinates": [ [ [ 69.28400372280494, 41.291451362263231 ], [ 69.283980367176525, 41.29122440140177 ] ] ] } },
{ "type": "Feature", "properties": { "Туман": "Миробод", "Кўча": "Тарас Шевченко кўча", "Тури": "Наземные", "Эни(м)": 3, "Узунл": 25 }, "geometry": { "type": "MultiLineString", "coordinates": [ [ [ 69.276512870101669, 41.300724813080635 ], [ 69.276737232874268, 41.300870761974664 ] ] ] } },
{ "type": "Feature", "properties": { "Туман": "Миробод", "Кўча": "Нукус кўча", "Тури": "Наземные", "Эни(м)": 3, "Узунл": 25 }, "geometry": { "type": "MultiLineString", "coordinates": [ [ [ 69.277186260415917, 41.29138438127729 ], [ 69.277390979616925, 41.291221293841573 ] ] ] } },
{ "type": "Feature", "properties": { "Туман": "Миробод", "Кўча": "Таллимаржон кўча", "Тури": "Наземные", "Эни(м)": 3, "Узунл": 26 }, "geometry": { "type": "MultiLineString", "coordinates": [ [ [ 69.300041145102853, 41.275063029045761 ], [ 69.300207983593936, 41.274865486334036 ] ] ] } },
{ "type": "Feature", "properties": { "Туман": "Миробод", "Кўча": "Абдурауф Фитрат кўча", "Тури": "Наземные", "Эни(м)": 3, "Узунл": 26 }, "geometry": { "type": "MultiLineString", "coordinates": [ [ [ 69.294152637950646, 41.26777142660584 ], [ 69.2942777338844, 41.267559426689282 ] ] ] } },
{ "type": "Feature", "properties": { "Туман": "Миробод", "Кўча": "Абдурауф Фитрат кўча", "Тури": "Наземные", "Эни(м)": 3, "Узунл": 26 }, "geometry": { "type": "MultiLineString", "coordinates": [ [ [ 69.306505978698951, 41.271824014896701 ], [ 69.306634063220741, 41.27160585811842 ] ] ] } },
{ "type": "Feature", "properties": { "Туман": "Миробод", "Кўча": "Янгизамон кўча", "Тури": "Наземные", "Эни(м)": 3, "Узунл": 26 }, "geometry": { "type": "MultiLineString", "coordinates": [ [ [ 69.292811692065683, 41.274105307559935 ], [ 69.293034610377916, 41.273940611683685 ] ] ] } },
{ "type": "Feature", "properties": { "Туман": "Миробод", "Кўча": "Содиқ Азимов кўча", "Тури": "Наземные", "Эни(м)": 3, "Узунл": 26 }, "geometry": { "type": "MultiLineString", "coordinates": [ [ [ 69.286192398497533, 41.302348761957717 ], [ 69.286388919184574, 41.302168806242172 ] ] ] } },
{ "type": "Feature", "properties": { "Туман": "Миробод", "Кўча": "Амир Темур шоҳ кўча", "Тури": "Наземные", "Эни(м)": 3, "Узунл": 26 }, "geometry": { "type": "MultiLineString", "coordinates": [ [ [ 69.279351847076057, 41.302619235115095 ], [ 69.279585397383556, 41.302770141297671 ] ] ] } },
{ "type": "Feature", "properties": { "Туман": "Миробод", "Кўча": "Нукус кўча", "Тури": "Наземные", "Эни(м)": 3, "Узунл": 26 }, "geometry": { "type": "MultiLineString", "coordinates": [ [ [ 69.285720945867567, 41.296744847316305 ], [ 69.285924583172616, 41.296567942380399 ] ] ] } },
{ "type": "Feature", "properties": { "Туман": "Миробод", "Кўча": "Амир Темур шоҳ кўча", "Тури": "Наземные", "Эни(м)": 3, "Узунл": 26 }, "geometry": { "type": "MultiLineString", "coordinates": [ [ [ 69.285984435391697, 41.296999588567836 ], [ 69.285740733232714, 41.296851404749091 ] ] ] } },
{ "type": "Feature", "properties": { "Туман": "Миробод", "Кўча": "Нукус кўча", "Тури": "Наземные", "Эни(м)": 3, "Узунл": 26 }, "geometry": { "type": "MultiLineString", "coordinates": [ [ [ 69.28608809801753, 41.296983991921124 ], [ 69.286291718299083, 41.296803251617767 ] ] ] } },
{ "type": "Feature", "properties": { "Туман": "Миробод", "Кўча": "Амир Темур шоҳ кўча", "Тури": "Наземные", "Эни(м)": 3, "Узунл": 26 }, "geometry": { "type": "MultiLineString", "coordinates": [ [ [ 69.284611647497371, 41.297845872697863 ], [ 69.284858401747556, 41.297994051328025 ] ] ] } },
{ "type": "Feature", "properties": { "Туман": "Миробод", "Кўча": "Тарас Шевченко кўча", "Тури": "Наземные", "Эни(м)": 3, "Узунл": 26 }, "geometry": { "type": "MultiLineString", "coordinates": [ [ [ 69.28300974712154, 41.295104511507375 ], [ 69.283250402405443, 41.295256543428124 ] ] ] } },
{ "type": "Feature", "properties": { "Туман": "Миробод", "Кўча": "Нукус кўча", "Тури": "Наземные", "Эни(м)": 3, "Узунл": 26 }, "geometry": { "type": "MultiLineString", "coordinates": [ [ [ 69.283004377401525, 41.295038566679104 ], [ 69.283203932509153, 41.294857841768298 ] ] ] } },
{ "type": "Feature", "properties": { "Туман": "Миробод", "Кўча": "Нукус кўча", "Тури": "Наземные", "Эни(м)": 3, "Узунл": 27 }, "geometry": { "type": "MultiLineString", "coordinates": [ [ [ 69.290164922824815, 41.299577594587362 ], [ 69.290355257683999, 41.299383075509738 ] ] ] } },
{ "type": "Feature", "properties": { "Туман": "Миробод", "Кўча": "Абдурауф Фитрат кўча", "Тури": "Наземные", "Эни(м)": 3, "Узунл": 27 }, "geometry": { "type": "MultiLineString", "coordinates": [ [ [ 69.299933082750286, 41.269667003248365 ], [ 69.300047945574491, 41.26944351944568 ] ] ] } },
{ "type": "Feature", "properties": { "Туман": "Миробод", "Кўча": "Афросиёб кўча", "Тури": "Наземные", "Эни(м)": 3, "Узунл": 27 }, "geometry": { "type": "MultiLineString", "coordinates": [ [ [ 69.267356616009792, 41.304219589344775 ], [ 69.267258031488524, 41.303988198538065 ] ] ] } },
{ "type": "Feature", "properties": { "Туман": "Миробод", "Кўча": "Абдурауф Фитрат кўча", "Тури": "Наземные", "Эни(м)": 3, "Узунл": 27 }, "geometry": { "type": "MultiLineString", "coordinates": [ [ [ 69.306322710247628, 41.271763146123938 ], [ 69.306452810450992, 41.271541149397741 ] ] ] } },
{ "type": "Feature", "properties": { "Туман": "Миробод", "Кўча": "Сарикўл кўча", "Тури": "Наземные", "Эни(м)": 3, "Узунл": 27 }, "geometry": { "type": "MultiLineString", "coordinates": [ [ [ 69.287515870174886, 41.277283883836361 ], [ 69.287707342646513, 41.277477061923555 ] ] ] } },
{ "type": "Feature", "properties": { "Туман": "Миробод", "Кўча": "Янги Қўйлиқ кўча", "Тури": "Наземные", "Эни(м)": 3, "Узунл": 27 }, "geometry": { "type": "MultiLineString", "coordinates": [ [ [ 69.308971306142368, 41.252658048083866 ], [ 69.30897218954145, 41.252414152667797 ] ] ] } },
{ "type": "Feature", "properties": { "Туман": "Миробод", "Кўча": "Хонободтепа шоҳкўчаси", "Тури": "Наземные", "Эни(м)": 3, "Узунл": 27 }, "geometry": { "type": "MultiLineString", "coordinates": [ [ [ 69.31031122195067, 41.244378565114317 ], [ 69.310300912075107, 41.24413239862551 ] ] ] } },
{ "type": "Feature", "properties": { "Туман": "Миробод", "Кўча": "Меҳржон кўча", "Тури": "Наземные", "Эни(м)": 3, "Узунл": 27 }, "geometry": { "type": "MultiLineString", "coordinates": [ [ [ 69.288651653626829, 41.286783237135218 ], [ 69.288520516901158, 41.286559615036154 ] ] ] } },
{ "type": "Feature", "properties": { "Туман": "Миробод", "Кўча": "Амир Темур шоҳ кўча", "Тури": "Наземные", "Эни(м)": 3, "Узунл": 27 }, "geometry": { "type": "MultiLineString", "coordinates": [ [ [ 69.278942730976055, 41.308166827595436 ], [ 69.279243451750574, 41.308084034604448 ] ] ] } },
{ "type": "Feature", "properties": { "Туман": "Миробод", "Кўча": "Абдурауф Фитрат кўча", "Тури": "Наземные", "Эни(м)": 3, "Узунл": 28 }, "geometry": { "type": "MultiLineString", "coordinates": [ [ [ 69.29648692760135, 41.268527794558906 ], [ 69.296622085319626, 41.26829429141231 ] ] ] } },
{ "type": "Feature", "properties": { "Туман": "Миробод", "Кўча": "Хонободтепа шоҳкўчаси", "Тури": "Наземные", "Эни(м)": 3, "Узунл": 28 }, "geometry": { "type": "MultiLineString", "coordinates": [ [ [ 69.317937560987787, 41.240629564542779 ], [ 69.318194424102913, 41.240796052453121 ] ] ] } },
{ "type": "Feature", "properties": { "Туман": "Миробод", "Кўча": "Меҳржон кўча", "Тури": "Наземные", "Эни(м)": 3, "Узунл": 28 }, "geometry": { "type": "MultiLineString", "coordinates": [ [ [ 69.287386662187131, 41.287460171806607 ], [ 69.287204728479139, 41.287245878487859 ] ] ] } },
{ "type": "Feature", "properties": { "Туман": "Миробод", "Кўча": "Амир Темур шоҳ кўча", "Тури": "Наземные", "Эни(м)": 3, "Узунл": 28 }, "geometry": { "type": "MultiLineString", "coordinates": [ [ [ 69.278280747505903, 41.305098319675743 ], [ 69.278603951651803, 41.305043851209881 ] ] ] } },
{ "type": "Feature", "properties": { "Туман": "Миробод", "Кўча": "Туркистон кўча", "Тури": "Наземные", "Эни(м)": 3, "Узунл": 28 }, "geometry": { "type": "MultiLineString", "coordinates": [ [ [ 69.284513202002856, 41.291456239867905 ], [ 69.284584343328277, 41.291212939505648 ] ] ] } },
{ "type": "Feature", "properties": { "Туман": "Миробод", "Кўча": "Тарас Шевченко кўча", "Тури": "Наземные", "Эни(м)": 3, "Узунл": 28 }, "geometry": { "type": "MultiLineString", "coordinates": [ [ [ 69.275706678199967, 41.303213208312137 ], [ 69.276035956529441, 41.303153747302332 ] ] ] } },
{ "type": "Feature", "properties": { "Туман": "Миробод", "Кўча": "Миробод кўча", "Тури": "Наземные", "Эни(м)": 3, "Узунл": 29 }, "geometry": { "type": "MultiLineString", "coordinates": [ [ [ 69.271706628655053, 41.292201979905606 ], [ 69.271986902504821, 41.29235317500703 ] ] ] } },
{ "type": "Feature", "properties": { "Туман": "Миробод", "Кўча": "Миробод кўча", "Тури": "Наземные", "Эни(м)": 3, "Узунл": 29 }, "geometry": { "type": "MultiLineString", "coordinates": [ [ [ 69.271706628655053, 41.292201979905606 ], [ 69.271986902504821, 41.29235317500703 ] ] ] } },
{ "type": "Feature", "properties": { "Туман": "Миробод", "Кўча": "Эски Сарикўл кўча", "Тури": "Наземные", "Эни(м)": 3, "Узунл": 29 }, "geometry": { "type": "MultiLineString", "coordinates": [ [ [ 69.296941143509102, 41.277463586304918 ], [ 69.297191547637837, 41.277642791366723 ] ] ] } },
{ "type": "Feature", "properties": { "Туман": "Миробод", "Кўча": "Янги Қўйлиқ кўча", "Тури": "Наземные", "Эни(м)": 3, "Узунл": 29 }, "geometry": { "type": "MultiLineString", "coordinates": [ [ [ 69.315282353567966, 41.254338220119628 ], [ 69.315421465662624, 41.254101615741433 ] ] ] } },
{ "type": "Feature", "properties": { "Туман": "Миробод", "Кўча": "Эски Сарикўл кўча", "Тури": "Наземные", "Эни(м)": 3, "Узунл": 29 }, "geometry": { "type": "MultiLineString", "coordinates": [ [ [ 69.294067919371457, 41.280039688306793 ], [ 69.293803849416577, 41.279873933128236 ] ] ] } },
{ "type": "Feature", "properties": { "Туман": "Миробод", "Кўча": "Амир Темур шоҳ кўча", "Тури": "Наземные", "Эни(м)": 3, "Узунл": 29 }, "geometry": { "type": "MultiLineString", "coordinates": [ [ [ 69.282488048272157, 41.300169986790664 ], [ 69.282218362237657, 41.30001112201542 ] ] ] } },
{ "type": "Feature", "properties": { "Туман": "Миробод", "Кўча": "Туркистон кўча", "Тури": "Наземные", "Эни(м)": 3, "Узунл": 29 }, "geometry": { "type": "MultiLineString", "coordinates": [ [ [ 69.289297056940441, 41.294318094249931 ], [ 69.289307097664334, 41.294058838601387 ] ] ] } },
{ "type": "Feature", "properties": { "Туман": "Миробод", "Кўча": "Бухоро кўча", "Тури": "Наземные", "Эни(м)": 3, "Узунл": 29 }, "geometry": { "type": "MultiLineString", "coordinates": [ [ [ 69.269822899331089, 41.310477534305001 ], [ 69.26972929703085, 41.310225426498889 ] ] ] } },
{ "type": "Feature", "properties": { "Туман": "Миробод", "Кўча": "Якуб Колас кўча", "Тури": "Наземные", "Эни(м)": 3, "Узунл": 29 }, "geometry": { "type": "MultiLineString", "coordinates": [ [ [ 69.276070256569568, 41.3030873236292 ], [ 69.276131203269358, 41.302827947389673 ] ] ] } },
{ "type": "Feature", "properties": { "Туман": "Миробод", "Кўча": "Нукус кўча", "Тури": "Наземные", "Эни(м)": 3, "Узунл": 30 }, "geometry": { "type": "MultiLineString", "coordinates": [ [ [ 69.271088591333026, 41.286977024412657 ], [ 69.271327718062466, 41.286773984943963 ] ] ] } },
{ "type": "Feature", "properties": { "Туман": "Миробод", "Кўча": "Нукус кўча", "Тури": "Наземные", "Эни(м)": 3, "Узунл": 30 }, "geometry": { "type": "MultiLineString", "coordinates": [ [ [ 69.290540848939443, 41.299953220387373 ], [ 69.290836094878699, 41.299794482490412 ] ] ] } },
{ "type": "Feature", "properties": { "Туман": "Миробод", "Кўча": "Хонободтепа шоҳкўчаси", "Тури": "Наземные", "Эни(м)": 3, "Узунл": 30 }, "geometry": { "type": "MultiLineString", "coordinates": [ [ [ 69.309883474576637, 41.244389687581588 ], [ 69.309880163309344, 41.244118959486855 ] ] ] } },
{ "type": "Feature", "properties": { "Туман": "Миробод", "Кўча": "Амир Темур шоҳ кўча", "Тури": "Наземные", "Эни(м)": 3, "Узунл": 30 }, "geometry": { "type": "MultiLineString", "coordinates": [ [ [ 69.282437199729998, 41.29981692962162 ], [ 69.282786347594751, 41.299889316482094 ] ] ] } },
{ "type": "Feature", "properties": { "Туман": "Миробод", "Кўча": "Ҳайдар Алиев кўча", "Тури": "Наземные", "Эни(м)": 3, "Узунл": 30 }, "geometry": { "type": "MultiLineString", "coordinates": [ [ [ 69.282197026325278, 41.288689975592398 ], [ 69.282444777200425, 41.288842758946693 ], [ 69.282479379226487, 41.288849576638675 ] ] ] } },
{ "type": "Feature", "properties": { "Туман": "Миробод", "Кўча": "Ойбек кўча", "Тури": "Наземные", "Эни(м)": 3, "Узунл": 30 }, "geometry": { "type": "MultiLineString", "coordinates": [ [ [ 69.276220176540491, 41.295833119660749 ], [ 69.276497516198987, 41.296005785411872 ] ] ] } },
{ "type": "Feature", "properties": { "Туман": "Миробод", "Кўча": "8 март кўча", "Тури": "Наземные", "Эни(м)": 3, "Узунл": 31 }, "geometry": { "type": "MultiLineString", "coordinates": [ [ [ 69.299898266828009, 41.28515922231405 ], [ 69.300128072573756, 41.284940041254622 ] ] ] } },
{ "type": "Feature", "properties": { "Туман": "Миробод", "Кўча": "Нукус кўча", "Тури": "Наземные", "Эни(м)": 3, "Узунл": 31 }, "geometry": { "type": "MultiLineString", "coordinates": [ [ [ 69.265907724142963, 41.284547122320127 ], [ 69.266095870479646, 41.28430739751014 ] ] ] } },
{ "type": "Feature", "properties": { "Туман": "Миробод", "Кўча": "Нукус кўча", "Тури": "Наземные", "Эни(м)": 3, "Узунл": 31 }, "geometry": { "type": "MultiLineString", "coordinates": [ [ [ 69.274869219103792, 41.289791220310384 ], [ 69.275077729473338, 41.289562169792653 ] ] ] } },
{ "type": "Feature", "properties": { "Туман": "Миробод", "Кўча": "Янги Қўйлиқ кўча", "Тури": "Наземные", "Эни(м)": 3, "Узунл": 31 }, "geometry": { "type": "MultiLineString", "coordinates": [ [ [ 69.317892226943229, 41.255176616109644 ], [ 69.318040370196073, 41.254917741866144 ] ] ] } },
{ "type": "Feature", "properties": { "Туман": "Миробод", "Кўча": "Шаҳрисабз кўча", "Тури": "Наземные", "Эни(м)": 3, "Узунл": 31 }, "geometry": { "type": "MultiLineString", "coordinates": [ [ [ 69.279469642520127, 41.303171922175693 ], [ 69.27970214860666, 41.302958911545744 ] ] ] } },
{ "type": "Feature", "properties": { "Туман": "Миробод", "Кўча": "Шаҳрисабз кўча", "Тури": "Наземные", "Эни(м)": 3, "Узунл": 31 }, "geometry": { "type": "MultiLineString", "coordinates": [ [ [ 69.279024387577323, 41.302865454218406 ], [ 69.279241087293713, 41.302642512433003 ] ] ] } },
{ "type": "Feature", "properties": { "Туман": "Миробод", "Кўча": "Амир Темур берк кўча", "Тури": "Наземные", "Эни(м)": 3, "Узунл": 31 }, "geometry": { "type": "MultiLineString", "coordinates": [ [ [ 69.27871072197766, 41.305396390902729 ], [ 69.27867700941367, 41.305122670477679 ] ] ] } },
{ "type": "Feature", "properties": { "Туман": "Миробод", "Кўча": "Амир Темур шоҳ кўча", "Тури": "Наземные", "Эни(м)": 3, "Узунл": 31 }, "geometry": { "type": "MultiLineString", "coordinates": [ [ [ 69.288629750796289, 41.294272218147071 ], [ 69.288929444562541, 41.294434827524618 ] ] ] } },
{ "type": "Feature", "properties": { "Туман": "Миробод", "Кўча": "Нукус кўча", "Тури": "Наземные", "Эни(м)": 3, "Узунл": 31 }, "geometry": { "type": "MultiLineString", "coordinates": [ [ [ 69.283270750970061, 41.295258794219464 ], [ 69.283504728797055, 41.295042704208861 ] ] ] } },
{ "type": "Feature", "properties": { "Туман": "Миробод", "Кўча": "Янгизамон кўча", "Тури": "Наземные", "Эни(м)": 3, "Узунл": 32 }, "geometry": { "type": "MultiLineString", "coordinates": [ [ [ 69.293024816821358, 41.274251254008185 ], [ 69.293307570363055, 41.274054193124755 ] ] ] } },
{ "type": "Feature", "properties": { "Туман": "Миробод", "Кўча": "Янги Қўйлиқ кўча", "Тури": "Наземные", "Эни(м)": 3, "Узунл": 32 }, "geometry": { "type": "MultiLineString", "coordinates": [ [ [ 69.312367310074492, 41.253426581557726 ], [ 69.312518494511366, 41.25316233736087 ] ] ] } },
{ "type": "Feature", "properties": { "Туман": "Миробод", "Кўча": "Хонободтепа шоҳкўчаси", "Тури": "Наземные", "Эни(м)": 3, "Узунл": 32 }, "geometry": { "type": "MultiLineString", "coordinates": [ [ [ 69.301899647871608, 41.244407062704227 ], [ 69.301882051879218, 41.244116430834616 ] ] ] } },
{ "type": "Feature", "properties": { "Туман": "Миробод", "Кўча": "Шаҳрисабз кўча", "Тури": "Наземные", "Эни(м)": 3, "Узунл": 32 }, "geometry": { "type": "MultiLineString", "coordinates": [ [ [ 69.276570672524443, 41.301286850838004 ], [ 69.276644529644329, 41.301195405953294 ], [ 69.276679924489372, 41.301147769796309 ], [ 69.276743484642068, 41.301026438424223 ] ] ] } },
{ "type": "Feature", "properties": { "Туман": "Миробод", "Кўча": "Ойбек кўча", "Тури": "Наземные", "Эни(м)": 3, "Узунл": 32 }, "geometry": { "type": "MultiLineString", "coordinates": [ [ [ 69.279700948745813, 41.292560942402396 ], [ 69.279974314436146, 41.292756618159096 ] ] ] } },
{ "type": "Feature", "properties": { "Туман": "Миробод", "Кўча": "Мунис кўча", "Тури": "Наземные", "Эни(м)": 3, "Узунл": 33 }, "geometry": { "type": "MultiLineString", "coordinates": [ [ [ 69.324896983495691, 41.247644697176 ], [ 69.324921147837742, 41.247599378362708 ], [ 69.324934147176123, 41.247351613669849 ] ] ] } },
{ "type": "Feature", "properties": { "Туман": "Миробод", "Кўча": "Шаҳрисабз кўча", "Тури": "Наземные", "Эни(м)": 3, "Узунл": 33 }, "geometry": { "type": "MultiLineString", "coordinates": [ [ [ 69.276214180351914, 41.301040747893069 ], [ 69.276403268755359, 41.300781063875888 ] ] ] } },
{ "type": "Feature", "properties": { "Туман": "Миробод", "Кўча": "Нукус кўча", "Тури": "Наземные", "Эни(м)": 3, "Узунл": 34 }, "geometry": { "type": "MultiLineString", "coordinates": [ [ [ 69.276811260882184, 41.291198146724398 ], [ 69.277170599181417, 41.291047726006958 ] ] ] } },
{ "type": "Feature", "properties": { "Туман": "Миробод", "Кўча": "Ойбек кўча", "Тури": "Наземные", "Эни(м)": 3, "Узунл": 34 }, "geometry": { "type": "MultiLineString", "coordinates": [ [ [ 69.282448390761431, 41.291566780665867 ], [ 69.282356586131883, 41.291264825871295 ] ] ] } },
{ "type": "Feature", "properties": { "Туман": "Миробод", "Кўча": "Нукус кўча", "Тури": "Наземные", "Эни(м)": 3, "Узунл": 34 }, "geometry": { "type": "MultiLineString", "coordinates": [ [ [ 69.27442557326394, 41.289477827336832 ], [ 69.274727765199728, 41.289279999224817 ] ] ] } },
{ "type": "Feature", "properties": { "Туман": "Миробод", "Кўча": "Тарас Шевченко кўча", "Тури": "Наземные", "Эни(м)": 3, "Узунл": 34 }, "geometry": { "type": "MultiLineString", "coordinates": [ [ [ 69.276318317909784, 41.301135600153437 ], [ 69.276622236447793, 41.301335044982793 ] ] ] } },
{ "type": "Feature", "properties": { "Туман": "Миробод", "Кўча": "Янгизамон кўча", "Тури": "Наземные", "Эни(м)": 3, "Узунл": 35 }, "geometry": { "type": "MultiLineString", "coordinates": [ [ [ 69.287366139224972, 41.270844890130078 ], [ 69.28764161107209, 41.27060951336648 ] ] ] } },
{ "type": "Feature", "properties": { "Туман": "Миробод", "Кўча": "Хонободтепа шоҳкўчаси", "Тури": "Наземные", "Эни(м)": 3, "Узунл": 36 }, "geometry": { "type": "MultiLineString", "coordinates": [ [ [ 69.322140699587223, 41.237539301028569 ], [ 69.322333160438404, 41.237833275496278 ] ] ] } },
{ "type": "Feature", "properties": { "Туман": "Миробод", "Кўча": "Порлоқ кўча", "Тури": "Наземные", "Эни(м)": 3, "Узунл": 36 }, "geometry": { "type": "MultiLineString", "coordinates": [ [ [ 69.322140699587223, 41.237539301028569 ], [ 69.322333160438404, 41.237833275496278 ] ] ] } },
{ "type": "Feature", "properties": { "Туман": "Миробод", "Кўча": "Хонободтепа шоҳкўчаси", "Тури": "Наземные", "Эни(м)": 3, "Узунл": 36 }, "geometry": { "type": "MultiLineString", "coordinates": [ [ [ 69.321922926368572, 41.237987815360491 ], [ 69.321704140257481, 41.237712320832614 ] ] ] } },
{ "type": "Feature", "properties": { "Туман": "Миробод", "Кўча": "Амир Темур шоҳ кўча", "Тури": "Наземные", "Эни(м)": 3, "Узунл": 36 }, "geometry": { "type": "MultiLineString", "coordinates": [ [ [ 69.279063870742576, 41.30890587577246 ], [ 69.279488758088519, 41.308839654008416 ] ] ] } },
{ "type": "Feature", "properties": { "Туман": "Миробод", "Кўча": "Нукус кўча", "Тури": "Наземные", "Эни(м)": 3, "Узунл": 36 }, "geometry": { "type": "MultiLineString", "coordinates": [ [ [ 69.279164829134132, 41.292749380567777 ], [ 69.279438329560392, 41.292500223844499 ] ] ] } },
{ "type": "Feature", "properties": { "Туман": "Миробод", "Кўча": "Миробод кўча", "Тури": "Наземные", "Эни(м)": 3, "Узунл": 37 }, "geometry": { "type": "MultiLineString", "coordinates": [ [ [ 69.274375065355187, 41.289557711009891 ], [ 69.274697368845779, 41.28979086354866 ] ] ] } },
{ "type": "Feature", "properties": { "Туман": "Миробод", "Кўча": "Миробод кўча", "Тури": "Наземные", "Эни(м)": 3, "Узунл": 37 }, "geometry": { "type": "MultiLineString", "coordinates": [ [ [ 69.274375065355187, 41.289557711009891 ], [ 69.274697368845779, 41.28979086354866 ] ] ] } },
{ "type": "Feature", "properties": { "Туман": "Миробод", "Кўча": "Фарғона йўли кўча", "Тури": "Наземные", "Эни(м)": 3, "Узунл": 37 }, "geometry": { "type": "MultiLineString", "coordinates": [ [ [ 69.310409557336243, 41.273095140792051 ], [ 69.310826851538906, 41.273198321012657 ] ] ] } },
{ "type": "Feature", "properties": { "Туман": "Миробод", "Кўча": "Фарғона йўли кўча", "Тури": "Наземные", "Эни(м)": 3, "Узунл": 37 }, "geometry": { "type": "MultiLineString", "coordinates": [ [ [ 69.310409557336243, 41.273095140792051 ], [ 69.310826851538906, 41.273198321012657 ] ] ] } },
{ "type": "Feature", "properties": { "Туман": "Миробод", "Кўча": "Шаҳрисабз кўча", "Тури": "Подземные", "Эни(м)": 4, "Узунл": 39 }, "geometry": { "type": "MultiLineString", "coordinates": [ [ [ 69.274948734575887, 41.300252665157402 ], [ 69.275248637354565, 41.299982747877529 ] ] ] } },
{ "type": "Feature", "properties": { "Туман": "Миробод", "Кўча": "Кичик ҳалқа йўли кўча", "Тури": "Наземные", "Эни(м)": 3, "Узунл": 39 }, "geometry": { "type": "MultiLineString", "coordinates": [ [ [ 69.281771704341253, 41.288860514386499 ], [ 69.282177723103061, 41.288693857682382 ] ] ] } },
{ "type": "Feature", "properties": { "Туман": "Миробод", "Кўча": "Нукус кўча", "Тури": "Наземные", "Эни(м)": 3, "Узунл": 39 }, "geometry": { "type": "MultiLineString", "coordinates": [ [ [ 69.27976043717382, 41.293155954271775 ], [ 69.280054156819546, 41.292879136615909 ] ] ] } },
{ "type": "Feature", "properties": { "Туман": "Миробод", "Кўча": "Миробод кўча", "Тури": "Наземные", "Эни(м)": 3, "Узунл": 42 }, "geometry": { "type": "MultiLineString", "coordinates": [ [ [ 69.273959933713826, 41.290590445313022 ], [ 69.273571491643182, 41.290347477524655 ] ] ] } },
{ "type": "Feature", "properties": { "Туман": "Миробод", "Кўча": "Миробод кўча", "Тури": "Наземные", "Эни(м)": 3, "Узунл": 42 }, "geometry": { "type": "MultiLineString", "coordinates": [ [ [ 69.273959933713826, 41.290590445313022 ], [ 69.273571491643182, 41.290347477524655 ] ] ] } },
{ "type": "Feature", "properties": { "Туман": "Миробод", "Кўча": "Якуб Колас кўча", "Тури": "Наземные", "Эни(м)": 3, "Узунл": 42 }, "geometry": { "type": "MultiLineString", "coordinates": [ [ [ 69.275684112421658, 41.303168012141157 ], [ 69.275799506417641, 41.302795763602532 ] ] ] } },
{ "type": "Feature", "properties": { "Туман": "Миробод", "Кўча": "Янги Қўйлиқ кўча", "Тури": "Наземные", "Эни(м)": 3, "Узунл": 44 }, "geometry": { "type": "MultiLineString", "coordinates": [ [ [ 69.32005071743535, 41.25597440911865 ], [ 69.320172364705698, 41.255910413336039 ], [ 69.320313637416831, 41.255702941547156 ], [ 69.320313397629093, 41.255653856855311 ] ] ] } },
{ "type": "Feature", "properties": { "Туман": "Миробод", "Кўча": "Тарас Шевченко кўча", "Тури": "Наземные", "Эни(м)": 3, "Узунл": 44 }, "geometry": { "type": "MultiLineString", "coordinates": [ [ [ 69.274506210010273, 41.307499507150787 ], [ 69.275018504061805, 41.307418521309685 ] ] ] } },
{ "type": "Feature", "properties": { "Туман": "Миробод", "Кўча": "Кичик ҳалқа йўли кўча", "Тури": "Подземные", "Эни(м)": 4, "Узунл": 46 }, "geometry": { "type": "MultiLineString", "coordinates": [ [ [ 69.27638304588227, 41.282497687841825 ], [ 69.276836566144027, 41.282269579314708 ] ] ] } },
{ "type": "Feature", "properties": { "Туман": "Миробод", "Кўча": "Ислом Каримов шоҳ кўча", "Тури": "Подземные", "Эни(м)": 4, "Узунл": 46 }, "geometry": { "type": "MultiLineString", "coordinates": [ [ [ 69.268756482476306, 41.309014383838381 ], [ 69.269278751459723, 41.309128206089532 ] ] ] } },
{ "type": "Feature", "properties": { "Туман": "Миробод", "Кўча": "Ислом Каримов шоҳ кўча", "Тури": "Подземные", "Эни(м)": 4, "Узунл": 46 }, "geometry": { "type": "MultiLineString", "coordinates": [ [ [ 69.26884191372568, 41.309259609007889 ], [ 69.269157882748218, 41.308922945616068 ] ] ] } },
{ "type": "Feature", "properties": { "Туман": "Миробод", "Кўча": "Буюк Турон кўча", "Тури": "Подземные", "Эни(м)": 4, "Узунл": 46 }, "geometry": { "type": "MultiLineString", "coordinates": [ [ [ 69.268756482476306, 41.309014383838381 ], [ 69.269278751459723, 41.309128206089532 ] ] ] } },
{ "type": "Feature", "properties": { "Туман": "Миробод", "Кўча": "Буюк Турон кўча", "Тури": "Подземные", "Эни(м)": 4, "Узунл": 46 }, "geometry": { "type": "MultiLineString", "coordinates": [ [ [ 69.26884191372568, 41.309259609007889 ], [ 69.269157882748218, 41.308922945616068 ] ] ] } },
{ "type": "Feature", "properties": { "Туман": "Миробод", "Кўча": "Туркистон кўча", "Тури": "Наземные", "Эни(м)": 3, "Узунл": 46 }, "geometry": { "type": "MultiLineString", "coordinates": [ [ [ 69.288480573356665, 41.294111915233906 ], [ 69.288843281459009, 41.293805758070626 ] ] ] } },
{ "type": "Feature", "properties": { "Туман": "Миробод", "Кўча": "Ойбек кўча", "Тури": "Наземные", "Эни(м)": 3, "Узунл": 50 }, "geometry": { "type": "MultiLineString", "coordinates": [ [ [ 69.279206217698587, 41.292916476199416 ], [ 69.279677228406712, 41.293197571976904 ] ] ] } },
{ "type": "Feature", "properties": { "Туман": "Миробод", "Кўча": "Туркистон кўча", "Тури": "Подземные", "Эни(м)": 4, "Узунл": 53 }, "geometry": { "type": "MultiLineString", "coordinates": [ [ [ 69.288279647361662, 41.293977434679704 ], [ 69.288691952411227, 41.293618617427562 ] ] ] } },
{ "type": "Feature", "properties": { "Туман": "Миробод", "Кўча": "Шаҳрисабз кўча", "Тури": "Подземные", "Эни(м)": 4, "Узунл": 55 }, "geometry": { "type": "MultiLineString", "coordinates": [ [ [ 69.273292166826522, 41.299193804374589 ], [ 69.273712647542979, 41.298816998199719 ] ] ] } },
{ "type": "Feature", "properties": { "Туман": "Миробод", "Кўча": "Ислом Каримов шоҳ кўча", "Тури": "Наземные", "Эни(м)": 3, "Узунл": 55 }, "geometry": { "type": "MultiLineString", "coordinates": [ [ [ 69.278348319614111, 41.305681040197179 ], [ 69.278273015149978, 41.305193440481396 ] ] ] } },
{ "type": "Feature", "properties": { "Туман": "Миробод", "Кўча": "Шаҳрисабз кўча", "Тури": "Подземные", "Эни(м)": 4, "Узунл": 57 }, "geometry": { "type": "MultiLineString", "coordinates": [ [ [ 69.27260018541601, 41.29884878217198 ], [ 69.27302769084136, 41.298448953236296 ] ] ] } },
{ "type": "Feature", "properties": { "Туман": "Миробод", "Кўча": "Туркистон кўча", "Тури": "Подземные", "Эни(м)": 4, "Узунл": 59 }, "geometry": { "type": "MultiLineString", "coordinates": [ [ [ 69.286103126478523, 41.291812001003166 ], [ 69.285646271394171, 41.292215786469072 ] ] ] } },
{ "type": "Feature", "properties": { "Туман": "Миробод", "Кўча": "-", "Тури": "Наземные", "Эни(м)": 3, "Узунл": 69 }, "geometry": { "type": "MultiLineString", "coordinates": [ [ [ 69.285344926999457, 41.29015323492704 ], [ 69.285883869569645, 41.289688657292295 ] ] ] } },
{ "type": "Feature", "properties": { "Туман": "Миробод", "Кўча": "Ойбек кўча", "Тури": "Подземные", "Эни(м)": 4, "Узунл": 74 }, "geometry": { "type": "MultiLineString", "coordinates": [ [ [ 69.274872598826946, 41.297742800323682 ], [ 69.27418743493088, 41.297324143745982 ] ] ] } },
{ "type": "Feature", "properties": { "Туман": "Миробод", "Кўча": "Шаҳрисабз кўча", "Тури": "Наземные", "Эни(м)": 3, "Узунл": 85 }, "geometry": { "type": "MultiLineString", "coordinates": [ [ [ 69.268634205657506, 41.296144634971448 ], [ 69.268636508075289, 41.296144918853308 ], [ 69.268893601663805, 41.296235778554134 ], [ 69.26893179585818, 41.29633190043608 ] ], [ [ 69.269325454867257, 41.295928318820366 ], [ 69.268893601663805, 41.296235778554134 ] ] ] } },
{ "type": "Feature", "properties": { "Туман": "Миробод", "Кўча": "Миробод кўча", "Тури": "Наземные", "Эни(м)": 3, "Узунл": 85 }, "geometry": { "type": "MultiLineString", "coordinates": [ [ [ 69.268634205657506, 41.296144634971448 ], [ 69.268636508075289, 41.296144918853308 ], [ 69.268893601663805, 41.296235778554134 ], [ 69.26893179585818, 41.29633190043608 ] ], [ [ 69.269325454867257, 41.295928318820366 ], [ 69.268893601663805, 41.296235778554134 ] ] ] } },
{ "type": "Feature", "properties": { "Туман": "Миробод", "Кўча": "Миробод кўча", "Тури": "Наземные", "Эни(м)": 3, "Узунл": 85 }, "geometry": { "type": "MultiLineString", "coordinates": [ [ [ 69.268634205657506, 41.296144634971448 ], [ 69.268636508075289, 41.296144918853308 ], [ 69.268893601663805, 41.296235778554134 ], [ 69.26893179585818, 41.29633190043608 ] ], [ [ 69.269325454867257, 41.295928318820366 ], [ 69.268893601663805, 41.296235778554134 ] ] ] } },
{ "type": "Feature", "properties": { "Туман": "Миробод", "Кўча": "Туркистон кўча", "Тури": "Подземные", "Эни(м)": 4, "Узунл": 89 }, "geometry": { "type": "MultiLineString", "coordinates": [ [ [ 69.286627537525902, 41.292904373133908 ], [ 69.287316351640953, 41.292293310985578 ] ] ] } },
{ "type": "Feature", "properties": { "Туман": "Чилонзор", "Кўча": "-", "Тури": "Наземные", "Эни(м)": 3, "Узунл": 38 }, "geometry": { "type": "MultiLineString", "coordinates": [ [ [ 69.165529822385068, 41.246258137313113 ], [ 69.165638263612422, 41.245928082033949 ] ] ] } },
{ "type": "Feature", "properties": { "Туман": "Учтепа", "Кўча": "Ширин кўча", "Тури": "Наземные", "Эни(м)": 3, "Узунл": 20 }, "geometry": { "type": "MultiLineString", "coordinates": [ [ [ 69.168630054634946, 41.285220692957644 ], [ 69.16862240868825, 41.285044903737273 ] ] ] } },
{ "type": "Feature", "properties": { "Туман": "Учтепа", "Кўча": "Катта ҳалқа йўли кўча", "Тури": "Наземные", "Эни(м)": 3, "Узунл": 28 }, "geometry": { "type": "MultiLineString", "coordinates": [ [ [ 69.150501602496334, 41.297271859255254 ], [ 69.150836813210759, 41.2972442908803 ] ] ] } },
{ "type": "Feature", "properties": { "Туман": "Янгиҳает", "Кўча": "-", "Тури": "Наземные", "Эни(м)": 3, "Узунл": 20 }, "geometry": { "type": "MultiLineString", "coordinates": [ [ [ 69.239397612461573, 41.197695338811691 ], [ 69.23960629882356, 41.197773608741258 ] ] ] } },
{ "type": "Feature", "properties": { "Туман": "Сергели", "Кўча": "Лутфкор-2 тор кўча", "Тури": "Наземные", "Эни(м)": 3, "Узунл": 13 }, "geometry": { "type": "MultiLineString", "coordinates": [ [ [ 69.217246356571906, 41.209257693154846 ], [ 69.217379926029778, 41.209308860902553 ] ] ] } },
{ "type": "Feature", "properties": { "Туман": "Сергели", "Кўча": "Лутфкор кўча", "Тури": "Наземные", "Эни(м)": 3, "Узунл": 17 }, "geometry": { "type": "MultiLineString", "coordinates": [ [ [ 69.217327924255571, 41.20955136665026 ], [ 69.217428932944273, 41.20942105242834 ] ] ] } },
{ "type": "Feature", "properties": { "Туман": "Сергели", "Кўча": "Мирзо Турсунзода кўча", "Тури": "Наземные", "Эни(м)": 3, "Узунл": 12 }, "geometry": { "type": "MultiLineString", "coordinates": [ [ [ 69.213570732778152, 41.214332039591348 ], [ 69.213690429958504, 41.214388484208477 ] ] ] } },
{ "type": "Feature", "properties": { "Туман": "Янгиҳает", "Кўча": "Чоштепа кўча", "Тури": "Наземные", "Эни(м)": 3, "Узунл": 15 }, "geometry": { "type": "MultiLineString", "coordinates": [ [ [ 69.178806718696492, 41.225426919273254 ], [ 69.178968240029519, 41.22535992861841 ] ] ] } },
{ "type": "Feature", "properties": { "Туман": "Янгиҳает", "Кўча": "Чоштепа кўча", "Тури": "Наземные", "Эни(м)": 3, "Узунл": 17 }, "geometry": { "type": "MultiLineString", "coordinates": [ [ [ 69.192377985901587, 41.238536498323683 ], [ 69.192479786770363, 41.238407254646994 ] ] ] } },
{ "type": "Feature", "properties": { "Туман": "Янгиҳает", "Кўча": "Чоштепа кўча", "Тури": "Наземные", "Эни(м)": 3, "Узунл": 7 }, "geometry": { "type": "MultiLineString", "coordinates": [ [ [ 69.189058835243742, 41.236593824350535 ], [ 69.189134497460572, 41.236558545906668 ] ] ] } },
{ "type": "Feature", "properties": { "Туман": "Янгиҳает", "Кўча": "Чоштепа кўча", "Тури": "Наземные", "Эни(м)": 3, "Узунл": 16 }, "geometry": { "type": "MultiLineString", "coordinates": [ [ [ 69.184915801303916, 41.231291217303848 ], [ 69.184750580939507, 41.231360741574427 ] ] ] } },
{ "type": "Feature", "properties": { "Туман": "Янгиҳает", "Кўча": "Чоштепа кўча", "Тури": "Наземные", "Эни(м)": 3, "Узунл": 20 }, "geometry": { "type": "MultiLineString", "coordinates": [ [ [ 69.179384665884342, 41.226161151082742 ], [ 69.179611050397369, 41.226096785971507 ] ] ] } },
{ "type": "Feature", "properties": { "Туман": "Янгиҳает", "Кўча": "883-Номсиз кўча", "Тури": "Наземные", "Эни(м)": 3, "Узунл": 12 }, "geometry": { "type": "MultiLineString", "coordinates": [ [ [ 69.191683816904231, 41.226958802361267 ], [ 69.191827058694386, 41.226984798346521 ] ] ] } },
{ "type": "Feature", "properties": { "Туман": "Янгиҳает", "Кўча": "883-Номсиз кўча", "Тури": "Наземные", "Эни(м)": 3, "Узунл": 16 }, "geometry": { "type": "MultiLineString", "coordinates": [ [ [ 69.191895215486298, 41.227001474877 ], [ 69.192081573666101, 41.227036843111726 ] ] ] } },
{ "type": "Feature", "properties": { "Туман": "Янгиҳает", "Кўча": "Чоштепа кўча", "Тури": "Наземные", "Эни(м)": 3, "Узунл": 15 }, "geometry": { "type": "MultiLineString", "coordinates": [ [ [ 69.187753819718679, 41.235015070171961 ], [ 69.187912101471781, 41.234947651715117 ] ] ] } },
{ "type": "Feature", "properties": { "Туман": "Янгиҳает", "Кўча": "Чоштепа кўча", "Тури": "Наземные", "Эни(м)": 3, "Узунл": 17 }, "geometry": { "type": "MultiLineString", "coordinates": [ [ [ 69.177927235278645, 41.224338538667261 ], [ 69.178097987759955, 41.22426271926404 ] ] ] } },
{ "type": "Feature", "properties": { "Туман": "Янгиҳает", "Кўча": "Чоштепа кўча", "Тури": "Наземные", "Эни(м)": 3, "Узунл": 13 }, "geometry": { "type": "MultiLineString", "coordinates": [ [ [ 69.176554764531815, 41.222551980623372 ], [ 69.176687353572305, 41.222498783497514 ] ] ] } },
{ "type": "Feature", "properties": { "Туман": "Янгиҳает", "Кўча": "Катта ҳалқа йўли кўча", "Тури": "Надземные", "Эни(м)": 4, "Узунл": 44 }, "geometry": { "type": "MultiLineString", "coordinates": [ [ [ 69.191253427812683, 41.226891308243651 ], [ 69.191408697174936, 41.226513797922948 ] ] ] } },
{ "type": "Feature", "properties": { "Туман": "Янгиҳает", "Кўча": "Хонободтепа шоҳкўчаси", "Тури": "Наземные", "Эни(м)": 3, "Узунл": 40 }, "geometry": { "type": "MultiLineString", "coordinates": [ [ [ 69.201628677164607, 41.22799277320631 ], [ 69.201935021895551, 41.227719397513447 ] ] ] } },
{ "type": "Feature", "properties": { "Туман": "Янгиҳает", "Кўча": "Наврўз кўча", "Тури": "Наземные", "Эни(м)": 3, "Узунл": 16 }, "geometry": { "type": "MultiLineString", "coordinates": [ [ [ 69.192249562302379, 41.219613764596652 ], [ 69.192423083937754, 41.21954421557254 ] ] ] } },
{ "type": "Feature", "properties": { "Туман": "Янгиҳает", "Кўча": "Намуна кўча", "Тури": "Наземные", "Эни(м)": 3, "Узунл": 27 }, "geometry": { "type": "MultiLineString", "coordinates": [ [ [ 69.192131171590333, 41.219525814102276 ], [ 69.191948525488527, 41.219326736118362 ] ] ] } },
{ "type": "Feature", "properties": { "Туман": "Янгиҳает", "Кўча": "Намуна кўча", "Тури": "Наземные", "Эни(м)": 3, "Узунл": 18 }, "geometry": { "type": "MultiLineString", "coordinates": [ [ [ 69.192414655974503, 41.219513797579097 ], [ 69.192311399253796, 41.219373352882627 ] ] ] } },
{ "type": "Feature", "properties": { "Туман": "Янгиҳает", "Кўча": "Наврўз кўча", "Тури": "Наземные", "Эни(м)": 3, "Узунл": 16 }, "geometry": { "type": "MultiLineString", "coordinates": [ [ [ 69.191977628249575, 41.219298354291801 ], [ 69.192138619744654, 41.219221480907095 ] ] ] } },
{ "type": "Feature", "properties": { "Туман": "Янгиҳает", "Кўча": "-", "Тури": "Наземные", "Эни(м)": 3, "Узунл": 20 }, "geometry": { "type": "MultiLineString", "coordinates": [ [ [ 69.191065831583174, 41.218312402201285 ], [ 69.190945862768373, 41.218158342007023 ] ] ] } },
{ "type": "Feature", "properties": { "Туман": "Янгиҳает", "Кўча": "Наврўз кўча", "Тури": "Наземные", "Эни(м)": 3, "Узунл": 11 }, "geometry": { "type": "MultiLineString", "coordinates": [ [ [ 69.191280048704584, 41.218378157655856 ], [ 69.191398032397132, 41.218327591277983 ] ] ] } },
{ "type": "Feature", "properties": { "Туман": "Янгиҳает", "Кўча": "Наврўз кўча", "Тури": "Наземные", "Эни(м)": 3, "Узунл": 10 }, "geometry": { "type": "MultiLineString", "coordinates": [ [ [ 69.190992009362702, 41.218017123574619 ], [ 69.191097832974251, 41.217966840014036 ] ] ] } },
{ "type": "Feature", "properties": { "Туман": "Янгиҳает", "Кўча": "Наврўз кўча", "Тури": "Наземные", "Эни(м)": 3, "Узунл": 9 }, "geometry": { "type": "MultiLineString", "coordinates": [ [ [ 69.189290317640015, 41.215996724001684 ], [ 69.189387472479638, 41.215953014886267 ] ] ] } },
{ "type": "Feature", "properties": { "Туман": "Янгиҳает", "Кўча": "Наврўз кўча", "Тури": "Наземные", "Эни(м)": 3, "Узунл": 7 }, "geometry": { "type": "MultiLineString", "coordinates": [ [ [ 69.187234637215909, 41.212245392415397 ], [ 69.187320115133929, 41.212250500325666 ] ] ] } },
{ "type": "Feature", "properties": { "Туман": "Янгиҳает", "Кўча": "Наврўз кўча", "Тури": "Наземные", "Эни(м)": 3, "Узунл": 7 }, "geometry": { "type": "MultiLineString", "coordinates": [ [ [ 69.186690392814043, 41.210220703508476 ], [ 69.186757337252899, 41.210184128881771 ] ] ] } },
{ "type": "Feature", "properties": { "Туман": "Янгиҳает", "Кўча": "Наврўз кўча", "Тури": "Наземные", "Эни(м)": 3, "Узунл": 7 }, "geometry": { "type": "MultiLineString", "coordinates": [ [ [ 69.184827380215722, 41.208281299053198 ], [ 69.184900237464731, 41.208247601810569 ] ] ] } },
{ "type": "Feature", "properties": { "Туман": "Янгиҳает", "Кўча": "Наврўз кўча", "Тури": "Наземные", "Эни(м)": 3, "Узунл": 7 }, "geometry": { "type": "MultiLineString", "coordinates": [ [ [ 69.18282870169223, 41.206110165246422 ], [ 69.182895297461172, 41.206073855739241 ] ] ] } },
{ "type": "Feature", "properties": { "Туман": "Янгиҳает", "Кўча": "Катта ҳалқа йўли кўча", "Тури": "Наземные", "Эни(м)": 3, "Узунл": 25 }, "geometry": { "type": "MultiLineString", "coordinates": [ [ [ 69.190057126731787, 41.210484363342729 ], [ 69.190318049931932, 41.210372697770396 ] ] ] } },
{ "type": "Feature", "properties": { "Туман": "Янгиҳает", "Кўча": "Катта ҳалқа йўли кўча", "Тури": "Наземные", "Эни(м)": 3, "Узунл": 29 }, "geometry": { "type": "MultiLineString", "coordinates": [ [ [ 69.185190070521145, 41.203111448278896 ], [ 69.185534526278147, 41.203065770313444 ] ] ] } },
{ "type": "Feature", "properties": { "Туман": "Янгиҳает", "Кўча": "Катта ҳалқа йўли кўча", "Тури": "Наземные", "Эни(м)": 3, "Узунл": 27 }, "geometry": { "type": "MultiLineString", "coordinates": [ [ [ 69.188057831406297, 41.194348627541316 ], [ 69.188326350115759, 41.194484609023903 ] ] ] } },
{ "type": "Feature", "properties": { "Туман": "Янгиҳает", "Кўча": "Қипчоқ шоҳкўча", "Тури": "Наземные", "Эни(м)": 3, "Узунл": 27 }, "geometry": { "type": "MultiLineString", "coordinates": [ [ [ 69.190480446677938, 41.192338218826798 ], [ 69.190312943643235, 41.192543126180482 ] ] ] } },
{ "type": "Feature", "properties": { "Туман": "Янгиҳает", "Кўча": "Катта ҳалқа йўли кўча", "Тури": "Наземные", "Эни(м)": 3, "Узунл": 26 }, "geometry": { "type": "MultiLineString", "coordinates": [ [ [ 69.191479400062534, 41.19094192697419 ], [ 69.191219239752925, 41.190811185813878 ] ] ] } },
{ "type": "Feature", "properties": { "Туман": "Янгиҳает", "Кўча": "Катта ҳалқа йўли кўча", "Тури": "Наземные", "Эни(м)": 3, "Узунл": 27 }, "geometry": { "type": "MultiLineString", "coordinates": [ [ [ 69.194385661051328, 41.187674512970879 ], [ 69.194108841620945, 41.187544855762944 ] ] ] } },
{ "type": "Feature", "properties": { "Туман": "Янгиҳает", "Кўча": "Катта ҳалқа йўли кўча", "Тури": "Наземные", "Эни(м)": 3, "Узунл": 28 }, "geometry": { "type": "MultiLineString", "coordinates": [ [ [ 69.206311760940977, 41.175862835584809 ], [ 69.206119455326956, 41.175658548873038 ] ] ] } },
{ "type": "Feature", "properties": { "Туман": "Янгиҳает", "Кўча": "Катта ҳалқа йўли кўча", "Тури": "Наземные", "Эни(м)": 3, "Узунл": 29 }, "geometry": { "type": "MultiLineString", "coordinates": [ [ [ 69.208285118854121, 41.174910635546929 ], [ 69.208109396366297, 41.174681136777039 ] ] ] } },
{ "type": "Feature", "properties": { "Туман": "Янгиҳает", "Кўча": "Катта ҳалқа йўли кўча", "Тури": "Наземные", "Эни(м)": 3, "Узунл": 26 }, "geometry": { "type": "MultiLineString", "coordinates": [ [ [ 69.213311632784013, 41.173270684096742 ], [ 69.213194264656849, 41.173052628234196 ] ] ] } },
{ "type": "Feature", "properties": { "Туман": "Янгиҳает", "Кўча": "Катта ҳалқа йўли кўча", "Тури": "Наземные", "Эни(м)": 3, "Узунл": 28 }, "geometry": { "type": "MultiLineString", "coordinates": [ [ [ 69.221592988881568, 41.170738611542994 ], [ 69.221472774434844, 41.170506927431447 ] ] ] } },
{ "type": "Feature", "properties": { "Туман": "Янгиҳает", "Кўча": "Катта ҳалқа йўли кўча", "Тури": "Наземные", "Эни(м)": 3, "Узунл": 27 }, "geometry": { "type": "MultiLineString", "coordinates": [ [ [ 69.22207990539367, 41.170578166393675 ], [ 69.22195694743985, 41.170356981977918 ] ] ] } },
{ "type": "Feature", "properties": { "Туман": "Янгиҳает", "Кўча": "Катта ҳалқа йўли кўча", "Тури": "Наземные", "Эни(м)": 3, "Узунл": 27 }, "geometry": { "type": "MultiLineString", "coordinates": [ [ [ 69.234843060861181, 41.166798130650989 ], [ 69.234760282480806, 41.166561136984861 ] ] ] } },
{ "type": "Feature", "properties": { "Туман": "Янгиҳает", "Кўча": "Катта ҳалқа йўли кўча", "Тури": "Наземные", "Эни(м)": 3, "Узунл": 34 }, "geometry": { "type": "MultiLineString", "coordinates": [ [ [ 69.245559478114018, 41.166405347989397 ], [ 69.245545851894363, 41.166103152385851 ] ] ] } },
{ "type": "Feature", "properties": { "Туман": "Янгиҳает", "Кўча": "Катта ҳалқа йўли кўча", "Тури": "Наземные", "Эни(м)": 3, "Узунл": 25 }, "geometry": { "type": "MultiLineString", "coordinates": [ [ [ 69.274098402104983, 41.163954131068785 ], [ 69.274143303551298, 41.163732602653432 ] ] ] } },
{ "type": "Feature", "properties": { "Туман": "Янгиҳает", "Кўча": "Катта ҳалқа йўли кўча", "Тури": "Наземные", "Эни(м)": 3, "Узунл": 26 }, "geometry": { "type": "MultiLineString", "coordinates": [ [ [ 69.285644983139065, 41.168466789414929 ], [ 69.285846968050933, 41.16828999076133 ] ] ] } },
{ "type": "Feature", "properties": { "Туман": "Янгиҳает", "Кўча": "Катта ҳалқа йўли кўча", "Тури": "Наземные", "Эни(м)": 3, "Узунл": 21 }, "geometry": { "type": "MultiLineString", "coordinates": [ [ [ 69.289324538624697, 41.170865955757435 ], [ 69.289496116197029, 41.170722807630654 ] ] ] } },
{ "type": "Feature", "properties": { "Туман": "Янгиҳает", "Кўча": "Катта ҳалқа йўли кўча", "Тури": "Наземные", "Эни(м)": 3, "Узунл": 27 }, "geometry": { "type": "MultiLineString", "coordinates": [ [ [ 69.293033644251665, 41.173291162898842 ], [ 69.293246734394472, 41.173114323167241 ] ] ] } },
{ "type": "Feature", "properties": { "Туман": "Янгиҳает", "Кўча": "Катта ҳалқа йўли кўча", "Тури": "Наземные", "Эни(м)": 3, "Узунл": 27 }, "geometry": { "type": "MultiLineString", "coordinates": [ [ [ 69.307027768272803, 41.182882847337268 ], [ 69.307256169835355, 41.182714336268489 ] ] ] } },
{ "type": "Feature", "properties": { "Туман": "Янгиҳает", "Кўча": "Софдил кўча", "Тури": "Наземные", "Эни(м)": 3, "Узунл": 27 }, "geometry": { "type": "MultiLineString", "coordinates": [ [ [ 69.234612047184967, 41.205772332611396 ], [ 69.234905588265619, 41.205871425719749 ] ] ] } },
{ "type": "Feature", "properties": { "Туман": "Янгиҳает", "Кўча": "Қипчоқ-2 тор кўча", "Тури": "Наземные", "Эни(м)": 3, "Узунл": 20 }, "geometry": { "type": "MultiLineString", "coordinates": [ [ [ 69.234979141793545, 41.205846090448681 ], [ 69.235067472793062, 41.205679058121092 ] ] ] } },
{ "type": "Feature", "properties": { "Туман": "Янгиҳает", "Кўча": "Софдил кўча", "Тури": "Наземные", "Эни(м)": 3, "Узунл": 21 }, "geometry": { "type": "MultiLineString", "coordinates": [ [ [ 69.234826538105409, 41.205525290193314 ], [ 69.235043607243938, 41.205610896867093 ] ] ] } },
{ "type": "Feature", "properties": { "Туман": "Янгиҳает", "Кўча": "Софдил кўча", "Тури": "Наземные", "Эни(м)": 3, "Узунл": 22 }, "geometry": { "type": "MultiLineString", "coordinates": [ [ [ 69.234638136558047, 41.205685180582023 ], [ 69.234794583470247, 41.205526404730364 ] ] ] } },
{ "type": "Feature", "properties": { "Туман": "Янгиҳает", "Кўча": "Канора кўча", "Тури": "Наземные", "Эни(м)": 3, "Узунл": 9 }, "geometry": { "type": "MultiLineString", "coordinates": [ [ [ 69.231295838328649, 41.204350828723285 ], [ 69.231397402757452, 41.204388402533837 ] ] ] } },
{ "type": "Feature", "properties": { "Туман": "Янгиҳает", "Кўча": "Софдил кўча", "Тури": "Наземные", "Эни(м)": 3, "Узунл": 12 }, "geometry": { "type": "MultiLineString", "coordinates": [ [ [ 69.231444585624743, 41.204371517571495 ], [ 69.231484528971095, 41.204271745777817 ] ] ] } },
{ "type": "Feature", "properties": { "Туман": "Янгиҳает", "Кўча": "Канора кўча", "Тури": "Наземные", "Эни(м)": 3, "Узунл": 11 }, "geometry": { "type": "MultiLineString", "coordinates": [ [ [ 69.231336957009546, 41.204190190326273 ], [ 69.231456569505866, 41.204223530292957 ] ] ] } },
{ "type": "Feature", "properties": { "Туман": "Янгиҳает", "Кўча": "Софдил кўча", "Тури": "Наземные", "Эни(м)": 3, "Узунл": 11 }, "geometry": { "type": "MultiLineString", "coordinates": [ [ [ 69.231224720453085, 41.204278564013308 ], [ 69.231282760400816, 41.204188200411984 ] ] ] } },
{ "type": "Feature", "properties": { "Туман": "Янгиҳает", "Кўча": "Давлатобод кўча", "Тури": "Наземные", "Эни(м)": 3, "Узунл": 16 }, "geometry": { "type": "MultiLineString", "coordinates": [ [ [ 69.224140907949646, 41.203391147534688 ], [ 69.224306485521282, 41.203459035157749 ] ] ] } },
{ "type": "Feature", "properties": { "Туман": "Янгиҳает", "Кўча": "Чинор кўча", "Тури": "Наземные", "Эни(м)": 3, "Узунл": 11 }, "geometry": { "type": "MultiLineString", "coordinates": [ [ [ 69.224388330582514, 41.203420048490223 ], [ 69.224450547545686, 41.203329680174811 ] ] ] } },
{ "type": "Feature", "properties": { "Туман": "Янгиҳает", "Кўча": "Давлатобод кўча", "Тури": "Наземные", "Эни(м)": 3, "Узунл": 13 }, "geometry": { "type": "MultiLineString", "coordinates": [ [ [ 69.22428886977761, 41.203183081315643 ], [ 69.224428008027957, 41.203239477024425 ] ] ] } },
{ "type": "Feature", "properties": { "Туман": "Янгиҳает", "Кўча": "Чинор кўча", "Тури": "Наземные", "Эни(м)": 3, "Узунл": 12 }, "geometry": { "type": "MultiLineString", "coordinates": [ [ [ 69.224107278303279, 41.203308311598164 ], [ 69.224184765143661, 41.203213716170346 ] ] ] } },
{ "type": "Feature", "properties": { "Туман": "Янгиҳает", "Кўча": "Чинор-1 тор кўча", "Тури": "Наземные", "Эни(м)": 3, "Узунл": 12 }, "geometry": { "type": "MultiLineString", "coordinates": [ [ [ 69.22176912772683, 41.202164810912535 ], [ 69.22189295316457, 41.202213893488953 ] ] ] } },
{ "type": "Feature", "properties": { "Туман": "Янгиҳает", "Кўча": "Дўстлик кўча", "Тури": "Наземные", "Эни(м)": 3, "Узунл": 13 }, "geometry": { "type": "MultiLineString", "coordinates": [ [ [ 69.215570573705861, 41.19530205577356 ], [ 69.215663362756345, 41.195212684233397 ] ] ] } },
{ "type": "Feature", "properties": { "Туман": "Янгиҳает", "Кўча": "Қипчоқ шоҳкўча", "Тури": "Наземные", "Эни(м)": 3, "Узунл": 24 }, "geometry": { "type": "MultiLineString", "coordinates": [ [ [ 69.210723459052701, 41.201402710060265 ], [ 69.210861787049737, 41.201211468786695 ] ] ] } },
{ "type": "Feature", "properties": { "Туман": "Янгиҳает", "Кўча": "Қўрғонтепа кўча", "Тури": "Наземные", "Эни(м)": 3, "Узунл": 22 }, "geometry": { "type": "MultiLineString", "coordinates": [ [ [ 69.210717134696623, 41.201596857868616 ], [ 69.21095361817008, 41.201684573280531 ] ] ] } },
{ "type": "Feature", "properties": { "Туман": "Янгиҳает", "Кўча": "Қипчоқ шоҳкўча", "Тури": "Наземные", "Эни(м)": 3, "Узунл": 26 }, "geometry": { "type": "MultiLineString", "coordinates": [ [ [ 69.21128697339536, 41.201651431245217 ], [ 69.211436378408564, 41.201448625731999 ] ] ] } },
{ "type": "Feature", "properties": { "Туман": "Янгиҳает", "Кўча": "Қипчоқ шоҳкўча", "Тури": "Наземные", "Эни(м)": 3, "Узунл": 26 }, "geometry": { "type": "MultiLineString", "coordinates": [ [ [ 69.213056681686538, 41.202379592205645 ], [ 69.213199128930455, 41.202174698535259 ] ] ] } },
{ "type": "Feature", "properties": { "Туман": "Янгиҳает", "Кўча": "Қипчоқ шоҳкўча", "Тури": "Наземные", "Эни(м)": 3, "Узунл": 23 }, "geometry": { "type": "MultiLineString", "coordinates": [ [ [ 69.21646608844253, 41.203771539487477 ], [ 69.216594694031201, 41.203585031918266 ] ] ] } },
{ "type": "Feature", "properties": { "Туман": "Янгиҳает", "Кўча": "Қипчоқ шоҳкўча", "Тури": "Наземные", "Эни(м)": 3, "Узунл": 26 }, "geometry": { "type": "MultiLineString", "coordinates": [ [ [ 69.219610004926309, 41.205091484471573 ], [ 69.21976634992248, 41.204891803202287 ] ] ] } },
{ "type": "Feature", "properties": { "Туман": "Янгиҳает", "Кўча": "Қипчоқ шоҳкўча", "Тури": "Наземные", "Эни(м)": 3, "Узунл": 26 }, "geometry": { "type": "MultiLineString", "coordinates": [ [ [ 69.219610004926309, 41.205091484471573 ], [ 69.21976634992248, 41.204891803202287 ] ] ] } },
{ "type": "Feature", "properties": { "Туман": "Янгиҳает", "Кўча": "Биродарлик кўча", "Тури": "Наземные", "Эни(м)": 3, "Узунл": 16 }, "geometry": { "type": "MultiLineString", "coordinates": [ [ [ 69.228752056334471, 41.196871695327275 ], [ 69.228840541074007, 41.196747692023578 ] ] ] } },
{ "type": "Feature", "properties": { "Туман": "Янгиҳает", "Кўча": "Мағриб кўча", "Тури": "Наземные", "Эни(м)": 3, "Узунл": 10 }, "geometry": { "type": "MultiLineString", "coordinates": [ [ [ 69.229984354943397, 41.195076890001346 ], [ 69.230034789777065, 41.194998610014615 ] ] ] } },
{ "type": "Feature", "properties": { "Туман": "Янгиҳает", "Кўча": "Боғичинор кўча", "Тури": "Наземные", "Эни(м)": 3, "Узунл": 11 }, "geometry": { "type": "MultiLineString", "coordinates": [ [ [ 69.217516018386192, 41.200680696879068 ], [ 69.217396367272642, 41.200631601700209 ] ] ] } },
{ "type": "Feature", "properties": { "Туман": "Янгиҳает", "Кўча": "Канора кўча", "Тури": "Наземные", "Эни(м)": 3, "Узунл": 13 }, "geometry": { "type": "MultiLineString", "coordinates": [ [ [ 69.2307425885284, 41.205865675265173 ], [ 69.230889982781605, 41.205895811989834 ] ] ] } },
{ "type": "Feature", "properties": { "Туман": "Янгиҳает", "Кўча": "Биродарлик кўча", "Тури": "Наземные", "Эни(м)": 3, "Узунл": 20 }, "geometry": { "type": "MultiLineString", "coordinates": [ [ [ 69.226559461774741, 41.195995070050785 ], [ 69.226675615856436, 41.195836384219461 ] ] ] } },
{ "type": "Feature", "properties": { "Туман": "Янгиҳает", "Кўча": "Биродарлик-1 тор кўча", "Тури": "Наземные", "Эни(м)": 3, "Узунл": 11 }, "geometry": { "type": "MultiLineString", "coordinates": [ [ [ 69.226757689043026, 41.195866654846512 ], [ 69.226875949122118, 41.195915743081478 ] ] ] } },
{ "type": "Feature", "properties": { "Туман": "Янгиҳает", "Кўча": "Боғичинор кўча", "Тури": "Наземные", "Эни(м)": 3, "Узунл": 7 }, "geometry": { "type": "MultiLineString", "coordinates": [ [ [ 69.222086718828194, 41.194180998222286 ], [ 69.222166005782384, 41.194210228119246 ] ] ] } },
{ "type": "Feature", "properties": { "Туман": "Янгиҳает", "Кўча": "Биродарлик кўча", "Тури": "Наземные", "Эни(м)": 3, "Узунл": 15 }, "geometry": { "type": "MultiLineString", "coordinates": [ [ [ 69.222233990650238, 41.1941838622975 ], [ 69.222325273274791, 41.194063006696361 ] ] ] } },
{ "type": "Feature", "properties": { "Туман": "Янгиҳает", "Кўча": "Боғичинор кўча", "Тури": "Наземные", "Эни(м)": 3, "Узунл": 10 }, "geometry": { "type": "MultiLineString", "coordinates": [ [ [ 69.222311299081724, 41.194038897786129 ], [ 69.222209748740852, 41.19399921708218 ] ] ] } },
{ "type": "Feature", "properties": { "Туман": "Янгиҳает", "Кўча": "Қўрғонтепа кўча", "Тури": "Наземные", "Эни(м)": 3, "Узунл": 19 }, "geometry": { "type": "MultiLineString", "coordinates": [ [ [ 69.21762944809474, 41.192349932545909 ], [ 69.217431911776202, 41.192269502870367 ] ] ] } },
{ "type": "Feature", "properties": { "Туман": "Янгиҳает", "Кўча": "Биродарлик кўча", "Тури": "Наземные", "Эни(м)": 3, "Узунл": 19 }, "geometry": { "type": "MultiLineString", "coordinates": [ [ [ 69.217460929057424, 41.192222225683864 ], [ 69.217582686640014, 41.192072982810046 ] ] ] } },
{ "type": "Feature", "properties": { "Туман": "Янгиҳает", "Кўча": "Қўрғонтепа кўча", "Тури": "Наземные", "Эни(м)": 3, "Узунл": 10 }, "geometry": { "type": "MultiLineString", "coordinates": [ [ [ 69.217618868708328, 41.192091803409809 ], [ 69.217725991056298, 41.192137773965079 ] ] ] } },
{ "type": "Feature", "properties": { "Туман": "Янгиҳает", "Кўча": "Биродарлик кўча", "Тури": "Наземные", "Эни(м)": 3, "Узунл": 11 }, "geometry": { "type": "MultiLineString", "coordinates": [ [ [ 69.21770854313678, 41.192322499005876 ], [ 69.217772155032293, 41.192234230261178 ] ] ] } },
{ "type": "Feature", "properties": { "Туман": "Янгиҳает", "Кўча": "Қўрғонтепа кўча", "Тури": "Наземные", "Эни(м)": 3, "Узунл": 24 }, "geometry": { "type": "MultiLineString", "coordinates": [ [ [ 69.215638319578559, 41.195201712571098 ], [ 69.215385126905943, 41.195097247741025 ] ] ] } },
{ "type": "Feature", "properties": { "Туман": "Янгиҳает", "Кўча": "Дўстлик кўча", "Тури": "Наземные", "Эни(м)": 3, "Узунл": 15 }, "geometry": { "type": "MultiLineString", "coordinates": [ [ [ 69.215365687354918, 41.195100432252907 ], [ 69.215282726147421, 41.195221266769821 ] ] ] } },
{ "type": "Feature", "properties": { "Туман": "Янгиҳает", "Кўча": "Қўрғонтепа кўча", "Тури": "Наземные", "Эни(м)": 3, "Узунл": 22 }, "geometry": { "type": "MultiLineString", "coordinates": [ [ [ 69.215301034338268, 41.19529678834904 ], [ 69.215538893904537, 41.195385541264777 ] ] ] } },
{ "type": "Feature", "properties": { "Туман": "Янгиҳает", "Кўча": "Қўрғонтепа кўча", "Тури": "Наземные", "Эни(м)": 3, "Узунл": 23 }, "geometry": { "type": "MultiLineString", "coordinates": [ [ [ 69.213864364098797, 41.197279656491347 ], [ 69.214110581971994, 41.197373643730892 ] ] ] } },
{ "type": "Feature", "properties": { "Туман": "Янгиҳает", "Кўча": "Қўрғонтепа кўча", "Тури": "Наземные", "Эни(м)": 3, "Узунл": 23 }, "geometry": { "type": "MultiLineString", "coordinates": [ [ [ 69.212784140794369, 41.198775457878092 ], [ 69.213024815528797, 41.198872605810081 ] ] ] } },
{ "type": "Feature", "properties": { "Туман": "Янгиҳает", "Кўча": "Чинор кўча", "Тури": "Наземные", "Эни(м)": 3, "Узунл": 26 }, "geometry": { "type": "MultiLineString", "coordinates": [ [ [ 69.213052589045418, 41.198868356892199 ], [ 69.213199176360135, 41.198657159128665 ] ] ] } },
{ "type": "Feature", "properties": { "Туман": "Янгиҳает", "Кўча": "Қўрғонтепа кўча", "Тури": "Наземные", "Эни(м)": 3, "Узунл": 19 }, "geometry": { "type": "MultiLineString", "coordinates": [ [ [ 69.213156007721295, 41.198626806853206 ], [ 69.212958447738089, 41.198543221487462 ] ] ] } },
{ "type": "Feature", "properties": { "Туман": "Янгиҳает", "Кўча": "Чинор кўча", "Тури": "Наземные", "Эни(м)": 3, "Узунл": 25 }, "geometry": { "type": "MultiLineString", "coordinates": [ [ [ 69.212786875320603, 41.198761810813686 ], [ 69.212916821665615, 41.198560088620532 ] ] ] } },
{ "type": "Feature", "properties": { "Туман": "Янгиҳает", "Кўча": "Қипчоқ шоҳкўча", "Тури": "Наземные", "Эни(м)": 3, "Узунл": 32 }, "geometry": { "type": "MultiLineString", "coordinates": [ [ [ 69.207167800993787, 41.199927429096213 ], [ 69.20735040087223, 41.199674198600633 ] ] ] } },
{ "type": "Feature", "properties": { "Туман": "Янгиҳает", "Кўча": "Қипчоқ шоҳкўча", "Тури": "Наземные", "Эни(м)": 3, "Узунл": 30 }, "geometry": { "type": "MultiLineString", "coordinates": [ [ [ 69.203737220854876, 41.19852422429755 ], [ 69.203912951771954, 41.198293048436369 ] ] ] } },
{ "type": "Feature", "properties": { "Туман": "Янгиҳает", "Кўча": "Қипчоқ шоҳкўча", "Тури": "Наземные", "Эни(м)": 3, "Узунл": 25 }, "geometry": { "type": "MultiLineString", "coordinates": [ [ [ 69.196136937618888, 41.195099630064526 ], [ 69.196289184551006, 41.194907332977017 ] ] ] } },
{ "type": "Feature", "properties": { "Туман": "Янгиҳает", "Кўча": "Қипчоқ шоҳкўча", "Тури": "Наземные", "Эни(м)": 3, "Узунл": 27 }, "geometry": { "type": "MultiLineString", "coordinates": [ [ [ 69.19299586652545, 41.193715548808797 ], [ 69.193159177911994, 41.193504348307719 ] ] ] } },
{ "type": "Feature", "properties": { "Туман": "Янгиҳает", "Кўча": "Катта ҳалқа йўли кўча", "Тури": "Наземные", "Эни(м)": 3, "Узунл": 25 }, "geometry": { "type": "MultiLineString", "coordinates": [ [ [ 69.189968331049172, 41.192634467079245 ], [ 69.189719283839111, 41.192504753626984 ] ] ] } },
{ "type": "Feature", "properties": { "Туман": "Янгиҳает", "Кўча": "Катта ҳалқа йўли кўча", "Тури": "Наземные", "Эни(м)": 3, "Узунл": 24 }, "geometry": { "type": "MultiLineString", "coordinates": [ [ [ 69.202116893010484, 41.178990632881103 ], [ 69.201899786995483, 41.178850395496767 ] ] ] } },
{ "type": "Feature", "properties": { "Туман": "Янгиҳает", "Кўча": "-", "Тури": "Наземные", "Эни(м)": 3, "Узунл": 25 }, "geometry": { "type": "MultiLineString", "coordinates": [ [ [ 69.201916280176277, 41.178793699562938 ], [ 69.202097698165147, 41.178620232145981 ] ] ] } },
{ "type": "Feature", "properties": { "Туман": "Янгиҳает", "Кўча": "Катта ҳалқа йўли кўча", "Тури": "Наземные", "Эни(м)": 3, "Узунл": 22 }, "geometry": { "type": "MultiLineString", "coordinates": [ [ [ 69.202138090035589, 41.178656889891315 ], [ 69.202338489965882, 41.178784563509318 ] ] ] } },
{ "type": "Feature", "properties": { "Туман": "Янгиҳает", "Кўча": "Катта ҳалқа йўли кўча", "Тури": "Наземные", "Эни(м)": 3, "Узунл": 25 }, "geometry": { "type": "MultiLineString", "coordinates": [ [ [ 69.204419214902174, 41.177027359687038 ], [ 69.204217310089206, 41.176861914291621 ] ] ] } },
{ "type": "Feature", "properties": { "Туман": "Янгиҳает", "Кўча": "Чинор кўча", "Тури": "Наземные", "Эни(м)": 3, "Узунл": 12 }, "geometry": { "type": "MultiLineString", "coordinates": [ [ [ 69.217303920803758, 41.200511096876319 ], [ 69.217371678041843, 41.200413376185082 ] ] ] } },
{ "type": "Feature", "properties": { "Туман": "Янгиҳает", "Кўча": "Боғичинор кўча", "Тури": "Наземные", "Эни(м)": 3, "Узунл": 13 }, "geometry": { "type": "MultiLineString", "coordinates": [ [ [ 69.21754117302558, 41.200409907991627 ], [ 69.217676127988867, 41.200465270408564 ] ] ] } },
{ "type": "Feature", "properties": { "Туман": "Янгиҳает", "Кўча": "Чинор кўча", "Тури": "Наземные", "Эни(м)": 3, "Узунл": 14 }, "geometry": { "type": "MultiLineString", "coordinates": [ [ [ 69.2176323001989, 41.200656341339922 ], [ 69.217718077456297, 41.200545993771399 ] ] ] } },
{ "type": "Feature", "properties": { "Туман": "Янгиҳает", "Кўча": "Полвонёр кўча", "Тури": "Наземные", "Эни(м)": 3, "Узунл": 12 }, "geometry": { "type": "MultiLineString", "coordinates": [ [ [ 69.21958874094716, 41.201536209824738 ], [ 69.219720907077743, 41.201587377609918 ] ] ] } },
{ "type": "Feature", "properties": { "Туман": "Янгиҳает", "Кўча": "Чинор кўча", "Тури": "Наземные", "Эни(м)": 3, "Узунл": 24 }, "geometry": { "type": "MultiLineString", "coordinates": [ [ [ 69.219726436651854, 41.201578971980418 ], [ 69.219866152755671, 41.201395062958888 ] ] ] } },
{ "type": "Feature", "properties": { "Туман": "Янгиҳает", "Кўча": "Полвонёр кўча", "Тури": "Наземные", "Эни(м)": 3, "Узунл": 10 }, "geometry": { "type": "MultiLineString", "coordinates": [ [ [ 69.219857100524862, 41.201388783930312 ], [ 69.219750651021499, 41.20134124007965 ] ] ] } },
{ "type": "Feature", "properties": { "Туман": "Янгиҳает", "Кўча": "Чинор кўча", "Тури": "Наземные", "Эни(м)": 3, "Узунл": 24 }, "geometry": { "type": "MultiLineString", "coordinates": [ [ [ 69.21959217764676, 41.201525184729654 ], [ 69.219735358758541, 41.201338645795488 ] ] ] } },
{ "type": "Feature", "properties": { "Туман": "Янгиҳает", "Кўча": "Чинор кўча", "Тури": "Наземные", "Эни(м)": 3, "Узунл": 11 }, "geometry": { "type": "MultiLineString", "coordinates": [ [ [ 69.22113429048882, 41.20210149446752 ], [ 69.221201377205972, 41.20201216791898 ] ] ] } },
{ "type": "Feature", "properties": { "Туман": "Янгиҳает", "Кўча": "-", "Тури": "Наземные", "Эни(м)": 3, "Узунл": 9 }, "geometry": { "type": "MultiLineString", "coordinates": [ [ [ 69.239092402711535, 41.197626713397653 ], [ 69.23918606962765, 41.19759556203234 ] ] ] } },
{ "type": "Feature", "properties": { "Туман": "Янгиҳает", "Кўча": "-", "Тури": "Наземные", "Эни(м)": 3, "Узунл": 9 }, "geometry": { "type": "MultiLineString", "coordinates": [ [ [ 69.23949382110743, 41.198361498525429 ], [ 69.23940059364547, 41.198322865097602 ] ] ] } },
{ "type": "Feature", "properties": { "Туман": "Янгиҳает", "Кўча": "-", "Тури": "Наземные", "Эни(м)": 3, "Узунл": 6 }, "geometry": { "type": "MultiLineString", "coordinates": [ [ [ 69.238235846336011, 41.197427006426025 ], [ 69.23816767058716, 41.197399863409196 ] ] ] } },
{ "type": "Feature", "properties": { "Туман": "Янгиҳает", "Кўча": "-", "Тури": "Наземные", "Эни(м)": 3, "Узунл": 28 }, "geometry": { "type": "MultiLineString", "coordinates": [ [ [ 69.238226330335891, 41.197484742314778 ], [ 69.23807430312327, 41.197705427641061 ] ] ] } },
{ "type": "Feature", "properties": { "Туман": "Янгиҳает", "Кўча": "-", "Тури": "Наземные", "Эни(м)": 3, "Узунл": 29 }, "geometry": { "type": "MultiLineString", "coordinates": [ [ [ 69.237968558263674, 41.197662621381575 ], [ 69.238123333956082, 41.197433535426008 ] ] ] } },
{ "type": "Feature", "properties": { "Туман": "Янгиҳает", "Кўча": "-", "Тури": "Наземные", "Эни(м)": 3, "Узунл": 23 }, "geometry": { "type": "MultiLineString", "coordinates": [ [ [ 69.237201280937541, 41.19736985158427 ], [ 69.237331210110185, 41.197184892046707 ] ] ] } },
{ "type": "Feature", "properties": { "Туман": "Янгиҳает", "Кўча": "-", "Тури": "Наземные", "Эни(м)": 3, "Узунл": 20 }, "geometry": { "type": "MultiLineString", "coordinates": [ [ [ 69.237041270359086, 41.197304069740632 ], [ 69.237150466150396, 41.197148535873424 ] ] ] } },
{ "type": "Feature", "properties": { "Туман": "Янгиҳает", "Кўча": "-", "Тури": "Наземные", "Эни(м)": 3, "Узунл": 19 }, "geometry": { "type": "MultiLineString", "coordinates": [ [ [ 69.238001891666968, 41.203987720125767 ], [ 69.237801520391614, 41.203908380831251 ] ] ] } },
{ "type": "Feature", "properties": { "Туман": "Янгиҳает", "Кўча": "-", "Тури": "Наземные", "Эни(м)": 3, "Узунл": 19 }, "geometry": { "type": "MultiLineString", "coordinates": [ [ [ 69.23830115513077, 41.203558427753691 ], [ 69.238102853771025, 41.203474887156069 ] ] ] } },
{ "type": "Feature", "properties": { "Туман": "Янгиҳает", "Кўча": "-", "Тури": "Наземные", "Эни(м)": 3, "Узунл": 18 }, "geometry": { "type": "MultiLineString", "coordinates": [ [ [ 69.238607249469212, 41.203098163579199 ], [ 69.238414543062461, 41.203024581071766 ] ] ] } },
{ "type": "Feature", "properties": { "Туман": "Янгиҳает", "Кўча": "-", "Тури": "Наземные", "Эни(м)": 3, "Узунл": 18 }, "geometry": { "type": "MultiLineString", "coordinates": [ [ [ 69.238876807639755, 41.20271720288175 ], [ 69.238690356410928, 41.202644132548045 ] ] ] } },
{ "type": "Feature", "properties": { "Туман": "Янгиҳает", "Кўча": "-", "Тури": "Наземные", "Эни(м)": 3, "Узунл": 18 }, "geometry": { "type": "MultiLineString", "coordinates": [ [ [ 69.239111065984218, 41.202373043288354 ], [ 69.238914885673907, 41.202298944128131 ] ] ] } },
{ "type": "Feature", "properties": { "Туман": "Янгиҳает", "Кўча": "-", "Тури": "Наземные", "Эни(м)": 3, "Узунл": 19 }, "geometry": { "type": "MultiLineString", "coordinates": [ [ [ 69.239254800202517, 41.202162343151087 ], [ 69.239058601268013, 41.202082997347922 ] ] ] } },
{ "type": "Feature", "properties": { "Туман": "Янгиҳает", "Кўча": "-", "Тури": "Наземные", "Эни(м)": 3, "Узунл": 19 }, "geometry": { "type": "MultiLineString", "coordinates": [ [ [ 69.239536750311402, 41.20175249702698 ], [ 69.239339162851948, 41.201673154583595 ] ] ] } },
{ "type": "Feature", "properties": { "Туман": "Янгиҳает", "Кўча": "-", "Тури": "Наземные", "Эни(м)": 3, "Узунл": 19 }, "geometry": { "type": "MultiLineString", "coordinates": [ [ [ 69.239834917079705, 41.201313758333043 ], [ 69.239639075952169, 41.201236773876659 ] ] ] } },
{ "type": "Feature", "properties": { "Туман": "Янгиҳает", "Кўча": "-", "Тури": "Наземные", "Эни(м)": 3, "Узунл": 19 }, "geometry": { "type": "MultiLineString", "coordinates": [ [ [ 69.240110631631509, 41.200910482389062 ], [ 69.2399109734246, 41.20083429338591 ] ] ] } },
{ "type": "Feature", "properties": { "Туман": "Янгиҳает", "Кўча": "-", "Тури": "Наземные", "Эни(м)": 3, "Узунл": 19 }, "geometry": { "type": "MultiLineString", "coordinates": [ [ [ 69.240402235333875, 41.200483823777205 ], [ 69.240207425594818, 41.200403427620898 ] ] ] } },
{ "type": "Feature", "properties": { "Туман": "Янгиҳает", "Кўча": "-", "Тури": "Наземные", "Эни(м)": 3, "Узунл": 19 }, "geometry": { "type": "MultiLineString", "coordinates": [ [ [ 69.240511436085754, 41.200330385570624 ], [ 69.240302744355645, 41.200253166718163 ] ] ] } },
{ "type": "Feature", "properties": { "Туман": "Янгиҳает", "Кўча": "-", "Тури": "Наземные", "Эни(м)": 3, "Узунл": 7 }, "geometry": { "type": "MultiLineString", "coordinates": [ [ [ 69.241099592479188, 41.200450884434829 ], [ 69.241171942692191, 41.200478541649566 ] ] ] } },
{ "type": "Feature", "properties": { "Туман": "Янгиҳает", "Кўча": "-", "Тури": "Наземные", "Эни(м)": 3, "Узунл": 7 }, "geometry": { "type": "MultiLineString", "coordinates": [ [ [ 69.240957224583227, 41.200652664300492 ], [ 69.241030263880305, 41.200678746084051 ] ] ] } },
{ "type": "Feature", "properties": { "Туман": "Янгиҳает", "Кўча": "-", "Тури": "Наземные", "Эни(м)": 3, "Узунл": 7 }, "geometry": { "type": "MultiLineString", "coordinates": [ [ [ 69.240933462536589, 41.200613886771791 ], [ 69.240974928702116, 41.200555034458958 ] ] ] } },
{ "type": "Feature", "properties": { "Туман": "Янгиҳает", "Кўча": "-", "Тури": "Наземные", "Эни(м)": 3, "Узунл": 7 }, "geometry": { "type": "MultiLineString", "coordinates": [ [ [ 69.240745079728796, 41.200960577739949 ], [ 69.240822986026544, 41.200987698864132 ] ] ] } },
{ "type": "Feature", "properties": { "Туман": "Янгиҳает", "Кўча": "-", "Тури": "Наземные", "Эни(м)": 3, "Узунл": 7 }, "geometry": { "type": "MultiLineString", "coordinates": [ [ [ 69.240599264963365, 41.201170234738242 ], [ 69.240677184905991, 41.20120102877835 ] ] ] } },
{ "type": "Feature", "properties": { "Туман": "Янгиҳает", "Кўча": "-", "Тури": "Наземные", "Эни(м)": 3, "Узунл": 7 }, "geometry": { "type": "MultiLineString", "coordinates": [ [ [ 69.240347077298821, 41.201547490462431 ], [ 69.240417344290805, 41.201575152492943 ] ] ] } },
{ "type": "Feature", "properties": { "Туман": "Янгиҳает", "Кўча": "-", "Тури": "Наземные", "Эни(м)": 3, "Узунл": 7 }, "geometry": { "type": "MultiLineString", "coordinates": [ [ [ 69.240267589188548, 41.201657841722998 ], [ 69.240337875461037, 41.201690750684897 ] ] ] } },
{ "type": "Feature", "properties": { "Туман": "Янгиҳает", "Кўча": "-", "Тури": "Наземные", "Эни(м)": 3, "Узунл": 8 }, "geometry": { "type": "MultiLineString", "coordinates": [ [ [ 69.239901376990503, 41.20220139939515 ], [ 69.239984173279666, 41.202235594240136 ] ] ] } },
{ "type": "Feature", "properties": { "Туман": "Янгиҳает", "Кўча": "-", "Тури": "Наземные", "Эни(м)": 3, "Узунл": 7 }, "geometry": { "type": "MultiLineString", "coordinates": [ [ [ 69.239709974644398, 41.202484869448845 ], [ 69.239779557234812, 41.202515156749548 ] ] ] } },
{ "type": "Feature", "properties": { "Туман": "Янгиҳает", "Кўча": "-", "Тури": "Наземные", "Эни(м)": 3, "Узунл": 7 }, "geometry": { "type": "MultiLineString", "coordinates": [ [ [ 69.239525138906345, 41.202759668091687 ], [ 69.239596104442541, 41.202788116202385 ] ] ] } },
{ "type": "Feature", "properties": { "Туман": "Янгиҳает", "Кўча": "-", "Тури": "Наземные", "Эни(м)": 3, "Узунл": 6 }, "geometry": { "type": "MultiLineString", "coordinates": [ [ [ 69.239440851857367, 41.202888392970394 ], [ 69.239506609968359, 41.202917639000596 ] ] ] } },
{ "type": "Feature", "properties": { "Туман": "Янгиҳает", "Кўча": "-", "Тури": "Наземные", "Эни(м)": 3, "Узунл": 7 }, "geometry": { "type": "MultiLineString", "coordinates": [ [ [ 69.239197735699989, 41.203232571601831 ], [ 69.239270800110774, 41.203264950742806 ] ] ] } },
{ "type": "Feature", "properties": { "Туман": "Янгиҳает", "Кўча": "-", "Тури": "Наземные", "Эни(м)": 3, "Узунл": 7 }, "geometry": { "type": "MultiLineString", "coordinates": [ [ [ 69.239049179811516, 41.203455349559754 ], [ 69.239118749759783, 41.2034819644349 ] ] ] } },
{ "type": "Feature", "properties": { "Туман": "Янгиҳает", "Кўча": "-", "Тури": "Наземные", "Эни(м)": 3, "Узунл": 6 }, "geometry": { "type": "MultiLineString", "coordinates": [ [ [ 69.238794848368457, 41.203821062968125 ], [ 69.238864414786576, 41.203846628617995 ] ] ] } },
{ "type": "Feature", "properties": { "Туман": "Янгиҳает", "Кўча": "-", "Тури": "Наземные", "Эни(м)": 3, "Узунл": 7 }, "geometry": { "type": "MultiLineString", "coordinates": [ [ [ 69.238706353923163, 41.203939826859987 ], [ 69.238780794992479, 41.20396853060884 ] ] ] } },
{ "type": "Feature", "properties": { "Туман": "Янгиҳает", "Кўча": "-", "Тури": "Наземные", "Эни(м)": 3, "Узунл": 7 }, "geometry": { "type": "MultiLineString", "coordinates": [ [ [ 69.238340764244484, 41.204470523122851 ], [ 69.238413820093442, 41.204500279357035 ] ] ] } },
{ "type": "Feature", "properties": { "Туман": "Янгиҳает", "Кўча": "-", "Тури": "Наземные", "Эни(м)": 3, "Узунл": 6 }, "geometry": { "type": "MultiLineString", "coordinates": [ [ [ 69.238200522403218, 41.204688560505971 ], [ 69.238268700034524, 41.204714129383895 ] ] ] } },
{ "type": "Feature", "properties": { "Туман": "Янгиҳает", "Кўча": "-", "Тури": "Наземные", "Эни(м)": 3, "Узунл": 10 }, "geometry": { "type": "MultiLineString", "coordinates": [ [ [ 69.237860965669043, 41.205120034533117 ], [ 69.237913484882469, 41.205042271620812 ] ] ] } },
{ "type": "Feature", "properties": { "Туман": "Янгиҳает", "Кўча": "-", "Тури": "Наземные", "Эни(м)": 3, "Узунл": 9 }, "geometry": { "type": "MultiLineString", "coordinates": [ [ [ 69.237925299301907, 41.205043296597438 ], [ 69.238016441724128, 41.20507931201773 ] ] ] } },
{ "type": "Feature", "properties": { "Туман": "Янгиҳает", "Кўча": "-", "Тури": "Наземные", "Эни(м)": 3, "Узунл": 7 }, "geometry": { "type": "MultiLineString", "coordinates": [ [ [ 69.238123945657065, 41.20522075664126 ], [ 69.238159174053195, 41.205164541743848 ] ] ] } },
{ "type": "Feature", "properties": { "Туман": "Янгиҳает", "Кўча": "-", "Тури": "Наземные", "Эни(м)": 3, "Узунл": 6 }, "geometry": { "type": "MultiLineString", "coordinates": [ [ [ 69.237588465730042, 41.205460335139726 ], [ 69.237619199741985, 41.205409901293962 ] ] ] } },
{ "type": "Feature", "properties": { "Туман": "Янгиҳает", "Кўча": "-", "Тури": "Наземные", "Эни(м)": 3, "Узунл": 12 }, "geometry": { "type": "MultiLineString", "coordinates": [ [ [ 69.237050016095239, 41.204300563461729 ], [ 69.237114978324087, 41.204205460448335 ] ] ] } },
{ "type": "Feature", "properties": { "Туман": "Янгиҳает", "Кўча": "-", "Тури": "Наземные", "Эни(м)": 3, "Узунл": 12 }, "geometry": { "type": "MultiLineString", "coordinates": [ [ [ 69.236545634509, 41.204107464454189 ], [ 69.236582764559003, 41.204000350980522 ] ] ] } },
{ "type": "Feature", "properties": { "Туман": "Янгиҳает", "Кўча": "-", "Тури": "Наземные", "Эни(м)": 3, "Узунл": 6 }, "geometry": { "type": "MultiLineString", "coordinates": [ [ [ 69.23665980223069, 41.203978680317277 ], [ 69.236728673259819, 41.204004248686005 ] ] ] } },
{ "type": "Feature", "properties": { "Туман": "Янгиҳает", "Кўча": "-", "Тури": "Наземные", "Эни(м)": 3, "Узунл": 6 }, "geometry": { "type": "MultiLineString", "coordinates": [ [ [ 69.236960812203591, 41.203549650179042 ], [ 69.237018564430045, 41.203574454215406 ] ] ] } },
{ "type": "Feature", "properties": { "Туман": "Янгиҳает", "Кўча": "-", "Тури": "Наземные", "Эни(м)": 3, "Узунл": 5 }, "geometry": { "type": "MultiLineString", "coordinates": [ [ [ 69.237233128458371, 41.203159767908225 ], [ 69.237290177192008, 41.203182212144235 ] ] ] } },
{ "type": "Feature", "properties": { "Туман": "Янгиҳает", "Кўча": "-", "Тури": "Наземные", "Эни(м)": 3, "Узунл": 6 }, "geometry": { "type": "MultiLineString", "coordinates": [ [ [ 69.237561724229167, 41.202676636008789 ], [ 69.237629211447199, 41.2027040431229 ] ] ] } },
{ "type": "Feature", "properties": { "Туман": "Янгиҳает", "Кўча": "-", "Тури": "Наземные", "Эни(м)": 3, "Узунл": 6 }, "geometry": { "type": "MultiLineString", "coordinates": [ [ [ 69.23780256062156, 41.202324595116167 ], [ 69.237862397175917, 41.202349656777415 ] ] ] } },
{ "type": "Feature", "properties": { "Туман": "Янгиҳает", "Кўча": "-", "Тури": "Наземные", "Эни(м)": 3, "Узунл": 6 }, "geometry": { "type": "MultiLineString", "coordinates": [ [ [ 69.238090072467742, 41.201913166977704 ], [ 69.238148511728426, 41.201936132611522 ] ] ] } },
{ "type": "Feature", "properties": { "Туман": "Янгиҳает", "Кўча": "-", "Тури": "Наземные", "Эни(м)": 3, "Узунл": 8 }, "geometry": { "type": "MultiLineString", "coordinates": [ [ [ 69.238444709787956, 41.201335009295988 ], [ 69.238532028374763, 41.20137155694394 ] ] ] } },
{ "type": "Feature", "properties": { "Туман": "Янгиҳает", "Кўча": "-", "Тури": "Наземные", "Эни(м)": 3, "Узунл": 5 }, "geometry": { "type": "MultiLineString", "coordinates": [ [ [ 69.238270092886737, 41.201267423029087 ], [ 69.23832296449676, 41.201287776634089 ] ] ] } },
{ "type": "Feature", "properties": { "Туман": "Янгиҳает", "Кўча": "-", "Тури": "Наземные", "Эни(м)": 3, "Узунл": 5 }, "geometry": { "type": "MultiLineString", "coordinates": [ [ [ 69.238231423588331, 41.201332040193627 ], [ 69.238287070245164, 41.201351338689577 ] ] ] } },
{ "type": "Feature", "properties": { "Туман": "Янгиҳает", "Кўча": "-", "Тури": "Наземные", "Эни(м)": 3, "Узунл": 5 }, "geometry": { "type": "MultiLineString", "coordinates": [ [ [ 69.238516777659939, 41.200902251151049 ], [ 69.238566868351441, 41.200922085712492 ] ] ] } },
{ "type": "Feature", "properties": { "Туман": "Янгиҳает", "Кўча": "-", "Тури": "Наземные", "Эни(м)": 3, "Узунл": 7 }, "geometry": { "type": "MultiLineString", "coordinates": [ [ [ 69.23870667817539, 41.200970067717442 ], [ 69.238789328303284, 41.200964649453667 ] ] ] } },
{ "type": "Feature", "properties": { "Туман": "Янгиҳает", "Кўча": "-", "Тури": "Наземные", "Эни(м)": 3, "Узунл": 5 }, "geometry": { "type": "MultiLineString", "coordinates": [ [ [ 69.238618347567041, 41.200750404628486 ], [ 69.238673302958503, 41.20077075375719 ] ] ] } },
{ "type": "Feature", "properties": { "Туман": "Янгиҳает", "Кўча": "-", "Тури": "Наземные", "Эни(м)": 3, "Узунл": 6 }, "geometry": { "type": "MultiLineString", "coordinates": [ [ [ 69.238808285892333, 41.200828714800146 ], [ 69.238839035711095, 41.200879021509181 ] ] ] } },
{ "type": "Feature", "properties": { "Туман": "Янгиҳает", "Кўча": "-", "Тури": "Наземные", "Эни(м)": 3, "Узунл": 25 }, "geometry": { "type": "MultiLineString", "coordinates": [ [ [ 69.238877536762161, 41.200386255423325 ], [ 69.239143965143626, 41.200484869373682 ] ] ] } },
{ "type": "Feature", "properties": { "Туман": "Янгиҳает", "Кўча": "-", "Тури": "Наземные", "Эни(м)": 3, "Узунл": 9 }, "geometry": { "type": "MultiLineString", "coordinates": [ [ [ 69.239337547496405, 41.200037953914133 ], [ 69.239428683730168, 41.200073968264931 ] ] ] } },
{ "type": "Feature", "properties": { "Туман": "Янгиҳает", "Кўча": "-", "Тури": "Наземные", "Эни(м)": 3, "Узунл": 5 }, "geometry": { "type": "MultiLineString", "coordinates": [ [ [ 69.239520983719544, 41.200048066405394 ], [ 69.239550700397075, 41.200005504503004 ] ] ] } },
{ "type": "Feature", "properties": { "Туман": "Янгиҳает", "Кўча": "-", "Тури": "Наземные", "Эни(м)": 3, "Узунл": 7 }, "geometry": { "type": "MultiLineString", "coordinates": [ [ [ 69.239515745015154, 41.199944975218521 ], [ 69.239444767292241, 41.199912329527272 ] ] ] } },
{ "type": "Feature", "properties": { "Туман": "Янгиҳает", "Кўча": "-", "Тури": "Наземные", "Эни(м)": 3, "Узунл": 9 }, "geometry": { "type": "MultiLineString", "coordinates": [ [ [ 69.239275508035831, 41.199979841955688 ], [ 69.239335002775221, 41.199911508302186 ] ] ] } },
{ "type": "Feature", "properties": { "Туман": "Янгиҳает", "Кўча": "-", "Тури": "Наземные", "Эни(м)": 3, "Узунл": 5 }, "geometry": { "type": "MultiLineString", "coordinates": [ [ [ 69.23915875641049, 41.199968016535976 ], [ 69.23920954126956, 41.199987849379916 ] ] ] } },
{ "type": "Feature", "properties": { "Туман": "Янгиҳает", "Кўча": "-", "Тури": "Наземные", "Эни(м)": 3, "Узунл": 29 }, "geometry": { "type": "MultiLineString", "coordinates": [ [ [ 69.239541419074229, 41.199746325693106 ], [ 69.239701732473122, 41.199511979255689 ] ] ] } },
{ "type": "Feature", "properties": { "Туман": "Янгиҳает", "Кўча": "-", "Тури": "Наземные", "Эни(м)": 3, "Узунл": 29 }, "geometry": { "type": "MultiLineString", "coordinates": [ [ [ 69.239644381909955, 41.199787037508855 ], [ 69.239801916303094, 41.199552696716445 ] ] ] } },
{ "type": "Feature", "properties": { "Туман": "Янгиҳает", "Кўча": "-", "Тури": "Наземные", "Эни(м)": 3, "Узунл": 19 }, "geometry": { "type": "MultiLineString", "coordinates": [ [ [ 69.240599069556666, 41.199836466868454 ], [ 69.240795954458676, 41.199914759262029 ] ] ] } },
{ "type": "Feature", "properties": { "Туман": "Янгиҳает", "Кўча": "-", "Тури": "Наземные", "Эни(м)": 3, "Узунл": 28 }, "geometry": { "type": "MultiLineString", "coordinates": [ [ [ 69.240408203757681, 41.20007402647677 ], [ 69.24056161793338, 41.199853335264905 ] ] ] } },
{ "type": "Feature", "properties": { "Туман": "Янгиҳает", "Кўча": "-", "Тури": "Наземные", "Эни(м)": 3, "Узунл": 26 }, "geometry": { "type": "MultiLineString", "coordinates": [ [ [ 69.24064199230132, 41.200175328558998 ], [ 69.240787119663835, 41.199968296371722 ] ] ] } },
{ "type": "Feature", "properties": { "Туман": "Янгиҳает", "Кўча": "-", "Тури": "Наземные", "Эни(м)": 3, "Узунл": 19 }, "geometry": { "type": "MultiLineString", "coordinates": [ [ [ 69.240897564076292, 41.199396675217457 ], [ 69.241093066346352, 41.199477068772055 ] ] ] } },
{ "type": "Feature", "properties": { "Туман": "Янгиҳает", "Кўча": "-", "Тури": "Наземные", "Эни(м)": 3, "Узунл": 26 }, "geometry": { "type": "MultiLineString", "coordinates": [ [ [ 69.240681822678241, 41.199669966419698 ], [ 69.240826964192735, 41.199467131675789 ] ] ] } },
{ "type": "Feature", "properties": { "Туман": "Янгиҳает", "Кўча": "-", "Тури": "Наземные", "Эни(м)": 3, "Узунл": 25 }, "geometry": { "type": "MultiLineString", "coordinates": [ [ [ 69.240916964940212, 41.199761820656647 ], [ 69.24105933489308, 41.199561090191487 ] ] ] } },
{ "type": "Feature", "properties": { "Туман": "Янгиҳает", "Кўча": "-", "Тури": "Наземные", "Эни(м)": 3, "Узунл": 29 }, "geometry": { "type": "MultiLineString", "coordinates": [ [ [ 69.239798453878706, 41.19936538867583 ], [ 69.239958769268725, 41.199132091247336 ] ] ] } },
{ "type": "Feature", "properties": { "Туман": "Янгиҳает", "Кўча": "-", "Тури": "Наземные", "Эни(м)": 3, "Узунл": 29 }, "geometry": { "type": "MultiLineString", "coordinates": [ [ [ 69.239904172013553, 41.19939979821428 ], [ 69.240063109253896, 41.199169651668534 ] ] ] } },
{ "type": "Feature", "properties": { "Туман": "Янгиҳает", "Кўча": "-", "Тури": "Наземные", "Эни(м)": 3, "Узунл": 29 }, "geometry": { "type": "MultiLineString", "coordinates": [ [ [ 69.24006241523675, 41.198979714390106 ], [ 69.240221343238858, 41.19874746885889 ] ] ] } },
{ "type": "Feature", "properties": { "Туман": "Янгиҳает", "Кўча": "-", "Тури": "Наземные", "Эни(м)": 3, "Узунл": 28 }, "geometry": { "type": "MultiLineString", "coordinates": [ [ [ 69.240166762710331, 41.199019373473355 ], [ 69.240321537735966, 41.19879133400714 ] ] ] } },
{ "type": "Feature", "properties": { "Туман": "Янгиҳает", "Кўча": "-", "Тури": "Наземные", "Эни(м)": 3, "Узунл": 29 }, "geometry": { "type": "MultiLineString", "coordinates": [ [ [ 69.240320819950526, 41.198595100455989 ], [ 69.240483921824577, 41.198364944609068 ] ] ] } },
{ "type": "Feature", "properties": { "Туман": "Янгиҳает", "Кўча": "-", "Тури": "Наземные", "Эни(м)": 3, "Узунл": 29 }, "geometry": { "type": "MultiLineString", "coordinates": [ [ [ 69.240430732042327, 41.19863684646176 ], [ 69.240593825948054, 41.198404591707003 ] ] ] } },
{ "type": "Feature", "properties": { "Туман": "Янгиҳает", "Кўча": "-", "Тури": "Наземные", "Эни(м)": 3, "Узунл": 6 }, "geometry": { "type": "MultiLineString", "coordinates": [ [ [ 69.24060290959433, 41.198229325376111 ], [ 69.240665525997883, 41.198255429178303 ] ] ] } },
{ "type": "Feature", "properties": { "Туман": "Янгиҳает", "Кўча": "-", "Тури": "Наземные", "Эни(м)": 3, "Узунл": 28 }, "geometry": { "type": "MultiLineString", "coordinates": [ [ [ 69.241167122032735, 41.199401882681066 ], [ 69.241323285761752, 41.199174363669968 ] ] ] } },
{ "type": "Feature", "properties": { "Туман": "Янгиҳает", "Кўча": "-", "Тури": "Наземные", "Эни(м)": 3, "Узунл": 28 }, "geometry": { "type": "MultiLineString", "coordinates": [ [ [ 69.240929912062583, 41.199314230814863 ], [ 69.241076352825317, 41.199087257167342 ] ] ] } },
{ "type": "Feature", "properties": { "Туман": "Янгиҳает", "Кўча": "-", "Тури": "Наземные", "Эни(м)": 3, "Узунл": 9 }, "geometry": { "type": "MultiLineString", "coordinates": [ [ [ 69.238875628174341, 41.199097089771918 ], [ 69.238967459437191, 41.199133627745596 ] ] ] } },
{ "type": "Feature", "properties": { "Туман": "Янгиҳает", "Кўча": "-", "Тури": "Наземные", "Эни(м)": 3, "Узунл": 9 }, "geometry": { "type": "MultiLineString", "coordinates": [ [ [ 69.238556347607201, 41.199555283511152 ], [ 69.238649603011154, 41.199601263251374 ] ] ] } },
{ "type": "Feature", "properties": { "Туман": "Янгиҳает", "Кўча": "-", "Тури": "Наземные", "Эни(м)": 3, "Узунл": 19 }, "geometry": { "type": "MultiLineString", "coordinates": [ [ [ 69.238216786191103, 41.199402776140481 ], [ 69.238424083414543, 41.199480001674615 ] ] ] } },
{ "type": "Feature", "properties": { "Туман": "Янгиҳает", "Кўча": "-", "Тури": "Наземные", "Эни(м)": 3, "Узунл": 9 }, "geometry": { "type": "MultiLineString", "coordinates": [ [ [ 69.237450836409948, 41.200444298542401 ], [ 69.237548222530407, 41.200479776800371 ] ] ] } },
{ "type": "Feature", "properties": { "Туман": "Янгиҳает", "Кўча": "-", "Тури": "Наземные", "Эни(м)": 3, "Узунл": 9 }, "geometry": { "type": "MultiLineString", "coordinates": [ [ [ 69.237700857781704, 41.200424893847114 ], [ 69.23780102658101, 41.200461415532956 ] ] ] } },
{ "type": "Feature", "properties": { "Туман": "Янгиҳает", "Кўча": "-", "Тури": "Наземные", "Эни(м)": 3, "Узунл": 8 }, "geometry": { "type": "MultiLineString", "coordinates": [ [ [ 69.237825041245841, 41.200570501982085 ], [ 69.237872044931606, 41.200505343038948 ] ] ] } },
{ "type": "Feature", "properties": { "Туман": "Янгиҳает", "Кўча": "-", "Тури": "Наземные", "Эни(м)": 3, "Узунл": 7 }, "geometry": { "type": "MultiLineString", "coordinates": [ [ [ 69.237917841550313, 41.200490557049115 ], [ 69.238005388216422, 41.200494573697057 ] ] ] } },
{ "type": "Feature", "properties": { "Туман": "Янгиҳает", "Кўча": "-", "Тури": "Наземные", "Эни(м)": 3, "Узунл": 21 }, "geometry": { "type": "MultiLineString", "coordinates": [ [ [ 69.237044719430443, 41.201485075601397 ], [ 69.236959700501117, 41.201411793625603 ], [ 69.236860878502867, 41.201363725211515 ] ] ] } },
{ "type": "Feature", "properties": { "Туман": "Янгиҳает", "Кўча": "-", "Тури": "Наземные", "Эни(м)": 3, "Узунл": 6 }, "geometry": { "type": "MultiLineString", "coordinates": [ [ [ 69.237199354969391, 41.201598615464768 ], [ 69.237261261486168, 41.201620000331978 ] ] ] } },
{ "type": "Feature", "properties": { "Туман": "Янгиҳает", "Кўча": "-", "Тури": "Наземные", "Эни(м)": 3, "Узунл": 6 }, "geometry": { "type": "MultiLineString", "coordinates": [ [ [ 69.237306952000409, 41.201383269918999 ], [ 69.237375127745835, 41.201409364039321 ] ] ] } },
{ "type": "Feature", "properties": { "Туман": "Янгиҳает", "Кўча": "-", "Тури": "Наземные", "Эни(м)": 3, "Узунл": 6 }, "geometry": { "type": "MultiLineString", "coordinates": [ [ [ 69.236373436737452, 41.202782970132446 ], [ 69.236441606015916, 41.202806966042473 ] ] ] } },
{ "type": "Feature", "properties": { "Туман": "Янгиҳает", "Кўча": "-", "Тури": "Наземные", "Эни(м)": 3, "Узунл": 21 }, "geometry": { "type": "MultiLineString", "coordinates": [ [ [ 69.235812620870561, 41.203315108399451 ], [ 69.23558723294893, 41.203232668307919 ] ] ] } },
{ "type": "Feature", "properties": { "Туман": "Янгиҳает", "Кўча": "-", "Тури": "Наземные", "Эни(м)": 3, "Узунл": 6 }, "geometry": { "type": "MultiLineString", "coordinates": [ [ [ 69.235372031429378, 41.203084620422274 ], [ 69.235369073946984, 41.203034780700897 ] ] ] } },
{ "type": "Feature", "properties": { "Туман": "Янгиҳает", "Кўча": "-", "Тури": "Наземные", "Эни(м)": 3, "Узунл": 6 }, "geometry": { "type": "MultiLineString", "coordinates": [ [ [ 69.235363300833171, 41.203168589027683 ], [ 69.235404139045727, 41.203126530178437 ] ] ] } },
{ "type": "Feature", "properties": { "Туман": "Янгиҳает", "Кўча": "-", "Тури": "Наземные", "Эни(м)": 3, "Узунл": 4 }, "geometry": { "type": "MultiLineString", "coordinates": [ [ [ 69.235458913014426, 41.203095986053128 ], [ 69.235506154096797, 41.203095889457714 ] ] ] } },
{ "type": "Feature", "properties": { "Туман": "Янгиҳает", "Кўча": "-", "Тури": "Наземные", "Эни(м)": 3, "Узунл": 14 }, "geometry": { "type": "MultiLineString", "coordinates": [ [ [ 69.234940303379133, 41.202999977126517 ], [ 69.235020498665762, 41.202890152811101 ] ] ] } },
{ "type": "Feature", "properties": { "Туман": "Янгиҳает", "Кўча": "-", "Тури": "Наземные", "Эни(м)": 3, "Узунл": 14 }, "geometry": { "type": "MultiLineString", "coordinates": [ [ [ 69.234597294470376, 41.202857435367697 ], [ 69.234671909921076, 41.202741326350626 ] ] ] } },
{ "type": "Feature", "properties": { "Туман": "Янгиҳает", "Кўча": "-", "Тури": "Наземные", "Эни(м)": 3, "Узунл": 14 }, "geometry": { "type": "MultiLineString", "coordinates": [ [ [ 69.234429653654871, 41.202797961815548 ], [ 69.234508448878458, 41.202684992548534 ] ] ] } },
{ "type": "Feature", "properties": { "Туман": "Янгиҳает", "Кўча": "-", "Тури": "Наземные", "Эни(м)": 3, "Узунл": 7 }, "geometry": { "type": "MultiLineString", "coordinates": [ [ [ 69.234554942495052, 41.202670206480867 ], [ 69.234626586459029, 41.202694721081684 ] ] ] } },
{ "type": "Feature", "properties": { "Туман": "Янгиҳает", "Кўча": "-", "Тури": "Наземные", "Эни(м)": 3, "Узунл": 12 }, "geometry": { "type": "MultiLineString", "coordinates": [ [ [ 69.233949722509607, 41.201857114998248 ], [ 69.234072163248726, 41.20190513790503 ] ] ] } },
{ "type": "Feature", "properties": { "Туман": "Янгиҳает", "Кўча": "-", "Тури": "Наземные", "Эни(м)": 3, "Узунл": 13 }, "geometry": { "type": "MultiLineString", "coordinates": [ [ [ 69.233635910854687, 41.202303740565142 ], [ 69.233769478826929, 41.202354889369424 ] ] ] } },
{ "type": "Feature", "properties": { "Туман": "Янгиҳает", "Кўча": "-", "Тури": "Наземные", "Эни(м)": 3, "Узунл": 12 }, "geometry": { "type": "MultiLineString", "coordinates": [ [ [ 69.232840107269183, 41.20142072088057 ], [ 69.232979154174359, 41.201450347143975 ] ] ] } },
{ "type": "Feature", "properties": { "Туман": "Янгиҳает", "Кўча": "-", "Тури": "Наземные", "Эни(м)": 3, "Узунл": 12 }, "geometry": { "type": "MultiLineString", "coordinates": [ [ [ 69.232893778957575, 41.201275272550298 ], [ 69.233032823717338, 41.201304374061728 ] ] ] } },
{ "type": "Feature", "properties": { "Туман": "Янгиҳает", "Кўча": "-", "Тури": "Наземные", "Эни(м)": 3, "Узунл": 7 }, "geometry": { "type": "MultiLineString", "coordinates": [ [ [ 69.233050980922201, 41.201331096634703 ], [ 69.233035213062934, 41.201390418786985 ] ] ] } },
{ "type": "Feature", "properties": { "Туман": "Янгиҳает", "Кўча": "-", "Тури": "Наземные", "Эни(м)": 3, "Узунл": 5 }, "geometry": { "type": "MultiLineString", "coordinates": [ [ [ 69.233365632525704, 41.201121107187994 ], [ 69.233419202802764, 41.201143035707503 ] ] ] } },
{ "type": "Feature", "properties": { "Туман": "Янгиҳает", "Кўча": "-", "Тури": "Наземные", "Эни(м)": 3, "Узунл": 12 }, "geometry": { "type": "MultiLineString", "coordinates": [ [ [ 69.23309186137331, 41.200713450866274 ], [ 69.233236376918356, 41.200718405207986 ] ] ] } },
{ "type": "Feature", "properties": { "Туман": "Янгиҳает", "Кўча": "-", "Тури": "Наземные", "Эни(м)": 3, "Узунл": 5 }, "geometry": { "type": "MultiLineString", "coordinates": [ [ [ 69.233253378360146, 41.200713123850349 ], [ 69.233269188712114, 41.200665869502885 ] ] ] } },
{ "type": "Feature", "properties": { "Туман": "Янгиҳает", "Кўча": "-", "Тури": "Наземные", "Эни(м)": 3, "Узунл": 17 }, "geometry": { "type": "MultiLineString", "coordinates": [ [ [ 69.233321564854123, 41.200742893200484 ], [ 69.233517607423806, 41.200781323106014 ] ] ] } },
{ "type": "Feature", "properties": { "Туман": "Янгиҳает", "Кўча": "-", "Тури": "Наземные", "Эни(м)": 3, "Узунл": 21 }, "geometry": { "type": "MultiLineString", "coordinates": [ [ [ 69.233354634482026, 41.200665171708998 ], [ 69.233593789071165, 41.200715057357279 ] ] ] } },
{ "type": "Feature", "properties": { "Туман": "Янгиҳает", "Кўча": "-", "Тури": "Наземные", "Эни(м)": 3, "Узунл": 5 }, "geometry": { "type": "MultiLineString", "coordinates": [ [ [ 69.233573324992349, 41.200821086745805 ], [ 69.233630368583505, 41.200843008123925 ] ] ] } },
{ "type": "Feature", "properties": { "Туман": "Янгиҳает", "Кўча": "-", "Тури": "Наземные", "Эни(м)": 3, "Узунл": 6 }, "geometry": { "type": "MultiLineString", "coordinates": [ [ [ 69.233511611585925, 41.201048928426175 ], [ 69.23354341111731, 41.201004789777912 ] ] ] } },
{ "type": "Feature", "properties": { "Туман": "Янгиҳает", "Кўча": "-", "Тури": "Наземные", "Эни(м)": 3, "Узунл": 6 }, "geometry": { "type": "MultiLineString", "coordinates": [ [ [ 69.233594539054465, 41.200925982214791 ], [ 69.233634656193047, 41.20087657974463 ] ] ] } },
{ "type": "Feature", "properties": { "Туман": "Янгиҳает", "Кўча": "-", "Тури": "Наземные", "Эни(м)": 3, "Узунл": 5 }, "geometry": { "type": "MultiLineString", "coordinates": [ [ [ 69.23365487013092, 41.200700242059888 ], [ 69.233709131123746, 41.200721119659946 ] ] ] } },
{ "type": "Feature", "properties": { "Туман": "Янгиҳает", "Кўча": "-", "Тури": "Наземные", "Эни(м)": 3, "Узунл": 6 }, "geometry": { "type": "MultiLineString", "coordinates": [ [ [ 69.233570402562151, 41.200780691351412 ], [ 69.233602183268061, 41.200731305798229 ] ] ] } },
{ "type": "Feature", "properties": { "Туман": "Янгиҳает", "Кўча": "-", "Тури": "Наземные", "Эни(м)": 3, "Узунл": 6 }, "geometry": { "type": "MultiLineString", "coordinates": [ [ [ 69.233774927540964, 41.200664844022697 ], [ 69.233808093693895, 41.200614406214527 ] ] ] } },
{ "type": "Feature", "properties": { "Туман": "Янгиҳает", "Кўча": "-", "Тури": "Наземные", "Эни(м)": 3, "Узунл": 6 }, "geometry": { "type": "MultiLineString", "coordinates": [ [ [ 69.233859230350006, 41.200538221973773 ], [ 69.233891697944358, 41.200486736173971 ] ] ] } },
{ "type": "Feature", "properties": { "Туман": "Янгиҳает", "Кўча": "-", "Тури": "Наземные", "Эни(м)": 3, "Узунл": 5 }, "geometry": { "type": "MultiLineString", "coordinates": [ [ [ 69.233943739877944, 41.200274654691292 ], [ 69.234002172501079, 41.200296573065941 ] ] ] } },
{ "type": "Feature", "properties": { "Туман": "Янгиҳает", "Кўча": "-", "Тури": "Наземные", "Эни(м)": 3, "Узунл": 6 }, "geometry": { "type": "MultiLineString", "coordinates": [ [ [ 69.234104908430183, 41.200274327189554 ], [ 69.23413739627145, 41.200228612895074 ] ] ] } },
{ "type": "Feature", "properties": { "Туман": "Янгиҳает", "Кўча": "-", "Тури": "Наземные", "Эни(м)": 3, "Узунл": 6 }, "geometry": { "type": "MultiLineString", "coordinates": [ [ [ 69.234459686338809, 41.20040950083385 ], [ 69.234490788358755, 41.200364838647189 ] ] ] } },
{ "type": "Feature", "properties": { "Туман": "Янгиҳает", "Кўча": "-", "Тури": "Наземные", "Эни(м)": 3, "Узунл": 11 }, "geometry": { "type": "MultiLineString", "coordinates": [ [ [ 69.23492534621613, 41.200663027753983 ], [ 69.234810539451743, 41.20061236671588 ] ] ] } },
{ "type": "Feature", "properties": { "Туман": "Янгиҳает", "Кўча": "-", "Тури": "Наземные", "Эни(м)": 3, "Узунл": 12 }, "geometry": { "type": "MultiLineString", "coordinates": [ [ [ 69.234621948646478, 41.201104387924268 ], [ 69.234497426775377, 41.201056894524619 ] ] ] } },
{ "type": "Feature", "properties": { "Туман": "Янгиҳает", "Кўча": "-", "Тури": "Наземные", "Эни(м)": 3, "Узунл": 12 }, "geometry": { "type": "MultiLineString", "coordinates": [ [ [ 69.234398732214004, 41.201433299920872 ], [ 69.234274908324579, 41.201386854247879 ] ] ] } },
{ "type": "Feature", "properties": { "Туман": "Янгиҳает", "Кўча": "-", "Тури": "Наземные", "Эни(м)": 3, "Узунл": 11 }, "geometry": { "type": "MultiLineString", "coordinates": [ [ [ 69.234912125000108, 41.200462622187338 ], [ 69.235025525297729, 41.2005085637633 ] ] ] } },
{ "type": "Feature", "properties": { "Туман": "Янгиҳает", "Кўча": "-", "Тури": "Наземные", "Эни(м)": 3, "Узунл": 12 }, "geometry": { "type": "MultiLineString", "coordinates": [ [ [ 69.235216846938584, 41.200004468339941 ], [ 69.23534553922461, 41.200053001834206 ] ] ] } },
{ "type": "Feature", "properties": { "Туман": "Янгиҳает", "Кўча": "-", "Тури": "Наземные", "Эни(м)": 3, "Узунл": 11 }, "geometry": { "type": "MultiLineString", "coordinates": [ [ [ 69.235437342453793, 41.199694186830556 ], [ 69.235557346951012, 41.199741688466098 ] ] ] } },
{ "type": "Feature", "properties": { "Туман": "Янгиҳает", "Кўча": "-", "Тури": "Наземные", "Эни(м)": 3, "Узунл": 11 }, "geometry": { "type": "MultiLineString", "coordinates": [ [ [ 69.235756284964395, 41.199232329578791 ], [ 69.235873166546497, 41.199280886667459 ] ] ] } },
{ "type": "Feature", "properties": { "Туман": "Янгиҳает", "Кўча": "-", "Тури": "Наземные", "Эни(м)": 3, "Узунл": 12 }, "geometry": { "type": "MultiLineString", "coordinates": [ [ [ 69.236076231080219, 41.198761024884377 ], [ 69.236196589211914, 41.198810623908038 ] ] ] } },
{ "type": "Feature", "properties": { "Туман": "Янгиҳает", "Кўча": "-", "Тури": "Наземные", "Эни(м)": 3, "Узунл": 11 }, "geometry": { "type": "MultiLineString", "coordinates": [ [ [ 69.236182669843828, 41.198610219856725 ], [ 69.236303016455821, 41.198656670638201 ] ] ] } },
{ "type": "Feature", "properties": { "Туман": "Янгиҳает", "Кўча": "-", "Тури": "Наземные", "Эни(м)": 3, "Узунл": 6 }, "geometry": { "type": "MultiLineString", "coordinates": [ [ [ 69.234892241345378, 41.202187589112917 ], [ 69.234954168315284, 41.20221474679235 ] ] ] } },
{ "type": "Feature", "properties": { "Туман": "Янгиҳает", "Кўча": "-", "Тури": "Наземные", "Эни(м)": 3, "Узунл": 7 }, "geometry": { "type": "MultiLineString", "coordinates": [ [ [ 69.235095412689674, 41.201887050512426 ], [ 69.235166361289018, 41.201911566200678 ] ] ] } },
{ "type": "Feature", "properties": { "Туман": "Янгиҳает", "Кўча": "-", "Тури": "Наземные", "Эни(м)": 3, "Узунл": 6 }, "geometry": { "type": "MultiLineString", "coordinates": [ [ [ 69.235412625781393, 41.201423623833371 ], [ 69.235480804583091, 41.201450768453959 ] ] ] } },
{ "type": "Feature", "properties": { "Туман": "Янгиҳает", "Кўча": "-", "Тури": "Наземные", "Эни(м)": 3, "Узунл": 6 }, "geometry": { "type": "MultiLineString", "coordinates": [ [ [ 69.235733311670387, 41.200961238522638 ], [ 69.235800095074168, 41.200986811735433 ] ] ] } },
{ "type": "Feature", "properties": { "Туман": "Янгиҳает", "Кўча": "-", "Тури": "Наземные", "Эни(м)": 3, "Узунл": 8 }, "geometry": { "type": "MultiLineString", "coordinates": [ [ [ 69.235894536522636, 41.200976124481443 ], [ 69.235937376107486, 41.200911499552802 ] ] ] } },
{ "type": "Feature", "properties": { "Туман": "Янгиҳает", "Кўча": "-", "Тури": "Наземные", "Эни(м)": 3, "Узунл": 6 }, "geometry": { "type": "MultiLineString", "coordinates": [ [ [ 69.235377639849986, 41.200772027320212 ], [ 69.235412199857819, 41.200723160280454 ] ] ] } },
{ "type": "Feature", "properties": { "Туман": "Янгиҳает", "Кўча": "-", "Тури": "Наземные", "Эни(м)": 3, "Узунл": 6 }, "geometry": { "type": "MultiLineString", "coordinates": [ [ [ 69.23502772191388, 41.200637108943042 ], [ 69.235059868512977, 41.200593231511654 ] ] ] } },
{ "type": "Feature", "properties": { "Туман": "Янгиҳает", "Кўча": "-", "Тури": "Наземные", "Эни(м)": 3, "Узунл": 6 }, "geometry": { "type": "MultiLineString", "coordinates": [ [ [ 69.234776941868617, 41.200541864070978 ], [ 69.234811840174331, 41.200490373057029 ] ] ] } },
{ "type": "Feature", "properties": { "Туман": "Янгиҳает", "Кўча": "-", "Тури": "Наземные", "Эни(м)": 3, "Узунл": 12 }, "geometry": { "type": "MultiLineString", "coordinates": [ [ [ 69.233317425254398, 41.200066310577796 ], [ 69.23345854611523, 41.200093833299178 ] ] ] } },
{ "type": "Feature", "properties": { "Туман": "Янгиҳает", "Кўча": "-", "Тури": "Наземные", "Эни(м)": 3, "Узунл": 7 }, "geometry": { "type": "MultiLineString", "coordinates": [ [ [ 69.233529292606789, 41.200062208311941 ], [ 69.23354018942149, 41.200000797186327 ] ] ] } },
{ "type": "Feature", "properties": { "Туман": "Янгиҳает", "Кўча": "-", "Тури": "Наземные", "Эни(м)": 3, "Узунл": 6 }, "geometry": { "type": "MultiLineString", "coordinates": [ [ [ 69.233274076892016, 41.199988219198104 ], [ 69.233295442702214, 41.199940428895736 ] ] ] } },
{ "type": "Feature", "properties": { "Туман": "Янгиҳает", "Кўча": "-", "Тури": "Наземные", "Эни(м)": 3, "Узунл": 7 }, "geometry": { "type": "MultiLineString", "coordinates": [ [ [ 69.234108287052806, 41.200150230536629 ], [ 69.234038724524012, 41.200124137293223 ] ] ] } },
{ "type": "Feature", "properties": { "Туман": "Янгиҳает", "Кўча": "-", "Тури": "Наземные", "Эни(м)": 3, "Узунл": 6 }, "geometry": { "type": "MultiLineString", "coordinates": [ [ [ 69.234358743446307, 41.199668578062422 ], [ 69.234424830316485, 41.199694153497063 ] ] ] } },
{ "type": "Feature", "properties": { "Туман": "Янгиҳает", "Кўча": "-", "Тури": "Наземные", "Эни(м)": 3, "Узунл": 6 }, "geometry": { "type": "MultiLineString", "coordinates": [ [ [ 69.233764843627029, 41.199295154563039 ], [ 69.233775783038027, 41.199245811251153 ] ] ] } },
{ "type": "Feature", "properties": { "Туман": "Янгиҳает", "Кўча": "-", "Тури": "Наземные", "Эни(м)": 3, "Узунл": 6 }, "geometry": { "type": "MultiLineString", "coordinates": [ [ [ 69.233916847647336, 41.198867746117408 ], [ 69.233918052060986, 41.19881579909746 ] ] ] } },
{ "type": "Feature", "properties": { "Туман": "Янгиҳает", "Кўча": "-", "Тури": "Наземные", "Эни(м)": 3, "Узунл": 7 }, "geometry": { "type": "MultiLineString", "coordinates": [ [ [ 69.233957418815081, 41.198751181934348 ], [ 69.23397246625278, 41.1986850400883 ] ] ] } },
{ "type": "Feature", "properties": { "Туман": "Янгиҳает", "Кўча": "-", "Тури": "Наземные", "Эни(м)": 3, "Узунл": 30 }, "geometry": { "type": "MultiLineString", "coordinates": [ [ [ 69.238035304706628, 41.199164678593569 ], [ 69.23820115667165, 41.198924026459544 ] ] ] } },
{ "type": "Feature", "properties": { "Туман": "Янгиҳает", "Кўча": "-", "Тури": "Наземные", "Эни(м)": 3, "Узунл": 9 }, "geometry": { "type": "MultiLineString", "coordinates": [ [ [ 69.238266262273569, 41.198870373134319 ], [ 69.2383664366251, 41.19890899309862 ] ] ] } },
{ "type": "Feature", "properties": { "Туман": "Янгиҳает", "Кўча": "-", "Тури": "Наземные", "Эни(м)": 3, "Узунл": 28 }, "geometry": { "type": "MultiLineString", "coordinates": [ [ [ 69.23729504316978, 41.198855588195812 ], [ 69.237440121317718, 41.198632819495351 ] ] ] } },
{ "type": "Feature", "properties": { "Туман": "Янгиҳает", "Кўча": "-", "Тури": "Наземные", "Эни(м)": 3, "Узунл": 28 }, "geometry": { "type": "MultiLineString", "coordinates": [ [ [ 69.237176796572413, 41.198813856362364 ], [ 69.237332997397004, 41.198593163659105 ] ] ] } },
{ "type": "Feature", "properties": { "Туман": "Янгиҳает", "Кўча": "-", "Тури": "Наземные", "Эни(м)": 3, "Узунл": 6 }, "geometry": { "type": "MultiLineString", "coordinates": [ [ [ 69.237106507641244, 41.198971408887012 ], [ 69.237167373419013, 41.198993845343992 ] ] ] } },
{ "type": "Feature", "properties": { "Туман": "Янгиҳает", "Кўча": "-", "Тури": "Наземные", "Эни(м)": 3, "Узунл": 6 }, "geometry": { "type": "MultiLineString", "coordinates": [ [ [ 69.234596658809807, 41.199469497525712 ], [ 69.234632608084937, 41.199420627878936 ] ] ] } },
{ "type": "Feature", "properties": { "Туман": "Янгиҳает", "Кўча": "-", "Тури": "Наземные", "Эни(м)": 3, "Узунл": 6 }, "geometry": { "type": "MultiLineString", "coordinates": [ [ [ 69.234508177567349, 41.199592455796449 ], [ 69.234537183878629, 41.199544649702936 ] ] ] } },
{ "type": "Feature", "properties": { "Туман": "Янгиҳает", "Кўча": "-", "Тури": "Наземные", "Эни(м)": 3, "Узунл": 6 }, "geometry": { "type": "MultiLineString", "coordinates": [ [ [ 69.234414250967376, 41.199552245685489 ], [ 69.234448125733692, 41.199506003782389 ] ] ] } },
{ "type": "Feature", "properties": { "Туман": "Янгиҳает", "Кўча": "-", "Тури": "Наземные", "Эни(м)": 3, "Узунл": 6 }, "geometry": { "type": "MultiLineString", "coordinates": [ [ [ 69.234497862059598, 41.199427198632009 ], [ 69.234533822623618, 41.199381477148364 ] ] ] } },
{ "type": "Feature", "properties": { "Туман": "Янгиҳает", "Кўча": "-", "Тури": "Наземные", "Эни(м)": 3, "Узунл": 6 }, "geometry": { "type": "MultiLineString", "coordinates": [ [ [ 69.234884652005846, 41.198899094328262 ], [ 69.234952827027954, 41.198925976936501 ] ] ] } },
{ "type": "Feature", "properties": { "Туман": "Янгиҳает", "Кўча": "-", "Тури": "Наземные", "Эни(м)": 3, "Узунл": 6 }, "geometry": { "type": "MultiLineString", "coordinates": [ [ [ 69.234773566867517, 41.199208627144174 ], [ 69.234810203048241, 41.199157657269119 ] ] ] } },
{ "type": "Feature", "properties": { "Туман": "Янгиҳает", "Кўча": "-", "Тури": "Наземные", "Эни(м)": 3, "Узунл": 6 }, "geometry": { "type": "MultiLineString", "coordinates": [ [ [ 69.234861344916794, 41.199083571325446 ], [ 69.234895217251804, 41.199036804599714 ] ] ] } },
{ "type": "Feature", "properties": { "Туман": "Янгиҳает", "Кўча": "-", "Тури": "Наземные", "Эни(м)": 3, "Узунл": 5 }, "geometry": { "type": "MultiLineString", "coordinates": [ [ [ 69.234766705403246, 41.199038116025505 ], [ 69.234795741284941, 41.198998704884588 ] ] ] } },
{ "type": "Feature", "properties": { "Туман": "Янгиҳает", "Кўча": "-", "Тури": "Наземные", "Эни(м)": 3, "Узунл": 6 }, "geometry": { "type": "MultiLineString", "coordinates": [ [ [ 69.234676172876917, 41.199169998390161 ], [ 69.2347121238044, 41.19912165340542 ] ] ] } },
{ "type": "Feature", "properties": { "Туман": "Янгиҳает", "Кўча": "-", "Тури": "Наземные", "Эни(м)": 3, "Узунл": 7 }, "geometry": { "type": "MultiLineString", "coordinates": [ [ [ 69.234096285532246, 41.19843923229493 ], [ 69.234160772276411, 41.19840604555759 ] ] ] } },
{ "type": "Feature", "properties": { "Туман": "Янгиҳает", "Кўча": "-", "Тури": "Наземные", "Эни(м)": 3, "Узунл": 6 }, "geometry": { "type": "MultiLineString", "coordinates": [ [ [ 69.234225186005531, 41.198352395916977 ], [ 69.234284109615515, 41.198317646346041 ] ] ] } },
{ "type": "Feature", "properties": { "Туман": "Янгиҳает", "Кўча": "-", "Тури": "Наземные", "Эни(м)": 3, "Узунл": 6 }, "geometry": { "type": "MultiLineString", "coordinates": [ [ [ 69.234068649345019, 41.198286602888878 ], [ 69.234112975547774, 41.198249259608509 ] ] ] } },
{ "type": "Feature", "properties": { "Туман": "Янгиҳает", "Кўча": "-", "Тури": "Наземные", "Эни(м)": 3, "Узунл": 7 }, "geometry": { "type": "MultiLineString", "coordinates": [ [ [ 69.234017262378273, 41.198291954243999 ], [ 69.23394149465679, 41.198278466165895 ] ] ] } },
{ "type": "Feature", "properties": { "Туман": "Янгиҳает", "Кўча": "-", "Тури": "Наземные", "Эни(м)": 3, "Узунл": 6 }, "geometry": { "type": "MultiLineString", "coordinates": [ [ [ 69.235280347767088, 41.199889693305117 ], [ 69.235314909265668, 41.199841350976826 ] ] ] } },
{ "type": "Feature", "properties": { "Туман": "Янгиҳает", "Кўча": "-", "Тури": "Наземные", "Эни(м)": 3, "Узунл": 7 }, "geometry": { "type": "MultiLineString", "coordinates": [ [ [ 69.235360508637115, 41.199771473685459 ], [ 69.235399221211878, 41.199718400614373 ] ] ] } },
{ "type": "Feature", "properties": { "Туман": "Янгиҳает", "Кўча": "-", "Тури": "Наземные", "Эни(м)": 3, "Узунл": 6 }, "geometry": { "type": "MultiLineString", "coordinates": [ [ [ 69.235523277861361, 41.199830431188467 ], [ 69.235561312583627, 41.199782081682862 ] ] ] } },
{ "type": "Feature", "properties": { "Туман": "Янгиҳает", "Кўча": "-", "Тури": "Наземные", "Эни(м)": 3, "Узунл": 5 }, "geometry": { "type": "MultiLineString", "coordinates": [ [ [ 69.235452810885505, 41.199939711328412 ], [ 69.23548393833741, 41.199902394514282 ] ] ] } },
{ "type": "Feature", "properties": { "Туман": "Янгиҳает", "Кўча": "-", "Тури": "Наземные", "Эни(м)": 3, "Узунл": 5 }, "geometry": { "type": "MultiLineString", "coordinates": [ [ [ 69.235177012570674, 41.200326448561597 ], [ 69.235205361593273, 41.200289137498714 ] ] ] } },
{ "type": "Feature", "properties": { "Туман": "Янгиҳает", "Кўча": "-", "Тури": "Наземные", "Эни(м)": 3, "Узунл": 6 }, "geometry": { "type": "MultiLineString", "coordinates": [ [ [ 69.235254404785366, 41.200210858140665 ], [ 69.235285508049728, 41.200166720428228 ] ] ] } },
{ "type": "Feature", "properties": { "Туман": "Янгиҳает", "Кўча": "-", "Тури": "Наземные", "Эни(м)": 3, "Узунл": 6 }, "geometry": { "type": "MultiLineString", "coordinates": [ [ [ 69.235097173606093, 41.200146642031605 ], [ 69.235131050073164, 41.200100924621566 ] ] ] } },
{ "type": "Feature", "properties": { "Туман": "Янгиҳает", "Кўча": "-", "Тури": "Наземные", "Эни(м)": 3, "Узунл": 7 }, "geometry": { "type": "MultiLineString", "coordinates": [ [ [ 69.235011486179189, 41.200273792511524 ], [ 69.23505368405111, 41.200223860603849 ] ] ] } },
{ "type": "Feature", "properties": { "Туман": "Янгиҳает", "Кўча": "-", "Тури": "Наземные", "Эни(м)": 3, "Узунл": 6 }, "geometry": { "type": "MultiLineString", "coordinates": [ [ [ 69.235806589902552, 41.199118892983215 ], [ 69.235842895784018, 41.199072908035681 ] ] ] } },
{ "type": "Feature", "properties": { "Туман": "Янгиҳает", "Кўча": "-", "Тури": "Наземные", "Эни(м)": 3, "Узунл": 6 }, "geometry": { "type": "MultiLineString", "coordinates": [ [ [ 69.235967632510622, 41.19918100155666 ], [ 69.236001152997105, 41.199133185842562 ] ] ] } },
{ "type": "Feature", "properties": { "Туман": "Янгиҳает", "Кўча": "-", "Тури": "Наземные", "Эни(м)": 3, "Узунл": 6 }, "geometry": { "type": "MultiLineString", "coordinates": [ [ [ 69.235215721290203, 41.198428818693401 ], [ 69.235276242344895, 41.198452306242125 ] ] ] } },
{ "type": "Feature", "properties": { "Туман": "Янгиҳает", "Кўча": "-", "Тури": "Наземные", "Эни(м)": 3, "Узунл": 7 }, "geometry": { "type": "MultiLineString", "coordinates": [ [ [ 69.234853102049968, 41.198235160078987 ], [ 69.234893907524764, 41.198184706359569 ] ] ] } },
{ "type": "Feature", "properties": { "Туман": "Янгиҳает", "Кўча": "-", "Тури": "Наземные", "Эни(м)": 3, "Узунл": 6 }, "geometry": { "type": "MultiLineString", "coordinates": [ [ [ 69.234495885031706, 41.198094745627692 ], [ 69.234526641413666, 41.198050871156937 ] ] ] } },
{ "type": "Feature", "properties": { "Туман": "Янгиҳает", "Кўча": "-", "Тури": "Наземные", "Эни(м)": 3, "Узунл": 7 }, "geometry": { "type": "MultiLineString", "coordinates": [ [ [ 69.234339902841114, 41.198086930383141 ], [ 69.23441398710149, 41.198115375368957 ] ] ] } },
{ "type": "Feature", "properties": { "Туман": "Янгиҳает", "Кўча": "-", "Тури": "Наземные", "Эни(м)": 3, "Узунл": 9 }, "geometry": { "type": "MultiLineString", "coordinates": [ [ [ 69.234041599249935, 41.198005947254167 ], [ 69.23414553813565, 41.198029871851283 ] ] ] } },
{ "type": "Feature", "properties": { "Туман": "Янгиҳает", "Кўча": "-", "Тури": "Наземные", "Эни(м)": 3, "Узунл": 7 }, "geometry": { "type": "MultiLineString", "coordinates": [ [ [ 69.234429791377138, 41.197969478619761 ], [ 69.234503171512017, 41.197995301518425 ] ] ] } },
{ "type": "Feature", "properties": { "Туман": "Янгиҳает", "Кўча": "-", "Тури": "Наземные", "Эни(м)": 3, "Узунл": 5 }, "geometry": { "type": "MultiLineString", "coordinates": [ [ [ 69.234540067363767, 41.197822602472655 ], [ 69.234598496126353, 41.197843995870443 ] ] ] } },
{ "type": "Feature", "properties": { "Туман": "Янгиҳает", "Кўча": "-", "Тури": "Наземные", "Эни(м)": 3, "Узунл": 17 }, "geometry": { "type": "MultiLineString", "coordinates": [ [ [ 69.234669081294015, 41.1977680339633 ], [ 69.234763761152976, 41.197630896191569 ] ] ] } },
{ "type": "Feature", "properties": { "Туман": "Янгиҳает", "Кўча": "-", "Тури": "Наземные", "Эни(м)": 3, "Узунл": 28 }, "geometry": { "type": "MultiLineString", "coordinates": [ [ [ 69.235397327002801, 41.198123338834272 ], [ 69.235551435017143, 41.197898979946466 ] ] ] } },
{ "type": "Feature", "properties": { "Туман": "Янгиҳает", "Кўча": "-", "Тури": "Наземные", "Эни(м)": 3, "Узунл": 29 }, "geometry": { "type": "MultiLineString", "coordinates": [ [ [ 69.23549473678581, 41.198166689188319 ], [ 69.235652293439969, 41.197935502110006 ] ] ] } },
{ "type": "Feature", "properties": { "Туман": "Янгиҳает", "Кўча": "-", "Тури": "Наземные", "Эни(м)": 3, "Узунл": 6 }, "geometry": { "type": "MultiLineString", "coordinates": [ [ [ 69.235325938024445, 41.198265676453268 ], [ 69.235388189065901, 41.198287323984481 ] ] ] } },
{ "type": "Feature", "properties": { "Туман": "Янгиҳает", "Кўча": "-", "Тури": "Наземные", "Эни(м)": 3, "Узунл": 29 }, "geometry": { "type": "MultiLineString", "coordinates": [ [ [ 69.236258541576447, 41.198459215090921 ], [ 69.236416798456986, 41.198230124314087 ] ] ] } },
{ "type": "Feature", "properties": { "Туман": "Янгиҳает", "Кўча": "-", "Тури": "Наземные", "Эни(м)": 3, "Узунл": 29 }, "geometry": { "type": "MultiLineString", "coordinates": [ [ [ 69.23642064576751, 41.198527092480468 ], [ 69.236579585579321, 41.198294851924764 ] ] ] } },
{ "type": "Feature", "properties": { "Туман": "Янгиҳает", "Кўча": "-", "Тури": "Наземные", "Эни(м)": 3, "Узунл": 6 }, "geometry": { "type": "MultiLineString", "coordinates": [ [ [ 69.235724742968088, 41.198573117830314 ], [ 69.235756513460728, 41.198521632915536 ] ] ] } },
{ "type": "Feature", "properties": { "Туман": "Янгиҳает", "Кўча": "-", "Тури": "Наземные", "Эни(м)": 3, "Узунл": 28 }, "geometry": { "type": "MultiLineString", "coordinates": [ [ [ 69.237704077387505, 41.19805065315078 ], [ 69.237860255640243, 41.197824712824605 ] ] ] } },
{ "type": "Feature", "properties": { "Туман": "Янгиҳает", "Кўча": "-", "Тури": "Наземные", "Эни(м)": 3, "Узунл": 29 }, "geometry": { "type": "MultiLineString", "coordinates": [ [ [ 69.23781259947765, 41.198092929222483 ], [ 69.237965987388691, 41.197863846360185 ] ] ] } },
{ "type": "Feature", "properties": { "Туман": "Янгиҳает", "Кўча": "-", "Тури": "Наземные", "Эни(м)": 3, "Узунл": 29 }, "geometry": { "type": "MultiLineString", "coordinates": [ [ [ 69.237441502796315, 41.198438418011683 ], [ 69.237596270759994, 41.198206184652726 ] ] ] } },
{ "type": "Feature", "properties": { "Туман": "Янгиҳает", "Кўча": "-", "Тури": "Наземные", "Эни(м)": 3, "Узунл": 28 }, "geometry": { "type": "MultiLineString", "coordinates": [ [ [ 69.237547218213109, 41.198472829726633 ], [ 69.237702033339588, 41.198253713447301 ] ] ] } },
{ "type": "Feature", "properties": { "Туман": "Янгиҳает", "Кўча": "-", "Тури": "Наземные", "Эни(м)": 3, "Узунл": 29 }, "geometry": { "type": "MultiLineString", "coordinates": [ [ [ 69.236516283229719, 41.198077759162011 ], [ 69.236672441068464, 41.197844999481347 ] ] ] } },
{ "type": "Feature", "properties": { "Туман": "Янгиҳает", "Кўча": "-", "Тури": "Наземные", "Эни(м)": 3, "Узунл": 28 }, "geometry": { "type": "MultiLineString", "coordinates": [ [ [ 69.236685316424996, 41.19814089971949 ], [ 69.23684010906679, 41.197914963625522 ] ] ] } },
{ "type": "Feature", "properties": { "Туман": "Янгиҳает", "Кўча": "-", "Тури": "Наземные", "Эни(м)": 3, "Узунл": 11 }, "geometry": { "type": "MultiLineString", "coordinates": [ [ [ 69.236492976113624, 41.198164381322755 ], [ 69.236604982305295, 41.198209799533679 ] ] ] } },
{ "type": "Feature", "properties": { "Туман": "Янгиҳает", "Кўча": "-", "Тури": "Наземные", "Эни(м)": 3, "Узунл": 28 }, "geometry": { "type": "MultiLineString", "coordinates": [ [ [ 69.235656445691006, 41.197737422102065 ], [ 69.235814015817951, 41.197510432300902 ] ] ] } },
{ "type": "Feature", "properties": { "Туман": "Янгиҳает", "Кўча": "-", "Тури": "Наземные", "Эни(м)": 3, "Узунл": 29 }, "geometry": { "type": "MultiLineString", "coordinates": [ [ [ 69.235762185409342, 41.197779181109858 ], [ 69.235918350871643, 41.197547996501079 ] ] ] } },
{ "type": "Feature", "properties": { "Туман": "Янгиҳает", "Кўча": "-", "Тури": "Наземные", "Эни(м)": 3, "Узунл": 20 }, "geometry": { "type": "MultiLineString", "coordinates": [ [ [ 69.234908508200277, 41.197411017114355 ], [ 69.235026719161937, 41.197249695250989 ] ] ] } },
{ "type": "Feature", "properties": { "Туман": "Янгиҳает", "Кўча": "-", "Тури": "Наземные", "Эни(м)": 3, "Узунл": 7 }, "geometry": { "type": "MultiLineString", "coordinates": [ [ [ 69.234778073035059, 41.197456406668287 ], [ 69.234850411675836, 41.19748249381783 ] ] ] } },
{ "type": "Feature", "properties": { "Туман": "Янгиҳает", "Кўча": "-", "Тури": "Наземные", "Эни(м)": 3, "Узунл": 19 }, "geometry": { "type": "MultiLineString", "coordinates": [ [ [ 69.235178051534547, 41.197026391879135 ], [ 69.235280995624777, 41.196869823154792 ] ] ] } },
{ "type": "Feature", "properties": { "Туман": "Янгиҳает", "Кўча": "-", "Тури": "Наземные", "Эни(м)": 3, "Узунл": 28 }, "geometry": { "type": "MultiLineString", "coordinates": [ [ [ 69.23592043244831, 41.197353855908347 ], [ 69.236076609545393, 41.197126343894702 ] ] ] } },
{ "type": "Feature", "properties": { "Туман": "Янгиҳает", "Кўча": "-", "Тури": "Наземные", "Эни(м)": 3, "Узунл": 29 }, "geometry": { "type": "MultiLineString", "coordinates": [ [ [ 69.236022005630659, 41.197396147908435 ], [ 69.236179562363219, 41.197166009465604 ] ] ] } },
{ "type": "Feature", "properties": { "Туман": "Янгиҳает", "Кўча": "-", "Тури": "Наземные", "Эни(м)": 3, "Узунл": 29 }, "geometry": { "type": "MultiLineString", "coordinates": [ [ [ 69.236783739639236, 41.197694183888935 ], [ 69.23693990129992, 41.197462997901738 ] ] ] } },
{ "type": "Feature", "properties": { "Туман": "Янгиҳает", "Кўча": "-", "Тури": "Наземные", "Эни(м)": 3, "Узунл": 26 }, "geometry": { "type": "MultiLineString", "coordinates": [ [ [ 69.236958965427306, 41.197741045842228 ], [ 69.237101305277889, 41.197529826401137 ] ] ] } },
{ "type": "Feature", "properties": { "Туман": "Янгиҳает", "Кўча": "-", "Тури": "Наземные", "Эни(м)": 3, "Узунл": 7 }, "geometry": { "type": "MultiLineString", "coordinates": [ [ [ 69.235543298584631, 41.199504818497608 ], [ 69.235582016499549, 41.199453319429679 ] ] ] } },
{ "type": "Feature", "properties": { "Туман": "Янгиҳает", "Кўча": "-", "Тури": "Наземные", "Эни(м)": 3, "Узунл": 6 }, "geometry": { "type": "MultiLineString", "coordinates": [ [ [ 69.235708851694966, 41.199565344125439 ], [ 69.235741330539, 41.199517530621819 ] ] ] } },
{ "type": "Feature", "properties": { "Туман": "Янгиҳает", "Кўча": "-", "Тури": "Наземные", "Эни(м)": 3, "Узунл": 6 }, "geometry": { "type": "MultiLineString", "coordinates": [ [ [ 69.235788296002639, 41.199441354050045 ], [ 69.235827723437566, 41.199394050987273 ] ] ] } },
{ "type": "Feature", "properties": { "Туман": "Янгиҳает", "Кўча": "-", "Тури": "Наземные", "Эни(м)": 3, "Узунл": 6 }, "geometry": { "type": "MultiLineString", "coordinates": [ [ [ 69.235633844879942, 41.199377132972444 ], [ 69.23566354684047, 41.199329849863346 ] ] ] } },
{ "type": "Feature", "properties": { "Туман": "Янгиҳает", "Кўча": "-", "Тури": "Наземные", "Эни(м)": 3, "Узунл": 5 }, "geometry": { "type": "MultiLineString", "coordinates": [ [ [ 69.232889711286319, 41.20208750462583 ], [ 69.232919429463763, 41.202043895058559 ] ] ] } },
{ "type": "Feature", "properties": { "Туман": "Янгиҳает", "Кўча": "-", "Тури": "Наземные", "Эни(м)": 3, "Узунл": 6 }, "geometry": { "type": "MultiLineString", "coordinates": [ [ [ 69.233752643454537, 41.202114089750957 ], [ 69.233785821554548, 41.202066800091423 ] ] ] } },
{ "type": "Feature", "properties": { "Туман": "Янгиҳает", "Кўча": "-", "Тури": "Наземные", "Эни(м)": 3, "Узунл": 5 }, "geometry": { "type": "MultiLineString", "coordinates": [ [ [ 69.233840399292077, 41.201981164429348 ], [ 69.233866656316522, 41.201941234491635 ] ] ] } },
{ "type": "Feature", "properties": { "Туман": "Янгиҳает", "Кўча": "-", "Тури": "Наземные", "Эни(м)": 3, "Узунл": 6 }, "geometry": { "type": "MultiLineString", "coordinates": [ [ [ 69.233993482205477, 41.202050112891598 ], [ 69.234029427725844, 41.201999669384378 ] ] ] } },
{ "type": "Feature", "properties": { "Туман": "Янгиҳает", "Кўча": "-", "Тури": "Наземные", "Эни(м)": 3, "Узунл": 6 }, "geometry": { "type": "MultiLineString", "coordinates": [ [ [ 69.233911964050748, 41.20217882812014 ], [ 69.233944447356649, 41.202131539826681 ] ] ] } },
{ "type": "Feature", "properties": { "Туман": "Янгиҳает", "Кўча": "-", "Тури": "Наземные", "Эни(м)": 3, "Узунл": 6 }, "geometry": { "type": "MultiLineString", "coordinates": [ [ [ 69.234520120862939, 41.201284040143626 ], [ 69.234556764010563, 41.201234644429853 ] ] ] } },
{ "type": "Feature", "properties": { "Туман": "Янгиҳает", "Кўча": "-", "Тури": "Наземные", "Эни(м)": 3, "Узунл": 6 }, "geometry": { "type": "MultiLineString", "coordinates": [ [ [ 69.235198958746679, 41.201702409717036 ], [ 69.235234916302147, 41.201655638653421 ] ] ] } },
{ "type": "Feature", "properties": { "Туман": "Янгиҳает", "Кўча": "-", "Тури": "Наземные", "Эни(м)": 3, "Узунл": 6 }, "geometry": { "type": "MultiLineString", "coordinates": [ [ [ 69.235298459719374, 41.201746280628441 ], [ 69.235331634640445, 41.201698465835463 ] ] ] } },
{ "type": "Feature", "properties": { "Туман": "Янгиҳает", "Кўча": "-", "Тури": "Наземные", "Эни(м)": 3, "Узунл": 6 }, "geometry": { "type": "MultiLineString", "coordinates": [ [ [ 69.23538555200939, 41.201623062288363 ], [ 69.235418721164379, 41.201573673403907 ] ] ] } },
{ "type": "Feature", "properties": { "Туман": "Янгиҳает", "Кўча": "-", "Тури": "Наземные", "Эни(м)": 3, "Узунл": 6 }, "geometry": { "type": "MultiLineString", "coordinates": [ [ [ 69.235286053045087, 41.201579716139456 ], [ 69.235318544463084, 41.201535050899778 ] ] ] } },
{ "type": "Feature", "properties": { "Туман": "Янгиҳает", "Кўча": "-", "Тури": "Наземные", "Эни(м)": 3, "Узунл": 7 }, "geometry": { "type": "MultiLineString", "coordinates": [ [ [ 69.235462296568997, 41.201326454191701 ], [ 69.235500313388343, 41.201272857830524 ] ] ] } },
{ "type": "Feature", "properties": { "Туман": "Янгиҳает", "Кўча": "-", "Тури": "Наземные", "Эни(м)": 3, "Узунл": 6 }, "geometry": { "type": "MultiLineString", "coordinates": [ [ [ 69.235562457984472, 41.201360879064211 ], [ 69.235599100389393, 41.201311483021449 ] ] ] } },
{ "type": "Feature", "properties": { "Туман": "Янгиҳает", "Кўча": "-", "Тури": "Наземные", "Эни(м)": 3, "Узунл": 6 }, "geometry": { "type": "MultiLineString", "coordinates": [ [ [ 69.235552150814371, 41.201198770184483 ], [ 69.235587401853223, 41.20114885229745 ] ] ] } },
{ "type": "Feature", "properties": { "Туман": "Янгиҳает", "Кўча": "-", "Тури": "Наземные", "Эни(м)": 3, "Узунл": 7 }, "geometry": { "type": "MultiLineString", "coordinates": [ [ [ 69.235641917898377, 41.201240561942107 ], [ 69.235679940168467, 41.201188539587115 ] ] ] } },
{ "type": "Feature", "properties": { "Туман": "Янгиҳает", "Кўча": "-", "Тури": "Наземные", "Эни(м)": 3, "Узунл": 6 }, "geometry": { "type": "MultiLineString", "coordinates": [ [ [ 69.234701904475045, 41.201025258792598 ], [ 69.234735761045599, 41.200973769928794 ] ] ] } },
{ "type": "Feature", "properties": { "Туман": "Янгиҳает", "Кўча": "-", "Тури": "Наземные", "Эни(м)": 3, "Узунл": 6 }, "geometry": { "type": "MultiLineString", "coordinates": [ [ [ 69.234784127483124, 41.200900214391275 ], [ 69.234820069894752, 41.200849245941839 ] ] ] } },
{ "type": "Feature", "properties": { "Туман": "Янгиҳает", "Кўча": "-", "Тури": "Наземные", "Эни(м)": 3, "Узунл": 6 }, "geometry": { "type": "MultiLineString", "coordinates": [ [ [ 69.234631078286483, 41.200840186668479 ], [ 69.234663554793897, 41.200791324098326 ] ] ] } },
{ "type": "Feature", "properties": { "Туман": "Янгиҳает", "Кўча": "-", "Тури": "Наземные", "Эни(м)": 3, "Узунл": 6 }, "geometry": { "type": "MultiLineString", "coordinates": [ [ [ 69.234543980926631, 41.200962092734194 ], [ 69.234577858197255, 41.200916375491218 ] ] ] } },
{ "type": "Feature", "properties": { "Туман": "Янгиҳает", "Кўча": "-", "Тури": "Наземные", "Эни(м)": 3, "Узунл": 12 }, "geometry": { "type": "MultiLineString", "coordinates": [ [ [ 69.237008437215934, 41.197397532629381 ], [ 69.237135037927288, 41.197445019067139 ] ] ] } },
{ "type": "Feature", "properties": { "Туман": "Янгиҳает", "Кўча": "-", "Тури": "Наземные", "Эни(м)": 3, "Узунл": 6 }, "geometry": { "type": "MultiLineString", "coordinates": [ [ [ 69.236144795816784, 41.197060092809629 ], [ 69.236209488603066, 41.197084883052227 ] ] ] } },
{ "type": "Feature", "properties": { "Туман": "Янгиҳает", "Кўча": "-", "Тури": "Наземные", "Эни(м)": 3, "Узунл": 6 }, "geometry": { "type": "MultiLineString", "coordinates": [ [ [ 69.235625148899587, 41.197824060441135 ], [ 69.235692621851044, 41.197849107628755 ] ] ] } },
{ "type": "Feature", "properties": { "Туман": "Янгиҳает", "Кўча": "-", "Тури": "Наземные", "Эни(м)": 3, "Узунл": 6 }, "geometry": { "type": "MultiLineString", "coordinates": [ [ [ 69.237408117375665, 41.198523224705234 ], [ 69.23747595043686, 41.198551418257821 ] ] ] } },
{ "type": "Feature", "properties": { "Туман": "Янгиҳает", "Кўча": "-", "Тури": "Наземные", "Эни(м)": 3, "Узунл": 6 }, "geometry": { "type": "MultiLineString", "coordinates": [ [ [ 69.234940157950803, 41.198782761686715 ], [ 69.234976108473091, 41.198734416617405 ] ] ] } },
{ "type": "Feature", "properties": { "Туман": "Янгиҳает", "Кўча": "-", "Тури": "Наземные", "Эни(м)": 3, "Узунл": 6 }, "geometry": { "type": "MultiLineString", "coordinates": [ [ [ 69.235038946504815, 41.198822961452251 ], [ 69.235075591652247, 41.198774614934628 ] ] ] } },
{ "type": "Feature", "properties": { "Туман": "Янгиҳает", "Кўча": "-", "Тури": "Наземные", "Эни(м)": 3, "Узунл": 5 }, "geometry": { "type": "MultiLineString", "coordinates": [ [ [ 69.235132947447298, 41.198690022328613 ], [ 69.23516267575279, 41.19865008498666 ] ] ] } },
{ "type": "Feature", "properties": { "Туман": "Янгиҳает", "Кўча": "-", "Тури": "Наземные", "Эни(м)": 3, "Узунл": 6 }, "geometry": { "type": "MultiLineString", "coordinates": [ [ [ 69.235027238565408, 41.198657182462931 ], [ 69.235062499912473, 41.19861041285013 ] ] ] } },
{ "type": "Feature", "properties": { "Туман": "Янгиҳает", "Кўча": "-", "Тури": "Наземные", "Эни(м)": 3, "Узунл": 29 }, "geometry": { "type": "MultiLineString", "coordinates": [ [ [ 69.239302370058866, 41.198676712092031 ], [ 69.239459922153912, 41.198447618613017 ] ] ] } },
{ "type": "Feature", "properties": { "Туман": "Янгиҳает", "Кўча": "-", "Тури": "Наземные", "Эни(м)": 3, "Узунл": 28 }, "geometry": { "type": "MultiLineString", "coordinates": [ [ [ 69.239043951417244, 41.199059224998017 ], [ 69.239194589124551, 41.198838541329678 ] ] ] } },
{ "type": "Feature", "properties": { "Туман": "Янгиҳает", "Кўча": "-", "Тури": "Наземные", "Эни(м)": 3, "Узунл": 6 }, "geometry": { "type": "MultiLineString", "coordinates": [ [ [ 69.239582203784366, 41.198262147781307 ], [ 69.239616085726524, 41.19821905249168 ] ] ] } },
{ "type": "Feature", "properties": { "Туман": "Янгиҳает", "Кўча": "-", "Тури": "Наземные", "Эни(м)": 3, "Узунл": 5 }, "geometry": { "type": "MultiLineString", "coordinates": [ [ [ 69.239670679474415, 41.198140759680633 ], [ 69.23969831310599, 41.198098726754274 ] ] ] } },
{ "type": "Feature", "properties": { "Туман": "Янгиҳает", "Кўча": "-", "Тури": "Наземные", "Эни(м)": 3, "Узунл": 7 }, "geometry": { "type": "MultiLineString", "coordinates": [ [ [ 69.236779713004196, 41.2038050230747 ], [ 69.236821190573679, 41.203747746339594 ] ] ] } },
{ "type": "Feature", "properties": { "Туман": "Янгиҳает", "Кўча": "-", "Тури": "Наземные", "Эни(м)": 3, "Узунл": 7 }, "geometry": { "type": "MultiLineString", "coordinates": [ [ [ 69.236872248216528, 41.203842610622765 ], [ 69.236915118971481, 41.203786380373124 ] ] ] } },
{ "type": "Feature", "properties": { "Туман": "Янгиҳает", "Кўча": "-", "Тури": "Наземные", "Эни(м)": 3, "Узунл": 6 }, "geometry": { "type": "MultiLineString", "coordinates": [ [ [ 69.236857782272224, 41.203684183331333 ], [ 69.236899288080906, 41.203634776892066 ] ] ] } },
{ "type": "Feature", "properties": { "Туман": "Янгиҳает", "Кўча": "-", "Тури": "Наземные", "Эни(м)": 3, "Узунл": 7 }, "geometry": { "type": "MultiLineString", "coordinates": [ [ [ 69.236957951799411, 41.203719656340986 ], [ 69.23699944241072, 41.203666052359573 ] ] ] } },
{ "type": "Feature", "properties": { "Туман": "Янгиҳает", "Кўча": "-", "Тури": "Наземные", "Эни(м)": 3, "Узунл": 7 }, "geometry": { "type": "MultiLineString", "coordinates": [ [ [ 69.237043045401464, 41.203427752353271 ], [ 69.237083837247937, 41.203373100392689 ] ] ] } },
{ "type": "Feature", "properties": { "Туман": "Янгиҳает", "Кўча": "-", "Тури": "Наземные", "Эни(м)": 3, "Узунл": 6 }, "geometry": { "type": "MultiLineString", "coordinates": [ [ [ 69.237134190779742, 41.203465342554246 ], [ 69.237168042900379, 41.203412803622371 ] ] ] } },
{ "type": "Feature", "properties": { "Туман": "Янгиҳает", "Кўча": "-", "Тури": "Наземные", "Эни(м)": 3, "Узунл": 7 }, "geometry": { "type": "MultiLineString", "coordinates": [ [ [ 69.237127683312366, 41.20329850382344 ], [ 69.237171588949948, 41.203240434919643 ] ] ] } },
{ "type": "Feature", "properties": { "Туман": "Янгиҳает", "Кўча": "-", "Тури": "Наземные", "Эни(м)": 3, "Узунл": 7 }, "geometry": { "type": "MultiLineString", "coordinates": [ [ [ 69.237222305969894, 41.203337136180231 ], [ 69.237260658497831, 41.203280390411898 ] ] ] } },
{ "type": "Feature", "properties": { "Туман": "Янгиҳает", "Кўча": "-", "Тури": "Наземные", "Эни(м)": 3, "Узунл": 8 }, "geometry": { "type": "MultiLineString", "coordinates": [ [ [ 69.23730079237157, 41.203043671516497 ], [ 69.237349204839106, 41.202983232140916 ] ] ] } },
{ "type": "Feature", "properties": { "Туман": "Янгиҳает", "Кўча": "-", "Тури": "Наземные", "Эни(м)": 3, "Узунл": 8 }, "geometry": { "type": "MultiLineString", "coordinates": [ [ [ 69.237382917358531, 41.203084428263274 ], [ 69.237432007433299, 41.203019265226267 ] ] ] } },
{ "type": "Feature", "properties": { "Туман": "Янгиҳает", "Кўча": "-", "Тури": "Наземные", "Эни(м)": 3, "Узунл": 9 }, "geometry": { "type": "MultiLineString", "coordinates": [ [ [ 69.237386484635252, 41.202918093461854 ], [ 69.237434866588742, 41.202849259035482 ] ] ] } },
{ "type": "Feature", "properties": { "Туман": "Янгиҳает", "Кўча": "-", "Тури": "Наземные", "Эни(м)": 3, "Узунл": 9 }, "geometry": { "type": "MultiLineString", "coordinates": [ [ [ 69.237482507716365, 41.202959870874629 ], [ 69.237532279038675, 41.202891033542855 ] ] ] } },
{ "type": "Feature", "properties": { "Туман": "Янгиҳает", "Кўча": "-", "Тури": "Наземные", "Эни(м)": 3, "Узунл": 7 }, "geometry": { "type": "MultiLineString", "coordinates": [ [ [ 69.237563056740228, 41.202660892491501 ], [ 69.237603828702319, 41.202600993458034 ] ] ] } },
{ "type": "Feature", "properties": { "Туман": "Янгиҳает", "Кўча": "-", "Тури": "Наземные", "Эни(м)": 3, "Узунл": 7 }, "geometry": { "type": "MultiLineString", "coordinates": [ [ [ 69.237662164972846, 41.202691382508149 ], [ 69.237701566415183, 41.202636733191703 ] ] ] } },
{ "type": "Feature", "properties": { "Туман": "Янгиҳает", "Кўча": "-", "Тури": "Наземные", "Эни(м)": 3, "Узунл": 9 }, "geometry": { "type": "MultiLineString", "coordinates": [ [ [ 69.237647017859771, 41.202537154229319 ], [ 69.237695720039625, 41.202460973335953 ] ] ] } },
{ "type": "Feature", "properties": { "Туман": "Янгиҳает", "Кўча": "-", "Тури": "Наземные", "Эни(м)": 3, "Узунл": 7 }, "geometry": { "type": "MultiLineString", "coordinates": [ [ [ 69.237745061083132, 41.202561350065395 ], [ 69.237785497804808, 41.202504862158783 ] ] ] } },
{ "type": "Feature", "properties": { "Туман": "Янгиҳает", "Кўча": "-", "Тури": "Наземные", "Эни(м)": 3, "Узунл": 6 }, "geometry": { "type": "MultiLineString", "coordinates": [ [ [ 69.23782318928285, 41.202265786978273 ], [ 69.23785705353626, 41.202216920654962 ] ] ] } },
{ "type": "Feature", "properties": { "Туман": "Янгиҳает", "Кўча": "-", "Тури": "Наземные", "Эни(м)": 3, "Узунл": 6 }, "geometry": { "type": "MultiLineString", "coordinates": [ [ [ 69.237923711168619, 41.202303094853228 ], [ 69.23795583953455, 41.202254494433568 ] ] ] } },
{ "type": "Feature", "properties": { "Туман": "Янгиҳает", "Кўча": "-", "Тури": "Наземные", "Эни(м)": 3, "Узунл": 6 }, "geometry": { "type": "MultiLineString", "coordinates": [ [ [ 69.237916155007525, 41.202134946570112 ], [ 69.237946910979716, 41.202091071217851 ] ] ] } },
{ "type": "Feature", "properties": { "Туман": "Янгиҳает", "Кўча": "-", "Тури": "Наземные", "Эни(м)": 3, "Узунл": 5 }, "geometry": { "type": "MultiLineString", "coordinates": [ [ [ 69.238009368012769, 41.202168334277566 ], [ 69.238039086624056, 41.202125772775695 ] ] ] } },
{ "type": "Feature", "properties": { "Туман": "Янгиҳает", "Кўча": "-", "Тури": "Наземные", "Эни(м)": 3, "Узунл": 10 }, "geometry": { "type": "MultiLineString", "coordinates": [ [ [ 69.235879532942192, 41.199022462510648 ], [ 69.235934126161624, 41.198942597401697 ] ] ] } },
{ "type": "Feature", "properties": { "Туман": "Янгиҳает", "Кўча": "-", "Тури": "Наземные", "Эни(м)": 3, "Узунл": 9 }, "geometry": { "type": "MultiLineString", "coordinates": [ [ [ 69.236043676933022, 41.199077743622567 ], [ 69.236089271230966, 41.199006816659328 ] ] ] } },
{ "type": "Feature", "properties": { "Туман": "Янгиҳает", "Кўча": "-", "Тури": "Наземные", "Эни(м)": 3, "Узунл": 8 }, "geometry": { "type": "MultiLineString", "coordinates": [ [ [ 69.236044424451407, 41.198705735003038 ], [ 69.236088644226328, 41.198639008394153 ] ] ] } },
{ "type": "Feature", "properties": { "Туман": "Янгиҳает", "Кўча": "-", "Тури": "Наземные", "Эни(м)": 3, "Узунл": 9 }, "geometry": { "type": "MultiLineString", "coordinates": [ [ [ 69.236289325686911, 41.198809646639276 ], [ 69.236336306998481, 41.198738192036821 ] ] ] } },
{ "type": "Feature", "properties": { "Туман": "Янгиҳает", "Кўча": "-", "Тури": "Наземные", "Эни(м)": 3, "Узунл": 9 }, "geometry": { "type": "MultiLineString", "coordinates": [ [ [ 69.235178360988698, 41.198374326950692 ], [ 69.235222570152473, 41.198304452535524 ] ] ] } },
{ "type": "Feature", "properties": { "Туман": "Янгиҳает", "Кўча": "-", "Тури": "Наземные", "Эни(м)": 3, "Узунл": 10 }, "geometry": { "type": "MultiLineString", "coordinates": [ [ [ 69.23535649207858, 41.198456339813809 ], [ 69.235407602708548, 41.198373858599943 ] ] ] } },
{ "type": "Feature", "properties": { "Туман": "Янгиҳает", "Кўча": "-", "Тури": "Наземные", "Эни(м)": 3, "Узунл": 8 }, "geometry": { "type": "MultiLineString", "coordinates": [ [ [ 69.23796894964525, 41.199305039820615 ], [ 69.238054526659624, 41.19934106675138 ] ] ] } },
{ "type": "Feature", "properties": { "Туман": "Янгиҳает", "Кўча": "-", "Тури": "Наземные", "Эни(м)": 3, "Узунл": 31 }, "geometry": { "type": "MultiLineString", "coordinates": [ [ [ 69.238768426469591, 41.1994665644918 ], [ 69.23894397149887, 41.199217496123921 ] ] ] } },
{ "type": "Feature", "properties": { "Туман": "Янгиҳает", "Кўча": "-", "Тури": "Наземные", "Эни(м)": 3, "Узунл": 7 }, "geometry": { "type": "MultiLineString", "coordinates": [ [ [ 69.235539135217294, 41.202848560772807 ], [ 69.235579221951795, 41.202790762627437 ] ] ] } },
{ "type": "Feature", "properties": { "Туман": "Янгиҳает", "Кўча": "-", "Тури": "Наземные", "Эни(м)": 3, "Узунл": 7 }, "geometry": { "type": "MultiLineString", "coordinates": [ [ [ 69.235624787316667, 41.202710916182006 ], [ 69.235661417247059, 41.202657847309943 ] ] ] } },
{ "type": "Feature", "properties": { "Туман": "Янгиҳает", "Кўча": "-", "Тури": "Наземные", "Эни(м)": 3, "Узунл": 12 }, "geometry": { "type": "MultiLineString", "coordinates": [ [ [ 69.23575974696513, 41.202568448364943 ], [ 69.235888454101456, 41.202619604658594 ] ] ] } },
{ "type": "Feature", "properties": { "Туман": "Янгиҳает", "Кўча": "-", "Тури": "Наземные", "Эни(м)": 3, "Узунл": 7 }, "geometry": { "type": "MultiLineString", "coordinates": [ [ [ 69.234672968964176, 41.202502982709049 ], [ 69.234713073124766, 41.202449907056803 ] ] ] } },
{ "type": "Feature", "properties": { "Туман": "Янгиҳает", "Кўча": "-", "Тури": "Наземные", "Эни(м)": 3, "Узунл": 7 }, "geometry": { "type": "MultiLineString", "coordinates": [ [ [ 69.234768970970904, 41.202539515508562 ], [ 69.23480698155268, 41.202483820630185 ] ] ] } },
{ "type": "Feature", "properties": { "Туман": "Янгиҳает", "Кўча": "-", "Тури": "Наземные", "Эни(м)": 3, "Узунл": 7 }, "geometry": { "type": "MultiLineString", "coordinates": [ [ [ 69.234849796924834, 41.202411850478462 ], [ 69.234891286562885, 41.202357722553458 ] ] ] } },
{ "type": "Feature", "properties": { "Туман": "Янгиҳает", "Кўча": "-", "Тури": "Наземные", "Эни(м)": 3, "Узунл": 5 }, "geometry": { "type": "MultiLineString", "coordinates": [ [ [ 69.234766620084443, 41.202367683563011 ], [ 69.234797031853191, 41.202324072100154 ] ] ] } },
{ "type": "Feature", "properties": { "Туман": "Янгиҳает", "Кўча": "-", "Тури": "Наземные", "Эни(м)": 3, "Узунл": 9 }, "geometry": { "type": "MultiLineString", "coordinates": [ [ [ 69.234930405127017, 41.20212625343548 ], [ 69.234980867581797, 41.20205584170813 ] ] ] } },
{ "type": "Feature", "properties": { "Туман": "Янгиҳает", "Кўча": "-", "Тури": "Наземные", "Эни(м)": 3, "Узунл": 8 }, "geometry": { "type": "MultiLineString", "coordinates": [ [ [ 69.235017465760265, 41.201993853329249 ], [ 69.235063774783512, 41.201927647578849 ] ] ] } },
{ "type": "Feature", "properties": { "Туман": "Янгиҳает", "Кўча": "-", "Тури": "Наземные", "Эни(м)": 3, "Узунл": 8 }, "geometry": { "type": "MultiLineString", "coordinates": [ [ [ 69.23511415441105, 41.202028285673919 ], [ 69.235155619173753, 41.201967336700321 ] ] ] } },
{ "type": "Feature", "properties": { "Туман": "Янгиҳает", "Кўча": "-", "Тури": "Наземные", "Эни(м)": 3, "Узунл": 7 }, "geometry": { "type": "MultiLineString", "coordinates": [ [ [ 69.235022906884822, 41.202155447473217 ], [ 69.235065770621844, 41.202097119140063 ] ] ] } },
{ "type": "Feature", "properties": { "Туман": "Янгиҳает", "Кўча": "-", "Тури": "Наземные", "Эни(м)": 3, "Узунл": 7 }, "geometry": { "type": "MultiLineString", "coordinates": [ [ [ 69.235799996124101, 41.202459229960141 ], [ 69.235839380143588, 41.202399334390073 ] ] ] } },
{ "type": "Feature", "properties": { "Туман": "Янгиҳает", "Кўча": "-", "Тури": "Наземные", "Эни(м)": 3, "Узунл": 7 }, "geometry": { "type": "MultiLineString", "coordinates": [ [ [ 69.235888450519226, 41.202328400427263 ], [ 69.23592783438005, 41.202268504826009 ] ] ] } },
{ "type": "Feature", "properties": { "Туман": "Янгиҳает", "Кўча": "-", "Тури": "Наземные", "Эни(м)": 3, "Узунл": 7 }, "geometry": { "type": "MultiLineString", "coordinates": [ [ [ 69.23606261146395, 41.202075666551977 ], [ 69.236104099889602, 41.202021538190117 ] ] ] } },
{ "type": "Feature", "properties": { "Туман": "Янгиҳает", "Кўча": "-", "Тури": "Наземные", "Эни(м)": 3, "Узунл": 6 }, "geometry": { "type": "MultiLineString", "coordinates": [ [ [ 69.236158659473105, 41.201931703928928 ], [ 69.236193923646155, 41.201885458682334 ] ] ] } },
{ "type": "Feature", "properties": { "Туман": "Янгиҳает", "Кўча": "-", "Тури": "Наземные", "Эни(м)": 3, "Узунл": 12 }, "geometry": { "type": "MultiLineString", "coordinates": [ [ [ 69.236289474541408, 41.201796589665641 ], [ 69.236420274139391, 41.20185036454118 ] ] ] } },
{ "type": "Feature", "properties": { "Туман": "Янгиҳает", "Кўча": "-", "Тури": "Наземные", "Эни(м)": 3, "Узунл": 7 }, "geometry": { "type": "MultiLineString", "coordinates": [ [ [ 69.23632626391769, 41.201691575700714 ], [ 69.236363585534392, 41.201637980484861 ] ] ] } },
{ "type": "Feature", "properties": { "Туман": "Янгиҳает", "Кўча": "-", "Тури": "Наземные", "Эни(м)": 3, "Узунл": 7 }, "geometry": { "type": "MultiLineString", "coordinates": [ [ [ 69.236412629287571, 41.201559962997244 ], [ 69.236447519292128, 41.201506372744618 ] ] ] } },
{ "type": "Feature", "properties": { "Туман": "Янгиҳает", "Кўча": "-", "Тури": "Наземные", "Эни(м)": 3, "Узунл": 15 }, "geometry": { "type": "MultiLineString", "coordinates": [ [ [ 69.236586372702689, 41.201288864920876 ], [ 69.236655089669867, 41.201272458269798 ], [ 69.236690153240019, 41.201267139288149 ], [ 69.236753103224302, 41.201289046977941 ] ] ] } },
{ "type": "Feature", "properties": { "Туман": "Янгиҳает", "Кўча": "-", "Тури": "Наземные", "Эни(м)": 3, "Узунл": 12 }, "geometry": { "type": "MultiLineString", "coordinates": [ [ [ 69.236864100747127, 41.202016567088982 ], [ 69.236986548631862, 41.20206589861057 ] ] ] } },
{ "type": "Feature", "properties": { "Туман": "Янгиҳает", "Кўча": "-", "Тури": "Наземные", "Эни(м)": 3, "Узунл": 7 }, "geometry": { "type": "MultiLineString", "coordinates": [ [ [ 69.237056047092295, 41.201977082568469 ], [ 69.237096141429859, 41.201921907333698 ] ] ] } },
{ "type": "Feature", "properties": { "Туман": "Янгиҳает", "Кўча": "-", "Тури": "Наземные", "Эни(м)": 3, "Узунл": 5 }, "geometry": { "type": "MultiLineString", "coordinates": [ [ [ 69.236884302810211, 41.202224566053644 ], [ 69.236911934256426, 41.202180959750955 ] ] ] } },
{ "type": "Feature", "properties": { "Туман": "Янгиҳает", "Кўча": "-", "Тури": "Наземные", "Эни(м)": 3, "Узунл": 6 }, "geometry": { "type": "MultiLineString", "coordinates": [ [ [ 69.236796532961222, 41.202351984444775 ], [ 69.236831800691689, 41.202306788383723 ] ] ] } },
{ "type": "Feature", "properties": { "Туман": "Янгиҳает", "Кўча": "-", "Тури": "Наземные", "Эни(м)": 3, "Узунл": 7 }, "geometry": { "type": "MultiLineString", "coordinates": [ [ [ 69.236627255088337, 41.202609693960412 ], [ 69.23666213601976, 41.202553480209403 ] ] ] } },
{ "type": "Feature", "properties": { "Туман": "Янгиҳает", "Кўча": "-", "Тури": "Наземные", "Эни(м)": 3, "Узунл": 7 }, "geometry": { "type": "MultiLineString", "coordinates": [ [ [ 69.236535675560205, 41.202740530472326 ], [ 69.236577504757761, 41.202684564823215 ] ] ] } },
{ "type": "Feature", "properties": { "Туман": "Янгиҳает", "Кўча": "-", "Тури": "Наземные", "Эни(м)": 3, "Узунл": 6 }, "geometry": { "type": "MultiLineString", "coordinates": [ [ [ 69.236362551105586, 41.202991688829677 ], [ 69.236393998515666, 41.202946500747977 ] ] ] } },
{ "type": "Feature", "properties": { "Туман": "Янгиҳает", "Кўча": "-", "Тури": "Наземные", "Эни(м)": 3, "Узунл": 6 }, "geometry": { "type": "MultiLineString", "coordinates": [ [ [ 69.236269245038073, 41.203125676818743 ], [ 69.23630415580331, 41.203077595849741 ] ] ] } },
{ "type": "Feature", "properties": { "Туман": "Янгиҳает", "Кўча": "-", "Тури": "Наземные", "Эни(м)": 3, "Узунл": 6 }, "geometry": { "type": "MultiLineString", "coordinates": [ [ [ 69.236107881728458, 41.203363693342403 ], [ 69.236143841425402, 41.203317446696197 ] ] ] } },
{ "type": "Feature", "properties": { "Туман": "Янгиҳает", "Кўча": "-", "Тури": "Наземные", "Эни(м)": 3, "Узунл": 6 }, "geometry": { "type": "MultiLineString", "coordinates": [ [ [ 69.236010422282973, 41.203502149512751 ], [ 69.236043953412548, 41.203456694913982 ] ] ] } },
{ "type": "Feature", "properties": { "Туман": "Янгиҳает", "Кўча": "-", "Тури": "Наземные", "Эни(м)": 3, "Узунл": 9 }, "geometry": { "type": "MultiLineString", "coordinates": [ [ [ 69.23622830308355, 41.203911487413237 ], [ 69.236276681317946, 41.203841079415128 ] ] ] } },
{ "type": "Feature", "properties": { "Туман": "Янгиҳает", "Кўча": "-", "Тури": "Наземные", "Эни(м)": 3, "Узунл": 6 }, "geometry": { "type": "MultiLineString", "coordinates": [ [ [ 69.235782918534369, 41.203701473867312 ], [ 69.235850983058128, 41.203696087573405 ] ] ] } },
{ "type": "Feature", "properties": { "Туман": "Янгиҳает", "Кўча": "-", "Тури": "Наземные", "Эни(м)": 3, "Узунл": 9 }, "geometry": { "type": "MultiLineString", "coordinates": [ [ [ 69.238915495001862, 41.200842790312215 ], [ 69.238971496414152, 41.200768692485845 ] ] ] } },
{ "type": "Feature", "properties": { "Туман": "Янгиҳает", "Кўча": "-", "Тури": "Наземные", "Эни(м)": 3, "Узунл": 8 }, "geometry": { "type": "MultiLineString", "coordinates": [ [ [ 69.239001227133741, 41.200729803548271 ], [ 69.239045470071801, 41.200669896782642 ] ] ] } },
{ "type": "Feature", "properties": { "Туман": "Янгиҳает", "Кўча": "-", "Тури": "Наземные", "Эни(м)": 3, "Узунл": 7 }, "geometry": { "type": "MultiLineString", "coordinates": [ [ [ 69.239150769759178, 41.20192474242053 ], [ 69.239192238346618, 41.201865890756373 ] ] ] } },
{ "type": "Feature", "properties": { "Туман": "Янгиҳает", "Кўча": "-", "Тури": "Наземные", "Эни(м)": 3, "Узунл": 8 }, "geometry": { "type": "MultiLineString", "coordinates": [ [ [ 69.239383824290726, 41.202013980621551 ], [ 69.239432913494113, 41.201949341415428 ] ] ] } },
{ "type": "Feature", "properties": { "Туман": "Янгиҳает", "Кўча": "-", "Тури": "Наземные", "Эни(м)": 3, "Узунл": 8 }, "geometry": { "type": "MultiLineString", "coordinates": [ [ [ 69.239475750221985, 41.20188471518928 ], [ 69.23952136187215, 41.201819033790564 ] ] ] } },
{ "type": "Feature", "properties": { "Туман": "Янгиҳает", "Кўча": "-", "Тури": "Наземные", "Эни(м)": 3, "Узунл": 9 }, "geometry": { "type": "MultiLineString", "coordinates": [ [ [ 69.23924132380732, 41.201800202253253 ], [ 69.239289704906994, 41.201731891730162 ] ] ] } },
{ "type": "Feature", "properties": { "Туман": "Янгиҳает", "Кўча": "-", "Тури": "Наземные", "Эни(м)": 3, "Узунл": 8 }, "geometry": { "type": "MultiLineString", "coordinates": [ [ [ 69.239414769996387, 41.201545890702128 ], [ 69.239458982502413, 41.201477588770999 ] ] ] } },
{ "type": "Feature", "properties": { "Туман": "Янгиҳает", "Кўча": "-", "Тури": "Наземные", "Эни(м)": 3, "Узунл": 10 }, "geometry": { "type": "MultiLineString", "coordinates": [ [ [ 69.239506676087117, 41.20141137835234 ], [ 69.239567521100113, 41.201332023246394 ] ] ] } },
{ "type": "Feature", "properties": { "Туман": "Янгиҳает", "Кўча": "-", "Тури": "Наземные", "Эни(м)": 3, "Узунл": 11 }, "geometry": { "type": "MultiLineString", "coordinates": [ [ [ 69.239739070949739, 41.201510586370617 ], [ 69.239797795271699, 41.201421266403507 ] ] ] } },
{ "type": "Feature", "properties": { "Туман": "Янгиҳает", "Кўча": "-", "Тури": "Наземные", "Эни(м)": 3, "Узунл": 8 }, "geometry": { "type": "MultiLineString", "coordinates": [ [ [ 69.239650597576968, 41.201633810874036 ], [ 69.239695175435671, 41.201570492670797 ] ] ] } },
{ "type": "Feature", "properties": { "Туман": "Янгиҳает", "Кўча": "-", "Тури": "Наземные", "Эни(м)": 3, "Узунл": 8 }, "geometry": { "type": "MultiLineString", "coordinates": [ [ [ 69.239911449402555, 41.201249979974087 ], [ 69.239955674608822, 41.201185350669689 ] ] ] } },
{ "type": "Feature", "properties": { "Туман": "Янгиҳает", "Кўча": "-", "Тури": "Наземные", "Эни(м)": 3, "Узунл": 9 }, "geometry": { "type": "MultiLineString", "coordinates": [ [ [ 69.240005472668599, 41.201124907273417 ], [ 69.240055245712682, 41.201057642905603 ] ] ] } },
{ "type": "Feature", "properties": { "Туман": "Янгиҳает", "Кўча": "-", "Тури": "Наземные", "Эни(м)": 3, "Узунл": 7 }, "geometry": { "type": "MultiLineString", "coordinates": [ [ [ 69.2396811507937, 41.201153916090625 ], [ 69.239725401052738, 41.201096107822913 ] ] ] } },
{ "type": "Feature", "properties": { "Туман": "Янгиҳает", "Кўча": "-", "Тури": "Наземные", "Эни(м)": 3, "Узунл": 9 }, "geometry": { "type": "MultiLineString", "coordinates": [ [ [ 69.239767907782181, 41.20103646674405 ], [ 69.239814192185435, 41.200965012202786 ] ] ] } },
{ "type": "Feature", "properties": { "Туман": "Янгиҳает", "Кўча": "-", "Тури": "Наземные", "Эни(м)": 3, "Узунл": 9 }, "geometry": { "type": "MultiLineString", "coordinates": [ [ [ 69.239942025460593, 41.200776906045114 ], [ 69.239993884313549, 41.200710162046654 ] ] ] } },
{ "type": "Feature", "properties": { "Туман": "Янгиҳает", "Кўча": "-", "Тури": "Наземные", "Эни(м)": 3, "Узунл": 9 }, "geometry": { "type": "MultiLineString", "coordinates": [ [ [ 69.240177178337689, 41.200870860520631 ], [ 69.240229725966401, 41.200802540903396 ] ] ] } },
{ "type": "Feature", "properties": { "Туман": "Янгиҳает", "Кўча": "-", "Тури": "Наземные", "Эни(м)": 3, "Узунл": 9 }, "geometry": { "type": "MultiLineString", "coordinates": [ [ [ 69.240267707884897, 41.200740547959761 ], [ 69.24031676648157, 41.200668038040654 ] ] ] } },
{ "type": "Feature", "properties": { "Туман": "Янгиҳает", "Кўча": "-", "Тури": "Наземные", "Эни(м)": 3, "Узунл": 9 }, "geometry": { "type": "MultiLineString", "coordinates": [ [ [ 69.240028396757552, 41.200649225795694 ], [ 69.240081625638126, 41.20057723197624 ] ] ] } },
{ "type": "Feature", "properties": { "Туман": "Янгиҳает", "Кўча": "-", "Тури": "Наземные", "Эни(м)": 3, "Узунл": 9 }, "geometry": { "type": "MultiLineString", "coordinates": [ [ [ 69.239857358500501, 41.200229828153851 ], [ 69.239911276173672, 41.200156258895902 ] ] ] } },
{ "type": "Feature", "properties": { "Туман": "Янгиҳает", "Кўча": "-", "Тури": "Наземные", "Эни(м)": 3, "Узунл": 9 }, "geometry": { "type": "MultiLineString", "coordinates": [ [ [ 69.240182907525735, 41.200347730179708 ], [ 69.240232675965558, 41.200279416351201 ] ] ] } },
{ "type": "Feature", "properties": { "Туман": "Янгиҳает", "Кўча": "-", "Тури": "Наземные", "Эни(м)": 3, "Узунл": 7 }, "geometry": { "type": "MultiLineString", "coordinates": [ [ [ 69.239270726544945, 41.200335986935301 ], [ 69.239307327363605, 41.200276095942336 ] ] ] } },
{ "type": "Feature", "properties": { "Туман": "Янгиҳает", "Кўча": "-", "Тури": "Наземные", "Эни(м)": 3, "Узунл": 7 }, "geometry": { "type": "MultiLineString", "coordinates": [ [ [ 69.23918780472718, 41.200457363150136 ], [ 69.23922648785728, 41.200396943166808 ] ] ] } },
{ "type": "Feature", "properties": { "Туман": "Янгиҳает", "Кўча": "-", "Тури": "Наземные", "Эни(м)": 3, "Узунл": 22 }, "geometry": { "type": "MultiLineString", "coordinates": [ [ [ 69.237506755043967, 41.204334120934007 ], [ 69.237743969143821, 41.204419156296616 ] ] ] } },
{ "type": "Feature", "properties": { "Туман": "Янгиҳает", "Кўча": "-", "Тури": "Наземные", "Эни(м)": 3, "Узунл": 7 }, "geometry": { "type": "MultiLineString", "coordinates": [ [ [ 69.237862817693994, 41.204240515558041 ], [ 69.237904300291234, 41.204184812503684 ] ] ] } },
{ "type": "Feature", "properties": { "Туман": "Янгиҳает", "Кўча": "-", "Тури": "Наземные", "Эни(м)": 3, "Узунл": 7 }, "geometry": { "type": "MultiLineString", "coordinates": [ [ [ 69.237951283659598, 41.204113357303612 ], [ 69.237994161268517, 41.204059225409907 ] ] ] } },
{ "type": "Feature", "properties": { "Туман": "Янгиҳает", "Кўча": "-", "Тури": "Наземные", "Эни(м)": 3, "Узунл": 6 }, "geometry": { "type": "MultiLineString", "coordinates": [ [ [ 69.237633189206207, 41.204139724020429 ], [ 69.237671224852349, 41.204091373851725 ] ] ] } },
{ "type": "Feature", "properties": { "Туман": "Янгиҳает", "Кўча": "-", "Тури": "Наземные", "Эни(м)": 3, "Узунл": 8 }, "geometry": { "type": "MultiLineString", "coordinates": [ [ [ 69.237714734751052, 41.204019925915198 ], [ 69.237758965873525, 41.203955822162904 ] ] ] } },
{ "type": "Feature", "properties": { "Туман": "Янгиҳает", "Кўча": "-", "Тури": "Наземные", "Эни(м)": 3, "Узунл": 9 }, "geometry": { "type": "MultiLineString", "coordinates": [ [ [ 69.238108152988261, 41.203882693213288 ], [ 69.238156529182959, 41.203812284430654 ] ] ] } },
{ "type": "Feature", "properties": { "Туман": "Янгиҳает", "Кўча": "-", "Тури": "Наземные", "Эни(м)": 3, "Узунл": 8 }, "geometry": { "type": "MultiLineString", "coordinates": [ [ [ 69.238213188740076, 41.203727167112007 ], [ 69.238260881399185, 41.203659907850849 ] ] ] } },
{ "type": "Feature", "properties": { "Туман": "Янгиҳает", "Кўча": "-", "Тури": "Наземные", "Эни(м)": 3, "Узунл": 6 }, "geometry": { "type": "MultiLineString", "coordinates": [ [ [ 69.237980120194237, 41.203635303139393 ], [ 69.238014694967674, 41.203590632850414 ] ] ] } },
{ "type": "Feature", "properties": { "Туман": "Янгиҳает", "Кўча": "-", "Тури": "Наземные", "Эни(м)": 3, "Узунл": 7 }, "geometry": { "type": "MultiLineString", "coordinates": [ [ [ 69.237902054952343, 41.203756668327152 ], [ 69.23794144542623, 41.203698870807933 ] ] ] } },
{ "type": "Feature", "properties": { "Туман": "Янгиҳает", "Кўча": "-", "Тури": "Наземные", "Эни(м)": 3, "Узунл": 25 }, "geometry": { "type": "MultiLineString", "coordinates": [ [ [ 69.236157582811657, 41.20433768249606 ], [ 69.236423684324279, 41.204438664449185 ] ] ] } },
{ "type": "Feature", "properties": { "Туман": "Янгиҳает", "Кўча": "-", "Тури": "Наземные", "Эни(м)": 3, "Узунл": 9 }, "geometry": { "type": "MultiLineString", "coordinates": [ [ [ 69.235504213174153, 41.204540764575981 ], [ 69.235527563325292, 41.204465161156136 ] ] ] } },
{ "type": "Feature", "properties": { "Туман": "Янгиҳает", "Кўча": "-", "Тури": "Наземные", "Эни(м)": 3, "Узунл": 8 }, "geometry": { "type": "MultiLineString", "coordinates": [ [ [ 69.235548224791856, 41.204414748452905 ], [ 69.23556047790477, 41.204344414642712 ] ] ] } },
{ "type": "Feature", "properties": { "Туман": "Янгиҳает", "Кўча": "-", "Тури": "Наземные", "Эни(м)": 3, "Узунл": 12 }, "geometry": { "type": "MultiLineString", "coordinates": [ [ [ 69.235001553888864, 41.204634137199854 ], [ 69.235065139330487, 41.204541661616268 ] ] ] } },
{ "type": "Feature", "properties": { "Туман": "Янгиҳает", "Кўча": "-", "Тури": "Наземные", "Эни(м)": 3, "Узунл": 8 }, "geometry": { "type": "MultiLineString", "coordinates": [ [ [ 69.23513890334695, 41.204381479927285 ], [ 69.235185208283795, 41.204313700086438 ] ] ] } },
{ "type": "Feature", "properties": { "Туман": "Янгиҳает", "Кўча": "-", "Тури": "Наземные", "Эни(м)": 3, "Узунл": 7 }, "geometry": { "type": "MultiLineString", "coordinates": [ [ [ 69.235216274069373, 41.204258543964073 ], [ 69.23522995079675, 41.204197651738305 ] ] ] } },
{ "type": "Feature", "properties": { "Туман": "Янгиҳает", "Кўча": "-", "Тури": "Наземные", "Эни(м)": 3, "Узунл": 8 }, "geometry": { "type": "MultiLineString", "coordinates": [ [ [ 69.238159486952952, 41.203382555395855 ], [ 69.238202316350737, 41.203315306212076 ] ] ] } },
{ "type": "Feature", "properties": { "Туман": "Янгиҳает", "Кўча": "-", "Тури": "Наземные", "Эни(м)": 3, "Узунл": 7 }, "geometry": { "type": "MultiLineString", "coordinates": [ [ [ 69.238395308998122, 41.203467592311291 ], [ 69.238431232857963, 41.203411900566863 ] ] ] } },
{ "type": "Feature", "properties": { "Туман": "Янгиҳает", "Кўча": "-", "Тури": "Наземные", "Эни(м)": 3, "Узунл": 8 }, "geometry": { "type": "MultiLineString", "coordinates": [ [ [ 69.238476125216238, 41.20333887539617 ], [ 69.238523840187568, 41.203277912282537 ] ] ] } },
{ "type": "Feature", "properties": { "Туман": "Янгиҳает", "Кўча": "-", "Тури": "Наземные", "Эни(м)": 3, "Узунл": 5 }, "geometry": { "type": "MultiLineString", "coordinates": [ [ [ 69.238247905524574, 41.203242804379983 ], [ 69.238279708632106, 41.203200238511442 ] ] ] } },
{ "type": "Feature", "properties": { "Туман": "Янгиҳает", "Кўча": "-", "Тури": "Наземные", "Эни(м)": 3, "Узунл": 6 }, "geometry": { "type": "MultiLineString", "coordinates": [ [ [ 69.238657209859852, 41.203081663424726 ], [ 69.238690375375469, 41.203031748926904 ] ] ] } },
{ "type": "Feature", "properties": { "Туман": "Янгиҳает", "Кўча": "-", "Тури": "Наземные", "Эни(м)": 3, "Узунл": 8 }, "geometry": { "type": "MultiLineString", "coordinates": [ [ [ 69.238735948559707, 41.20295504939353 ], [ 69.238787816071294, 41.202889880020436 ] ] ] } },
{ "type": "Feature", "properties": { "Туман": "Янгиҳает", "Кўча": "-", "Тури": "Наземные", "Эни(м)": 3, "Узунл": 7 }, "geometry": { "type": "MultiLineString", "coordinates": [ [ [ 69.238422745933448, 41.20298770445909 ], [ 69.238464921988751, 41.202931999755833 ] ] ] } },
{ "type": "Feature", "properties": { "Туман": "Янгиҳает", "Кўча": "-", "Тури": "Наземные", "Эни(м)": 3, "Узунл": 7 }, "geometry": { "type": "MultiLineString", "coordinates": [ [ [ 69.23851122437776, 41.20286474326096 ], [ 69.238552003220761, 41.202806942649246 ] ] ] } },
{ "type": "Feature", "properties": { "Туман": "Янгиҳает", "Кўча": "-", "Тури": "Наземные", "Эни(м)": 3, "Узунл": 7 }, "geometry": { "type": "MultiLineString", "coordinates": [ [ [ 69.238927447123487, 41.202696503662295 ], [ 69.238964057195091, 41.202638711551927 ] ] ] } },
{ "type": "Feature", "properties": { "Туман": "Янгиҳает", "Кўча": "-", "Тури": "Наземные", "Эни(м)": 3, "Узунл": 8 }, "geometry": { "type": "MultiLineString", "coordinates": [ [ [ 69.238686745087676, 41.202606231014954 ], [ 69.23872890351447, 41.202545804017447 ] ] ] } },
{ "type": "Feature", "properties": { "Туман": "Янгиҳает", "Кўча": "-", "Тури": "Наземные", "Эни(м)": 3, "Узунл": 7 }, "geometry": { "type": "MultiLineString", "coordinates": [ [ [ 69.239004115966935, 41.202574091272474 ], [ 69.239046978342671, 41.202516286158982 ] ] ] } },
{ "type": "Feature", "properties": { "Туман": "Янгиҳает", "Кўча": "-", "Тури": "Наземные", "Эни(м)": 3, "Узунл": 8 }, "geometry": { "type": "MultiLineString", "coordinates": [ [ [ 69.238773115495761, 41.202476977669392 ], [ 69.238821516653161, 41.202413914231954 ] ] ] } },
{ "type": "Feature", "properties": { "Туман": "Янгиҳает", "Кўча": "-", "Тури": "Наземные", "Эни(м)": 3, "Узунл": 8 }, "geometry": { "type": "MultiLineString", "coordinates": [ [ [ 69.238649467761633, 41.2012373859055 ], [ 69.238694752459566, 41.201177214774518 ] ] ] } },
{ "type": "Feature", "properties": { "Туман": "Янгиҳает", "Кўча": "-", "Тури": "Наземные", "Эни(м)": 3, "Узунл": 9 }, "geometry": { "type": "MultiLineString", "coordinates": [ [ [ 69.238737589415052, 41.201112588813601 ], [ 69.238787002097283, 41.201041390546678 ] ] ] } },
{ "type": "Feature", "properties": { "Туман": "Янгиҳает", "Кўча": "-", "Тури": "Наземные", "Эни(м)": 3, "Узунл": 9 }, "geometry": { "type": "MultiLineString", "coordinates": [ [ [ 69.238382705501138, 41.201621750879127 ], [ 69.238434553274146, 41.201551334767387 ] ] ] } },
{ "type": "Feature", "properties": { "Туман": "Янгиҳает", "Кўча": "-", "Тури": "Наземные", "Эни(м)": 3, "Узунл": 7 }, "geometry": { "type": "MultiLineString", "coordinates": [ [ [ 69.238466628520243, 41.201488305268384 ], [ 69.238509142361522, 41.201430238719794 ] ] ] } },
{ "type": "Feature", "properties": { "Туман": "Янгиҳает", "Кўча": "-", "Тури": "Наземные", "Эни(м)": 3, "Узунл": 8 }, "geometry": { "type": "MultiLineString", "coordinates": [ [ [ 69.237798045577463, 41.200645457578432 ], [ 69.237864591343978, 41.200701199903143 ] ] ] } },
{ "type": "Feature", "properties": { "Туман": "Янгиҳает", "Кўча": "-", "Тури": "Наземные", "Эни(м)": 3, "Узунл": 16 }, "geometry": { "type": "MultiLineString", "coordinates": [ [ [ 69.238777704737501, 41.198101032649625 ], [ 69.238946039756172, 41.198162597256712 ] ] ] } },
{ "type": "Feature", "properties": { "Туман": "Янгиҳает", "Кўча": "-", "Тури": "Наземные", "Эни(м)": 3, "Узунл": 29 }, "geometry": { "type": "MultiLineString", "coordinates": [ [ [ 69.238570363379566, 41.198393191481422 ], [ 69.238725800938752, 41.198155183598544 ] ] ] } },
{ "type": "Feature", "properties": { "Туман": "Янгиҳает", "Кўча": "-", "Тури": "Наземные", "Эни(м)": 3, "Узунл": 29 }, "geometry": { "type": "MultiLineString", "coordinates": [ [ [ 69.238305695201262, 41.198777289775478 ], [ 69.238463936169339, 41.198545572771877 ] ] ] } },
{ "type": "Feature", "properties": { "Туман": "Янгиҳает", "Кўча": "-", "Тури": "Наземные", "Эни(м)": 3, "Узунл": 12 }, "geometry": { "type": "MultiLineString", "coordinates": [ [ [ 69.238331847938937, 41.204645919916658 ], [ 69.238396814360371, 41.204552390254527 ] ] ] } },
{ "type": "Feature", "properties": { "Туман": "Янгиҳает", "Кўча": "-", "Тури": "Наземные", "Эни(м)": 3, "Узунл": 15 }, "geometry": { "type": "MultiLineString", "coordinates": [ [ [ 69.239168075603914, 41.203434246190447 ], [ 69.239246846222841, 41.203316551519663 ] ] ] } },
{ "type": "Feature", "properties": { "Туман": "Янгиҳает", "Кўча": "-", "Тури": "Наземные", "Эни(м)": 3, "Узунл": 9 }, "geometry": { "type": "MultiLineString", "coordinates": [ [ [ 69.239549562528822, 41.202884625226162 ], [ 69.239596543181136, 41.202813169346115 ] ] ] } },
{ "type": "Feature", "properties": { "Туман": "Янгиҳает", "Кўча": "-", "Тури": "Наземные", "Эни(м)": 3, "Узунл": 7 }, "geometry": { "type": "MultiLineString", "coordinates": [ [ [ 69.243123409663838, 41.206500659528949 ], [ 69.243204017066546, 41.206504686864697 ] ] ] } },
{ "type": "Feature", "properties": { "Туман": "Янгиҳает", "Кўча": "-", "Тури": "Наземные", "Эни(м)": 3, "Узунл": 7 }, "geometry": { "type": "MultiLineString", "coordinates": [ [ [ 69.243105291595441, 41.206486006403097 ], [ 69.243109227098032, 41.206423035064788 ] ] ] } },
{ "type": "Feature", "properties": { "Туман": "Янгиҳает", "Кўча": "-", "Тури": "Наземные", "Эни(м)": 3, "Узунл": 7 }, "geometry": { "type": "MultiLineString", "coordinates": [ [ [ 69.243134191722731, 41.20641038975581 ], [ 69.243213405616572, 41.206413370643276 ] ] ] } },
{ "type": "Feature", "properties": { "Туман": "Янгиҳает", "Кўча": "-", "Тури": "Наземные", "Эни(м)": 3, "Узунл": 7 }, "geometry": { "type": "MultiLineString", "coordinates": [ [ [ 69.243228973931977, 41.206489942784067 ], [ 69.243232909316191, 41.206426971441893 ] ] ] } },
{ "type": "Feature", "properties": { "Туман": "Янгиҳает", "Кўча": "-", "Тури": "Наземные", "Эни(м)": 3, "Узунл": 7 }, "geometry": { "type": "MultiLineString", "coordinates": [ [ [ 69.243599725245701, 41.206421998583806 ], [ 69.243680324793161, 41.206423926835214 ] ] ] } },
{ "type": "Feature", "properties": { "Туман": "Янгиҳает", "Кўча": "-", "Тури": "Наземные", "Эни(м)": 3, "Узунл": 8 }, "geometry": { "type": "MultiLineString", "coordinates": [ [ [ 69.243927696030042, 41.206620687303321 ], [ 69.244017347185235, 41.206627843065071 ] ] ] } },
{ "type": "Feature", "properties": { "Туман": "Янгиҳает", "Кўча": "-", "Тури": "Наземные", "Эни(м)": 3, "Узунл": 6 }, "geometry": { "type": "MultiLineString", "coordinates": [ [ [ 69.244032575344619, 41.20661259473232 ], [ 69.244042087522828, 41.206554858466006 ] ] ] } },
{ "type": "Feature", "properties": { "Туман": "Янгиҳает", "Кўча": "-", "Тури": "Наземные", "Эни(м)": 3, "Узунл": 7 }, "geometry": { "type": "MultiLineString", "coordinates": [ [ [ 69.244033004985283, 41.20654123572276 ], [ 69.243946819940547, 41.206531973863285 ] ] ] } },
{ "type": "Feature", "properties": { "Туман": "Янгиҳает", "Кўча": "-", "Тури": "Наземные", "Эни(м)": 3, "Узунл": 4 }, "geometry": { "type": "MultiLineString", "coordinates": [ [ [ 69.243909573852761, 41.206604984929363 ], [ 69.243913619651778, 41.206571920770507 ] ] ] } },
{ "type": "Feature", "properties": { "Туман": "Янгиҳает", "Кўча": "-", "Тури": "Наземные", "Эни(м)": 3, "Узунл": 4 }, "geometry": { "type": "MultiLineString", "coordinates": [ [ [ 69.24387157909419, 41.206850621199507 ], [ 69.243876315791255, 41.20681650619651 ] ] ] } },
{ "type": "Feature", "properties": { "Туман": "Янгиҳает", "Кўча": "Қўрғонтепа кўча", "Тури": "Наземные", "Эни(м)": 3, "Узунл": 18 }, "geometry": { "type": "MultiLineString", "coordinates": [ [ [ 69.20354769471021, 41.211678987261116 ], [ 69.203743847154399, 41.211747899689023 ] ] ] } },
{ "type": "Feature", "properties": { "Туман": "Янгиҳает", "Кўча": "Шокирариқ кўча", "Тури": "Наземные", "Эни(м)": 3, "Узунл": 14 }, "geometry": { "type": "MultiLineString", "coordinates": [ [ [ 69.203847922792008, 41.211700493264004 ], [ 69.203925399839591, 41.211590170851522 ] ] ] } },
{ "type": "Feature", "properties": { "Туман": "Янгиҳает", "Кўча": "Қўрғонтепа кўча", "Тури": "Наземные", "Эни(м)": 3, "Узунл": 16 }, "geometry": { "type": "MultiLineString", "coordinates": [ [ [ 69.203911236391647, 41.211504146501355 ], [ 69.203745636673432, 41.211428884004981 ] ] ] } },
{ "type": "Feature", "properties": { "Туман": "Янгиҳает", "Кўча": "Шокирариқ кўча", "Тури": "Наземные", "Эни(м)": 3, "Узунл": 16 }, "geometry": { "type": "MultiLineString", "coordinates": [ [ [ 69.203487615539416, 41.211574155107783 ], [ 69.20357477486867, 41.211449124453395 ] ] ] } },
{ "type": "Feature", "properties": { "Туман": "Янгиҳает", "Кўча": "Қўрғонтепа кўча", "Тури": "Наземные", "Эни(м)": 3, "Узунл": 13 }, "geometry": { "type": "MultiLineString", "coordinates": [ [ [ 69.202244656679738, 41.213626839283663 ], [ 69.202387251427666, 41.213676434458463 ] ] ] } },
{ "type": "Feature", "properties": { "Туман": "Янгиҳает", "Кўча": "Қўрғонтепа-1 тор кўча", "Тури": "Наземные", "Эни(м)": 3, "Узунл": 10 }, "geometry": { "type": "MultiLineString", "coordinates": [ [ [ 69.197985888414635, 41.213823128732379 ], [ 69.198091354854441, 41.213773626366013 ] ] ] } },
{ "type": "Feature", "properties": { "Туман": "Янгиҳает", "Кўча": "Қўрғонтепа-1 тор кўча", "Тури": "Наземные", "Эни(м)": 3, "Узунл": 11 }, "geometry": { "type": "MultiLineString", "coordinates": [ [ [ 69.196978205341722, 41.212610195884025 ], [ 69.19709477675579, 41.212557002584276 ] ] ] } },
{ "type": "Feature", "properties": { "Туман": "Янгиҳает", "Кўча": "Қўрғонтепа-1 тор кўча", "Тури": "Наземные", "Эни(м)": 3, "Узунл": 11 }, "geometry": { "type": "MultiLineString", "coordinates": [ [ [ 69.195747375363254, 41.211114299935154 ], [ 69.195861849751083, 41.211057438592832 ] ] ] } },
{ "type": "Feature", "properties": { "Туман": "Янгиҳает", "Кўча": "Қўрғонтепа-1 тор кўча", "Тури": "Наземные", "Эни(м)": 3, "Узунл": 11 }, "geometry": { "type": "MultiLineString", "coordinates": [ [ [ 69.194085619487055, 41.209077635440664 ], [ 69.19419245533264, 41.209022887379533 ] ] ] } },
{ "type": "Feature", "properties": { "Туман": "Янгиҳает", "Кўча": "Шокирариқ кўча", "Тури": "Наземные", "Эни(м)": 3, "Узунл": 15 }, "geometry": { "type": "MultiLineString", "coordinates": [ [ [ 69.193158546666865, 41.205458294072905 ], [ 69.193267992761861, 41.205347925080666 ] ] ] } },
{ "type": "Feature", "properties": { "Туман": "Янгиҳает", "Кўча": "Қўрғонтепа кўча", "Тури": "Наземные", "Эни(м)": 3, "Узунл": 14 }, "geometry": { "type": "MultiLineString", "coordinates": [ [ [ 69.204880387771496, 41.210130357572787 ], [ 69.204737772692724, 41.21007237041902 ] ] ] } },
{ "type": "Feature", "properties": { "Туман": "Янгиҳает", "Кўча": "Қўрғонтепа кўча", "Тури": "Наземные", "Эни(м)": 3, "Узунл": 16 }, "geometry": { "type": "MultiLineString", "coordinates": [ [ [ 69.206635444275634, 41.207697373777513 ], [ 69.206468144654011, 41.207631824994849 ] ] ] } },
{ "type": "Feature", "properties": { "Туман": "Янгиҳает", "Кўча": "Қўрғонтепа кўча", "Тури": "Наземные", "Эни(м)": 3, "Узунл": 20 }, "geometry": { "type": "MultiLineString", "coordinates": [ [ [ 69.208025958060489, 41.205807553051052 ], [ 69.207817283520086, 41.205729225976576 ] ] ] } },
{ "type": "Feature", "properties": { "Туман": "Янгиҳает", "Кўча": "Лутфкор кўча", "Тури": "Наземные", "Эни(м)": 3, "Узунл": 20 }, "geometry": { "type": "MultiLineString", "coordinates": [ [ [ 69.208128684894675, 41.205776935300563 ], [ 69.208282500445051, 41.2056444347932 ] ] ] } },
{ "type": "Feature", "properties": { "Туман": "Янгиҳает", "Кўча": "Қўрғонтепа кўча", "Тури": "Наземные", "Эни(м)": 3, "Узунл": 20 }, "geometry": { "type": "MultiLineString", "coordinates": [ [ [ 69.208212649558703, 41.20552598067183 ], [ 69.2079942492215, 41.205447671497268 ] ] ] } },
{ "type": "Feature", "properties": { "Туман": "Янгиҳает", "Кўча": "Лутфкор кўча", "Тури": "Наземные", "Эни(м)": 3, "Узунл": 23 }, "geometry": { "type": "MultiLineString", "coordinates": [ [ [ 69.207778125187403, 41.205649543423682 ], [ 69.207899823282773, 41.205466730916498 ] ] ] } },
{ "type": "Feature", "properties": { "Туман": "Янгиҳает", "Кўча": "Лутфкор кўча", "Тури": "Наземные", "Эни(м)": 3, "Узунл": 22 }, "geometry": { "type": "MultiLineString", "coordinates": [ [ [ 69.21160209478775, 41.207172582873703 ], [ 69.211741889489289, 41.207002325715642 ] ] ] } },
{ "type": "Feature", "properties": { "Туман": "Янгиҳает", "Кўча": "Қўрғонтепа кўча", "Тури": "Наземные", "Эни(м)": 3, "Узунл": 14 }, "geometry": { "type": "MultiLineString", "coordinates": [ [ [ 69.200091059385286, 41.216723131999721 ], [ 69.200244807544067, 41.216782679550519 ] ] ] } },
{ "type": "Feature", "properties": { "Туман": "Янгиҳает", "Кўча": "Қўрғонтепа-1 тор кўча", "Тури": "Наземные", "Эни(м)": 3, "Узунл": 17 }, "geometry": { "type": "MultiLineString", "coordinates": [ [ [ 69.200049504280855, 41.216540086967647 ], [ 69.200160302108216, 41.2164150179321 ] ] ] } },
{ "type": "Feature", "properties": { "Туман": "Янгиҳает", "Кўча": "Қўрғонтепа кўча", "Тури": "Наземные", "Эни(м)": 3, "Узунл": 13 }, "geometry": { "type": "MultiLineString", "coordinates": [ [ [ 69.200282710263124, 41.216451533491181 ], [ 69.200422560650907, 41.216511104977734 ] ] ] } },
{ "type": "Feature", "properties": { "Туман": "Янгиҳает", "Кўча": "Меҳригиё кўча", "Тури": "Наземные", "Эни(м)": 3, "Узунл": 24 }, "geometry": { "type": "MultiLineString", "coordinates": [ [ [ 69.203891681889999, 41.220870444107966 ], [ 69.204034254727461, 41.220683926350894 ] ] ] } },
{ "type": "Feature", "properties": { "Туман": "Янгиҳает", "Кўча": "Меҳригиё кўча", "Тури": "Наземные", "Эни(м)": 3, "Узунл": 24 }, "geometry": { "type": "MultiLineString", "coordinates": [ [ [ 69.202428544070258, 41.220308982755583 ], [ 69.202557216933073, 41.220120917168067 ] ] ] } },
{ "type": "Feature", "properties": { "Туман": "Янгиҳает", "Кўча": "Меҳригиё кўча", "Тури": "Наземные", "Эни(м)": 3, "Узунл": 25 }, "geometry": { "type": "MultiLineString", "coordinates": [ [ [ 69.207334971771729, 41.222185991981668 ], [ 69.207483058893843, 41.22198739218716 ] ] ] } },
{ "type": "Feature", "properties": { "Туман": "Янгиҳает", "Кўча": "-", "Тури": "Наземные", "Эни(м)": 3, "Узунл": 11 }, "geometry": { "type": "MultiLineString", "coordinates": [ [ [ 69.207316787090491, 41.222369141758101 ], [ 69.207429507852694, 41.222414062164439 ] ] ] } },
{ "type": "Feature", "properties": { "Туман": "Янгиҳает", "Кўча": "-", "Тури": "Наземные", "Эни(м)": 3, "Узунл": 12 }, "geometry": { "type": "MultiLineString", "coordinates": [ [ [ 69.207673017977029, 41.221844858595084 ], [ 69.207798963187898, 41.221896575773251 ] ] ] } },
{ "type": "Feature", "properties": { "Туман": "Янгиҳает", "Кўча": "-", "Тури": "Наземные", "Эни(м)": 3, "Узунл": 13 }, "geometry": { "type": "MultiLineString", "coordinates": [ [ [ 69.204911522473211, 41.225673750135108 ], [ 69.205048611951483, 41.225731746736905 ] ] ] } },
{ "type": "Feature", "properties": { "Туман": "Янгиҳает", "Кўча": "-", "Тури": "Наземные", "Эни(м)": 3, "Узунл": 12 }, "geometry": { "type": "MultiLineString", "coordinates": [ [ [ 69.203214723515615, 41.228017924915953 ], [ 69.203342734426244, 41.228060723530056 ] ] ] } },
{ "type": "Feature", "properties": { "Туман": "Янгиҳает", "Кўча": "Катта ҳалқа йўли кўча", "Тури": "Наземные", "Эни(м)": 3, "Узунл": 26 }, "geometry": { "type": "MultiLineString", "coordinates": [ [ [ 69.196809810762872, 41.227131829553002 ], [ 69.196856368576874, 41.227361564296586 ] ] ] } },
{ "type": "Feature", "properties": { "Туман": "Янгиҳает", "Кўча": "-", "Тури": "Наземные", "Эни(м)": 3, "Узунл": 13 }, "geometry": { "type": "MultiLineString", "coordinates": [ [ [ 69.212912321518857, 41.214639678513585 ], [ 69.213052864065503, 41.214696085248583 ] ] ] } },
{ "type": "Feature", "properties": { "Туман": "Янгиҳает", "Кўча": "Полвонёр кўча", "Тури": "Наземные", "Эни(м)": 3, "Узунл": 15 }, "geometry": { "type": "MultiLineString", "coordinates": [ [ [ 69.224251498837589, 41.195084391336756 ], [ 69.224411484108472, 41.195148092264006 ] ] ] } },
{ "type": "Feature", "properties": { "Туман": "Янгиҳает", "Кўча": "Биродарлик кўча", "Тури": "Наземные", "Эни(м)": 3, "Узунл": 20 }, "geometry": { "type": "MultiLineString", "coordinates": [ [ [ 69.224423239198771, 41.195132328566828 ], [ 69.224536630938019, 41.194977323100964 ] ] ] } },
{ "type": "Feature", "properties": { "Туман": "Янгиҳает", "Кўча": "Полвонёр кўча", "Тури": "Наземные", "Эни(м)": 3, "Узунл": 7 }, "geometry": { "type": "MultiLineString", "coordinates": [ [ [ 69.224460772174851, 41.194935495526209 ], [ 69.224383565445919, 41.194905738467952 ] ] ] } },
{ "type": "Feature", "properties": { "Туман": "Янгиҳает", "Кўча": "Биродарлик кўча", "Тури": "Наземные", "Эни(м)": 3, "Узунл": 15 }, "geometry": { "type": "MultiLineString", "coordinates": [ [ [ 69.224143396874723, 41.194957626055135 ], [ 69.224229141454572, 41.194843076057658 ] ] ] } },
{ "type": "Feature", "properties": { "Туман": "Янгиҳает", "Кўча": "-", "Тури": "Наземные", "Эни(м)": 3, "Узунл": 10 }, "geometry": { "type": "MultiLineString", "coordinates": [ [ [ 69.224828789504926, 41.195299964050101 ], [ 69.224936618543325, 41.195346451180221 ] ] ] } },
{ "type": "Feature", "properties": { "Туман": "Янгиҳает", "Кўча": "-", "Тури": "Наземные", "Эни(м)": 3, "Узунл": 12 }, "geometry": { "type": "MultiLineString", "coordinates": [ [ [ 69.227090920662306, 41.196210590359321 ], [ 69.227216142623377, 41.196263862057272 ] ] ] } },
{ "type": "Feature", "properties": { "Туман": "Янгиҳает", "Кўча": "Давлатобод кўча", "Тури": "Наземные", "Эни(м)": 3, "Узунл": 11 }, "geometry": { "type": "MultiLineString", "coordinates": [ [ [ 69.22879731633526, 41.196902431127867 ], [ 69.22891418682606, 41.19695047063383 ] ] ] } },
{ "type": "Feature", "properties": { "Туман": "Янгиҳает", "Кўча": "-", "Тури": "Наземные", "Эни(м)": 3, "Узунл": 7 }, "geometry": { "type": "MultiLineString", "coordinates": [ [ [ 69.22890163552718, 41.196737470275167 ], [ 69.228979506357973, 41.19675725380749 ] ] ] } },
{ "type": "Feature", "properties": { "Туман": "Янгиҳает", "Кўча": "Дўстлик кўча", "Тури": "Наземные", "Эни(м)": 3, "Узунл": 13 }, "geometry": { "type": "MultiLineString", "coordinates": [ [ [ 69.210946625367157, 41.193448350629339 ], [ 69.211024090982079, 41.193344844142992 ] ] ] } },
{ "type": "Feature", "properties": { "Туман": "Янгиҳает", "Кўча": "Дўстлик кўча", "Тури": "Наземные", "Эни(м)": 3, "Узунл": 14 }, "geometry": { "type": "MultiLineString", "coordinates": [ [ [ 69.207730481389959, 41.192120425946172 ], [ 69.20781486505723, 41.192006939939674 ] ] ] } },
{ "type": "Feature", "properties": { "Туман": "Янгиҳает", "Кўча": "Полвонёр кўча", "Тури": "Наземные", "Эни(м)": 3, "Узунл": 11 }, "geometry": { "type": "MultiLineString", "coordinates": [ [ [ 69.222092858230866, 41.198052564636107 ], [ 69.22220762946894, 41.198096942138648 ] ] ] } },
{ "type": "Feature", "properties": { "Туман": "Янгиҳает", "Кўча": "Дўстлик кўча", "Тури": "Наземные", "Эни(м)": 3, "Узунл": 22 }, "geometry": { "type": "MultiLineString", "coordinates": [ [ [ 69.222290225916936, 41.198076319727036 ], [ 69.222417471368502, 41.197906598282053 ] ] ] } },
{ "type": "Feature", "properties": { "Туман": "Янгиҳает", "Кўча": "Чинор-1 тор кўча", "Тури": "Наземные", "Эни(м)": 3, "Узунл": 6 }, "geometry": { "type": "MultiLineString", "coordinates": [ [ [ 69.224156108989234, 41.198887551034304 ], [ 69.224222894758483, 41.198915754432853 ] ] ] } },
{ "type": "Feature", "properties": { "Туман": "Янгиҳает", "Кўча": "-", "Тури": "Наземные", "Эни(м)": 3, "Узунл": 8 }, "geometry": { "type": "MultiLineString", "coordinates": [ [ [ 69.225111063727525, 41.199022108504259 ], [ 69.225195936887047, 41.199057621679437 ] ] ] } },
{ "type": "Feature", "properties": { "Туман": "Янгиҳает", "Кўча": "Сийрат-3 тор кўча", "Тури": "Наземные", "Эни(м)": 3, "Узунл": 9 }, "geometry": { "type": "MultiLineString", "coordinates": [ [ [ 69.226640932258803, 41.200280993767102 ], [ 69.226694861180974, 41.200206381280829 ] ] ] } },
{ "type": "Feature", "properties": { "Туман": "Янгиҳает", "Кўча": "Сийрат-2 тор кўча", "Тури": "Наземные", "Эни(м)": 3, "Узунл": 9 }, "geometry": { "type": "MultiLineString", "coordinates": [ [ [ 69.226264826619726, 41.200806425849855 ], [ 69.226317370618986, 41.200732865652597 ] ] ] } },
{ "type": "Feature", "properties": { "Туман": "Янгиҳает", "Кўча": "-", "Тури": "Наземные", "Эни(м)": 3, "Узунл": 4 }, "geometry": { "type": "MultiLineString", "coordinates": [ [ [ 69.225950889870887, 41.200826455828299 ], [ 69.225975787111764, 41.200793876042113 ] ] ] } },
{ "type": "Feature", "properties": { "Туман": "Янгиҳает", "Кўча": "-", "Тури": "Наземные", "Эни(м)": 3, "Узунл": 13 }, "geometry": { "type": "MultiLineString", "coordinates": [ [ [ 69.225585836809898, 41.201336123189527 ], [ 69.225664697794599, 41.201238375889638 ] ] ] } },
{ "type": "Feature", "properties": { "Туман": "Янгиҳает", "Кўча": "Софдил кўча", "Тури": "Наземные", "Эни(м)": 3, "Узунл": 13 }, "geometry": { "type": "MultiLineString", "coordinates": [ [ [ 69.225466291321482, 41.201927160990145 ], [ 69.225541652624798, 41.201821550248965 ] ] ] } },
{ "type": "Feature", "properties": { "Туман": "Янгиҳает", "Кўча": "Чинор кўча", "Тури": "Наземные", "Эни(м)": 3, "Узунл": 14 }, "geometry": { "type": "MultiLineString", "coordinates": [ [ [ 69.230624910505895, 41.205988295402008 ], [ 69.230664075640007, 41.205864127298227 ] ] ] } },
{ "type": "Feature", "properties": { "Туман": "Янгиҳает", "Кўча": "Катта ҳалқа йўли кўча", "Тури": "Наземные", "Эни(м)": 3, "Узунл": 23 }, "geometry": { "type": "MultiLineString", "coordinates": [ [ [ 69.196990818425405, 41.21889912411082 ], [ 69.197222596707959, 41.218793789191047 ] ] ] } },
{ "type": "Feature", "properties": { "Туман": "Янгиҳает", "Кўча": "Катта ҳалқа йўли кўча", "Тури": "Наземные", "Эни(м)": 3, "Узунл": 23 }, "geometry": { "type": "MultiLineString", "coordinates": [ [ [ 69.197251650244155, 41.219212442841098 ], [ 69.197495943596593, 41.219109184702859 ] ] ] } },
{ "type": "Feature", "properties": { "Туман": "Янгиҳает", "Кўча": "Қўрғонтепа кўча", "Тури": "Наземные", "Эни(м)": 3, "Узунл": 39 }, "geometry": { "type": "MultiLineString", "coordinates": [ [ [ 69.197540290450362, 41.219067133360333 ], [ 69.19728785642036, 41.218773739148055 ] ] ] } },
{ "type": "Feature", "properties": { "Туман": "Янгиҳает", "Кўча": "Катта ҳалқа йўли кўча", "Тури": "Наземные", "Эни(м)": 3, "Узунл": 24 }, "geometry": { "type": "MultiLineString", "coordinates": [ [ [ 69.200118505100988, 41.223219806929244 ], [ 69.200404741991903, 41.223194123997636 ] ] ] } },
{ "type": "Feature", "properties": { "Туман": "Янгиҳает", "Кўча": "Меҳригиё кўча", "Тури": "Наземные", "Эни(м)": 3, "Узунл": 25 }, "geometry": { "type": "MultiLineString", "coordinates": [ [ [ 69.199301441226723, 41.218245056148042 ], [ 69.199535906901403, 41.218111378594962 ] ] ] } },
{ "type": "Feature", "properties": { "Туман": "Янгиҳает", "Кўча": "Қўрғонтепа кўча", "Тури": "Наземные", "Эни(м)": 3, "Узунл": 22 }, "geometry": { "type": "MultiLineString", "coordinates": [ [ [ 69.199199924523725, 41.218224244154314 ], [ 69.199041013887538, 41.21806711160955 ] ] ] } },
{ "type": "Feature", "properties": { "Туман": "Янгиҳает", "Кўча": "Қўрғонтепа кўча", "Тури": "Наземные", "Эни(м)": 3, "Узунл": 15 }, "geometry": { "type": "MultiLineString", "coordinates": [ [ [ 69.199303003916327, 41.217844189465218 ], [ 69.199453333786394, 41.217921583472837 ] ] ] } },
{ "type": "Feature", "properties": { "Туман": "Янгиҳает", "Кўча": "Шокирариқ кўча", "Тури": "Наземные", "Эни(м)": 3, "Узунл": 16 }, "geometry": { "type": "MultiLineString", "coordinates": [ [ [ 69.196686235127487, 41.20769065988209 ], [ 69.196847173811975, 41.207607483563031 ] ] ] } },
{ "type": "Feature", "properties": { "Туман": "Янгиҳает", "Кўча": "Қўрғонтепа-1 тор кўча", "Тури": "Наземные", "Эни(м)": 3, "Узунл": 19 }, "geometry": { "type": "MultiLineString", "coordinates": [ [ [ 69.192018478213953, 41.206653350654598 ], [ 69.192152844412647, 41.206510410276373 ] ] ] } },
{ "type": "Feature", "properties": { "Туман": "Янгиҳает", "Кўча": "Қўрғонтепа кўча", "Тури": "Наземные", "Эни(м)": 3, "Узунл": 13 }, "geometry": { "type": "MultiLineString", "coordinates": [ [ [ 69.209289288824124, 41.203710167996725 ], [ 69.209429794815023, 41.203763431188044 ] ] ] } },
{ "type": "Feature", "properties": { "Туман": "Янгиҳает", "Кўча": "Софдил кўча", "Тури": "Наземные", "Эни(м)": 3, "Узунл": 24 }, "geometry": { "type": "MultiLineString", "coordinates": [ [ [ 69.232151740354823, 41.209653086080174 ], [ 69.231906788439318, 41.209544443739226 ] ] ] } },
{ "type": "Feature", "properties": { "Туман": "Янгиҳает", "Кўча": "Лутфкор кўча", "Тури": "Наземные", "Эни(м)": 3, "Узунл": 20 }, "geometry": { "type": "MultiLineString", "coordinates": [ [ [ 69.216707412402869, 41.209322720976331 ], [ 69.216812479843426, 41.209158819376384 ] ] ] } },
{ "type": "Feature", "properties": { "Туман": "Янгиҳает", "Кўча": "-", "Тури": "Наземные", "Эни(м)": 3, "Узунл": 15 }, "geometry": { "type": "MultiLineString", "coordinates": [ [ [ 69.216905442649221, 41.2091166689763 ], [ 69.21706405856699, 41.209178283750873 ] ] ] } },
{ "type": "Feature", "properties": { "Туман": "Янгиҳает", "Кўча": "Чортоқ кўча", "Тури": "Наземные", "Эни(м)": 3, "Узунл": 26 }, "geometry": { "type": "MultiLineString", "coordinates": [ [ [ 69.234493026776661, 41.194617480510672 ], [ 69.234590862828995, 41.194392712640969 ] ] ] } },
{ "type": "Feature", "properties": { "Туман": "Янгиҳает", "Кўча": "Райҳон кўча", "Тури": "Наземные", "Эни(м)": 3, "Узунл": 12 }, "geometry": { "type": "MultiLineString", "coordinates": [ [ [ 69.234703254178797, 41.194353656368108 ], [ 69.234833990764116, 41.194394315926907 ] ] ] } },
{ "type": "Feature", "properties": { "Туман": "Янгиҳает", "Кўча": "Канора кўча", "Тури": "Наземные", "Эни(м)": 3, "Узунл": 14 }, "geometry": { "type": "MultiLineString", "coordinates": [ [ [ 69.234514498673164, 41.194794783037317 ], [ 69.234677155478636, 41.194825933294098 ] ] ] } },
{ "type": "Feature", "properties": { "Туман": "Янгиҳает", "Кўча": "Райҳон кўча", "Тури": "Наземные", "Эни(м)": 3, "Узунл": 14 }, "geometry": { "type": "MultiLineString", "coordinates": [ [ [ 69.235609109954268, 41.193205877008268 ], [ 69.235726125613809, 41.193294835403144 ] ] ] } },
{ "type": "Feature", "properties": { "Туман": "Янгиҳает", "Кўча": "Чортоқ кўча", "Тури": "Наземные", "Эни(м)": 3, "Узунл": 13 }, "geometry": { "type": "MultiLineString", "coordinates": [ [ [ 69.224844235368408, 41.177480281548888 ], [ 69.224706211645298, 41.177530921593451 ] ] ] } },
{ "type": "Feature", "properties": { "Туман": "Янгиҳает", "Кўча": "Чортоқ кўча", "Тури": "Наземные", "Эни(м)": 3, "Узунл": 10 }, "geometry": { "type": "MultiLineString", "coordinates": [ [ [ 69.22285972553621, 41.173045219878013 ], [ 69.222978385146689, 41.173020329558639 ] ] ] } },
{ "type": "Feature", "properties": { "Туман": "Янгиҳает", "Кўча": "Истиқлол кўча", "Тури": "Наземные", "Эни(м)": 3, "Узунл": 10 }, "geometry": { "type": "MultiLineString", "coordinates": [ [ [ 69.22285972553621, 41.173045219878013 ], [ 69.222978385146689, 41.173020329558639 ] ] ] } },
{ "type": "Feature", "properties": { "Туман": "Олмазор", "Кўча": "Ж/Д", "Тури": "Надземные", "Эни(м)": 4, "Узунл": 41 }, "geometry": { "type": "MultiLineString", "coordinates": [ [ [ 69.238350903270714, 41.380662805431186 ], [ 69.238762710770601, 41.380867092048405 ] ] ] } },
{ "type": "Feature", "properties": { "Туман": "Олмазор", "Кўча": "Ж/Д", "Тури": "Надземные", "Эни(м)": 4, "Узунл": 187 }, "geometry": { "type": "MultiLineString", "coordinates": [ [ [ 69.246975115494791, 41.372689055641295 ], [ 69.248533957516671, 41.373890805791632 ] ] ] } },
{ "type": "Feature", "properties": { "Туман": "Олмазор", "Кўча": "Аҳмад Дониш кўча", "Тури": "Надземные", "Эни(м)": 4, "Узунл": 78 }, "geometry": { "type": "MultiLineString", "coordinates": [ [ [ 69.266387477739968, 41.353001685957231 ], [ 69.266550047602038, 41.353122426158386 ], [ 69.266930848804691, 41.35288940341443 ], [ 69.266785716588927, 41.352774679156241 ] ] ] } },
{ "type": "Feature", "properties": { "Туман": "Юнусобод", "Кўча": "Амир Темур шоҳ кўча", "Тури": "Подземные", "Эни(м)": 4, "Узунл": 62 }, "geometry": { "type": "MultiLineString", "coordinates": [ [ [ 69.281316051086435, 41.319243169383142 ], [ 69.282045305630092, 41.319153574743851 ] ] ] } },
{ "type": "Feature", "properties": { "Туман": "Юнусобод", "Кўча": "Шароф Рашидов кўча", "Тури": "Подземные", "Эни(м)": 4, "Узунл": 41 }, "geometry": { "type": "MultiLineString", "coordinates": [ [ [ 69.270053576441086, 41.315537710655434 ], [ 69.270513547395623, 41.31540542008976 ] ] ] } },
{ "type": "Feature", "properties": { "Туман": "Мирзо Улуғбек", "Кўча": "Мустақиллик шоҳ кўча", "Тури": "Подземные", "Эни(м)": 4, "Узунл": 38 }, "geometry": { "type": "MultiLineString", "coordinates": [ [ [ 69.296525018216343, 41.318720524947757 ], [ 69.296752619193398, 41.318427238277025 ] ] ] } },
{ "type": "Feature", "properties": { "Туман": "Мирзо Улуғбек", "Кўча": "Буюк ипак йўли кўча", "Тури": "Подземные", "Эни(м)": 4, "Узунл": 34 }, "geometry": { "type": "MultiLineString", "coordinates": [ [ [ 69.389757671114623, 41.354230573489964 ], [ 69.38995166281029, 41.353966488197798 ] ] ] } },
{ "type": "Feature", "properties": { "Туман": "Яккасарой", "Кўча": "Кичик ҳалқа йўли кўча", "Тури": "Подземные", "Эни(м)": 4, "Узунл": 79 }, "geometry": { "type": "MultiLineString", "coordinates": [ [ [ 69.272147136900358, 41.277820738653318 ], [ 69.272934897185351, 41.277430286261449 ] ] ] } },
{ "type": "Feature", "properties": { "Туман": "Учтепа", "Кўча": "Фарҳод кўча", "Тури": "Подземные", "Эни(м)": 4, "Узунл": 34 }, "geometry": { "type": "MultiLineString", "coordinates": [ [ [ 69.187786012846729, 41.285153896744703 ], [ 69.188047603643582, 41.285384603493206 ] ] ] } },
{ "type": "Feature", "properties": { "Туман": "Яккасарой", "Кўча": "Ж/Д", "Тури": "Надземные", "Эни(м)": 4, "Узунл": 101 }, "geometry": { "type": "MultiLineString", "coordinates": [ [ [ 69.248721118095943, 41.266023816676402 ], [ 69.248840590761361, 41.265781321590488 ], [ 69.249044193944272, 41.265149046657186 ] ] ] } },
{ "type": "Feature", "properties": { "Туман": "Яккасарой", "Кўча": "Ж/Д", "Тури": "Надземные", "Эни(м)": 4, "Узунл": 160 }, "geometry": { "type": "MultiLineString", "coordinates": [ [ [ 69.22420205535667, 41.25850628244951 ], [ 69.224420520764724, 41.258245451733188 ], [ 69.224621420878535, 41.258323787094781 ], [ 69.225255210534129, 41.257484811490158 ] ] ] } },
{ "type": "Feature", "properties": { "Туман": "Чилонзор", "Кўча": "Катта ҳалқа йўли кўча", "Тури": "Подземные", "Эни(м)": 4, "Узунл": 83 }, "geometry": { "type": "MultiLineString", "coordinates": [ [ [ 69.165587449388951, 41.243490876182491 ], [ 69.166550664315793, 41.24364795102148 ] ] ] } },
{ "type": "Feature", "properties": { "Туман": "Сергели", "Кўча": "Янги Сергели кўча", "Тури": "Подземные", "Эни(м)": 4, "Узунл": 40 }, "geometry": { "type": "MultiLineString", "coordinates": [ [ [ 69.229020978386387, 41.213034230838382 ], [ 69.229428640373669, 41.213223173430634 ] ] ] } },
{ "type": "Feature", "properties": { "Туман": "Юнусобод", "Кўча": "-", "Тури": "Подземные", "Эни(м)": 4, "Узунл": 75 }, "geometry": { "type": "MultiLineString", "coordinates": [ [ [ 69.284221937973342, 41.336506826362296 ], [ 69.284198747215726, 41.336408980774429 ], [ 69.28421070284152, 41.336386746481729 ], [ 69.284232063059008, 41.336371554117861 ], [ 69.284272192977781, 41.336361361932013 ], [ 69.284649646486926, 41.336319047439105 ], [ 69.284673662858097, 41.336298801885199 ], [ 69.284676270796169, 41.336282646510242 ], [ 69.284666694781279, 41.33623624203625 ], [ 69.284643415577108, 41.336118210596204 ] ] ] } },
{ "type": "Feature", "properties": { "Туман": "Юнусобод", "Кўча": "Амир Темур шоҳ кўча", "Тури": "Подземные", "Эни(м)": 4, "Узунл": 43 }, "geometry": { "type": "MultiLineString", "coordinates": [ [ [ 69.287993106642219, 41.353864583609159 ], [ 69.288496521159473, 41.353810838934173 ] ] ] } },
{ "type": "Feature", "properties": { "Туман": "Яшнобод", "Кўча": "Фарғона йўли кўча", "Тури": "Надземные", "Эни(м)": 4, "Узунл": 76 }, "geometry": { "type": "MultiLineString", "coordinates": [ [ [ 69.307553250386007, 41.277987459872492 ], [ 69.308309595410051, 41.278357875088098 ] ] ] } },
{ "type": "Feature", "properties": { "Туман": "Миробод", "Кўча": "Ж/Д", "Тури": "Надземные", "Эни(м)": 4, "Узунл": 210 }, "geometry": { "type": "MultiLineString", "coordinates": [ [ [ 69.284768036807094, 41.290303723999436 ], [ 69.284960606659851, 41.289966135979853 ], [ 69.285251188024446, 41.289396162125428 ], [ 69.285312172022998, 41.289264799917184 ], [ 69.285483818968586, 41.288733474125593 ], [ 69.285555102220826, 41.28850922914674 ] ] ] } },
{ "type": "Feature", "properties": { "Туман": "Яшнобод", "Кўча": "Ж/Д", "Тури": "Надземные", "Эни(м)": 4, "Узунл": 70 }, "geometry": { "type": "MultiLineString", "coordinates": [ [ [ 69.321060382875416, 41.293935124300504 ], [ 69.320776462014507, 41.29334647593366 ] ] ] } },
{ "type": "Feature", "properties": { "Туман": "Юнусобод", "Кўча": "Абдулла Қодирий кўча", "Тури": "Подземные", "Эни(м)": 4, "Узунл": 53 }, "geometry": { "type": "MultiLineString", "coordinates": [ [ [ 69.288814217791526, 41.320820824452149 ], [ 69.288569943516762, 41.320379359114554 ] ] ] } },
{ "type": "Feature", "properties": { "Туман": "Янгиҳает", "Кўча": "Мирзо Турсунзода кўча", "Тури": "Наземные", "Эни(м)": 3, "Узунл": 11 }, "geometry": { "type": "MultiLineString", "coordinates": [ [ [ 69.213351038637825, 41.214221749999865 ], [ 69.213281478144751, 41.214139033048134 ] ] ] } },
{ "type": "Feature", "properties": { "Туман": "Миробод", "Кўча": "-", "Тури": "Подземные", "Эни(м)": 4, "Узунл": 152 }, "geometry": { "type": "MultiLineString", "coordinates": [ [ [ 69.285811215024069, 41.29176211848484 ], [ 69.285907070235922, 41.291691094384575 ], [ 69.28596046879737, 41.291637959369844 ] ], [ [ 69.287126924037551, 41.292460212658042 ], [ 69.285907070235922, 41.291691094384575 ] ] ] } },
{ "type": "Feature", "properties": { "Туман": "Олмазор", "Кўча": "Қорақамиш-3 кўчаси", "Тури": "Наземные", "Эни(м)": 3, "Узунл": 15 }, "geometry": { "type": "MultiLineString", "coordinates": [ [ [ 69.205610954867907, 41.370561082637067 ], [ 69.205608191362614, 41.370430038096487 ] ] ] } },
{ "type": "Feature", "properties": { "Туман": "Олмазор", "Кўча": "Форобий кўча", "Тури": "Подземные", "Эни(м)": 4, "Узунл": 309 }, "geometry": { "type": "MultiLineString", "coordinates": [ [ [ 69.2061124, 41.3439731 ], [ 69.2059081, 41.3440421 ], [ 69.2066663, 41.3455221 ], [ 69.20630487232566, 41.345625574637928 ], [ 69.206109603537385, 41.345297134305611 ] ], [ [ 69.206509049540017, 41.345968994943092 ], [ 69.20630487232566, 41.345625574637928 ], [ 69.20630463258378, 41.34562564327414 ] ] ] } },
{ "type": "Feature", "properties": { "Туман": "Яккасарой", "Кўча": "Афросиёб кўча", "Тури": "Подземные", "Эни(м)": 4, "Узунл": 275 }, "geometry": { "type": "MultiLineString", "coordinates": [ [ [ 69.263838380990379, 41.305720436837653 ], [ 69.263956187302028, 41.305689276260473 ], [ 69.263769400108032, 41.305237579747917 ], [ 69.263848760910662, 41.30521586812597 ] ], [ [ 69.263861136567598, 41.305456012071296 ], [ 69.265852258578519, 41.30484086882916 ], [ 69.265929310565582, 41.305058570334928 ] ] ] } },
{ "type": "Feature", "properties": { "Туман": "Чилонзор", "Кўча": "Бунёдкор шоҳ кўча", "Тури": "Подземные", "Эни(м)": 4, "Узунл": 200 }, "geometry": { "type": "MultiLineString", "coordinates": [ [ [ 69.194285698297904, 41.257919242371784 ], [ 69.194427607625116, 41.258065999059383 ] ], [ [ 69.195947561831034, 41.257433876420627 ], [ 69.195140139887442, 41.257356141197143 ], [ 69.194393811743794, 41.257847864034233 ], [ 69.194285698297904, 41.257919242371784 ], [ 69.194090038677217, 41.257927483017312 ] ] ] } },
{ "type": "Feature", "properties": { "Туман": "Мирзо Улуғбек", "Кўча": "Буюк ипак йўли кўчаси", "Тури": "Подземные", "Эни(м)": 4, "Узунл": 22 }, "geometry": { "type": "MultiLineString", "coordinates": [ [ [ 69.386312615076292, 41.352700361242981 ], [ 69.386442940409964, 41.352532301744596 ] ] ] } }
]
}
