{
"type": "FeatureCollection",
"name": "Парковки OSM_Низом",
"crs": { "type": "name", "properties": { "name": "urn:ogc:def:crs:OGC:1.3:CRS84" } },
"features": [
{ "type": "Feature", "properties": { "id": "relation/4003048", "@timestamp": "2024-11-27T13:17:37", "Площадь": 1.0, "Туман": "Сергели" }, "geometry": { "type": "Polygon", "coordinates": [ [ [ 69.2656731, 41.2497491 ], [ 69.2656644, 41.2493003 ], [ 69.2656596, 41.2490485 ], [ 69.2667091, 41.2490378 ], [ 69.2667416, 41.2490044 ], [ 69.2671681, 41.249002 ], [ 69.2671734, 41.2497448 ], [ 69.2656731, 41.2497491 ] ] ] } },
{ "type": "Feature", "properties": { "id": "relation/7930612", "@timestamp": "2018-01-24T14:29:19", "Площадь": 0.32, "Туман": "Шайхонтоҳур" }, "geometry": { "type": "Polygon", "coordinates": [ [ [ 69.2004605, 41.3463337 ], [ 69.2003816, 41.3463484 ], [ 69.2004113, 41.3465137 ], [ 69.2004751, 41.3465124 ], [ 69.2004989, 41.3465815 ], [ 69.2008944, 41.3465792 ], [ 69.2009166, 41.3466639 ], [ 69.2008365, 41.3467488 ], [ 69.2008099, 41.346715 ], [ 69.2003789, 41.346846 ], [ 69.1999124, 41.3459657 ], [ 69.2004187, 41.3459409 ], [ 69.2004605, 41.3463337 ] ] ] } },
{ "type": "Feature", "properties": { "id": "relation/8337630", "@timestamp": "2018-05-29T15:24:34", "Площадь": 0.08, "Туман": "Шайхонтоҳур" }, "geometry": { "type": "Polygon", "coordinates": [ [ [ 69.179251, 41.3491314 ], [ 69.179365, 41.3491233 ], [ 69.1793168, 41.3492068 ], [ 69.1792372, 41.3492065 ], [ 69.1791661, 41.3492058 ], [ 69.1791557, 41.3492054 ], [ 69.1790846, 41.3492053 ], [ 69.1790716, 41.349205 ], [ 69.1790005, 41.3492039 ], [ 69.1789881, 41.3492036 ], [ 69.178917, 41.3492034 ], [ 69.1789054, 41.3492035 ], [ 69.1788343, 41.3492023 ], [ 69.1787751, 41.3491403 ], [ 69.1787343, 41.348839 ], [ 69.178733, 41.3488073 ], [ 69.1787322, 41.3487878 ], [ 69.1788717, 41.3487892 ], [ 69.178867, 41.3491284 ], [ 69.179251, 41.3491314 ] ] ] } },
{ "type": "Feature", "properties": { "id": "relation/8373129", "@timestamp": "2018-06-11T11:46:56", "Площадь": 0.32, "Туман": "Мирзо Улуғбек" }, "geometry": { "type": "Polygon", "coordinates": [ [ [ 69.378579, 41.353244 ], [ 69.3790591, 41.3532681 ], [ 69.3790242, 41.3536547 ], [ 69.3784755, 41.3542723 ], [ 69.3785134, 41.3539287 ], [ 69.378579, 41.353244 ] ] ] } },
{ "type": "Feature", "properties": { "id": "relation/8461263", "@timestamp": "2023-12-20T22:02:05", "Площадь": 0.22, "Туман": "Чилонзор" }, "geometry": { "type": "Polygon", "coordinates": [ [ [ 69.2225031, 41.2847966 ], [ 69.2221576, 41.2850072 ], [ 69.2218542, 41.2847141 ], [ 69.2217296, 41.2846159 ], [ 69.2221061, 41.2843876 ], [ 69.2225313, 41.284777 ], [ 69.2225031, 41.2847966 ] ] ] } },
{ "type": "Feature", "properties": { "id": "relation/8534885", "@timestamp": "2018-08-15T12:35:44", "Площадь": 0.6, "Туман": "Шайхонтоҳур" }, "geometry": { "type": "Polygon", "coordinates": [ [ [ 69.2345831, 41.3246864 ], [ 69.2347133, 41.324734 ], [ 69.2356877, 41.3251245 ], [ 69.2355582, 41.3253674 ], [ 69.2353194, 41.3252945 ], [ 69.2348945, 41.3251422 ], [ 69.234848, 41.3251299 ], [ 69.234273, 41.3249065 ], [ 69.233814, 41.3244613 ], [ 69.2337551, 41.3243684 ], [ 69.2340585, 41.3242126 ], [ 69.2341861, 41.3243322 ], [ 69.2345831, 41.3246864 ] ] ] } },
{ "type": "Feature", "properties": { "id": "relation/8535346", "@timestamp": "2018-08-15T17:19:52", "Площадь": 0.33, "Туман": "Шайхонтоҳур" }, "geometry": { "type": "Polygon", "coordinates": [ [ [ 69.2351622, 41.3283235 ], [ 69.2350907, 41.3282632 ], [ 69.2350558, 41.3282317 ], [ 69.2342508, 41.3274038 ], [ 69.234294, 41.3273767 ], [ 69.234431, 41.327291 ], [ 69.234457, 41.3272767 ], [ 69.234494, 41.3272563 ], [ 69.2350486, 41.3278067 ], [ 69.2351626, 41.3279936 ], [ 69.2352068, 41.3280655 ], [ 69.2353825, 41.3282315 ], [ 69.2352153, 41.3283102 ], [ 69.2351622, 41.3283235 ] ] ] } },
{ "type": "Feature", "properties": { "id": "relation/8718443", "@timestamp": "2018-09-20T12:55:39", "Площадь": 0.4, "Туман": "Шайхонтоҳур" }, "geometry": { "type": "Polygon", "coordinates": [ [ [ 69.2056092, 41.3224924 ], [ 69.2056883, 41.3224916 ], [ 69.2057923, 41.3224926 ], [ 69.2060844, 41.3224939 ], [ 69.2061032, 41.3229792 ], [ 69.2061134, 41.3232497 ], [ 69.2054012, 41.3231738 ], [ 69.205397, 41.3231845 ], [ 69.2053941, 41.3231905 ], [ 69.2053475, 41.3231874 ], [ 69.2053098, 41.3231874 ], [ 69.2056086, 41.3226805 ], [ 69.2056781, 41.3226315 ], [ 69.205634, 41.3225256 ], [ 69.2056092, 41.3224924 ] ] ] } },
{ "type": "Feature", "properties": { "id": "relation/8721440", "@timestamp": "2018-09-20T21:29:58", "Площадь": 0.36, "Туман": "Шайхонтоҳур" }, "geometry": { "type": "Polygon", "coordinates": [ [ [ 69.1905522, 41.3293334 ], [ 69.1912003, 41.329236 ], [ 69.1915791, 41.329179 ], [ 69.1917131, 41.3296722 ], [ 69.1912221, 41.3297451 ], [ 69.1911647, 41.3295273 ], [ 69.1907686, 41.3295861 ], [ 69.1907387, 41.3294727 ], [ 69.1905968, 41.3294938 ], [ 69.1905522, 41.3293334 ] ] ] } },
{ "type": "Feature", "properties": { "id": "relation/8751416", "@timestamp": "2022-08-22T20:14:11", "Площадь": 0.2, "Туман": "Олмазор" }, "geometry": { "type": "Polygon", "coordinates": [ [ [ 69.2400083, 41.3301947 ], [ 69.2399208, 41.3302137 ], [ 69.239654, 41.3302114 ], [ 69.2394322, 41.3302694 ], [ 69.2390155, 41.3301621 ], [ 69.2391053, 41.3300497 ], [ 69.2392095, 41.3299192 ], [ 69.2392348, 41.3299273 ], [ 69.2394523, 41.3299981 ], [ 69.2396902, 41.3299135 ], [ 69.2397185, 41.3299034 ], [ 69.2398869, 41.3301039 ], [ 69.2399719, 41.3301232 ], [ 69.2399909, 41.3301577 ], [ 69.2400083, 41.3301947 ] ] ] } },
{ "type": "Feature", "properties": { "id": "relation/8812582", "@timestamp": "2018-10-14T08:38:26", "Площадь": 0.58, "Туман": "Юнусобод" }, "geometry": { "type": "Polygon", "coordinates": [ [ [ 69.2768613, 41.3141237 ], [ 69.2757248, 41.3143866 ], [ 69.2755578, 41.3140488 ], [ 69.2755432, 41.3139947 ], [ 69.2756354, 41.3139652 ], [ 69.2759834, 41.313854 ], [ 69.2767418, 41.3136639 ], [ 69.276965, 41.3137951 ], [ 69.2770513, 41.3139871 ], [ 69.2768613, 41.3141237 ] ] ] } },
{ "type": "Feature", "properties": { "id": "relation/9119373", "@timestamp": "2018-12-18T06:15:27", "Площадь": 0.54, "Туман": "Яшнобод" }, "geometry": { "type": "Polygon", "coordinates": [ [ [ 69.30275, 41.2888928 ], [ 69.3032737, 41.2891756 ], [ 69.3031609, 41.2893261 ], [ 69.3034905, 41.2894837 ], [ 69.30313, 41.2898971 ], [ 69.302322, 41.2893641 ], [ 69.30275, 41.2888928 ] ] ] } },
{ "type": "Feature", "properties": { "id": "relation/9283161", "@timestamp": "2019-03-05T17:09:12", "Площадь": 0.6, "Туман": "Мирзо Улуғбек" }, "geometry": { "type": "Polygon", "coordinates": [ [ [ 69.3383337, 41.3287134 ], [ 69.3379576, 41.328651 ], [ 69.3377286, 41.3287365 ], [ 69.33774, 41.3293571 ], [ 69.336844, 41.3288968 ], [ 69.3368416, 41.328889 ], [ 69.3367746, 41.3286414 ], [ 69.3368076, 41.3284939 ], [ 69.3372744, 41.3285777 ], [ 69.3376292, 41.3285574 ], [ 69.3379362, 41.3284881 ], [ 69.3382369, 41.3284725 ], [ 69.338388, 41.3285108 ], [ 69.3383337, 41.3287134 ] ] ] } },
{ "type": "Feature", "properties": { "id": "relation/9498864", "@timestamp": "2019-04-18T16:24:46", "Площадь": 2.54, "Туман": "Чилонзор" }, "geometry": { "type": "Polygon", "coordinates": [ [ [ 69.2140235, 41.2779794 ], [ 69.2142069, 41.2780211 ], [ 69.215988, 41.2781324 ], [ 69.2168265, 41.278864 ], [ 69.2168781, 41.2789098 ], [ 69.2164299, 41.279197 ], [ 69.2163928, 41.2792137 ], [ 69.2163638, 41.2792287 ], [ 69.2159113, 41.2795161 ], [ 69.2158341, 41.2795685 ], [ 69.2154934, 41.2795767 ], [ 69.2154787, 41.2795973 ], [ 69.2148713, 41.2796114 ], [ 69.2148679, 41.2790068 ], [ 69.2146327, 41.2787753 ], [ 69.214608, 41.2787523 ], [ 69.2145879, 41.2787341 ], [ 69.2145655, 41.2787127 ], [ 69.2145277, 41.2786759 ], [ 69.213969, 41.2781571 ], [ 69.2141166, 41.2780734 ], [ 69.2140235, 41.2779794 ] ] ] } },
{ "type": "Feature", "properties": { "id": "relation/9864549", "@timestamp": "2019-07-31T09:15:56", "Площадь": 0.3, "Туман": "Миробод" }, "geometry": { "type": "Polygon", "coordinates": [ [ [ 69.3050664, 41.2490892 ], [ 69.3050685, 41.2493829 ], [ 69.3050679, 41.249497 ], [ 69.3041218, 41.2495308 ], [ 69.3041277, 41.249389 ], [ 69.3041321, 41.2493516 ], [ 69.3041166, 41.2492176 ], [ 69.3046846, 41.2491777 ], [ 69.3048952, 41.2491063 ], [ 69.3050664, 41.2490892 ] ] ] } },
{ "type": "Feature", "properties": { "id": "relation/9864551", "@timestamp": "2019-07-31T09:15:56", "Площадь": 0.42, "Туман": "Миробод" }, "geometry": { "type": "Polygon", "coordinates": [ [ [ 69.3053533, 41.2491034 ], [ 69.305651, 41.2490593 ], [ 69.3059943, 41.2489888 ], [ 69.3062657, 41.2489183 ], [ 69.3062517, 41.24952 ], [ 69.3061552, 41.2495193 ], [ 69.3053592, 41.2495131 ], [ 69.3053562, 41.2494978 ], [ 69.3053568, 41.2493837 ], [ 69.3053533, 41.2491034 ] ] ] } },
{ "type": "Feature", "properties": { "id": "relation/10747376", "@timestamp": "2021-10-24T22:07:39", "Площадь": 0.33, "Туман": "Яшнобод" }, "geometry": { "type": "Polygon", "coordinates": [ [ [ 69.3210375, 41.2896085 ], [ 69.3209772, 41.289539 ], [ 69.3211676, 41.2894231 ], [ 69.3213849, 41.2895914 ], [ 69.3215941, 41.2897254 ], [ 69.3216725, 41.289922 ], [ 69.3214421, 41.2899712 ], [ 69.3214252, 41.2899151 ], [ 69.3211143, 41.2899745 ], [ 69.3211352, 41.2900368 ], [ 69.3208325, 41.2900922 ], [ 69.3207161, 41.2898764 ], [ 69.3206884, 41.2898067 ], [ 69.3210375, 41.2896085 ] ] ] } },
{ "type": "Feature", "properties": { "id": "relation/20244188", "@timestamp": "2026-02-20T13:45:13", "Площадь": 0.97, "Туман": "Чилонзор" }, "geometry": { "type": "Polygon", "coordinates": [ [ [ 69.2506028, 41.3075242 ], [ 69.2502319, 41.307976 ], [ 69.2500996, 41.3079123 ], [ 69.2495215, 41.3076338 ], [ 69.2504011, 41.3065375 ], [ 69.250818, 41.3067371 ], [ 69.2509706, 41.3068102 ], [ 69.2510323, 41.3068401 ], [ 69.2508457, 41.307074 ], [ 69.2507529, 41.307273 ], [ 69.2507382, 41.3073592 ], [ 69.2506548, 41.3074608 ], [ 69.250629, 41.3074922 ], [ 69.2506028, 41.3075242 ] ] ] } },
{ "type": "Feature", "properties": { "id": "relation/20276575", "@timestamp": "2026-03-01T19:01:42", "Площадь": 0.31, "Туман": "Чилонзор" }, "geometry": { "type": "Polygon", "coordinates": [ [ [ 69.2518152, 41.3092345 ], [ 69.2518677, 41.3091796 ], [ 69.2517279, 41.3090973 ], [ 69.2509192, 41.3097893 ], [ 69.2507234, 41.3097923 ], [ 69.2516642, 41.3089532 ], [ 69.2518573, 41.3090721 ], [ 69.2524092, 41.3093864 ], [ 69.2528692, 41.3096302 ], [ 69.2528395, 41.3096838 ], [ 69.2528111, 41.3097351 ], [ 69.2527453, 41.309702 ], [ 69.2518152, 41.3092345 ] ] ] } },
{ "type": "Feature", "properties": { "id": "way/32294014", "@timestamp": "2025-07-05T17:22:14", "Площадь": 0.72, "Туман": "Сергели" }, "geometry": { "type": "Polygon", "coordinates": [ [ [ 69.2649384, 41.263281 ], [ 69.2651887, 41.2629877 ], [ 69.265205, 41.2629686 ], [ 69.2651034, 41.2629177 ], [ 69.2651294, 41.2628915 ], [ 69.265164, 41.2628719 ], [ 69.2651981, 41.2628542 ], [ 69.2652284, 41.2628395 ], [ 69.265258, 41.262827 ], [ 69.2652899, 41.2628158 ], [ 69.2653216, 41.2628045 ], [ 69.2653536, 41.2627954 ], [ 69.2664787, 41.2633336 ], [ 69.2664045, 41.2633996 ], [ 69.2663204, 41.2634803 ], [ 69.2660339, 41.2638145 ], [ 69.2659338, 41.2637657 ], [ 69.2650391, 41.26333 ], [ 69.2649384, 41.263281 ] ] ] } },
{ "type": "Feature", "properties": { "id": "way/45676309", "@timestamp": "2024-11-06T20:18:43", "Площадь": 0.05, "Туман": "Юнусобод" }, "geometry": { "type": "Polygon", "coordinates": [ [ [ 69.2702687, 41.3123679 ], [ 69.2694425, 41.3125839 ], [ 69.2694136, 41.3125215 ], [ 69.2702397, 41.3123053 ], [ 69.2702687, 41.3123679 ] ] ] } },
{ "type": "Feature", "properties": { "id": "way/77671406", "@timestamp": "2010-09-15T17:37:30", "Площадь": 0.03, "Туман": "Яккасарой" }, "geometry": { "type": "Polygon", "coordinates": [ [ [ 69.2659128, 41.2975213 ], [ 69.2659718, 41.2975617 ], [ 69.2656123, 41.2978519 ], [ 69.265548, 41.2978116 ], [ 69.2659128, 41.2975213 ] ] ] } },
{ "type": "Feature", "properties": { "id": "way/77671465", "@timestamp": "2024-08-29T08:35:51", "Площадь": 0.05, "Туман": "Миробод" }, "geometry": { "type": "Polygon", "coordinates": [ [ [ 69.2739961, 41.2907171 ], [ 69.2737193, 41.2909875 ], [ 69.2735946, 41.2909155 ], [ 69.2738688, 41.2906463 ], [ 69.2739218, 41.2906758 ], [ 69.2739961, 41.2907171 ] ] ] } },
{ "type": "Feature", "properties": { "id": "way/81930208", "@timestamp": "2025-01-23T01:01:46", "Площадь": 0.25, "Туман": "Янгиҳает" }, "geometry": { "type": "Polygon", "coordinates": [ [ [ 69.2344535, 41.2053494 ], [ 69.2346526, 41.2048731 ], [ 69.2347443, 41.2049065 ], [ 69.2349269, 41.2046332 ], [ 69.2350941, 41.2047038 ], [ 69.2350669, 41.2048786 ], [ 69.2350449, 41.2049651 ], [ 69.235016, 41.2050516 ], [ 69.2348639, 41.2053885 ], [ 69.2344535, 41.2053494 ] ] ] } },
{ "type": "Feature", "properties": { "id": "way/83017275", "@timestamp": "2025-12-01T09:26:07", "Площадь": 0.81, "Туман": "Чилонзор" }, "geometry": { "type": "Polygon", "coordinates": [ [ [ 69.1721847, 41.2467743 ], [ 69.1720386, 41.2463322 ], [ 69.1736472, 41.2460656 ], [ 69.1742084, 41.2458329 ], [ 69.1746125, 41.2461328 ], [ 69.1745586, 41.2461867 ], [ 69.1745517, 41.246253 ], [ 69.1725132, 41.2465231 ], [ 69.1725807, 41.246773 ], [ 69.1724311, 41.2468213 ], [ 69.1723064, 41.2467679 ], [ 69.1721847, 41.2467743 ] ] ] } },
{ "type": "Feature", "properties": { "id": "way/83074915", "@timestamp": "2011-09-03T15:20:37", "Площадь": 0.58, "Туман": "Сергели" }, "geometry": { "type": "Polygon", "coordinates": [ [ [ 69.2170143, 41.2180182 ], [ 69.2175452, 41.217191 ], [ 69.2181512, 41.2174317 ], [ 69.2176354, 41.2182437 ], [ 69.2170143, 41.2180182 ] ] ] } },
{ "type": "Feature", "properties": { "id": "way/83074958", "@timestamp": "2024-01-26T02:16:11", "Площадь": 0.39, "Туман": "Сергели" }, "geometry": { "type": "Polygon", "coordinates": [ [ [ 69.2079384, 41.2236916 ], [ 69.2080281, 41.2235737 ], [ 69.2083488, 41.2231037 ], [ 69.2084109, 41.2231269 ], [ 69.2087228, 41.2232432 ], [ 69.2088824, 41.2233076 ], [ 69.2088761, 41.2233692 ], [ 69.2088928, 41.2234152 ], [ 69.2088464, 41.2234444 ], [ 69.2087598, 41.2234115 ], [ 69.2086405, 41.2235892 ], [ 69.2087272, 41.2236221 ], [ 69.2087276, 41.2236389 ], [ 69.2085208, 41.2239263 ], [ 69.2079384, 41.2236916 ] ] ] } },
{ "type": "Feature", "properties": { "id": "way/85639468", "@timestamp": "2011-01-27T10:10:56", "Площадь": 0.32, "Туман": "Сергели" }, "geometry": { "type": "Polygon", "coordinates": [ [ [ 69.301081, 41.2494274 ], [ 69.3010407, 41.2479366 ], [ 69.3012887, 41.2479357 ], [ 69.3013061, 41.2493852 ], [ 69.301081, 41.2494274 ] ] ] } },
{ "type": "Feature", "properties": { "id": "way/85820798", "@timestamp": "2026-02-14T14:58:37", "Площадь": 0.42, "Туман": "Сергели" }, "geometry": { "type": "Polygon", "coordinates": [ [ [ 69.2674494, 41.2677386 ], [ 69.2682304, 41.2678861 ], [ 69.2688297, 41.2680004 ], [ 69.2687334, 41.2683777 ], [ 69.2679014, 41.2682099 ], [ 69.2674397, 41.2678367 ], [ 69.2674494, 41.2677386 ] ] ] } },
{ "type": "Feature", "properties": { "id": "way/86486997", "@timestamp": "2023-02-26T13:47:02", "Площадь": 0.16, "Туман": "Юнусобод" }, "geometry": { "type": "Polygon", "coordinates": [ [ [ 69.2856318, 41.3478609 ], [ 69.2856387, 41.3477196 ], [ 69.2857312, 41.3477195 ], [ 69.2857636, 41.3477194 ], [ 69.2863742, 41.3477182 ], [ 69.2864373, 41.3477212 ], [ 69.2864437, 41.3479939 ], [ 69.2856318, 41.3478609 ] ] ] } },
{ "type": "Feature", "properties": { "id": "way/86985549", "@timestamp": "2010-11-29T08:23:19", "Площадь": 0.1, "Туман": "Юнусобод" }, "geometry": { "type": "Polygon", "coordinates": [ [ [ 69.3087536, 41.3440661 ], [ 69.307792, 41.3436876 ], [ 69.307855, 41.3435975 ], [ 69.3088166, 41.343976 ], [ 69.3087536, 41.3440661 ] ] ] } },
{ "type": "Feature", "properties": { "id": "way/87245258", "@timestamp": "2024-08-26T10:58:31", "Площадь": 0.28, "Туман": "Миробод" }, "geometry": { "type": "Polygon", "coordinates": [ [ [ 69.309761, 41.2595836 ], [ 69.3100166, 41.259258 ], [ 69.3107252, 41.2595686 ], [ 69.3104749, 41.2598818 ], [ 69.309761, 41.2595836 ] ] ] } },
{ "type": "Feature", "properties": { "id": "way/87716991", "@timestamp": "2023-06-28T01:29:29", "Площадь": 1.22, "Туман": "Бектемир" }, "geometry": { "type": "Polygon", "coordinates": [ [ [ 69.33516, 41.2401364 ], [ 69.3355593, 41.239701 ], [ 69.3359816, 41.2392318 ], [ 69.3365948, 41.239628 ], [ 69.3369879, 41.2400025 ], [ 69.3362265, 41.2404172 ], [ 69.3361779, 41.2403713 ], [ 69.3356973, 41.2406461 ], [ 69.3356644, 41.2406143 ], [ 69.3356514, 41.2406 ], [ 69.3355715, 41.240519 ], [ 69.3355619, 41.2405091 ], [ 69.3355068, 41.2404527 ], [ 69.3354283, 41.2403728 ], [ 69.33516, 41.2401364 ] ] ] } },
{ "type": "Feature", "properties": { "id": "way/89665701", "@timestamp": "2010-12-15T12:11:09", "Площадь": 0.47, "Туман": "Юнусобод" }, "geometry": { "type": "Polygon", "coordinates": [ [ [ 69.2848656, 41.3374501 ], [ 69.284495, 41.3374929 ], [ 69.2842236, 41.3361688 ], [ 69.2845945, 41.336126 ], [ 69.2848656, 41.3374501 ] ] ] } },
{ "type": "Feature", "properties": { "id": "way/91996543", "@timestamp": "2025-11-12T14:37:39", "Площадь": 0.11, "Туман": "Миробод" }, "geometry": { "type": "Polygon", "coordinates": [ [ [ 69.2846369, 41.2910729 ], [ 69.2846429, 41.2909008 ], [ 69.2853725, 41.2913694 ], [ 69.2852553, 41.2914705 ], [ 69.2846369, 41.2910729 ] ] ] } },
{ "type": "Feature", "properties": { "id": "way/95389601", "@timestamp": "2017-10-29T05:29:16", "Площадь": 0.04, "Туман": "Мирзо Улуғбек" }, "geometry": { "type": "Polygon", "coordinates": [ [ [ 69.3298879, 41.3342978 ], [ 69.3296593, 41.3340921 ], [ 69.3297972, 41.3340057 ], [ 69.3300258, 41.3342114 ], [ 69.3298879, 41.3342978 ] ] ] } },
{ "type": "Feature", "properties": { "id": "way/95401654", "@timestamp": "2020-09-14T21:54:08", "Площадь": 0.14, "Туман": "Мирзо Улуғбек" }, "geometry": { "type": "Polygon", "coordinates": [ [ [ 69.3235991, 41.3240593 ], [ 69.322729, 41.3232203 ], [ 69.3228403, 41.3231552 ], [ 69.3237102, 41.3239943 ], [ 69.3235991, 41.3240593 ] ] ] } },
{ "type": "Feature", "properties": { "id": "way/99319538", "@timestamp": "2025-08-07T06:52:39", "Площадь": 0.9, "Туман": "Юнусобод" }, "geometry": { "type": "Polygon", "coordinates": [ [ [ 69.2816123, 41.3353242 ], [ 69.281531, 41.3348635 ], [ 69.2815251, 41.3348311 ], [ 69.281519, 41.3347967 ], [ 69.2815141, 41.3347696 ], [ 69.281503, 41.3347013 ], [ 69.2815648, 41.3346959 ], [ 69.2814553, 41.3342581 ], [ 69.2820286, 41.3340653 ], [ 69.2820671, 41.3341288 ], [ 69.2821217, 41.3342188 ], [ 69.2821999, 41.3343883 ], [ 69.2822938, 41.3347823 ], [ 69.2824612, 41.334741 ], [ 69.2826286, 41.3350554 ], [ 69.2823591, 41.335109 ], [ 69.2823856, 41.3353565 ], [ 69.2820036, 41.3353666 ], [ 69.2816123, 41.3353242 ] ] ] } },
{ "type": "Feature", "properties": { "id": "way/99844928", "@timestamp": "2018-10-28T11:49:09", "Площадь": 0.56, "Туман": "Юнусобод" }, "geometry": { "type": "Polygon", "coordinates": [ [ [ 69.3154646, 41.3657821 ], [ 69.3156917, 41.3654461 ], [ 69.3158034, 41.3654919 ], [ 69.3170943, 41.3660204 ], [ 69.3170678, 41.3660572 ], [ 69.3168569, 41.3663496 ], [ 69.3154646, 41.3657821 ] ] ] } },
{ "type": "Feature", "properties": { "id": "way/100955149", "@timestamp": "2025-12-02T10:09:12", "Площадь": 0.52, "Туман": "Юнусобод" }, "geometry": { "type": "Polygon", "coordinates": [ [ [ 69.3143687, 41.3654273 ], [ 69.3144165, 41.3652933 ], [ 69.3145175, 41.365018 ], [ 69.3157417, 41.3653527 ], [ 69.3155555, 41.3656346 ], [ 69.3154388, 41.3657813 ], [ 69.3143687, 41.3654273 ] ] ] } },
{ "type": "Feature", "properties": { "id": "way/102381379", "@timestamp": "2025-12-02T17:46:34", "Площадь": 0.65, "Туман": "Чилонзор" }, "geometry": { "type": "Polygon", "coordinates": [ [ [ 69.2027423, 41.2762973 ], [ 69.2030368, 41.2761077 ], [ 69.2037296, 41.2756618 ], [ 69.2041956, 41.2760708 ], [ 69.2032083, 41.2767063 ], [ 69.2027423, 41.2762973 ] ] ] } },
{ "type": "Feature", "properties": { "id": "way/102404251", "@timestamp": "2024-09-14T01:14:20", "Площадь": 0.24, "Туман": "Яшнобод" }, "geometry": { "type": "Polygon", "coordinates": [ [ [ 69.3649625, 41.2670112 ], [ 69.3646575, 41.2665628 ], [ 69.3650553, 41.2664123 ], [ 69.3652053, 41.266475 ], [ 69.3653983, 41.2668065 ], [ 69.3652066, 41.2668737 ], [ 69.3652501, 41.2669289 ], [ 69.3650328, 41.2670062 ], [ 69.3650195, 41.2669878 ], [ 69.3649625, 41.2670112 ] ] ] } },
{ "type": "Feature", "properties": { "id": "way/102550085", "@timestamp": "2025-06-05T03:27:29", "Площадь": 0.21, "Туман": "Миробод" }, "geometry": { "type": "Polygon", "coordinates": [ [ [ 69.2859913, 41.2883067 ], [ 69.2863635, 41.2881143 ], [ 69.2867378, 41.2885231 ], [ 69.2863656, 41.2887155 ], [ 69.2859913, 41.2883067 ] ] ] } },
{ "type": "Feature", "properties": { "id": "way/103401586", "@timestamp": "2012-05-30T08:11:37", "Площадь": 0.34, "Туман": "Бектемир" }, "geometry": { "type": "Polygon", "coordinates": [ [ [ 69.309179, 41.2209866 ], [ 69.3095205, 41.2210994 ], [ 69.3089932, 41.2220025 ], [ 69.3086517, 41.2218897 ], [ 69.309179, 41.2209866 ] ] ] } },
{ "type": "Feature", "properties": { "id": "way/105437568", "@timestamp": "2026-02-05T23:25:56", "Площадь": 0.78, "Туман": "Мирзо Улуғбек" }, "geometry": { "type": "Polygon", "coordinates": [ [ [ 69.2829338, 41.3146135 ], [ 69.2826711, 41.3143262 ], [ 69.2834437, 41.3136114 ], [ 69.283536, 41.3135266 ], [ 69.2838728, 41.3131681 ], [ 69.2842912, 41.3133693 ], [ 69.2842296, 41.3134355 ], [ 69.2844061, 41.3135362 ], [ 69.2841033, 41.3138325 ], [ 69.2839701, 41.3137487 ], [ 69.2838963, 41.3138104 ], [ 69.2833079, 41.3142903 ], [ 69.2833424, 41.3143192 ], [ 69.2829338, 41.3146135 ] ] ] } },
{ "type": "Feature", "properties": { "id": "way/105853918", "@timestamp": "2011-03-26T11:53:25", "Площадь": 0.07, "Туман": "Миробод" }, "geometry": { "type": "Polygon", "coordinates": [ [ [ 69.291392, 41.282027 ], [ 69.291224, 41.2819762 ], [ 69.2914264, 41.2815982 ], [ 69.2915944, 41.281649 ], [ 69.291392, 41.282027 ] ] ] } },
{ "type": "Feature", "properties": { "id": "way/105959458", "@timestamp": "2025-08-01T07:21:38", "Площадь": 0.3, "Туман": "Юнусобод" }, "geometry": { "type": "Polygon", "coordinates": [ [ [ 69.2895722, 41.3827427 ], [ 69.2894597, 41.3823535 ], [ 69.2893179, 41.3818632 ], [ 69.2891878, 41.3818844 ], [ 69.2891002, 41.3815816 ], [ 69.2892955, 41.3815498 ], [ 69.289302, 41.3815723 ], [ 69.2894719, 41.3815447 ], [ 69.2898072, 41.3827044 ], [ 69.2895722, 41.3827427 ] ] ] } },
{ "type": "Feature", "properties": { "id": "way/107072967", "@timestamp": "2011-04-03T15:49:51", "Площадь": 0.1, "Туман": "Яшнобод" }, "geometry": { "type": "Polygon", "coordinates": [ [ [ 69.3039986, 41.2861135 ], [ 69.3041432, 41.2858527 ], [ 69.3044653, 41.2858614 ], [ 69.3044548, 41.286153 ], [ 69.3039986, 41.2861135 ] ] ] } },
{ "type": "Feature", "properties": { "id": "way/107161048", "@timestamp": "2023-04-16T16:48:11", "Площадь": 0.58, "Туман": "Яккасарой" }, "geometry": { "type": "Polygon", "coordinates": [ [ [ 69.2643992, 41.3023451 ], [ 69.2655393, 41.3020445 ], [ 69.2659206, 41.3021716 ], [ 69.2659329, 41.3022255 ], [ 69.2657858, 41.3024853 ], [ 69.2647415, 41.3027538 ], [ 69.2643992, 41.3023451 ] ] ] } },
{ "type": "Feature", "properties": { "id": "way/107293699", "@timestamp": "2024-07-08T08:38:23", "Площадь": 0.24, "Туман": "Яшнобод" }, "geometry": { "type": "Polygon", "coordinates": [ [ [ 69.3433954, 41.289866 ], [ 69.3442348, 41.2888759 ], [ 69.3444481, 41.2889716 ], [ 69.344123, 41.2893781 ], [ 69.3440571, 41.2893449 ], [ 69.3435686, 41.2899461 ], [ 69.3434736, 41.2899021 ], [ 69.3433954, 41.289866 ] ] ] } },
{ "type": "Feature", "properties": { "id": "way/108554534", "@timestamp": "2026-04-21T18:49:48", "Площадь": 0.28, "Туман": "Чилонзор" }, "geometry": { "type": "Polygon", "coordinates": [ [ [ 69.2022314, 41.2700135 ], [ 69.2015145, 41.2686806 ], [ 69.2015525, 41.2686277 ], [ 69.2014988, 41.2685252 ], [ 69.2014063, 41.2684795 ], [ 69.201328, 41.2683339 ], [ 69.2014902, 41.2682822 ], [ 69.2023908, 41.26997 ], [ 69.2022314, 41.2700135 ] ] ] } },
{ "type": "Feature", "properties": { "id": "way/108787627", "@timestamp": "2011-04-16T17:36:40", "Площадь": 0.16, "Туман": "Чилонзор" }, "geometry": { "type": "Polygon", "coordinates": [ [ [ 69.1985535, 41.2632434 ], [ 69.1981312, 41.2624582 ], [ 69.1983248, 41.2623993 ], [ 69.1987469, 41.2631846 ], [ 69.1985535, 41.2632434 ] ] ] } },
{ "type": "Feature", "properties": { "id": "way/109204221", "@timestamp": "2012-11-09T19:52:39", "Площадь": 0.24, "Туман": "Сергели" }, "geometry": { "type": "Polygon", "coordinates": [ [ [ 69.2240392, 41.2119972 ], [ 69.2242345, 41.2117328 ], [ 69.2249836, 41.2120458 ], [ 69.2247884, 41.2123102 ], [ 69.2240392, 41.2119972 ] ] ] } },
{ "type": "Feature", "properties": { "id": "way/110751949", "@timestamp": "2013-01-19T16:37:59", "Площадь": 0.05, "Туман": "Яшнобод" }, "geometry": { "type": "Polygon", "coordinates": [ [ [ 69.3447349, 41.2996498 ], [ 69.3445917, 41.2992823 ], [ 69.3447338, 41.299248 ], [ 69.3448732, 41.2996171 ], [ 69.3447349, 41.2996498 ] ] ] } },
{ "type": "Feature", "properties": { "id": "way/123061620", "@timestamp": "2025-03-24T09:44:13", "Площадь": 0.14, "Туман": "Мирзо Улуғбек" }, "geometry": { "type": "Polygon", "coordinates": [ [ [ 69.364038, 41.3323692 ], [ 69.3638376, 41.3321784 ], [ 69.3640317, 41.3320547 ], [ 69.3643113, 41.3318828 ], [ 69.3645143, 41.3320685 ], [ 69.364038, 41.3323692 ] ] ] } },
{ "type": "Feature", "properties": { "id": "way/124066915", "@timestamp": "2011-08-01T13:44:45", "Площадь": 0.12, "Туман": "Сергели" }, "geometry": { "type": "Polygon", "coordinates": [ [ [ 69.229499, 41.2153545 ], [ 69.2296169, 41.2152025 ], [ 69.2302653, 41.2154867 ], [ 69.2301475, 41.2156388 ], [ 69.229499, 41.2153545 ] ] ] } },
{ "type": "Feature", "properties": { "id": "way/124704240", "@timestamp": "2011-08-05T08:02:13", "Площадь": 0.14, "Туман": "Миробод" }, "geometry": { "type": "Polygon", "coordinates": [ [ [ 69.318571, 41.2466035 ], [ 69.3186913, 41.2463507 ], [ 69.3192099, 41.24648 ], [ 69.3190787, 41.2467468 ], [ 69.318571, 41.2466035 ] ] ] } },
{ "type": "Feature", "properties": { "id": "way/129198732", "@timestamp": "2023-12-01T21:59:06", "Площадь": 0.12, "Туман": "Чилонзор" }, "geometry": { "type": "Polygon", "coordinates": [ [ [ 69.2048717, 41.2760928 ], [ 69.2046253, 41.2758653 ], [ 69.2044909, 41.2759475 ], [ 69.204393, 41.2758571 ], [ 69.2047422, 41.2756435 ], [ 69.2050864, 41.2759614 ], [ 69.2048717, 41.2760928 ] ] ] } },
{ "type": "Feature", "properties": { "id": "way/132789256", "@timestamp": "2013-12-07T18:37:06", "Площадь": 0.01, "Туман": "Миробод" }, "geometry": { "type": "Polygon", "coordinates": [ [ [ 69.274814, 41.2886109 ], [ 69.274873, 41.288566 ], [ 69.2750285, 41.2886822 ], [ 69.2749695, 41.2887271 ], [ 69.274814, 41.2886109 ] ] ] } },
{ "type": "Feature", "properties": { "id": "way/132789376", "@timestamp": "2013-01-27T07:49:36", "Площадь": 0.02, "Туман": "Миробод" }, "geometry": { "type": "Polygon", "coordinates": [ [ [ 69.2785795, 41.2902974 ], [ 69.2788342, 41.2901259 ], [ 69.2788915, 41.290174 ], [ 69.2786368, 41.2903455 ], [ 69.2785795, 41.2902974 ] ] ] } },
{ "type": "Feature", "properties": { "id": "way/132789377", "@timestamp": "2013-01-27T07:49:36", "Площадь": 0.02, "Туман": "Миробод" }, "geometry": { "type": "Polygon", "coordinates": [ [ [ 69.2788734, 41.2901018 ], [ 69.2791674, 41.2899767 ], [ 69.279208, 41.2900305 ], [ 69.278914, 41.2901557 ], [ 69.2788734, 41.2901018 ] ] ] } },
{ "type": "Feature", "properties": { "id": "way/134754763", "@timestamp": "2023-05-20T15:07:52", "Площадь": 0.09, "Туман": "Учтепа" }, "geometry": { "type": "Polygon", "coordinates": [ [ [ 69.1760701, 41.2839602 ], [ 69.1760657, 41.2838045 ], [ 69.176657, 41.2837951 ], [ 69.1766614, 41.2839507 ], [ 69.1760701, 41.2839602 ] ] ] } },
{ "type": "Feature", "properties": { "id": "way/136483296", "@timestamp": "2019-11-15T12:49:41", "Площадь": 0.98, "Туман": "Чилонзор" }, "geometry": { "type": "Polygon", "coordinates": [ [ [ 69.2322839, 41.2816402 ], [ 69.2333405, 41.2810355 ], [ 69.2339935, 41.2816409 ], [ 69.2329924, 41.2822719 ], [ 69.2322839, 41.2816402 ] ] ] } },
{ "type": "Feature", "properties": { "id": "way/137147870", "@timestamp": "2025-12-01T06:15:32", "Площадь": 0.06, "Туман": "Миробод" }, "geometry": { "type": "Polygon", "coordinates": [ [ [ 69.3097895, 41.2729251 ], [ 69.3092786, 41.2727575 ], [ 69.3093385, 41.2726544 ], [ 69.3098553, 41.2728234 ], [ 69.3097895, 41.2729251 ] ] ] } },
{ "type": "Feature", "properties": { "id": "way/137530400", "@timestamp": "2025-09-08T11:48:18", "Площадь": 0.19, "Туман": "Чилонзор" }, "geometry": { "type": "Polygon", "coordinates": [ [ [ 69.2090138, 41.273651 ], [ 69.2082899, 41.2727649 ], [ 69.2084581, 41.2726872 ], [ 69.2091821, 41.2735733 ], [ 69.2090138, 41.273651 ] ] ] } },
{ "type": "Feature", "properties": { "id": "way/138913284", "@timestamp": "2011-12-01T05:28:52", "Площадь": 0.13, "Туман": "Учтепа" }, "geometry": { "type": "Polygon", "coordinates": [ [ [ 69.1881348, 41.2763607 ], [ 69.1879536, 41.2762643 ], [ 69.1880668, 41.2761443 ], [ 69.1879152, 41.2760636 ], [ 69.1881086, 41.2758583 ], [ 69.1884413, 41.2760354 ], [ 69.1881348, 41.2763607 ] ] ] } },
{ "type": "Feature", "properties": { "id": "way/138913313", "@timestamp": "2025-06-30T09:06:00", "Площадь": 0.72, "Туман": "Учтепа" }, "geometry": { "type": "Polygon", "coordinates": [ [ [ 69.192377, 41.2789679 ], [ 69.1918613, 41.2786481 ], [ 69.1919106, 41.2786314 ], [ 69.1924797, 41.278439 ], [ 69.1929311, 41.2781467 ], [ 69.1935625, 41.2786229 ], [ 69.1932012, 41.278873 ], [ 69.1931681, 41.2788943 ], [ 69.1929082, 41.2790617 ], [ 69.1925072, 41.2788818 ], [ 69.1924162, 41.278942 ], [ 69.192377, 41.2789679 ] ] ] } },
{ "type": "Feature", "properties": { "id": "way/140378443", "@timestamp": "2023-11-17T09:29:59", "Площадь": 0.11, "Туман": "Миробод" }, "geometry": { "type": "Polygon", "coordinates": [ [ [ 69.2706135, 41.3081938 ], [ 69.2705229, 41.3079908 ], [ 69.2710388, 41.3078609 ], [ 69.2711294, 41.3080639 ], [ 69.2706135, 41.3081938 ] ] ] } },
{ "type": "Feature", "properties": { "id": "way/140512673", "@timestamp": "2017-04-06T11:56:10", "Площадь": 0.09, "Туман": "Шайхонтоҳур" }, "geometry": { "type": "Polygon", "coordinates": [ [ [ 69.2487043, 41.3276026 ], [ 69.24943, 41.3271587 ], [ 69.24952, 41.3272471 ], [ 69.248758, 41.3276958 ], [ 69.2487043, 41.3276026 ] ] ] } },
{ "type": "Feature", "properties": { "id": "way/144057351", "@timestamp": "2018-07-04T08:47:16", "Площадь": 0.34, "Туман": "Шайхонтоҳур" }, "geometry": { "type": "Polygon", "coordinates": [ [ [ 69.2311841, 41.3235864 ], [ 69.231861, 41.3242772 ], [ 69.2317702, 41.3243274 ], [ 69.231516, 41.3244678 ], [ 69.2308391, 41.3237771 ], [ 69.2310889, 41.323639 ], [ 69.2311841, 41.3235864 ] ] ] } },
{ "type": "Feature", "properties": { "id": "way/144372103", "@timestamp": "2026-05-01T13:43:02", "Площадь": 0.01, "Туман": "Учтепа" }, "geometry": { "type": "Polygon", "coordinates": [ [ [ 69.1938925, 41.2756478 ], [ 69.1939314, 41.2756146 ], [ 69.194285, 41.275828 ], [ 69.1941426, 41.2757919 ], [ 69.1938925, 41.2756478 ] ] ] } },
{ "type": "Feature", "properties": { "id": "way/148336470", "@timestamp": "2026-02-02T12:49:18", "Площадь": 0.65, "Туман": "Юнусобод" }, "geometry": { "type": "Polygon", "coordinates": [ [ [ 69.2845706, 41.3182266 ], [ 69.2843962, 41.3177403 ], [ 69.2852859, 41.3174302 ], [ 69.285852, 41.3180363 ], [ 69.2857051, 41.3180715 ], [ 69.2855565, 41.318093 ], [ 69.2854642, 41.3181053 ], [ 69.2850929, 41.3181561 ], [ 69.2849676, 41.3181731 ], [ 69.2845706, 41.3182266 ] ] ] } },
{ "type": "Feature", "properties": { "id": "way/149775248", "@timestamp": "2025-09-16T23:40:17", "Площадь": 1.08, "Туман": "Бектемир" }, "geometry": { "type": "Polygon", "coordinates": [ [ [ 69.3327347, 41.2383618 ], [ 69.3321423, 41.238139 ], [ 69.332112, 41.2380611 ], [ 69.3321114, 41.2379893 ], [ 69.3321201, 41.2378803 ], [ 69.3321314, 41.2377868 ], [ 69.3321386, 41.2376944 ], [ 69.3321373, 41.2376471 ], [ 69.3321291, 41.2375997 ], [ 69.3321161, 41.2375444 ], [ 69.3321022, 41.237516 ], [ 69.3320863, 41.2374907 ], [ 69.3320638, 41.2374642 ], [ 69.3320363, 41.2374377 ], [ 69.3319544, 41.2373611 ], [ 69.3319152, 41.2373237 ], [ 69.331888, 41.2372938 ], [ 69.3318454, 41.2372478 ], [ 69.3318147, 41.2371909 ], [ 69.3318017, 41.2371443 ], [ 69.3318549, 41.2370671 ], [ 69.3319398, 41.2369419 ], [ 69.3321806, 41.2365753 ], [ 69.3323453, 41.2363596 ], [ 69.3324731, 41.2362098 ], [ 69.3325073, 41.2361554 ], [ 69.3327328, 41.2362568 ], [ 69.3329677, 41.2363526 ], [ 69.3331337, 41.2364123 ], [ 69.333098, 41.2364756 ], [ 69.3334314, 41.2365837 ], [ 69.3332758, 41.2366745 ], [ 69.3326244, 41.2364433 ], [ 69.3322893, 41.2369359 ], [ 69.3325675, 41.2370352 ], [ 69.3322137, 41.2375824 ], [ 69.3322042, 41.2376834 ], [ 69.3330468, 41.2379682 ], [ 69.3329287, 41.2381511 ], [ 69.3329712, 41.2381671 ], [ 69.3328943, 41.2382679 ], [ 69.3329825, 41.2383002 ], [ 69.3330261, 41.2382431 ], [ 69.3333144, 41.2383446 ], [ 69.3332067, 41.238501 ], [ 69.3331275, 41.238471 ], [ 69.3331051, 41.2385028 ], [ 69.3327347, 41.2383618 ] ] ] } },
{ "type": "Feature", "properties": { "id": "way/150387582", "@timestamp": "2015-11-07T16:04:10", "Площадь": 0.12, "Туман": "Олмазор" }, "geometry": { "type": "Polygon", "coordinates": [ [ [ 69.2416854, 41.3385392 ], [ 69.241506, 41.338714 ], [ 69.2414704, 41.3387139 ], [ 69.241419, 41.3387094 ], [ 69.2409867, 41.3386251 ], [ 69.241078, 41.3384034 ], [ 69.2413783, 41.3384684 ], [ 69.2413996, 41.338473 ], [ 69.241435, 41.3384812 ], [ 69.2416854, 41.3385392 ] ] ] } },
{ "type": "Feature", "properties": { "id": "way/150668010", "@timestamp": "2025-07-06T12:13:30", "Площадь": 0.09, "Туман": "Миробод" }, "geometry": { "type": "Polygon", "coordinates": [ [ [ 69.2803945, 41.2896289 ], [ 69.2810264, 41.289284 ], [ 69.2811517, 41.2894025 ], [ 69.28038, 41.289735 ], [ 69.2803193, 41.2896931 ], [ 69.2803945, 41.2896289 ] ] ] } },
{ "type": "Feature", "properties": { "id": "way/150939449", "@timestamp": "2012-02-18T18:22:02", "Площадь": 0.08, "Туман": "Миробод" }, "geometry": { "type": "Polygon", "coordinates": [ [ [ 69.3012668, 41.2851208 ], [ 69.3015412, 41.2847023 ], [ 69.3017122, 41.2847636 ], [ 69.3014441, 41.2851879 ], [ 69.3012668, 41.2851208 ] ] ] } },
{ "type": "Feature", "properties": { "id": "way/151690072", "@timestamp": "2024-01-22T08:58:05", "Площадь": 0.05, "Туман": "Мирзо Улуғбек" }, "geometry": { "type": "Polygon", "coordinates": [ [ [ 69.3354812, 41.3272945 ], [ 69.3355017, 41.3272142 ], [ 69.3361097, 41.3273015 ], [ 69.3360892, 41.3273818 ], [ 69.3354812, 41.3272945 ] ] ] } },
{ "type": "Feature", "properties": { "id": "way/154526298", "@timestamp": "2012-03-11T16:18:17", "Площадь": 0.36, "Туман": "Олмазор" }, "geometry": { "type": "Polygon", "coordinates": [ [ [ 69.1701381, 41.3518718 ], [ 69.1699839, 41.3507976 ], [ 69.1703797, 41.350788 ], [ 69.1704582, 41.3518656 ], [ 69.1701381, 41.3518718 ] ] ] } },
{ "type": "Feature", "properties": { "id": "way/154530227", "@timestamp": "2018-05-29T14:54:20", "Площадь": 0.38, "Туман": "Олмазор" }, "geometry": { "type": "Polygon", "coordinates": [ [ [ 69.1728793, 41.3499184 ], [ 69.1728793, 41.3493994 ], [ 69.1736555, 41.349396 ], [ 69.1736565, 41.3498705 ], [ 69.1736578, 41.3499167 ], [ 69.1728793, 41.3499184 ] ] ] } },
{ "type": "Feature", "properties": { "id": "way/161231312", "@timestamp": "2024-06-10T14:44:11", "Площадь": 0.1, "Туман": "Шайхонтоҳур" }, "geometry": { "type": "Polygon", "coordinates": [ [ [ 69.2181488, 41.3218869 ], [ 69.218146, 41.3216732 ], [ 69.2186735, 41.3216693 ], [ 69.2186801, 41.3218787 ], [ 69.2186303, 41.321879 ], [ 69.2181488, 41.3218869 ] ] ] } },
{ "type": "Feature", "properties": { "id": "way/161231313", "@timestamp": "2018-09-20T22:39:16", "Площадь": 0.24, "Туман": "Шайхонтоҳур" }, "geometry": { "type": "Polygon", "coordinates": [ [ [ 69.216476, 41.3219044 ], [ 69.2164804, 41.3217205 ], [ 69.2165941, 41.3216891 ], [ 69.2176899, 41.3216817 ], [ 69.2176925, 41.3218989 ], [ 69.216476, 41.3219044 ] ] ] } },
{ "type": "Feature", "properties": { "id": "way/162689071", "@timestamp": "2024-05-27T22:48:03", "Площадь": 0.08, "Туман": "Яшнобод" }, "geometry": { "type": "Polygon", "coordinates": [ [ [ 69.3121939, 41.3105481 ], [ 69.3118724, 41.3100333 ], [ 69.3120249, 41.3099799 ], [ 69.3122583, 41.3104655 ], [ 69.3123072, 41.3105743 ], [ 69.3122286, 41.3106033 ], [ 69.3121939, 41.3105481 ] ] ] } },
{ "type": "Feature", "properties": { "id": "way/164785202", "@timestamp": "2025-12-17T18:05:52", "Площадь": 0.28, "Туман": "Яшнобод" }, "geometry": { "type": "Polygon", "coordinates": [ [ [ 69.3187351, 41.2666358 ], [ 69.3191817, 41.2667696 ], [ 69.3188422, 41.2673485 ], [ 69.3184124, 41.2672081 ], [ 69.3187351, 41.2666358 ] ] ] } },
{ "type": "Feature", "properties": { "id": "way/164882052", "@timestamp": "2012-05-25T05:02:55", "Площадь": 0.07, "Туман": "Учтепа" }, "geometry": { "type": "Polygon", "coordinates": [ [ [ 69.1697131, 41.2821705 ], [ 69.1696965, 41.2817532 ], [ 69.1698857, 41.2817489 ], [ 69.1698986, 41.2821676 ], [ 69.1697131, 41.2821705 ] ] ] } },
{ "type": "Feature", "properties": { "id": "way/164887379", "@timestamp": "2012-09-04T12:52:08", "Площадь": 0.05, "Туман": "Миробод" }, "geometry": { "type": "Polygon", "coordinates": [ [ [ 69.3003716, 41.274419 ], [ 69.3005464, 41.2740639 ], [ 69.3006861, 41.2741027 ], [ 69.3005113, 41.2744579 ], [ 69.3003716, 41.274419 ] ] ] } },
{ "type": "Feature", "properties": { "id": "way/164895753", "@timestamp": "2026-02-02T12:49:18", "Площадь": 0.78, "Туман": "Юнусобод" }, "geometry": { "type": "Polygon", "coordinates": [ [ [ 69.2835391, 41.3180239 ], [ 69.2836461, 41.3184555 ], [ 69.2837196, 41.3187932 ], [ 69.2836975, 41.3188004 ], [ 69.2837054, 41.3188398 ], [ 69.2826657, 41.318975 ], [ 69.2826082, 41.3189766 ], [ 69.2824427, 41.3183661 ], [ 69.2825038, 41.3183469 ], [ 69.2834894, 41.3180386 ], [ 69.2835391, 41.3180239 ] ] ] } },
{ "type": "Feature", "properties": { "id": "way/164901338", "@timestamp": "2018-11-01T18:27:32", "Площадь": 1.09, "Туман": "Шайхонтоҳур" }, "geometry": { "type": "Polygon", "coordinates": [ [ [ 69.2701804, 41.3392488 ], [ 69.2700328, 41.3390978 ], [ 69.2703386, 41.3389286 ], [ 69.2701294, 41.3387312 ], [ 69.2723691, 41.337471 ], [ 69.2726249, 41.3377149 ], [ 69.272428, 41.337825 ], [ 69.2724288, 41.3379187 ], [ 69.272542, 41.3380119 ], [ 69.2723635, 41.338105 ], [ 69.2721759, 41.3379227 ], [ 69.2717705, 41.3381378 ], [ 69.2718949, 41.3382639 ], [ 69.2701804, 41.3392488 ] ] ] } },
{ "type": "Feature", "properties": { "id": "way/164927908", "@timestamp": "2025-04-05T21:34:36", "Площадь": 0.21, "Туман": "Чилонзор" }, "geometry": { "type": "Polygon", "coordinates": [ [ [ 69.2233123, 41.2934442 ], [ 69.2232552, 41.2933951 ], [ 69.2234642, 41.2932623 ], [ 69.2233679, 41.2931793 ], [ 69.223492, 41.2931039 ], [ 69.2233036, 41.2929346 ], [ 69.2233439, 41.2929041 ], [ 69.2232681, 41.2928392 ], [ 69.2232265, 41.2928653 ], [ 69.2229692, 41.2926407 ], [ 69.2231566, 41.2925237 ], [ 69.2238288, 41.2931258 ], [ 69.2237424, 41.2931791 ], [ 69.2233123, 41.2934442 ] ] ] } },
{ "type": "Feature", "properties": { "id": "way/164928857", "@timestamp": "2018-06-28T08:20:06", "Площадь": 0.05, "Туман": "Чилонзор" }, "geometry": { "type": "Polygon", "coordinates": [ [ [ 69.2223309, 41.2931486 ], [ 69.2226928, 41.293473 ], [ 69.2226624, 41.2934916 ], [ 69.2225883, 41.2935381 ], [ 69.2222215, 41.2932151 ], [ 69.2222857, 41.2931763 ], [ 69.2223309, 41.2931486 ] ] ] } },
{ "type": "Feature", "properties": { "id": "way/164945958", "@timestamp": "2026-01-26T07:00:30", "Площадь": 0.14, "Туман": "Миробод" }, "geometry": { "type": "Polygon", "coordinates": [ [ [ 69.2889847, 41.2944312 ], [ 69.2890548, 41.2943827 ], [ 69.2890972, 41.2943626 ], [ 69.2891534, 41.2943416 ], [ 69.2892103, 41.2943282 ], [ 69.2892662, 41.2943215 ], [ 69.2893183, 41.2943192 ], [ 69.2893714, 41.294322 ], [ 69.2894393, 41.2943295 ], [ 69.2895039, 41.2943472 ], [ 69.2896145, 41.2943814 ], [ 69.2896949, 41.2944158 ], [ 69.2896638, 41.29444 ], [ 69.2895681, 41.2945184 ], [ 69.2894299, 41.294633 ], [ 69.2892885, 41.294642 ], [ 69.2889637, 41.2944481 ], [ 69.2889847, 41.2944312 ] ] ] } },
{ "type": "Feature", "properties": { "id": "way/165273222", "@timestamp": "2025-12-09T11:49:53", "Площадь": 0.36, "Туман": "Юнусобод" }, "geometry": { "type": "Polygon", "coordinates": [ [ [ 69.2850404, 41.3198411 ], [ 69.2849692, 41.3198484 ], [ 69.2849515, 41.3197589 ], [ 69.2843316, 41.3198278 ], [ 69.2843483, 41.3199122 ], [ 69.2842422, 41.3199205 ], [ 69.2842215, 41.3198119 ], [ 69.2841706, 41.3198159 ], [ 69.2840966, 41.3194086 ], [ 69.2849494, 41.3193153 ], [ 69.2849681, 41.3194167 ], [ 69.2849729, 41.3194465 ], [ 69.2849943, 41.3195706 ], [ 69.2850323, 41.3197939 ], [ 69.2850404, 41.3198411 ] ] ] } },
{ "type": "Feature", "properties": { "id": "way/167950313", "@timestamp": "2026-02-25T07:56:41", "Площадь": 0.05, "Туман": "Янгиҳает" }, "geometry": { "type": "Polygon", "coordinates": [ [ [ 69.2282378, 41.2047131 ], [ 69.2283113, 41.2046092 ], [ 69.2287209, 41.2047731 ], [ 69.2286474, 41.2048771 ], [ 69.2282378, 41.2047131 ] ] ] } },
{ "type": "Feature", "properties": { "id": "way/169226534", "@timestamp": "2026-04-01T16:52:09", "Площадь": 0.74, "Туман": "Чилонзор" }, "geometry": { "type": "Polygon", "coordinates": [ [ [ 69.1610948, 41.2542285 ], [ 69.1602629, 41.2535381 ], [ 69.1609945, 41.2530591 ], [ 69.1611041, 41.2530264 ], [ 69.1614248, 41.2528207 ], [ 69.1615952, 41.2526785 ], [ 69.1618047, 41.2525349 ], [ 69.1622297, 41.2525199 ], [ 69.1607802, 41.2535608 ], [ 69.1615556, 41.2541983 ], [ 69.1610948, 41.2542285 ] ] ] } },
{ "type": "Feature", "properties": { "id": "way/170632432", "@timestamp": "2012-07-08T17:31:18", "Площадь": 0.09, "Туман": "Яккасарой" }, "geometry": { "type": "Polygon", "coordinates": [ [ [ 69.245542, 41.2700732 ], [ 69.2454612, 41.2707288 ], [ 69.2453121, 41.2707184 ], [ 69.2453928, 41.2700628 ], [ 69.245542, 41.2700732 ] ] ] } },
{ "type": "Feature", "properties": { "id": "way/170842026", "@timestamp": "2024-05-21T21:12:42", "Площадь": 0.07, "Туман": "Яккасарой" }, "geometry": { "type": "Polygon", "coordinates": [ [ [ 69.2297753, 41.2614811 ], [ 69.2296435, 41.2615916 ], [ 69.229404, 41.2613728 ], [ 69.2292299, 41.2614806 ], [ 69.2291507, 41.2614082 ], [ 69.2291269, 41.2613865 ], [ 69.2291328, 41.2613174 ], [ 69.2291854, 41.2612446 ], [ 69.2295849, 41.2613883 ], [ 69.2297753, 41.2614811 ] ] ] } },
{ "type": "Feature", "properties": { "id": "way/171032484", "@timestamp": "2012-07-11T11:10:36", "Площадь": 0.17, "Туман": "Юнусобод" }, "geometry": { "type": "Polygon", "coordinates": [ [ [ 69.2700812, 41.3202472 ], [ 69.2705071, 41.3201477 ], [ 69.2706657, 41.3205411 ], [ 69.2702429, 41.3206406 ], [ 69.2700812, 41.3202472 ] ] ] } },
{ "type": "Feature", "properties": { "id": "way/174589285", "@timestamp": "2026-02-14T22:08:08", "Площадь": 0.75, "Туман": "Шайхонтоҳур" }, "geometry": { "type": "Polygon", "coordinates": [ [ [ 69.2381018, 41.3264895 ], [ 69.23832, 41.3260765 ], [ 69.2400853, 41.3266559 ], [ 69.2400467, 41.3267184 ], [ 69.2399285, 41.3266776 ], [ 69.2398855, 41.3267625 ], [ 69.2396564, 41.3270306 ], [ 69.2386121, 41.3266582 ], [ 69.2381018, 41.3264895 ] ] ] } },
{ "type": "Feature", "properties": { "id": "way/176011662", "@timestamp": "2024-09-09T20:23:31", "Площадь": 0.15, "Туман": "Мирзо Улуғбек" }, "geometry": { "type": "Polygon", "coordinates": [ [ [ 69.3817129, 41.3427219 ], [ 69.3815589, 41.3425468 ], [ 69.3815445, 41.3424423 ], [ 69.3812899, 41.3423264 ], [ 69.381164, 41.3422459 ], [ 69.3809584, 41.3420868 ], [ 69.3809715, 41.342016 ], [ 69.3810986, 41.3420245 ], [ 69.3811535, 41.3421054 ], [ 69.3811815, 41.3421317 ], [ 69.3812197, 41.3421485 ], [ 69.3812739, 41.3421524 ], [ 69.3813463, 41.3421416 ], [ 69.3816861, 41.342279 ], [ 69.3817403, 41.342727 ], [ 69.3817129, 41.3427219 ] ] ] } },
{ "type": "Feature", "properties": { "id": "way/177086318", "@timestamp": "2026-04-23T17:31:22", "Площадь": 0.62, "Туман": "Сергели" }, "geometry": { "type": "Polygon", "coordinates": [ [ [ 69.26736, 41.267407 ], [ 69.2673838, 41.2673291 ], [ 69.2675208, 41.2669312 ], [ 69.2675812, 41.266795 ], [ 69.2684052, 41.2669435 ], [ 69.2681654, 41.2676594 ], [ 69.2680678, 41.2676754 ], [ 69.2679441, 41.2676657 ], [ 69.2673575, 41.2675674 ], [ 69.2673987, 41.2674145 ], [ 69.26736, 41.267407 ] ] ] } },
{ "type": "Feature", "properties": { "id": "way/178852484", "@timestamp": "2024-10-12T16:02:26", "Площадь": 0.11, "Туман": "Юнусобод" }, "geometry": { "type": "Polygon", "coordinates": [ [ [ 69.2774279, 41.3187415 ], [ 69.2770596, 41.318828 ], [ 69.2769355, 41.3185298 ], [ 69.2773038, 41.3184433 ], [ 69.2774279, 41.3187415 ] ] ] } },
{ "type": "Feature", "properties": { "id": "way/179245197", "@timestamp": "2025-08-04T12:51:10", "Площадь": 0.26, "Туман": "Чилонзор" }, "geometry": { "type": "Polygon", "coordinates": [ [ [ 69.2450237, 41.3023725 ], [ 69.2451438, 41.3021815 ], [ 69.2452502, 41.3022028 ], [ 69.2453916, 41.3019379 ], [ 69.2457631, 41.3019265 ], [ 69.2458206, 41.3018145 ], [ 69.2458925, 41.3018532 ], [ 69.2455501, 41.3025259 ], [ 69.245076, 41.3023877 ], [ 69.2450237, 41.3023725 ] ] ] } },
{ "type": "Feature", "properties": { "id": "way/180433695", "@timestamp": "2025-08-05T12:58:17", "Площадь": 0.37, "Туман": "Яккасарой" }, "geometry": { "type": "Polygon", "coordinates": [ [ [ 69.2626907, 41.3010133 ], [ 69.2631475, 41.3006881 ], [ 69.2635439, 41.3006072 ], [ 69.2636875, 41.3006637 ], [ 69.2637421, 41.3007728 ], [ 69.2631047, 41.3010178 ], [ 69.263305, 41.3013028 ], [ 69.2633294, 41.3013463 ], [ 69.2633744, 41.3014009 ], [ 69.2634281, 41.3014458 ], [ 69.2634956, 41.3014823 ], [ 69.2635532, 41.301503 ], [ 69.2636093, 41.3015195 ], [ 69.2636661, 41.3015336 ], [ 69.2637256, 41.3015414 ], [ 69.2635139, 41.3016876 ], [ 69.2626907, 41.3010133 ] ] ] } },
{ "type": "Feature", "properties": { "id": "way/181389464", "@timestamp": "2023-03-02T16:27:17", "Площадь": 1.14, "Туман": "Чилонзор" }, "geometry": { "type": "Polygon", "coordinates": [ [ [ 69.168763, 41.2422435 ], [ 69.1671939, 41.2428364 ], [ 69.1669511, 41.2428455 ], [ 69.1671329, 41.2426484 ], [ 69.1670048, 41.2425732 ], [ 69.1671899, 41.2423221 ], [ 69.1673039, 41.2421779 ], [ 69.1674366, 41.2420115 ], [ 69.1676793, 41.2417887 ], [ 69.1679154, 41.2416021 ], [ 69.1681412, 41.2415208 ], [ 69.1683231, 41.2414529 ], [ 69.168763, 41.2422435 ] ] ] } },
{ "type": "Feature", "properties": { "id": "way/181904247", "@timestamp": "2025-05-30T19:04:20", "Площадь": 0.25, "Туман": "Чилонзор" }, "geometry": { "type": "Polygon", "coordinates": [ [ [ 69.185201, 41.2521616 ], [ 69.1851717, 41.2521903 ], [ 69.1850972, 41.2522605 ], [ 69.1835288, 41.251311 ], [ 69.1836493, 41.2512014 ], [ 69.185201, 41.2521616 ] ] ] } },
{ "type": "Feature", "properties": { "id": "way/181904266", "@timestamp": "2012-09-19T20:15:54", "Площадь": 0.42, "Туман": "Чилонзор" }, "geometry": { "type": "Polygon", "coordinates": [ [ [ 69.1818748, 41.2519313 ], [ 69.1813371, 41.2524349 ], [ 69.1807912, 41.2521055 ], [ 69.181329, 41.2516019 ], [ 69.1818748, 41.2519313 ] ] ] } },
{ "type": "Feature", "properties": { "id": "way/181904270", "@timestamp": "2012-09-19T20:15:54", "Площадь": 0.17, "Туман": "Чилонзор" }, "geometry": { "type": "Polygon", "coordinates": [ [ [ 69.1814991, 41.2530269 ], [ 69.1821413, 41.2534067 ], [ 69.1819599, 41.25358 ], [ 69.1813178, 41.2532002 ], [ 69.1814991, 41.2530269 ] ] ] } },
{ "type": "Feature", "properties": { "id": "way/182128158", "@timestamp": "2024-05-24T20:04:14", "Площадь": 0.19, "Туман": "Миробод" }, "geometry": { "type": "Polygon", "coordinates": [ [ [ 69.283406, 41.2941937 ], [ 69.2842402, 41.2934768 ], [ 69.2843561, 41.2935564 ], [ 69.2830707, 41.2946751 ], [ 69.2829997, 41.2946291 ], [ 69.2834688, 41.294232 ], [ 69.283406, 41.2941937 ] ] ] } },
{ "type": "Feature", "properties": { "id": "way/182199766", "@timestamp": "2020-09-27T19:24:00", "Площадь": 0.23, "Туман": "Мирзо Улуғбек" }, "geometry": { "type": "Polygon", "coordinates": [ [ [ 69.3057543, 41.3216339 ], [ 69.3057525, 41.3216109 ], [ 69.3058314, 41.3216114 ], [ 69.3058327, 41.3215134 ], [ 69.3057538, 41.3215128 ], [ 69.3057406, 41.321353 ], [ 69.3067862, 41.3212984 ], [ 69.306667, 41.3217291 ], [ 69.3065283, 41.3217171 ], [ 69.306567, 41.3215138 ], [ 69.3061349, 41.3214673 ], [ 69.3060962, 41.3216706 ], [ 69.3057543, 41.3216339 ] ] ] } },
{ "type": "Feature", "properties": { "id": "way/182980774", "@timestamp": "2025-06-01T23:19:01", "Площадь": 1.13, "Туман": "Мирзо Улуғбек" }, "geometry": { "type": "Polygon", "coordinates": [ [ [ 69.3520553, 41.3528517 ], [ 69.3531633, 41.3521641 ], [ 69.3533719, 41.3523632 ], [ 69.3534626, 41.3524496 ], [ 69.3537313, 41.352706 ], [ 69.3538643, 41.3528328 ], [ 69.3531287, 41.353293 ], [ 69.3527557, 41.3535039 ], [ 69.3520553, 41.3528517 ] ] ] } },
{ "type": "Feature", "properties": { "id": "way/183194887", "@timestamp": "2012-09-27T17:51:07", "Площадь": 0.01, "Туман": "Миробод" }, "geometry": { "type": "Polygon", "coordinates": [ [ [ 69.2743769, 41.2885603 ], [ 69.2744791, 41.2884817 ], [ 69.2745265, 41.2885165 ], [ 69.2744244, 41.2885951 ], [ 69.2743769, 41.2885603 ] ] ] } },
{ "type": "Feature", "properties": { "id": "way/187817175", "@timestamp": "2014-09-29T18:43:20", "Площадь": 0.12, "Туман": "Чилонзор" }, "geometry": { "type": "Polygon", "coordinates": [ [ [ 69.2014621, 41.2768911 ], [ 69.2024198, 41.2762926 ], [ 69.2025196, 41.2763756 ], [ 69.2015451, 41.2769586 ], [ 69.2014621, 41.2768911 ] ] ] } },
{ "type": "Feature", "properties": { "id": "way/189907218", "@timestamp": "2012-11-09T20:54:06", "Площадь": 0.42, "Туман": "Янгиҳает" }, "geometry": { "type": "Polygon", "coordinates": [ [ [ 69.2136643, 41.2077531 ], [ 69.2142622, 41.2069434 ], [ 69.2146928, 41.2071233 ], [ 69.2140949, 41.2079331 ], [ 69.2136643, 41.2077531 ] ] ] } },
{ "type": "Feature", "properties": { "id": "way/190918490", "@timestamp": "2012-11-15T14:53:16", "Площадь": 0.01, "Туман": "Чилонзор" }, "geometry": { "type": "Polygon", "coordinates": [ [ [ 69.1672517, 41.2371386 ], [ 69.1674421, 41.2370418 ], [ 69.1674448, 41.2371265 ], [ 69.1672517, 41.2371386 ] ] ] } },
{ "type": "Feature", "properties": { "id": "way/190921956", "@timestamp": "2025-09-22T00:38:37", "Площадь": 1.24, "Туман": "Чилонзор" }, "geometry": { "type": "Polygon", "coordinates": [ [ [ 69.1691811, 41.2402319 ], [ 69.1703969, 41.2414163 ], [ 69.170251, 41.2413429 ], [ 69.1701027, 41.2412876 ], [ 69.1699452, 41.241237 ], [ 69.1697823, 41.2411945 ], [ 69.1695529, 41.2411403 ], [ 69.1692981, 41.2411 ], [ 69.1690648, 41.2410846 ], [ 69.1688689, 41.2410839 ], [ 69.1687228, 41.2410929 ], [ 69.1685698, 41.2411151 ], [ 69.1683935, 41.24116 ], [ 69.1682447, 41.2411993 ], [ 69.1680871, 41.2412493 ], [ 69.1679322, 41.2413058 ], [ 69.1677746, 41.2413884 ], [ 69.1676431, 41.2414591 ], [ 69.1675037, 41.2415497 ], [ 69.167273, 41.2417784 ], [ 69.1671436, 41.24191 ], [ 69.167013, 41.2420547 ], [ 69.1668581, 41.2422649 ], [ 69.1668215, 41.2423365 ], [ 69.1667635, 41.2423236 ], [ 69.1669507, 41.241799 ], [ 69.1670194, 41.2416039 ], [ 69.167072, 41.2413776 ], [ 69.1671557, 41.2408694 ], [ 69.1672598, 41.2405174 ], [ 69.1673121, 41.2406172 ], [ 69.1673562, 41.2406928 ], [ 69.1674153, 41.2407715 ], [ 69.1674917, 41.2408511 ], [ 69.1675816, 41.2409228 ], [ 69.1676621, 41.2409746 ], [ 69.1677553, 41.2410241 ], [ 69.1678485, 41.2410654 ], [ 69.1679577, 41.2410912 ], [ 69.1680669, 41.241109 ], [ 69.1681736, 41.2411174 ], [ 69.1682689, 41.2411198 ], [ 69.1684037, 41.2411129 ], [ 69.168523, 41.2410856 ], [ 69.1686397, 41.2410574 ], [ 69.1687523, 41.241011 ], [ 69.1688529, 41.2409636 ], [ 69.1689321, 41.2409041 ], [ 69.1690132, 41.2408316 ], [ 69.1690889, 41.240739 ], [ 69.1691425, 41.2406714 ], [ 69.1691854, 41.2405837 ], [ 69.1692143, 41.2405029 ], [ 69.1692218, 41.240418 ], [ 69.1692231, 41.2403358 ], [ 69.1691811, 41.2402319 ] ] ] } },
{ "type": "Feature", "properties": { "id": "way/191055328", "@timestamp": "2012-11-16T12:11:12", "Площадь": 0.24, "Туман": "Чилонзор" }, "geometry": { "type": "Polygon", "coordinates": [ [ [ 69.1864742, 41.2704384 ], [ 69.1862166, 41.2706894 ], [ 69.1855679, 41.2703132 ], [ 69.1858255, 41.2700623 ], [ 69.1864742, 41.2704384 ] ] ] } },
{ "type": "Feature", "properties": { "id": "way/191055360", "@timestamp": "2012-11-16T12:11:14", "Площадь": 0.74, "Туман": "Чилонзор" }, "geometry": { "type": "Polygon", "coordinates": [ [ [ 69.1866858, 41.2704849 ], [ 69.1858731, 41.2700194 ], [ 69.1865048, 41.2694065 ], [ 69.1873121, 41.2698579 ], [ 69.1866858, 41.2704849 ] ] ] } },
{ "type": "Feature", "properties": { "id": "way/191693493", "@timestamp": "2023-08-15T07:19:49", "Площадь": 0.15, "Туман": "Чилонзор" }, "geometry": { "type": "Polygon", "coordinates": [ [ [ 69.1960242, 41.2804936 ], [ 69.1950502, 41.2810964 ], [ 69.1949959, 41.2810624 ], [ 69.1950526, 41.2809802 ], [ 69.1951633, 41.2808657 ], [ 69.195899, 41.2803853 ], [ 69.1960242, 41.2804936 ] ] ] } },
{ "type": "Feature", "properties": { "id": "way/194502047", "@timestamp": "2012-12-04T17:39:07", "Площадь": 0.46, "Туман": "Олмазор" }, "geometry": { "type": "Polygon", "coordinates": [ [ [ 69.2330224, 41.3840956 ], [ 69.2310047, 41.3834244 ], [ 69.2310798, 41.3833238 ], [ 69.2320561, 41.383678 ], [ 69.2330915, 41.3835693 ], [ 69.2333436, 41.3836217 ], [ 69.2330224, 41.3840956 ] ] ] } },
{ "type": "Feature", "properties": { "id": "way/199296734", "@timestamp": "2026-02-12T19:30:39", "Площадь": 0.69, "Туман": "Шайхонтоҳур" }, "geometry": { "type": "Polygon", "coordinates": [ [ [ 69.2606353, 41.3128852 ], [ 69.2605032, 41.3128957 ], [ 69.2600489, 41.3129237 ], [ 69.2599314, 41.3129302 ], [ 69.2598924, 41.3129342 ], [ 69.2598861, 41.3128301 ], [ 69.2597966, 41.312028 ], [ 69.2598161, 41.3119967 ], [ 69.259737, 41.3118527 ], [ 69.2595633, 41.3115484 ], [ 69.2597675, 41.3115009 ], [ 69.2599611, 41.3119605 ], [ 69.2602627, 41.312215 ], [ 69.2603662, 41.3121488 ], [ 69.2607588, 41.312338 ], [ 69.2606353, 41.3128852 ] ] ] } },
{ "type": "Feature", "properties": { "id": "way/199432723", "@timestamp": "2025-11-17T13:20:39", "Площадь": 0.57, "Туман": "Шайхонтоҳур" }, "geometry": { "type": "Polygon", "coordinates": [ [ [ 69.2547872, 41.3175106 ], [ 69.2558613, 41.3174294 ], [ 69.2559394, 41.3179866 ], [ 69.2548593, 41.3180817 ], [ 69.2548534, 41.3180265 ], [ 69.2547933, 41.3175618 ], [ 69.2547872, 41.3175106 ] ] ] } },
{ "type": "Feature", "properties": { "id": "way/201100353", "@timestamp": "2025-11-19T10:02:09", "Площадь": 0.09, "Туман": "Яшнобод" }, "geometry": { "type": "Polygon", "coordinates": [ [ [ 69.3906564, 41.3065781 ], [ 69.3905298, 41.3064174 ], [ 69.3906868, 41.3063483 ], [ 69.3910404, 41.3063148 ], [ 69.3910166, 41.3065291 ], [ 69.3906564, 41.3065781 ] ] ] } },
{ "type": "Feature", "properties": { "id": "way/201951616", "@timestamp": "2025-03-17T20:14:33", "Площадь": 0.59, "Туман": "Чилонзор" }, "geometry": { "type": "Polygon", "coordinates": [ [ [ 69.2056599, 41.2744298 ], [ 69.205892, 41.2742875 ], [ 69.2059624, 41.2742444 ], [ 69.2060602, 41.2741844 ], [ 69.206152, 41.2741281 ], [ 69.2062303, 41.2740806 ], [ 69.2068736, 41.2746848 ], [ 69.2063237, 41.2750181 ], [ 69.2063589, 41.2750523 ], [ 69.2061623, 41.2751728 ], [ 69.2061243, 41.2751377 ], [ 69.2059804, 41.2750049 ], [ 69.206029, 41.2749766 ], [ 69.2059473, 41.2748788 ], [ 69.2059266, 41.2748541 ], [ 69.2060233, 41.274804 ], [ 69.2062181, 41.2749839 ], [ 69.2061742, 41.275011 ], [ 69.2061908, 41.2750254 ], [ 69.2062882, 41.2749652 ], [ 69.2062888, 41.2749612 ], [ 69.2062878, 41.2749564 ], [ 69.2062851, 41.2749519 ], [ 69.2062814, 41.2749463 ], [ 69.2062403, 41.2749717 ], [ 69.2056599, 41.2744298 ] ] ] } },
{ "type": "Feature", "properties": { "id": "way/201951617", "@timestamp": "2023-12-19T19:36:59", "Площадь": 0.92, "Туман": "Чилонзор" }, "geometry": { "type": "Polygon", "coordinates": [ [ [ 69.2064865, 41.2738188 ], [ 69.2067053, 41.2736875 ], [ 69.2067822, 41.2736413 ], [ 69.2071018, 41.2734495 ], [ 69.2071896, 41.2733968 ], [ 69.2073823, 41.2732811 ], [ 69.2080953, 41.2739521 ], [ 69.2071993, 41.2744897 ], [ 69.2064865, 41.2738188 ] ] ] } },
{ "type": "Feature", "properties": { "id": "way/201952805", "@timestamp": "2023-01-23T08:34:52", "Площадь": 0.75, "Туман": "Учтепа" }, "geometry": { "type": "Polygon", "coordinates": [ [ [ 69.1910262, 41.2845949 ], [ 69.1919799, 41.2839739 ], [ 69.1925317, 41.2844409 ], [ 69.1915699, 41.2850832 ], [ 69.1910262, 41.2845949 ] ] ] } },
{ "type": "Feature", "properties": { "id": "way/202279027", "@timestamp": "2025-07-02T12:34:19", "Площадь": 0.09, "Туман": "Юнусобод" }, "geometry": { "type": "Polygon", "coordinates": [ [ [ 69.2794746, 41.3224364 ], [ 69.2794362, 41.3222684 ], [ 69.2799892, 41.3221972 ], [ 69.2800276, 41.3223651 ], [ 69.2799069, 41.3223807 ], [ 69.2796194, 41.3224177 ], [ 69.2794746, 41.3224364 ] ] ] } },
{ "type": "Feature", "properties": { "id": "way/202539218", "@timestamp": "2017-06-18T05:28:04", "Площадь": 0.07, "Туман": "Миробод" }, "geometry": { "type": "Polygon", "coordinates": [ [ [ 69.2702203, 41.2856012 ], [ 69.2702565, 41.2855527 ], [ 69.2700861, 41.285481 ], [ 69.270053, 41.285467 ], [ 69.2700688, 41.2854458 ], [ 69.2700728, 41.2854405 ], [ 69.2701012, 41.2854025 ], [ 69.27011, 41.2853906 ], [ 69.2703896, 41.2855084 ], [ 69.2704682, 41.2855415 ], [ 69.2707403, 41.2856561 ], [ 69.2707081, 41.2856991 ], [ 69.2706932, 41.2857191 ], [ 69.2704661, 41.2856234 ], [ 69.2704199, 41.2856853 ], [ 69.27037, 41.2856643 ], [ 69.2702914, 41.2856311 ], [ 69.2702203, 41.2856012 ] ] ] } },
{ "type": "Feature", "properties": { "id": "way/202539232", "@timestamp": "2013-01-23T12:37:03", "Площадь": 0.03, "Туман": "Миробод" }, "geometry": { "type": "Polygon", "coordinates": [ [ [ 69.2694854, 41.2854598 ], [ 69.2695522, 41.2853788 ], [ 69.2695042, 41.285357 ], [ 69.2696169, 41.2851575 ], [ 69.2697054, 41.2851958 ], [ 69.2695844, 41.2854937 ], [ 69.2694854, 41.2854598 ] ] ] } },
{ "type": "Feature", "properties": { "id": "way/203057982", "@timestamp": "2013-01-28T01:56:33", "Площадь": 0.02, "Туман": "Миробод" }, "geometry": { "type": "Polygon", "coordinates": [ [ [ 69.2738121, 41.2881636 ], [ 69.2737652, 41.2881304 ], [ 69.2740266, 41.2879218 ], [ 69.2740736, 41.287955 ], [ 69.2738121, 41.2881636 ] ] ] } },
{ "type": "Feature", "properties": { "id": "way/203208464", "@timestamp": "2025-11-24T23:53:55", "Площадь": 0.05, "Туман": "Миробод" }, "geometry": { "type": "Polygon", "coordinates": [ [ [ 69.2715391, 41.2975403 ], [ 69.271517, 41.2975594 ], [ 69.269727, 41.2963908 ], [ 69.2697889, 41.2963982 ], [ 69.2715391, 41.2975403 ] ] ] } },
{ "type": "Feature", "properties": { "id": "way/203208740", "@timestamp": "2024-10-22T20:17:48", "Площадь": 0.05, "Туман": "Миробод" }, "geometry": { "type": "Polygon", "coordinates": [ [ [ 69.2686954, 41.296543 ], [ 69.268765, 41.2965524 ], [ 69.268835, 41.2965619 ], [ 69.2687257, 41.2969473 ], [ 69.2686652, 41.296939 ], [ 69.2686003, 41.29693 ], [ 69.2686954, 41.296543 ] ] ] } },
{ "type": "Feature", "properties": { "id": "way/203210788", "@timestamp": "2013-01-28T07:29:34", "Площадь": 0.03, "Туман": "Миробод" }, "geometry": { "type": "Polygon", "coordinates": [ [ [ 69.2712234, 41.2948897 ], [ 69.2712342, 41.2948494 ], [ 69.2720313, 41.2950009 ], [ 69.2720206, 41.2950352 ], [ 69.2712234, 41.2948897 ] ] ] } },
{ "type": "Feature", "properties": { "id": "way/203212215", "@timestamp": "2013-01-28T07:53:57", "Площадь": 0.06, "Туман": "Яккасарой" }, "geometry": { "type": "Polygon", "coordinates": [ [ [ 69.2671507, 41.2963704 ], [ 69.2669118, 41.2962074 ], [ 69.2671005, 41.2960513 ], [ 69.2673393, 41.2962144 ], [ 69.2671507, 41.2963704 ] ] ] } },
{ "type": "Feature", "properties": { "id": "way/203212216", "@timestamp": "2024-12-08T16:12:55", "Площадь": 0.04, "Туман": "Яккасарой" }, "geometry": { "type": "Polygon", "coordinates": [ [ [ 69.2675718, 41.2956707 ], [ 69.2671005, 41.2960513 ], [ 69.2670419, 41.2960053 ], [ 69.2674984, 41.2956213 ], [ 69.2675718, 41.2956707 ] ] ] } },
{ "type": "Feature", "properties": { "id": "way/203213737", "@timestamp": "2021-01-13T18:54:06", "Площадь": 0.06, "Туман": "Учтепа" }, "geometry": { "type": "Polygon", "coordinates": [ [ [ 69.1951209, 41.2763508 ], [ 69.1953791, 41.2765015 ], [ 69.1954409, 41.2765375 ], [ 69.1953954, 41.2765839 ], [ 69.1952835, 41.276695 ], [ 69.1952105, 41.2766527 ], [ 69.1951159, 41.2765977 ], [ 69.19518, 41.2765352 ], [ 69.1950242, 41.2764449 ], [ 69.195073, 41.2763974 ], [ 69.1951209, 41.2763508 ] ] ] } },
{ "type": "Feature", "properties": { "id": "way/203215893", "@timestamp": "2024-12-18T18:53:10", "Площадь": 0.1, "Туман": "Чилонзор" }, "geometry": { "type": "Polygon", "coordinates": [ [ [ 69.219551, 41.2805876 ], [ 69.2195301, 41.2805706 ], [ 69.2196015, 41.2805157 ], [ 69.220205, 41.2809527 ], [ 69.2203317, 41.2809356 ], [ 69.2203611, 41.2809563 ], [ 69.2204206, 41.2809982 ], [ 69.2200793, 41.2811151 ], [ 69.2199614, 41.2809001 ], [ 69.219551, 41.2805876 ] ] ] } },
{ "type": "Feature", "properties": { "id": "way/203215894", "@timestamp": "2024-01-12T04:37:44", "Площадь": 0.11, "Туман": "Чилонзор" }, "geometry": { "type": "Polygon", "coordinates": [ [ [ 69.2199159, 41.2815931 ], [ 69.219916, 41.2815002 ], [ 69.2202499, 41.2814086 ], [ 69.2202876, 41.2813955 ], [ 69.2203217, 41.2813799 ], [ 69.220628, 41.2811445 ], [ 69.220739, 41.2812228 ], [ 69.2202647, 41.2815869 ], [ 69.2199159, 41.2815931 ] ] ] } },
{ "type": "Feature", "properties": { "id": "way/203247744", "@timestamp": "2021-01-13T18:54:06", "Площадь": 0.03, "Туман": "Учтепа" }, "geometry": { "type": "Polygon", "coordinates": [ [ [ 69.1949612, 41.2762856 ], [ 69.1948796, 41.276361 ], [ 69.1946643, 41.276232 ], [ 69.1946372, 41.2762098 ], [ 69.1947088, 41.2761467 ], [ 69.1949612, 41.2762856 ] ] ] } },
{ "type": "Feature", "properties": { "id": "way/203785163", "@timestamp": "2013-10-17T03:26:50", "Площадь": 0.19, "Туман": "Миробод" }, "geometry": { "type": "Polygon", "coordinates": [ [ [ 69.2718035, 41.2952809 ], [ 69.2716966, 41.29561 ], [ 69.2716423, 41.2956529 ], [ 69.2716224, 41.295656 ], [ 69.2715899, 41.2956507 ], [ 69.2711726, 41.295514 ], [ 69.2712794, 41.2951849 ], [ 69.2718035, 41.2952809 ] ] ] } },
{ "type": "Feature", "properties": { "id": "way/204717749", "@timestamp": "2019-06-29T19:24:00", "Площадь": 0.31, "Туман": "Чилонзор" }, "geometry": { "type": "Polygon", "coordinates": [ [ [ 69.2075121, 41.2732159 ], [ 69.2073655, 41.2730885 ], [ 69.2074138, 41.2730351 ], [ 69.2075761, 41.273161 ], [ 69.2077177, 41.2730617 ], [ 69.2080353, 41.2733496 ], [ 69.2083378, 41.2731604 ], [ 69.208516, 41.2734125 ], [ 69.2085135, 41.2734866 ], [ 69.2081557, 41.2737027 ], [ 69.2081963, 41.2737462 ], [ 69.208135, 41.2737851 ], [ 69.2075121, 41.2732159 ] ] ] } },
{ "type": "Feature", "properties": { "id": "way/227371911", "@timestamp": "2024-12-08T16:12:55", "Площадь": 0.04, "Туман": "Яккасарой" }, "geometry": { "type": "Polygon", "coordinates": [ [ [ 69.2675718, 41.2956707 ], [ 69.2677099, 41.2955561 ], [ 69.2678636, 41.2956695 ], [ 69.2678861, 41.2957269 ], [ 69.2677764, 41.2958017 ], [ 69.2675718, 41.2956707 ] ] ] } },
{ "type": "Feature", "properties": { "id": "way/236775280", "@timestamp": "2013-09-05T19:56:06", "Площадь": 0.03, "Туман": "Олмазор" }, "geometry": { "type": "Polygon", "coordinates": [ [ [ 69.2461833, 41.3300803 ], [ 69.2461514, 41.3300338 ], [ 69.2467532, 41.3297986 ], [ 69.2467888, 41.3298338 ], [ 69.2465292, 41.3299479 ], [ 69.2461833, 41.3300803 ] ] ] } },
{ "type": "Feature", "properties": { "id": "way/237807283", "@timestamp": "2023-12-29T21:38:54", "Площадь": 0.27, "Туман": "Миробод" }, "geometry": { "type": "Polygon", "coordinates": [ [ [ 69.3060781, 41.2787279 ], [ 69.3063389, 41.2785873 ], [ 69.3062813, 41.2785291 ], [ 69.3069874, 41.2782224 ], [ 69.30703, 41.2784615 ], [ 69.3067338, 41.2787062 ], [ 69.3065016, 41.2787926 ], [ 69.306417, 41.2788496 ], [ 69.3063049, 41.2789684 ], [ 69.3060781, 41.2787279 ] ] ] } },
{ "type": "Feature", "properties": { "id": "way/239456305", "@timestamp": "2025-01-03T21:58:07", "Площадь": 0.48, "Туман": "Шайхонтоҳур" }, "geometry": { "type": "Polygon", "coordinates": [ [ [ 69.2722477, 41.3371995 ], [ 69.2716047, 41.3375491 ], [ 69.271243, 41.3371997 ], [ 69.2710623, 41.3369823 ], [ 69.2716228, 41.3366961 ], [ 69.2722477, 41.3371995 ] ] ] } },
{ "type": "Feature", "properties": { "id": "way/239456558", "@timestamp": "2026-03-06T06:14:51", "Площадь": 0.24, "Туман": "Юнусобод" }, "geometry": { "type": "Polygon", "coordinates": [ [ [ 69.2729342, 41.3732488 ], [ 69.2733683, 41.3727928 ], [ 69.273764, 41.3730474 ], [ 69.2733994, 41.3733979 ], [ 69.2729342, 41.3732488 ] ] ] } },
{ "type": "Feature", "properties": { "id": "way/240812715", "@timestamp": "2013-10-06T14:08:07", "Площадь": 0.06, "Туман": "Учтепа" }, "geometry": { "type": "Polygon", "coordinates": [ [ [ 69.1828478, 41.2828581 ], [ 69.1826695, 41.282706 ], [ 69.1829108, 41.2825534 ], [ 69.1830725, 41.2827131 ], [ 69.1828478, 41.2828581 ] ] ] } },
{ "type": "Feature", "properties": { "id": "way/240817563", "@timestamp": "2013-10-06T14:33:30", "Площадь": 0.01, "Туман": "Миробод" }, "geometry": { "type": "Polygon", "coordinates": [ [ [ 69.2984866, 41.277243 ], [ 69.2984462, 41.2772134 ], [ 69.298604, 41.2770917 ], [ 69.2986445, 41.2771213 ], [ 69.2984866, 41.277243 ] ] ] } },
{ "type": "Feature", "properties": { "id": "way/241226204", "@timestamp": "2025-07-30T14:38:12", "Площадь": 0.02, "Туман": "Шайхонтоҳур" }, "geometry": { "type": "Polygon", "coordinates": [ [ [ 69.2340087, 41.3163465 ], [ 69.2338421, 41.3163846 ], [ 69.2337705, 41.3163006 ], [ 69.2339303, 41.3162102 ], [ 69.2340253, 41.3163218 ], [ 69.2340087, 41.3163465 ] ] ] } },
{ "type": "Feature", "properties": { "id": "way/241228301", "@timestamp": "2019-02-25T11:38:31", "Площадь": 0.16, "Туман": "Шайхонтоҳур" }, "geometry": { "type": "Polygon", "coordinates": [ [ [ 69.2359346, 41.3205247 ], [ 69.2353435, 41.3205582 ], [ 69.2353148, 41.3202721 ], [ 69.2359059, 41.3202386 ], [ 69.2359224, 41.3204032 ], [ 69.2359346, 41.3205247 ] ] ] } },
{ "type": "Feature", "properties": { "id": "way/243314016", "@timestamp": "2026-02-19T00:11:15", "Площадь": 0.08, "Туман": "Юнусобод" }, "geometry": { "type": "Polygon", "coordinates": [ [ [ 69.2747266, 41.338037 ], [ 69.2745462, 41.3381424 ], [ 69.27439, 41.3379917 ], [ 69.2746723, 41.3378267 ], [ 69.274925, 41.3380704 ], [ 69.2748231, 41.33813 ], [ 69.2747266, 41.338037 ] ] ] } },
{ "type": "Feature", "properties": { "id": "way/244505646", "@timestamp": "2023-03-03T21:17:01", "Площадь": 0.34, "Туман": "Сергели" }, "geometry": { "type": "Polygon", "coordinates": [ [ [ 69.2679176, 41.2654542 ], [ 69.2679366, 41.2653977 ], [ 69.2679949, 41.2652942 ], [ 69.2680313, 41.265192 ], [ 69.2680402, 41.2651679 ], [ 69.2680477, 41.2651462 ], [ 69.2680658, 41.2650927 ], [ 69.2688745, 41.2652362 ], [ 69.2688907, 41.2652405 ], [ 69.2689056, 41.2652453 ], [ 69.2689192, 41.2652504 ], [ 69.2689288, 41.2652565 ], [ 69.2689399, 41.2652701 ], [ 69.2689463, 41.2652853 ], [ 69.2689477, 41.2653141 ], [ 69.2688498, 41.2656354 ], [ 69.268091, 41.265487 ], [ 69.2679176, 41.2654542 ] ] ] } },
{ "type": "Feature", "properties": { "id": "way/249562255", "@timestamp": "2019-03-04T13:38:20", "Площадь": 0.04, "Туман": "Шайхонтоҳур" }, "geometry": { "type": "Polygon", "coordinates": [ [ [ 69.2358757, 41.3187412 ], [ 69.2358987, 41.3188839 ], [ 69.2355578, 41.3189089 ], [ 69.2355375, 41.3187782 ], [ 69.2357916, 41.3187513 ], [ 69.2358757, 41.3187412 ] ] ] } },
{ "type": "Feature", "properties": { "id": "way/250510586", "@timestamp": "2018-08-16T10:38:22", "Площадь": 0.23, "Туман": "Чилонзор" }, "geometry": { "type": "Polygon", "coordinates": [ [ [ 69.2062031, 41.2772647 ], [ 69.2051875, 41.2763237 ], [ 69.205355, 41.2762182 ], [ 69.2063412, 41.2771737 ], [ 69.2062031, 41.2772647 ] ] ] } },
{ "type": "Feature", "properties": { "id": "way/251223644", "@timestamp": "2025-08-07T18:03:08", "Площадь": 0.24, "Туман": "Миробод" }, "geometry": { "type": "Polygon", "coordinates": [ [ [ 69.2821915, 41.2953893 ], [ 69.2813647, 41.294887 ], [ 69.2815718, 41.2946851 ], [ 69.2818565, 41.2948499 ], [ 69.2818165, 41.294889 ], [ 69.2821278, 41.2950692 ], [ 69.2821723, 41.2950258 ], [ 69.2824183, 41.2951682 ], [ 69.2821915, 41.2953893 ] ] ] } },
{ "type": "Feature", "properties": { "id": "way/252136428", "@timestamp": "2013-12-16T14:36:18", "Площадь": 0.15, "Туман": "Юнусобод" }, "geometry": { "type": "Polygon", "coordinates": [ [ [ 69.2833103, 41.3257612 ], [ 69.2832837, 41.3256402 ], [ 69.2847548, 41.3254838 ], [ 69.2847782, 41.3255792 ], [ 69.2833103, 41.3257612 ] ] ] } },
{ "type": "Feature", "properties": { "id": "way/255359747", "@timestamp": "2018-12-10T18:10:47", "Площадь": 0.11, "Туман": "Олмазор" }, "geometry": { "type": "Polygon", "coordinates": [ [ [ 69.1750154, 41.354654 ], [ 69.1750135, 41.3547603 ], [ 69.1745818, 41.355014 ], [ 69.1745324, 41.3549139 ], [ 69.1745198, 41.3546629 ], [ 69.1750154, 41.354654 ] ] ] } },
{ "type": "Feature", "properties": { "id": "way/255974711", "@timestamp": "2014-01-10T00:25:47", "Площадь": 0.16, "Туман": "Юнусобод" }, "geometry": { "type": "Polygon", "coordinates": [ [ [ 69.2930498, 41.33999 ], [ 69.2929639, 41.3394946 ], [ 69.2932817, 41.3394786 ], [ 69.2933864, 41.3400458 ], [ 69.2930498, 41.33999 ] ] ] } },
{ "type": "Feature", "properties": { "id": "way/268281285", "@timestamp": "2014-03-23T12:14:44", "Площадь": 0.02, "Туман": "Чилонзор" }, "geometry": { "type": "Polygon", "coordinates": [ [ [ 69.1993857, 41.2701759 ], [ 69.1994503, 41.2701232 ], [ 69.1996251, 41.2702444 ], [ 69.1995604, 41.2702971 ], [ 69.1993857, 41.2701759 ] ] ] } },
{ "type": "Feature", "properties": { "id": "way/268281287", "@timestamp": "2014-03-23T12:15:17", "Площадь": 0.04, "Туман": "Чилонзор" }, "geometry": { "type": "Polygon", "coordinates": [ [ [ 69.1994665, 41.2696718 ], [ 69.1995966, 41.2695559 ], [ 69.1998192, 41.2697242 ], [ 69.1996999, 41.2698381 ], [ 69.1994665, 41.2696718 ] ] ] } },
{ "type": "Feature", "properties": { "id": "way/269927393", "@timestamp": "2025-01-30T01:25:30", "Площадь": 0.46, "Туман": "Яккасарой" }, "geometry": { "type": "Polygon", "coordinates": [ [ [ 69.2478795, 41.2979752 ], [ 69.2478967, 41.2979454 ], [ 69.2480766, 41.2978825 ], [ 69.2490207, 41.298099 ], [ 69.2488298, 41.2986548 ], [ 69.2482957, 41.298557 ], [ 69.2483784, 41.2984943 ], [ 69.248147, 41.2982844 ], [ 69.2481713, 41.2982652 ], [ 69.2478795, 41.2979752 ] ] ] } },
{ "type": "Feature", "properties": { "id": "way/279028789", "@timestamp": "2014-05-03T04:28:54", "Площадь": 0.33, "Туман": "Юнусобод" }, "geometry": { "type": "Polygon", "coordinates": [ [ [ 69.3075684, 41.3656899 ], [ 69.3069193, 41.3663623 ], [ 69.3065572, 41.366171 ], [ 69.3072385, 41.3655108 ], [ 69.3075684, 41.3656899 ] ] ] } },
{ "type": "Feature", "properties": { "id": "way/279028847", "@timestamp": "2017-01-31T14:10:33", "Площадь": 0.04, "Туман": "Юнусобод" }, "geometry": { "type": "Polygon", "coordinates": [ [ [ 69.3060968, 41.3666445 ], [ 69.3062327, 41.3665152 ], [ 69.3064174, 41.3666242 ], [ 69.3064204, 41.366626 ], [ 69.3063346, 41.3667709 ], [ 69.3060968, 41.3666445 ] ] ] } },
{ "type": "Feature", "properties": { "id": "way/281886047", "@timestamp": "2014-05-14T17:52:09", "Площадь": 0.02, "Туман": "Миробод" }, "geometry": { "type": "Polygon", "coordinates": [ [ [ 69.3188091, 41.2576007 ], [ 69.3188367, 41.2575496 ], [ 69.3191954, 41.2576589 ], [ 69.3191678, 41.25771 ], [ 69.3188091, 41.2576007 ] ] ] } },
{ "type": "Feature", "properties": { "id": "way/282887582", "@timestamp": "2025-02-03T21:06:57", "Площадь": 0.29, "Туман": "Шайхонтоҳур" }, "geometry": { "type": "Polygon", "coordinates": [ [ [ 69.231758, 41.3160668 ], [ 69.231422, 41.3157409 ], [ 69.2317489, 41.3155507 ], [ 69.2317847, 41.3155854 ], [ 69.2318529, 41.3155457 ], [ 69.2320763, 41.3157624 ], [ 69.2320081, 41.315802 ], [ 69.2320549, 41.3158474 ], [ 69.2322778, 41.3157177 ], [ 69.2323322, 41.3157262 ], [ 69.2324578, 41.3158478 ], [ 69.2322868, 41.3159475 ], [ 69.2320749, 41.3160737 ], [ 69.2319718, 41.316131 ], [ 69.2319034, 41.3161709 ], [ 69.2318584, 41.3161274 ], [ 69.231835, 41.316141 ], [ 69.2318239, 41.3161302 ], [ 69.231758, 41.3160668 ] ] ] } },
{ "type": "Feature", "properties": { "id": "way/285600096", "@timestamp": "2014-06-01T02:08:47", "Площадь": 0.03, "Туман": "Миробод" }, "geometry": { "type": "Polygon", "coordinates": [ [ [ 69.2745572, 41.2940903 ], [ 69.2746759, 41.2939761 ], [ 69.2748674, 41.2940884 ], [ 69.2747488, 41.2942026 ], [ 69.2745572, 41.2940903 ] ] ] } },
{ "type": "Feature", "properties": { "id": "way/287870935", "@timestamp": "2014-06-13T12:31:47", "Площадь": 0.04, "Туман": "Сергели" }, "geometry": { "type": "Polygon", "coordinates": [ [ [ 69.2602803, 41.2368229 ], [ 69.2603416, 41.2366745 ], [ 69.2605799, 41.2367302 ], [ 69.2605008, 41.2369217 ], [ 69.2603485, 41.2368861 ], [ 69.2603663, 41.2368429 ], [ 69.2602803, 41.2368229 ] ] ] } },
{ "type": "Feature", "properties": { "id": "way/292673493", "@timestamp": "2025-03-23T21:53:36", "Площадь": 0.02, "Туман": "Миробод" }, "geometry": { "type": "Polygon", "coordinates": [ [ [ 69.2821726, 41.3048234 ], [ 69.2825422, 41.305129 ], [ 69.2825096, 41.3051513 ], [ 69.2821398, 41.3048457 ], [ 69.2821726, 41.3048234 ] ] ] } },
{ "type": "Feature", "properties": { "id": "way/293807167", "@timestamp": "2018-08-23T12:28:56", "Площадь": 0.57, "Туман": "Юнусобод" }, "geometry": { "type": "Polygon", "coordinates": [ [ [ 69.2746565, 41.336232 ], [ 69.2750843, 41.3359965 ], [ 69.2751276, 41.3360154 ], [ 69.2751708, 41.3360002 ], [ 69.2758132, 41.336506 ], [ 69.2750372, 41.3369432 ], [ 69.2749224, 41.3369375 ], [ 69.2746565, 41.336232 ] ] ] } },
{ "type": "Feature", "properties": { "id": "way/295452615", "@timestamp": "2014-08-02T06:07:10", "Площадь": 0.06, "Туман": "Учтепа" }, "geometry": { "type": "Polygon", "coordinates": [ [ [ 69.1901081, 41.2806687 ], [ 69.189636, 41.2804107 ], [ 69.1897272, 41.2803141 ], [ 69.1901998, 41.2805693 ], [ 69.1901081, 41.2806687 ] ] ] } },
{ "type": "Feature", "properties": { "id": "way/295452629", "@timestamp": "2026-02-14T17:29:34", "Площадь": 0.02, "Туман": "Учтепа" }, "geometry": { "type": "Polygon", "coordinates": [ [ [ 69.1899436, 41.2802631 ], [ 69.1899867, 41.2802128 ], [ 69.1902603, 41.2803639 ], [ 69.1902174, 41.2804102 ], [ 69.1899436, 41.2802631 ] ] ] } },
{ "type": "Feature", "properties": { "id": "way/296802134", "@timestamp": "2015-05-16T05:59:26", "Площадь": 0.19, "Туман": "Мирзо Улуғбек" }, "geometry": { "type": "Polygon", "coordinates": [ [ [ 69.2955767, 41.3190704 ], [ 69.2957408, 41.3188431 ], [ 69.2964278, 41.3191227 ], [ 69.2962637, 41.31935 ], [ 69.2955767, 41.3190704 ] ] ] } },
{ "type": "Feature", "properties": { "id": "way/300992136", "@timestamp": "2014-08-30T21:26:44", "Площадь": 0.11, "Туман": "Учтепа" }, "geometry": { "type": "Polygon", "coordinates": [ [ [ 69.1931931, 41.276126 ], [ 69.1935311, 41.2763337 ], [ 69.1932709, 41.2765997 ], [ 69.1931126, 41.276509 ], [ 69.1931985, 41.2764264 ], [ 69.1930429, 41.2763357 ], [ 69.1931931, 41.276126 ] ] ] } },
{ "type": "Feature", "properties": { "id": "way/300997775", "@timestamp": "2025-07-05T17:22:14", "Площадь": 0.12, "Туман": "Сергели" }, "geometry": { "type": "Polygon", "coordinates": [ [ [ 69.2648638, 41.2628444 ], [ 69.2650583, 41.2626153 ], [ 69.2653199, 41.2623164 ], [ 69.2655163, 41.2624211 ], [ 69.2653346, 41.2626263 ], [ 69.2652595, 41.2627101 ], [ 69.2652003, 41.2627343 ], [ 69.2651558, 41.2627575 ], [ 69.2651289, 41.2627788 ], [ 69.2651034, 41.2627954 ], [ 69.2650803, 41.262811 ], [ 69.2650604, 41.2628284 ], [ 69.2649987, 41.262905 ], [ 69.2648638, 41.2628444 ] ] ] } },
{ "type": "Feature", "properties": { "id": "way/301032126", "@timestamp": "2025-10-20T00:12:26", "Площадь": 0.29, "Туман": "Сергели" }, "geometry": { "type": "Polygon", "coordinates": [ [ [ 69.2612544, 41.249832 ], [ 69.2612497, 41.2495406 ], [ 69.2623239, 41.2495307 ], [ 69.2623286, 41.2498223 ], [ 69.2612544, 41.249832 ] ] ] } },
{ "type": "Feature", "properties": { "id": "way/301048518", "@timestamp": "2023-06-27T00:06:11", "Площадь": 0.1, "Туман": "Яккасарой" }, "geometry": { "type": "Polygon", "coordinates": [ [ [ 69.2553597, 41.2690166 ], [ 69.2554017, 41.2688964 ], [ 69.2558927, 41.2689717 ], [ 69.2564161, 41.2690313 ], [ 69.256377, 41.2690988 ], [ 69.2560437, 41.269098 ], [ 69.2553597, 41.2690166 ] ] ] } },
{ "type": "Feature", "properties": { "id": "way/301149126", "@timestamp": "2014-08-31T19:53:21", "Площадь": 0.32, "Туман": "Сергели" }, "geometry": { "type": "Polygon", "coordinates": [ [ [ 69.2567376, 41.2488739 ], [ 69.25652, 41.2476149 ], [ 69.2567918, 41.2475892 ], [ 69.2570034, 41.2488534 ], [ 69.2567376, 41.2488739 ] ] ] } },
{ "type": "Feature", "properties": { "id": "way/301152162", "@timestamp": "2014-08-31T20:19:28", "Площадь": 0.05, "Туман": "Сергели" }, "geometry": { "type": "Polygon", "coordinates": [ [ [ 69.2572574, 41.2509434 ], [ 69.2572293, 41.2508275 ], [ 69.257458, 41.2508005 ], [ 69.2575051, 41.2510853 ], [ 69.2573968, 41.2510644 ], [ 69.2573629, 41.2510429 ], [ 69.2572574, 41.2509434 ] ] ] } },
{ "type": "Feature", "properties": { "id": "way/301381133", "@timestamp": "2025-12-16T09:56:45", "Площадь": 0.27, "Туман": "Сергели" }, "geometry": { "type": "Polygon", "coordinates": [ [ [ 69.2621701, 41.2586932 ], [ 69.26218, 41.2584643 ], [ 69.2621886, 41.2583932 ], [ 69.2626722, 41.2584055 ], [ 69.262705, 41.2584441 ], [ 69.262842, 41.2586058 ], [ 69.2629514, 41.2587457 ], [ 69.2627304, 41.2587689 ], [ 69.2625438, 41.2587933 ], [ 69.2619164, 41.2588812 ], [ 69.2619261, 41.2587449 ], [ 69.2621674, 41.2587404 ], [ 69.2621701, 41.2586932 ] ] ] } },
{ "type": "Feature", "properties": { "id": "way/301425549", "@timestamp": "2014-09-02T05:02:45", "Площадь": 0.09, "Туман": "Чилонзор" }, "geometry": { "type": "Polygon", "coordinates": [ [ [ 69.1758185, 41.2518861 ], [ 69.1769266, 41.2519159 ], [ 69.1769223, 41.2520071 ], [ 69.1758141, 41.2519774 ], [ 69.1758185, 41.2518861 ] ] ] } },
{ "type": "Feature", "properties": { "id": "way/304183058", "@timestamp": "2014-09-20T07:23:58", "Площадь": 0.14, "Туман": "Сергели" }, "geometry": { "type": "Polygon", "coordinates": [ [ [ 69.2264923, 41.2436733 ], [ 69.2264547, 41.2434454 ], [ 69.2265729, 41.2434413 ], [ 69.2265593, 41.2433688 ], [ 69.2268007, 41.2431227 ], [ 69.227133, 41.2431267 ], [ 69.2268743, 41.2433353 ], [ 69.2266462, 41.2436725 ], [ 69.2264923, 41.2436733 ] ] ] } },
{ "type": "Feature", "properties": { "id": "way/304186302", "@timestamp": "2014-09-20T08:02:08", "Площадь": 0.05, "Туман": "Сергели" }, "geometry": { "type": "Polygon", "coordinates": [ [ [ 69.2468786, 41.2448985 ], [ 69.2468775, 41.244808 ], [ 69.2470441, 41.2447449 ], [ 69.2472779, 41.2447432 ], [ 69.2472798, 41.2448957 ], [ 69.2468786, 41.2448985 ] ] ] } },
{ "type": "Feature", "properties": { "id": "way/304763734", "@timestamp": "2025-03-11T19:17:53", "Площадь": 2.07, "Туман": "Сергели" }, "geometry": { "type": "Polygon", "coordinates": [ [ [ 69.2639317, 41.2390284 ], [ 69.2654874, 41.2390405 ], [ 69.2654877, 41.2392704 ], [ 69.2651601, 41.2392785 ], [ 69.2648597, 41.2394882 ], [ 69.2649187, 41.2406137 ], [ 69.2651548, 41.240771 ], [ 69.2651441, 41.2409928 ], [ 69.2649632, 41.2409994 ], [ 69.2646344, 41.2409848 ], [ 69.2646398, 41.2412227 ], [ 69.2639049, 41.2412348 ], [ 69.2639049, 41.2411098 ], [ 69.2640014, 41.2411017 ], [ 69.2639317, 41.2390284 ] ] ] } },
{ "type": "Feature", "properties": { "id": "way/304763739", "@timestamp": "2014-09-24T07:42:32", "Площадь": 0.19, "Туман": "Сергели" }, "geometry": { "type": "Polygon", "coordinates": [ [ [ 69.268034, 41.2436652 ], [ 69.2693767, 41.2436563 ], [ 69.2693875, 41.2438038 ], [ 69.2687067, 41.2438166 ], [ 69.2680357, 41.2438162 ], [ 69.268034, 41.2436652 ] ] ] } },
{ "type": "Feature", "properties": { "id": "way/304763745", "@timestamp": "2022-12-19T07:47:06", "Площадь": 0.51, "Туман": "Сергели" }, "geometry": { "type": "Polygon", "coordinates": [ [ [ 69.2626244, 41.2438204 ], [ 69.2626351, 41.2436835 ], [ 69.2661982, 41.2436801 ], [ 69.2662379, 41.2437108 ], [ 69.2669753, 41.243717 ], [ 69.2669815, 41.2438073 ], [ 69.2626244, 41.2438204 ] ] ] } },
{ "type": "Feature", "properties": { "id": "way/305602137", "@timestamp": "2025-03-17T20:14:33", "Площадь": 0.07, "Туман": "Чилонзор" }, "geometry": { "type": "Polygon", "coordinates": [ [ [ 69.204049, 41.2753505 ], [ 69.2039278, 41.27524 ], [ 69.2042708, 41.2750276 ], [ 69.2043357, 41.2749874 ], [ 69.2044569, 41.2750979 ], [ 69.204049, 41.2753505 ] ] ] } },
{ "type": "Feature", "properties": { "id": "way/306091214", "@timestamp": "2018-06-11T13:12:11", "Площадь": 0.11, "Туман": "Миробод" }, "geometry": { "type": "Polygon", "coordinates": [ [ [ 69.2765498, 41.3083733 ], [ 69.2769977, 41.3082725 ], [ 69.277096, 41.3085189 ], [ 69.2766482, 41.3086197 ], [ 69.2765498, 41.3083733 ] ] ] } },
{ "type": "Feature", "properties": { "id": "way/306337534", "@timestamp": "2023-05-20T15:13:02", "Площадь": 0.03, "Туман": "Учтепа" }, "geometry": { "type": "Polygon", "coordinates": [ [ [ 69.1826138, 41.2823155 ], [ 69.1825494, 41.2823561 ], [ 69.1822226, 41.2820634 ], [ 69.1822868, 41.2820229 ], [ 69.1826138, 41.2823155 ] ] ] } },
{ "type": "Feature", "properties": { "id": "way/306337537", "@timestamp": "2023-05-20T15:13:02", "Площадь": 0.03, "Туман": "Учтепа" }, "geometry": { "type": "Polygon", "coordinates": [ [ [ 69.1828742, 41.2819389 ], [ 69.1828125, 41.2818824 ], [ 69.1831262, 41.2816892 ], [ 69.1831878, 41.2817457 ], [ 69.1828742, 41.2819389 ] ] ] } },
{ "type": "Feature", "properties": { "id": "way/306337585", "@timestamp": "2023-05-20T15:13:02", "Площадь": 0.03, "Туман": "Учтепа" }, "geometry": { "type": "Polygon", "coordinates": [ [ [ 69.1853767, 41.2817249 ], [ 69.1852399, 41.2816242 ], [ 69.1854259, 41.2814985 ], [ 69.1855279, 41.2816126 ], [ 69.1853767, 41.2817249 ] ] ] } },
{ "type": "Feature", "properties": { "id": "way/320166004", "@timestamp": "2015-01-03T09:37:04", "Площадь": 0.02, "Туман": "Мирзо Улуғбек" }, "geometry": { "type": "Polygon", "coordinates": [ [ [ 69.3049092, 41.3193829 ], [ 69.3048345, 41.3193898 ], [ 69.3047849, 41.3190854 ], [ 69.3048597, 41.3190786 ], [ 69.3049092, 41.3193829 ] ] ] } },
{ "type": "Feature", "properties": { "id": "way/320407120", "@timestamp": "2015-01-04T17:18:16", "Площадь": 0.13, "Туман": "Сергели" }, "geometry": { "type": "Polygon", "coordinates": [ [ [ 69.3000577, 41.2474013 ], [ 69.3000517, 41.2478783 ], [ 69.2999902, 41.2478779 ], [ 69.2997569, 41.2478762 ], [ 69.2997629, 41.2473993 ], [ 69.3000577, 41.2474013 ] ] ] } },
{ "type": "Feature", "properties": { "id": "way/329106667", "@timestamp": "2015-02-19T11:45:05", "Площадь": 0.02, "Туман": "Миробод" }, "geometry": { "type": "Polygon", "coordinates": [ [ [ 69.3082089, 41.272861 ], [ 69.3083595, 41.2725957 ], [ 69.3084376, 41.2726207 ], [ 69.3082869, 41.272886 ], [ 69.3082089, 41.272861 ] ] ] } },
{ "type": "Feature", "properties": { "id": "way/333753815", "@timestamp": "2023-04-07T10:07:20", "Площадь": 0.11, "Туман": "Чилонзор" }, "geometry": { "type": "Polygon", "coordinates": [ [ [ 69.187473, 41.2674506 ], [ 69.1879487, 41.2677318 ], [ 69.1875503, 41.2678051 ], [ 69.1872494, 41.2676584 ], [ 69.187473, 41.2674506 ] ] ] } },
{ "type": "Feature", "properties": { "id": "way/335706327", "@timestamp": "2026-07-01T11:57:25", "Площадь": 0.06, "Туман": "Миробод" }, "geometry": { "type": "Polygon", "coordinates": [ [ [ 69.2775921, 41.3087112 ], [ 69.2775396, 41.3085814 ], [ 69.2780141, 41.3084732 ], [ 69.2780666, 41.308603 ], [ 69.2775921, 41.3087112 ] ] ] } },
{ "type": "Feature", "properties": { "id": "way/335706548", "@timestamp": "2015-03-31T06:28:19", "Площадь": 0.24, "Туман": "Шайхонтоҳур" }, "geometry": { "type": "Polygon", "coordinates": [ [ [ 69.248166, 41.3205811 ], [ 69.2481334, 41.3203375 ], [ 69.2491736, 41.320259 ], [ 69.2492062, 41.3205027 ], [ 69.248166, 41.3205811 ] ] ] } },
{ "type": "Feature", "properties": { "id": "way/336037079", "@timestamp": "2026-04-01T16:52:09", "Площадь": 0.89, "Туман": "Чилонзор" }, "geometry": { "type": "Polygon", "coordinates": [ [ [ 69.1679255, 41.242751 ], [ 69.167939, 41.2436025 ], [ 69.1669468, 41.2437751 ], [ 69.1669511, 41.2437 ], [ 69.1668593, 41.2437173 ], [ 69.1666254, 41.2436866 ], [ 69.1666933, 41.243451 ], [ 69.16664, 41.2433976 ], [ 69.1665431, 41.2433712 ], [ 69.1666076, 41.2432009 ], [ 69.1666574, 41.2431995 ], [ 69.1666557, 41.2431656 ], [ 69.1666567, 41.2430913 ], [ 69.1669641, 41.2430488 ], [ 69.1670533, 41.2430364 ], [ 69.1672796, 41.2429707 ], [ 69.1676232, 41.2428662 ], [ 69.1676997, 41.2428374 ], [ 69.1678355, 41.2427864 ], [ 69.1679255, 41.242751 ] ] ] } },
{ "type": "Feature", "properties": { "id": "way/336037081", "@timestamp": "2024-10-13T06:46:27", "Площадь": 0.24, "Туман": "Чилонзор" }, "geometry": { "type": "Polygon", "coordinates": [ [ [ 69.1695743, 41.2433327 ], [ 69.1698759, 41.2436061 ], [ 69.1692645, 41.2439719 ], [ 69.1691026, 41.2440069 ], [ 69.1691703, 41.243591 ], [ 69.1695743, 41.2433327 ] ] ] } },
{ "type": "Feature", "properties": { "id": "way/338921635", "@timestamp": "2015-04-17T05:30:29", "Площадь": 0.08, "Туман": "Учтепа" }, "geometry": { "type": "Polygon", "coordinates": [ [ [ 69.1922172, 41.2863779 ], [ 69.1923485, 41.2864694 ], [ 69.1923013, 41.2868193 ], [ 69.1919779, 41.2865181 ], [ 69.1922172, 41.2863779 ] ] ] } },
{ "type": "Feature", "properties": { "id": "way/340607444", "@timestamp": "2015-04-26T11:01:54", "Площадь": 0.25, "Туман": "Миробод" }, "geometry": { "type": "Polygon", "coordinates": [ [ [ 69.3064446, 41.2473846 ], [ 69.3066597, 41.2469334 ], [ 69.3069374, 41.246948 ], [ 69.3069823, 41.2476387 ], [ 69.3067878, 41.2476458 ], [ 69.3064446, 41.2473846 ] ] ] } },
{ "type": "Feature", "properties": { "id": "way/343381976", "@timestamp": "2024-12-18T18:53:10", "Площадь": 0.4, "Туман": "Чилонзор" }, "geometry": { "type": "Polygon", "coordinates": [ [ [ 69.2217957, 41.2821387 ], [ 69.2216917, 41.282069 ], [ 69.2217798, 41.281997 ], [ 69.223016, 41.2828272 ], [ 69.2230417, 41.2828464 ], [ 69.2227506, 41.2830771 ], [ 69.2221982, 41.2826899 ], [ 69.2222662, 41.2826347 ], [ 69.2222199, 41.2826029 ], [ 69.2216896, 41.2822268 ], [ 69.2217957, 41.2821387 ] ] ] } },
{ "type": "Feature", "properties": { "id": "way/344684002", "@timestamp": "2018-09-20T12:09:35", "Площадь": 0.1, "Туман": "Чилонзор" }, "geometry": { "type": "Polygon", "coordinates": [ [ [ 69.2125921, 41.2926332 ], [ 69.2124954, 41.2925383 ], [ 69.2124316, 41.2924755 ], [ 69.2124727, 41.2924526 ], [ 69.2122359, 41.2922227 ], [ 69.2123893, 41.292128 ], [ 69.2127898, 41.2925194 ], [ 69.2125921, 41.2926332 ] ] ] } },
{ "type": "Feature", "properties": { "id": "way/348820867", "@timestamp": "2025-10-18T01:07:47", "Площадь": 0.65, "Туман": "Сергели" }, "geometry": { "type": "Polygon", "coordinates": [ [ [ 69.2172008, 41.2297175 ], [ 69.2170952, 41.2298058 ], [ 69.2155833, 41.2292476 ], [ 69.2157064, 41.2290535 ], [ 69.2156343, 41.2290272 ], [ 69.2160593, 41.2283789 ], [ 69.216236, 41.2284506 ], [ 69.2161496, 41.2285754 ], [ 69.2162999, 41.2286343 ], [ 69.2163883, 41.2285066 ], [ 69.2165202, 41.2285583 ], [ 69.2160843, 41.2291873 ], [ 69.2172515, 41.229654 ], [ 69.2172008, 41.2297175 ] ] ] } },
{ "type": "Feature", "properties": { "id": "way/349141864", "@timestamp": "2024-12-25T19:02:07", "Площадь": 0.17, "Туман": "Юнусобод" }, "geometry": { "type": "Polygon", "coordinates": [ [ [ 69.2709808, 41.3225686 ], [ 69.2709462, 41.322498 ], [ 69.2709113, 41.3225046 ], [ 69.2708426, 41.3223767 ], [ 69.2707983, 41.3222793 ], [ 69.2710975, 41.3221884 ], [ 69.2713368, 41.3221117 ], [ 69.2714718, 41.3223893 ], [ 69.2713049, 41.3224198 ], [ 69.2713397, 41.3225068 ], [ 69.2711538, 41.3225407 ], [ 69.2710281, 41.3225589 ], [ 69.2709808, 41.3225686 ] ] ] } },
{ "type": "Feature", "properties": { "id": "way/349818614", "@timestamp": "2015-05-29T11:10:47", "Площадь": 0.03, "Туман": "Мирзо Улуғбек" }, "geometry": { "type": "Polygon", "coordinates": [ [ [ 69.3579515, 41.3382009 ], [ 69.3577479, 41.3380224 ], [ 69.3578522, 41.3379604 ], [ 69.3580547, 41.3381352 ], [ 69.3579515, 41.3382009 ] ] ] } },
{ "type": "Feature", "properties": { "id": "way/352261330", "@timestamp": "2015-06-08T10:00:43", "Площадь": 0.01, "Туман": "Чилонзор" }, "geometry": { "type": "Polygon", "coordinates": [ [ [ 69.2219709, 41.2934416 ], [ 69.2220079, 41.2934752 ], [ 69.2218985, 41.2935446 ], [ 69.2217845, 41.2934578 ], [ 69.2217183, 41.2933988 ], [ 69.2217537, 41.2933768 ], [ 69.2218846, 41.2934914 ], [ 69.2219709, 41.2934416 ] ] ] } },
{ "type": "Feature", "properties": { "id": "way/354681544", "@timestamp": "2015-06-18T21:13:00", "Площадь": 0.02, "Туман": "Учтепа" }, "geometry": { "type": "Polygon", "coordinates": [ [ [ 69.1748794, 41.2768757 ], [ 69.1748158, 41.2768384 ], [ 69.1750562, 41.2766067 ], [ 69.1751197, 41.276644 ], [ 69.1748794, 41.2768757 ] ] ] } },
{ "type": "Feature", "properties": { "id": "way/354681546", "@timestamp": "2015-06-18T21:13:00", "Площадь": 0.01, "Туман": "Учтепа" }, "geometry": { "type": "Polygon", "coordinates": [ [ [ 69.174395, 41.2763372 ], [ 69.174334, 41.2764019 ], [ 69.1741886, 41.2763246 ], [ 69.1742495, 41.2762599 ], [ 69.174395, 41.2763372 ] ] ] } },
{ "type": "Feature", "properties": { "id": "way/355390305", "@timestamp": "2024-05-27T01:14:04", "Площадь": 0.14, "Туман": "Мирзо Улуғбек" }, "geometry": { "type": "Polygon", "coordinates": [ [ [ 69.3440345, 41.3555429 ], [ 69.3439467, 41.3554832 ], [ 69.3442873, 41.3549534 ], [ 69.3445687, 41.3551976 ], [ 69.3440345, 41.3555429 ] ] ] } },
{ "type": "Feature", "properties": { "id": "way/360076137", "@timestamp": "2023-06-07T06:56:26", "Площадь": 1.69, "Туман": "Бектемир" }, "geometry": { "type": "Polygon", "coordinates": [ [ [ 69.3395547, 41.2428394 ], [ 69.3400086, 41.2425524 ], [ 69.3402762, 41.2427467 ], [ 69.3412171, 41.2433838 ], [ 69.3408652, 41.2437985 ], [ 69.3406935, 41.2436961 ], [ 69.3404273, 41.2439458 ], [ 69.3400236, 41.2437698 ], [ 69.3398981, 41.2439179 ], [ 69.3392622, 41.2436909 ], [ 69.3388579, 41.2434785 ], [ 69.3393692, 41.2430199 ], [ 69.3395547, 41.2428394 ] ] ] } },
{ "type": "Feature", "properties": { "id": "way/361948199", "@timestamp": "2020-08-21T17:00:11", "Площадь": 0.09, "Туман": "Миробод" }, "geometry": { "type": "Polygon", "coordinates": [ [ [ 69.2704675, 41.301926 ], [ 69.2703312, 41.301842 ], [ 69.2707131, 41.3015364 ], [ 69.2708336, 41.301609 ], [ 69.2709193, 41.3016607 ], [ 69.2704675, 41.301926 ] ] ] } },
{ "type": "Feature", "properties": { "id": "way/362453143", "@timestamp": "2025-11-26T09:49:29", "Площадь": 0.06, "Туман": "Юнусобод" }, "geometry": { "type": "Polygon", "coordinates": [ [ [ 69.2720761, 41.3613734 ], [ 69.2721449, 41.3612986 ], [ 69.2724989, 41.3614863 ], [ 69.2728257, 41.3616812 ], [ 69.2728073, 41.3617151 ], [ 69.2724118, 41.3615517 ], [ 69.2720761, 41.3613734 ] ] ] } },
{ "type": "Feature", "properties": { "id": "way/362669871", "@timestamp": "2026-05-01T10:31:02", "Площадь": 0.14, "Туман": "Шайхонтоҳур" }, "geometry": { "type": "Polygon", "coordinates": [ [ [ 69.2358165, 41.3146769 ], [ 69.2357295, 41.3145792 ], [ 69.2357376, 41.3145751 ], [ 69.2361832, 41.3143495 ], [ 69.2370357, 41.313943 ], [ 69.2370267, 41.3140111 ], [ 69.2367638, 41.314138 ], [ 69.2367109, 41.3142287 ], [ 69.2358165, 41.3146769 ] ] ] } },
{ "type": "Feature", "properties": { "id": "way/362776149", "@timestamp": "2023-12-23T13:56:27", "Площадь": 0.11, "Туман": "Мирзо Улуғбек" }, "geometry": { "type": "Polygon", "coordinates": [ [ [ 69.3367048, 41.3274014 ], [ 69.336727, 41.3273107 ], [ 69.3379953, 41.3274855 ], [ 69.3379731, 41.3275764 ], [ 69.3367048, 41.3274014 ] ] ] } },
{ "type": "Feature", "properties": { "id": "way/364293445", "@timestamp": "2025-10-01T12:48:51", "Площадь": 0.24, "Туман": "Юнусобод" }, "geometry": { "type": "Polygon", "coordinates": [ [ [ 69.2755695, 41.3708941 ], [ 69.2762265, 41.3705798 ], [ 69.2764683, 41.3708528 ], [ 69.2758181, 41.3711722 ], [ 69.2755695, 41.3708941 ] ] ] } },
{ "type": "Feature", "properties": { "id": "way/364293446", "@timestamp": "2025-10-01T12:48:51", "Площадь": 0.04, "Туман": "Юнусобод" }, "geometry": { "type": "Polygon", "coordinates": [ [ [ 69.2763392, 41.3706371 ], [ 69.2764924, 41.370566 ], [ 69.2766436, 41.3707496 ], [ 69.2764905, 41.3708207 ], [ 69.2763392, 41.3706371 ] ] ] } },
{ "type": "Feature", "properties": { "id": "way/366172437", "@timestamp": "2015-08-17T17:39:57", "Площадь": 0.1, "Туман": "Олмазор" }, "geometry": { "type": "Polygon", "coordinates": [ [ [ 69.2545497, 41.3362599 ], [ 69.2547326, 41.3361618 ], [ 69.2550992, 41.3365471 ], [ 69.2549162, 41.3366452 ], [ 69.2545497, 41.3362599 ] ] ] } },
{ "type": "Feature", "properties": { "id": "way/366480958", "@timestamp": "2015-08-19T12:25:38", "Площадь": 0.02, "Туман": "Яккасарой" }, "geometry": { "type": "Polygon", "coordinates": [ [ [ 69.251327, 41.2913343 ], [ 69.2513678, 41.2912413 ], [ 69.2515988, 41.2912986 ], [ 69.2515581, 41.2913915 ], [ 69.251327, 41.2913343 ] ] ] } },
{ "type": "Feature", "properties": { "id": "way/366529730", "@timestamp": "2015-08-19T17:22:22", "Площадь": 0.02, "Туман": "Яккасарой" }, "geometry": { "type": "Polygon", "coordinates": [ [ [ 69.2565693, 41.2902022 ], [ 69.2563003, 41.2903981 ], [ 69.2562603, 41.2903671 ], [ 69.2565293, 41.2901712 ], [ 69.2565693, 41.2902022 ] ] ] } },
{ "type": "Feature", "properties": { "id": "way/366533656", "@timestamp": "2025-06-03T05:19:38", "Площадь": 0.1, "Туман": "Яккасарой" }, "geometry": { "type": "Polygon", "coordinates": [ [ [ 69.2528796, 41.2876743 ], [ 69.2530134, 41.2873489 ], [ 69.2533281, 41.287419 ], [ 69.2531941, 41.2877493 ], [ 69.2528796, 41.2876743 ] ] ] } },
{ "type": "Feature", "properties": { "id": "way/369166489", "@timestamp": "2015-09-04T20:30:07", "Площадь": 0.17, "Туман": "Олмазор" }, "geometry": { "type": "Polygon", "coordinates": [ [ [ 69.255197, 41.3377089 ], [ 69.2549947, 41.3375227 ], [ 69.2556108, 41.3371877 ], [ 69.2557931, 41.3373842 ], [ 69.255197, 41.3377089 ] ] ] } },
{ "type": "Feature", "properties": { "id": "way/374909106", "@timestamp": "2015-10-12T06:30:47", "Площадь": 0.06, "Туман": "Чилонзор" }, "geometry": { "type": "Polygon", "coordinates": [ [ [ 69.2223936, 41.2944112 ], [ 69.2223325, 41.2942801 ], [ 69.2225545, 41.2941311 ], [ 69.2227476, 41.2943447 ], [ 69.2223936, 41.2944112 ] ] ] } },
{ "type": "Feature", "properties": { "id": "way/375029543", "@timestamp": "2025-03-16T20:42:27", "Площадь": 0.12, "Туман": "Учтепа" }, "geometry": { "type": "Polygon", "coordinates": [ [ [ 69.177797, 41.2883728 ], [ 69.1780629, 41.2882032 ], [ 69.1783889, 41.2884918 ], [ 69.178123, 41.2886614 ], [ 69.177797, 41.2883728 ] ] ] } },
{ "type": "Feature", "properties": { "id": "way/375030487", "@timestamp": "2025-03-24T17:05:13", "Площадь": 0.18, "Туман": "Учтепа" }, "geometry": { "type": "Polygon", "coordinates": [ [ [ 69.1827835, 41.2770479 ], [ 69.1830597, 41.2767677 ], [ 69.1835065, 41.2770166 ], [ 69.1832302, 41.2772967 ], [ 69.1827835, 41.2770479 ] ] ] } },
{ "type": "Feature", "properties": { "id": "way/376925770", "@timestamp": "2025-04-05T21:34:36", "Площадь": 0.33, "Туман": "Чилонзор" }, "geometry": { "type": "Polygon", "coordinates": [ [ [ 69.2019895, 41.2722924 ], [ 69.2021287, 41.2725687 ], [ 69.201237, 41.2732276 ], [ 69.2009848, 41.2730348 ], [ 69.2019895, 41.2722924 ] ] ] } },
{ "type": "Feature", "properties": { "id": "way/380709641", "@timestamp": "2020-08-03T08:32:22", "Площадь": 0.1, "Туман": "Яшнобод" }, "geometry": { "type": "Polygon", "coordinates": [ [ [ 69.3077071, 41.3084483 ], [ 69.3078546, 41.3083464 ], [ 69.3082505, 41.3086404 ], [ 69.3080209, 41.3088001 ], [ 69.3077071, 41.3084483 ] ] ] } },
{ "type": "Feature", "properties": { "id": "way/380716042", "@timestamp": "2015-11-17T07:50:19", "Площадь": 0.08, "Туман": "Яшнобод" }, "geometry": { "type": "Polygon", "coordinates": [ [ [ 69.3068237, 41.3060457 ], [ 69.3070563, 41.3058579 ], [ 69.3073056, 41.3060322 ], [ 69.307073, 41.30622 ], [ 69.3069036, 41.3061036 ], [ 69.3068237, 41.3060457 ] ] ] } },
{ "type": "Feature", "properties": { "id": "way/381413551", "@timestamp": "2026-02-02T12:49:18", "Площадь": 0.21, "Туман": "Юнусобод" }, "geometry": { "type": "Polygon", "coordinates": [ [ [ 69.2843576, 41.3177476 ], [ 69.2845373, 41.3182129 ], [ 69.2842402, 41.3182499 ], [ 69.2839874, 41.3182814 ], [ 69.2839016, 41.3179027 ], [ 69.2843576, 41.3177476 ] ] ] } },
{ "type": "Feature", "properties": { "id": "way/382662362", "@timestamp": "2026-03-21T16:42:23", "Площадь": 0.59, "Туман": "Яшнобод" }, "geometry": { "type": "Polygon", "coordinates": [ [ [ 69.3038775, 41.2998353 ], [ 69.3034164, 41.2997749 ], [ 69.3031211, 41.2997746 ], [ 69.302782, 41.2998351 ], [ 69.3024626, 41.2997775 ], [ 69.3022515, 41.2997403 ], [ 69.3025696, 41.2994861 ], [ 69.3038208, 41.299302 ], [ 69.3038454, 41.2994283 ], [ 69.3038747, 41.2995884 ], [ 69.3040813, 41.2996926 ], [ 69.3042261, 41.2997591 ], [ 69.3041731, 41.2998277 ], [ 69.3038775, 41.2998353 ] ] ] } },
{ "type": "Feature", "properties": { "id": "way/382829665", "@timestamp": "2023-11-24T19:32:07", "Площадь": 0.04, "Туман": "Яшнобод" }, "geometry": { "type": "Polygon", "coordinates": [ [ [ 69.3108992, 41.3069144 ], [ 69.3107983, 41.3068132 ], [ 69.3110238, 41.3066714 ], [ 69.3111278, 41.306779 ], [ 69.3108992, 41.3069144 ] ] ] } },
{ "type": "Feature", "properties": { "id": "way/384565612", "@timestamp": "2026-04-26T13:02:29", "Площадь": 0.17, "Туман": "Шайхонтоҳур" }, "geometry": { "type": "Polygon", "coordinates": [ [ [ 69.2129203, 41.3044917 ], [ 69.2135396, 41.3040441 ], [ 69.2137059, 41.3041748 ], [ 69.2138366, 41.3040809 ], [ 69.2138673, 41.304105 ], [ 69.2131148, 41.3046407 ], [ 69.2130794, 41.3046135 ], [ 69.2129203, 41.3044917 ] ] ] } },
{ "type": "Feature", "properties": { "id": "way/385378268", "@timestamp": "2026-02-10T23:36:17", "Площадь": 0.49, "Туман": "Яшнобод" }, "geometry": { "type": "Polygon", "coordinates": [ [ [ 69.2985065, 41.3103159 ], [ 69.2985293, 41.3102557 ], [ 69.298319, 41.3102107 ], [ 69.2982635, 41.310386 ], [ 69.2978624, 41.3103707 ], [ 69.2978337, 41.310362 ], [ 69.2978186, 41.3103505 ], [ 69.2978124, 41.3103321 ], [ 69.2978755, 41.3100444 ], [ 69.2980011, 41.3099817 ], [ 69.2981036, 41.3097952 ], [ 69.298185, 41.3096894 ], [ 69.2984523, 41.3097492 ], [ 69.2984787, 41.3097921 ], [ 69.2990887, 41.3103195 ], [ 69.2988803, 41.3104755 ], [ 69.2986606, 41.3104285 ], [ 69.2986885, 41.3103549 ], [ 69.2985065, 41.3103159 ] ] ] } },
{ "type": "Feature", "properties": { "id": "way/385381757", "@timestamp": "2024-10-11T18:27:09", "Площадь": 0.25, "Туман": "Яшнобод" }, "geometry": { "type": "Polygon", "coordinates": [ [ [ 69.3041527, 41.3057822 ], [ 69.3039981, 41.3055899 ], [ 69.3050221, 41.3051251 ], [ 69.3051767, 41.3053172 ], [ 69.3041527, 41.3057822 ] ] ] } },
{ "type": "Feature", "properties": { "id": "way/385397702", "@timestamp": "2025-12-05T21:16:45", "Площадь": 0.81, "Туман": "Миробод" }, "geometry": { "type": "Polygon", "coordinates": [ [ [ 69.3111888, 41.2589388 ], [ 69.3100872, 41.2584484 ], [ 69.3105433, 41.2578629 ], [ 69.3116577, 41.2583637 ], [ 69.3111888, 41.2589388 ] ] ] } },
{ "type": "Feature", "properties": { "id": "way/385397708", "@timestamp": "2022-11-10T09:40:54", "Площадь": 0.04, "Туман": "Миробод" }, "geometry": { "type": "Polygon", "coordinates": [ [ [ 69.3014335, 41.2855729 ], [ 69.3013034, 41.2855225 ], [ 69.3013283, 41.2854865 ], [ 69.3014985, 41.28524 ], [ 69.3016225, 41.2852858 ], [ 69.3014335, 41.2855729 ] ] ] } },
{ "type": "Feature", "properties": { "id": "way/386120145", "@timestamp": "2015-12-16T06:40:30", "Площадь": 0.11, "Туман": "Яшнобод" }, "geometry": { "type": "Polygon", "coordinates": [ [ [ 69.311659, 41.2979825 ], [ 69.3115882, 41.2978737 ], [ 69.3124817, 41.2975936 ], [ 69.3125279, 41.2977047 ], [ 69.311659, 41.2979825 ] ] ] } },
{ "type": "Feature", "properties": { "id": "way/389834204", "@timestamp": "2016-01-06T07:37:48", "Площадь": 0.08, "Туман": "Яшнобод" }, "geometry": { "type": "Polygon", "coordinates": [ [ [ 69.3693261, 41.2928727 ], [ 69.369625, 41.2925464 ], [ 69.3697978, 41.2926271 ], [ 69.3695036, 41.2929687 ], [ 69.3693261, 41.2928727 ] ] ] } },
{ "type": "Feature", "properties": { "id": "way/392261549", "@timestamp": "2026-01-28T14:02:50", "Площадь": 0.17, "Туман": "Мирзо Улуғбек" }, "geometry": { "type": "Polygon", "coordinates": [ [ [ 69.2964124, 41.3147299 ], [ 69.2964935, 41.3145664 ], [ 69.2974681, 41.3147539 ], [ 69.2974233, 41.3148672 ], [ 69.2973959, 41.314942 ], [ 69.296742, 41.3148014 ], [ 69.2964124, 41.3147299 ] ] ] } },
{ "type": "Feature", "properties": { "id": "way/393312221", "@timestamp": "2017-04-06T04:51:22", "Площадь": 0.05, "Туман": "Юнусобод" }, "geometry": { "type": "Polygon", "coordinates": [ [ [ 69.2776701, 41.3211132 ], [ 69.2776433, 41.3209661 ], [ 69.278008, 41.3209319 ], [ 69.2780349, 41.3210729 ], [ 69.2776701, 41.3211132 ] ] ] } },
{ "type": "Feature", "properties": { "id": "way/393312222", "@timestamp": "2017-04-06T04:51:22", "Площадь": 0.06, "Туман": "Юнусобод" }, "geometry": { "type": "Polygon", "coordinates": [ [ [ 69.2784898, 41.3213389 ], [ 69.27845, 41.3211412 ], [ 69.2787843, 41.3211033 ], [ 69.2788054, 41.3212083 ], [ 69.278824, 41.321301 ], [ 69.2784898, 41.3213389 ] ] ] } },
{ "type": "Feature", "properties": { "id": "way/398451723", "@timestamp": "2017-02-05T16:45:24", "Площадь": 1.21, "Туман": "Яшнобод" }, "geometry": { "type": "Polygon", "coordinates": [ [ [ 69.3403059, 41.2480432 ], [ 69.3408273, 41.2476128 ], [ 69.341182, 41.2475381 ], [ 69.3415277, 41.2474554 ], [ 69.3419009, 41.2477212 ], [ 69.3417555, 41.2478423 ], [ 69.3420463, 41.2480343 ], [ 69.3415787, 41.2485276 ], [ 69.3414145, 41.2484108 ], [ 69.3410837, 41.2487078 ], [ 69.3402705, 41.2481554 ], [ 69.3403059, 41.2480432 ] ] ] } },
{ "type": "Feature", "properties": { "id": "way/400423911", "@timestamp": "2016-02-27T14:14:56", "Площадь": 0.07, "Туман": "Миробод" }, "geometry": { "type": "Polygon", "coordinates": [ [ [ 69.3224549, 41.2515663 ], [ 69.3225212, 41.251461 ], [ 69.3226137, 41.2513942 ], [ 69.322764, 41.2512303 ], [ 69.3228641, 41.2513036 ], [ 69.3226608, 41.2516465 ], [ 69.3224549, 41.2515663 ] ] ] } },
{ "type": "Feature", "properties": { "id": "way/400439118", "@timestamp": "2016-02-27T15:19:56", "Площадь": 0.05, "Туман": "Яшнобод" }, "geometry": { "type": "Polygon", "coordinates": [ [ [ 69.3252076, 41.2538322 ], [ 69.3252959, 41.2536818 ], [ 69.3256136, 41.2537987 ], [ 69.3255204, 41.2539518 ], [ 69.3252076, 41.2538322 ] ] ] } },
{ "type": "Feature", "properties": { "id": "way/403988839", "@timestamp": "2024-09-19T16:32:47", "Площадь": 0.08, "Туман": "Яккасарой" }, "geometry": { "type": "Polygon", "coordinates": [ [ [ 69.2619564, 41.2699356 ], [ 69.2623012, 41.2698978 ], [ 69.2627244, 41.2698576 ], [ 69.2627543, 41.2699156 ], [ 69.2627059, 41.2699181 ], [ 69.2626682, 41.2699302 ], [ 69.2626373, 41.2699492 ], [ 69.2626146, 41.2699868 ], [ 69.2625524, 41.2700149 ], [ 69.2625694, 41.2700456 ], [ 69.2625765, 41.2701055 ], [ 69.2625271, 41.2700938 ], [ 69.2619564, 41.2699356 ] ] ] } },
{ "type": "Feature", "properties": { "id": "way/408557145", "@timestamp": "2016-04-07T09:17:38", "Площадь": 0.17, "Туман": "Яшнобод" }, "geometry": { "type": "Polygon", "coordinates": [ [ [ 69.3542607, 41.2983048 ], [ 69.3545973, 41.2981395 ], [ 69.3549179, 41.2985043 ], [ 69.3545625, 41.2986735 ], [ 69.3542607, 41.2983048 ] ] ] } },
{ "type": "Feature", "properties": { "id": "way/409030572", "@timestamp": "2025-07-22T11:57:03", "Площадь": 0.06, "Туман": "Мирзо Улуғбек" }, "geometry": { "type": "Polygon", "coordinates": [ [ [ 69.3302791, 41.3334743 ], [ 69.3303983, 41.3336144 ], [ 69.3303476, 41.3336316 ], [ 69.3303024, 41.3336501 ], [ 69.3302118, 41.3336978 ], [ 69.3300206, 41.3338184 ], [ 69.3299126, 41.3337116 ], [ 69.3302791, 41.3334743 ] ] ] } },
{ "type": "Feature", "properties": { "id": "way/413170567", "@timestamp": "2025-12-13T18:51:29", "Площадь": 1.74, "Туман": "Чилонзор" }, "geometry": { "type": "Polygon", "coordinates": [ [ [ 69.1571137, 41.2552645 ], [ 69.1592834, 41.2539954 ], [ 69.159916, 41.2537559 ], [ 69.1601246, 41.253624 ], [ 69.1605095, 41.2539517 ], [ 69.1575336, 41.2556616 ], [ 69.1571137, 41.2552645 ] ] ] } },
{ "type": "Feature", "properties": { "id": "way/418453453", "@timestamp": "2025-04-09T21:48:10", "Площадь": 0.53, "Туман": "Шайхонтоҳур" }, "geometry": { "type": "Polygon", "coordinates": [ [ [ 69.2241439, 41.3289934 ], [ 69.2240729, 41.328985 ], [ 69.2240184, 41.3289228 ], [ 69.2240758, 41.3288512 ], [ 69.2240144, 41.3285177 ], [ 69.2240298, 41.3284196 ], [ 69.2239559, 41.3281526 ], [ 69.2239468, 41.3280462 ], [ 69.2240271, 41.3278895 ], [ 69.2240757, 41.3278111 ], [ 69.2244378, 41.3276056 ], [ 69.2245666, 41.3277315 ], [ 69.224044, 41.3280243 ], [ 69.2245505, 41.3285039 ], [ 69.2244981, 41.3285363 ], [ 69.2245692, 41.3286021 ], [ 69.2246412, 41.3286696 ], [ 69.2249416, 41.3284994 ], [ 69.2250608, 41.3286034 ], [ 69.2243987, 41.3289902 ], [ 69.2241439, 41.3289934 ] ] ] } },
{ "type": "Feature", "properties": { "id": "way/418878390", "@timestamp": "2018-03-16T10:41:48", "Площадь": 0.07, "Туман": "Яшнобод" }, "geometry": { "type": "Polygon", "coordinates": [ [ [ 69.3063908, 41.3064586 ], [ 69.3065407, 41.3063627 ], [ 69.3066155, 41.3063056 ], [ 69.3067377, 41.3063948 ], [ 69.3068288, 41.306454 ], [ 69.3066185, 41.3066184 ], [ 69.306511, 41.3065831 ], [ 69.3063908, 41.3064586 ] ] ] } },
{ "type": "Feature", "properties": { "id": "way/424912096", "@timestamp": "2024-02-06T01:46:23", "Площадь": 0.09, "Туман": "Бектемир" }, "geometry": { "type": "Polygon", "coordinates": [ [ [ 69.3655467, 41.2648538 ], [ 69.3656738, 41.2647613 ], [ 69.3661495, 41.2651021 ], [ 69.3660704, 41.2652375 ], [ 69.3655467, 41.2648538 ] ] ] } },
{ "type": "Feature", "properties": { "id": "way/424912099", "@timestamp": "2017-06-18T05:28:09", "Площадь": 0.11, "Туман": "Бектемир" }, "geometry": { "type": "Polygon", "coordinates": [ [ [ 69.3663301, 41.265462 ], [ 69.3664626, 41.2653555 ], [ 69.3671127, 41.2657932 ], [ 69.3667861, 41.2657839 ], [ 69.3663301, 41.265462 ] ] ] } },
{ "type": "Feature", "properties": { "id": "way/431624725", "@timestamp": "2017-06-18T05:28:09", "Площадь": 0.1, "Туман": "Яшнобод" }, "geometry": { "type": "Polygon", "coordinates": [ [ [ 69.3044285, 41.3074701 ], [ 69.3042406, 41.3075529 ], [ 69.3038775, 41.3071292 ], [ 69.3040248, 41.3070132 ], [ 69.3044285, 41.3074701 ] ] ] } },
{ "type": "Feature", "properties": { "id": "way/432340533", "@timestamp": "2023-04-01T12:39:31", "Площадь": 0.07, "Туман": "Яшнобод" }, "geometry": { "type": "Polygon", "coordinates": [ [ [ 69.3140316, 41.3024326 ], [ 69.3135015, 41.3025941 ], [ 69.313439, 41.302482 ], [ 69.313969, 41.3023066 ], [ 69.3140316, 41.3024326 ] ] ] } },
{ "type": "Feature", "properties": { "id": "way/432811436", "@timestamp": "2025-08-01T09:23:37", "Площадь": 0.17, "Туман": "Юнусобод" }, "geometry": { "type": "Polygon", "coordinates": [ [ [ 69.2807023, 41.3689348 ], [ 69.2805897, 41.3687957 ], [ 69.2805262, 41.3687173 ], [ 69.2811457, 41.3684471 ], [ 69.2813349, 41.3686547 ], [ 69.2808648, 41.3688629 ], [ 69.2807023, 41.3689348 ] ] ] } },
{ "type": "Feature", "properties": { "id": "way/432811438", "@timestamp": "2026-03-09T15:19:36", "Площадь": 0.22, "Туман": "Юнусобод" }, "geometry": { "type": "Polygon", "coordinates": [ [ [ 69.2750159, 41.3717506 ], [ 69.2746434, 41.3714926 ], [ 69.2751168, 41.3711437 ], [ 69.2752457, 41.3712667 ], [ 69.2754658, 41.3713977 ], [ 69.2750159, 41.3717506 ] ] ] } },
{ "type": "Feature", "properties": { "id": "way/432811440", "@timestamp": "2016-12-28T17:18:52", "Площадь": 0.09, "Туман": "Юнусобод" }, "geometry": { "type": "Polygon", "coordinates": [ [ [ 69.279001, 41.3697028 ], [ 69.2788742, 41.3695535 ], [ 69.2793376, 41.3693318 ], [ 69.2794644, 41.3694812 ], [ 69.2790576, 41.3696757 ], [ 69.279001, 41.3697028 ] ] ] } },
{ "type": "Feature", "properties": { "id": "way/432811444", "@timestamp": "2025-08-01T09:22:04", "Площадь": 0.07, "Туман": "Юнусобод" }, "geometry": { "type": "Polygon", "coordinates": [ [ [ 69.2816845, 41.368472 ], [ 69.2815661, 41.368529 ], [ 69.2813656, 41.3686256 ], [ 69.2812263, 41.3684628 ], [ 69.2815452, 41.3683092 ], [ 69.2816845, 41.368472 ] ] ] } },
{ "type": "Feature", "properties": { "id": "way/432889491", "@timestamp": "2017-01-31T19:26:05", "Площадь": 0.06, "Туман": "Юнусобод" }, "geometry": { "type": "Polygon", "coordinates": [ [ [ 69.2791799, 41.3713889 ], [ 69.2795185, 41.3713459 ], [ 69.2795607, 41.3715329 ], [ 69.2792221, 41.3715759 ], [ 69.2791799, 41.3713889 ] ] ] } },
{ "type": "Feature", "properties": { "id": "way/433112395", "@timestamp": "2017-08-18T20:27:58", "Площадь": 0.05, "Туман": "Юнусобод" }, "geometry": { "type": "Polygon", "coordinates": [ [ [ 69.2802298, 41.3641618 ], [ 69.2802308, 41.3639879 ], [ 69.2805225, 41.3639889 ], [ 69.2805214, 41.3641629 ], [ 69.2804059, 41.3641625 ], [ 69.2802298, 41.3641618 ] ] ] } },
{ "type": "Feature", "properties": { "id": "way/434818647", "@timestamp": "2017-08-18T20:27:57", "Площадь": 0.11, "Туман": "Юнусобод" }, "geometry": { "type": "Polygon", "coordinates": [ [ [ 69.281495, 41.3639613 ], [ 69.2814856, 41.3641545 ], [ 69.281022, 41.3641578 ], [ 69.2809163, 41.3640852 ], [ 69.280934, 41.3639386 ], [ 69.281495, 41.3639613 ] ] ] } },
{ "type": "Feature", "properties": { "id": "way/434818648", "@timestamp": "2025-07-31T10:05:35", "Площадь": 0.14, "Туман": "Юнусобод" }, "geometry": { "type": "Polygon", "coordinates": [ [ [ 69.2809707, 41.3637358 ], [ 69.2809648, 41.3636834 ], [ 69.2810774, 41.3635702 ], [ 69.2817008, 41.3635652 ], [ 69.2820847, 41.3635866 ], [ 69.2820141, 41.3636373 ], [ 69.281836, 41.363681 ], [ 69.2817509, 41.3637246 ], [ 69.2809707, 41.3637358 ] ] ] } },
{ "type": "Feature", "properties": { "id": "way/435454137", "@timestamp": "2024-12-06T15:51:04", "Площадь": 0.16, "Туман": "Учтепа" }, "geometry": { "type": "Polygon", "coordinates": [ [ [ 69.1922177, 41.3005506 ], [ 69.1922201, 41.3003998 ], [ 69.1933959, 41.3004102 ], [ 69.1933936, 41.3005609 ], [ 69.1922177, 41.3005506 ] ] ] } },
{ "type": "Feature", "properties": { "id": "way/435751232", "@timestamp": "2016-08-05T04:28:14", "Площадь": 0.11, "Туман": "Миробод" }, "geometry": { "type": "Polygon", "coordinates": [ [ [ 69.2755135, 41.2915602 ], [ 69.2756489, 41.2916383 ], [ 69.2750698, 41.2921862 ], [ 69.2748808, 41.2921676 ], [ 69.2755135, 41.2915602 ] ] ] } },
{ "type": "Feature", "properties": { "id": "way/435751233", "@timestamp": "2024-10-22T00:04:41", "Площадь": 0.13, "Туман": "Миробод" }, "geometry": { "type": "Polygon", "coordinates": [ [ [ 69.2755252, 41.2913899 ], [ 69.2758031, 41.2911453 ], [ 69.2762344, 41.2913813 ], [ 69.2758353, 41.2915381 ], [ 69.2758048, 41.291518 ], [ 69.2757703, 41.2915456 ], [ 69.2755252, 41.2913899 ] ] ] } },
{ "type": "Feature", "properties": { "id": "way/436236413", "@timestamp": "2017-07-23T06:13:26", "Площадь": 0.02, "Туман": "Юнусобод" }, "geometry": { "type": "Polygon", "coordinates": [ [ [ 69.2787994, 41.3753943 ], [ 69.2786021, 41.3752476 ], [ 69.2786842, 41.3751854 ], [ 69.2788815, 41.3753321 ], [ 69.2787994, 41.3753943 ] ] ] } },
{ "type": "Feature", "properties": { "id": "way/436236414", "@timestamp": "2017-07-23T06:13:26", "Площадь": 0.4, "Туман": "Юнусобод" }, "geometry": { "type": "Polygon", "coordinates": [ [ [ 69.2780867, 41.3758531 ], [ 69.2783707, 41.3756185 ], [ 69.2792355, 41.3762119 ], [ 69.2795427, 41.3764198 ], [ 69.2794577, 41.3764837 ], [ 69.2793191, 41.3765855 ], [ 69.2780867, 41.3758531 ] ] ] } },
{ "type": "Feature", "properties": { "id": "way/436236433", "@timestamp": "2025-08-01T08:10:50", "Площадь": 0.14, "Туман": "Юнусобод" }, "geometry": { "type": "Polygon", "coordinates": [ [ [ 69.2750144, 41.3746129 ], [ 69.2754207, 41.3742355 ], [ 69.2756693, 41.3743862 ], [ 69.275263, 41.3747636 ], [ 69.2750144, 41.3746129 ] ] ] } },
{ "type": "Feature", "properties": { "id": "way/436278046", "@timestamp": "2026-02-02T20:17:59", "Площадь": 0.17, "Туман": "Юнусобод" }, "geometry": { "type": "Polygon", "coordinates": [ [ [ 69.2876211, 41.3651852 ], [ 69.2879784, 41.3647817 ], [ 69.2880175, 41.3647402 ], [ 69.2888305, 41.3650731 ], [ 69.2887571, 41.3651711 ], [ 69.2886415, 41.3651294 ], [ 69.2881021, 41.364885 ], [ 69.2880715, 41.3648902 ], [ 69.2877726, 41.3652804 ], [ 69.2876211, 41.3651852 ] ] ] } },
{ "type": "Feature", "properties": { "id": "way/436291297", "@timestamp": "2026-02-12T22:55:17", "Площадь": 0.13, "Туман": "Юнусобод" }, "geometry": { "type": "Polygon", "coordinates": [ [ [ 69.2861923, 41.3463047 ], [ 69.286441, 41.3462898 ], [ 69.286436, 41.3462431 ], [ 69.2865697, 41.3462351 ], [ 69.2866103, 41.3466168 ], [ 69.286508, 41.3466229 ], [ 69.286228, 41.3466397 ], [ 69.2861923, 41.3463047 ] ] ] } },
{ "type": "Feature", "properties": { "id": "way/437940617", "@timestamp": "2016-08-19T08:50:13", "Площадь": 0.11, "Туман": "Юнусобод" }, "geometry": { "type": "Polygon", "coordinates": [ [ [ 69.2911896, 41.3700583 ], [ 69.2915692, 41.3699889 ], [ 69.2916622, 41.3702754 ], [ 69.2912826, 41.3703448 ], [ 69.2911896, 41.3700583 ] ] ] } },
{ "type": "Feature", "properties": { "id": "way/439970185", "@timestamp": "2016-12-21T04:24:56", "Площадь": 0.23, "Туман": "Миробод" }, "geometry": { "type": "Polygon", "coordinates": [ [ [ 69.2753121, 41.2905118 ], [ 69.2754312, 41.2904031 ], [ 69.2762045, 41.2909243 ], [ 69.276589, 41.2912639 ], [ 69.2763154, 41.2913544 ], [ 69.2759965, 41.291156 ], [ 69.2760268, 41.2910019 ], [ 69.2759866, 41.2908948 ], [ 69.2753121, 41.2905118 ] ] ] } },
{ "type": "Feature", "properties": { "id": "way/440960560", "@timestamp": "2016-09-06T14:39:45", "Площадь": 0.23, "Туман": "Юнусобод" }, "geometry": { "type": "Polygon", "coordinates": [ [ [ 69.2791605, 41.3686478 ], [ 69.2791139, 41.3681493 ], [ 69.2796058, 41.3681412 ], [ 69.2799607, 41.3682841 ], [ 69.2791605, 41.3686478 ] ] ] } },
{ "type": "Feature", "properties": { "id": "way/441166385", "@timestamp": "2018-02-03T18:55:20", "Площадь": 0.06, "Туман": "Яшнобод" }, "geometry": { "type": "Polygon", "coordinates": [ [ [ 69.3442957, 41.2862763 ], [ 69.3439953, 41.2861473 ], [ 69.3441455, 41.285982 ], [ 69.3444137, 41.286111 ], [ 69.3442957, 41.2862763 ] ] ] } },
{ "type": "Feature", "properties": { "id": "way/441605419", "@timestamp": "2024-11-14T21:05:29", "Площадь": 0.16, "Туман": "Миробод" }, "geometry": { "type": "Polygon", "coordinates": [ [ [ 69.2752968, 41.3057677 ], [ 69.2754485, 41.3053224 ], [ 69.2757868, 41.3053716 ], [ 69.2756335, 41.3058733 ], [ 69.2754896, 41.3058535 ], [ 69.2755061, 41.3058043 ], [ 69.2752968, 41.3057677 ] ] ] } },
{ "type": "Feature", "properties": { "id": "way/448481248", "@timestamp": "2018-08-16T19:22:34", "Площадь": 0.13, "Туман": "Яккасарой" }, "geometry": { "type": "Polygon", "coordinates": [ [ [ 69.2238897, 41.2602246 ], [ 69.223862, 41.2603404 ], [ 69.2231287, 41.2601366 ], [ 69.2233022, 41.2597195 ], [ 69.2234655, 41.259752 ], [ 69.2233289, 41.2600879 ], [ 69.2238897, 41.2602246 ] ] ] } },
{ "type": "Feature", "properties": { "id": "way/448811593", "@timestamp": "2016-10-21T13:21:28", "Площадь": 0.09, "Туман": "Юнусобод" }, "geometry": { "type": "Polygon", "coordinates": [ [ [ 69.2685927, 41.3215513 ], [ 69.2689458, 41.3214891 ], [ 69.2690278, 41.3217521 ], [ 69.2686748, 41.3218142 ], [ 69.2685927, 41.3215513 ] ] ] } },
{ "type": "Feature", "properties": { "id": "way/450090812", "@timestamp": "2020-10-27T20:03:14", "Площадь": 0.06, "Туман": "Олмазор" }, "geometry": { "type": "Polygon", "coordinates": [ [ [ 69.225325, 41.3376324 ], [ 69.2256054, 41.3373833 ], [ 69.2257665, 41.3374866 ], [ 69.2254838, 41.3377339 ], [ 69.225325, 41.3376324 ] ] ] } },
{ "type": "Feature", "properties": { "id": "way/456518577", "@timestamp": "2022-04-17T17:52:14", "Площадь": 0.27, "Туман": "Мирзо Улуғбек" }, "geometry": { "type": "Polygon", "coordinates": [ [ [ 69.3861015, 41.3594089 ], [ 69.3863137, 41.3594636 ], [ 69.3862685, 41.3595826 ], [ 69.3857305, 41.3594355 ], [ 69.3858746, 41.3591047 ], [ 69.3860401, 41.358976 ], [ 69.3869365, 41.3592058 ], [ 69.3868772, 41.3593368 ], [ 69.3862142, 41.3591671 ], [ 69.3861015, 41.3594089 ] ] ] } },
{ "type": "Feature", "properties": { "id": "way/458812069", "@timestamp": "2025-04-01T04:30:39", "Площадь": 0.07, "Туман": "Яккасарой" }, "geometry": { "type": "Polygon", "coordinates": [ [ [ 69.2677902, 41.2973044 ], [ 69.2679765, 41.2973205 ], [ 69.2679236, 41.2975686 ], [ 69.2676152, 41.297522 ], [ 69.2676288, 41.2972882 ], [ 69.2677902, 41.2973044 ] ] ] } },
{ "type": "Feature", "properties": { "id": "way/459934371", "@timestamp": "2024-03-01T18:14:28", "Площадь": 0.63, "Туман": "Бектемир" }, "geometry": { "type": "Polygon", "coordinates": [ [ [ 69.3233913, 41.2371296 ], [ 69.3232853, 41.2369246 ], [ 69.3243819, 41.2366465 ], [ 69.3260455, 41.2365794 ], [ 69.326007, 41.2368144 ], [ 69.3247573, 41.2368769 ], [ 69.3240556, 41.2369929 ], [ 69.3233913, 41.2371296 ] ] ] } },
{ "type": "Feature", "properties": { "id": "way/461111543", "@timestamp": "2016-12-22T09:34:43", "Площадь": 0.01, "Туман": "Мирзо Улуғбек" }, "geometry": { "type": "Polygon", "coordinates": [ [ [ 69.3056879, 41.3176544 ], [ 69.3056126, 41.3175175 ], [ 69.3056788, 41.317497 ], [ 69.305754, 41.3176338 ], [ 69.3056879, 41.3176544 ] ] ] } },
{ "type": "Feature", "properties": { "id": "way/461538491", "@timestamp": "2024-04-02T05:22:56", "Площадь": 0.09, "Туман": "Юнусобод" }, "geometry": { "type": "Polygon", "coordinates": [ [ [ 69.2921388, 41.364252 ], [ 69.2924407, 41.3638838 ], [ 69.2925553, 41.363973 ], [ 69.2926558, 41.3640784 ], [ 69.2923008, 41.3643167 ], [ 69.2921388, 41.364252 ] ] ] } },
{ "type": "Feature", "properties": { "id": "way/463819257", "@timestamp": "2017-01-05T07:33:54", "Площадь": 0.5, "Туман": "Олмазор" }, "geometry": { "type": "Polygon", "coordinates": [ [ [ 69.2000138, 41.3669022 ], [ 69.1992143, 41.3672455 ], [ 69.1988153, 41.3667611 ], [ 69.1995393, 41.3663912 ], [ 69.2000138, 41.3669022 ] ] ] } },
{ "type": "Feature", "properties": { "id": "way/463819259", "@timestamp": "2017-01-05T07:33:54", "Площадь": 0.23, "Туман": "Олмазор" }, "geometry": { "type": "Polygon", "coordinates": [ [ [ 69.1989663, 41.3674709 ], [ 69.1984582, 41.3670443 ], [ 69.1987947, 41.3667632 ], [ 69.1992236, 41.3672635 ], [ 69.1989663, 41.3674709 ] ] ] } },
{ "type": "Feature", "properties": { "id": "way/464987066", "@timestamp": "2025-05-12T21:21:37", "Площадь": 0.09, "Туман": "Юнусобод" }, "geometry": { "type": "Polygon", "coordinates": [ [ [ 69.3026926, 41.3763273 ], [ 69.3032187, 41.3762639 ], [ 69.3032611, 41.3764523 ], [ 69.3027463, 41.3765131 ], [ 69.3026926, 41.3763273 ] ] ] } },
{ "type": "Feature", "properties": { "id": "way/467866637", "@timestamp": "2024-12-07T21:20:09", "Площадь": 0.19, "Туман": "Яккасарой" }, "geometry": { "type": "Polygon", "coordinates": [ [ [ 69.2507087, 41.2858844 ], [ 69.2509391, 41.2852337 ], [ 69.2510004, 41.2852459 ], [ 69.2510779, 41.2852613 ], [ 69.2511423, 41.2852738 ], [ 69.2512876, 41.2853054 ], [ 69.2512386, 41.2854554 ], [ 69.2511558, 41.2854404 ], [ 69.2511196, 41.2855601 ], [ 69.2509647, 41.2859389 ], [ 69.2507087, 41.2858844 ] ] ] } },
{ "type": "Feature", "properties": { "id": "way/467867190", "@timestamp": "2024-12-07T21:20:09", "Площадь": 0.33, "Туман": "Яккасарой" }, "geometry": { "type": "Polygon", "coordinates": [ [ [ 69.2487955, 41.2834335 ], [ 69.2488754, 41.283203 ], [ 69.2497863, 41.2834006 ], [ 69.249982, 41.2833996 ], [ 69.249997, 41.2834639 ], [ 69.2500384, 41.283461 ], [ 69.2500408, 41.2834858 ], [ 69.2500426, 41.2835068 ], [ 69.2500876, 41.2837936 ], [ 69.2492156, 41.2835505 ], [ 69.2487955, 41.2834335 ] ] ] } },
{ "type": "Feature", "properties": { "id": "way/468245081", "@timestamp": "2017-01-24T07:41:17", "Площадь": 0.23, "Туман": "Миробод" }, "geometry": { "type": "Polygon", "coordinates": [ [ [ 69.2831014, 41.2748191 ], [ 69.2834185, 41.2746881 ], [ 69.2840931, 41.275448 ], [ 69.2839275, 41.2755186 ], [ 69.2831014, 41.2748191 ] ] ] } },
{ "type": "Feature", "properties": { "id": "way/470745271", "@timestamp": "2017-01-31T19:26:04", "Площадь": 0.34, "Туман": "Юнусобод" }, "geometry": { "type": "Polygon", "coordinates": [ [ [ 69.2792142, 41.3726122 ], [ 69.2781751, 41.3718999 ], [ 69.2783044, 41.3719119 ], [ 69.2794602, 41.3720785 ], [ 69.2792142, 41.3726122 ] ] ] } },
{ "type": "Feature", "properties": { "id": "way/471541385", "@timestamp": "2025-11-30T14:51:49", "Площадь": 0.04, "Туман": "Юнусобод" }, "geometry": { "type": "Polygon", "coordinates": [ [ [ 69.3093291, 41.3689912 ], [ 69.3091476, 41.3689478 ], [ 69.3090341, 41.3688646 ], [ 69.3090711, 41.3687833 ], [ 69.309384, 41.3688705 ], [ 69.3093291, 41.3689912 ] ] ] } },
{ "type": "Feature", "properties": { "id": "way/479509896", "@timestamp": "2017-04-06T11:56:24", "Площадь": 0.05, "Туман": "Шайхонтоҳур" }, "geometry": { "type": "Polygon", "coordinates": [ [ [ 69.2520672, 41.3257008 ], [ 69.2521777, 41.3258098 ], [ 69.2518589, 41.3259704 ], [ 69.2517584, 41.32587 ], [ 69.2520672, 41.3257008 ] ] ] } },
{ "type": "Feature", "properties": { "id": "way/479717067", "@timestamp": "2025-02-01T22:55:46", "Площадь": 0.06, "Туман": "Юнусобод" }, "geometry": { "type": "Polygon", "coordinates": [ [ [ 69.2686554, 41.3771818 ], [ 69.2685172, 41.3771113 ], [ 69.2687074, 41.3769366 ], [ 69.2690415, 41.3770996 ], [ 69.2686554, 41.3771818 ] ] ] } },
{ "type": "Feature", "properties": { "id": "way/479717372", "@timestamp": "2020-12-30T12:52:12", "Площадь": 0.08, "Туман": "Юнусобод" }, "geometry": { "type": "Polygon", "coordinates": [ [ [ 69.2675296, 41.3776188 ], [ 69.2674405, 41.3775042 ], [ 69.2684363, 41.3773012 ], [ 69.2684519, 41.3773541 ], [ 69.2681694, 41.3774487 ], [ 69.267887, 41.3775434 ], [ 69.2676185, 41.3774681 ], [ 69.2675296, 41.3776188 ] ] ] } },
{ "type": "Feature", "properties": { "id": "way/479728897", "@timestamp": "2025-11-29T20:14:28", "Площадь": 0.05, "Туман": "Юнусобод" }, "geometry": { "type": "Polygon", "coordinates": [ [ [ 69.265078, 41.3720298 ], [ 69.2654625, 41.3722557 ], [ 69.2654435, 41.3722736 ], [ 69.2653179, 41.3722504 ], [ 69.2650124, 41.372215 ], [ 69.2649334, 41.3721737 ], [ 69.265078, 41.3720298 ] ] ] } },
{ "type": "Feature", "properties": { "id": "way/479731317", "@timestamp": "2025-02-01T22:55:46", "Площадь": 0.07, "Туман": "Юнусобод" }, "geometry": { "type": "Polygon", "coordinates": [ [ [ 69.2692815, 41.3774254 ], [ 69.2689532, 41.3772648 ], [ 69.2694095, 41.377126 ], [ 69.2695159, 41.377188 ], [ 69.2692815, 41.3774254 ] ] ] } },
{ "type": "Feature", "properties": { "id": "way/479731477", "@timestamp": "2017-03-10T14:31:14", "Площадь": 0.04, "Туман": "Юнусобод" }, "geometry": { "type": "Polygon", "coordinates": [ [ [ 69.269779, 41.3763952 ], [ 69.2696611, 41.376314 ], [ 69.2698765, 41.3761247 ], [ 69.2699854, 41.3762057 ], [ 69.269779, 41.3763952 ] ] ] } },
{ "type": "Feature", "properties": { "id": "way/479737823", "@timestamp": "2017-03-10T15:00:53", "Площадь": 0.1, "Туман": "Юнусобод" }, "geometry": { "type": "Polygon", "coordinates": [ [ [ 69.2689214, 41.3766217 ], [ 69.2691865, 41.3763835 ], [ 69.2694655, 41.3765536 ], [ 69.2692597, 41.3767473 ], [ 69.2691481, 41.3767552 ], [ 69.2689214, 41.3766217 ] ] ] } },
{ "type": "Feature", "properties": { "id": "way/480192159", "@timestamp": "2017-09-02T22:00:28", "Площадь": 0.46, "Туман": "Юнусобод" }, "geometry": { "type": "Polygon", "coordinates": [ [ [ 69.272402, 41.3679846 ], [ 69.271846, 41.3682536 ], [ 69.2713423, 41.3676163 ], [ 69.2715383, 41.3675325 ], [ 69.2715708, 41.3675201 ], [ 69.2715883, 41.3675112 ], [ 69.2719434, 41.3673593 ], [ 69.272402, 41.3679846 ] ] ] } },
{ "type": "Feature", "properties": { "id": "way/480205192", "@timestamp": "2017-03-13T12:30:45", "Площадь": 0.05, "Туман": "Шайхонтоҳур" }, "geometry": { "type": "Polygon", "coordinates": [ [ [ 69.2661043, 41.3389594 ], [ 69.2660994, 41.3393152 ], [ 69.2659068, 41.3393189 ], [ 69.2659241, 41.3391447 ], [ 69.2658846, 41.3391002 ], [ 69.2661043, 41.3389594 ] ] ] } },
{ "type": "Feature", "properties": { "id": "way/480207291", "@timestamp": "2017-03-13T12:49:17", "Площадь": 0.02, "Туман": "Миробод" }, "geometry": { "type": "Polygon", "coordinates": [ [ [ 69.2730323, 41.3052353 ], [ 69.2726204, 41.3053321 ], [ 69.272597, 41.3052768 ], [ 69.2730138, 41.3051888 ], [ 69.2730323, 41.3052353 ] ] ] } },
{ "type": "Feature", "properties": { "id": "way/480207470", "@timestamp": "2026-02-03T08:30:08", "Площадь": 0.11, "Туман": "Миробод" }, "geometry": { "type": "Polygon", "coordinates": [ [ [ 69.2697795, 41.3077098 ], [ 69.269757, 41.3076597 ], [ 69.2697153, 41.3075617 ], [ 69.270392, 41.3073956 ], [ 69.270427, 41.3073871 ], [ 69.2704886, 41.3075296 ], [ 69.2704335, 41.3075434 ], [ 69.2697795, 41.3077098 ] ] ] } },
{ "type": "Feature", "properties": { "id": "way/480207504", "@timestamp": "2023-04-07T04:43:07", "Площадь": 0.21, "Туман": "Миробод" }, "geometry": { "type": "Polygon", "coordinates": [ [ [ 69.2686595, 41.3078427 ], [ 69.2685987, 41.3077068 ], [ 69.2685781, 41.3076608 ], [ 69.268539, 41.3075736 ], [ 69.2692864, 41.3073847 ], [ 69.2693272, 41.307476 ], [ 69.2694069, 41.3076538 ], [ 69.2693517, 41.3076678 ], [ 69.2686595, 41.3078427 ] ] ] } },
{ "type": "Feature", "properties": { "id": "way/480212913", "@timestamp": "2025-11-23T16:29:12", "Площадь": 0.16, "Туман": "Юнусобод" }, "geometry": { "type": "Polygon", "coordinates": [ [ [ 69.2795663, 41.3154891 ], [ 69.2796703, 41.3154771 ], [ 69.280337, 41.3154003 ], [ 69.2804522, 41.3159043 ], [ 69.2802854, 41.3158855 ], [ 69.2802283, 41.31566 ], [ 69.2801893, 41.3156326 ], [ 69.2799614, 41.3156643 ], [ 69.2799319, 41.3155314 ], [ 69.2796018, 41.315579 ], [ 69.2795663, 41.3154891 ] ] ] } },
{ "type": "Feature", "properties": { "id": "way/480218857", "@timestamp": "2026-07-01T11:22:22", "Площадь": 0.02, "Туман": "Миробод" }, "geometry": { "type": "Polygon", "coordinates": [ [ [ 69.2724526, 41.3053237 ], [ 69.2725136, 41.3053088 ], [ 69.2726353, 41.3055942 ], [ 69.2725701, 41.3056076 ], [ 69.2724526, 41.3053237 ] ] ] } },
{ "type": "Feature", "properties": { "id": "way/480231392", "@timestamp": "2018-12-18T12:28:51", "Площадь": 0.09, "Туман": "Юнусобод" }, "geometry": { "type": "Polygon", "coordinates": [ [ [ 69.2688112, 41.3107101 ], [ 69.2687809, 41.3106532 ], [ 69.2684454, 41.3107353 ], [ 69.2684003, 41.3106309 ], [ 69.2690443, 41.3104726 ], [ 69.269109, 41.3106272 ], [ 69.2688112, 41.3107101 ] ] ] } },
{ "type": "Feature", "properties": { "id": "way/481034556", "@timestamp": "2017-04-05T13:23:09", "Площадь": 0.12, "Туман": "Миробод" }, "geometry": { "type": "Polygon", "coordinates": [ [ [ 69.2701344, 41.3051794 ], [ 69.2702946, 41.3055507 ], [ 69.2702254, 41.3055656 ], [ 69.2701067, 41.3052715 ], [ 69.2687504, 41.3055789 ], [ 69.2687208, 41.3055151 ], [ 69.2701344, 41.3051794 ] ] ] } },
{ "type": "Feature", "properties": { "id": "way/481034585", "@timestamp": "2017-03-17T13:12:45", "Площадь": 0.11, "Туман": "Миробод" }, "geometry": { "type": "Polygon", "coordinates": [ [ [ 69.2686832, 41.3054512 ], [ 69.2686437, 41.3053576 ], [ 69.2698477, 41.3050903 ], [ 69.2698873, 41.3051779 ], [ 69.2686832, 41.3054512 ] ] ] } },
{ "type": "Feature", "properties": { "id": "way/481035794", "@timestamp": "2017-08-19T12:56:55", "Площадь": 0.01, "Туман": "Миробод" }, "geometry": { "type": "Polygon", "coordinates": [ [ [ 69.2684511, 41.3050872 ], [ 69.2684037, 41.3050976 ], [ 69.268291, 41.3048273 ], [ 69.2683404, 41.3048169 ], [ 69.2684511, 41.3050872 ] ] ] } },
{ "type": "Feature", "properties": { "id": "way/481038668", "@timestamp": "2017-03-17T13:37:05", "Площадь": 0.13, "Туман": "Миробод" }, "geometry": { "type": "Polygon", "coordinates": [ [ [ 69.2768536, 41.2998659 ], [ 69.2780128, 41.2988773 ], [ 69.2780907, 41.2989289 ], [ 69.2769315, 41.2999175 ], [ 69.2768536, 41.2998659 ] ] ] } },
{ "type": "Feature", "properties": { "id": "way/481038823", "@timestamp": "2017-03-17T13:37:41", "Площадь": 0.04, "Туман": "Миробод" }, "geometry": { "type": "Polygon", "coordinates": [ [ [ 69.2764137, 41.2995381 ], [ 69.2763811, 41.2994696 ], [ 69.2768306, 41.2991001 ], [ 69.2768924, 41.2991442 ], [ 69.2764137, 41.2995381 ] ] ] } },
{ "type": "Feature", "properties": { "id": "way/481039734", "@timestamp": "2020-08-21T17:00:11", "Площадь": 0.12, "Туман": "Миробод" }, "geometry": { "type": "Polygon", "coordinates": [ [ [ 69.2718331, 41.2985849 ], [ 69.2712175, 41.2981763 ], [ 69.2713608, 41.2980588 ], [ 69.2719731, 41.2984626 ], [ 69.2718331, 41.2985849 ] ] ] } },
{ "type": "Feature", "properties": { "id": "way/483028601", "@timestamp": "2017-03-27T12:03:15", "Площадь": 0.02, "Туман": "Шайхонтоҳур" }, "geometry": { "type": "Polygon", "coordinates": [ [ [ 69.2520302, 41.3272843 ], [ 69.2519559, 41.3272073 ], [ 69.2521399, 41.3271036 ], [ 69.2522249, 41.327178 ], [ 69.2520302, 41.3272843 ] ] ] } },
{ "type": "Feature", "properties": { "id": "way/483028603", "@timestamp": "2017-03-27T12:03:15", "Площадь": 0.08, "Туман": "Шайхонтоҳур" }, "geometry": { "type": "Polygon", "coordinates": [ [ [ 69.249068, 41.3287052 ], [ 69.2489896, 41.328621 ], [ 69.2496889, 41.3282502 ], [ 69.2497405, 41.3283132 ], [ 69.249386, 41.3285407 ], [ 69.249068, 41.3287052 ] ] ] } },
{ "type": "Feature", "properties": { "id": "way/483028604", "@timestamp": "2017-03-27T12:03:16", "Площадь": 0.04, "Туман": "Шайхонтоҳур" }, "geometry": { "type": "Polygon", "coordinates": [ [ [ 69.2552711, 41.3294143 ], [ 69.255245, 41.3291009 ], [ 69.2553742, 41.329095 ], [ 69.2554002, 41.3294065 ], [ 69.2552711, 41.3294143 ] ] ] } },
{ "type": "Feature", "properties": { "id": "way/483028747", "@timestamp": "2023-11-09T12:00:08", "Площадь": 0.16, "Туман": "Шайхонтоҳур" }, "geometry": { "type": "Polygon", "coordinates": [ [ [ 69.2505751, 41.3253786 ], [ 69.2505579, 41.3251846 ], [ 69.2514417, 41.3251271 ], [ 69.251458, 41.3253256 ], [ 69.2505751, 41.3253786 ] ] ] } },
{ "type": "Feature", "properties": { "id": "way/483032822", "@timestamp": "2026-05-05T20:44:33", "Площадь": 0.05, "Туман": "Юнусобод" }, "geometry": { "type": "Polygon", "coordinates": [ [ [ 69.2721973, 41.3741682 ], [ 69.2723363, 41.3740331 ], [ 69.2725886, 41.3741792 ], [ 69.2724497, 41.3743143 ], [ 69.2724344, 41.3743054 ], [ 69.2721973, 41.3741682 ] ] ] } },
{ "type": "Feature", "properties": { "id": "way/483055630", "@timestamp": "2025-10-26T21:18:31", "Площадь": 0.61, "Туман": "Шайхонтоҳур" }, "geometry": { "type": "Polygon", "coordinates": [ [ [ 69.2339428, 41.3264532 ], [ 69.233863, 41.3264488 ], [ 69.2335142, 41.3261075 ], [ 69.2331672, 41.3257763 ], [ 69.2331623, 41.3257329 ], [ 69.2332114, 41.3256755 ], [ 69.2335763, 41.325474 ], [ 69.2337067, 41.3254666 ], [ 69.233779, 41.3254283 ], [ 69.2339985, 41.3256485 ], [ 69.2339717, 41.3256656 ], [ 69.2342675, 41.3259485 ], [ 69.2341881, 41.3259953 ], [ 69.234354, 41.3261586 ], [ 69.2342379, 41.326217 ], [ 69.2342806, 41.3262624 ], [ 69.2339428, 41.3264532 ] ] ] } },
{ "type": "Feature", "properties": { "id": "way/483167134", "@timestamp": "2026-03-01T19:01:42", "Площадь": 0.15, "Туман": "Чилонзор" }, "geometry": { "type": "Polygon", "coordinates": [ [ [ 69.2524486, 41.3103433 ], [ 69.2526703, 41.3098142 ], [ 69.2528086, 41.3098508 ], [ 69.2528682, 41.3098665 ], [ 69.252873, 41.3103348 ], [ 69.2524486, 41.3103433 ] ] ] } },
{ "type": "Feature", "properties": { "id": "way/483167140", "@timestamp": "2024-10-06T22:14:02", "Площадь": 0.18, "Туман": "Юнусобод" }, "geometry": { "type": "Polygon", "coordinates": [ [ [ 69.2883339, 41.3410035 ], [ 69.2882562, 41.3405735 ], [ 69.2886929, 41.3405154 ], [ 69.2887564, 41.3408005 ], [ 69.2887492, 41.3409051 ], [ 69.2887552, 41.3409613 ], [ 69.2883339, 41.3410035 ] ] ] } },
{ "type": "Feature", "properties": { "id": "way/483172736", "@timestamp": "2026-03-04T14:45:15", "Площадь": 0.07, "Туман": "Юнусобод" }, "geometry": { "type": "Polygon", "coordinates": [ [ [ 69.2974769, 41.3835956 ], [ 69.2974468, 41.3834931 ], [ 69.2976861, 41.3834929 ], [ 69.2976859, 41.3834201 ], [ 69.297983, 41.383419 ], [ 69.2980177, 41.3835963 ], [ 69.2974769, 41.3835956 ] ] ] } },
{ "type": "Feature", "properties": { "id": "way/483172935", "@timestamp": "2017-03-28T08:08:15", "Площадь": 0.09, "Туман": "Юнусобод" }, "geometry": { "type": "Polygon", "coordinates": [ [ [ 69.2971992, 41.382514 ], [ 69.2970612, 41.3820075 ], [ 69.2972511, 41.3819784 ], [ 69.297389, 41.3824849 ], [ 69.2971992, 41.382514 ] ] ] } },
{ "type": "Feature", "properties": { "id": "way/483175481", "@timestamp": "2017-03-28T08:28:39", "Площадь": 0.17, "Туман": "Юнусобод" }, "geometry": { "type": "Polygon", "coordinates": [ [ [ 69.2983814, 41.3627364 ], [ 69.2982807, 41.3626475 ], [ 69.2995771, 41.3618773 ], [ 69.299673, 41.3619583 ], [ 69.2983814, 41.3627364 ] ] ] } },
{ "type": "Feature", "properties": { "id": "way/483175484", "@timestamp": "2017-03-28T08:28:39", "Площадь": 0.2, "Туман": "Юнусобод" }, "geometry": { "type": "Polygon", "coordinates": [ [ [ 69.2965146, 41.3613601 ], [ 69.2968562, 41.3610992 ], [ 69.2972398, 41.3615266 ], [ 69.2969641, 41.3617312 ], [ 69.2965146, 41.3613601 ] ] ] } },
{ "type": "Feature", "properties": { "id": "way/483180022", "@timestamp": "2017-03-28T08:52:45", "Площадь": 0.1, "Туман": "Шайхонтоҳур" }, "geometry": { "type": "Polygon", "coordinates": [ [ [ 69.2644094, 41.3253007 ], [ 69.263846, 41.3253344 ], [ 69.263843, 41.3252489 ], [ 69.2641397, 41.3252332 ], [ 69.2641277, 41.3250689 ], [ 69.2644034, 41.3250464 ], [ 69.2644933, 41.3250419 ], [ 69.2644094, 41.3253007 ] ] ] } },
{ "type": "Feature", "properties": { "id": "way/483180023", "@timestamp": "2017-03-28T08:52:46", "Площадь": 0.15, "Туман": "Шайхонтоҳур" }, "geometry": { "type": "Polygon", "coordinates": [ [ [ 69.2641217, 41.3249698 ], [ 69.2641127, 41.3246143 ], [ 69.2646012, 41.3245783 ], [ 69.2645113, 41.3249473 ], [ 69.2641217, 41.3249698 ] ] ] } },
{ "type": "Feature", "properties": { "id": "way/483180038", "@timestamp": "2025-10-27T08:13:49", "Площадь": 0.16, "Туман": "Мирзо Улуғбек" }, "geometry": { "type": "Polygon", "coordinates": [ [ [ 69.2929103, 41.3188443 ], [ 69.2935548, 41.3182495 ], [ 69.2937116, 41.3183417 ], [ 69.2931153, 41.3189557 ], [ 69.2929103, 41.3188443 ] ] ] } },
{ "type": "Feature", "properties": { "id": "way/483194636", "@timestamp": "2019-07-18T20:36:37", "Площадь": 0.21, "Туман": "Миробод" }, "geometry": { "type": "Polygon", "coordinates": [ [ [ 69.277509, 41.3094295 ], [ 69.2777231, 41.3099112 ], [ 69.2772194, 41.3100375 ], [ 69.2771583, 41.3099063 ], [ 69.2771953, 41.3098963 ], [ 69.2772836, 41.3098713 ], [ 69.2771295, 41.3095247 ], [ 69.277509, 41.3094295 ] ] ] } },
{ "type": "Feature", "properties": { "id": "way/483195705", "@timestamp": "2026-02-05T16:50:35", "Площадь": 0.17, "Туман": "Юнусобод" }, "geometry": { "type": "Polygon", "coordinates": [ [ [ 69.2709123, 41.3161998 ], [ 69.2708387, 41.31604 ], [ 69.2718584, 41.3157749 ], [ 69.2719321, 41.3159347 ], [ 69.2709123, 41.3161998 ] ] ] } },
{ "type": "Feature", "properties": { "id": "way/483198785", "@timestamp": "2024-10-12T20:53:56", "Площадь": 0.2, "Туман": "Мирзо Улуғбек" }, "geometry": { "type": "Polygon", "coordinates": [ [ [ 69.2824777, 41.3109296 ], [ 69.2824096, 41.3107597 ], [ 69.2833226, 41.3105029 ], [ 69.2834357, 41.3107411 ], [ 69.2828339, 41.3108832 ], [ 69.2828262, 41.3108608 ], [ 69.2824777, 41.3109296 ] ] ] } },
{ "type": "Feature", "properties": { "id": "way/484507401", "@timestamp": "2024-02-13T20:54:09", "Площадь": 0.61, "Туман": "Юнусобод" }, "geometry": { "type": "Polygon", "coordinates": [ [ [ 69.2872992, 41.3634993 ], [ 69.2851153, 41.362536 ], [ 69.2852759, 41.362327 ], [ 69.2871976, 41.3631518 ], [ 69.2872318, 41.3631066 ], [ 69.2875082, 41.3632251 ], [ 69.2873587, 41.3634086 ], [ 69.2872992, 41.3634993 ] ] ] } },
{ "type": "Feature", "properties": { "id": "way/484509894", "@timestamp": "2024-09-27T10:00:08", "Площадь": 0.1, "Туман": "Юнусобод" }, "geometry": { "type": "Polygon", "coordinates": [ [ [ 69.284697, 41.3171785 ], [ 69.2843866, 41.3167318 ], [ 69.2845612, 41.3166538 ], [ 69.2847136, 41.3168607 ], [ 69.2848931, 41.3171042 ], [ 69.284697, 41.3171785 ] ] ] } },
{ "type": "Feature", "properties": { "id": "way/484515065", "@timestamp": "2023-06-21T11:58:28", "Площадь": 0.11, "Туман": "Юнусобод" }, "geometry": { "type": "Polygon", "coordinates": [ [ [ 69.2716472, 41.3175931 ], [ 69.2715708, 41.3174294 ], [ 69.2723763, 41.3172175 ], [ 69.2723893, 41.3172454 ], [ 69.2723886, 41.3172565 ], [ 69.2724303, 41.3173473 ], [ 69.2718012, 41.3175127 ], [ 69.2718178, 41.3175482 ], [ 69.2716472, 41.3175931 ] ] ] } },
{ "type": "Feature", "properties": { "id": "way/484545536", "@timestamp": "2017-04-03T13:05:25", "Площадь": 0.06, "Туман": "Шайхонтоҳур" }, "geometry": { "type": "Polygon", "coordinates": [ [ [ 69.2498662, 41.32709 ], [ 69.2497761, 41.3269991 ], [ 69.2502582, 41.3267294 ], [ 69.2503484, 41.3268204 ], [ 69.2498662, 41.32709 ] ] ] } },
{ "type": "Feature", "properties": { "id": "way/484545537", "@timestamp": "2017-04-03T13:05:25", "Площадь": 0.05, "Туман": "Шайхонтоҳур" }, "geometry": { "type": "Polygon", "coordinates": [ [ [ 69.2504665, 41.3267528 ], [ 69.2503726, 41.326658 ], [ 69.2507702, 41.3264358 ], [ 69.2508642, 41.3265306 ], [ 69.2504665, 41.3267528 ] ] ] } },
{ "type": "Feature", "properties": { "id": "way/484545544", "@timestamp": "2025-12-21T12:55:09", "Площадь": 0.04, "Туман": "Шайхонтоҳур" }, "geometry": { "type": "Polygon", "coordinates": [ [ [ 69.2513176, 41.3261765 ], [ 69.2512608, 41.3261184 ], [ 69.2517181, 41.3258663 ], [ 69.2517749, 41.3259244 ], [ 69.2513176, 41.3261765 ] ] ] } },
{ "type": "Feature", "properties": { "id": "way/484545549", "@timestamp": "2024-06-14T14:35:06", "Площадь": 0.21, "Туман": "Шайхонтоҳур" }, "geometry": { "type": "Polygon", "coordinates": [ [ [ 69.254726, 41.3256893 ], [ 69.2539333, 41.3260417 ], [ 69.2539471, 41.3259032 ], [ 69.2547193, 41.3255111 ], [ 69.254862, 41.325646 ], [ 69.254985, 41.3256426 ], [ 69.2549975, 41.3256882 ], [ 69.2550402, 41.3260785 ], [ 69.2548269, 41.3260907 ], [ 69.2547985, 41.3257546 ], [ 69.254726, 41.3256893 ] ] ] } },
{ "type": "Feature", "properties": { "id": "way/484548382", "@timestamp": "2025-11-23T16:29:12", "Площадь": 0.08, "Туман": "Мирзо Улуғбек" }, "geometry": { "type": "Polygon", "coordinates": [ [ [ 69.2808751, 41.3149239 ], [ 69.2807949, 41.3148658 ], [ 69.2808, 41.3147879 ], [ 69.2813218, 41.3146131 ], [ 69.2814045, 41.3147523 ], [ 69.2808751, 41.3149239 ] ] ] } },
{ "type": "Feature", "properties": { "id": "way/484559444", "@timestamp": "2017-04-03T14:38:04", "Площадь": 0.08, "Туман": "Миробод" }, "geometry": { "type": "Polygon", "coordinates": [ [ [ 69.2752061, 41.3023561 ], [ 69.2755135, 41.3023451 ], [ 69.2755314, 41.3026285 ], [ 69.275224, 41.3026395 ], [ 69.2752061, 41.3023561 ] ] ] } },
{ "type": "Feature", "properties": { "id": "way/485826780", "@timestamp": "2022-09-26T15:23:06", "Площадь": 0.09, "Туман": "Шайхонтоҳур" }, "geometry": { "type": "Polygon", "coordinates": [ [ [ 69.2538976, 41.3246629 ], [ 69.2538757, 41.324423 ], [ 69.254578, 41.3243675 ], [ 69.2545969, 41.3244003 ], [ 69.2540299, 41.324606 ], [ 69.2538976, 41.3246629 ] ] ] } },
{ "type": "Feature", "properties": { "id": "way/490019200", "@timestamp": "2021-01-14T23:09:03", "Площадь": 0.03, "Туман": "Юнусобод" }, "geometry": { "type": "Polygon", "coordinates": [ [ [ 69.2883428, 41.3204656 ], [ 69.2888028, 41.320339 ], [ 69.2888285, 41.3203916 ], [ 69.2883684, 41.3205182 ], [ 69.2883428, 41.3204656 ] ] ] } },
{ "type": "Feature", "properties": { "id": "way/502125666", "@timestamp": "2026-03-23T08:03:02", "Площадь": 0.04, "Туман": "Яшнобод" }, "geometry": { "type": "Polygon", "coordinates": [ [ [ 69.3401321, 41.283131 ], [ 69.3404302, 41.2830047 ], [ 69.3405614, 41.2832576 ], [ 69.3401321, 41.283131 ] ] ] } },
{ "type": "Feature", "properties": { "id": "way/504275692", "@timestamp": "2017-06-30T18:04:32", "Площадь": 0.1, "Туман": "Яккасарой" }, "geometry": { "type": "Polygon", "coordinates": [ [ [ 69.2320056, 41.2654045 ], [ 69.2323717, 41.2651837 ], [ 69.2324321, 41.2652281 ], [ 69.2326172, 41.2652472 ], [ 69.2326587, 41.2652866 ], [ 69.23218, 41.2655638 ], [ 69.2320056, 41.2654045 ] ] ] } },
{ "type": "Feature", "properties": { "id": "way/504275697", "@timestamp": "2017-06-30T18:04:32", "Площадь": 0.07, "Туман": "Яккасарой" }, "geometry": { "type": "Polygon", "coordinates": [ [ [ 69.2322215, 41.2656222 ], [ 69.232585, 41.2654136 ], [ 69.2327164, 41.2655406 ], [ 69.2323557, 41.2657583 ], [ 69.2322215, 41.2656222 ] ] ] } },
{ "type": "Feature", "properties": { "id": "way/507869670", "@timestamp": "2024-10-12T20:40:52", "Площадь": 0.19, "Туман": "Мирзо Улуғбек" }, "geometry": { "type": "Polygon", "coordinates": [ [ [ 69.2812205, 41.3127818 ], [ 69.2816513, 41.3126058 ], [ 69.28159, 41.3125326 ], [ 69.2817807, 41.312283 ], [ 69.2820571, 41.3123787 ], [ 69.2816666, 41.3128541 ], [ 69.2813282, 41.3129614 ], [ 69.2812205, 41.3127818 ] ] ] } },
{ "type": "Feature", "properties": { "id": "way/507872958", "@timestamp": "2026-03-29T12:15:44", "Площадь": 0.93, "Туман": "Сергели" }, "geometry": { "type": "Polygon", "coordinates": [ [ [ 69.2653171, 41.2658675 ], [ 69.2654773, 41.2653531 ], [ 69.2655691, 41.2653693 ], [ 69.2673181, 41.2656772 ], [ 69.2671751, 41.2661362 ], [ 69.2671579, 41.2661914 ], [ 69.2662375, 41.2660295 ], [ 69.2653171, 41.2658675 ] ] ] } },
{ "type": "Feature", "properties": { "id": "way/507875141", "@timestamp": "2018-10-17T11:02:32", "Площадь": 0.04, "Туман": "Яккасарой" }, "geometry": { "type": "Polygon", "coordinates": [ [ [ 69.2682128, 41.2811017 ], [ 69.2680964, 41.2810529 ], [ 69.2683071, 41.2807691 ], [ 69.2684234, 41.2808178 ], [ 69.2682128, 41.2811017 ] ] ] } },
{ "type": "Feature", "properties": { "id": "way/507890403", "@timestamp": "2024-08-20T21:54:38", "Площадь": 0.56, "Туман": "Шайхонтоҳур" }, "geometry": { "type": "Polygon", "coordinates": [ [ [ 69.255272, 41.3355553 ], [ 69.2554476, 41.3354416 ], [ 69.257469, 41.3374438 ], [ 69.2573632, 41.3374548 ], [ 69.2572707, 41.3374496 ], [ 69.2571755, 41.3374279 ], [ 69.2570803, 41.3373869 ], [ 69.255272, 41.3355553 ] ] ] } },
{ "type": "Feature", "properties": { "id": "way/507891110", "@timestamp": "2023-09-27T13:28:01", "Площадь": 0.09, "Туман": "Яшнобод" }, "geometry": { "type": "Polygon", "coordinates": [ [ [ 69.2961339, 41.299983 ], [ 69.2961266, 41.2999611 ], [ 69.296112, 41.2999175 ], [ 69.296194, 41.2999091 ], [ 69.2964149, 41.2998747 ], [ 69.2964329, 41.2998756 ], [ 69.2964508, 41.2998725 ], [ 69.2964667, 41.2998671 ], [ 69.296482, 41.2998571 ], [ 69.2964929, 41.2998457 ], [ 69.2964944, 41.2998307 ], [ 69.2964896, 41.2998157 ], [ 69.2964814, 41.2998048 ], [ 69.2964203, 41.299609 ], [ 69.2965667, 41.2995737 ], [ 69.2967003, 41.2999896 ], [ 69.2961339, 41.299983 ] ] ] } },
{ "type": "Feature", "properties": { "id": "way/509139921", "@timestamp": "2018-07-18T09:53:33", "Площадь": 0.04, "Туман": "Чилонзор" }, "geometry": { "type": "Polygon", "coordinates": [ [ [ 69.2203638, 41.2828846 ], [ 69.2205194, 41.282808 ], [ 69.2205541, 41.2828489 ], [ 69.2206642, 41.2829833 ], [ 69.2205033, 41.2830549 ], [ 69.220403, 41.2829325 ], [ 69.2203638, 41.2828846 ] ] ] } },
{ "type": "Feature", "properties": { "id": "way/509368755", "@timestamp": "2024-09-26T21:06:00", "Площадь": 0.09, "Туман": "Миробод" }, "geometry": { "type": "Polygon", "coordinates": [ [ [ 69.2723092, 41.2882871 ], [ 69.2725014, 41.2881455 ], [ 69.272848, 41.2884119 ], [ 69.2726483, 41.2885465 ], [ 69.2723092, 41.2882871 ] ] ] } },
{ "type": "Feature", "properties": { "id": "way/509572890", "@timestamp": "2023-12-10T17:12:40", "Площадь": 0.04, "Туман": "Юнусобод" }, "geometry": { "type": "Polygon", "coordinates": [ [ [ 69.2981334, 41.3637545 ], [ 69.2979382, 41.3635732 ], [ 69.2980789, 41.3634879 ], [ 69.2982741, 41.3636692 ], [ 69.2981334, 41.3637545 ] ] ] } },
{ "type": "Feature", "properties": { "id": "way/509603220", "@timestamp": "2025-12-09T18:33:08", "Площадь": 0.06, "Туман": "Юнусобод" }, "geometry": { "type": "Polygon", "coordinates": [ [ [ 69.2848235, 41.3270358 ], [ 69.284803, 41.3269132 ], [ 69.2853569, 41.326861 ], [ 69.2853773, 41.3269836 ], [ 69.2848235, 41.3270358 ] ] ] } },
{ "type": "Feature", "properties": { "id": "way/509755010", "@timestamp": "2025-07-16T20:16:50", "Площадь": 0.27, "Туман": "Юнусобод" }, "geometry": { "type": "Polygon", "coordinates": [ [ [ 69.2869612, 41.3669326 ], [ 69.2869518, 41.366859 ], [ 69.2868514, 41.3668572 ], [ 69.2868514, 41.3667941 ], [ 69.2867487, 41.3666364 ], [ 69.2867393, 41.366519 ], [ 69.2865946, 41.3664805 ], [ 69.2866551, 41.3663279 ], [ 69.2867324, 41.3662837 ], [ 69.286868, 41.3663132 ], [ 69.2871424, 41.3664062 ], [ 69.2873441, 41.3670377 ], [ 69.2871892, 41.367051 ], [ 69.2871827, 41.3670356 ], [ 69.2871635, 41.3669186 ], [ 69.2869612, 41.3669326 ] ] ] } },
{ "type": "Feature", "properties": { "id": "way/509784339", "@timestamp": "2026-01-13T15:16:19", "Площадь": 0.26, "Туман": "Юнусобод" }, "geometry": { "type": "Polygon", "coordinates": [ [ [ 69.2871892, 41.3671212 ], [ 69.2861126, 41.3671752 ], [ 69.2860325, 41.3670325 ], [ 69.2860322, 41.3669162 ], [ 69.2861573, 41.3665486 ], [ 69.2862419, 41.3664195 ], [ 69.2864403, 41.3664736 ], [ 69.2862647, 41.3669094 ], [ 69.2863076, 41.3669678 ], [ 69.286537, 41.3670353 ], [ 69.2865824, 41.3670336 ], [ 69.2869171, 41.3670208 ], [ 69.286921, 41.3670523 ], [ 69.2871827, 41.3670356 ], [ 69.2871892, 41.367051 ], [ 69.2871892, 41.3671212 ] ] ] } },
{ "type": "Feature", "properties": { "id": "way/519661972", "@timestamp": "2017-08-29T14:27:13", "Площадь": 0.04, "Туман": "Юнусобод" }, "geometry": { "type": "Polygon", "coordinates": [ [ [ 69.3159456, 41.3706308 ], [ 69.3160285, 41.3705056 ], [ 69.3163148, 41.3706123 ], [ 69.316232, 41.3707375 ], [ 69.3159456, 41.3706308 ] ] ] } },
{ "type": "Feature", "properties": { "id": "way/520728615", "@timestamp": "2017-09-02T05:58:18", "Площадь": 0.09, "Туман": "Миробод" }, "geometry": { "type": "Polygon", "coordinates": [ [ [ 69.2836279, 41.2966324 ], [ 69.283834, 41.2964412 ], [ 69.2841492, 41.2966331 ], [ 69.283943, 41.2968243 ], [ 69.2836279, 41.2966324 ] ] ] } },
{ "type": "Feature", "properties": { "id": "way/520732376", "@timestamp": "2018-11-10T11:06:29", "Площадь": 0.07, "Туман": "Олмазор" }, "geometry": { "type": "Polygon", "coordinates": [ [ [ 69.2523918, 41.3485848 ], [ 69.2523577, 41.3483979 ], [ 69.2524426, 41.3483132 ], [ 69.2527902, 41.3483498 ], [ 69.2527434, 41.3485131 ], [ 69.2525869, 41.3484856 ], [ 69.2523918, 41.3485848 ] ] ] } },
{ "type": "Feature", "properties": { "id": "way/520748235", "@timestamp": "2020-08-17T08:10:24", "Площадь": 0.17, "Туман": "Яшнобод" }, "geometry": { "type": "Polygon", "coordinates": [ [ [ 69.3477102, 41.2856268 ], [ 69.3485665, 41.2851846 ], [ 69.3486106, 41.285207 ], [ 69.3480831, 41.2858229 ], [ 69.3478399, 41.285695 ], [ 69.3477102, 41.2856268 ] ] ] } },
{ "type": "Feature", "properties": { "id": "way/521642618", "@timestamp": "2023-01-07T04:56:12", "Площадь": 0.12, "Туман": "Миробод" }, "geometry": { "type": "Polygon", "coordinates": [ [ [ 69.2828175, 41.2891867 ], [ 69.282947, 41.2889381 ], [ 69.2835167, 41.2892721 ], [ 69.2834523, 41.2893382 ], [ 69.2831066, 41.2892391 ], [ 69.2830846, 41.289325 ], [ 69.2828762, 41.2892627 ], [ 69.2828436, 41.2892367 ], [ 69.2828175, 41.2891867 ] ] ] } },
{ "type": "Feature", "properties": { "id": "way/528402910", "@timestamp": "2017-09-28T11:35:02", "Площадь": 0.09, "Туман": "Чилонзор" }, "geometry": { "type": "Polygon", "coordinates": [ [ [ 69.2032594, 41.274054 ], [ 69.2034454, 41.2742809 ], [ 69.203236, 41.2744078 ], [ 69.2028941, 41.2740935 ], [ 69.2031394, 41.2741058 ], [ 69.2032594, 41.274054 ] ] ] } },
{ "type": "Feature", "properties": { "id": "way/528544674", "@timestamp": "2025-04-27T23:09:24", "Площадь": 0.36, "Туман": "Юнусобод" }, "geometry": { "type": "Polygon", "coordinates": [ [ [ 69.3106916, 41.3725023 ], [ 69.3104511, 41.372426 ], [ 69.3102943, 41.3726775 ], [ 69.3100654, 41.3725976 ], [ 69.3104563, 41.3720395 ], [ 69.3111279, 41.3722727 ], [ 69.3107514, 41.3729111 ], [ 69.3106091, 41.3728747 ], [ 69.3107411, 41.3726524 ], [ 69.3106916, 41.3725023 ] ] ] } },
{ "type": "Feature", "properties": { "id": "way/529460786", "@timestamp": "2017-10-02T12:49:32", "Площадь": 0.04, "Туман": "Сергели" }, "geometry": { "type": "Polygon", "coordinates": [ [ [ 69.2854296, 41.2454091 ], [ 69.2854262, 41.2452115 ], [ 69.2856294, 41.2452095 ], [ 69.2856328, 41.2454072 ], [ 69.2854296, 41.2454091 ] ] ] } },
{ "type": "Feature", "properties": { "id": "way/529621743", "@timestamp": "2022-12-05T13:55:54", "Площадь": 0.18, "Туман": "Чилонзор" }, "geometry": { "type": "Polygon", "coordinates": [ [ [ 69.2235208, 41.2816102 ], [ 69.2235662, 41.2816478 ], [ 69.2235845, 41.2816661 ], [ 69.2236246, 41.2816393 ], [ 69.2236606, 41.2816669 ], [ 69.2236429, 41.2816793 ], [ 69.2238266, 41.281864 ], [ 69.2237765, 41.2818937 ], [ 69.2237225, 41.2819244 ], [ 69.2237533, 41.281953 ], [ 69.2237974, 41.2819869 ], [ 69.2235631, 41.2821585 ], [ 69.2235191, 41.2821246 ], [ 69.2234742, 41.2820961 ], [ 69.2234475, 41.2820732 ], [ 69.2233338, 41.2819979 ], [ 69.2232535, 41.2819366 ], [ 69.2232019, 41.2818958 ], [ 69.2231566, 41.2818582 ], [ 69.2235208, 41.2816102 ] ] ] } },
{ "type": "Feature", "properties": { "id": "way/531392815", "@timestamp": "2024-11-21T21:55:27", "Площадь": 0.06, "Туман": "Чилонзор" }, "geometry": { "type": "Polygon", "coordinates": [ [ [ 69.2203044, 41.2816496 ], [ 69.2203077, 41.2817645 ], [ 69.2198193, 41.2817685 ], [ 69.2198208, 41.2816908 ], [ 69.2198196, 41.281634 ], [ 69.2203033, 41.2816232 ], [ 69.2203044, 41.2816496 ] ] ] } },
{ "type": "Feature", "properties": { "id": "way/531427327", "@timestamp": "2026-02-12T23:49:28", "Площадь": 0.14, "Туман": "Юнусобод" }, "geometry": { "type": "Polygon", "coordinates": [ [ [ 69.2820956, 41.3381746 ], [ 69.2820388, 41.3382037 ], [ 69.2816749, 41.3378033 ], [ 69.2819003, 41.3376878 ], [ 69.282315, 41.3381441 ], [ 69.2821464, 41.3382305 ], [ 69.2820956, 41.3381746 ] ] ] } },
{ "type": "Feature", "properties": { "id": "way/531427582", "@timestamp": "2024-10-15T15:57:58", "Площадь": 0.08, "Туман": "Юнусобод" }, "geometry": { "type": "Polygon", "coordinates": [ [ [ 69.2809227, 41.3377025 ], [ 69.2808857, 41.3377231 ], [ 69.28079, 41.3376263 ], [ 69.2810974, 41.337455 ], [ 69.2811427, 41.3375009 ], [ 69.2811896, 41.3374748 ], [ 69.2811527, 41.3374376 ], [ 69.2812606, 41.3373775 ], [ 69.2812971, 41.3374144 ], [ 69.2813574, 41.3374754 ], [ 69.2812665, 41.337526 ], [ 69.2813047, 41.3375647 ], [ 69.2809705, 41.3377509 ], [ 69.2809227, 41.3377025 ] ] ] } },
{ "type": "Feature", "properties": { "id": "way/531915391", "@timestamp": "2017-10-12T08:39:04", "Площадь": 0.06, "Туман": "Юнусобод" }, "geometry": { "type": "Polygon", "coordinates": [ [ [ 69.3107509, 41.3703559 ], [ 69.3110131, 41.3698964 ], [ 69.3111242, 41.3699596 ], [ 69.3108849, 41.3703934 ], [ 69.3107509, 41.3703559 ] ] ] } },
{ "type": "Feature", "properties": { "id": "way/532244214", "@timestamp": "2023-06-24T09:11:48", "Площадь": 0.15, "Туман": "Чилонзор" }, "geometry": { "type": "Polygon", "coordinates": [ [ [ 69.2097954, 41.2921756 ], [ 69.2097246, 41.2920709 ], [ 69.2097889, 41.2920309 ], [ 69.2097985, 41.2920395 ], [ 69.209815, 41.2920538 ], [ 69.2099654, 41.2919649 ], [ 69.2102235, 41.2918127 ], [ 69.2102738, 41.2918637 ], [ 69.2103241, 41.2918886 ], [ 69.2103958, 41.2919538 ], [ 69.21069, 41.2917711 ], [ 69.2107128, 41.2917928 ], [ 69.2107571, 41.2918354 ], [ 69.2105795, 41.2919409 ], [ 69.2105047, 41.2919827 ], [ 69.210429, 41.2920216 ], [ 69.2103989, 41.2920368 ], [ 69.2103465, 41.2920595 ], [ 69.2102847, 41.2920819 ], [ 69.2102548, 41.292092 ], [ 69.2102248, 41.2921012 ], [ 69.2101802, 41.2921142 ], [ 69.2101356, 41.2921255 ], [ 69.2100751, 41.2921391 ], [ 69.2100125, 41.2921487 ], [ 69.2099189, 41.2921632 ], [ 69.2098441, 41.292172 ], [ 69.2097954, 41.2921756 ] ] ] } },
{ "type": "Feature", "properties": { "id": "way/534849970", "@timestamp": "2020-08-03T08:32:22", "Площадь": 0.11, "Туман": "Яшнобод" }, "geometry": { "type": "Polygon", "coordinates": [ [ [ 69.310855, 41.3084465 ], [ 69.3110715, 41.3086259 ], [ 69.3112702, 41.3088588 ], [ 69.3111876, 41.308918 ], [ 69.3112422, 41.3089915 ], [ 69.3110081, 41.3090758 ], [ 69.3109565, 41.3089857 ], [ 69.3109817, 41.3089654 ], [ 69.3109346, 41.3089293 ], [ 69.3110764, 41.3087919 ], [ 69.3107271, 41.3085285 ], [ 69.310855, 41.3084465 ] ] ] } },
{ "type": "Feature", "properties": { "id": "way/536546613", "@timestamp": "2023-01-10T11:05:30", "Площадь": 0.07, "Туман": "Олмазор" }, "geometry": { "type": "Polygon", "coordinates": [ [ [ 69.2226719, 41.3599818 ], [ 69.2224856, 41.3600432 ], [ 69.2222641, 41.3596996 ], [ 69.222442, 41.3596441 ], [ 69.2226719, 41.3599818 ] ] ] } },
{ "type": "Feature", "properties": { "id": "way/539781559", "@timestamp": "2025-11-03T09:08:20", "Площадь": 0.33, "Туман": "Яшнобод" }, "geometry": { "type": "Polygon", "coordinates": [ [ [ 69.3208925, 41.3147879 ], [ 69.3207224, 41.3143477 ], [ 69.3207633, 41.3143144 ], [ 69.3212621, 41.3142707 ], [ 69.3215629, 41.3142473 ], [ 69.3216468, 41.3146101 ], [ 69.3215471, 41.3146336 ], [ 69.3208925, 41.3147879 ] ] ] } },
{ "type": "Feature", "properties": { "id": "way/544628233", "@timestamp": "2024-01-13T23:01:44", "Площадь": 0.03, "Туман": "Чилонзор" }, "geometry": { "type": "Polygon", "coordinates": [ [ [ 69.2208681, 41.2815036 ], [ 69.2209922, 41.2814013 ], [ 69.2211857, 41.2815368 ], [ 69.2210543, 41.2816343 ], [ 69.2208681, 41.2815036 ] ] ] } },
{ "type": "Feature", "properties": { "id": "way/545606400", "@timestamp": "2026-04-01T10:31:28", "Площадь": 0.2, "Туман": "Чилонзор" }, "geometry": { "type": "Polygon", "coordinates": [ [ [ 69.212473, 41.2832026 ], [ 69.2120513, 41.2828426 ], [ 69.2113499, 41.2832845 ], [ 69.2112608, 41.2831992 ], [ 69.2120672, 41.2826811 ], [ 69.2122806, 41.2828763 ], [ 69.2123467, 41.2828324 ], [ 69.212643, 41.2830999 ], [ 69.2125476, 41.2831569 ], [ 69.212473, 41.2832026 ] ] ] } },
{ "type": "Feature", "properties": { "id": "way/546256384", "@timestamp": "2023-11-05T13:45:42", "Площадь": 0.38, "Туман": "Чилонзор" }, "geometry": { "type": "Polygon", "coordinates": [ [ [ 69.1942808, 41.2549839 ], [ 69.1944149, 41.2548985 ], [ 69.1945618, 41.2548246 ], [ 69.1947126, 41.2547507 ], [ 69.194871, 41.2546922 ], [ 69.1949936, 41.2546435 ], [ 69.1951291, 41.2546025 ], [ 69.1952668, 41.254569 ], [ 69.1954046, 41.2545374 ], [ 69.1955022, 41.2545701 ], [ 69.1954782, 41.2546073 ], [ 69.1954599, 41.2546591 ], [ 69.1954544, 41.2547013 ], [ 69.1955657, 41.2554852 ], [ 69.1955021, 41.2553608 ], [ 69.1954509, 41.2552966 ], [ 69.195385, 41.2552281 ], [ 69.1953082, 41.2551697 ], [ 69.1952282, 41.2551167 ], [ 69.1951406, 41.2550705 ], [ 69.1950472, 41.2550284 ], [ 69.1949462, 41.2549949 ], [ 69.1948463, 41.254971 ], [ 69.1947489, 41.2549548 ], [ 69.1946474, 41.2549446 ], [ 69.1945511, 41.2549422 ], [ 69.1944147, 41.2549573 ], [ 69.1942808, 41.2549839 ] ] ] } },
{ "type": "Feature", "properties": { "id": "way/546819249", "@timestamp": "2024-02-06T04:21:26", "Площадь": 0.03, "Туман": "Чилонзор" }, "geometry": { "type": "Polygon", "coordinates": [ [ [ 69.2238507, 41.2806596 ], [ 69.2237978, 41.2806101 ], [ 69.224239, 41.280343 ], [ 69.2242926, 41.2803925 ], [ 69.2239342, 41.2806091 ], [ 69.2238507, 41.2806596 ] ] ] } },
{ "type": "Feature", "properties": { "id": "way/546830827", "@timestamp": "2025-11-19T19:59:19", "Площадь": 0.17, "Туман": "Мирзо Улуғбек" }, "geometry": { "type": "Polygon", "coordinates": [ [ [ 69.2986241, 41.3247546 ], [ 69.2985184, 41.3243629 ], [ 69.2988311, 41.324343 ], [ 69.2988179, 41.3245371 ], [ 69.2989694, 41.3245902 ], [ 69.2991122, 41.3246357 ], [ 69.2992962, 41.3246878 ], [ 69.2992917, 41.3248224 ], [ 69.2991083, 41.3248168 ], [ 69.2990173, 41.3247385 ], [ 69.2987759, 41.3247345 ], [ 69.2987296, 41.3247949 ], [ 69.298656, 41.3247915 ], [ 69.2986241, 41.3247546 ] ] ] } },
{ "type": "Feature", "properties": { "id": "way/549272213", "@timestamp": "2017-12-27T06:17:22", "Площадь": 0.29, "Туман": "Учтепа" }, "geometry": { "type": "Polygon", "coordinates": [ [ [ 69.1722885, 41.2909813 ], [ 69.1729296, 41.2904622 ], [ 69.1732223, 41.290632 ], [ 69.1727365, 41.2912079 ], [ 69.1722885, 41.2909813 ] ] ] } },
{ "type": "Feature", "properties": { "id": "way/549784898", "@timestamp": "2017-12-29T19:33:04", "Площадь": 0.08, "Туман": "Олмазор" }, "geometry": { "type": "Polygon", "coordinates": [ [ [ 69.2080075, 41.3633357 ], [ 69.2080075, 41.3631183 ], [ 69.2084733, 41.3630986 ], [ 69.2084905, 41.363155 ], [ 69.2085125, 41.3632135 ], [ 69.2083339, 41.363223 ], [ 69.2083362, 41.3633328 ], [ 69.2080075, 41.3633357 ] ] ] } },
{ "type": "Feature", "properties": { "id": "way/551186466", "@timestamp": "2018-05-29T14:54:21", "Площадь": 0.16, "Туман": "Олмазор" }, "geometry": { "type": "Polygon", "coordinates": [ [ [ 69.17055, 41.3511478 ], [ 69.1709786, 41.3511448 ], [ 69.1711718, 41.3511435 ], [ 69.1711725, 41.35121 ], [ 69.1711686, 41.351422 ], [ 69.1705519, 41.3514222 ], [ 69.1705518, 41.3512918 ], [ 69.17055, 41.3511478 ] ] ] } },
{ "type": "Feature", "properties": { "id": "way/551186922", "@timestamp": "2018-01-06T05:29:31", "Площадь": 0.75, "Туман": "Олмазор" }, "geometry": { "type": "Polygon", "coordinates": [ [ [ 69.1724305, 41.3572954 ], [ 69.1731334, 41.356916 ], [ 69.1738901, 41.3576737 ], [ 69.1738489, 41.3576938 ], [ 69.1731973, 41.358046 ], [ 69.1724305, 41.3572954 ] ] ] } },
{ "type": "Feature", "properties": { "id": "way/551188256", "@timestamp": "2018-01-06T05:49:32", "Площадь": 0.06, "Туман": "Олмазор" }, "geometry": { "type": "Polygon", "coordinates": [ [ [ 69.188075, 41.3635934 ], [ 69.188087, 41.3635824 ], [ 69.1883168, 41.3633711 ], [ 69.1883704, 41.3633218 ], [ 69.1885105, 41.3634024 ], [ 69.1882116, 41.3636731 ], [ 69.188075, 41.3635934 ] ] ] } },
{ "type": "Feature", "properties": { "id": "way/551188261", "@timestamp": "2018-01-06T05:50:08", "Площадь": 0.04, "Туман": "Олмазор" }, "geometry": { "type": "Polygon", "coordinates": [ [ [ 69.1887487, 41.3631281 ], [ 69.1889667, 41.3631206 ], [ 69.1891783, 41.3631132 ], [ 69.1891853, 41.3632149 ], [ 69.1887533, 41.363228 ], [ 69.1887487, 41.3631281 ] ] ] } },
{ "type": "Feature", "properties": { "id": "way/551189175", "@timestamp": "2026-03-29T17:57:23", "Площадь": 0.17, "Туман": "Олмазор" }, "geometry": { "type": "Polygon", "coordinates": [ [ [ 69.2040051, 41.3633287 ], [ 69.2040845, 41.3632332 ], [ 69.2042336, 41.3632135 ], [ 69.2042394, 41.3636413 ], [ 69.2043362, 41.3637133 ], [ 69.2046561, 41.3637131 ], [ 69.2046599, 41.3638708 ], [ 69.2042237, 41.3638664 ], [ 69.2041746, 41.3638353 ], [ 69.2040966, 41.3637329 ], [ 69.2040661, 41.3636605 ], [ 69.2040051, 41.3633287 ] ] ] } },
{ "type": "Feature", "properties": { "id": "way/551190628", "@timestamp": "2026-02-12T23:36:19", "Площадь": 0.15, "Туман": "Олмазор" }, "geometry": { "type": "Polygon", "coordinates": [ [ [ 69.198761, 41.3559283 ], [ 69.1987827, 41.3559267 ], [ 69.1989151, 41.355926 ], [ 69.1989909, 41.3562998 ], [ 69.1993217, 41.3562975 ], [ 69.1993193, 41.3564129 ], [ 69.1989939, 41.356413 ], [ 69.1988717, 41.356413 ], [ 69.1988512, 41.3563611 ], [ 69.1987265, 41.3563677 ], [ 69.1986604, 41.3562162 ], [ 69.198594, 41.3560604 ], [ 69.1987766, 41.3560594 ], [ 69.198761, 41.3559283 ] ] ] } },
{ "type": "Feature", "properties": { "id": "way/551191185", "@timestamp": "2025-04-10T21:28:21", "Площадь": 0.35, "Туман": "Олмазор" }, "geometry": { "type": "Polygon", "coordinates": [ [ [ 69.2083872, 41.341654 ], [ 69.2085643, 41.3416192 ], [ 69.2086845, 41.3417579 ], [ 69.2089689, 41.3420204 ], [ 69.2092512, 41.341855 ], [ 69.2094353, 41.3417468 ], [ 69.2094852, 41.3417734 ], [ 69.2095974, 41.3418426 ], [ 69.2092857, 41.342049 ], [ 69.2092089, 41.3421998 ], [ 69.2090752, 41.3423079 ], [ 69.2089186, 41.3423303 ], [ 69.2086871, 41.3423634 ], [ 69.2083872, 41.341654 ] ] ] } },
{ "type": "Feature", "properties": { "id": "way/551191198", "@timestamp": "2025-04-10T22:10:16", "Площадь": 0.13, "Туман": "Олмазор" }, "geometry": { "type": "Polygon", "coordinates": [ [ [ 69.2054056, 41.3408785 ], [ 69.2051718, 41.3410063 ], [ 69.205124, 41.3409198 ], [ 69.2050806, 41.3408285 ], [ 69.2050682, 41.3407918 ], [ 69.2050557, 41.3407518 ], [ 69.2050513, 41.3407148 ], [ 69.2050532, 41.3406778 ], [ 69.2050631, 41.3406265 ], [ 69.2050816, 41.3405769 ], [ 69.2051047, 41.3405328 ], [ 69.2051407, 41.3404838 ], [ 69.2052674, 41.3403953 ], [ 69.2053329, 41.3404457 ], [ 69.2054381, 41.3405517 ], [ 69.2053895, 41.3405992 ], [ 69.2053624, 41.340631 ], [ 69.2053417, 41.3406676 ], [ 69.2053294, 41.3407021 ], [ 69.2053257, 41.3407415 ], [ 69.205329, 41.3407779 ], [ 69.2053363, 41.3408018 ], [ 69.2053495, 41.3408256 ], [ 69.2054056, 41.3408785 ] ] ] } },
{ "type": "Feature", "properties": { "id": "way/551197232", "@timestamp": "2018-08-10T04:55:47", "Площадь": 0.13, "Туман": "Шайхонтоҳур" }, "geometry": { "type": "Polygon", "coordinates": [ [ [ 69.1761813, 41.3415906 ], [ 69.1762812, 41.3415901 ], [ 69.176435, 41.3415905 ], [ 69.1764371, 41.3419752 ], [ 69.1766218, 41.3419747 ], [ 69.1766223, 41.3420805 ], [ 69.1762856, 41.3420806 ], [ 69.1761857, 41.3420811 ], [ 69.1761813, 41.3415906 ] ] ] } },
{ "type": "Feature", "properties": { "id": "way/551197235", "@timestamp": "2018-01-06T08:08:04", "Площадь": 0.05, "Туман": "Шайхонтоҳур" }, "geometry": { "type": "Polygon", "coordinates": [ [ [ 69.1761984, 41.3421207 ], [ 69.1766469, 41.3421244 ], [ 69.1766451, 41.3422487 ], [ 69.1761966, 41.342245 ], [ 69.1761984, 41.3421207 ] ] ] } },
{ "type": "Feature", "properties": { "id": "way/551197238", "@timestamp": "2018-01-06T08:08:04", "Площадь": 0.11, "Туман": "Шайхонтоҳур" }, "geometry": { "type": "Polygon", "coordinates": [ [ [ 69.1751667, 41.3416332 ], [ 69.1756313, 41.3416322 ], [ 69.1756297, 41.3418849 ], [ 69.1751737, 41.3418869 ], [ 69.1751737, 41.3418585 ], [ 69.1751667, 41.3416332 ] ] ] } },
{ "type": "Feature", "properties": { "id": "way/551197264", "@timestamp": "2019-04-10T13:29:33", "Площадь": 0.08, "Туман": "Олмазор" }, "geometry": { "type": "Polygon", "coordinates": [ [ [ 69.1775777, 41.3492042 ], [ 69.1779212, 41.3492743 ], [ 69.178052, 41.349301 ], [ 69.1782869, 41.3493489 ], [ 69.1783536, 41.3493618 ], [ 69.1783163, 41.3494598 ], [ 69.1775407, 41.3493019 ], [ 69.1775587, 41.3492545 ], [ 69.1775777, 41.3492042 ] ] ] } },
{ "type": "Feature", "properties": { "id": "way/551200117", "@timestamp": "2018-01-06T08:38:19", "Площадь": 0.05, "Туман": "Олмазор" }, "geometry": { "type": "Polygon", "coordinates": [ [ [ 69.2097835, 41.350027 ], [ 69.2096735, 41.3499673 ], [ 69.2099572, 41.3496725 ], [ 69.2100673, 41.3497323 ], [ 69.2097835, 41.350027 ] ] ] } },
{ "type": "Feature", "properties": { "id": "way/551200118", "@timestamp": "2018-01-06T08:38:19", "Площадь": 0.35, "Туман": "Олмазор" }, "geometry": { "type": "Polygon", "coordinates": [ [ [ 69.2058549, 41.3518185 ], [ 69.2058515, 41.3511184 ], [ 69.2066391, 41.3511417 ], [ 69.206151, 41.3518152 ], [ 69.2058549, 41.3518185 ] ] ] } },
{ "type": "Feature", "properties": { "id": "way/552362423", "@timestamp": "2025-11-16T20:15:20", "Площадь": 0.48, "Туман": "Чилонзор" }, "geometry": { "type": "Polygon", "coordinates": [ [ [ 69.2156596, 41.2780079 ], [ 69.215675, 41.2779064 ], [ 69.2158962, 41.2777494 ], [ 69.2159523, 41.2777096 ], [ 69.2159889, 41.2776836 ], [ 69.2160194, 41.2776923 ], [ 69.2160866, 41.2776975 ], [ 69.2172521, 41.2787323 ], [ 69.2170083, 41.2788886 ], [ 69.2162002, 41.2781995 ], [ 69.2161497, 41.2781564 ], [ 69.2160108, 41.278038 ], [ 69.2156596, 41.2780079 ] ] ] } },
{ "type": "Feature", "properties": { "id": "way/554019031", "@timestamp": "2018-01-18T13:57:59", "Площадь": 0.02, "Туман": "Шайхонтоҳур" }, "geometry": { "type": "Polygon", "coordinates": [ [ [ 69.190248, 41.3379315 ], [ 69.1902663, 41.3376849 ], [ 69.1903736, 41.3376798 ], [ 69.1903423, 41.337937 ], [ 69.190248, 41.3379315 ] ] ] } },
{ "type": "Feature", "properties": { "id": "way/555455801", "@timestamp": "2018-01-24T14:22:35", "Площадь": 0.21, "Туман": "Шайхонтоҳур" }, "geometry": { "type": "Polygon", "coordinates": [ [ [ 69.1873788, 41.3493359 ], [ 69.1867156, 41.3494069 ], [ 69.1866854, 41.349248 ], [ 69.1867866, 41.3492372 ], [ 69.1867714, 41.3491571 ], [ 69.1866744, 41.3491675 ], [ 69.1866541, 41.3490609 ], [ 69.1873132, 41.3489904 ], [ 69.1873788, 41.3493359 ] ] ] } },
{ "type": "Feature", "properties": { "id": "way/556014361", "@timestamp": "2025-01-06T06:57:25", "Площадь": 0.11, "Туман": "Шайхонтоҳур" }, "geometry": { "type": "Polygon", "coordinates": [ [ [ 69.1830858, 41.3273816 ], [ 69.1839476, 41.3273219 ], [ 69.1839638, 41.3274534 ], [ 69.183102, 41.3275131 ], [ 69.1830858, 41.3273816 ] ] ] } },
{ "type": "Feature", "properties": { "id": "way/556015220", "@timestamp": "2018-01-26T15:20:47", "Площадь": 0.05, "Туман": "Шайхонтоҳур" }, "geometry": { "type": "Polygon", "coordinates": [ [ [ 69.1966252, 41.3295293 ], [ 69.1963787, 41.3292848 ], [ 69.1965157, 41.329207 ], [ 69.1967621, 41.3294515 ], [ 69.1966252, 41.3295293 ] ] ] } },
{ "type": "Feature", "properties": { "id": "way/556015221", "@timestamp": "2018-01-26T15:20:47", "Площадь": 0.04, "Туман": "Шайхонтоҳур" }, "geometry": { "type": "Polygon", "coordinates": [ [ [ 69.1959856, 41.3288143 ], [ 69.1961812, 41.3287946 ], [ 69.1963613, 41.3289644 ], [ 69.196221, 41.3290458 ], [ 69.1959856, 41.3288143 ] ] ] } },
{ "type": "Feature", "properties": { "id": "way/556074388", "@timestamp": "2018-08-10T04:33:28", "Площадь": 0.09, "Туман": "Шайхонтоҳур" }, "geometry": { "type": "Polygon", "coordinates": [ [ [ 69.1755345, 41.3403111 ], [ 69.1753843, 41.3404379 ], [ 69.1751226, 41.3401094 ], [ 69.1750611, 41.3400322 ], [ 69.1751871, 41.3398982 ], [ 69.1755345, 41.3403111 ] ] ] } },
{ "type": "Feature", "properties": { "id": "way/556074437", "@timestamp": "2025-12-19T07:33:04", "Площадь": 0.01, "Туман": "Шайхонтоҳур" }, "geometry": { "type": "Polygon", "coordinates": [ [ [ 69.175831, 41.3425815 ], [ 69.1758314, 41.3423621 ], [ 69.1758852, 41.3423621 ], [ 69.1758849, 41.3425816 ], [ 69.175831, 41.3425815 ] ] ] } },
{ "type": "Feature", "properties": { "id": "way/556076985", "@timestamp": "2019-08-31T18:53:02", "Площадь": 0.14, "Туман": "Шайхонтоҳур" }, "geometry": { "type": "Polygon", "coordinates": [ [ [ 69.1779538, 41.3395684 ], [ 69.1776282, 41.3395202 ], [ 69.1776257, 41.339478 ], [ 69.1774923, 41.3393694 ], [ 69.1774917, 41.339205 ], [ 69.1780311, 41.3392056 ], [ 69.1779706, 41.3394863 ], [ 69.1779538, 41.3395684 ] ] ] } },
{ "type": "Feature", "properties": { "id": "way/556092149", "@timestamp": "2020-11-16T05:52:30", "Площадь": 0.26, "Туман": "Олмазор" }, "geometry": { "type": "Polygon", "coordinates": [ [ [ 69.1698344, 41.3485839 ], [ 69.1701204, 41.348579 ], [ 69.1701172, 41.3484749 ], [ 69.1702208, 41.3484689 ], [ 69.1703484, 41.3484633 ], [ 69.1703496, 41.3486597 ], [ 69.1703638, 41.3491347 ], [ 69.1701499, 41.3491383 ], [ 69.1701464, 41.3490234 ], [ 69.1698479, 41.3490285 ], [ 69.1698344, 41.3485839 ] ] ] } },
{ "type": "Feature", "properties": { "id": "way/556092150", "@timestamp": "2025-12-07T17:31:27", "Площадь": 0.17, "Туман": "Олмазор" }, "geometry": { "type": "Polygon", "coordinates": [ [ [ 69.1767193, 41.3490585 ], [ 69.1773465, 41.349179 ], [ 69.1773278, 41.3492347 ], [ 69.1775045, 41.3492711 ], [ 69.1774532, 41.3494219 ], [ 69.176767, 41.3492902 ], [ 69.1767227, 41.3494203 ], [ 69.1766604, 41.3494083 ], [ 69.1766037, 41.3493975 ], [ 69.1767193, 41.3490585 ] ] ] } },
{ "type": "Feature", "properties": { "id": "way/556222998", "@timestamp": "2024-10-11T18:27:09", "Площадь": 0.93, "Туман": "Яшнобод" }, "geometry": { "type": "Polygon", "coordinates": [ [ [ 69.3034042, 41.3040782 ], [ 69.3038649, 41.3038075 ], [ 69.3040882, 41.3036277 ], [ 69.3041664, 41.303592 ], [ 69.3042417, 41.3035749 ], [ 69.3044388, 41.3035591 ], [ 69.3047168, 41.3035424 ], [ 69.3049134, 41.3041052 ], [ 69.304637, 41.3042253 ], [ 69.3036654, 41.3046441 ], [ 69.3035667, 41.3046572 ], [ 69.3035324, 41.3046221 ], [ 69.3034042, 41.3040782 ] ] ] } },
{ "type": "Feature", "properties": { "id": "way/556689230", "@timestamp": "2018-01-29T08:42:25", "Площадь": 0.06, "Туман": "Олмазор" }, "geometry": { "type": "Polygon", "coordinates": [ [ [ 69.213464, 41.3357159 ], [ 69.2138974, 41.3354682 ], [ 69.2139931, 41.3355626 ], [ 69.2135598, 41.3358104 ], [ 69.213464, 41.3357159 ] ] ] } },
{ "type": "Feature", "properties": { "id": "way/556689944", "@timestamp": "2025-04-11T19:03:47", "Площадь": 0.12, "Туман": "Олмазор" }, "geometry": { "type": "Polygon", "coordinates": [ [ [ 69.2156025, 41.334529 ], [ 69.2163149, 41.3341196 ], [ 69.2164337, 41.334265 ], [ 69.2163171, 41.334314 ], [ 69.2161775, 41.3343566 ], [ 69.2161898, 41.3343861 ], [ 69.2160624, 41.3344196 ], [ 69.2160706, 41.3344497 ], [ 69.2157069, 41.3346321 ], [ 69.2156025, 41.334529 ] ] ] } },
{ "type": "Feature", "properties": { "id": "way/556691657", "@timestamp": "2018-01-29T08:57:58", "Площадь": 0.06, "Туман": "Олмазор" }, "geometry": { "type": "Polygon", "coordinates": [ [ [ 69.2167828, 41.3340113 ], [ 69.2171493, 41.3338064 ], [ 69.2172709, 41.3339291 ], [ 69.2169043, 41.3341339 ], [ 69.2167828, 41.3340113 ] ] ] } },
{ "type": "Feature", "properties": { "id": "way/556691667", "@timestamp": "2018-07-25T11:12:03", "Площадь": 0.06, "Туман": "Шайхонтоҳур" }, "geometry": { "type": "Polygon", "coordinates": [ [ [ 69.2128085, 41.3356385 ], [ 69.2135332, 41.335223 ], [ 69.2135553, 41.3352448 ], [ 69.2135929, 41.3352817 ], [ 69.2128681, 41.335697 ], [ 69.2128285, 41.3356582 ], [ 69.2128085, 41.3356385 ] ] ] } },
{ "type": "Feature", "properties": { "id": "way/556763302", "@timestamp": "2018-05-31T09:53:31", "Площадь": 0.09, "Туман": "Олмазор" }, "geometry": { "type": "Polygon", "coordinates": [ [ [ 69.1931425, 41.3584529 ], [ 69.1933126, 41.3583571 ], [ 69.1935377, 41.3585823 ], [ 69.1936741, 41.3585055 ], [ 69.1937422, 41.3585737 ], [ 69.1934356, 41.3587463 ], [ 69.1931425, 41.3584529 ] ] ] } },
{ "type": "Feature", "properties": { "id": "way/556771113", "@timestamp": "2018-01-29T14:36:43", "Площадь": 0.03, "Туман": "Шайхонтоҳур" }, "geometry": { "type": "Polygon", "coordinates": [ [ [ 69.197431, 41.3302493 ], [ 69.1975754, 41.3301625 ], [ 69.1977388, 41.3303158 ], [ 69.1975943, 41.3304026 ], [ 69.197431, 41.3302493 ] ] ] } },
{ "type": "Feature", "properties": { "id": "way/556775110", "@timestamp": "2025-10-20T18:30:14", "Площадь": 0.13, "Туман": "Шайхонтоҳур" }, "geometry": { "type": "Polygon", "coordinates": [ [ [ 69.2110148, 41.3224266 ], [ 69.2110204, 41.3224955 ], [ 69.2106779, 41.3225451 ], [ 69.2106881, 41.3227638 ], [ 69.2106912, 41.32283 ], [ 69.2107432, 41.3228298 ], [ 69.2107581, 41.3231523 ], [ 69.2107164, 41.3231524 ], [ 69.2104583, 41.322578 ], [ 69.2104443, 41.3225275 ], [ 69.2104507, 41.3224855 ], [ 69.210487, 41.3224546 ], [ 69.2105315, 41.3224405 ], [ 69.2110148, 41.3224266 ] ] ] } },
{ "type": "Feature", "properties": { "id": "way/558753566", "@timestamp": "2018-02-05T09:41:20", "Площадь": 0.02, "Туман": "Шайхонтоҳур" }, "geometry": { "type": "Polygon", "coordinates": [ [ [ 69.1773742, 41.343862 ], [ 69.1773759, 41.3438117 ], [ 69.1773357, 41.3438076 ], [ 69.1773759, 41.3436365 ], [ 69.1774345, 41.343634 ], [ 69.1774729, 41.3438694 ], [ 69.1773742, 41.343862 ] ] ] } },
{ "type": "Feature", "properties": { "id": "way/558800833", "@timestamp": "2018-02-05T12:45:01", "Площадь": 0.14, "Туман": "Миробод" }, "geometry": { "type": "Polygon", "coordinates": [ [ [ 69.2860164, 41.3019001 ], [ 69.2861437, 41.3017821 ], [ 69.2868965, 41.3022401 ], [ 69.2867693, 41.3023581 ], [ 69.2860164, 41.3019001 ] ] ] } },
{ "type": "Feature", "properties": { "id": "way/559682476", "@timestamp": "2018-02-08T08:54:20", "Площадь": 0.03, "Туман": "Шайхонтоҳур" }, "geometry": { "type": "Polygon", "coordinates": [ [ [ 69.2048563, 41.3373951 ], [ 69.2049481, 41.3373439 ], [ 69.2051665, 41.3375649 ], [ 69.2050747, 41.337616 ], [ 69.2048563, 41.3373951 ] ] ] } },
{ "type": "Feature", "properties": { "id": "way/560318017", "@timestamp": "2018-02-10T12:49:52", "Площадь": 0.02, "Туман": "Учтепа" }, "geometry": { "type": "Polygon", "coordinates": [ [ [ 69.1849522, 41.2859203 ], [ 69.1846595, 41.285639 ], [ 69.1847092, 41.2856083 ], [ 69.1850008, 41.2858905 ], [ 69.1849522, 41.2859203 ] ] ] } },
{ "type": "Feature", "properties": { "id": "way/564069607", "@timestamp": "2018-02-25T14:01:14", "Площадь": 0.09, "Туман": "Янгиҳает" }, "geometry": { "type": "Polygon", "coordinates": [ [ [ 69.2110128, 41.1972375 ], [ 69.2111608, 41.1969881 ], [ 69.211472, 41.1971334 ], [ 69.2113003, 41.1973776 ], [ 69.2110128, 41.1972375 ] ] ] } },
{ "type": "Feature", "properties": { "id": "way/564282758", "@timestamp": "2025-08-13T14:49:15", "Площадь": 0.27, "Туман": "Яшнобод" }, "geometry": { "type": "Polygon", "coordinates": [ [ [ 69.2994493, 41.3079158 ], [ 69.2994508, 41.3080373 ], [ 69.299453, 41.3080851 ], [ 69.299454, 41.3081155 ], [ 69.2994108, 41.3081168 ], [ 69.2985885, 41.3081341 ], [ 69.298563, 41.3081663 ], [ 69.2985353, 41.3081961 ], [ 69.2985619, 41.3088116 ], [ 69.2985644, 41.3088685 ], [ 69.2984348, 41.3088781 ], [ 69.2983968, 41.3081314 ], [ 69.2984088, 41.3079639 ], [ 69.2993878, 41.3079217 ], [ 69.2994493, 41.3079158 ] ] ] } },
{ "type": "Feature", "properties": { "id": "way/566573711", "@timestamp": "2018-03-05T08:30:48", "Площадь": 0.06, "Туман": "Учтепа" }, "geometry": { "type": "Polygon", "coordinates": [ [ [ 69.1790766, 41.3220071 ], [ 69.1791443, 41.3219131 ], [ 69.1796772, 41.3221157 ], [ 69.1796152, 41.3222077 ], [ 69.1793652, 41.3221155 ], [ 69.1790766, 41.3220071 ] ] ] } },
{ "type": "Feature", "properties": { "id": "way/567039088", "@timestamp": "2026-01-14T04:13:08", "Площадь": 0.4, "Туман": "Сергели" }, "geometry": { "type": "Polygon", "coordinates": [ [ [ 69.2169612, 41.240836 ], [ 69.2170083, 41.240792 ], [ 69.2167326, 41.2406289 ], [ 69.2170432, 41.2404199 ], [ 69.2180444, 41.2410223 ], [ 69.2178114, 41.2412426 ], [ 69.2176009, 41.2411264 ], [ 69.217557, 41.2411678 ], [ 69.2169612, 41.240836 ] ] ] } },
{ "type": "Feature", "properties": { "id": "way/568762466", "@timestamp": "2018-03-11T18:59:57", "Площадь": 0.05, "Туман": "Шайхонтоҳур" }, "geometry": { "type": "Polygon", "coordinates": [ [ [ 69.1676531, 41.3471804 ], [ 69.1677784, 41.3471849 ], [ 69.1677824, 41.3475698 ], [ 69.1676546, 41.3475717 ], [ 69.1676531, 41.3471804 ] ] ] } },
{ "type": "Feature", "properties": { "id": "way/568762478", "@timestamp": "2018-03-11T18:59:58", "Площадь": 0.11, "Туман": "Олмазор" }, "geometry": { "type": "Polygon", "coordinates": [ [ [ 69.1657869, 41.3489985 ], [ 69.1660426, 41.3489741 ], [ 69.16607, 41.3491361 ], [ 69.1662438, 41.3491195 ], [ 69.1662748, 41.3493027 ], [ 69.1658536, 41.3493428 ], [ 69.1657869, 41.3489985 ] ] ] } },
{ "type": "Feature", "properties": { "id": "way/568762923", "@timestamp": "2018-09-01T03:59:12", "Площадь": 0.04, "Туман": "Шайхонтоҳур" }, "geometry": { "type": "Polygon", "coordinates": [ [ [ 69.1660093, 41.3476369 ], [ 69.1660592, 41.3479234 ], [ 69.1659137, 41.3479377 ], [ 69.1658715, 41.3476954 ], [ 69.1658638, 41.3476512 ], [ 69.1660093, 41.3476369 ] ] ] } },
{ "type": "Feature", "properties": { "id": "way/579638194", "@timestamp": "2025-09-30T19:01:28", "Площадь": 0.07, "Туман": "Чилонзор" }, "geometry": { "type": "Polygon", "coordinates": [ [ [ 69.2049644, 41.2855987 ], [ 69.205083, 41.2855236 ], [ 69.205378, 41.285811 ], [ 69.2053403, 41.2858374 ], [ 69.2054668, 41.2859545 ], [ 69.2053758, 41.2860108 ], [ 69.2049644, 41.2855987 ] ] ] } },
{ "type": "Feature", "properties": { "id": "way/580236436", "@timestamp": "2025-09-30T23:08:39", "Площадь": 0.26, "Туман": "Яккасарой" }, "geometry": { "type": "Polygon", "coordinates": [ [ [ 69.2290753, 41.2665154 ], [ 69.2292219, 41.2666654 ], [ 69.2296386, 41.2671162 ], [ 69.2294589, 41.2671988 ], [ 69.2293393, 41.2670555 ], [ 69.2292872, 41.2669932 ], [ 69.2289335, 41.2670861 ], [ 69.228755, 41.2667381 ], [ 69.2287713, 41.2666254 ], [ 69.2290753, 41.2665154 ] ] ] } },
{ "type": "Feature", "properties": { "id": "way/586087775", "@timestamp": "2018-05-06T16:37:28", "Площадь": 0.11, "Туман": "Шайхонтоҳур" }, "geometry": { "type": "Polygon", "coordinates": [ [ [ 69.2084068, 41.3115538 ], [ 69.2085618, 41.3115371 ], [ 69.2085537, 41.3114948 ], [ 69.2091572, 41.3114263 ], [ 69.2091069, 41.3116237 ], [ 69.2084305, 41.311666 ], [ 69.2084068, 41.3115538 ] ] ] } },
{ "type": "Feature", "properties": { "id": "way/589238906", "@timestamp": "2018-05-18T13:16:43", "Площадь": 0.03, "Туман": "Чилонзор" }, "geometry": { "type": "Polygon", "coordinates": [ [ [ 69.2231708, 41.2896513 ], [ 69.2232749, 41.2897456 ], [ 69.2230527, 41.2898841 ], [ 69.2229941, 41.289831 ], [ 69.2229486, 41.2897898 ], [ 69.2231708, 41.2896513 ] ] ] } },
{ "type": "Feature", "properties": { "id": "way/590244453", "@timestamp": "2026-03-08T09:03:19", "Площадь": 0.22, "Туман": "Чилонзор" }, "geometry": { "type": "Polygon", "coordinates": [ [ [ 69.1970743, 41.2604753 ], [ 69.1971511, 41.2604418 ], [ 69.1972802, 41.2603971 ], [ 69.1977599, 41.2613834 ], [ 69.1977034, 41.2613961 ], [ 69.1977402, 41.2614842 ], [ 69.1976091, 41.2615184 ], [ 69.1970743, 41.2604753 ] ] ] } },
{ "type": "Feature", "properties": { "id": "way/590777898", "@timestamp": "2025-12-19T07:33:04", "Площадь": 0.01, "Туман": "Шайхонтоҳур" }, "geometry": { "type": "Polygon", "coordinates": [ [ [ 69.1772485, 41.3429744 ], [ 69.1773153, 41.3429686 ], [ 69.1773498, 41.3431915 ], [ 69.1772829, 41.3431973 ], [ 69.1772485, 41.3429744 ] ] ] } },
{ "type": "Feature", "properties": { "id": "way/590992219", "@timestamp": "2018-05-25T12:09:43", "Площадь": 0.03, "Туман": "Шайхонтоҳур" }, "geometry": { "type": "Polygon", "coordinates": [ [ [ 69.1727754, 41.3411433 ], [ 69.1727757, 41.341023 ], [ 69.1730221, 41.3410233 ], [ 69.1730219, 41.3411054 ], [ 69.1730218, 41.3411437 ], [ 69.1727754, 41.3411433 ] ] ] } },
{ "type": "Feature", "properties": { "id": "way/590992221", "@timestamp": "2018-08-18T21:02:23", "Площадь": 0.09, "Туман": "Шайхонтоҳур" }, "geometry": { "type": "Polygon", "coordinates": [ [ [ 69.1747969, 41.3426013 ], [ 69.1753675, 41.3426035 ], [ 69.1753635, 41.3427569 ], [ 69.1747358, 41.3427557 ], [ 69.1747379, 41.3426726 ], [ 69.1747969, 41.3426013 ] ] ] } },
{ "type": "Feature", "properties": { "id": "way/590996724", "@timestamp": "2018-05-25T12:29:11", "Площадь": 0.02, "Туман": "Олмазор" }, "geometry": { "type": "Polygon", "coordinates": [ [ [ 69.1746583, 41.3486132 ], [ 69.1749901, 41.3486854 ], [ 69.17496, 41.348747 ], [ 69.1746326, 41.348683 ], [ 69.1746583, 41.3486132 ] ] ] } },
{ "type": "Feature", "properties": { "id": "way/591000872", "@timestamp": "2018-05-25T12:49:25", "Площадь": 0.13, "Туман": "Олмазор" }, "geometry": { "type": "Polygon", "coordinates": [ [ [ 69.1778637, 41.3550047 ], [ 69.1784424, 41.3547358 ], [ 69.1785721, 41.3548916 ], [ 69.1780161, 41.3552031 ], [ 69.1778637, 41.3550047 ] ] ] } },
{ "type": "Feature", "properties": { "id": "way/591000916", "@timestamp": "2018-11-18T17:07:33", "Площадь": 0.06, "Туман": "Шайхонтоҳур" }, "geometry": { "type": "Polygon", "coordinates": [ [ [ 69.1888325, 41.3497932 ], [ 69.1889321, 41.3497842 ], [ 69.1889195, 41.349888 ], [ 69.1889153, 41.349915 ], [ 69.1882241, 41.3500028 ], [ 69.1882314, 41.3499151 ], [ 69.1887738, 41.3498528 ], [ 69.1888325, 41.3497932 ] ] ] } },
{ "type": "Feature", "properties": { "id": "way/591000917", "@timestamp": "2018-05-25T12:49:26", "Площадь": 0.02, "Туман": "Шайхонтоҳур" }, "geometry": { "type": "Polygon", "coordinates": [ [ [ 69.1878806, 41.3500224 ], [ 69.1878793, 41.3499142 ], [ 69.1880795, 41.3499128 ], [ 69.1880809, 41.350021 ], [ 69.1878806, 41.3500224 ] ] ] } },
{ "type": "Feature", "properties": { "id": "way/591818725", "@timestamp": "2018-05-29T12:54:21", "Площадь": 0.18, "Туман": "Олмазор" }, "geometry": { "type": "Polygon", "coordinates": [ [ [ 69.1739331, 41.3535887 ], [ 69.1726042, 41.3535893 ], [ 69.1726041, 41.3534449 ], [ 69.173933, 41.3534443 ], [ 69.1739331, 41.3535887 ] ] ] } },
{ "type": "Feature", "properties": { "id": "way/591823520", "@timestamp": "2023-08-30T07:22:21", "Площадь": 0.21, "Туман": "Олмазор" }, "geometry": { "type": "Polygon", "coordinates": [ [ [ 69.1672478, 41.3493744 ], [ 69.1676909, 41.3493576 ], [ 69.1676909, 41.3494372 ], [ 69.1676909, 41.3499374 ], [ 69.1673657, 41.3499619 ], [ 69.1672478, 41.3493744 ] ] ] } },
{ "type": "Feature", "properties": { "id": "way/591824990", "@timestamp": "2023-12-30T10:54:31", "Площадь": 0.61, "Туман": "Олмазор" }, "geometry": { "type": "Polygon", "coordinates": [ [ [ 69.1660144, 41.3500252 ], [ 69.1664585, 41.3499904 ], [ 69.1666149, 41.3505379 ], [ 69.1666906, 41.3508694 ], [ 69.1668595, 41.3514912 ], [ 69.1665059, 41.3515497 ], [ 69.1661977, 41.3506932 ], [ 69.1661299, 41.3505274 ], [ 69.1660144, 41.3500252 ] ] ] } },
{ "type": "Feature", "properties": { "id": "way/591838736", "@timestamp": "2018-05-29T14:01:43", "Площадь": 0.07, "Туман": "Олмазор" }, "geometry": { "type": "Polygon", "coordinates": [ [ [ 69.1671234, 41.3516109 ], [ 69.1670164, 41.3513735 ], [ 69.1673043, 41.3513004 ], [ 69.1674113, 41.3515378 ], [ 69.1671234, 41.3516109 ] ] ] } },
{ "type": "Feature", "properties": { "id": "way/591842041", "@timestamp": "2018-05-29T14:20:04", "Площадь": 0.07, "Туман": "Олмазор" }, "geometry": { "type": "Polygon", "coordinates": [ [ [ 69.1705149, 41.3502302 ], [ 69.170516, 41.3499842 ], [ 69.1705163, 41.3499241 ], [ 69.1706693, 41.3499239 ], [ 69.1708315, 41.3499237 ], [ 69.1708271, 41.3501096 ], [ 69.1705149, 41.3502302 ] ] ] } },
{ "type": "Feature", "properties": { "id": "way/591845294", "@timestamp": "2018-05-29T14:35:05", "Площадь": 0.13, "Туман": "Олмазор" }, "geometry": { "type": "Polygon", "coordinates": [ [ [ 69.1777156, 41.3499007 ], [ 69.17778, 41.3497203 ], [ 69.1782828, 41.3498184 ], [ 69.1782956, 41.3497905 ], [ 69.1783194, 41.3497385 ], [ 69.1782948, 41.3495211 ], [ 69.1783882, 41.3495257 ], [ 69.17839, 41.3499192 ], [ 69.1783925, 41.3499694 ], [ 69.1783537, 41.3499619 ], [ 69.17819, 41.3499295 ], [ 69.1781733, 41.3499881 ], [ 69.1777156, 41.3499007 ] ] ] } },
{ "type": "Feature", "properties": { "id": "way/591845301", "@timestamp": "2018-08-18T21:02:22", "Площадь": 0.04, "Туман": "Олмазор" }, "geometry": { "type": "Polygon", "coordinates": [ [ [ 69.170433, 41.348372 ], [ 69.1704904, 41.3483717 ], [ 69.1711056, 41.3483649 ], [ 69.1711683, 41.3483645 ], [ 69.171173, 41.3484187 ], [ 69.170433, 41.3484244 ], [ 69.170433, 41.348372 ] ] ] } },
{ "type": "Feature", "properties": { "id": "way/591845305", "@timestamp": "2018-05-29T14:35:06", "Площадь": 0.05, "Туман": "Олмазор" }, "geometry": { "type": "Polygon", "coordinates": [ [ [ 69.1721215, 41.3483945 ], [ 69.1726721, 41.3483903 ], [ 69.1726734, 41.3484883 ], [ 69.1721228, 41.3484925 ], [ 69.1721215, 41.3483945 ] ] ] } },
{ "type": "Feature", "properties": { "id": "way/591845310", "@timestamp": "2018-05-29T14:35:06", "Площадь": 0.03, "Туман": "Олмазор" }, "geometry": { "type": "Polygon", "coordinates": [ [ [ 69.1727332, 41.3483776 ], [ 69.1731445, 41.3483781 ], [ 69.1731443, 41.3484609 ], [ 69.172733, 41.3484605 ], [ 69.1727332, 41.3483776 ] ] ] } },
{ "type": "Feature", "properties": { "id": "way/591848426", "@timestamp": "2018-05-29T14:54:17", "Площадь": 0.07, "Туман": "Олмазор" }, "geometry": { "type": "Polygon", "coordinates": [ [ [ 69.1713353, 41.3483801 ], [ 69.1720514, 41.3483785 ], [ 69.1720519, 41.3484908 ], [ 69.1713357, 41.3484924 ], [ 69.1713353, 41.3483801 ] ] ] } },
{ "type": "Feature", "properties": { "id": "way/592032034", "@timestamp": "2018-05-30T08:53:53", "Площадь": 0.11, "Туман": "Олмазор" }, "geometry": { "type": "Polygon", "coordinates": [ [ [ 69.1757638, 41.3614811 ], [ 69.1759553, 41.3613125 ], [ 69.1762936, 41.3615289 ], [ 69.1760437, 41.3617489 ], [ 69.1758277, 41.3616107 ], [ 69.1758861, 41.3615593 ], [ 69.1757638, 41.3614811 ] ] ] } },
{ "type": "Feature", "properties": { "id": "way/592032038", "@timestamp": "2018-05-30T08:53:53", "Площадь": 0.05, "Туман": "Олмазор" }, "geometry": { "type": "Polygon", "coordinates": [ [ [ 69.1752183, 41.3612756 ], [ 69.1754687, 41.3610514 ], [ 69.1756017, 41.3611352 ], [ 69.1753513, 41.3613594 ], [ 69.1752183, 41.3612756 ] ] ] } },
{ "type": "Feature", "properties": { "id": "way/592275710", "@timestamp": "2018-05-31T07:24:07", "Площадь": 0.09, "Туман": "Шайхонтоҳур" }, "geometry": { "type": "Polygon", "coordinates": [ [ [ 69.1876716, 41.3502497 ], [ 69.1876724, 41.3501994 ], [ 69.1878684, 41.3501664 ], [ 69.1880875, 41.3501525 ], [ 69.1886644, 41.3501059 ], [ 69.1886912, 41.3501597 ], [ 69.1882627, 41.3502655 ], [ 69.1881606, 41.3502656 ], [ 69.1876716, 41.3502497 ] ] ] } },
{ "type": "Feature", "properties": { "id": "way/592299080", "@timestamp": "2026-03-09T16:51:05", "Площадь": 0.05, "Туман": "Шайхонтоҳур" }, "geometry": { "type": "Polygon", "coordinates": [ [ [ 69.2045227, 41.3457447 ], [ 69.2044484, 41.3455998 ], [ 69.2047295, 41.3455061 ], [ 69.2048138, 41.3456547 ], [ 69.2045227, 41.3457447 ] ] ] } },
{ "type": "Feature", "properties": { "id": "way/592324486", "@timestamp": "2018-05-31T09:53:29", "Площадь": 0.03, "Туман": "Олмазор" }, "geometry": { "type": "Polygon", "coordinates": [ [ [ 69.1928824, 41.3577722 ], [ 69.1929573, 41.357845 ], [ 69.1926773, 41.3579968 ], [ 69.1926064, 41.3579255 ], [ 69.1928824, 41.3577722 ] ] ] } },
{ "type": "Feature", "properties": { "id": "way/592362794", "@timestamp": "2025-06-27T03:21:47", "Площадь": 0.04, "Туман": "Олмазор" }, "geometry": { "type": "Polygon", "coordinates": [ [ [ 69.1896326, 41.3620029 ], [ 69.1895646, 41.361948 ], [ 69.19001, 41.3616353 ], [ 69.1900817, 41.3616826 ], [ 69.1896326, 41.3620029 ] ] ] } },
{ "type": "Feature", "properties": { "id": "way/592625556", "@timestamp": "2018-06-01T08:24:00", "Площадь": 0.06, "Туман": "Олмазор" }, "geometry": { "type": "Polygon", "coordinates": [ [ [ 69.1977832, 41.3551475 ], [ 69.1979438, 41.3555206 ], [ 69.1978982, 41.3555316 ], [ 69.1978393, 41.3555455 ], [ 69.1975745, 41.3552544 ], [ 69.1977832, 41.3551475 ] ] ] } },
{ "type": "Feature", "properties": { "id": "way/592629492", "@timestamp": "2026-03-29T17:57:23", "Площадь": 0.21, "Туман": "Олмазор" }, "geometry": { "type": "Polygon", "coordinates": [ [ [ 69.206521, 41.3571508 ], [ 69.2072658, 41.3563588 ], [ 69.2072925, 41.3563258 ], [ 69.2072812, 41.3563206 ], [ 69.2073328, 41.3562569 ], [ 69.2074398, 41.3563058 ], [ 69.2075215, 41.3563418 ], [ 69.2074361, 41.3564345 ], [ 69.2067442, 41.3571819 ], [ 69.206704, 41.3572199 ], [ 69.206682, 41.3572407 ], [ 69.2066612, 41.3572292 ], [ 69.206521, 41.3571508 ] ] ] } },
{ "type": "Feature", "properties": { "id": "way/592641753", "@timestamp": "2025-04-10T22:20:10", "Площадь": 0.06, "Туман": "Олмазор" }, "geometry": { "type": "Polygon", "coordinates": [ [ [ 69.208577, 41.3438727 ], [ 69.2090276, 41.3435489 ], [ 69.2097324, 41.3430312 ], [ 69.2097868, 41.3429913 ], [ 69.2098172, 41.3430202 ], [ 69.208606, 41.3439068 ], [ 69.208577, 41.3438727 ] ] ] } },
{ "type": "Feature", "properties": { "id": "way/592641766", "@timestamp": "2025-09-17T14:15:36", "Площадь": 0.17, "Туман": "Олмазор" }, "geometry": { "type": "Polygon", "coordinates": [ [ [ 69.2095974, 41.3418426 ], [ 69.2097205, 41.3417686 ], [ 69.2104527, 41.3425217 ], [ 69.2098197, 41.343002 ], [ 69.2097425, 41.3429497 ], [ 69.2103133, 41.3425216 ], [ 69.2099676, 41.3421954 ], [ 69.2099669, 41.3421947 ], [ 69.2095974, 41.3418426 ] ] ] } },
{ "type": "Feature", "properties": { "id": "way/593731306", "@timestamp": "2018-06-04T10:36:28", "Площадь": 0.16, "Туман": "Олмазор" }, "geometry": { "type": "Polygon", "coordinates": [ [ [ 69.1658605, 41.3493788 ], [ 69.1663215, 41.3493316 ], [ 69.1663946, 41.3497339 ], [ 69.1659239, 41.349706 ], [ 69.1658605, 41.3493788 ] ] ] } },
{ "type": "Feature", "properties": { "id": "way/596515479", "@timestamp": "2018-06-11T13:24:24", "Площадь": 0.06, "Туман": "Миробод" }, "geometry": { "type": "Polygon", "coordinates": [ [ [ 69.2796859, 41.3094236 ], [ 69.279592, 41.3090247 ], [ 69.2797414, 41.3090049 ], [ 69.2798352, 41.3094038 ], [ 69.2796859, 41.3094236 ] ] ] } },
{ "type": "Feature", "properties": { "id": "way/597890051", "@timestamp": "2026-04-01T10:31:28", "Площадь": 0.17, "Туман": "Чилонзор" }, "geometry": { "type": "Polygon", "coordinates": [ [ [ 69.2124921, 41.2833057 ], [ 69.2127194, 41.2832403 ], [ 69.2134034, 41.283831 ], [ 69.2132325, 41.2839371 ], [ 69.2124921, 41.2833057 ] ] ] } },
{ "type": "Feature", "properties": { "id": "way/598274798", "@timestamp": "2026-02-11T17:42:19", "Площадь": 0.06, "Туман": "Юнусобод" }, "geometry": { "type": "Polygon", "coordinates": [ [ [ 69.2807325, 41.3391191 ], [ 69.2806138, 41.3389827 ], [ 69.2809671, 41.3388092 ], [ 69.2810859, 41.3389456 ], [ 69.280835, 41.3390701 ], [ 69.2807325, 41.3391191 ] ] ] } },
{ "type": "Feature", "properties": { "id": "way/598534156", "@timestamp": "2020-11-20T14:32:23", "Площадь": 0.13, "Туман": "Яккасарой" }, "geometry": { "type": "Polygon", "coordinates": [ [ [ 69.2651534, 41.3089994 ], [ 69.2652195, 41.3093491 ], [ 69.265351, 41.309723 ], [ 69.2651475, 41.3097682 ], [ 69.2649726, 41.3091727 ], [ 69.2651534, 41.3089994 ] ] ] } },
{ "type": "Feature", "properties": { "id": "way/598534159", "@timestamp": "2025-08-07T14:00:10", "Площадь": 0.27, "Туман": "Яккасарой" }, "geometry": { "type": "Polygon", "coordinates": [ [ [ 69.2644868, 41.3094582 ], [ 69.2649726, 41.3091727 ], [ 69.2651475, 41.3097682 ], [ 69.2645998, 41.3098793 ], [ 69.2645907, 41.3098455 ], [ 69.2644868, 41.3094582 ] ] ] } },
{ "type": "Feature", "properties": { "id": "way/598786860", "@timestamp": "2024-06-11T21:36:31", "Площадь": 0.42, "Туман": "Мирзо Улуғбек" }, "geometry": { "type": "Polygon", "coordinates": [ [ [ 69.3911578, 41.3549174 ], [ 69.391239, 41.3548144 ], [ 69.3924352, 41.3553238 ], [ 69.392159, 41.355662 ], [ 69.3915635, 41.3554345 ], [ 69.3912883, 41.3550293 ], [ 69.3911578, 41.3549174 ] ] ] } },
{ "type": "Feature", "properties": { "id": "way/601689960", "@timestamp": "2026-02-11T20:40:23", "Площадь": 0.09, "Туман": "Олмазор" }, "geometry": { "type": "Polygon", "coordinates": [ [ [ 69.2079044, 41.3503556 ], [ 69.2080295, 41.3502803 ], [ 69.208182, 41.3502658 ], [ 69.2083213, 41.3503812 ], [ 69.2080916, 41.3506261 ], [ 69.2080201, 41.3505516 ], [ 69.2079429, 41.3505761 ], [ 69.2078577, 41.3503888 ], [ 69.2079044, 41.3503556 ] ] ] } },
{ "type": "Feature", "properties": { "id": "way/601700355", "@timestamp": "2018-06-25T12:33:33", "Площадь": 0.08, "Туман": "Олмазор" }, "geometry": { "type": "Polygon", "coordinates": [ [ [ 69.2087573, 41.350032 ], [ 69.2088913, 41.3498839 ], [ 69.209383, 41.3501135 ], [ 69.2090675, 41.3501792 ], [ 69.2087573, 41.350032 ] ] ] } },
{ "type": "Feature", "properties": { "id": "way/601999127", "@timestamp": "2026-02-13T00:05:39", "Площадь": 0.22, "Туман": "Мирзо Улуғбек" }, "geometry": { "type": "Polygon", "coordinates": [ [ [ 69.2961551, 41.3071621 ], [ 69.2962821, 41.307146 ], [ 69.2967449, 41.3072484 ], [ 69.2967363, 41.3072672 ], [ 69.2966678, 41.3073424 ], [ 69.2963759, 41.3077441 ], [ 69.2962337, 41.3077105 ], [ 69.2961998, 41.3077025 ], [ 69.2961766, 41.307697 ], [ 69.296135, 41.3076872 ], [ 69.2961338, 41.3076869 ], [ 69.2961342, 41.307676 ], [ 69.2961517, 41.3072413 ], [ 69.2961551, 41.3071621 ] ] ] } },
{ "type": "Feature", "properties": { "id": "way/602121935", "@timestamp": "2025-10-18T01:07:47", "Площадь": 2.64, "Туман": "Сергели" }, "geometry": { "type": "Polygon", "coordinates": [ [ [ 69.2114108, 41.2332814 ], [ 69.210822, 41.2330544 ], [ 69.2118817, 41.231537 ], [ 69.2134028, 41.2293731 ], [ 69.2137877, 41.2295326 ], [ 69.2147976, 41.2281011 ], [ 69.2148382, 41.2281173 ], [ 69.215049, 41.2278086 ], [ 69.215112, 41.22783 ], [ 69.2161371, 41.228196 ], [ 69.2160693, 41.2282996 ], [ 69.2151467, 41.2279652 ], [ 69.2149053, 41.2283142 ], [ 69.2147954, 41.2282715 ], [ 69.2146975, 41.2283981 ], [ 69.2146689, 41.2283976 ], [ 69.2144928, 41.2286628 ], [ 69.2130858, 41.230675 ], [ 69.2130701, 41.2306671 ], [ 69.2124939, 41.2314838 ], [ 69.2116889, 41.2327172 ], [ 69.2122194, 41.2329215 ], [ 69.2119316, 41.2333365 ], [ 69.2114984, 41.2331677 ], [ 69.2114108, 41.2332814 ] ] ] } },
{ "type": "Feature", "properties": { "id": "way/602450251", "@timestamp": "2025-12-22T14:41:32", "Площадь": 0.13, "Туман": "Шайхонтоҳур" }, "geometry": { "type": "Polygon", "coordinates": [ [ [ 69.2463718, 41.3265932 ], [ 69.2464734, 41.3265404 ], [ 69.2467799, 41.3268371 ], [ 69.2471047, 41.3271741 ], [ 69.2473216, 41.3273992 ], [ 69.2471773, 41.3274167 ], [ 69.2466509, 41.3268779 ], [ 69.2463718, 41.3265932 ] ] ] } },
{ "type": "Feature", "properties": { "id": "way/602450253", "@timestamp": "2025-12-22T14:41:32", "Площадь": 0.18, "Туман": "Шайхонтоҳур" }, "geometry": { "type": "Polygon", "coordinates": [ [ [ 69.2463718, 41.3265932 ], [ 69.2451055, 41.3253389 ], [ 69.245208, 41.3252857 ], [ 69.2453034, 41.3253914 ], [ 69.2459585, 41.3260258 ], [ 69.2464734, 41.3265404 ], [ 69.2463718, 41.3265932 ] ] ] } },
{ "type": "Feature", "properties": { "id": "way/602450255", "@timestamp": "2022-05-10T21:11:27", "Площадь": 0.14, "Туман": "Шайхонтоҳур" }, "geometry": { "type": "Polygon", "coordinates": [ [ [ 69.2451055, 41.3253389 ], [ 69.2447254, 41.3249173 ], [ 69.2443962, 41.3244881 ], [ 69.2442025, 41.3242398 ], [ 69.244275, 41.3242048 ], [ 69.2449862, 41.3250303 ], [ 69.245208, 41.3252857 ], [ 69.2451055, 41.3253389 ] ] ] } },
{ "type": "Feature", "properties": { "id": "way/602667451", "@timestamp": "2022-04-25T12:10:17", "Площадь": 0.17, "Туман": "Олмазор" }, "geometry": { "type": "Polygon", "coordinates": [ [ [ 69.2461636, 41.328938 ], [ 69.2462825, 41.3290462 ], [ 69.2453375, 41.3296663 ], [ 69.2452093, 41.3295543 ], [ 69.2461636, 41.328938 ] ] ] } },
{ "type": "Feature", "properties": { "id": "way/602896006", "@timestamp": "2018-06-28T08:20:03", "Площадь": 0.1, "Туман": "Чилонзор" }, "geometry": { "type": "Polygon", "coordinates": [ [ [ 69.2226201, 41.2935601 ], [ 69.2227819, 41.2934564 ], [ 69.2228942, 41.2935531 ], [ 69.2228495, 41.2935806 ], [ 69.2232642, 41.2939685 ], [ 69.2231434, 41.2940554 ], [ 69.2226201, 41.2935601 ] ] ] } },
{ "type": "Feature", "properties": { "id": "way/602900166", "@timestamp": "2018-06-28T08:39:24", "Площадь": 0.09, "Туман": "Чилонзор" }, "geometry": { "type": "Polygon", "coordinates": [ [ [ 69.2267694, 41.286691 ], [ 69.2265793, 41.2865165 ], [ 69.2269289, 41.2863013 ], [ 69.2271188, 41.2864756 ], [ 69.2267694, 41.286691 ] ] ] } },
{ "type": "Feature", "properties": { "id": "way/603950487", "@timestamp": "2024-02-05T16:41:22", "Площадь": 0.11, "Туман": "Чилонзор" }, "geometry": { "type": "Polygon", "coordinates": [ [ [ 69.2222954, 41.2795584 ], [ 69.2223166, 41.2795696 ], [ 69.2226348, 41.2798402 ], [ 69.2224257, 41.279971 ], [ 69.2221515, 41.279771 ], [ 69.2220741, 41.2798312 ], [ 69.2220755, 41.2798327 ], [ 69.2219845, 41.279821 ], [ 69.2222677, 41.2795367 ], [ 69.2222954, 41.2795584 ] ] ] } },
{ "type": "Feature", "properties": { "id": "way/604238372", "@timestamp": "2022-04-17T14:09:02", "Площадь": 0.15, "Туман": "Юнусобод" }, "geometry": { "type": "Polygon", "coordinates": [ [ [ 69.2725008, 41.370141 ], [ 69.2727693, 41.3700099 ], [ 69.2731645, 41.3704196 ], [ 69.2729019, 41.3705519 ], [ 69.2727184, 41.3703639 ], [ 69.2725008, 41.370141 ] ] ] } },
{ "type": "Feature", "properties": { "id": "way/604255973", "@timestamp": "2018-07-02T13:34:23", "Площадь": 0.05, "Туман": "Шайхонтоҳур" }, "geometry": { "type": "Polygon", "coordinates": [ [ [ 69.2484295, 41.3225497 ], [ 69.2483941, 41.322191 ], [ 69.2485331, 41.3221854 ], [ 69.2485695, 41.3225413 ], [ 69.2484295, 41.3225497 ] ] ] } },
{ "type": "Feature", "properties": { "id": "way/604255974", "@timestamp": "2019-04-11T09:23:11", "Площадь": 0.04, "Туман": "Шайхонтоҳур" }, "geometry": { "type": "Polygon", "coordinates": [ [ [ 69.2484295, 41.3225497 ], [ 69.2485695, 41.3225413 ], [ 69.248599, 41.3228075 ], [ 69.2484432, 41.3228197 ], [ 69.2484402, 41.3227592 ], [ 69.2484295, 41.3225497 ] ] ] } },
{ "type": "Feature", "properties": { "id": "way/604620395", "@timestamp": "2025-06-19T13:24:49", "Площадь": 0.19, "Туман": "Чилонзор" }, "geometry": { "type": "Polygon", "coordinates": [ [ [ 69.2550945, 41.3072289 ], [ 69.2555615, 41.3070745 ], [ 69.2559024, 41.3073306 ], [ 69.2553514, 41.3075078 ], [ 69.2550394, 41.3073537 ], [ 69.2550945, 41.3072289 ] ] ] } },
{ "type": "Feature", "properties": { "id": "way/604901511", "@timestamp": "2018-07-04T08:47:13", "Площадь": 0.17, "Туман": "Шайхонтоҳур" }, "geometry": { "type": "Polygon", "coordinates": [ [ [ 69.2339015, 41.321518 ], [ 69.2331907, 41.3219551 ], [ 69.232834, 41.3219309 ], [ 69.2335421, 41.3214837 ], [ 69.2339015, 41.321518 ] ] ] } },
{ "type": "Feature", "properties": { "id": "way/606293258", "@timestamp": "2019-03-23T07:36:40", "Площадь": 0.22, "Туман": "Олмазор" }, "geometry": { "type": "Polygon", "coordinates": [ [ [ 69.219488, 41.3539227 ], [ 69.2195539, 41.3544463 ], [ 69.2196325, 41.3550714 ], [ 69.2194321, 41.3550856 ], [ 69.2192872, 41.353937 ], [ 69.219488, 41.3539227 ] ] ] } },
{ "type": "Feature", "properties": { "id": "way/606977333", "@timestamp": "2018-07-11T08:37:40", "Площадь": 0.04, "Туман": "Олмазор" }, "geometry": { "type": "Polygon", "coordinates": [ [ [ 69.1927401, 41.3580025 ], [ 69.192869, 41.3581288 ], [ 69.192915, 41.3581737 ], [ 69.1931001, 41.358355 ], [ 69.1930314, 41.3583945 ], [ 69.1928461, 41.358213 ], [ 69.1926715, 41.358042 ], [ 69.1927401, 41.3580025 ] ] ] } },
{ "type": "Feature", "properties": { "id": "way/606984323", "@timestamp": "2018-07-11T08:51:52", "Площадь": 0.03, "Туман": "Шайхонтоҳур" }, "geometry": { "type": "Polygon", "coordinates": [ [ [ 69.1723489, 41.3416208 ], [ 69.1723479, 41.3415134 ], [ 69.1726734, 41.3415099 ], [ 69.1726748, 41.3416195 ], [ 69.1724406, 41.3416205 ], [ 69.1723489, 41.3416208 ] ] ] } },
{ "type": "Feature", "properties": { "id": "way/606984348", "@timestamp": "2025-07-24T08:41:15", "Площадь": 0.07, "Туман": "Шайхонтоҳур" }, "geometry": { "type": "Polygon", "coordinates": [ [ [ 69.1738754, 41.3414537 ], [ 69.1738776, 41.3413598 ], [ 69.1738786, 41.341318 ], [ 69.174377, 41.341425 ], [ 69.1743848, 41.3417265 ], [ 69.1742829, 41.3417179 ], [ 69.1742782, 41.3414952 ], [ 69.1738754, 41.3414537 ] ] ] } },
{ "type": "Feature", "properties": { "id": "way/607238332", "@timestamp": "2018-07-12T05:29:27", "Площадь": 0.13, "Туман": "Яшнобод" }, "geometry": { "type": "Polygon", "coordinates": [ [ [ 69.3204528, 41.3145953 ], [ 69.320308, 41.3140997 ], [ 69.3208605, 41.3139224 ], [ 69.3208498, 41.314132 ], [ 69.3206084, 41.3141682 ], [ 69.3205333, 41.3142851 ], [ 69.3205011, 41.3143898 ], [ 69.3205494, 41.3145631 ], [ 69.3204528, 41.3145953 ] ] ] } },
{ "type": "Feature", "properties": { "id": "way/607633413", "@timestamp": "2018-07-13T08:47:28", "Площадь": 0.06, "Туман": "Чилонзор" }, "geometry": { "type": "Polygon", "coordinates": [ [ [ 69.2257713, 41.2872855 ], [ 69.2256928, 41.2872504 ], [ 69.225634, 41.2871694 ], [ 69.2258184, 41.286989 ], [ 69.2260379, 41.2871253 ], [ 69.2257713, 41.2872855 ] ] ] } },
{ "type": "Feature", "properties": { "id": "way/608574994", "@timestamp": "2018-07-17T09:08:31", "Площадь": 0.07, "Туман": "Чилонзор" }, "geometry": { "type": "Polygon", "coordinates": [ [ [ 69.2250632, 41.2919961 ], [ 69.2251929, 41.291915 ], [ 69.2255494, 41.2922367 ], [ 69.2254197, 41.2923179 ], [ 69.2250632, 41.2919961 ] ] ] } },
{ "type": "Feature", "properties": { "id": "way/608574998", "@timestamp": "2026-03-21T08:35:21", "Площадь": 0.05, "Туман": "Чилонзор" }, "geometry": { "type": "Polygon", "coordinates": [ [ [ 69.2246181, 41.2926223 ], [ 69.2247183, 41.2925616 ], [ 69.225062, 41.2928819 ], [ 69.2249619, 41.2929425 ], [ 69.2246181, 41.2926223 ] ] ] } },
{ "type": "Feature", "properties": { "id": "way/608901128", "@timestamp": "2025-06-09T16:42:50", "Площадь": 0.03, "Туман": "Чилонзор" }, "geometry": { "type": "Polygon", "coordinates": [ [ [ 69.2235428, 41.2839741 ], [ 69.2235824, 41.2840092 ], [ 69.2230841, 41.2843264 ], [ 69.2230444, 41.2842913 ], [ 69.2235428, 41.2839741 ] ] ] } },
{ "type": "Feature", "properties": { "id": "way/611124049", "@timestamp": "2018-09-28T09:33:34", "Площадь": 0.21, "Туман": "Миробод" }, "geometry": { "type": "Polygon", "coordinates": [ [ [ 69.2749396, 41.3100652 ], [ 69.2750953, 41.3100235 ], [ 69.2757645, 41.3098443 ], [ 69.2758473, 41.3100353 ], [ 69.2751728, 41.310211 ], [ 69.2752422, 41.3103569 ], [ 69.2750102, 41.3104203 ], [ 69.2749568, 41.3103063 ], [ 69.274793, 41.3103453 ], [ 69.2747607, 41.3102687 ], [ 69.2750066, 41.3102103 ], [ 69.2749396, 41.3100652 ] ] ] } },
{ "type": "Feature", "properties": { "id": "way/613719365", "@timestamp": "2018-08-03T08:18:37", "Площадь": 0.1, "Туман": "Чилонзор" }, "geometry": { "type": "Polygon", "coordinates": [ [ [ 69.2278651, 41.2864918 ], [ 69.2280022, 41.286407 ], [ 69.2279011, 41.2863146 ], [ 69.2279303, 41.2862959 ], [ 69.2279723, 41.286268 ], [ 69.2284364, 41.286688 ], [ 69.2283582, 41.2867331 ], [ 69.2282515, 41.2866355 ], [ 69.2281147, 41.2867199 ], [ 69.2278651, 41.2864918 ] ] ] } },
{ "type": "Feature", "properties": { "id": "way/613720355", "@timestamp": "2018-08-03T08:21:52", "Площадь": 0.01, "Туман": "Чилонзор" }, "geometry": { "type": "Polygon", "coordinates": [ [ [ 69.2242357, 41.2848828 ], [ 69.2241644, 41.2849621 ], [ 69.2240931, 41.2850414 ], [ 69.2240715, 41.2850674 ], [ 69.2240623, 41.2850795 ], [ 69.2240087, 41.2850573 ], [ 69.2241064, 41.2849275 ], [ 69.2241986, 41.2848524 ], [ 69.2242357, 41.2848828 ] ] ] } },
{ "type": "Feature", "properties": { "id": "way/614367054", "@timestamp": "2018-08-06T05:10:10", "Площадь": 0.03, "Туман": "Шайхонтоҳур" }, "geometry": { "type": "Polygon", "coordinates": [ [ [ 69.2044745, 41.3422874 ], [ 69.2044143, 41.3421793 ], [ 69.2046263, 41.3421098 ], [ 69.2046888, 41.3422172 ], [ 69.2044745, 41.3422874 ] ] ] } },
{ "type": "Feature", "properties": { "id": "way/615475453", "@timestamp": "2018-08-09T08:56:19", "Площадь": 0.02, "Туман": "Чилонзор" }, "geometry": { "type": "Polygon", "coordinates": [ [ [ 69.2272047, 41.2799542 ], [ 69.2272679, 41.2799145 ], [ 69.2274489, 41.2800772 ], [ 69.2273856, 41.2801169 ], [ 69.2272047, 41.2799542 ] ] ] } },
{ "type": "Feature", "properties": { "id": "way/615542189", "@timestamp": "2018-08-09T13:45:25", "Площадь": 0.05, "Туман": "Шайхонтоҳур" }, "geometry": { "type": "Polygon", "coordinates": [ [ [ 69.2653387, 41.3363346 ], [ 69.2654002, 41.3361669 ], [ 69.2652864, 41.3361258 ], [ 69.2651735, 41.3360912 ], [ 69.2651813, 41.3360606 ], [ 69.2653244, 41.3360939 ], [ 69.2653643, 41.3360481 ], [ 69.2656173, 41.336294 ], [ 69.265593, 41.3363786 ], [ 69.2653387, 41.3363346 ] ] ] } },
{ "type": "Feature", "properties": { "id": "way/617173568", "@timestamp": "2026-03-04T11:34:41", "Площадь": 1.11, "Туман": "Шайхонтоҳур" }, "geometry": { "type": "Polygon", "coordinates": [ [ [ 69.2345946, 41.3239446 ], [ 69.2345537, 41.3238961 ], [ 69.2347148, 41.3237988 ], [ 69.2348799, 41.3237177 ], [ 69.2349673, 41.3236728 ], [ 69.2353745, 41.3234695 ], [ 69.2354283, 41.3234384 ], [ 69.2356066, 41.3236649 ], [ 69.2359537, 41.3246482 ], [ 69.2360692, 41.3251121 ], [ 69.2360143, 41.3250989 ], [ 69.2358644, 41.3250629 ], [ 69.2356776, 41.325014 ], [ 69.2354643, 41.3249364 ], [ 69.2352954, 41.3248458 ], [ 69.2352759, 41.3248337 ], [ 69.2351503, 41.3247556 ], [ 69.2350334, 41.324608 ], [ 69.2349789, 41.324456 ], [ 69.2350048, 41.3243664 ], [ 69.2351786, 41.3241841 ], [ 69.2351572, 41.3241131 ], [ 69.2350648, 41.3240859 ], [ 69.2350133, 41.3240391 ], [ 69.2348611, 41.3240827 ], [ 69.2347752, 41.3241264 ], [ 69.2345946, 41.3239446 ] ] ] } },
{ "type": "Feature", "properties": { "id": "way/617228217", "@timestamp": "2025-10-26T21:18:31", "Площадь": 0.16, "Туман": "Шайхонтоҳур" }, "geometry": { "type": "Polygon", "coordinates": [ [ [ 69.23407, 41.3272384 ], [ 69.2340551, 41.3272239 ], [ 69.2336949, 41.3268602 ], [ 69.2336994, 41.3268172 ], [ 69.2339534, 41.3266852 ], [ 69.2343278, 41.3270932 ], [ 69.234289, 41.327115 ], [ 69.2342605, 41.3271311 ], [ 69.234138, 41.3272001 ], [ 69.23407, 41.3272384 ] ] ] } },
{ "type": "Feature", "properties": { "id": "way/617240520", "@timestamp": "2024-01-20T04:04:05", "Площадь": 0.11, "Туман": "Шайхонтоҳур" }, "geometry": { "type": "Polygon", "coordinates": [ [ [ 69.2385311, 41.3211757 ], [ 69.2385144, 41.3211299 ], [ 69.2384752, 41.3211341 ], [ 69.238446, 41.321039 ], [ 69.238354, 41.3210418 ], [ 69.238333, 41.320919 ], [ 69.2387619, 41.3208965 ], [ 69.2389579, 41.3211585 ], [ 69.2385311, 41.3211757 ] ] ] } },
{ "type": "Feature", "properties": { "id": "way/617245000", "@timestamp": "2025-04-11T19:03:47", "Площадь": 0.21, "Туман": "Шайхонтоҳур" }, "geometry": { "type": "Polygon", "coordinates": [ [ [ 69.1947736, 41.3264202 ], [ 69.1947851, 41.3263661 ], [ 69.1953234, 41.3261944 ], [ 69.1955417, 41.3264515 ], [ 69.1950118, 41.3267242 ], [ 69.1949589, 41.326657 ], [ 69.1947693, 41.3264538 ], [ 69.1947736, 41.3264202 ] ] ] } },
{ "type": "Feature", "properties": { "id": "way/617246135", "@timestamp": "2018-08-15T19:22:05", "Площадь": 0.07, "Туман": "Шайхонтоҳур" }, "geometry": { "type": "Polygon", "coordinates": [ [ [ 69.1935745, 41.3225882 ], [ 69.193576, 41.3228359 ], [ 69.1935763, 41.3228908 ], [ 69.1933336, 41.3228893 ], [ 69.1933275, 41.3226112 ], [ 69.1934099, 41.3225682 ], [ 69.1935744, 41.3225623 ], [ 69.1935745, 41.3225882 ] ] ] } },
{ "type": "Feature", "properties": { "id": "way/617474049", "@timestamp": "2018-08-16T19:22:28", "Площадь": 0.16, "Туман": "Яккасарой" }, "geometry": { "type": "Polygon", "coordinates": [ [ [ 69.2238924, 41.2603508 ], [ 69.2240489, 41.2599825 ], [ 69.2243803, 41.2600696 ], [ 69.2243884, 41.2601307 ], [ 69.2243945, 41.2602362 ], [ 69.224366, 41.2604853 ], [ 69.2243173, 41.2604714 ], [ 69.2238924, 41.2603508 ] ] ] } },
{ "type": "Feature", "properties": { "id": "way/617531779", "@timestamp": "2018-08-17T04:01:45", "Площадь": 0.05, "Туман": "Олмазор" }, "geometry": { "type": "Polygon", "coordinates": [ [ [ 69.2229517, 41.3305185 ], [ 69.22286, 41.330424 ], [ 69.2230614, 41.3303212 ], [ 69.223283, 41.3304448 ], [ 69.2230086, 41.3305811 ], [ 69.2229517, 41.3305185 ] ] ] } },
{ "type": "Feature", "properties": { "id": "way/617531780", "@timestamp": "2025-04-10T18:06:15", "Площадь": 0.32, "Туман": "Шайхонтоҳур" }, "geometry": { "type": "Polygon", "coordinates": [ [ [ 69.2250547, 41.3281786 ], [ 69.2256332, 41.3278612 ], [ 69.2258433, 41.3279415 ], [ 69.2261232, 41.3278782 ], [ 69.2262189, 41.3279733 ], [ 69.2252694, 41.3285144 ], [ 69.2251755, 41.3284215 ], [ 69.2252494, 41.3283755 ], [ 69.2250547, 41.3281786 ] ] ] } },
{ "type": "Feature", "properties": { "id": "way/617539734", "@timestamp": "2018-08-17T04:33:06", "Площадь": 0.02, "Туман": "Олмазор" }, "geometry": { "type": "Polygon", "coordinates": [ [ [ 69.2257787, 41.3385522 ], [ 69.2259246, 41.3384014 ], [ 69.2260145, 41.3384505 ], [ 69.2258686, 41.3386013 ], [ 69.2257787, 41.3385522 ] ] ] } },
{ "type": "Feature", "properties": { "id": "way/617876178", "@timestamp": "2018-08-18T20:30:42", "Площадь": 0.04, "Туман": "Шайхонтоҳур" }, "geometry": { "type": "Polygon", "coordinates": [ [ [ 69.1703776, 41.3405265 ], [ 69.1703766, 41.3403382 ], [ 69.1705841, 41.3403375 ], [ 69.1705852, 41.3405258 ], [ 69.1703776, 41.3405265 ] ] ] } },
{ "type": "Feature", "properties": { "id": "way/619137839", "@timestamp": "2018-08-23T10:16:25", "Площадь": 0.14, "Туман": "Юнусобод" }, "geometry": { "type": "Polygon", "coordinates": [ [ [ 69.2679029, 41.3200568 ], [ 69.2679822, 41.3200342 ], [ 69.268221, 41.3206161 ], [ 69.2683641, 41.320964 ], [ 69.2682708, 41.3209856 ], [ 69.2682202, 41.320995 ], [ 69.2678232, 41.320075 ], [ 69.2679029, 41.3200568 ] ] ] } },
{ "type": "Feature", "properties": { "id": "way/619161776", "@timestamp": "2024-12-12T14:42:20", "Площадь": 0.06, "Туман": "Юнусобод" }, "geometry": { "type": "Polygon", "coordinates": [ [ [ 69.2728159, 41.3296433 ], [ 69.2731718, 41.3293776 ], [ 69.2731817, 41.3294558 ], [ 69.2731368, 41.3296747 ], [ 69.2730839, 41.3296659 ], [ 69.2730102, 41.3296587 ], [ 69.2730291, 41.3297425 ], [ 69.272955, 41.3297449 ], [ 69.2729327, 41.3297076 ], [ 69.2728159, 41.3296433 ] ] ] } },
{ "type": "Feature", "properties": { "id": "way/619161777", "@timestamp": "2024-11-15T21:30:50", "Площадь": 0.09, "Туман": "Юнусобод" }, "geometry": { "type": "Polygon", "coordinates": [ [ [ 69.2739671, 41.3286279 ], [ 69.2738847, 41.3286668 ], [ 69.2738963, 41.3286814 ], [ 69.2734417, 41.3288974 ], [ 69.2733393, 41.3289514 ], [ 69.2732394, 41.3290078 ], [ 69.2731437, 41.3290652 ], [ 69.2730537, 41.329125 ], [ 69.2729708, 41.3290374 ], [ 69.2739189, 41.3285643 ], [ 69.2739671, 41.3286279 ] ] ] } },
{ "type": "Feature", "properties": { "id": "way/622618397", "@timestamp": "2018-09-04T07:36:05", "Площадь": 0.24, "Туман": "Чилонзор" }, "geometry": { "type": "Polygon", "coordinates": [ [ [ 69.2488866, 41.3013869 ], [ 69.2490137, 41.301043 ], [ 69.2494064, 41.3012253 ], [ 69.2493506, 41.3013629 ], [ 69.2500693, 41.3015738 ], [ 69.2501066, 41.3015879 ], [ 69.2501389, 41.3016114 ], [ 69.2501651, 41.3016428 ], [ 69.2501745, 41.3016742 ], [ 69.2501515, 41.301726 ], [ 69.2501512, 41.3017305 ], [ 69.2488866, 41.3013869 ] ] ] } },
{ "type": "Feature", "properties": { "id": "way/624121220", "@timestamp": "2025-12-23T14:59:17", "Площадь": 0.24, "Туман": "Мирзо Улуғбек" }, "geometry": { "type": "Polygon", "coordinates": [ [ [ 69.3006887, 41.3193965 ], [ 69.3005367, 41.3194798 ], [ 69.3004923, 41.3194108 ], [ 69.3002516, 41.3195107 ], [ 69.2999855, 41.3193989 ], [ 69.2998905, 41.3195012 ], [ 69.2992443, 41.3192205 ], [ 69.299244, 41.3192021 ], [ 69.2995155, 41.3192268 ], [ 69.2997575, 41.3192441 ], [ 69.2997976, 41.3193606 ], [ 69.3005209, 41.3191491 ], [ 69.3007014, 41.3191253 ], [ 69.3007394, 41.3191539 ], [ 69.3007964, 41.3191967 ], [ 69.3006634, 41.3192633 ], [ 69.3006096, 41.3193014 ], [ 69.3007081, 41.3193849 ], [ 69.3006887, 41.3193965 ] ] ] } },
{ "type": "Feature", "properties": { "id": "way/625208254", "@timestamp": "2021-08-19T17:20:49", "Площадь": 0.02, "Туман": "Мирзо Улуғбек" }, "geometry": { "type": "Polygon", "coordinates": [ [ [ 69.3280029, 41.3163488 ], [ 69.3280404, 41.3162074 ], [ 69.3281572, 41.3162189 ], [ 69.3281197, 41.3163603 ], [ 69.3280029, 41.3163488 ] ] ] } },
{ "type": "Feature", "properties": { "id": "way/626013123", "@timestamp": "2024-01-13T16:21:01", "Площадь": 0.02, "Туман": "Чилонзор" }, "geometry": { "type": "Polygon", "coordinates": [ [ [ 69.2109752, 41.2917115 ], [ 69.2110068, 41.2917425 ], [ 69.2106712, 41.2919431 ], [ 69.210594, 41.2919873 ], [ 69.2105223, 41.2920251 ], [ 69.2104615, 41.2920571 ], [ 69.2104345, 41.2920268 ], [ 69.210496, 41.291995 ], [ 69.2105692, 41.2919554 ], [ 69.2106402, 41.2919135 ], [ 69.2109752, 41.2917115 ] ] ] } },
{ "type": "Feature", "properties": { "id": "way/626277622", "@timestamp": "2018-09-17T20:36:21", "Площадь": 0.03, "Туман": "Олмазор" }, "geometry": { "type": "Polygon", "coordinates": [ [ [ 69.2034177, 41.3620924 ], [ 69.2034251, 41.3618576 ], [ 69.203544, 41.3618597 ], [ 69.2035365, 41.3620945 ], [ 69.203476, 41.3620934 ], [ 69.2034177, 41.3620924 ] ] ] } },
{ "type": "Feature", "properties": { "id": "way/626277624", "@timestamp": "2026-03-29T17:57:23", "Площадь": 0.18, "Туман": "Олмазор" }, "geometry": { "type": "Polygon", "coordinates": [ [ [ 69.2045915, 41.3604718 ], [ 69.2042063, 41.3609212 ], [ 69.2041335, 41.3610187 ], [ 69.2040762, 41.3616766 ], [ 69.203982, 41.3616619 ], [ 69.2040461, 41.3609734 ], [ 69.2040896, 41.3608675 ], [ 69.2041314, 41.3607535 ], [ 69.2043738, 41.3603896 ], [ 69.2046229, 41.3604312 ], [ 69.2045915, 41.3604718 ] ] ] } },
{ "type": "Feature", "properties": { "id": "way/626315411", "@timestamp": "2018-09-18T03:01:52", "Площадь": 0.02, "Туман": "Шайхонтоҳур" }, "geometry": { "type": "Polygon", "coordinates": [ [ [ 69.2047923, 41.341728 ], [ 69.2049232, 41.3416888 ], [ 69.2049913, 41.3418173 ], [ 69.2049656, 41.341826 ], [ 69.2048648, 41.3418602 ], [ 69.2047923, 41.341728 ] ] ] } },
{ "type": "Feature", "properties": { "id": "way/626315811", "@timestamp": "2019-07-17T05:26:48", "Площадь": 0.04, "Туман": "Шайхонтоҳур" }, "geometry": { "type": "Polygon", "coordinates": [ [ [ 69.2052006, 41.3398369 ], [ 69.2048625, 41.3400208 ], [ 69.2047554, 41.3400818 ], [ 69.2046951, 41.3400207 ], [ 69.2048075, 41.3399581 ], [ 69.2051409, 41.3397755 ], [ 69.2052006, 41.3398369 ] ] ] } },
{ "type": "Feature", "properties": { "id": "way/626626635", "@timestamp": "2026-03-16T18:50:07", "Площадь": 0.33, "Туман": "Чилонзор" }, "geometry": { "type": "Polygon", "coordinates": [ [ [ 69.2167288, 41.2855842 ], [ 69.21682, 41.2855288 ], [ 69.2169259, 41.2854666 ], [ 69.2170747, 41.2856014 ], [ 69.2175405, 41.2860234 ], [ 69.2176209, 41.2860962 ], [ 69.217652, 41.2861244 ], [ 69.2178683, 41.2863204 ], [ 69.2180654, 41.2864989 ], [ 69.2181395, 41.286566 ], [ 69.2180312, 41.2866287 ], [ 69.2179375, 41.2866778 ], [ 69.2167288, 41.2855842 ] ] ] } },
{ "type": "Feature", "properties": { "id": "way/626671557", "@timestamp": "2025-11-21T20:13:54", "Площадь": 0.18, "Туман": "Миробод" }, "geometry": { "type": "Polygon", "coordinates": [ [ [ 69.3194826, 41.2562559 ], [ 69.3197139, 41.2558741 ], [ 69.3198024, 41.2559031 ], [ 69.31998, 41.2559681 ], [ 69.320021, 41.2560133 ], [ 69.3200451, 41.2560614 ], [ 69.3200572, 41.2561231 ], [ 69.3200525, 41.2561803 ], [ 69.3199381, 41.2564032 ], [ 69.3194826, 41.2562559 ] ] ] } },
{ "type": "Feature", "properties": { "id": "way/626835792", "@timestamp": "2026-01-28T15:07:03", "Площадь": 0.34, "Туман": "Учтепа" }, "geometry": { "type": "Polygon", "coordinates": [ [ [ 69.1484788, 41.2630324 ], [ 69.14908, 41.2620991 ], [ 69.1493772, 41.2616639 ], [ 69.1495847, 41.2617553 ], [ 69.1493917, 41.2620473 ], [ 69.1486909, 41.2631051 ], [ 69.1486175, 41.2630824 ], [ 69.1485743, 41.263069 ], [ 69.1485411, 41.2630563 ], [ 69.1484788, 41.2630324 ] ] ] } },
{ "type": "Feature", "properties": { "id": "way/626880954", "@timestamp": "2026-03-14T19:17:48", "Площадь": 0.24, "Туман": "Юнусобод" }, "geometry": { "type": "Polygon", "coordinates": [ [ [ 69.2741109, 41.3263056 ], [ 69.2739483, 41.3257452 ], [ 69.2748929, 41.325579 ], [ 69.2749333, 41.3257608 ], [ 69.2741716, 41.325891 ], [ 69.2742363, 41.3261732 ], [ 69.274359, 41.3261752 ], [ 69.2743946, 41.326291 ], [ 69.2742833, 41.3263137 ], [ 69.2741109, 41.3263056 ] ] ] } },
{ "type": "Feature", "properties": { "id": "way/627526368", "@timestamp": "2026-07-01T20:13:28", "Площадь": 0.33, "Туман": "Чилонзор" }, "geometry": { "type": "Polygon", "coordinates": [ [ [ 69.2057396, 41.2892355 ], [ 69.2057949, 41.2891532 ], [ 69.2058017, 41.289077 ], [ 69.2059402, 41.2889384 ], [ 69.2060122, 41.2888663 ], [ 69.20636, 41.2885979 ], [ 69.2064928, 41.2886856 ], [ 69.2065268, 41.288658 ], [ 69.2065666, 41.2886835 ], [ 69.2067652, 41.2885026 ], [ 69.2068683, 41.2883991 ], [ 69.2068991, 41.2883687 ], [ 69.2069364, 41.2883987 ], [ 69.2069418, 41.2884093 ], [ 69.2069443, 41.2884198 ], [ 69.2069459, 41.2884306 ], [ 69.2069461, 41.2884417 ], [ 69.2069453, 41.2884525 ], [ 69.2069422, 41.2884634 ], [ 69.2069373, 41.2884741 ], [ 69.2069304, 41.2884851 ], [ 69.2069209, 41.2884962 ], [ 69.206911, 41.2885064 ], [ 69.2068894, 41.288526 ], [ 69.2068959, 41.2885338 ], [ 69.2070967, 41.2884368 ], [ 69.2071159, 41.2884534 ], [ 69.2071307, 41.288473 ], [ 69.2068324, 41.2886402 ], [ 69.2068732, 41.2886806 ], [ 69.2066086, 41.2888223 ], [ 69.2065536, 41.2887767 ], [ 69.2062203, 41.2889908 ], [ 69.2059559, 41.2892566 ], [ 69.2060077, 41.2892827 ], [ 69.2057608, 41.2895144 ], [ 69.2058652, 41.2895648 ], [ 69.2058178, 41.2896294 ], [ 69.2055798, 41.2895647 ], [ 69.2056516, 41.2894926 ], [ 69.2057076, 41.2894241 ], [ 69.2057311, 41.2893827 ], [ 69.205799, 41.2892945 ], [ 69.2057396, 41.2892355 ] ] ] } },
{ "type": "Feature", "properties": { "id": "way/627556644", "@timestamp": "2023-12-26T21:30:50", "Площадь": 0.09, "Туман": "Чилонзор" }, "geometry": { "type": "Polygon", "coordinates": [ [ [ 69.2080634, 41.2889572 ], [ 69.2078023, 41.2891105 ], [ 69.2075721, 41.2888891 ], [ 69.2078277, 41.2887372 ], [ 69.2080634, 41.2889572 ] ] ] } },
{ "type": "Feature", "properties": { "id": "way/627720826", "@timestamp": "2018-09-24T07:41:47", "Площадь": 0.07, "Туман": "Чилонзор" }, "geometry": { "type": "Polygon", "coordinates": [ [ [ 69.2132718, 41.2929897 ], [ 69.2135593, 41.2932447 ], [ 69.2134747, 41.2932964 ], [ 69.213394, 41.2933458 ], [ 69.2131101, 41.2930917 ], [ 69.2132718, 41.2929897 ] ] ] } },
{ "type": "Feature", "properties": { "id": "way/627768641", "@timestamp": "2018-09-24T11:10:03", "Площадь": 0.02, "Туман": "Мирзо Улуғбек" }, "geometry": { "type": "Polygon", "coordinates": [ [ [ 69.2920904, 41.3127072 ], [ 69.2921099, 41.3126567 ], [ 69.292313, 41.312523 ], [ 69.292409, 41.3124854 ], [ 69.292329, 41.3126159 ], [ 69.2920904, 41.3127072 ] ] ] } },
{ "type": "Feature", "properties": { "id": "way/627776984", "@timestamp": "2025-11-26T17:03:12", "Площадь": 0.03, "Туман": "Юнусобод" }, "geometry": { "type": "Polygon", "coordinates": [ [ [ 69.2853351, 41.3661489 ], [ 69.2853836, 41.3661734 ], [ 69.2855976, 41.3659994 ], [ 69.2856518, 41.3659135 ], [ 69.285686, 41.3659664 ], [ 69.2856922, 41.3660027 ], [ 69.2854523, 41.3662226 ], [ 69.2853161, 41.3661988 ], [ 69.2853351, 41.3661489 ] ] ] } },
{ "type": "Feature", "properties": { "id": "way/628550478", "@timestamp": "2018-09-27T12:01:12", "Площадь": 0.11, "Туман": "Юнусобод" }, "geometry": { "type": "Polygon", "coordinates": [ [ [ 69.2899748, 41.3634516 ], [ 69.2901669, 41.3630917 ], [ 69.2904642, 41.363212 ], [ 69.290243, 41.3635573 ], [ 69.2899748, 41.3634516 ] ] ] } },
{ "type": "Feature", "properties": { "id": "way/628550479", "@timestamp": "2018-10-28T11:49:05", "Площадь": 0.07, "Туман": "Юнусобод" }, "geometry": { "type": "Polygon", "coordinates": [ [ [ 69.2901665, 41.3630913 ], [ 69.290019, 41.3628658 ], [ 69.2901032, 41.3628259 ], [ 69.2901933, 41.3627833 ], [ 69.2904642, 41.363212 ], [ 69.2901665, 41.3630913 ] ] ] } },
{ "type": "Feature", "properties": { "id": "way/628550492", "@timestamp": "2024-02-19T08:32:37", "Площадь": 0.3, "Туман": "Юнусобод" }, "geometry": { "type": "Polygon", "coordinates": [ [ [ 69.2883298, 41.3452799 ], [ 69.2882388, 41.3450308 ], [ 69.2881469, 41.3446171 ], [ 69.2890131, 41.3449481 ], [ 69.2888662, 41.3451753 ], [ 69.2883298, 41.3452799 ] ] ] } },
{ "type": "Feature", "properties": { "id": "way/628637038", "@timestamp": "2018-09-28T08:38:44", "Площадь": 0.01, "Туман": "Юнусобод" }, "geometry": { "type": "Polygon", "coordinates": [ [ [ 69.2805894, 41.3515056 ], [ 69.2805883, 41.3514586 ], [ 69.2807081, 41.351457 ], [ 69.2808146, 41.3514556 ], [ 69.2808157, 41.3515025 ], [ 69.2805894, 41.3515056 ] ] ] } },
{ "type": "Feature", "properties": { "id": "way/628637039", "@timestamp": "2025-10-05T15:32:28", "Площадь": 0.03, "Туман": "Юнусобод" }, "geometry": { "type": "Polygon", "coordinates": [ [ [ 69.2862246, 41.3513585 ], [ 69.2862233, 41.3513009 ], [ 69.2868563, 41.3512929 ], [ 69.2868107, 41.3513512 ], [ 69.2862246, 41.3513585 ] ] ] } },
{ "type": "Feature", "properties": { "id": "way/628648606", "@timestamp": "2018-09-27T19:27:47", "Площадь": 0.06, "Туман": "Миробод" }, "geometry": { "type": "Polygon", "coordinates": [ [ [ 69.2789912, 41.2979587 ], [ 69.2790146, 41.2979745 ], [ 69.2790449, 41.2979949 ], [ 69.2788035, 41.2982166 ], [ 69.2788678, 41.2982599 ], [ 69.2786036, 41.2984977 ], [ 69.2784883, 41.2984232 ], [ 69.2789912, 41.2979587 ] ] ] } },
{ "type": "Feature", "properties": { "id": "way/628665431", "@timestamp": "2021-09-22T12:04:32", "Площадь": 0.23, "Туман": "Юнусобод" }, "geometry": { "type": "Polygon", "coordinates": [ [ [ 69.2881437, 41.3559677 ], [ 69.2882452, 41.3559582 ], [ 69.2882001, 41.3557034 ], [ 69.2882355, 41.3556963 ], [ 69.2882226, 41.3556247 ], [ 69.2883855, 41.3556066 ], [ 69.2885295, 41.3564094 ], [ 69.2883711, 41.3564671 ], [ 69.2878865, 41.3562798 ], [ 69.2878838, 41.3562379 ], [ 69.2881061, 41.3562396 ], [ 69.288177, 41.3561885 ], [ 69.2881437, 41.3559677 ] ] ] } },
{ "type": "Feature", "properties": { "id": "way/628705923", "@timestamp": "2024-12-10T15:18:49", "Площадь": 0.03, "Туман": "Шайхонтоҳур" }, "geometry": { "type": "Polygon", "coordinates": [ [ [ 69.2516613, 41.3237885 ], [ 69.2515541, 41.3238399 ], [ 69.2514582, 41.323846 ], [ 69.2514357, 41.3236789 ], [ 69.2516459, 41.3236658 ], [ 69.2516613, 41.3237885 ] ] ] } },
{ "type": "Feature", "properties": { "id": "way/628761965", "@timestamp": "2018-09-28T08:38:39", "Площадь": 0.04, "Туман": "Юнусобод" }, "geometry": { "type": "Polygon", "coordinates": [ [ [ 69.2879911, 41.355458 ], [ 69.2879458, 41.3551709 ], [ 69.2880982, 41.3551573 ], [ 69.2881434, 41.3554445 ], [ 69.2879911, 41.355458 ] ] ] } },
{ "type": "Feature", "properties": { "id": "way/628761968", "@timestamp": "2026-01-11T21:59:40", "Площадь": 0.03, "Туман": "Юнусобод" }, "geometry": { "type": "Polygon", "coordinates": [ [ [ 69.2895508, 41.360985 ], [ 69.2895894, 41.3606479 ], [ 69.2896971, 41.3606677 ], [ 69.2896898, 41.3607378 ], [ 69.2896632, 41.3609921 ], [ 69.2895508, 41.360985 ] ] ] } },
{ "type": "Feature", "properties": { "id": "way/628761984", "@timestamp": "2018-09-28T08:38:40", "Площадь": 0.09, "Туман": "Юнусобод" }, "geometry": { "type": "Polygon", "coordinates": [ [ [ 69.304855, 41.3547848 ], [ 69.3049463, 41.3545948 ], [ 69.3053948, 41.354711 ], [ 69.3053333, 41.3548961 ], [ 69.304855, 41.3547848 ] ] ] } },
{ "type": "Feature", "properties": { "id": "way/628770108", "@timestamp": "2018-09-28T09:32:41", "Площадь": 0.02, "Туман": "Юнусобод" }, "geometry": { "type": "Polygon", "coordinates": [ [ [ 69.2888369, 41.3627706 ], [ 69.2889584, 41.3625003 ], [ 69.2890372, 41.3625247 ], [ 69.288903, 41.3627811 ], [ 69.2888369, 41.3627706 ] ] ] } },
{ "type": "Feature", "properties": { "id": "way/628774486", "@timestamp": "2024-10-14T21:28:15", "Площадь": 0.55, "Туман": "Юнусобод" }, "geometry": { "type": "Polygon", "coordinates": [ [ [ 69.285856, 41.3189703 ], [ 69.2856662, 41.3182225 ], [ 69.2861739, 41.3181958 ], [ 69.2864262, 41.3188859 ], [ 69.2866799, 41.3188423 ], [ 69.2867353, 41.3190829 ], [ 69.286515, 41.3191056 ], [ 69.2864825, 41.3190101 ], [ 69.286049, 41.3190678 ], [ 69.28605, 41.3191158 ], [ 69.2855454, 41.3191766 ], [ 69.2855119, 41.3190184 ], [ 69.285856, 41.3189703 ] ] ] } },
{ "type": "Feature", "properties": { "id": "way/628955665", "@timestamp": "2018-09-29T06:58:37", "Площадь": 0.01, "Туман": "Юнусобод" }, "geometry": { "type": "Polygon", "coordinates": [ [ [ 69.2899623, 41.3196877 ], [ 69.2899382, 41.319587 ], [ 69.2900599, 41.3195734 ], [ 69.290083, 41.3196716 ], [ 69.2899623, 41.3196877 ] ] ] } },
{ "type": "Feature", "properties": { "id": "way/630172935", "@timestamp": "2023-06-24T09:11:48", "Площадь": 0.02, "Туман": "Чилонзор" }, "geometry": { "type": "Polygon", "coordinates": [ [ [ 69.2107606, 41.2918329 ], [ 69.2106931, 41.2917691 ], [ 69.2109009, 41.2916401 ], [ 69.2109695, 41.2917074 ], [ 69.2107606, 41.2918329 ] ] ] } },
{ "type": "Feature", "properties": { "id": "way/630479460", "@timestamp": "2018-10-04T08:03:27", "Площадь": 0.13, "Туман": "Бектемир" }, "geometry": { "type": "Polygon", "coordinates": [ [ [ 69.3238673, 41.2250294 ], [ 69.3240376, 41.2248599 ], [ 69.3244902, 41.2252684 ], [ 69.3242884, 41.2253955 ], [ 69.3238673, 41.2250294 ] ] ] } },
{ "type": "Feature", "properties": { "id": "way/631119212", "@timestamp": "2026-02-11T20:40:23", "Площадь": 0.05, "Туман": "Олмазор" }, "geometry": { "type": "Polygon", "coordinates": [ [ [ 69.2115545, 41.3472865 ], [ 69.2113995, 41.347403 ], [ 69.2113119, 41.3474046 ], [ 69.2113774, 41.3473523 ], [ 69.2113773, 41.3471155 ], [ 69.2115635, 41.3471154 ], [ 69.2116255, 41.3471138 ], [ 69.2115545, 41.3472865 ] ] ] } },
{ "type": "Feature", "properties": { "id": "way/632249197", "@timestamp": "2018-10-09T17:05:32", "Площадь": 0.18, "Туман": "Мирзо Улуғбек" }, "geometry": { "type": "Polygon", "coordinates": [ [ [ 69.2830615, 41.3122719 ], [ 69.2832679, 41.3119701 ], [ 69.2837403, 41.3121264 ], [ 69.2835389, 41.3124656 ], [ 69.2834944, 41.3124501 ], [ 69.2830615, 41.3122719 ] ] ] } },
{ "type": "Feature", "properties": { "id": "way/632763850", "@timestamp": "2026-02-21T20:18:44", "Площадь": 0.05, "Туман": "Чилонзор" }, "geometry": { "type": "Polygon", "coordinates": [ [ [ 69.2103144, 41.2922652 ], [ 69.2103485, 41.2922479 ], [ 69.2105153, 41.292162 ], [ 69.2105116, 41.2921644 ], [ 69.2105051, 41.29217 ], [ 69.2105031, 41.2921726 ], [ 69.2105007, 41.2921761 ], [ 69.2104995, 41.2921791 ], [ 69.2104986, 41.2921825 ], [ 69.2104984, 41.2921865 ], [ 69.2104989, 41.2921897 ], [ 69.2105001, 41.2921933 ], [ 69.2105017, 41.292197 ], [ 69.2105039, 41.2922006 ], [ 69.2105144, 41.2922111 ], [ 69.2106637, 41.2923614 ], [ 69.2104898, 41.2924581 ], [ 69.2104554, 41.2924759 ], [ 69.2103908, 41.2923686 ], [ 69.2103144, 41.2922652 ] ] ] } },
{ "type": "Feature", "properties": { "id": "way/632926895", "@timestamp": "2018-10-11T13:19:17", "Площадь": 0.14, "Туман": "Учтепа" }, "geometry": { "type": "Polygon", "coordinates": [ [ [ 69.1793635, 41.3119653 ], [ 69.1792887, 41.3121684 ], [ 69.1787439, 41.3120551 ], [ 69.1786132, 41.3120279 ], [ 69.1786881, 41.3118248 ], [ 69.1793635, 41.3119653 ] ] ] } },
{ "type": "Feature", "properties": { "id": "way/633825822", "@timestamp": "2025-10-11T18:59:01", "Площадь": 0.8, "Туман": "Юнусобод" }, "geometry": { "type": "Polygon", "coordinates": [ [ [ 69.2775058, 41.3152394 ], [ 69.2775257, 41.3152384 ], [ 69.2783223, 41.3151965 ], [ 69.2786921, 41.3151294 ], [ 69.2789481, 41.3150875 ], [ 69.2790166, 41.3152412 ], [ 69.2783882, 41.3153797 ], [ 69.27702, 41.3157081 ], [ 69.2763143, 41.3158708 ], [ 69.2761689, 41.3159065 ], [ 69.2760167, 41.3155805 ], [ 69.276358, 41.3154968 ], [ 69.2764007, 41.3154853 ], [ 69.2768383, 41.3153827 ], [ 69.2768898, 41.3153719 ], [ 69.2769243, 41.315363 ], [ 69.2775058, 41.3152394 ] ] ] } },
{ "type": "Feature", "properties": { "id": "way/634963481", "@timestamp": "2018-10-16T16:30:17", "Площадь": 0.14, "Туман": "Шайхонтоҳур" }, "geometry": { "type": "Polygon", "coordinates": [ [ [ 69.1942921, 41.3034973 ], [ 69.1945153, 41.3033782 ], [ 69.1945065, 41.3038742 ], [ 69.1945001, 41.3042305 ], [ 69.1943941, 41.3041809 ], [ 69.1943109, 41.303943 ], [ 69.1942951, 41.3038682 ], [ 69.1942921, 41.3034973 ] ] ] } },
{ "type": "Feature", "properties": { "id": "way/635123765", "@timestamp": "2024-09-01T18:37:57", "Площадь": 0.18, "Туман": "Шайхонтоҳур" }, "geometry": { "type": "Polygon", "coordinates": [ [ [ 69.2249245, 41.3202882 ], [ 69.2245032, 41.3205275 ], [ 69.2244401, 41.3204648 ], [ 69.2241761, 41.3202026 ], [ 69.2245212, 41.3200066 ], [ 69.2246606, 41.3201451 ], [ 69.2247033, 41.3201209 ], [ 69.2247722, 41.3201894 ], [ 69.2248058, 41.3201703 ], [ 69.2249245, 41.3202882 ] ] ] } },
{ "type": "Feature", "properties": { "id": "way/635275964", "@timestamp": "2018-10-17T11:02:32", "Площадь": 0.05, "Туман": "Яккасарой" }, "geometry": { "type": "Polygon", "coordinates": [ [ [ 69.2677963, 41.2810963 ], [ 69.2678923, 41.2809715 ], [ 69.2682223, 41.2811149 ], [ 69.2681262, 41.2812397 ], [ 69.2677963, 41.2810963 ] ] ] } },
{ "type": "Feature", "properties": { "id": "way/635602361", "@timestamp": "2025-03-17T21:55:04", "Площадь": 0.05, "Туман": "Юнусобод" }, "geometry": { "type": "Polygon", "coordinates": [ [ [ 69.2855714, 41.3334949 ], [ 69.2855515, 41.3334249 ], [ 69.2864187, 41.3333622 ], [ 69.2864203, 41.3334059 ], [ 69.2855714, 41.3334949 ] ] ] } },
{ "type": "Feature", "properties": { "id": "way/636083772", "@timestamp": "2018-10-19T19:01:51", "Площадь": 0.16, "Туман": "Юнусобод" }, "geometry": { "type": "Polygon", "coordinates": [ [ [ 69.283936, 41.3348002 ], [ 69.2842305, 41.3347655 ], [ 69.2843589, 41.3347503 ], [ 69.2843954, 41.3349221 ], [ 69.2844401, 41.3351387 ], [ 69.2840173, 41.3351886 ], [ 69.283936, 41.3348002 ] ] ] } },
{ "type": "Feature", "properties": { "id": "way/636083774", "@timestamp": "2018-10-19T19:01:51", "Площадь": 0.12, "Туман": "Юнусобод" }, "geometry": { "type": "Polygon", "coordinates": [ [ [ 69.2837749, 41.3342471 ], [ 69.2839786, 41.3342265 ], [ 69.2840569, 41.3346632 ], [ 69.2842577, 41.3346428 ], [ 69.2842726, 41.3347256 ], [ 69.2838681, 41.3347665 ], [ 69.2837749, 41.3342471 ] ] ] } },
{ "type": "Feature", "properties": { "id": "way/636088860", "@timestamp": "2024-11-11T16:53:50", "Площадь": 0.12, "Туман": "Юнусобод" }, "geometry": { "type": "Polygon", "coordinates": [ [ [ 69.2716322, 41.3173556 ], [ 69.2715789, 41.3172432 ], [ 69.2719504, 41.3171548 ], [ 69.2719191, 41.3170924 ], [ 69.271902, 41.317047 ], [ 69.2722512, 41.3169586 ], [ 69.2723379, 41.3171435 ], [ 69.2723505, 41.3171677 ], [ 69.2716322, 41.3173556 ] ] ] } },
{ "type": "Feature", "properties": { "id": "way/636540233", "@timestamp": "2026-02-12T22:55:17", "Площадь": 0.17, "Туман": "Юнусобод" }, "geometry": { "type": "Polygon", "coordinates": [ [ [ 69.2822657, 41.3454047 ], [ 69.28162, 41.344785 ], [ 69.2817693, 41.3447074 ], [ 69.2824095, 41.3453189 ], [ 69.2825746, 41.3453657 ], [ 69.2827089, 41.3454362 ], [ 69.2826475, 41.3454728 ], [ 69.2825742, 41.3455139 ], [ 69.2824813, 41.3454515 ], [ 69.2822657, 41.3454047 ] ] ] } },
{ "type": "Feature", "properties": { "id": "way/637219776", "@timestamp": "2025-02-03T21:06:57", "Площадь": 0.06, "Туман": "Шайхонтоҳур" }, "geometry": { "type": "Polygon", "coordinates": [ [ [ 69.2332989, 41.3158932 ], [ 69.2333354, 41.3159285 ], [ 69.232233, 41.316571 ], [ 69.2321965, 41.3165357 ], [ 69.2332989, 41.3158932 ] ] ] } },
{ "type": "Feature", "properties": { "id": "way/637365952", "@timestamp": "2025-11-27T07:30:06", "Площадь": 0.39, "Туман": "Учтепа" }, "geometry": { "type": "Polygon", "coordinates": [ [ [ 69.1532985, 41.2867062 ], [ 69.1542302, 41.2866273 ], [ 69.1542819, 41.2871336 ], [ 69.1543149, 41.2872924 ], [ 69.1538776, 41.2870431 ], [ 69.1533569, 41.2870993 ], [ 69.1532985, 41.2867062 ] ] ] } },
{ "type": "Feature", "properties": { "id": "way/637365955", "@timestamp": "2018-12-12T09:00:30", "Площадь": 0.48, "Туман": "Учтепа" }, "geometry": { "type": "Polygon", "coordinates": [ [ [ 69.1518433, 41.2873976 ], [ 69.1522227, 41.2873659 ], [ 69.1522346, 41.2874439 ], [ 69.1525259, 41.2874184 ], [ 69.15263, 41.288135 ], [ 69.151966, 41.2882043 ], [ 69.1518433, 41.2873976 ] ] ] } },
{ "type": "Feature", "properties": { "id": "way/637365964", "@timestamp": "2020-04-12T13:43:54", "Площадь": 0.96, "Туман": "Учтепа" }, "geometry": { "type": "Polygon", "coordinates": [ [ [ 69.1500756, 41.2869817 ], [ 69.1501253, 41.2869775 ], [ 69.1502483, 41.286967 ], [ 69.1512893, 41.2868803 ], [ 69.1532847, 41.286714 ], [ 69.1533187, 41.2869637 ], [ 69.1526924, 41.2870933 ], [ 69.152105, 41.2871432 ], [ 69.1520342, 41.2871492 ], [ 69.1502471, 41.2873014 ], [ 69.1501945, 41.2872835 ], [ 69.1501513, 41.2872679 ], [ 69.1501126, 41.2872477 ], [ 69.1500756, 41.2869817 ] ] ] } },
{ "type": "Feature", "properties": { "id": "way/637366436", "@timestamp": "2018-10-26T15:41:36", "Площадь": 0.29, "Туман": "Учтепа" }, "geometry": { "type": "Polygon", "coordinates": [ [ [ 69.1495787, 41.2845049 ], [ 69.1494036, 41.2839136 ], [ 69.1497538, 41.2837838 ], [ 69.1501539, 41.2843806 ], [ 69.1495787, 41.2845049 ] ] ] } },
{ "type": "Feature", "properties": { "id": "way/637366441", "@timestamp": "2018-10-26T15:41:36", "Площадь": 0.24, "Туман": "Учтепа" }, "geometry": { "type": "Polygon", "coordinates": [ [ [ 69.1493645, 41.2850417 ], [ 69.1491062, 41.2839904 ], [ 69.1493095, 41.2839935 ], [ 69.149344, 41.2839859 ], [ 69.1495492, 41.2846593 ], [ 69.1494893, 41.2846729 ], [ 69.1495979, 41.2850105 ], [ 69.1493645, 41.2850417 ] ] ] } },
{ "type": "Feature", "properties": { "id": "way/637838452", "@timestamp": "2018-10-25T11:27:06", "Площадь": 0.01, "Туман": "Юнусобод" }, "geometry": { "type": "Polygon", "coordinates": [ [ [ 69.2768063, 41.3520239 ], [ 69.2769565, 41.3519252 ], [ 69.276986, 41.3519534 ], [ 69.2768761, 41.3520259 ], [ 69.2768063, 41.3520239 ] ] ] } },
{ "type": "Feature", "properties": { "id": "way/637838453", "@timestamp": "2018-10-25T11:27:06", "Площадь": 0.01, "Туман": "Юнусобод" }, "geometry": { "type": "Polygon", "coordinates": [ [ [ 69.2764818, 41.3522816 ], [ 69.2764523, 41.3522574 ], [ 69.2767259, 41.3520863 ], [ 69.2767634, 41.3521125 ], [ 69.2764818, 41.3522816 ] ] ] } },
{ "type": "Feature", "properties": { "id": "way/637838454", "@timestamp": "2018-10-25T11:27:06", "Площадь": 0.0, "Туман": "Юнусобод" }, "geometry": { "type": "Polygon", "coordinates": [ [ [ 69.277104, 41.3518588 ], [ 69.2770933, 41.3518407 ], [ 69.277206, 41.3517642 ], [ 69.2772274, 41.3517843 ], [ 69.277104, 41.3518588 ] ] ] } },
{ "type": "Feature", "properties": { "id": "way/637843033", "@timestamp": "2026-02-11T22:34:11", "Площадь": 0.4, "Туман": "Юнусобод" }, "geometry": { "type": "Polygon", "coordinates": [ [ [ 69.2849254, 41.3439787 ], [ 69.2845934, 41.3437513 ], [ 69.2852364, 41.3429982 ], [ 69.285447, 41.3427981 ], [ 69.2855597, 41.3429494 ], [ 69.2855724, 41.3430683 ], [ 69.2855758, 41.3431006 ], [ 69.2852495, 41.3435466 ], [ 69.2849254, 41.3439787 ] ] ] } },
{ "type": "Feature", "properties": { "id": "way/638265789", "@timestamp": "2018-12-12T09:00:30", "Площадь": 0.23, "Туман": "Учтепа" }, "geometry": { "type": "Polygon", "coordinates": [ [ [ 69.1501229, 41.2874082 ], [ 69.1502635, 41.2873966 ], [ 69.1503017, 41.2873936 ], [ 69.1503058, 41.2874217 ], [ 69.1505024, 41.2887598 ], [ 69.1503303, 41.2887779 ], [ 69.1503243, 41.2887385 ], [ 69.1501229, 41.2874082 ] ] ] } },
{ "type": "Feature", "properties": { "id": "way/638284444", "@timestamp": "2018-10-26T16:39:01", "Площадь": 0.17, "Туман": "Учтепа" }, "geometry": { "type": "Polygon", "coordinates": [ [ [ 69.1489219, 41.2880839 ], [ 69.1493205, 41.2880588 ], [ 69.149393, 41.2886683 ], [ 69.1489526, 41.2883876 ], [ 69.1489219, 41.2880839 ] ] ] } },
{ "type": "Feature", "properties": { "id": "way/638289522", "@timestamp": "2018-10-26T16:57:22", "Площадь": 0.08, "Туман": "Учтепа" }, "geometry": { "type": "Polygon", "coordinates": [ [ [ 69.148256, 41.2835963 ], [ 69.1484063, 41.284084 ], [ 69.1482304, 41.2841146 ], [ 69.1480802, 41.2836269 ], [ 69.148256, 41.2835963 ] ] ] } },
{ "type": "Feature", "properties": { "id": "way/638290690", "@timestamp": "2018-10-26T17:06:31", "Площадь": 0.07, "Туман": "Учтепа" }, "geometry": { "type": "Polygon", "coordinates": [ [ [ 69.1486648, 41.2830861 ], [ 69.1484687, 41.2825141 ], [ 69.1486064, 41.2824825 ], [ 69.1487325, 41.2828966 ], [ 69.1487605, 41.283065 ], [ 69.1486648, 41.2830861 ] ] ] } },
{ "type": "Feature", "properties": { "id": "way/638290694", "@timestamp": "2018-10-26T17:06:31", "Площадь": 0.09, "Туман": "Учтепа" }, "geometry": { "type": "Polygon", "coordinates": [ [ [ 69.14847, 41.2824959 ], [ 69.1481804, 41.281629 ], [ 69.1482412, 41.2816238 ], [ 69.1483462, 41.281794 ], [ 69.1485937, 41.2824713 ], [ 69.14847, 41.2824959 ] ] ] } },
{ "type": "Feature", "properties": { "id": "way/638324069", "@timestamp": "2018-10-26T19:29:59", "Площадь": 0.06, "Туман": "Учтепа" }, "geometry": { "type": "Polygon", "coordinates": [ [ [ 69.1759145, 41.2947369 ], [ 69.1763371, 41.294922 ], [ 69.1762438, 41.2950422 ], [ 69.1758212, 41.294857 ], [ 69.1759145, 41.2947369 ] ] ] } },
{ "type": "Feature", "properties": { "id": "way/638324745", "@timestamp": "2018-10-26T19:33:03", "Площадь": 0.11, "Туман": "Учтепа" }, "geometry": { "type": "Polygon", "coordinates": [ [ [ 69.1807865, 41.2904558 ], [ 69.1810011, 41.2906432 ], [ 69.1804405, 41.2910019 ], [ 69.1803842, 41.2909395 ], [ 69.1807865, 41.2904558 ] ] ] } },
{ "type": "Feature", "properties": { "id": "way/638331909", "@timestamp": "2025-10-20T20:25:00", "Площадь": 0.14, "Туман": "Учтепа" }, "geometry": { "type": "Polygon", "coordinates": [ [ [ 69.1925772, 41.2986704 ], [ 69.192426, 41.2990745 ], [ 69.1920705, 41.299016 ], [ 69.1922357, 41.2986533 ], [ 69.1923071, 41.2986351 ], [ 69.1925439, 41.2986437 ], [ 69.1925772, 41.2986704 ] ] ] } },
{ "type": "Feature", "properties": { "id": "way/638554162", "@timestamp": "2023-11-10T14:58:04", "Площадь": 0.33, "Туман": "Шайхонтоҳур" }, "geometry": { "type": "Polygon", "coordinates": [ [ [ 69.2359089, 41.3285271 ], [ 69.2359734, 41.3283304 ], [ 69.2360416, 41.328343 ], [ 69.2361476, 41.3280198 ], [ 69.2368528, 41.3281626 ], [ 69.2367242, 41.3285172 ], [ 69.2365015, 41.3284725 ], [ 69.2364452, 41.3286262 ], [ 69.2359089, 41.3285271 ] ] ] } },
{ "type": "Feature", "properties": { "id": "way/638563927", "@timestamp": "2018-10-27T16:42:39", "Площадь": 0.08, "Туман": "Юнусобод" }, "geometry": { "type": "Polygon", "coordinates": [ [ [ 69.3021301, 41.3603211 ], [ 69.3013555, 41.3595912 ], [ 69.301431, 41.3595463 ], [ 69.3022056, 41.3602763 ], [ 69.3021301, 41.3603211 ] ] ] } },
{ "type": "Feature", "properties": { "id": "way/638563929", "@timestamp": "2022-07-10T15:49:37", "Площадь": 0.08, "Туман": "Юнусобод" }, "geometry": { "type": "Polygon", "coordinates": [ [ [ 69.3036216, 41.3555233 ], [ 69.3038245, 41.3549222 ], [ 69.3039506, 41.3549504 ], [ 69.3037698, 41.3555516 ], [ 69.3036216, 41.3555233 ] ] ] } },
{ "type": "Feature", "properties": { "id": "way/638575903", "@timestamp": "2018-10-27T18:05:09", "Площадь": 0.09, "Туман": "Шайхонтоҳур" }, "geometry": { "type": "Polygon", "coordinates": [ [ [ 69.2711493, 41.3394365 ], [ 69.2710869, 41.3393745 ], [ 69.2720755, 41.3388129 ], [ 69.272138, 41.3388748 ], [ 69.2711493, 41.3394365 ] ] ] } },
{ "type": "Feature", "properties": { "id": "way/638657155", "@timestamp": "2018-10-28T05:49:26", "Площадь": 0.04, "Туман": "Олмазор" }, "geometry": { "type": "Polygon", "coordinates": [ [ [ 69.2336845, 41.3409145 ], [ 69.233806, 41.3409326 ], [ 69.2337223, 41.3412394 ], [ 69.2336035, 41.3412217 ], [ 69.2336845, 41.3409145 ] ] ] } },
{ "type": "Feature", "properties": { "id": "way/638708672", "@timestamp": "2018-10-28T11:40:01", "Площадь": 0.04, "Туман": "Олмазор" }, "geometry": { "type": "Polygon", "coordinates": [ [ [ 69.2295283, 41.3446608 ], [ 69.2296699, 41.3443681 ], [ 69.2298053, 41.3444051 ], [ 69.2296636, 41.3446977 ], [ 69.2295283, 41.3446608 ] ] ] } },
{ "type": "Feature", "properties": { "id": "way/638709530", "@timestamp": "2018-10-28T11:48:53", "Площадь": 0.01, "Туман": "Чилонзор" }, "geometry": { "type": "Polygon", "coordinates": [ [ [ 69.2301434, 41.2812046 ], [ 69.2300012, 41.2810534 ], [ 69.2300441, 41.2810292 ], [ 69.2301863, 41.2811703 ], [ 69.2301434, 41.2812046 ] ] ] } },
{ "type": "Feature", "properties": { "id": "way/638709567", "@timestamp": "2025-10-06T14:02:50", "Площадь": 0.58, "Туман": "Юнусобод" }, "geometry": { "type": "Polygon", "coordinates": [ [ [ 69.2888941, 41.3498958 ], [ 69.2889449, 41.3497363 ], [ 69.289724, 41.3498836 ], [ 69.2898089, 41.3498186 ], [ 69.291719, 41.3502023 ], [ 69.2916372, 41.3504271 ], [ 69.2888941, 41.3498958 ] ] ] } },
{ "type": "Feature", "properties": { "id": "way/638709582", "@timestamp": "2018-10-28T11:48:55", "Площадь": 0.02, "Туман": "Юнусобод" }, "geometry": { "type": "Polygon", "coordinates": [ [ [ 69.2958275, 41.3531794 ], [ 69.2958989, 41.3530147 ], [ 69.2960175, 41.3530437 ], [ 69.2959461, 41.3532084 ], [ 69.2958275, 41.3531794 ] ] ] } },
{ "type": "Feature", "properties": { "id": "way/638709584", "@timestamp": "2021-06-26T13:05:29", "Площадь": 0.02, "Туман": "Юнусобод" }, "geometry": { "type": "Polygon", "coordinates": [ [ [ 69.2988977, 41.3537082 ], [ 69.2993144, 41.35381 ], [ 69.2992928, 41.3538599 ], [ 69.2988761, 41.3537581 ], [ 69.2988977, 41.3537082 ] ] ] } },
{ "type": "Feature", "properties": { "id": "way/639714115", "@timestamp": "2018-10-31T14:01:07", "Площадь": 0.06, "Туман": "Учтепа" }, "geometry": { "type": "Polygon", "coordinates": [ [ [ 69.1633198, 41.3083201 ], [ 69.1638053, 41.308453 ], [ 69.1637535, 41.3085623 ], [ 69.1632573, 41.3084676 ], [ 69.1633198, 41.3083201 ] ] ] } },
{ "type": "Feature", "properties": { "id": "way/639714116", "@timestamp": "2025-11-08T12:06:32", "Площадь": 0.1, "Туман": "Учтепа" }, "geometry": { "type": "Polygon", "coordinates": [ [ [ 69.1616967, 41.3077595 ], [ 69.1615728, 41.3079727 ], [ 69.16141, 41.3079446 ], [ 69.1615412, 41.3076073 ], [ 69.1621592, 41.307849 ], [ 69.162146, 41.3078809 ], [ 69.162121, 41.3079274 ], [ 69.1616967, 41.3077595 ] ] ] } },
{ "type": "Feature", "properties": { "id": "way/640513729", "@timestamp": "2025-01-30T01:25:30", "Площадь": 0.1, "Туман": "Яккасарой" }, "geometry": { "type": "Polygon", "coordinates": [ [ [ 69.2490029, 41.2971122 ], [ 69.2490111, 41.2970924 ], [ 69.2490755, 41.2969383 ], [ 69.2490876, 41.2969095 ], [ 69.2495279, 41.297003 ], [ 69.2494436, 41.2972497 ], [ 69.2492525, 41.2972098 ], [ 69.2492216, 41.2971569 ], [ 69.2490029, 41.2971122 ] ] ] } },
{ "type": "Feature", "properties": { "id": "way/641450338", "@timestamp": "2023-12-23T11:26:35", "Площадь": 0.09, "Туман": "Мирзо Улуғбек" }, "geometry": { "type": "Polygon", "coordinates": [ [ [ 69.3434202, 41.3278963 ], [ 69.343534, 41.327469 ], [ 69.343741, 41.3275001 ], [ 69.3436272, 41.3279274 ], [ 69.3434202, 41.3278963 ] ] ] } },
{ "type": "Feature", "properties": { "id": "way/641863460", "@timestamp": "2018-11-07T12:35:21", "Площадь": 0.12, "Туман": "Юнусобод" }, "geometry": { "type": "Polygon", "coordinates": [ [ [ 69.2936241, 41.3661902 ], [ 69.2935428, 41.366114 ], [ 69.2945682, 41.3654972 ], [ 69.2946494, 41.3655732 ], [ 69.2936241, 41.3661902 ] ] ] } },
{ "type": "Feature", "properties": { "id": "way/643118842", "@timestamp": "2024-09-26T22:55:05", "Площадь": 0.19, "Туман": "Миробод" }, "geometry": { "type": "Polygon", "coordinates": [ [ [ 69.2727137, 41.2895707 ], [ 69.2729742, 41.289382 ], [ 69.2734957, 41.289783 ], [ 69.2732409, 41.2899827 ], [ 69.2727137, 41.2895707 ] ] ] } },
{ "type": "Feature", "properties": { "id": "way/643164061", "@timestamp": "2023-08-15T10:19:08", "Площадь": 0.08, "Туман": "Юнусобод" }, "geometry": { "type": "Polygon", "coordinates": [ [ [ 69.3102601, 41.3447443 ], [ 69.309619, 41.3444619 ], [ 69.3099504, 41.3444602 ], [ 69.3100358, 41.3444707 ], [ 69.3101058, 41.3444899 ], [ 69.3101719, 41.344514 ], [ 69.3102406, 41.3445545 ], [ 69.3102899, 41.3446006 ], [ 69.310311, 41.3446621 ], [ 69.3102601, 41.3447443 ] ] ] } },
{ "type": "Feature", "properties": { "id": "way/648380721", "@timestamp": "2018-11-24T09:08:45", "Площадь": 0.08, "Туман": "Олмазор" }, "geometry": { "type": "Polygon", "coordinates": [ [ [ 69.2042599, 41.3678954 ], [ 69.2044911, 41.367874 ], [ 69.2045425, 41.3679493 ], [ 69.2045916, 41.368235 ], [ 69.2043952, 41.3682546 ], [ 69.2043685, 41.3681215 ], [ 69.2043026, 41.368129 ], [ 69.2042678, 41.3679418 ], [ 69.2042599, 41.3678954 ] ] ] } },
{ "type": "Feature", "properties": { "id": "way/648380728", "@timestamp": "2026-03-29T17:57:23", "Площадь": 0.08, "Туман": "Олмазор" }, "geometry": { "type": "Polygon", "coordinates": [ [ [ 69.2037384, 41.3672089 ], [ 69.2037151, 41.3670882 ], [ 69.2041589, 41.3669991 ], [ 69.2042374, 41.3670398 ], [ 69.2043395, 41.3670266 ], [ 69.2043627, 41.367153 ], [ 69.2042153, 41.3671653 ], [ 69.2037921, 41.3672068 ], [ 69.2037384, 41.3672089 ] ] ] } },
{ "type": "Feature", "properties": { "id": "way/651542624", "@timestamp": "2019-12-22T23:29:56", "Площадь": 0.21, "Туман": "Шайхонтоҳур" }, "geometry": { "type": "Polygon", "coordinates": [ [ [ 69.2595366, 41.3183773 ], [ 69.2595043, 41.3180586 ], [ 69.2602227, 41.3180175 ], [ 69.260255, 41.3183362 ], [ 69.2595366, 41.3183773 ] ] ] } },
{ "type": "Feature", "properties": { "id": "way/651545762", "@timestamp": "2026-04-06T18:38:29", "Площадь": 0.27, "Туман": "Чилонзор" }, "geometry": { "type": "Polygon", "coordinates": [ [ [ 69.2264995, 41.2941878 ], [ 69.2261631, 41.2939148 ], [ 69.2263343, 41.2938516 ], [ 69.2269801, 41.2944342 ], [ 69.2274212, 41.29446 ], [ 69.227507, 41.2945138 ], [ 69.2273916, 41.2945839 ], [ 69.2274195, 41.2946099 ], [ 69.2271985, 41.2947411 ], [ 69.2271022, 41.2947982 ], [ 69.2269268, 41.2946372 ], [ 69.2267775, 41.2945149 ], [ 69.2264995, 41.2941878 ] ] ] } },
{ "type": "Feature", "properties": { "id": "way/652292594", "@timestamp": "2026-02-15T18:30:38", "Площадь": 0.16, "Туман": "Олмазор" }, "geometry": { "type": "Polygon", "coordinates": [ [ [ 69.2177413, 41.3333892 ], [ 69.2183097, 41.3330968 ], [ 69.2186829, 41.3334542 ], [ 69.2185051, 41.333553 ], [ 69.2183844, 41.3334304 ], [ 69.2184619, 41.3333874 ], [ 69.2184233, 41.3333482 ], [ 69.2183459, 41.3333913 ], [ 69.2182151, 41.3332585 ], [ 69.2179973, 41.3333795 ], [ 69.2180997, 41.3334834 ], [ 69.217928, 41.3335788 ], [ 69.2177413, 41.3333892 ] ] ] } },
{ "type": "Feature", "properties": { "id": "way/652292595", "@timestamp": "2022-11-26T10:37:47", "Площадь": 0.05, "Туман": "Олмазор" }, "geometry": { "type": "Polygon", "coordinates": [ [ [ 69.2163454, 41.3341102 ], [ 69.216583, 41.3339785 ], [ 69.2167247, 41.3341297 ], [ 69.2164621, 41.3342445 ], [ 69.2163454, 41.3341102 ] ] ] } },
{ "type": "Feature", "properties": { "id": "way/653522363", "@timestamp": "2025-11-23T23:24:49", "Площадь": 0.07, "Туман": "Шайхонтоҳур" }, "geometry": { "type": "Polygon", "coordinates": [ [ [ 69.2544803, 41.3131115 ], [ 69.2553328, 41.3130437 ], [ 69.255346, 41.313137 ], [ 69.2544935, 41.3132047 ], [ 69.254485, 41.3131448 ], [ 69.2544803, 41.3131115 ] ] ] } },
{ "type": "Feature", "properties": { "id": "way/653522366", "@timestamp": "2026-02-12T19:06:20", "Площадь": 0.08, "Туман": "Шайхонтоҳур" }, "geometry": { "type": "Polygon", "coordinates": [ [ [ 69.2547489, 41.3155965 ], [ 69.2547308, 41.3154409 ], [ 69.254819, 41.3154351 ], [ 69.2552084, 41.3154095 ], [ 69.2552877, 41.3154042 ], [ 69.2553059, 41.3155598 ], [ 69.2548314, 41.3155911 ], [ 69.2547489, 41.3155965 ] ] ] } },
{ "type": "Feature", "properties": { "id": "way/654422720", "@timestamp": "2020-04-12T13:43:54", "Площадь": 0.26, "Туман": "Учтепа" }, "geometry": { "type": "Polygon", "coordinates": [ [ [ 69.1501229, 41.2874082 ], [ 69.1503243, 41.2887385 ], [ 69.1503303, 41.2887779 ], [ 69.1502687, 41.2887922 ], [ 69.1501324, 41.2888238 ], [ 69.1499231, 41.287498 ], [ 69.1501229, 41.2874082 ] ] ] } },
{ "type": "Feature", "properties": { "id": "way/654422723", "@timestamp": "2018-12-12T09:00:28", "Площадь": 0.05, "Туман": "Учтепа" }, "geometry": { "type": "Polygon", "coordinates": [ [ [ 69.1499965, 41.289015 ], [ 69.1499965, 41.2888553 ], [ 69.1501324, 41.2888238 ], [ 69.1502687, 41.2887922 ], [ 69.1503026, 41.288996 ], [ 69.1500749, 41.2890283 ], [ 69.1500361, 41.2890217 ], [ 69.1499965, 41.289015 ] ] ] } },
{ "type": "Feature", "properties": { "id": "way/655427514", "@timestamp": "2018-12-16T17:38:57", "Площадь": 0.11, "Туман": "Юнусобод" }, "geometry": { "type": "Polygon", "coordinates": [ [ [ 69.2844026, 41.3287392 ], [ 69.2847612, 41.3286918 ], [ 69.2848315, 41.3289983 ], [ 69.284477, 41.3290472 ], [ 69.2844026, 41.3287392 ] ] ] } },
{ "type": "Feature", "properties": { "id": "way/655431194", "@timestamp": "2018-12-16T17:54:39", "Площадь": 0.02, "Туман": "Юнусобод" }, "geometry": { "type": "Polygon", "coordinates": [ [ [ 69.2850467, 41.3313402 ], [ 69.2852078, 41.3313935 ], [ 69.2851722, 41.3314541 ], [ 69.2851424, 41.3315049 ], [ 69.2849813, 41.3314516 ], [ 69.2850193, 41.3313868 ], [ 69.2850467, 41.3313402 ] ] ] } },
{ "type": "Feature", "properties": { "id": "way/655432339", "@timestamp": "2024-11-07T00:09:27", "Площадь": 0.06, "Туман": "Юнусобод" }, "geometry": { "type": "Polygon", "coordinates": [ [ [ 69.2861803, 41.3328957 ], [ 69.2854065, 41.3329359 ], [ 69.2853943, 41.3328575 ], [ 69.286143, 41.3328141 ], [ 69.2861803, 41.3328957 ] ] ] } },
{ "type": "Feature", "properties": { "id": "way/655433043", "@timestamp": "2018-12-16T18:07:05", "Площадь": 0.1, "Туман": "Юнусобод" }, "geometry": { "type": "Polygon", "coordinates": [ [ [ 69.2854336, 41.33413 ], [ 69.2848678, 41.3341914 ], [ 69.2848319, 41.3340045 ], [ 69.2853976, 41.333943 ], [ 69.2854336, 41.33413 ] ] ] } },
{ "type": "Feature", "properties": { "id": "way/657053807", "@timestamp": "2020-10-08T20:10:54", "Площадь": 0.78, "Туман": "Чилонзор" }, "geometry": { "type": "Polygon", "coordinates": [ [ [ 69.2430412, 41.3072461 ], [ 69.2430382, 41.3072215 ], [ 69.2429909, 41.3072222 ], [ 69.2429449, 41.3066507 ], [ 69.2444197, 41.3065754 ], [ 69.2444417, 41.3068659 ], [ 69.2441729, 41.3071818 ], [ 69.2430412, 41.3072461 ] ] ] } },
{ "type": "Feature", "properties": { "id": "way/657644929", "@timestamp": "2018-12-24T14:41:16", "Площадь": 0.03, "Туман": "Олмазор" }, "geometry": { "type": "Polygon", "coordinates": [ [ [ 69.179125, 41.360459 ], [ 69.1790225, 41.3603924 ], [ 69.1792358, 41.3602076 ], [ 69.1793383, 41.3602742 ], [ 69.179125, 41.360459 ] ] ] } },
{ "type": "Feature", "properties": { "id": "way/657762463", "@timestamp": "2018-12-25T03:32:43", "Площадь": 0.04, "Туман": "Олмазор" }, "geometry": { "type": "Polygon", "coordinates": [ [ [ 69.2144726, 41.3593064 ], [ 69.2144709, 41.3591292 ], [ 69.214388, 41.3591296 ], [ 69.2143861, 41.3589304 ], [ 69.214543, 41.3589296 ], [ 69.2145466, 41.359306 ], [ 69.2144726, 41.3593064 ] ] ] } },
{ "type": "Feature", "properties": { "id": "way/657762467", "@timestamp": "2018-12-25T03:32:43", "Площадь": 0.04, "Туман": "Олмазор" }, "geometry": { "type": "Polygon", "coordinates": [ [ [ 69.2137265, 41.3586561 ], [ 69.2137271, 41.3586267 ], [ 69.2137288, 41.3585332 ], [ 69.2139985, 41.358536 ], [ 69.2141653, 41.3586019 ], [ 69.2141647, 41.3586332 ], [ 69.2141642, 41.3586606 ], [ 69.2137265, 41.3586561 ] ] ] } },
{ "type": "Feature", "properties": { "id": "way/659442432", "@timestamp": "2018-12-31T03:40:50", "Площадь": 0.07, "Туман": "Чилонзор" }, "geometry": { "type": "Polygon", "coordinates": [ [ [ 69.2215437, 41.2923757 ], [ 69.2217426, 41.2922468 ], [ 69.2220093, 41.2924792 ], [ 69.2218104, 41.292608 ], [ 69.2215437, 41.2923757 ] ] ] } },
{ "type": "Feature", "properties": { "id": "way/660965071", "@timestamp": "2019-01-06T17:39:23", "Площадь": 0.22, "Туман": "Бектемир" }, "geometry": { "type": "Polygon", "coordinates": [ [ [ 69.3651892, 41.2643976 ], [ 69.3655876, 41.2641 ], [ 69.365988, 41.2643869 ], [ 69.365613, 41.264696 ], [ 69.3651892, 41.2643976 ] ] ] } },
{ "type": "Feature", "properties": { "id": "way/660965073", "@timestamp": "2019-01-06T17:39:24", "Площадь": 0.76, "Туман": "Бектемир" }, "geometry": { "type": "Polygon", "coordinates": [ [ [ 69.368468, 41.2660516 ], [ 69.3682471, 41.2658783 ], [ 69.3684424, 41.2658355 ], [ 69.3687002, 41.2657563 ], [ 69.3688608, 41.2656501 ], [ 69.3723561, 41.2629609 ], [ 69.3724608, 41.2630456 ], [ 69.3703905, 41.2647138 ], [ 69.3703178, 41.264719 ], [ 69.3687688, 41.2659235 ], [ 69.3686916, 41.2659252 ], [ 69.3685517, 41.2660291 ], [ 69.368468, 41.2660516 ] ] ] } },
{ "type": "Feature", "properties": { "id": "way/661208827", "@timestamp": "2019-01-07T16:52:27", "Площадь": 0.03, "Туман": "Учтепа" }, "geometry": { "type": "Polygon", "coordinates": [ [ [ 69.1930733, 41.310898 ], [ 69.1933349, 41.310904 ], [ 69.1933324, 41.3109645 ], [ 69.19333, 41.3110251 ], [ 69.1930706, 41.3110191 ], [ 69.1930726, 41.3109283 ], [ 69.1930733, 41.310898 ] ] ] } },
{ "type": "Feature", "properties": { "id": "way/662908247", "@timestamp": "2019-01-13T15:34:31", "Площадь": 0.05, "Туман": "Олмазор" }, "geometry": { "type": "Polygon", "coordinates": [ [ [ 69.2231661, 41.3593241 ], [ 69.2235055, 41.3591976 ], [ 69.223598, 41.3593331 ], [ 69.2234258, 41.3593939 ], [ 69.2232392, 41.3594565 ], [ 69.2231661, 41.3593241 ] ] ] } },
{ "type": "Feature", "properties": { "id": "way/663810553", "@timestamp": "2026-03-06T06:14:51", "Площадь": 0.08, "Туман": "Юнусобод" }, "geometry": { "type": "Polygon", "coordinates": [ [ [ 69.2741329, 41.3725078 ], [ 69.2742583, 41.3725811 ], [ 69.2737928, 41.3730293 ], [ 69.27369, 41.3729693 ], [ 69.2737281, 41.3729326 ], [ 69.2737055, 41.3729193 ], [ 69.2741329, 41.3725078 ] ] ] } },
{ "type": "Feature", "properties": { "id": "way/664093748", "@timestamp": "2019-01-17T10:02:35", "Площадь": 0.06, "Туман": "Чилонзор" }, "geometry": { "type": "Polygon", "coordinates": [ [ [ 69.1638691, 41.2503595 ], [ 69.1640395, 41.2500821 ], [ 69.1642123, 41.2501418 ], [ 69.1640536, 41.250428 ], [ 69.1638691, 41.2503595 ] ] ] } },
{ "type": "Feature", "properties": { "id": "way/664093750", "@timestamp": "2019-01-17T10:02:35", "Площадь": 0.05, "Туман": "Чилонзор" }, "geometry": { "type": "Polygon", "coordinates": [ [ [ 69.1640395, 41.2500821 ], [ 69.1641866, 41.2498434 ], [ 69.1643968, 41.2498837 ], [ 69.1642123, 41.2501418 ], [ 69.1640395, 41.2500821 ] ] ] } },
{ "type": "Feature", "properties": { "id": "way/668813547", "@timestamp": "2022-10-26T07:19:42", "Площадь": 0.23, "Туман": "Яккасарой" }, "geometry": { "type": "Polygon", "coordinates": [ [ [ 69.2473151, 41.2979574 ], [ 69.2473744, 41.2979436 ], [ 69.2473692, 41.2979167 ], [ 69.2473772, 41.2978675 ], [ 69.2474028, 41.2978346 ], [ 69.2474611, 41.2978106 ], [ 69.2475214, 41.2978015 ], [ 69.2475788, 41.2978209 ], [ 69.2476222, 41.2978561 ], [ 69.2476316, 41.2978806 ], [ 69.2476927, 41.2978649 ], [ 69.2479102, 41.2984024 ], [ 69.247531, 41.298492 ], [ 69.2473151, 41.2979574 ] ] ] } },
{ "type": "Feature", "properties": { "id": "way/669906813", "@timestamp": "2026-02-05T10:59:55", "Площадь": 0.05, "Туман": "Чилонзор" }, "geometry": { "type": "Polygon", "coordinates": [ [ [ 69.2014299, 41.2910295 ], [ 69.2013498, 41.2910911 ], [ 69.2012636, 41.2911589 ], [ 69.2009702, 41.2910215 ], [ 69.2012634, 41.2909195 ], [ 69.2014299, 41.2910295 ] ] ] } },
{ "type": "Feature", "properties": { "id": "way/670477791", "@timestamp": "2025-10-15T03:24:36", "Площадь": 0.25, "Туман": "Чилонзор" }, "geometry": { "type": "Polygon", "coordinates": [ [ [ 69.2176699, 41.2666032 ], [ 69.2181344, 41.2670204 ], [ 69.2177412, 41.2672443 ], [ 69.2172634, 41.2668504 ], [ 69.2176699, 41.2666032 ] ] ] } },
{ "type": "Feature", "properties": { "id": "way/673114573", "@timestamp": "2019-02-26T14:22:29", "Площадь": 0.06, "Туман": "Мирзо Улуғбек" }, "geometry": { "type": "Polygon", "coordinates": [ [ [ 69.3205855, 41.3200119 ], [ 69.3206733, 41.320095 ], [ 69.3207497, 41.3201672 ], [ 69.3204876, 41.3203236 ], [ 69.3204724, 41.3203092 ], [ 69.3203233, 41.3201683 ], [ 69.3205855, 41.3200119 ] ] ] } },
{ "type": "Feature", "properties": { "id": "way/674050258", "@timestamp": "2019-03-02T11:17:11", "Площадь": 0.03, "Туман": "Мирзо Улуғбек" }, "geometry": { "type": "Polygon", "coordinates": [ [ [ 69.3176325, 41.3182507 ], [ 69.3174487, 41.3183504 ], [ 69.3173482, 41.3182527 ], [ 69.3175292, 41.318157 ], [ 69.3176325, 41.3182507 ] ] ] } },
{ "type": "Feature", "properties": { "id": "way/674050261", "@timestamp": "2023-09-29T05:16:19", "Площадь": 0.06, "Туман": "Мирзо Улуғбек" }, "geometry": { "type": "Polygon", "coordinates": [ [ [ 69.3189226, 41.3196981 ], [ 69.3190554, 41.3196115 ], [ 69.3193223, 41.3198643 ], [ 69.3193357, 41.319961 ], [ 69.3192485, 41.3200063 ], [ 69.3189226, 41.3196981 ] ] ] } },
{ "type": "Feature", "properties": { "id": "way/674050264", "@timestamp": "2019-03-08T10:37:09", "Площадь": 0.06, "Туман": "Мирзо Улуғбек" }, "geometry": { "type": "Polygon", "coordinates": [ [ [ 69.3194519, 41.3188504 ], [ 69.319595, 41.3189941 ], [ 69.3193166, 41.3191506 ], [ 69.3192951, 41.3191627 ], [ 69.3191519, 41.319019 ], [ 69.3191724, 41.3190074 ], [ 69.3193832, 41.318889 ], [ 69.3194519, 41.3188504 ] ] ] } },
{ "type": "Feature", "properties": { "id": "way/674438602", "@timestamp": "2020-11-18T22:52:06", "Площадь": 0.04, "Туман": "Шайхонтоҳур" }, "geometry": { "type": "Polygon", "coordinates": [ [ [ 69.2334888, 41.3194985 ], [ 69.233541, 41.3194641 ], [ 69.2335635, 41.3194493 ], [ 69.2335852, 41.3194679 ], [ 69.2336481, 41.3194264 ], [ 69.233716, 41.3194845 ], [ 69.2336927, 41.3194999 ], [ 69.2337746, 41.31957 ], [ 69.2337342, 41.3195967 ], [ 69.2338514, 41.319697 ], [ 69.2338312, 41.3197103 ], [ 69.2337776, 41.3197457 ], [ 69.2334888, 41.3194985 ] ] ] } },
{ "type": "Feature", "properties": { "id": "way/674705867", "@timestamp": "2019-03-05T17:09:08", "Площадь": 0.05, "Туман": "Мирзо Улуғбек" }, "geometry": { "type": "Polygon", "coordinates": [ [ [ 69.3415625, 41.3285859 ], [ 69.3415714, 41.3285308 ], [ 69.3426125, 41.3286258 ], [ 69.3426036, 41.3286809 ], [ 69.3415625, 41.3285859 ] ] ] } },
{ "type": "Feature", "properties": { "id": "way/675388244", "@timestamp": "2019-03-08T10:37:07", "Площадь": 0.02, "Туман": "Мирзо Улуғбек" }, "geometry": { "type": "Polygon", "coordinates": [ [ [ 69.3192848, 41.3186742 ], [ 69.3194633, 41.3185712 ], [ 69.3194844, 41.3185918 ], [ 69.3195575, 41.3186632 ], [ 69.319379, 41.3187662 ], [ 69.3192848, 41.3186742 ] ] ] } },
{ "type": "Feature", "properties": { "id": "way/675955064", "@timestamp": "2025-03-29T15:34:56", "Площадь": 0.19, "Туман": "Чилонзор" }, "geometry": { "type": "Polygon", "coordinates": [ [ [ 69.2015589, 41.2807917 ], [ 69.2016521, 41.2808873 ], [ 69.2017394, 41.2809858 ], [ 69.2016377, 41.2810414 ], [ 69.2018199, 41.2812295 ], [ 69.2018543, 41.2812107 ], [ 69.201954, 41.2813138 ], [ 69.2017139, 41.281445 ], [ 69.2016778, 41.2814438 ], [ 69.2012218, 41.2809802 ], [ 69.2015589, 41.2807917 ] ] ] } },
{ "type": "Feature", "properties": { "id": "way/675986000", "@timestamp": "2020-04-05T12:45:57", "Площадь": 0.07, "Туман": "Чилонзор" }, "geometry": { "type": "Polygon", "coordinates": [ [ [ 69.2215815, 41.2920613 ], [ 69.2215207, 41.2920052 ], [ 69.2214632, 41.2919521 ], [ 69.2218988, 41.2916855 ], [ 69.2219538, 41.2917362 ], [ 69.2220172, 41.2917947 ], [ 69.2215815, 41.2920613 ] ] ] } },
{ "type": "Feature", "properties": { "id": "way/676834337", "@timestamp": "2022-10-30T18:38:20", "Площадь": 0.05, "Туман": "Чилонзор" }, "geometry": { "type": "Polygon", "coordinates": [ [ [ 69.2359268, 41.298812 ], [ 69.2360281, 41.2987922 ], [ 69.2362766, 41.2987437 ], [ 69.2363338, 41.2988995 ], [ 69.2361611, 41.2989286 ], [ 69.2361492, 41.2988995 ], [ 69.2359983, 41.2989251 ], [ 69.2359268, 41.298812 ] ] ] } },
{ "type": "Feature", "properties": { "id": "way/678069226", "@timestamp": "2019-03-20T06:24:47", "Площадь": 0.19, "Туман": "Шайхонтоҳур" }, "geometry": { "type": "Polygon", "coordinates": [ [ [ 69.2376603, 41.3243634 ], [ 69.2370842, 41.3242778 ], [ 69.2370595, 41.3243518 ], [ 69.236699, 41.324287 ], [ 69.2367545, 41.3240024 ], [ 69.2377065, 41.3242292 ], [ 69.2376603, 41.3243634 ] ] ] } },
{ "type": "Feature", "properties": { "id": "way/678120664", "@timestamp": "2019-03-20T10:50:53", "Площадь": 0.02, "Туман": "Яшнобод" }, "geometry": { "type": "Polygon", "coordinates": [ [ [ 69.3133138, 41.3111438 ], [ 69.3132146, 41.3111791 ], [ 69.3131234, 41.311034 ], [ 69.3132186, 41.3109978 ], [ 69.3133138, 41.3111438 ] ] ] } },
{ "type": "Feature", "properties": { "id": "way/678823113", "@timestamp": "2025-06-20T10:28:25", "Площадь": 0.13, "Туман": "Олмазор" }, "geometry": { "type": "Polygon", "coordinates": [ [ [ 69.2203745, 41.3537145 ], [ 69.2193804, 41.3537985 ], [ 69.2192684, 41.3538079 ], [ 69.219213, 41.3534659 ], [ 69.2193665, 41.3534539 ], [ 69.2194053, 41.3537109 ], [ 69.220366, 41.3536224 ], [ 69.2203745, 41.3537145 ] ] ] } },
{ "type": "Feature", "properties": { "id": "way/682442765", "@timestamp": "2019-04-08T14:26:14", "Площадь": 0.03, "Туман": "Шайхонтоҳур" }, "geometry": { "type": "Polygon", "coordinates": [ [ [ 69.1774668, 41.3444174 ], [ 69.1774148, 41.3441054 ], [ 69.1774998, 41.3440828 ], [ 69.1775671, 41.3444097 ], [ 69.1774668, 41.3444174 ] ] ] } },
{ "type": "Feature", "properties": { "id": "way/683078574", "@timestamp": "2019-04-11T09:27:21", "Площадь": 0.02, "Туман": "Шайхонтоҳур" }, "geometry": { "type": "Polygon", "coordinates": [ [ [ 69.24906, 41.3252897 ], [ 69.2490423, 41.325139 ], [ 69.2491389, 41.3251326 ], [ 69.2492016, 41.3251284 ], [ 69.2492193, 41.3252791 ], [ 69.24906, 41.3252897 ] ] ] } },
{ "type": "Feature", "properties": { "id": "way/683078576", "@timestamp": "2019-04-11T09:27:21", "Площадь": 0.05, "Туман": "Шайхонтоҳур" }, "geometry": { "type": "Polygon", "coordinates": [ [ [ 69.2496079, 41.3252538 ], [ 69.2495871, 41.3250996 ], [ 69.2497409, 41.3250879 ], [ 69.2499244, 41.325074 ], [ 69.2499452, 41.3252282 ], [ 69.2496079, 41.3252538 ] ] ] } },
{ "type": "Feature", "properties": { "id": "way/683851083", "@timestamp": "2026-03-31T18:28:55", "Площадь": 0.13, "Туман": "Олмазор" }, "geometry": { "type": "Polygon", "coordinates": [ [ [ 69.2052717, 41.3460239 ], [ 69.2047041, 41.3461916 ], [ 69.2047254, 41.3462366 ], [ 69.2043098, 41.3463583 ], [ 69.2042572, 41.3462097 ], [ 69.2052137, 41.3459188 ], [ 69.2052717, 41.3460239 ] ] ] } },
{ "type": "Feature", "properties": { "id": "way/684575278", "@timestamp": "2019-04-18T12:27:06", "Площадь": 0.09, "Туман": "Яшнобод" }, "geometry": { "type": "Polygon", "coordinates": [ [ [ 69.3155783, 41.3175045 ], [ 69.3156047, 41.3175385 ], [ 69.3158795, 41.3174181 ], [ 69.3159279, 41.3174781 ], [ 69.3151139, 41.3178377 ], [ 69.3150784, 41.3178007 ], [ 69.3150668, 41.3177816 ], [ 69.315024, 41.3177279 ], [ 69.3155783, 41.3175045 ] ] ] } },
{ "type": "Feature", "properties": { "id": "way/685743735", "@timestamp": "2021-11-27T11:59:19", "Площадь": 0.04, "Туман": "Юнусобод" }, "geometry": { "type": "Polygon", "coordinates": [ [ [ 69.2781359, 41.3237913 ], [ 69.2780565, 41.3238015 ], [ 69.2780351, 41.3237078 ], [ 69.2781145, 41.3236976 ], [ 69.2785373, 41.3236443 ], [ 69.278552, 41.3237389 ], [ 69.2781359, 41.3237913 ] ] ] } },
{ "type": "Feature", "properties": { "id": "way/687968131", "@timestamp": "2019-05-05T14:45:05", "Площадь": 0.28, "Туман": "Яшнобод" }, "geometry": { "type": "Polygon", "coordinates": [ [ [ 69.3560121, 41.2578913 ], [ 69.3567023, 41.2581912 ], [ 69.3564912, 41.2584807 ], [ 69.3557934, 41.2582653 ], [ 69.3557579, 41.2582005 ], [ 69.3560121, 41.2578913 ] ] ] } },
{ "type": "Feature", "properties": { "id": "way/687973704", "@timestamp": "2019-05-05T15:02:54", "Площадь": 0.26, "Туман": "Яшнобод" }, "geometry": { "type": "Polygon", "coordinates": [ [ [ 69.3537383, 41.2567326 ], [ 69.3547851, 41.2572399 ], [ 69.3544091, 41.2572384 ], [ 69.354405, 41.2575043 ], [ 69.3542139, 41.2575043 ], [ 69.3541936, 41.2570673 ], [ 69.3535065, 41.257055 ], [ 69.3537383, 41.2567326 ] ] ] } },
{ "type": "Feature", "properties": { "id": "way/688155985", "@timestamp": "2019-05-06T13:21:43", "Площадь": 0.13, "Туман": "Чилонзор" }, "geometry": { "type": "Polygon", "coordinates": [ [ [ 69.1980216, 41.2783126 ], [ 69.1975677, 41.2778877 ], [ 69.1977642, 41.2777691 ], [ 69.1982181, 41.278194 ], [ 69.1980216, 41.2783126 ] ] ] } },
{ "type": "Feature", "properties": { "id": "way/688487883", "@timestamp": "2026-01-28T17:24:34", "Площадь": 0.2, "Туман": "Шайхонтоҳур" }, "geometry": { "type": "Polygon", "coordinates": [ [ [ 69.2691264, 41.3275613 ], [ 69.2691372, 41.3275053 ], [ 69.2692299, 41.3271384 ], [ 69.2690904, 41.3271157 ], [ 69.2691126, 41.3270292 ], [ 69.269118, 41.327 ], [ 69.2695411, 41.3270585 ], [ 69.2695158, 41.3272025 ], [ 69.269512, 41.3273594 ], [ 69.2695859, 41.3276407 ], [ 69.2692668, 41.3275833 ], [ 69.2691264, 41.3275613 ] ] ] } },
{ "type": "Feature", "properties": { "id": "way/688559655", "@timestamp": "2019-05-08T07:09:18", "Площадь": 0.06, "Туман": "Учтепа" }, "geometry": { "type": "Polygon", "coordinates": [ [ [ 69.1532385, 41.3141224 ], [ 69.1531619, 41.3139451 ], [ 69.1534792, 41.3138676 ], [ 69.1535559, 41.3140449 ], [ 69.1532385, 41.3141224 ] ] ] } },
{ "type": "Feature", "properties": { "id": "way/688559656", "@timestamp": "2019-05-08T07:09:18", "Площадь": 0.07, "Туман": "Учтепа" }, "geometry": { "type": "Polygon", "coordinates": [ [ [ 69.1533718, 41.3142308 ], [ 69.1536752, 41.3141574 ], [ 69.1537759, 41.3143921 ], [ 69.1534725, 41.3144655 ], [ 69.1533718, 41.3142308 ] ] ] } },
{ "type": "Feature", "properties": { "id": "way/688559670", "@timestamp": "2019-05-08T07:09:19", "Площадь": 0.26, "Туман": "Учтепа" }, "geometry": { "type": "Polygon", "coordinates": [ [ [ 69.151455, 41.3104818 ], [ 69.1518734, 41.3103851 ], [ 69.152124, 41.3110046 ], [ 69.151715, 41.3111003 ], [ 69.151455, 41.3104818 ] ] ] } },
{ "type": "Feature", "properties": { "id": "way/688559725", "@timestamp": "2019-05-08T07:09:22", "Площадь": 0.05, "Туман": "Учтепа" }, "geometry": { "type": "Polygon", "coordinates": [ [ [ 69.1593344, 41.3271322 ], [ 69.159188, 41.3271701 ], [ 69.1590406, 41.3268491 ], [ 69.1591151, 41.3268298 ], [ 69.159187, 41.3268112 ], [ 69.1593344, 41.3271322 ] ] ] } },
{ "type": "Feature", "properties": { "id": "way/688559727", "@timestamp": "2019-05-08T07:09:22", "Площадь": 0.04, "Туман": "Учтепа" }, "geometry": { "type": "Polygon", "coordinates": [ [ [ 69.1584894, 41.3259048 ], [ 69.1586563, 41.3258626 ], [ 69.1587601, 41.3260941 ], [ 69.1585932, 41.3261363 ], [ 69.1584894, 41.3259048 ] ] ] } },
{ "type": "Feature", "properties": { "id": "way/689476469", "@timestamp": "2019-05-12T14:16:06", "Площадь": 0.03, "Туман": "Шайхонтоҳур" }, "geometry": { "type": "Polygon", "coordinates": [ [ [ 69.195844, 41.3424886 ], [ 69.1957058, 41.3425466 ], [ 69.1955696, 41.3423666 ], [ 69.1957485, 41.3422948 ], [ 69.195844, 41.3424886 ] ] ] } },
{ "type": "Feature", "properties": { "id": "way/691626526", "@timestamp": "2019-05-22T09:35:35", "Площадь": 0.1, "Туман": "Чилонзор" }, "geometry": { "type": "Polygon", "coordinates": [ [ [ 69.2241283, 41.2772059 ], [ 69.2240819, 41.2770847 ], [ 69.2240233, 41.2769317 ], [ 69.2243845, 41.2768531 ], [ 69.2244901, 41.2771273 ], [ 69.2241283, 41.2772059 ] ] ] } },
{ "type": "Feature", "properties": { "id": "way/692204511", "@timestamp": "2019-05-24T10:52:33", "Площадь": 0.02, "Туман": "Миробод" }, "geometry": { "type": "Polygon", "coordinates": [ [ [ 69.2725427, 41.2998749 ], [ 69.2725897, 41.299905 ], [ 69.2722862, 41.3001804 ], [ 69.2722415, 41.3001521 ], [ 69.2725427, 41.2998749 ] ] ] } },
{ "type": "Feature", "properties": { "id": "way/692204514", "@timestamp": "2019-05-24T10:52:33", "Площадь": 0.0, "Туман": "Миробод" }, "geometry": { "type": "Polygon", "coordinates": [ [ [ 69.2721505, 41.3004065 ], [ 69.2722285, 41.3004546 ], [ 69.2722096, 41.3004719 ], [ 69.2721316, 41.3004238 ], [ 69.2721505, 41.3004065 ] ] ] } },
{ "type": "Feature", "properties": { "id": "way/692204543", "@timestamp": "2019-05-24T10:52:34", "Площадь": 0.01, "Туман": "Миробод" }, "geometry": { "type": "Polygon", "coordinates": [ [ [ 69.2720625, 41.3003902 ], [ 69.2720903, 41.3004096 ], [ 69.271955, 41.3005196 ], [ 69.2719271, 41.3005002 ], [ 69.2720625, 41.3003902 ] ] ] } },
{ "type": "Feature", "properties": { "id": "way/694030510", "@timestamp": "2023-11-15T16:48:14", "Площадь": 0.36, "Туман": "Яшнобод" }, "geometry": { "type": "Polygon", "coordinates": [ [ [ 69.3288175, 41.2636221 ], [ 69.3286483, 41.2639079 ], [ 69.3276368, 41.2636275 ], [ 69.3278825, 41.2632482 ], [ 69.3288175, 41.2636221 ] ] ] } },
{ "type": "Feature", "properties": { "id": "way/694434980", "@timestamp": "2019-06-04T06:03:03", "Площадь": 0.1, "Туман": "Олмазор" }, "geometry": { "type": "Polygon", "coordinates": [ [ [ 69.221089, 41.3389821 ], [ 69.221026, 41.3388539 ], [ 69.2210565, 41.3387577 ], [ 69.2217293, 41.3387562 ], [ 69.2217375, 41.3388432 ], [ 69.221089, 41.3389821 ] ] ] } },
{ "type": "Feature", "properties": { "id": "way/695945084", "@timestamp": "2026-04-05T20:08:19", "Площадь": 0.18, "Туман": "Шайхонтоҳур" }, "geometry": { "type": "Polygon", "coordinates": [ [ [ 69.2314495, 41.3246353 ], [ 69.2316062, 41.3245846 ], [ 69.2319733, 41.3243781 ], [ 69.2321458, 41.3244389 ], [ 69.2323995, 41.3244629 ], [ 69.2317551, 41.3248225 ], [ 69.2316626, 41.324808 ], [ 69.2315825, 41.324768 ], [ 69.2314495, 41.3246353 ] ] ] } },
{ "type": "Feature", "properties": { "id": "way/696154491", "@timestamp": "2019-06-10T13:58:16", "Площадь": 0.1, "Туман": "Сергели" }, "geometry": { "type": "Polygon", "coordinates": [ [ [ 69.2135829, 41.2259261 ], [ 69.2129512, 41.225682 ], [ 69.2130389, 41.2255537 ], [ 69.2136705, 41.2257978 ], [ 69.2135829, 41.2259261 ] ] ] } },
{ "type": "Feature", "properties": { "id": "way/697691033", "@timestamp": "2019-06-17T07:03:56", "Площадь": 0.27, "Туман": "Миробод" }, "geometry": { "type": "Polygon", "coordinates": [ [ [ 69.2851257, 41.2995899 ], [ 69.2853762, 41.2993597 ], [ 69.2861245, 41.2998194 ], [ 69.285874, 41.3000495 ], [ 69.2851257, 41.2995899 ] ] ] } },
{ "type": "Feature", "properties": { "id": "way/698905746", "@timestamp": "2025-12-17T09:18:55", "Площадь": 1.07, "Туман": "Бектемир" }, "geometry": { "type": "Polygon", "coordinates": [ [ [ 69.327641, 41.2390118 ], [ 69.3270703, 41.2388024 ], [ 69.3273595, 41.2383184 ], [ 69.3274609, 41.2381571 ], [ 69.3277712, 41.2376906 ], [ 69.3281595, 41.2377983 ], [ 69.3281493, 41.2378497 ], [ 69.3282827, 41.2379858 ], [ 69.3284175, 41.2381299 ], [ 69.328662, 41.2382705 ], [ 69.3288034, 41.2382782 ], [ 69.3290337, 41.237934 ], [ 69.3295339, 41.2380927 ], [ 69.329329, 41.2384094 ], [ 69.3292458, 41.2385077 ], [ 69.3292676, 41.2385161 ], [ 69.3292351, 41.2385506 ], [ 69.329105, 41.2384931 ], [ 69.3290604, 41.2384972 ], [ 69.3286705, 41.2383797 ], [ 69.3286326, 41.2383424 ], [ 69.3281521, 41.2382088 ], [ 69.327641, 41.2390118 ] ] ] } },
{ "type": "Feature", "properties": { "id": "way/700564842", "@timestamp": "2019-06-29T18:53:08", "Площадь": 0.05, "Туман": "Чилонзор" }, "geometry": { "type": "Polygon", "coordinates": [ [ [ 69.2080689, 41.2719388 ], [ 69.2084242, 41.2717175 ], [ 69.2085317, 41.271815 ], [ 69.2081764, 41.2720362 ], [ 69.2080689, 41.2719388 ] ] ] } },
{ "type": "Feature", "properties": { "id": "way/705027028", "@timestamp": "2026-03-09T16:51:05", "Площадь": 0.11, "Туман": "Олмазор" }, "geometry": { "type": "Polygon", "coordinates": [ [ [ 69.2069142, 41.3443501 ], [ 69.2070971, 41.3442914 ], [ 69.207303, 41.3446598 ], [ 69.2075065, 41.344595 ], [ 69.2075241, 41.3446263 ], [ 69.2074729, 41.3447102 ], [ 69.2073396, 41.3448005 ], [ 69.2073117, 41.3448115 ], [ 69.2072783, 41.3448137 ], [ 69.2072196, 41.3447939 ], [ 69.2071789, 41.344774 ], [ 69.2071455, 41.3447484 ], [ 69.2071249, 41.3447206 ], [ 69.2071078, 41.3446976 ], [ 69.2069142, 41.3443501 ] ] ] } },
{ "type": "Feature", "properties": { "id": "way/705749009", "@timestamp": "2019-07-19T13:04:59", "Площадь": 0.06, "Туман": "Олмазор" }, "geometry": { "type": "Polygon", "coordinates": [ [ [ 69.2407247, 41.3491591 ], [ 69.2406982, 41.3490316 ], [ 69.2414626, 41.3489618 ], [ 69.2414626, 41.3490223 ], [ 69.2410105, 41.3490953 ], [ 69.2407247, 41.3491591 ] ] ] } },
{ "type": "Feature", "properties": { "id": "way/705749016", "@timestamp": "2019-07-19T13:04:59", "Площадь": 0.11, "Туман": "Олмазор" }, "geometry": { "type": "Polygon", "coordinates": [ [ [ 69.2387478, 41.3500149 ], [ 69.238808, 41.3503656 ], [ 69.2388138, 41.3507231 ], [ 69.2386416, 41.3507282 ], [ 69.2385832, 41.3501783 ], [ 69.2387478, 41.3500149 ] ] ] } },
{ "type": "Feature", "properties": { "id": "way/706572232", "@timestamp": "2019-07-23T07:05:15", "Площадь": 0.06, "Туман": "Мирзо Улуғбек" }, "geometry": { "type": "Polygon", "coordinates": [ [ [ 69.3407579, 41.3524609 ], [ 69.3407357, 41.3522443 ], [ 69.3410026, 41.3522393 ], [ 69.3410106, 41.3524235 ], [ 69.3410254, 41.3524899 ], [ 69.3407579, 41.3524609 ] ] ] } },
{ "type": "Feature", "properties": { "id": "way/707210180", "@timestamp": "2021-01-08T19:34:15", "Площадь": 0.03, "Туман": "Чилонзор" }, "geometry": { "type": "Polygon", "coordinates": [ [ [ 69.2222897, 41.2768411 ], [ 69.2221839, 41.2766881 ], [ 69.2223772, 41.276608 ], [ 69.2223821, 41.2766317 ], [ 69.2223932, 41.2766543 ], [ 69.2224105, 41.2766828 ], [ 69.2224356, 41.2767184 ], [ 69.2224776, 41.276778 ], [ 69.2222897, 41.2768411 ] ] ] } },
{ "type": "Feature", "properties": { "id": "way/707400313", "@timestamp": "2019-07-25T18:31:57", "Площадь": 0.08, "Туман": "Чилонзор" }, "geometry": { "type": "Polygon", "coordinates": [ [ [ 69.1975318, 41.2901218 ], [ 69.1976867, 41.2901252 ], [ 69.1976788, 41.2903233 ], [ 69.1978811, 41.2903278 ], [ 69.1978707, 41.2905881 ], [ 69.1977246, 41.2905848 ], [ 69.1977321, 41.2903968 ], [ 69.1975211, 41.2903921 ], [ 69.1975318, 41.2901218 ] ] ] } },
{ "type": "Feature", "properties": { "id": "way/710699453", "@timestamp": "2026-04-17T20:19:09", "Площадь": 0.12, "Туман": "Юнусобод" }, "geometry": { "type": "Polygon", "coordinates": [ [ [ 69.2922995, 41.3341315 ], [ 69.2921636, 41.3341452 ], [ 69.2920005, 41.3332358 ], [ 69.2921364, 41.3332221 ], [ 69.2922995, 41.3341315 ] ] ] } },
{ "type": "Feature", "properties": { "id": "way/714694153", "@timestamp": "2019-08-17T08:41:16", "Площадь": 0.03, "Туман": "Чилонзор" }, "geometry": { "type": "Polygon", "coordinates": [ [ [ 69.194173, 41.3023662 ], [ 69.1941795, 41.302068 ], [ 69.1942416, 41.3020693 ], [ 69.1943397, 41.3023448 ], [ 69.194173, 41.3023662 ] ] ] } },
{ "type": "Feature", "properties": { "id": "way/718802548", "@timestamp": "2024-09-28T19:24:07", "Площадь": 0.11, "Туман": "Яккасарой" }, "geometry": { "type": "Polygon", "coordinates": [ [ [ 69.2607452, 41.2734848 ], [ 69.2607182, 41.2734089 ], [ 69.2607967, 41.2731913 ], [ 69.2613276, 41.2732511 ], [ 69.2613432, 41.273308 ], [ 69.2611036, 41.2733734 ], [ 69.2611222, 41.2734826 ], [ 69.2607452, 41.2734848 ] ] ] } },
{ "type": "Feature", "properties": { "id": "way/720021146", "@timestamp": "2025-11-23T17:39:37", "Площадь": 0.24, "Туман": "Шайхонтоҳур" }, "geometry": { "type": "Polygon", "coordinates": [ [ [ 69.2650303, 41.3283537 ], [ 69.265128, 41.328028 ], [ 69.2652657, 41.3280513 ], [ 69.2658348, 41.3281476 ], [ 69.2658971, 41.3281581 ], [ 69.2657994, 41.3284839 ], [ 69.2650303, 41.3283537 ] ] ] } },
{ "type": "Feature", "properties": { "id": "way/720021147", "@timestamp": "2026-01-28T17:24:34", "Площадь": 0.14, "Туман": "Шайхонтоҳур" }, "geometry": { "type": "Polygon", "coordinates": [ [ [ 69.265348, 41.3278093 ], [ 69.2659686, 41.3279258 ], [ 69.2659003, 41.3281446 ], [ 69.2652713, 41.3280395 ], [ 69.265348, 41.3278093 ] ] ] } },
{ "type": "Feature", "properties": { "id": "way/720573682", "@timestamp": "2019-08-31T19:04:51", "Площадь": 0.02, "Туман": "Шайхонтоҳур" }, "geometry": { "type": "Polygon", "coordinates": [ [ [ 69.1717679, 41.3410335 ], [ 69.1717681, 41.3409266 ], [ 69.17196, 41.3409268 ], [ 69.1719599, 41.3410336 ], [ 69.1717679, 41.3410335 ] ] ] } },
{ "type": "Feature", "properties": { "id": "way/720573683", "@timestamp": "2019-08-31T19:04:51", "Площадь": 0.03, "Туман": "Шайхонтоҳур" }, "geometry": { "type": "Polygon", "coordinates": [ [ [ 69.1717614, 41.3408154 ], [ 69.1714978, 41.3408154 ], [ 69.1714978, 41.3407437 ], [ 69.1716252, 41.3406653 ], [ 69.1717614, 41.3406653 ], [ 69.1717614, 41.3408154 ] ] ] } },
{ "type": "Feature", "properties": { "id": "way/720573690", "@timestamp": "2019-08-31T19:04:51", "Площадь": 0.03, "Туман": "Шайхонтоҳур" }, "geometry": { "type": "Polygon", "coordinates": [ [ [ 69.1723536, 41.3405447 ], [ 69.1728077, 41.3405422 ], [ 69.1728084, 41.3406162 ], [ 69.1723543, 41.3406186 ], [ 69.1723536, 41.3405447 ] ] ] } },
{ "type": "Feature", "properties": { "id": "way/720573695", "@timestamp": "2019-08-31T19:04:51", "Площадь": 0.02, "Туман": "Шайхонтоҳур" }, "geometry": { "type": "Polygon", "coordinates": [ [ [ 69.1735123, 41.3408545 ], [ 69.1735137, 41.3407266 ], [ 69.1738515, 41.3408333 ], [ 69.1738555, 41.3408635 ], [ 69.1735123, 41.3408545 ] ] ] } },
{ "type": "Feature", "properties": { "id": "way/725342597", "@timestamp": "2026-01-12T16:12:22", "Площадь": 0.39, "Туман": "Миробод" }, "geometry": { "type": "Polygon", "coordinates": [ [ [ 69.2821128, 41.2922755 ], [ 69.2820461, 41.292235 ], [ 69.2816802, 41.2923495 ], [ 69.2815766, 41.2924005 ], [ 69.2814898, 41.2924641 ], [ 69.2810563, 41.2928378 ], [ 69.2810006, 41.2928858 ], [ 69.2807219, 41.2926886 ], [ 69.2811557, 41.2923402 ], [ 69.2814623, 41.2922234 ], [ 69.2818211, 41.2921097 ], [ 69.2824054, 41.2919509 ], [ 69.2823128, 41.2922314 ], [ 69.2821128, 41.2922755 ] ] ] } },
{ "type": "Feature", "properties": { "id": "way/725343125", "@timestamp": "2023-09-26T10:17:40", "Площадь": 0.19, "Туман": "Яшнобод" }, "geometry": { "type": "Polygon", "coordinates": [ [ [ 69.2957631, 41.3001528 ], [ 69.2966004, 41.3001566 ], [ 69.2965985, 41.3003976 ], [ 69.2957612, 41.3003939 ], [ 69.2957631, 41.3001528 ] ] ] } },
{ "type": "Feature", "properties": { "id": "way/725375565", "@timestamp": "2026-02-11T18:04:14", "Площадь": 0.19, "Туман": "Яшнобод" }, "geometry": { "type": "Polygon", "coordinates": [ [ [ 69.3233766, 41.2940871 ], [ 69.3238038, 41.2942168 ], [ 69.3240537, 41.2942905 ], [ 69.3239437, 41.2945329 ], [ 69.3232109, 41.2943683 ], [ 69.3233766, 41.2940871 ] ] ] } },
{ "type": "Feature", "properties": { "id": "way/727058243", "@timestamp": "2019-09-21T10:23:31", "Площадь": 0.01, "Туман": "Шайхонтоҳур" }, "geometry": { "type": "Polygon", "coordinates": [ [ [ 69.2370675, 41.3139313 ], [ 69.2370945, 41.3139442 ], [ 69.2371321, 41.3141921 ], [ 69.2370988, 41.3141822 ], [ 69.2370675, 41.3139313 ] ] ] } },
{ "type": "Feature", "properties": { "id": "way/732174079", "@timestamp": "2025-03-17T21:55:04", "Площадь": 0.07, "Туман": "Юнусобод" }, "geometry": { "type": "Polygon", "coordinates": [ [ [ 69.2869009, 41.333605 ], [ 69.2868709, 41.3334294 ], [ 69.2872748, 41.3333812 ], [ 69.2872996, 41.3335642 ], [ 69.287099, 41.3335848 ], [ 69.2869009, 41.333605 ] ] ] } },
{ "type": "Feature", "properties": { "id": "way/735049977", "@timestamp": "2026-01-30T01:49:55", "Площадь": 0.09, "Туман": "Мирзо Улуғбек" }, "geometry": { "type": "Polygon", "coordinates": [ [ [ 69.2954245, 41.3072239 ], [ 69.2951949, 41.3073227 ], [ 69.2951717, 41.3072302 ], [ 69.2952365, 41.307169 ], [ 69.2952608, 41.3071673 ], [ 69.2957244, 41.3071454 ], [ 69.2957219, 41.3072673 ], [ 69.2957177, 41.3074748 ], [ 69.295646, 41.3075145 ], [ 69.2954245, 41.3072239 ] ] ] } },
{ "type": "Feature", "properties": { "id": "way/735178305", "@timestamp": "2025-01-06T22:38:06", "Площадь": 0.11, "Туман": "Учтепа" }, "geometry": { "type": "Polygon", "coordinates": [ [ [ 69.1927951, 41.3257173 ], [ 69.1930454, 41.3256604 ], [ 69.1932946, 41.3260261 ], [ 69.1932373, 41.3260808 ], [ 69.1930149, 41.3260944 ], [ 69.1929978, 41.3259276 ], [ 69.1928193, 41.3259315 ], [ 69.1927951, 41.3257173 ] ] ] } },
{ "type": "Feature", "properties": { "id": "way/735179254", "@timestamp": "2019-10-16T11:59:08", "Площадь": 0.02, "Туман": "Учтепа" }, "geometry": { "type": "Polygon", "coordinates": [ [ [ 69.1928258, 41.3190078 ], [ 69.1928295, 41.3188594 ], [ 69.1929474, 41.3188611 ], [ 69.1929424, 41.3190561 ], [ 69.1928258, 41.3190078 ] ] ] } },
{ "type": "Feature", "properties": { "id": "way/735251960", "@timestamp": "2019-10-16T15:44:15", "Площадь": 0.13, "Туман": "Яшнобод" }, "geometry": { "type": "Polygon", "coordinates": [ [ [ 69.322044, 41.3042655 ], [ 69.3220427, 41.3040739 ], [ 69.3227242, 41.3041179 ], [ 69.3226868, 41.3043536 ], [ 69.322044, 41.3042655 ] ] ] } },
{ "type": "Feature", "properties": { "id": "way/736520609", "@timestamp": "2024-01-22T08:55:07", "Площадь": 0.04, "Туман": "Мирзо Улуғбек" }, "geometry": { "type": "Polygon", "coordinates": [ [ [ 69.3337552, 41.3269293 ], [ 69.3337182, 41.3270762 ], [ 69.3334009, 41.3270334 ], [ 69.3334363, 41.3268865 ], [ 69.3337552, 41.3269293 ] ] ] } },
{ "type": "Feature", "properties": { "id": "way/737517637", "@timestamp": "2023-04-07T04:43:13", "Площадь": 0.07, "Туман": "Чилонзор" }, "geometry": { "type": "Polygon", "coordinates": [ [ [ 69.2294101, 41.2884746 ], [ 69.2294546, 41.2885145 ], [ 69.2284023, 41.2891789 ], [ 69.2283576, 41.2891389 ], [ 69.2294101, 41.2884746 ] ] ] } },
{ "type": "Feature", "properties": { "id": "way/738509509", "@timestamp": "2020-07-13T16:04:08", "Площадь": 0.11, "Туман": "Мирзо Улуғбек" }, "geometry": { "type": "Polygon", "coordinates": [ [ [ 69.3315444, 41.3266921 ], [ 69.3304158, 41.3265456 ], [ 69.3304403, 41.3264394 ], [ 69.3315689, 41.326586 ], [ 69.3315626, 41.3266131 ], [ 69.3315444, 41.3266921 ] ] ] } },
{ "type": "Feature", "properties": { "id": "way/738864908", "@timestamp": "2019-10-26T12:55:27", "Площадь": 0.2, "Туман": "Чилонзор" }, "geometry": { "type": "Polygon", "coordinates": [ [ [ 69.2460307, 41.3114294 ], [ 69.2444745, 41.3114862 ], [ 69.2442406, 41.3114809 ], [ 69.2441038, 41.3114885 ], [ 69.2440983, 41.311365 ], [ 69.2443679, 41.3113455 ], [ 69.2446666, 41.3113805 ], [ 69.2460201, 41.3113168 ], [ 69.2460307, 41.3114294 ] ] ] } },
{ "type": "Feature", "properties": { "id": "way/741205468", "@timestamp": "2019-11-02T11:13:09", "Площадь": 0.15, "Туман": "Яккасарой" }, "geometry": { "type": "Polygon", "coordinates": [ [ [ 69.2598587, 41.2741281 ], [ 69.2590949, 41.2738861 ], [ 69.2591593, 41.2737562 ], [ 69.2591829, 41.2737088 ], [ 69.2599747, 41.2739643 ], [ 69.2599589, 41.2739866 ], [ 69.2598587, 41.2741281 ] ] ] } },
{ "type": "Feature", "properties": { "id": "way/742901025", "@timestamp": "2026-02-24T16:31:02", "Площадь": 0.22, "Туман": "Чилонзор" }, "geometry": { "type": "Polygon", "coordinates": [ [ [ 69.2166328, 41.287135 ], [ 69.2160641, 41.2866418 ], [ 69.2162521, 41.2865188 ], [ 69.2161603, 41.2864416 ], [ 69.2162281, 41.2863997 ], [ 69.2165677, 41.2866982 ], [ 69.2169724, 41.2870559 ], [ 69.2169315, 41.2870811 ], [ 69.2168472, 41.2870036 ], [ 69.2166328, 41.287135 ] ] ] } },
{ "type": "Feature", "properties": { "id": "way/744561255", "@timestamp": "2019-11-12T09:08:13", "Площадь": 0.03, "Туман": "Юнусобод" }, "geometry": { "type": "Polygon", "coordinates": [ [ [ 69.2869769, 41.3530291 ], [ 69.2872354, 41.3529992 ], [ 69.2872614, 41.3531261 ], [ 69.287003, 41.353156 ], [ 69.2869769, 41.3530291 ] ] ] } },
{ "type": "Feature", "properties": { "id": "way/757218230", "@timestamp": "2024-10-06T19:04:22", "Площадь": 0.04, "Туман": "Яккасарой" }, "geometry": { "type": "Polygon", "coordinates": [ [ [ 69.253881, 41.2839598 ], [ 69.2537003, 41.2839172 ], [ 69.2537937, 41.2837168 ], [ 69.2539756, 41.2837633 ], [ 69.253881, 41.2839598 ] ] ] } },
{ "type": "Feature", "properties": { "id": "way/757874930", "@timestamp": "2020-02-16T17:19:39", "Площадь": 0.09, "Туман": "Чилонзор" }, "geometry": { "type": "Polygon", "coordinates": [ [ [ 69.202587, 41.2836727 ], [ 69.2026753, 41.2837751 ], [ 69.2024281, 41.2838556 ], [ 69.2021346, 41.2839704 ], [ 69.2019408, 41.2840524 ], [ 69.2019006, 41.2839993 ], [ 69.2018634, 41.2839502 ], [ 69.2021026, 41.2838526 ], [ 69.2023157, 41.283767 ], [ 69.2024789, 41.283706 ], [ 69.202587, 41.2836727 ] ] ] } },
{ "type": "Feature", "properties": { "id": "way/761462979", "@timestamp": "2026-02-12T01:31:19", "Площадь": 0.39, "Туман": "Олмазор" }, "geometry": { "type": "Polygon", "coordinates": [ [ [ 69.2178322, 41.350704 ], [ 69.2177565, 41.3501874 ], [ 69.2181001, 41.3499892 ], [ 69.2184008, 41.3502651 ], [ 69.2184249, 41.3502837 ], [ 69.2184799, 41.3503174 ], [ 69.2184984, 41.3503317 ], [ 69.218562, 41.3504068 ], [ 69.2186274, 41.3505116 ], [ 69.2186589, 41.3506272 ], [ 69.2178322, 41.350704 ] ] ] } },
{ "type": "Feature", "properties": { "id": "way/761462983", "@timestamp": "2026-02-12T01:31:19", "Площадь": 0.05, "Туман": "Олмазор" }, "geometry": { "type": "Polygon", "coordinates": [ [ [ 69.2150819, 41.3473087 ], [ 69.214886, 41.3471934 ], [ 69.2148854, 41.3471415 ], [ 69.215019, 41.3470124 ], [ 69.215248, 41.3471465 ], [ 69.2150819, 41.3473087 ] ] ] } },
{ "type": "Feature", "properties": { "id": "way/764601647", "@timestamp": "2020-01-19T16:48:53", "Площадь": 0.07, "Туман": "Учтепа" }, "geometry": { "type": "Polygon", "coordinates": [ [ [ 69.1891237, 41.2841024 ], [ 69.1895368, 41.2838377 ], [ 69.1896643, 41.2839427 ], [ 69.1892482, 41.2842097 ], [ 69.1891237, 41.2841024 ] ] ] } },
{ "type": "Feature", "properties": { "id": "way/764601649", "@timestamp": "2020-01-19T16:48:53", "Площадь": 0.01, "Туман": "Учтепа" }, "geometry": { "type": "Polygon", "coordinates": [ [ [ 69.1896582, 41.2836416 ], [ 69.1897295, 41.283597 ], [ 69.1898526, 41.2837078 ], [ 69.1897816, 41.2837526 ], [ 69.1896582, 41.2836416 ] ] ] } },
{ "type": "Feature", "properties": { "id": "way/767639108", "@timestamp": "2024-12-18T19:09:04", "Площадь": 0.06, "Туман": "Чилонзор" }, "geometry": { "type": "Polygon", "coordinates": [ [ [ 69.2214067, 41.2821803 ], [ 69.2212621, 41.2820791 ], [ 69.2212056, 41.2820396 ], [ 69.2211491, 41.2820001 ], [ 69.2211771, 41.2819794 ], [ 69.221405, 41.2818092 ], [ 69.2214788, 41.2818661 ], [ 69.2213379, 41.2819775 ], [ 69.2214978, 41.2820916 ], [ 69.2215355, 41.2821176 ], [ 69.2214705, 41.2821715 ], [ 69.2214384, 41.2822 ], [ 69.2214067, 41.2821803 ] ] ] } },
{ "type": "Feature", "properties": { "id": "way/778057614", "@timestamp": "2025-03-29T15:34:56", "Площадь": 0.25, "Туман": "Чилонзор" }, "geometry": { "type": "Polygon", "coordinates": [ [ [ 69.2009608, 41.2811544 ], [ 69.2019254, 41.2821171 ], [ 69.2017445, 41.2822183 ], [ 69.2013638, 41.2818388 ], [ 69.2007896, 41.2812363 ], [ 69.2009608, 41.2811544 ] ] ] } },
{ "type": "Feature", "properties": { "id": "way/781860525", "@timestamp": "2025-12-07T22:15:30", "Площадь": 0.14, "Туман": "Яшнобод" }, "geometry": { "type": "Polygon", "coordinates": [ [ [ 69.3502905, 41.3067478 ], [ 69.3516205, 41.3065369 ], [ 69.3516581, 41.3066457 ], [ 69.3503439, 41.3068485 ], [ 69.3502905, 41.3067478 ] ] ] } },
{ "type": "Feature", "properties": { "id": "way/783097906", "@timestamp": "2020-03-20T20:46:47", "Площадь": 0.19, "Туман": "Сергели" }, "geometry": { "type": "Polygon", "coordinates": [ [ [ 69.236394, 41.2151132 ], [ 69.236518, 41.2149358 ], [ 69.2374287, 41.2152936 ], [ 69.2373026, 41.2154695 ], [ 69.236394, 41.2151132 ] ] ] } },
{ "type": "Feature", "properties": { "id": "way/789176836", "@timestamp": "2020-04-08T06:53:16", "Площадь": 0.36, "Туман": "Чилонзор" }, "geometry": { "type": "Polygon", "coordinates": [ [ [ 69.1974141, 41.2874567 ], [ 69.1980249, 41.2875217 ], [ 69.1982693, 41.2878641 ], [ 69.1977831, 41.2880917 ], [ 69.1977373, 41.2880228 ], [ 69.1976508, 41.2880572 ], [ 69.1976126, 41.2879807 ], [ 69.1973973, 41.2880327 ], [ 69.1974141, 41.2874567 ] ] ] } },
{ "type": "Feature", "properties": { "id": "way/790828384", "@timestamp": "2024-02-08T15:17:13", "Площадь": 0.12, "Туман": "Чилонзор" }, "geometry": { "type": "Polygon", "coordinates": [ [ [ 69.2261887, 41.2829865 ], [ 69.2255957, 41.2833504 ], [ 69.2254985, 41.2832609 ], [ 69.2254546, 41.2832205 ], [ 69.2260476, 41.2828566 ], [ 69.2261887, 41.2829865 ] ] ] } },
{ "type": "Feature", "properties": { "id": "way/790828389", "@timestamp": "2023-12-05T17:05:39", "Площадь": 0.1, "Туман": "Чилонзор" }, "geometry": { "type": "Polygon", "coordinates": [ [ [ 69.2234139, 41.2766241 ], [ 69.2232985, 41.2763767 ], [ 69.2234708, 41.2762775 ], [ 69.2236249, 41.2762743 ], [ 69.2237373, 41.2765482 ], [ 69.2234139, 41.2766241 ] ] ] } },
{ "type": "Feature", "properties": { "id": "way/791039183", "@timestamp": "2020-04-12T13:59:29", "Площадь": 0.09, "Туман": "Шайхонтоҳур" }, "geometry": { "type": "Polygon", "coordinates": [ [ [ 69.2472626, 41.3130883 ], [ 69.2472603, 41.3130569 ], [ 69.2471675, 41.3122476 ], [ 69.2471647, 41.312216 ], [ 69.2472797, 41.3122501 ], [ 69.2473688, 41.3130334 ], [ 69.2472626, 41.3130883 ] ] ] } },
{ "type": "Feature", "properties": { "id": "way/791039192", "@timestamp": "2020-04-12T13:59:29", "Площадь": 0.29, "Туман": "Шайхонтоҳур" }, "geometry": { "type": "Polygon", "coordinates": [ [ [ 69.2478814, 41.3145003 ], [ 69.2478772, 41.3144668 ], [ 69.2478752, 41.3144509 ], [ 69.247939, 41.3143685 ], [ 69.2503314, 41.3142037 ], [ 69.2504093, 41.3142515 ], [ 69.2504131, 41.3142817 ], [ 69.250418, 41.3143213 ], [ 69.2478814, 41.3145003 ] ] ] } },
{ "type": "Feature", "properties": { "id": "way/791039200", "@timestamp": "2020-04-12T13:59:29", "Площадь": 0.05, "Туман": "Шайхонтоҳур" }, "geometry": { "type": "Polygon", "coordinates": [ [ [ 69.2474238, 41.3144174 ], [ 69.2474208, 41.3143891 ], [ 69.2473759, 41.3139436 ], [ 69.2473721, 41.313921 ], [ 69.2474852, 41.3139479 ], [ 69.2475287, 41.3143608 ], [ 69.2474238, 41.3144174 ] ] ] } },
{ "type": "Feature", "properties": { "id": "way/791039202", "@timestamp": "2020-04-12T13:59:29", "Площадь": 0.04, "Туман": "Шайхонтоҳур" }, "geometry": { "type": "Polygon", "coordinates": [ [ [ 69.2508334, 41.3141862 ], [ 69.2507281, 41.314152 ], [ 69.2506756, 41.3137149 ], [ 69.2507609, 41.3136709 ], [ 69.2507681, 41.3137078 ], [ 69.2508286, 41.3141406 ], [ 69.2508334, 41.3141862 ] ] ] } },
{ "type": "Feature", "properties": { "id": "way/793382191", "@timestamp": "2024-08-24T19:35:45", "Площадь": 0.4, "Туман": "Чилонзор" }, "geometry": { "type": "Polygon", "coordinates": [ [ [ 69.1927518, 41.2569825 ], [ 69.1918818, 41.2577695 ], [ 69.1915888, 41.2575886 ], [ 69.1920022, 41.2571984 ], [ 69.1919935, 41.2571396 ], [ 69.1923989, 41.2567589 ], [ 69.1927518, 41.2569825 ] ] ] } },
{ "type": "Feature", "properties": { "id": "way/794808140", "@timestamp": "2020-04-22T13:29:28", "Площадь": 0.05, "Туман": "Учтепа" }, "geometry": { "type": "Polygon", "coordinates": [ [ [ 69.1899374, 41.2875843 ], [ 69.1900878, 41.2874754 ], [ 69.1903201, 41.2876564 ], [ 69.1901697, 41.2877654 ], [ 69.1899374, 41.2875843 ] ] ] } },
{ "type": "Feature", "properties": { "id": "way/794808143", "@timestamp": "2020-04-22T13:29:28", "Площадь": 0.17, "Туман": "Чилонзор" }, "geometry": { "type": "Polygon", "coordinates": [ [ [ 69.1987849, 41.2906889 ], [ 69.198795, 41.290511 ], [ 69.198918, 41.290515 ], [ 69.198923, 41.2904275 ], [ 69.1996427, 41.2904507 ], [ 69.1994323, 41.2907097 ], [ 69.1987849, 41.2906889 ] ] ] } },
{ "type": "Feature", "properties": { "id": "way/800379864", "@timestamp": "2024-09-01T18:37:57", "Площадь": 0.23, "Туман": "Шайхонтоҳур" }, "geometry": { "type": "Polygon", "coordinates": [ [ [ 69.2259299, 41.3195877 ], [ 69.2261027, 41.3193843 ], [ 69.2263414, 41.3192468 ], [ 69.2263997, 41.3192061 ], [ 69.2264461, 41.3190505 ], [ 69.2266118, 41.3189329 ], [ 69.2266208, 41.3189094 ], [ 69.227106, 41.3190047 ], [ 69.2260193, 41.3196369 ], [ 69.2259299, 41.3195877 ] ] ] } },
{ "type": "Feature", "properties": { "id": "way/800379867", "@timestamp": "2024-09-01T18:37:57", "Площадь": 0.15, "Туман": "Шайхонтоҳур" }, "geometry": { "type": "Polygon", "coordinates": [ [ [ 69.225152, 41.3197421 ], [ 69.2254425, 41.3195754 ], [ 69.2255927, 41.3196056 ], [ 69.2256651, 41.3196238 ], [ 69.225708, 41.319662 ], [ 69.2258019, 41.319795 ], [ 69.2254183, 41.3200166 ], [ 69.225152, 41.3197421 ] ] ] } },
{ "type": "Feature", "properties": { "id": "way/802498819", "@timestamp": "2025-09-08T21:57:33", "Площадь": 0.07, "Туман": "Чилонзор" }, "geometry": { "type": "Polygon", "coordinates": [ [ [ 69.1911472, 41.2550339 ], [ 69.1913128, 41.2548745 ], [ 69.1915034, 41.2549558 ], [ 69.1915041, 41.2550176 ], [ 69.19151, 41.2550793 ], [ 69.191517, 41.255132 ], [ 69.1915292, 41.2551847 ], [ 69.1915486, 41.2552399 ], [ 69.1915707, 41.2552931 ], [ 69.1911472, 41.2550339 ] ] ] } },
{ "type": "Feature", "properties": { "id": "way/804119981", "@timestamp": "2024-05-27T19:30:29", "Площадь": 0.53, "Туман": "Мирзо Улуғбек" }, "geometry": { "type": "Polygon", "coordinates": [ [ [ 69.3520721, 41.3524284 ], [ 69.3521038, 41.3523792 ], [ 69.3521297, 41.3523283 ], [ 69.3521525, 41.3522721 ], [ 69.3521707, 41.3522168 ], [ 69.3521763, 41.3521685 ], [ 69.3521793, 41.3521198 ], [ 69.3521809, 41.3520221 ], [ 69.3521749, 41.3516389 ], [ 69.3524659, 41.3514995 ], [ 69.3530565, 41.3520802 ], [ 69.3522302, 41.3525838 ], [ 69.3520721, 41.3524284 ] ] ] } },
{ "type": "Feature", "properties": { "id": "way/807478115", "@timestamp": "2020-05-23T09:59:35", "Площадь": 0.17, "Туман": "Янгиҳает" }, "geometry": { "type": "Polygon", "coordinates": [ [ [ 69.1898467, 41.2261198 ], [ 69.1893142, 41.2259957 ], [ 69.1887563, 41.2259029 ], [ 69.1883647, 41.2258646 ], [ 69.1883942, 41.2257274 ], [ 69.1898936, 41.2259846 ], [ 69.1898467, 41.2261198 ] ] ] } },
{ "type": "Feature", "properties": { "id": "way/807478116", "@timestamp": "2026-04-09T19:41:31", "Площадь": 0.16, "Туман": "Янгиҳает" }, "geometry": { "type": "Polygon", "coordinates": [ [ [ 69.1903536, 41.2262529 ], [ 69.1903819, 41.2261672 ], [ 69.1903912, 41.2261389 ], [ 69.1910671, 41.2263235 ], [ 69.1922915, 41.2266665 ], [ 69.1923022, 41.2267522 ], [ 69.191825, 41.2266187 ], [ 69.1918375, 41.2265858 ], [ 69.1911267, 41.2264214 ], [ 69.191073, 41.2264422 ], [ 69.1903536, 41.2262529 ] ] ] } },
{ "type": "Feature", "properties": { "id": "way/809937383", "@timestamp": "2020-05-30T12:07:13", "Площадь": 0.05, "Туман": "Чилонзор" }, "geometry": { "type": "Polygon", "coordinates": [ [ [ 69.2031271, 41.2996897 ], [ 69.2031709, 41.2996269 ], [ 69.203215, 41.2995637 ], [ 69.2035451, 41.2996937 ], [ 69.2034573, 41.2998196 ], [ 69.2031271, 41.2996897 ] ] ] } },
{ "type": "Feature", "properties": { "id": "way/809937384", "@timestamp": "2024-01-14T23:18:56", "Площадь": 0.05, "Туман": "Чилонзор" }, "geometry": { "type": "Polygon", "coordinates": [ [ [ 69.2042183, 41.2981077 ], [ 69.2042588, 41.2980499 ], [ 69.2043214, 41.2979576 ], [ 69.20463, 41.2981041 ], [ 69.2046289, 41.2981309 ], [ 69.2046204, 41.2981541 ], [ 69.2045574, 41.2982243 ], [ 69.2042183, 41.2981077 ] ] ] } },
{ "type": "Feature", "properties": { "id": "way/809937385", "@timestamp": "2020-05-30T12:07:13", "Площадь": 0.04, "Туман": "Чилонзор" }, "geometry": { "type": "Polygon", "coordinates": [ [ [ 69.2045629, 41.2991958 ], [ 69.2046017, 41.2991363 ], [ 69.2046427, 41.2990732 ], [ 69.2049359, 41.299181 ], [ 69.2048561, 41.2993036 ], [ 69.2045629, 41.2991958 ] ] ] } },
{ "type": "Feature", "properties": { "id": "way/809937386", "@timestamp": "2020-05-30T12:07:13", "Площадь": 0.04, "Туман": "Чилонзор" }, "geometry": { "type": "Polygon", "coordinates": [ [ [ 69.2059277, 41.2999779 ], [ 69.205669, 41.2998759 ], [ 69.2057581, 41.2997484 ], [ 69.2060168, 41.2998505 ], [ 69.2059742, 41.2999115 ], [ 69.2059277, 41.2999779 ] ] ] } },
{ "type": "Feature", "properties": { "id": "way/813969819", "@timestamp": "2026-02-04T04:25:06", "Площадь": 0.17, "Туман": "Чилонзор" }, "geometry": { "type": "Polygon", "coordinates": [ [ [ 69.2276334, 41.2877892 ], [ 69.2277688, 41.2877054 ], [ 69.2279043, 41.2876216 ], [ 69.22835, 41.2880267 ], [ 69.2282151, 41.2881107 ], [ 69.2280801, 41.2881948 ], [ 69.2276334, 41.2877892 ] ] ] } },
{ "type": "Feature", "properties": { "id": "way/818883299", "@timestamp": "2024-07-09T11:12:29", "Площадь": 0.45, "Туман": "Яшнобод" }, "geometry": { "type": "Polygon", "coordinates": [ [ [ 69.344541, 41.2889966 ], [ 69.344247, 41.2888684 ], [ 69.3447442, 41.2882515 ], [ 69.3456724, 41.2886644 ], [ 69.3454362, 41.288955 ], [ 69.3448055, 41.2886572 ], [ 69.344541, 41.2889966 ] ] ] } },
{ "type": "Feature", "properties": { "id": "way/824174094", "@timestamp": "2026-03-08T09:03:19", "Площадь": 0.65, "Туман": "Чилонзор" }, "geometry": { "type": "Polygon", "coordinates": [ [ [ 69.2299229, 41.2967255 ], [ 69.2295075, 41.2969824 ], [ 69.227723, 41.295352 ], [ 69.2281318, 41.2950875 ], [ 69.2281981, 41.2951445 ], [ 69.227978, 41.2952892 ], [ 69.2293791, 41.2965274 ], [ 69.2295726, 41.2963977 ], [ 69.2299229, 41.2967255 ] ] ] } },
{ "type": "Feature", "properties": { "id": "way/825390424", "@timestamp": "2020-07-12T11:52:54", "Площадь": 0.4, "Туман": "Бектемир" }, "geometry": { "type": "Polygon", "coordinates": [ [ [ 69.3416265, 41.2446122 ], [ 69.3421063, 41.243751 ], [ 69.342567, 41.2439115 ], [ 69.3420221, 41.2447239 ], [ 69.3416265, 41.2446122 ] ] ] } },
{ "type": "Feature", "properties": { "id": "way/825897372", "@timestamp": "2026-02-18T06:53:37", "Площадь": 0.07, "Туман": "Мирзо Улуғбек" }, "geometry": { "type": "Polygon", "coordinates": [ [ [ 69.3321965, 41.3266772 ], [ 69.3321672, 41.3268013 ], [ 69.3316151, 41.3267278 ], [ 69.3316445, 41.3266035 ], [ 69.3317254, 41.3266143 ], [ 69.3321965, 41.3266772 ] ] ] } },
{ "type": "Feature", "properties": { "id": "way/832289011", "@timestamp": "2020-08-12T03:14:04", "Площадь": 0.09, "Туман": "Яшнобод" }, "geometry": { "type": "Polygon", "coordinates": [ [ [ 69.3552357, 41.2889913 ], [ 69.3547666, 41.2887558 ], [ 69.3547981, 41.2887311 ], [ 69.354847, 41.2886951 ], [ 69.3549519, 41.2886179 ], [ 69.3553695, 41.2888519 ], [ 69.3552357, 41.2889913 ] ] ] } },
{ "type": "Feature", "properties": { "id": "way/832938672", "@timestamp": "2025-03-06T21:38:21", "Площадь": 0.04, "Туман": "Яшнобод" }, "geometry": { "type": "Polygon", "coordinates": [ [ [ 69.3568558, 41.2886584 ], [ 69.357051, 41.2887582 ], [ 69.3568944, 41.2889239 ], [ 69.3567001, 41.2888189 ], [ 69.3568558, 41.2886584 ] ] ] } },
{ "type": "Feature", "properties": { "id": "way/832938689", "@timestamp": "2026-02-16T07:41:46", "Площадь": 0.7, "Туман": "Яшнобод" }, "geometry": { "type": "Polygon", "coordinates": [ [ [ 69.3530362, 41.2857416 ], [ 69.3513102, 41.2852347 ], [ 69.3513934, 41.2851045 ], [ 69.3515623, 41.28484 ], [ 69.3524135, 41.2851275 ], [ 69.352948, 41.285308 ], [ 69.3532235, 41.2853963 ], [ 69.3533375, 41.2854422 ], [ 69.3532859, 41.2855145 ], [ 69.3532178, 41.2854871 ], [ 69.3532044, 41.2855056 ], [ 69.3531819, 41.2855415 ], [ 69.3530362, 41.2857416 ] ] ] } },
{ "type": "Feature", "properties": { "id": "way/832938695", "@timestamp": "2020-08-01T16:07:54", "Площадь": 0.06, "Туман": "Яшнобод" }, "geometry": { "type": "Polygon", "coordinates": [ [ [ 69.3566471, 41.2873034 ], [ 69.3567628, 41.2871374 ], [ 69.3570708, 41.287242 ], [ 69.3569563, 41.2874159 ], [ 69.3566471, 41.2873034 ] ] ] } },
{ "type": "Feature", "properties": { "id": "way/832948285", "@timestamp": "2020-08-01T16:07:54", "Площадь": 0.04, "Туман": "Яшнобод" }, "geometry": { "type": "Polygon", "coordinates": [ [ [ 69.3583798, 41.287434 ], [ 69.3583946, 41.2872765 ], [ 69.3586705, 41.2873291 ], [ 69.3586574, 41.2874982 ], [ 69.3583798, 41.287434 ] ] ] } },
{ "type": "Feature", "properties": { "id": "way/832948297", "@timestamp": "2025-03-06T21:38:21", "Площадь": 0.07, "Туман": "Яшнобод" }, "geometry": { "type": "Polygon", "coordinates": [ [ [ 69.358673, 41.288229 ], [ 69.3587585, 41.2879143 ], [ 69.3589866, 41.2879483 ], [ 69.3588867, 41.2882705 ], [ 69.3587833, 41.2882501 ], [ 69.3587471, 41.288243 ], [ 69.358673, 41.288229 ] ] ] } },
{ "type": "Feature", "properties": { "id": "way/833155248", "@timestamp": "2020-08-03T04:36:02", "Площадь": 0.12, "Туман": "Яшнобод" }, "geometry": { "type": "Polygon", "coordinates": [ [ [ 69.3581849, 41.2842397 ], [ 69.3583321, 41.2840014 ], [ 69.3584508, 41.2840238 ], [ 69.3585956, 41.2840448 ], [ 69.3587636, 41.2840734 ], [ 69.3586564, 41.284255 ], [ 69.3585673, 41.2843856 ], [ 69.3584635, 41.2843459 ], [ 69.3584132, 41.2843266 ], [ 69.3581849, 41.2842397 ] ] ] } },
{ "type": "Feature", "properties": { "id": "way/833417710", "@timestamp": "2025-08-28T15:56:55", "Площадь": 0.08, "Туман": "Яшнобод" }, "geometry": { "type": "Polygon", "coordinates": [ [ [ 69.3481008, 41.2846207 ], [ 69.3482197, 41.2844812 ], [ 69.3483096, 41.2844376 ], [ 69.3483648, 41.2843796 ], [ 69.3485357, 41.2842001 ], [ 69.3486051, 41.2842327 ], [ 69.3486421, 41.28425 ], [ 69.3485654, 41.284351 ], [ 69.3484887, 41.2844521 ], [ 69.3482663, 41.2847085 ], [ 69.3481008, 41.2846207 ] ] ] } },
{ "type": "Feature", "properties": { "id": "way/833449824", "@timestamp": "2020-08-03T08:32:22", "Площадь": 0.02, "Туман": "Яшнобод" }, "geometry": { "type": "Polygon", "coordinates": [ [ [ 69.3079606, 41.3088357 ], [ 69.3076597, 41.3090411 ], [ 69.307629, 41.3090082 ], [ 69.3079235, 41.3088061 ], [ 69.3079606, 41.3088357 ] ] ] } },
{ "type": "Feature", "properties": { "id": "way/833457681", "@timestamp": "2020-08-03T09:03:47", "Площадь": 0.01, "Туман": "Яшнобод" }, "geometry": { "type": "Polygon", "coordinates": [ [ [ 69.3066493, 41.3083424 ], [ 69.3067182, 41.3083284 ], [ 69.3068128, 41.3083889 ], [ 69.3067591, 41.3084152 ], [ 69.3066493, 41.3083424 ] ] ] } },
{ "type": "Feature", "properties": { "id": "way/833457684", "@timestamp": "2020-08-03T09:03:47", "Площадь": 0.06, "Туман": "Яшнобод" }, "geometry": { "type": "Polygon", "coordinates": [ [ [ 69.3059483, 41.3085232 ], [ 69.3054604, 41.3082164 ], [ 69.3052259, 41.3080799 ], [ 69.3050109, 41.3079374 ], [ 69.3050583, 41.307897 ], [ 69.305842, 41.3083991 ], [ 69.306002, 41.3084732 ], [ 69.3059483, 41.3085232 ] ] ] } },
{ "type": "Feature", "properties": { "id": "way/833463061", "@timestamp": "2020-08-03T09:17:33", "Площадь": 0.01, "Туман": "Яшнобод" }, "geometry": { "type": "Polygon", "coordinates": [ [ [ 69.3077178, 41.3082877 ], [ 69.3078355, 41.308193 ], [ 69.3078828, 41.308223 ], [ 69.3077595, 41.3083176 ], [ 69.3077178, 41.3082877 ] ] ] } },
{ "type": "Feature", "properties": { "id": "way/833543633", "@timestamp": "2020-08-03T14:23:46", "Площадь": 0.09, "Туман": "Яшнобод" }, "geometry": { "type": "Polygon", "coordinates": [ [ [ 69.3554946, 41.2855492 ], [ 69.3555333, 41.2853904 ], [ 69.3560954, 41.2855871 ], [ 69.3560498, 41.2856654 ], [ 69.3560006, 41.2857511 ], [ 69.3554946, 41.2855492 ] ] ] } },
{ "type": "Feature", "properties": { "id": "way/833543639", "@timestamp": "2025-03-06T11:30:17", "Площадь": 0.06, "Туман": "Яшнобод" }, "geometry": { "type": "Polygon", "coordinates": [ [ [ 69.3585426, 41.2867133 ], [ 69.3585851, 41.2866772 ], [ 69.3591784, 41.2867296 ], [ 69.3591894, 41.2867356 ], [ 69.3591652, 41.2868446 ], [ 69.3590983, 41.2868376 ], [ 69.358751, 41.2867973 ], [ 69.3585426, 41.2867133 ] ] ] } },
{ "type": "Feature", "properties": { "id": "way/833725419", "@timestamp": "2026-05-11T05:44:53", "Площадь": 0.03, "Туман": "Яшнобод" }, "geometry": { "type": "Polygon", "coordinates": [ [ [ 69.3528111, 41.2849493 ], [ 69.3526246, 41.2848964 ], [ 69.3527439, 41.2848521 ], [ 69.3527962, 41.2847896 ], [ 69.3528218, 41.2846993 ], [ 69.3529706, 41.284691 ], [ 69.3528111, 41.2849493 ] ] ] } },
{ "type": "Feature", "properties": { "id": "way/833728039", "@timestamp": "2020-08-04T05:07:41", "Площадь": 0.09, "Туман": "Яшнобод" }, "geometry": { "type": "Polygon", "coordinates": [ [ [ 69.3508173, 41.2850311 ], [ 69.3510224, 41.2847095 ], [ 69.3511843, 41.2844558 ], [ 69.3513299, 41.2845021 ], [ 69.3513041, 41.2845451 ], [ 69.3509646, 41.2850596 ], [ 69.3508173, 41.2850311 ] ] ] } },
{ "type": "Feature", "properties": { "id": "way/836187267", "@timestamp": "2020-08-11T18:22:26", "Площадь": 0.14, "Туман": "Яшнобод" }, "geometry": { "type": "Polygon", "coordinates": [ [ [ 69.3541421, 41.2828138 ], [ 69.3542032, 41.2827145 ], [ 69.355291, 41.2831167 ], [ 69.3552735, 41.2831382 ], [ 69.3551478, 41.2831821 ], [ 69.3550874, 41.2832048 ], [ 69.3541421, 41.2828138 ] ] ] } },
{ "type": "Feature", "properties": { "id": "way/836877270", "@timestamp": "2020-08-13T17:31:01", "Площадь": 0.06, "Туман": "Яшнобод" }, "geometry": { "type": "Polygon", "coordinates": [ [ [ 69.357765, 41.2852191 ], [ 69.3578799, 41.2850462 ], [ 69.3581789, 41.2851556 ], [ 69.3580662, 41.2853082 ], [ 69.3579986, 41.2853063 ], [ 69.357765, 41.2852191 ] ] ] } },
{ "type": "Feature", "properties": { "id": "way/836877279", "@timestamp": "2025-03-06T21:38:21", "Площадь": 0.09, "Туман": "Яшнобод" }, "geometry": { "type": "Polygon", "coordinates": [ [ [ 69.3580792, 41.286688 ], [ 69.3581301, 41.2867081 ], [ 69.3582729, 41.2867607 ], [ 69.3582118, 41.2867875 ], [ 69.3580977, 41.2869407 ], [ 69.358299, 41.2870254 ], [ 69.3582195, 41.2871427 ], [ 69.3578582, 41.2869998 ], [ 69.3580792, 41.286688 ] ] ] } },
{ "type": "Feature", "properties": { "id": "way/837063414", "@timestamp": "2020-08-14T10:09:50", "Площадь": 0.05, "Туман": "Юнусобод" }, "geometry": { "type": "Polygon", "coordinates": [ [ [ 69.2613657, 41.3739064 ], [ 69.2611247, 41.3738279 ], [ 69.2612497, 41.3736249 ], [ 69.2614839, 41.3737409 ], [ 69.2613657, 41.3739064 ] ] ] } },
{ "type": "Feature", "properties": { "id": "way/837621423", "@timestamp": "2020-08-16T17:51:52", "Площадь": 0.02, "Туман": "Юнусобод" }, "geometry": { "type": "Polygon", "coordinates": [ [ [ 69.2860629, 41.3258983 ], [ 69.2861085, 41.3258942 ], [ 69.2861781, 41.3263313 ], [ 69.2861326, 41.3263354 ], [ 69.2860629, 41.3258983 ] ] ] } },
{ "type": "Feature", "properties": { "id": "way/837677249", "@timestamp": "2025-11-29T16:20:02", "Площадь": 0.11, "Туман": "Шайхонтоҳур" }, "geometry": { "type": "Polygon", "coordinates": [ [ [ 69.2425346, 41.3126905 ], [ 69.2426889, 41.3126824 ], [ 69.2427025, 41.3128487 ], [ 69.242765, 41.3129494 ], [ 69.2428256, 41.3132192 ], [ 69.2425605, 41.3132485 ], [ 69.2425615, 41.3132072 ], [ 69.2425346, 41.3126905 ] ] ] } },
{ "type": "Feature", "properties": { "id": "way/837677251", "@timestamp": "2020-08-16T23:48:15", "Площадь": 0.07, "Туман": "Шайхонтоҳур" }, "geometry": { "type": "Polygon", "coordinates": [ [ [ 69.242681, 41.3122286 ], [ 69.2426759, 41.312156 ], [ 69.2427394, 41.3121536 ], [ 69.2427356, 41.3120987 ], [ 69.2432658, 41.312078 ], [ 69.2432746, 41.3122056 ], [ 69.242681, 41.3122286 ] ] ] } },
{ "type": "Feature", "properties": { "id": "way/837786129", "@timestamp": "2020-08-17T08:10:24", "Площадь": 0.05, "Туман": "Яшнобод" }, "geometry": { "type": "Polygon", "coordinates": [ [ [ 69.3580786, 41.2864489 ], [ 69.3581596, 41.2863343 ], [ 69.3583605, 41.2863817 ], [ 69.3583189, 41.2864308 ], [ 69.3581864, 41.2865871 ], [ 69.3579293, 41.2864882 ], [ 69.3579803, 41.2864135 ], [ 69.3580786, 41.2864489 ] ] ] } },
{ "type": "Feature", "properties": { "id": "way/838010141", "@timestamp": "2023-08-30T08:10:10", "Площадь": 0.04, "Туман": "Шайхонтоҳур" }, "geometry": { "type": "Polygon", "coordinates": [ [ [ 69.2354482, 41.3111877 ], [ 69.2355824, 41.3113737 ], [ 69.2356336, 41.3115175 ], [ 69.2355643, 41.3115475 ], [ 69.2353373, 41.3112329 ], [ 69.2354482, 41.3111877 ] ] ] } },
{ "type": "Feature", "properties": { "id": "way/838010152", "@timestamp": "2020-08-18T00:36:19", "Площадь": 0.17, "Туман": "Шайхонтоҳур" }, "geometry": { "type": "Polygon", "coordinates": [ [ [ 69.2369185, 41.3132878 ], [ 69.2368682, 41.3128128 ], [ 69.2373111, 41.3127863 ], [ 69.2373478, 41.3131328 ], [ 69.2372632, 41.3131379 ], [ 69.2372664, 41.3131682 ], [ 69.2371358, 41.313176 ], [ 69.2371462, 41.3132742 ], [ 69.2369185, 41.3132878 ] ] ] } },
{ "type": "Feature", "properties": { "id": "way/838010156", "@timestamp": "2020-08-18T00:36:19", "Площадь": 0.02, "Туман": "Шайхонтоҳур" }, "geometry": { "type": "Polygon", "coordinates": [ [ [ 69.2373977, 41.3106244 ], [ 69.2373876, 41.3105451 ], [ 69.2376867, 41.3105236 ], [ 69.2376968, 41.3106029 ], [ 69.2375182, 41.3106158 ], [ 69.2373977, 41.3106244 ] ] ] } },
{ "type": "Feature", "properties": { "id": "way/838010157", "@timestamp": "2020-08-18T00:36:19", "Площадь": 0.04, "Туман": "Шайхонтоҳур" }, "geometry": { "type": "Polygon", "coordinates": [ [ [ 69.2374416, 41.3109689 ], [ 69.2373977, 41.3106244 ], [ 69.2375182, 41.3106158 ], [ 69.237562, 41.3109602 ], [ 69.2374416, 41.3109689 ] ] ] } },
{ "type": "Feature", "properties": { "id": "way/838010161", "@timestamp": "2020-08-18T00:36:19", "Площадь": 0.03, "Туман": "Шайхонтоҳур" }, "geometry": { "type": "Polygon", "coordinates": [ [ [ 69.2389619, 41.3098145 ], [ 69.2389324, 41.3098034 ], [ 69.2389297, 41.309744 ], [ 69.238913, 41.3096971 ], [ 69.2388895, 41.3096533 ], [ 69.2388251, 41.3095793 ], [ 69.238919, 41.3095314 ], [ 69.2391202, 41.3097954 ], [ 69.2389619, 41.3098145 ] ] ] } },
{ "type": "Feature", "properties": { "id": "way/839394488", "@timestamp": "2024-11-04T15:26:01", "Площадь": 0.04, "Туман": "Шайхонтоҳур" }, "geometry": { "type": "Polygon", "coordinates": [ [ [ 69.2534914, 41.3136288 ], [ 69.2534157, 41.3135543 ], [ 69.2533346, 41.3129333 ], [ 69.2533882, 41.3128834 ], [ 69.2534914, 41.3136288 ] ] ] } },
{ "type": "Feature", "properties": { "id": "way/839394493", "@timestamp": "2024-06-05T13:28:34", "Площадь": 0.15, "Туман": "Шайхонтоҳур" }, "geometry": { "type": "Polygon", "coordinates": [ [ [ 69.2550063, 41.3170282 ], [ 69.2550475, 41.3173757 ], [ 69.2547133, 41.3174031 ], [ 69.2546972, 41.3172683 ], [ 69.2544795, 41.317283 ], [ 69.2544654, 41.3170643 ], [ 69.2550063, 41.3170282 ] ] ] } },
{ "type": "Feature", "properties": { "id": "way/839394500", "@timestamp": "2020-08-21T17:00:11", "Площадь": 0.07, "Туман": "Шайхонтоҳур" }, "geometry": { "type": "Polygon", "coordinates": [ [ [ 69.2537723, 41.3210199 ], [ 69.2537789, 41.3210791 ], [ 69.2525324, 41.3211573 ], [ 69.2525258, 41.3210981 ], [ 69.2537723, 41.3210199 ] ] ] } },
{ "type": "Feature", "properties": { "id": "way/839394510", "@timestamp": "2025-12-21T12:55:09", "Площадь": 0.07, "Туман": "Шайхонтоҳур" }, "geometry": { "type": "Polygon", "coordinates": [ [ [ 69.2476321, 41.3214721 ], [ 69.2476241, 41.3214123 ], [ 69.2489218, 41.3213223 ], [ 69.2489839, 41.3213784 ], [ 69.2488547, 41.321388 ], [ 69.2486395, 41.3214016 ], [ 69.2476321, 41.3214721 ] ] ] } },
{ "type": "Feature", "properties": { "id": "way/839394516", "@timestamp": "2020-08-21T17:00:11", "Площадь": 0.07, "Туман": "Шайхонтоҳур" }, "geometry": { "type": "Polygon", "coordinates": [ [ [ 69.2462121, 41.3215706 ], [ 69.2462054, 41.3215126 ], [ 69.2475175, 41.3214219 ], [ 69.2475258, 41.3214795 ], [ 69.2462121, 41.3215706 ] ] ] } },
{ "type": "Feature", "properties": { "id": "way/839394521", "@timestamp": "2020-08-21T17:00:11", "Площадь": 0.06, "Туман": "Шайхонтоҳур" }, "geometry": { "type": "Polygon", "coordinates": [ [ [ 69.2451499, 41.3216121 ], [ 69.2461448, 41.3215434 ], [ 69.2461958, 41.3215983 ], [ 69.2451106, 41.3216735 ], [ 69.2451499, 41.3216121 ] ] ] } },
{ "type": "Feature", "properties": { "id": "way/839394524", "@timestamp": "2020-08-21T17:00:11", "Площадь": 0.06, "Туман": "Шайхонтоҳур" }, "geometry": { "type": "Polygon", "coordinates": [ [ [ 69.2440031, 41.3216956 ], [ 69.2449881, 41.3216275 ], [ 69.24505, 41.3216819 ], [ 69.2439687, 41.3217568 ], [ 69.2440031, 41.3216956 ] ] ] } },
{ "type": "Feature", "properties": { "id": "way/839394540", "@timestamp": "2022-07-13T19:45:49", "Площадь": 0.12, "Туман": "Шайхонтоҳур" }, "geometry": { "type": "Polygon", "coordinates": [ [ [ 69.2407546, 41.3211692 ], [ 69.2417613, 41.3211216 ], [ 69.241772, 41.3212492 ], [ 69.2407653, 41.3212967 ], [ 69.2407546, 41.3211692 ] ] ] } },
{ "type": "Feature", "properties": { "id": "way/839394543", "@timestamp": "2020-08-21T17:00:11", "Площадь": 0.11, "Туман": "Шайхонтоҳур" }, "geometry": { "type": "Polygon", "coordinates": [ [ [ 69.2399515, 41.3211416 ], [ 69.2403415, 41.3211179 ], [ 69.2403743, 41.3214223 ], [ 69.2399843, 41.321446 ], [ 69.2399515, 41.3211416 ] ] ] } },
{ "type": "Feature", "properties": { "id": "way/839394548", "@timestamp": "2020-08-21T17:00:11", "Площадь": 0.03, "Туман": "Шайхонтоҳур" }, "geometry": { "type": "Polygon", "coordinates": [ [ [ 69.2393074, 41.3214755 ], [ 69.2391225, 41.3214843 ], [ 69.2391073, 41.3213049 ], [ 69.2392923, 41.3212961 ], [ 69.2393074, 41.3214755 ] ] ] } },
{ "type": "Feature", "properties": { "id": "way/841520968", "@timestamp": "2020-08-28T00:02:55", "Площадь": 0.35, "Туман": "Мирзо Улуғбек" }, "geometry": { "type": "Polygon", "coordinates": [ [ [ 69.32467, 41.3468638 ], [ 69.3240813, 41.3472093 ], [ 69.3237052, 41.3471641 ], [ 69.3237315, 41.3468542 ], [ 69.3242961, 41.3465362 ], [ 69.3245282, 41.3467402 ], [ 69.32467, 41.3468638 ] ] ] } },
{ "type": "Feature", "properties": { "id": "way/842009888", "@timestamp": "2020-08-28T21:04:16", "Площадь": 0.23, "Туман": "Мирзо Улуғбек" }, "geometry": { "type": "Polygon", "coordinates": [ [ [ 69.3596212, 41.3517234 ], [ 69.3596142, 41.3516669 ], [ 69.3595471, 41.3511223 ], [ 69.3599468, 41.3510945 ], [ 69.3600207, 41.3516957 ], [ 69.3596212, 41.3517234 ] ] ] } },
{ "type": "Feature", "properties": { "id": "way/842566860", "@timestamp": "2025-03-06T21:38:21", "Площадь": 0.05, "Туман": "Яшнобод" }, "geometry": { "type": "Polygon", "coordinates": [ [ [ 69.3551309, 41.2874485 ], [ 69.355249, 41.287514 ], [ 69.3553163, 41.28755 ], [ 69.3551072, 41.2877487 ], [ 69.3549227, 41.2876557 ], [ 69.3551309, 41.2874485 ] ] ] } },
{ "type": "Feature", "properties": { "id": "way/842720177", "@timestamp": "2020-08-31T12:36:09", "Площадь": 0.25, "Туман": "Яшнобод" }, "geometry": { "type": "Polygon", "coordinates": [ [ [ 69.3622969, 41.2826949 ], [ 69.3622499, 41.2829755 ], [ 69.3616331, 41.2829144 ], [ 69.3612026, 41.2828301 ], [ 69.3612392, 41.2826263 ], [ 69.3622969, 41.2826949 ] ] ] } },
{ "type": "Feature", "properties": { "id": "way/842726644", "@timestamp": "2020-08-31T12:55:50", "Площадь": 0.01, "Туман": "Юнусобод" }, "geometry": { "type": "Polygon", "coordinates": [ [ [ 69.289013, 41.3539436 ], [ 69.2889994, 41.3537571 ], [ 69.289044, 41.3537552 ], [ 69.2890576, 41.3539417 ], [ 69.289013, 41.3539436 ] ] ] } },
{ "type": "Feature", "properties": { "id": "way/844195879", "@timestamp": "2020-09-04T08:39:43", "Площадь": 0.19, "Туман": "Яшнобод" }, "geometry": { "type": "Polygon", "coordinates": [ [ [ 69.3217506, 41.3035413 ], [ 69.3214061, 41.3035439 ], [ 69.3213498, 41.3029839 ], [ 69.3217464, 41.3029776 ], [ 69.3217513, 41.3035083 ], [ 69.321751, 41.3035228 ], [ 69.3217506, 41.3035413 ] ] ] } },
{ "type": "Feature", "properties": { "id": "way/846272763", "@timestamp": "2020-09-11T02:45:02", "Площадь": 0.11, "Туман": "Яшнобод" }, "geometry": { "type": "Polygon", "coordinates": [ [ [ 69.2904119, 41.3049692 ], [ 69.2907254, 41.3047964 ], [ 69.2909327, 41.3050086 ], [ 69.2908832, 41.3050359 ], [ 69.2909235, 41.3050771 ], [ 69.2906595, 41.3052226 ], [ 69.2904119, 41.3049692 ] ] ] } },
{ "type": "Feature", "properties": { "id": "way/846272986", "@timestamp": "2023-10-26T11:19:58", "Площадь": 0.01, "Туман": "Яшнобод" }, "geometry": { "type": "Polygon", "coordinates": [ [ [ 69.2947224, 41.2996149 ], [ 69.2947136, 41.2994345 ], [ 69.2947854, 41.2994326 ], [ 69.2947942, 41.2996129 ], [ 69.2947224, 41.2996149 ] ] ] } },
{ "type": "Feature", "properties": { "id": "way/846607908", "@timestamp": "2026-02-01T10:46:11", "Площадь": 0.51, "Туман": "Миробод" }, "geometry": { "type": "Polygon", "coordinates": [ [ [ 69.2916168, 41.2951179 ], [ 69.2917006, 41.2950558 ], [ 69.2917934, 41.2949762 ], [ 69.292034, 41.295119 ], [ 69.2922206, 41.2952424 ], [ 69.2932772, 41.295933 ], [ 69.2933557, 41.295865 ], [ 69.2937803, 41.2961505 ], [ 69.2939351, 41.2960206 ], [ 69.2940237, 41.295946 ], [ 69.2944575, 41.2962543 ], [ 69.2943472, 41.2962857 ], [ 69.2942389, 41.2963022 ], [ 69.2941216, 41.296309 ], [ 69.2940063, 41.2963023 ], [ 69.2938617, 41.2961939 ], [ 69.2938393, 41.2962108 ], [ 69.2938421, 41.2962266 ], [ 69.2939306, 41.2963001 ], [ 69.2938346, 41.2962867 ], [ 69.2937398, 41.2962663 ], [ 69.2936469, 41.2962423 ], [ 69.2935585, 41.2962108 ], [ 69.2934797, 41.2961776 ], [ 69.2934005, 41.2961406 ], [ 69.2932395, 41.2960498 ], [ 69.2929273, 41.2958695 ], [ 69.2921795, 41.2954345 ], [ 69.2920312, 41.2953687 ], [ 69.2916168, 41.2951179 ] ] ] } },
{ "type": "Feature", "properties": { "id": "way/847323434", "@timestamp": "2020-09-14T21:54:08", "Площадь": 0.05, "Туман": "Мирзо Улуғбек" }, "geometry": { "type": "Polygon", "coordinates": [ [ [ 69.3241301, 41.3246172 ], [ 69.3238753, 41.3243674 ], [ 69.3238994, 41.3242073 ], [ 69.3241395, 41.3244117 ], [ 69.3242146, 41.324591 ], [ 69.3241301, 41.3246172 ] ] ] } },
{ "type": "Feature", "properties": { "id": "way/847332391", "@timestamp": "2024-10-31T18:29:09", "Площадь": 0.12, "Туман": "Мирзо Улуғбек" }, "geometry": { "type": "Polygon", "coordinates": [ [ [ 69.3323023, 41.3298655 ], [ 69.331565, 41.3297624 ], [ 69.3316148, 41.3295208 ], [ 69.332035, 41.3295783 ], [ 69.3320234, 41.3297495 ], [ 69.3321089, 41.3297602 ], [ 69.3322583, 41.3297796 ], [ 69.3323023, 41.3298655 ] ] ] } },
{ "type": "Feature", "properties": { "id": "way/847387839", "@timestamp": "2026-04-23T14:04:59", "Площадь": 0.02, "Туман": "Юнусобод" }, "geometry": { "type": "Polygon", "coordinates": [ [ [ 69.290227, 41.3400523 ], [ 69.2901299, 41.3400596 ], [ 69.2901051, 41.3399261 ], [ 69.2900945, 41.3398694 ], [ 69.2901951, 41.3398931 ], [ 69.2902025, 41.3399302 ], [ 69.290227, 41.3400523 ] ] ] } },
{ "type": "Feature", "properties": { "id": "way/849495327", "@timestamp": "2020-09-20T15:08:32", "Площадь": 0.2, "Туман": "Шайхонтоҳур" }, "geometry": { "type": "Polygon", "coordinates": [ [ [ 69.2646447, 41.3202109 ], [ 69.2645203, 41.3195193 ], [ 69.2648283, 41.319488 ], [ 69.2649528, 41.3201797 ], [ 69.2646447, 41.3202109 ] ] ] } },
{ "type": "Feature", "properties": { "id": "way/849495336", "@timestamp": "2023-08-03T15:52:05", "Площадь": 0.02, "Туман": "Юнусобод" }, "geometry": { "type": "Polygon", "coordinates": [ [ [ 69.2739536, 41.3264257 ], [ 69.2740059, 41.3264177 ], [ 69.274108, 41.3267974 ], [ 69.2740557, 41.3268053 ], [ 69.2739536, 41.3264257 ] ] ] } },
{ "type": "Feature", "properties": { "id": "way/849576724", "@timestamp": "2020-09-20T20:14:26", "Площадь": 0.02, "Туман": "Юнусобод" }, "geometry": { "type": "Polygon", "coordinates": [ [ [ 69.2827109, 41.3279358 ], [ 69.2828628, 41.3279299 ], [ 69.2828726, 41.3280713 ], [ 69.2827207, 41.3280773 ], [ 69.2827109, 41.3279358 ] ] ] } },
{ "type": "Feature", "properties": { "id": "way/852140019", "@timestamp": "2025-03-16T07:12:29", "Площадь": 0.28, "Туман": "Юнусобод" }, "geometry": { "type": "Polygon", "coordinates": [ [ [ 69.2915681, 41.3183595 ], [ 69.2910477, 41.318946 ], [ 69.2910217, 41.3189914 ], [ 69.2909687, 41.3189973 ], [ 69.2909624, 41.3189055 ], [ 69.2908605, 41.3187388 ], [ 69.2908445, 41.3186459 ], [ 69.29084, 41.3185002 ], [ 69.2907844, 41.3184562 ], [ 69.2908587, 41.3184018 ], [ 69.2911759, 41.3179967 ], [ 69.2913183, 41.3180857 ], [ 69.2911001, 41.318294 ], [ 69.291096, 41.3183796 ], [ 69.2911151, 41.3185701 ], [ 69.2911661, 41.3185879 ], [ 69.2914512, 41.3182474 ], [ 69.2915681, 41.3183595 ] ] ] } },
{ "type": "Feature", "properties": { "id": "way/852140020", "@timestamp": "2020-09-27T17:57:49", "Площадь": 0.12, "Туман": "Мирзо Улуғбек" }, "geometry": { "type": "Polygon", "coordinates": [ [ [ 69.2915855, 41.3176171 ], [ 69.2918605, 41.317741 ], [ 69.2915896, 41.3180835 ], [ 69.291324, 41.3179334 ], [ 69.2915855, 41.3176171 ] ] ] } },
{ "type": "Feature", "properties": { "id": "way/852159628", "@timestamp": "2020-09-27T19:24:00", "Площадь": 0.11, "Туман": "Мирзо Улуғбек" }, "geometry": { "type": "Polygon", "coordinates": [ [ [ 69.3061543, 41.3190863 ], [ 69.3063485, 41.3193931 ], [ 69.3060235, 41.3195091 ], [ 69.3058293, 41.3192024 ], [ 69.3061543, 41.3190863 ] ] ] } },
{ "type": "Feature", "properties": { "id": "way/856947217", "@timestamp": "2020-10-08T20:10:54", "Площадь": 0.03, "Туман": "Чилонзор" }, "geometry": { "type": "Polygon", "coordinates": [ [ [ 69.2450802, 41.3059539 ], [ 69.2453049, 41.306072 ], [ 69.2452045, 41.3061798 ], [ 69.2449798, 41.3060616 ], [ 69.2450802, 41.3059539 ] ] ] } },
{ "type": "Feature", "properties": { "id": "way/856947218", "@timestamp": "2020-10-08T20:10:54", "Площадь": 0.03, "Туман": "Чилонзор" }, "geometry": { "type": "Polygon", "coordinates": [ [ [ 69.2452248, 41.3057982 ], [ 69.2454496, 41.3059164 ], [ 69.2453493, 41.3060242 ], [ 69.2451244, 41.3059059 ], [ 69.2452248, 41.3057982 ] ] ] } },
{ "type": "Feature", "properties": { "id": "way/856947219", "@timestamp": "2020-10-08T20:10:54", "Площадь": 0.03, "Туман": "Чилонзор" }, "geometry": { "type": "Polygon", "coordinates": [ [ [ 69.2453576, 41.3056565 ], [ 69.245582, 41.3057738 ], [ 69.245482, 41.3058818 ], [ 69.2452576, 41.3057645 ], [ 69.2453576, 41.3056565 ] ] ] } },
{ "type": "Feature", "properties": { "id": "way/856947220", "@timestamp": "2020-10-08T20:10:54", "Площадь": 0.03, "Туман": "Чилонзор" }, "geometry": { "type": "Polygon", "coordinates": [ [ [ 69.2454904, 41.3055122 ], [ 69.2457156, 41.3056305 ], [ 69.2456152, 41.3057383 ], [ 69.24539, 41.3056199 ], [ 69.2454904, 41.3055122 ] ] ] } },
{ "type": "Feature", "properties": { "id": "way/856947221", "@timestamp": "2020-10-08T20:10:54", "Площадь": 0.03, "Туман": "Чилонзор" }, "geometry": { "type": "Polygon", "coordinates": [ [ [ 69.2456322, 41.3053595 ], [ 69.2458575, 41.3054779 ], [ 69.2457571, 41.3055857 ], [ 69.2455319, 41.3054673 ], [ 69.2456322, 41.3053595 ] ] ] } },
{ "type": "Feature", "properties": { "id": "way/856947222", "@timestamp": "2020-10-08T20:10:54", "Площадь": 0.42, "Туман": "Чилонзор" }, "geometry": { "type": "Polygon", "coordinates": [ [ [ 69.2362066, 41.3039881 ], [ 69.2365332, 41.3039574 ], [ 69.2369731, 41.3039619 ], [ 69.2369837, 41.3048367 ], [ 69.2366363, 41.3048417 ], [ 69.2366307, 41.3046217 ], [ 69.2362449, 41.3040611 ], [ 69.2362194, 41.3040229 ], [ 69.2362066, 41.3039881 ] ] ] } },
{ "type": "Feature", "properties": { "id": "way/856947241", "@timestamp": "2020-10-08T20:10:54", "Площадь": 0.36, "Туман": "Чилонзор" }, "geometry": { "type": "Polygon", "coordinates": [ [ [ 69.2383739, 41.3070527 ], [ 69.2394407, 41.3070411 ], [ 69.2394488, 41.3074527 ], [ 69.2387259, 41.3074915 ], [ 69.2383739, 41.3070527 ] ] ] } },
{ "type": "Feature", "properties": { "id": "way/856947242", "@timestamp": "2020-10-08T20:10:54", "Площадь": 0.15, "Туман": "Чилонзор" }, "geometry": { "type": "Polygon", "coordinates": [ [ [ 69.2382518, 41.3069006 ], [ 69.23944, 41.306886 ], [ 69.239442, 41.3070311 ], [ 69.2383658, 41.3070462 ], [ 69.2382518, 41.3069006 ] ] ] } },
{ "type": "Feature", "properties": { "id": "way/858659056", "@timestamp": "2020-10-13T18:32:50", "Площадь": 0.17, "Туман": "Сергели" }, "geometry": { "type": "Polygon", "coordinates": [ [ [ 69.2360901, 41.2269395 ], [ 69.2362416, 41.2263048 ], [ 69.2365272, 41.2263433 ], [ 69.2363756, 41.2269781 ], [ 69.2360901, 41.2269395 ] ] ] } },
{ "type": "Feature", "properties": { "id": "way/863559486", "@timestamp": "2020-10-25T16:45:28", "Площадь": 0.04, "Туман": "Шайхонтоҳур" }, "geometry": { "type": "Polygon", "coordinates": [ [ [ 69.2287733, 41.3221138 ], [ 69.2288125, 41.3220913 ], [ 69.2288325, 41.3221109 ], [ 69.228926, 41.322057 ], [ 69.229099, 41.3222264 ], [ 69.2290039, 41.3222812 ], [ 69.229066, 41.322342 ], [ 69.2290285, 41.3223637 ], [ 69.2287733, 41.3221138 ] ] ] } },
{ "type": "Feature", "properties": { "id": "way/863559489", "@timestamp": "2025-04-09T15:40:12", "Площадь": 0.38, "Туман": "Шайхонтоҳур" }, "geometry": { "type": "Polygon", "coordinates": [ [ [ 69.228543, 41.3213782 ], [ 69.2290257, 41.3218712 ], [ 69.2287901, 41.3220244 ], [ 69.228339, 41.3215793 ], [ 69.2281591, 41.3214769 ], [ 69.2278975, 41.3213337 ], [ 69.2275745, 41.321187 ], [ 69.2275805, 41.3211058 ], [ 69.2284013, 41.3211703 ], [ 69.2283863, 41.3213069 ], [ 69.228543, 41.3213782 ] ] ] } },
{ "type": "Feature", "properties": { "id": "way/879220963", "@timestamp": "2026-04-21T18:49:48", "Площадь": 0.07, "Туман": "Чилонзор" }, "geometry": { "type": "Polygon", "coordinates": [ [ [ 69.1713133, 41.2428076 ], [ 69.1711455, 41.2426504 ], [ 69.1712382, 41.242432 ], [ 69.171593, 41.242783 ], [ 69.1713133, 41.2428076 ] ] ] } },
{ "type": "Feature", "properties": { "id": "way/886739027", "@timestamp": "2025-10-21T02:34:33", "Площадь": 0.05, "Туман": "Чилонзор" }, "geometry": { "type": "Polygon", "coordinates": [ [ [ 69.1981448, 41.2794624 ], [ 69.1978472, 41.2791862 ], [ 69.1978775, 41.2791781 ], [ 69.1979115, 41.2791734 ], [ 69.1979474, 41.2791718 ], [ 69.1979839, 41.2791734 ], [ 69.1980183, 41.2791756 ], [ 69.1980542, 41.2791845 ], [ 69.1980896, 41.2791972 ], [ 69.19812, 41.2792144 ], [ 69.1982473, 41.2793458 ], [ 69.1981448, 41.2794624 ] ] ] } },
{ "type": "Feature", "properties": { "id": "way/890261087", "@timestamp": "2020-12-30T19:58:09", "Площадь": 0.12, "Туман": "Янгиҳает" }, "geometry": { "type": "Polygon", "coordinates": [ [ [ 69.2428828, 41.2101157 ], [ 69.2418593, 41.2095533 ], [ 69.2419434, 41.209465 ], [ 69.2429004, 41.2099906 ], [ 69.2428828, 41.2101157 ] ] ] } },
{ "type": "Feature", "properties": { "id": "way/890261088", "@timestamp": "2025-11-18T08:33:30", "Площадь": 0.08, "Туман": "Янгиҳает" }, "geometry": { "type": "Polygon", "coordinates": [ [ [ 69.2409141, 41.2090454 ], [ 69.2409708, 41.2089762 ], [ 69.2417849, 41.209412 ], [ 69.2417614, 41.2095091 ], [ 69.2409141, 41.2090454 ] ] ] } },
{ "type": "Feature", "properties": { "id": "way/890261089", "@timestamp": "2020-12-30T19:58:09", "Площадь": 0.14, "Туман": "Янгиҳает" }, "geometry": { "type": "Polygon", "coordinates": [ [ [ 69.24191, 41.2101034 ], [ 69.2415458, 41.2099076 ], [ 69.2417822, 41.2096588 ], [ 69.2418431, 41.2096916 ], [ 69.2418611, 41.2096727 ], [ 69.2421644, 41.2098358 ], [ 69.24191, 41.2101034 ] ] ] } },
{ "type": "Feature", "properties": { "id": "way/891209981", "@timestamp": "2025-12-03T23:16:35", "Площадь": 0.2, "Туман": "Сергели" }, "geometry": { "type": "Polygon", "coordinates": [ [ [ 69.2137345, 41.2155147 ], [ 69.2139135, 41.2152608 ], [ 69.2146265, 41.2155502 ], [ 69.2147448, 41.2156224 ], [ 69.2145253, 41.2155644 ], [ 69.2144944, 41.2156136 ], [ 69.2144701, 41.2156504 ], [ 69.2143971, 41.2157617 ], [ 69.2137345, 41.2155147 ] ] ] } },
{ "type": "Feature", "properties": { "id": "way/891209982", "@timestamp": "2026-04-17T20:19:09", "Площадь": 0.27, "Туман": "Сергели" }, "geometry": { "type": "Polygon", "coordinates": [ [ [ 69.2086947, 41.222755 ], [ 69.2088533, 41.2225245 ], [ 69.2098626, 41.2229174 ], [ 69.209704, 41.2231478 ], [ 69.2086947, 41.222755 ] ] ] } },
{ "type": "Feature", "properties": { "id": "way/894987384", "@timestamp": "2025-12-01T07:02:55", "Площадь": 0.44, "Туман": "Чилонзор" }, "geometry": { "type": "Polygon", "coordinates": [ [ [ 69.16769, 41.2675991 ], [ 69.1679858, 41.2674082 ], [ 69.1682062, 41.2672858 ], [ 69.1683421, 41.2672301 ], [ 69.1684935, 41.2671716 ], [ 69.1686796, 41.2671165 ], [ 69.1690361, 41.2669458 ], [ 69.1691094, 41.2669665 ], [ 69.1692106, 41.2670336 ], [ 69.1692384, 41.2671127 ], [ 69.1691749, 41.2672037 ], [ 69.1690022, 41.2673231 ], [ 69.1687752, 41.2674528 ], [ 69.1685395, 41.2675587 ], [ 69.168365, 41.2675768 ], [ 69.1678568, 41.267726 ], [ 69.16769, 41.2675991 ] ] ] } },
{ "type": "Feature", "properties": { "id": "way/900886535", "@timestamp": "2024-12-08T11:08:48", "Площадь": 0.03, "Туман": "Юнусобод" }, "geometry": { "type": "Polygon", "coordinates": [ [ [ 69.2692642, 41.3100477 ], [ 69.2691793, 41.3100681 ], [ 69.2690946, 41.309873 ], [ 69.2690098, 41.3096779 ], [ 69.2690985, 41.3096606 ], [ 69.2692642, 41.3100477 ] ] ] } },
{ "type": "Feature", "properties": { "id": "way/900886536", "@timestamp": "2024-01-13T16:21:01", "Площадь": 0.01, "Туман": "Чилонзор" }, "geometry": { "type": "Polygon", "coordinates": [ [ [ 69.2103582, 41.2920608 ], [ 69.210377, 41.2920829 ], [ 69.2102679, 41.2921208 ], [ 69.2101863, 41.2921453 ], [ 69.2101309, 41.2921584 ], [ 69.2100766, 41.2921701 ], [ 69.2099984, 41.292181 ], [ 69.209902, 41.2921952 ], [ 69.2098066, 41.2922051 ], [ 69.2097961, 41.2921809 ], [ 69.2098444, 41.2921777 ], [ 69.2099179, 41.2921693 ], [ 69.210013, 41.2921547 ], [ 69.210076, 41.292145 ], [ 69.2101365, 41.2921315 ], [ 69.2101791, 41.2921206 ], [ 69.2102255, 41.2921067 ], [ 69.2102555, 41.2920979 ], [ 69.2102851, 41.2920879 ], [ 69.2103478, 41.2920651 ], [ 69.2103582, 41.2920608 ] ] ] } },
{ "type": "Feature", "properties": { "id": "way/902413869", "@timestamp": "2025-04-08T12:53:34", "Площадь": 0.19, "Туман": "Чилонзор" }, "geometry": { "type": "Polygon", "coordinates": [ [ [ 69.2069726, 41.2835547 ], [ 69.2050853, 41.2847337 ], [ 69.2050325, 41.2846877 ], [ 69.2060423, 41.2840395 ], [ 69.2060107, 41.2840106 ], [ 69.2068803, 41.2834944 ], [ 69.2069726, 41.2835547 ] ] ] } },
{ "type": "Feature", "properties": { "id": "way/905328797", "@timestamp": "2021-02-09T08:14:08", "Площадь": 0.33, "Туман": "Олмазор" }, "geometry": { "type": "Polygon", "coordinates": [ [ [ 69.2054068, 41.3460794 ], [ 69.2063147, 41.3458018 ], [ 69.2065018, 41.3461387 ], [ 69.2055868, 41.3464148 ], [ 69.2054068, 41.3460794 ] ] ] } },
{ "type": "Feature", "properties": { "id": "way/905545405", "@timestamp": "2021-02-13T13:50:57", "Площадь": 0.32, "Туман": "Мирзо Улуғбек" }, "geometry": { "type": "Polygon", "coordinates": [ [ [ 69.3357467, 41.3341762 ], [ 69.3354722, 41.3339148 ], [ 69.3362765, 41.3334389 ], [ 69.3365508, 41.3337002 ], [ 69.3357467, 41.3341762 ] ] ] } },
{ "type": "Feature", "properties": { "id": "way/905779110", "@timestamp": "2021-02-10T11:35:00", "Площадь": 0.03, "Туман": "Чилонзор" }, "geometry": { "type": "Polygon", "coordinates": [ [ [ 69.2229776, 41.2772549 ], [ 69.2232153, 41.2772063 ], [ 69.2232633, 41.2773389 ], [ 69.2230256, 41.2773875 ], [ 69.2229985, 41.2773126 ], [ 69.2229776, 41.2772549 ] ] ] } },
{ "type": "Feature", "properties": { "id": "way/907333380", "@timestamp": "2021-02-15T12:55:08", "Площадь": 0.12, "Туман": "Олмазор" }, "geometry": { "type": "Polygon", "coordinates": [ [ [ 69.1996261, 41.3596077 ], [ 69.2003521, 41.3595929 ], [ 69.2002047, 41.3598459 ], [ 69.1999739, 41.3597701 ], [ 69.1996322, 41.359777 ], [ 69.1996261, 41.3596077 ] ] ] } },
{ "type": "Feature", "properties": { "id": "way/909157019", "@timestamp": "2021-02-20T20:37:08", "Площадь": 0.66, "Туман": "Мирзо Улуғбек" }, "geometry": { "type": "Polygon", "coordinates": [ [ [ 69.3901366, 41.3476444 ], [ 69.3906006, 41.3470122 ], [ 69.3913007, 41.3473706 ], [ 69.3906784, 41.3482103 ], [ 69.3901366, 41.3476444 ] ] ] } },
{ "type": "Feature", "properties": { "id": "way/909157043", "@timestamp": "2021-02-20T20:37:08", "Площадь": 0.21, "Туман": "Мирзо Улуғбек" }, "geometry": { "type": "Polygon", "coordinates": [ [ [ 69.3907524, 41.3543301 ], [ 69.3908276, 41.3542263 ], [ 69.3923907, 41.354889 ], [ 69.3924886, 41.3549304 ], [ 69.3924134, 41.3550303 ], [ 69.3907524, 41.3543301 ] ] ] } },
{ "type": "Feature", "properties": { "id": "way/910590622", "@timestamp": "2023-12-01T21:59:06", "Площадь": 0.45, "Туман": "Чилонзор" }, "geometry": { "type": "Polygon", "coordinates": [ [ [ 69.2033964, 41.277978 ], [ 69.2039418, 41.2776291 ], [ 69.2042829, 41.2779042 ], [ 69.2043987, 41.2778961 ], [ 69.2045164, 41.277989 ], [ 69.2043022, 41.2781331 ], [ 69.2043799, 41.2781995 ], [ 69.2039244, 41.2784758 ], [ 69.2033964, 41.277978 ] ] ] } },
{ "type": "Feature", "properties": { "id": "way/911701805", "@timestamp": "2024-10-19T20:18:27", "Площадь": 0.34, "Туман": "Мирзо Улуғбек" }, "geometry": { "type": "Polygon", "coordinates": [ [ [ 69.2942352, 41.3216178 ], [ 69.2946163, 41.3215836 ], [ 69.2945848, 41.3214086 ], [ 69.2945777, 41.3213695 ], [ 69.2950908, 41.3213335 ], [ 69.2952401, 41.3216696 ], [ 69.2945896, 41.3218811 ], [ 69.2943096, 41.3219989 ], [ 69.2942352, 41.3216178 ] ] ] } },
{ "type": "Feature", "properties": { "id": "way/914047917", "@timestamp": "2022-10-27T15:25:49", "Площадь": 0.11, "Туман": "Мирзо Улуғбек" }, "geometry": { "type": "Polygon", "coordinates": [ [ [ 69.3258738, 41.324282 ], [ 69.3261206, 41.3243283 ], [ 69.325965, 41.3248017 ], [ 69.3258305, 41.3247767 ], [ 69.3257263, 41.3247574 ], [ 69.3258738, 41.324282 ] ] ] } },
{ "type": "Feature", "properties": { "id": "way/923504426", "@timestamp": "2023-11-05T13:45:42", "Площадь": 1.19, "Туман": "Чилонзор" }, "geometry": { "type": "Polygon", "coordinates": [ [ [ 69.1950232, 41.256922 ], [ 69.1949139, 41.2568001 ], [ 69.1949117, 41.2566909 ], [ 69.1948935, 41.2564194 ], [ 69.1947087, 41.2562793 ], [ 69.1943816, 41.2560419 ], [ 69.1947752, 41.2557141 ], [ 69.1947227, 41.2556661 ], [ 69.1943953, 41.2556428 ], [ 69.1942131, 41.2556827 ], [ 69.1939064, 41.2554342 ], [ 69.1941641, 41.255291 ], [ 69.194265, 41.2552496 ], [ 69.1943776, 41.2552169 ], [ 69.1945198, 41.2551954 ], [ 69.194658, 41.2551916 ], [ 69.1947656, 41.2551998 ], [ 69.1948666, 41.2552164 ], [ 69.1949653, 41.2552345 ], [ 69.1950596, 41.255256 ], [ 69.1951821, 41.2553145 ], [ 69.1952746, 41.2553754 ], [ 69.195363, 41.2554388 ], [ 69.1954367, 41.25553 ], [ 69.1955155, 41.2563434 ], [ 69.1955194, 41.2564932 ], [ 69.1953462, 41.2564961 ], [ 69.1953278, 41.2563414 ], [ 69.1952843, 41.2563085 ], [ 69.1950649, 41.2564664 ], [ 69.195074, 41.2569013 ], [ 69.1950232, 41.256922 ] ] ] } },
{ "type": "Feature", "properties": { "id": "way/931665121", "@timestamp": "2023-11-12T15:24:49", "Площадь": 0.14, "Туман": "Янгиҳает" }, "geometry": { "type": "Polygon", "coordinates": [ [ [ 69.2174029, 41.2029933 ], [ 69.217651, 41.2026553 ], [ 69.2177414, 41.2026929 ], [ 69.2175754, 41.2029188 ], [ 69.218322, 41.2032292 ], [ 69.2182398, 41.2033412 ], [ 69.2174029, 41.2029933 ] ] ] } },
{ "type": "Feature", "properties": { "id": "way/933337910", "@timestamp": "2025-06-26T10:06:16", "Площадь": 0.16, "Туман": "Чилонзор" }, "geometry": { "type": "Polygon", "coordinates": [ [ [ 69.188141, 41.2547448 ], [ 69.1882309, 41.2547938 ], [ 69.188253, 41.2548766 ], [ 69.1882762, 41.2549178 ], [ 69.1883363, 41.2549737 ], [ 69.1880086, 41.2552862 ], [ 69.187984, 41.2553069 ], [ 69.187905, 41.2552585 ], [ 69.1876959, 41.2551199 ], [ 69.188141, 41.2547448 ] ] ] } },
{ "type": "Feature", "properties": { "id": "way/940317204", "@timestamp": "2024-05-16T22:50:19", "Площадь": 0.35, "Туман": "Сергели" }, "geometry": { "type": "Polygon", "coordinates": [ [ [ 69.2702244, 41.2677361 ], [ 69.2702284, 41.2676111 ], [ 69.2700863, 41.2676061 ], [ 69.2702647, 41.2671041 ], [ 69.2706227, 41.2671857 ], [ 69.2705865, 41.2673581 ], [ 69.270941, 41.2674189 ], [ 69.2709342, 41.2677947 ], [ 69.2706237, 41.2677649 ], [ 69.2706308, 41.2677061 ], [ 69.2704618, 41.2677038 ], [ 69.2704578, 41.2677432 ], [ 69.2702244, 41.2677361 ] ] ] } },
{ "type": "Feature", "properties": { "id": "way/940317205", "@timestamp": "2024-05-16T22:50:19", "Площадь": 0.26, "Туман": "Сергели" }, "geometry": { "type": "Polygon", "coordinates": [ [ [ 69.2694694, 41.2674166 ], [ 69.2697054, 41.2669105 ], [ 69.2701936, 41.2670194 ], [ 69.2699736, 41.2675456 ], [ 69.2694694, 41.2674166 ] ] ] } },
{ "type": "Feature", "properties": { "id": "way/940317206", "@timestamp": "2024-05-16T22:50:19", "Площадь": 0.59, "Туман": "Сергели" }, "geometry": { "type": "Polygon", "coordinates": [ [ [ 69.269692, 41.2665396 ], [ 69.2698503, 41.2660577 ], [ 69.2709443, 41.2663456 ], [ 69.2709412, 41.2664713 ], [ 69.2711213, 41.2665145 ], [ 69.2710168, 41.2668467 ], [ 69.269692, 41.2665396 ] ] ] } },
{ "type": "Feature", "properties": { "id": "way/948541410", "@timestamp": "2021-05-29T22:28:49", "Площадь": 0.07, "Туман": "Олмазор" }, "geometry": { "type": "Polygon", "coordinates": [ [ [ 69.2202763, 41.3400287 ], [ 69.2203474, 41.3400448 ], [ 69.2202978, 41.3401757 ], [ 69.2202495, 41.3401696 ], [ 69.2201623, 41.340369 ], [ 69.22022, 41.3403831 ], [ 69.2200819, 41.3407043 ], [ 69.2199424, 41.3406771 ], [ 69.2202482, 41.3400196 ], [ 69.2202763, 41.3400287 ] ] ] } },
{ "type": "Feature", "properties": { "id": "way/948543967", "@timestamp": "2023-07-10T18:33:33", "Площадь": 0.25, "Туман": "Чилонзор" }, "geometry": { "type": "Polygon", "coordinates": [ [ [ 69.1872516, 41.2588498 ], [ 69.1871722, 41.2586425 ], [ 69.1873804, 41.2586008 ], [ 69.1874032, 41.2586522 ], [ 69.1880212, 41.2584924 ], [ 69.1880605, 41.2585749 ], [ 69.1882556, 41.2589234 ], [ 69.1881785, 41.2591303 ], [ 69.1881569, 41.2591885 ], [ 69.1878712, 41.2591341 ], [ 69.1880026, 41.25875 ], [ 69.1878283, 41.2586723 ], [ 69.1877224, 41.2586784 ], [ 69.187646, 41.2586995 ], [ 69.1875078, 41.2587832 ], [ 69.1872516, 41.2588498 ] ] ] } },
{ "type": "Feature", "properties": { "id": "way/952024910", "@timestamp": "2026-01-01T17:44:12", "Площадь": 0.16, "Туман": "Юнусобод" }, "geometry": { "type": "Polygon", "coordinates": [ [ [ 69.3327661, 41.3554959 ], [ 69.3328761, 41.3553741 ], [ 69.3330356, 41.3552564 ], [ 69.3333822, 41.3556958 ], [ 69.3331101, 41.3558135 ], [ 69.3327661, 41.3554959 ] ] ] } },
{ "type": "Feature", "properties": { "id": "way/955305734", "@timestamp": "2021-06-17T12:03:18", "Площадь": 0.09, "Туман": "Чилонзор" }, "geometry": { "type": "Polygon", "coordinates": [ [ [ 69.1807685, 41.2300089 ], [ 69.1805117, 41.229714 ], [ 69.1807286, 41.2296079 ], [ 69.1809945, 41.2298649 ], [ 69.1807685, 41.2300089 ] ] ] } },
{ "type": "Feature", "properties": { "id": "way/955305736", "@timestamp": "2021-06-19T08:14:47", "Площадь": 0.06, "Туман": "Чилонзор" }, "geometry": { "type": "Polygon", "coordinates": [ [ [ 69.1806657, 41.2294972 ], [ 69.1804844, 41.2293153 ], [ 69.180373, 41.2292052 ], [ 69.1802698, 41.2291134 ], [ 69.1803931, 41.2290593 ], [ 69.1807663, 41.2294246 ], [ 69.1806657, 41.2294972 ] ] ] } },
{ "type": "Feature", "properties": { "id": "way/957414372", "@timestamp": "2025-03-06T21:38:21", "Площадь": 0.16, "Туман": "Яшнобод" }, "geometry": { "type": "Polygon", "coordinates": [ [ [ 69.3505285, 41.2868569 ], [ 69.3503317, 41.2867882 ], [ 69.3501448, 41.2867208 ], [ 69.3504202, 41.286296 ], [ 69.3506552, 41.2863739 ], [ 69.3506372, 41.2864732 ], [ 69.3506216, 41.2866077 ], [ 69.3506099, 41.2866693 ], [ 69.3505568, 41.2868128 ], [ 69.3505285, 41.2868569 ] ] ] } },
{ "type": "Feature", "properties": { "id": "way/957414374", "@timestamp": "2021-06-23T06:54:32", "Площадь": 0.05, "Туман": "Яшнобод" }, "geometry": { "type": "Polygon", "coordinates": [ [ [ 69.3501759, 41.2870322 ], [ 69.3503317, 41.2867882 ], [ 69.3505285, 41.2868569 ], [ 69.3503613, 41.2870977 ], [ 69.3502479, 41.2870576 ], [ 69.3501759, 41.2870322 ] ] ] } },
{ "type": "Feature", "properties": { "id": "way/957414376", "@timestamp": "2021-06-23T06:54:32", "Площадь": 0.11, "Туман": "Яшнобод" }, "geometry": { "type": "Polygon", "coordinates": [ [ [ 69.3502479, 41.2870576 ], [ 69.3503613, 41.2870977 ], [ 69.3503243, 41.2871695 ], [ 69.350622, 41.2872778 ], [ 69.3504598, 41.2875004 ], [ 69.3501161, 41.2873627 ], [ 69.3500694, 41.2873418 ], [ 69.3502479, 41.2870576 ] ] ] } },
{ "type": "Feature", "properties": { "id": "way/957759138", "@timestamp": "2021-06-24T07:00:14", "Площадь": 0.02, "Туман": "Яшнобод" }, "geometry": { "type": "Polygon", "coordinates": [ [ [ 69.3261574, 41.251352 ], [ 69.3259346, 41.2512753 ], [ 69.3257149, 41.2511996 ], [ 69.3257441, 41.2511516 ], [ 69.3261865, 41.2513041 ], [ 69.3261574, 41.251352 ] ] ] } },
{ "type": "Feature", "properties": { "id": "way/962874473", "@timestamp": "2024-05-21T21:12:42", "Площадь": 0.02, "Туман": "Сергели" }, "geometry": { "type": "Polygon", "coordinates": [ [ [ 69.2470324, 41.25471 ], [ 69.2470496, 41.2545931 ], [ 69.2472561, 41.2546102 ], [ 69.2472389, 41.2547272 ], [ 69.2470324, 41.25471 ] ] ] } },
{ "type": "Feature", "properties": { "id": "way/965630905", "@timestamp": "2022-10-20T11:14:39", "Площадь": 0.25, "Туман": "Яшнобод" }, "geometry": { "type": "Polygon", "coordinates": [ [ [ 69.3180153, 41.3038514 ], [ 69.3200689, 41.3043019 ], [ 69.320023, 41.304422 ], [ 69.318141, 41.3040193 ], [ 69.3180153, 41.3038514 ] ] ] } },
{ "type": "Feature", "properties": { "id": "way/970497805", "@timestamp": "2021-08-04T22:53:11", "Площадь": 0.06, "Туман": "Миробод" }, "geometry": { "type": "Polygon", "coordinates": [ [ [ 69.3004971, 41.2900971 ], [ 69.3000254, 41.2906118 ], [ 69.2999417, 41.2905685 ], [ 69.3004134, 41.2900538 ], [ 69.3004971, 41.2900971 ] ] ] } },
{ "type": "Feature", "properties": { "id": "way/979691242", "@timestamp": "2021-09-04T20:00:35", "Площадь": 0.25, "Туман": "Миробод" }, "geometry": { "type": "Polygon", "coordinates": [ [ [ 69.3038546, 41.2776259 ], [ 69.3022848, 41.2764556 ], [ 69.3023396, 41.2764137 ], [ 69.3023958, 41.2763708 ], [ 69.3039602, 41.2775278 ], [ 69.3039089, 41.2775754 ], [ 69.3038546, 41.2776259 ] ] ] } },
{ "type": "Feature", "properties": { "id": "way/982308576", "@timestamp": "2021-09-12T19:29:42", "Площадь": 0.09, "Туман": "Яшнобод" }, "geometry": { "type": "Polygon", "coordinates": [ [ [ 69.3110514, 41.2873731 ], [ 69.3118319, 41.2874648 ], [ 69.3118116, 41.2875487 ], [ 69.3116359, 41.2875293 ], [ 69.311632, 41.2875489 ], [ 69.3116279, 41.2875693 ], [ 69.3110557, 41.2875032 ], [ 69.311027, 41.2874999 ], [ 69.3110514, 41.2873731 ] ] ] } },
{ "type": "Feature", "properties": { "id": "way/983569027", "@timestamp": "2024-09-24T19:30:47", "Площадь": 0.21, "Туман": "Юнусобод" }, "geometry": { "type": "Polygon", "coordinates": [ [ [ 69.2804796, 41.3476995 ], [ 69.28044, 41.3474387 ], [ 69.2809313, 41.3473967 ], [ 69.2812876, 41.3473663 ], [ 69.2813272, 41.347627 ], [ 69.2804796, 41.3476995 ] ] ] } },
{ "type": "Feature", "properties": { "id": "way/987618677", "@timestamp": "2021-09-28T07:27:43", "Площадь": 0.09, "Туман": "Мирзо Улуғбек" }, "geometry": { "type": "Polygon", "coordinates": [ [ [ 69.3007142, 41.3197848 ], [ 69.3007604, 41.3197293 ], [ 69.3008251, 41.3197571 ], [ 69.3009376, 41.3196333 ], [ 69.3013119, 41.3197906 ], [ 69.3011502, 41.3199792 ], [ 69.3007142, 41.3197848 ] ] ] } },
{ "type": "Feature", "properties": { "id": "way/989735687", "@timestamp": "2023-12-19T14:12:16", "Площадь": 0.03, "Туман": "Чилонзор" }, "geometry": { "type": "Polygon", "coordinates": [ [ [ 69.2204079, 41.2802477 ], [ 69.2202737, 41.2801605 ], [ 69.2204186, 41.2800346 ], [ 69.2205528, 41.2801217 ], [ 69.2204079, 41.2802477 ] ] ] } },
{ "type": "Feature", "properties": { "id": "way/989735688", "@timestamp": "2023-05-25T19:39:56", "Площадь": 0.11, "Туман": "Чилонзор" }, "geometry": { "type": "Polygon", "coordinates": [ [ [ 69.2218858, 41.278298 ], [ 69.2218373, 41.2785116 ], [ 69.2218311, 41.2786151 ], [ 69.2218333, 41.2787154 ], [ 69.2218444, 41.2789129 ], [ 69.2214814, 41.2787877 ], [ 69.2215817, 41.2786172 ], [ 69.2216327, 41.2785267 ], [ 69.2216948, 41.2784445 ], [ 69.2218858, 41.278298 ] ] ] } },
{ "type": "Feature", "properties": { "id": "way/989735689", "@timestamp": "2021-10-04T20:35:55", "Площадь": 0.04, "Туман": "Чилонзор" }, "geometry": { "type": "Polygon", "coordinates": [ [ [ 69.2244611, 41.2819442 ], [ 69.2245819, 41.2818651 ], [ 69.2248053, 41.2820578 ], [ 69.2246845, 41.2821368 ], [ 69.2244611, 41.2819442 ] ] ] } },
{ "type": "Feature", "properties": { "id": "way/989735692", "@timestamp": "2021-10-04T20:35:55", "Площадь": 0.01, "Туман": "Чилонзор" }, "geometry": { "type": "Polygon", "coordinates": [ [ [ 69.2201621, 41.2776378 ], [ 69.2200797, 41.2775667 ], [ 69.2201707, 41.2775071 ], [ 69.2202531, 41.2775782 ], [ 69.2201621, 41.2776378 ] ] ] } },
{ "type": "Feature", "properties": { "id": "way/989804950", "@timestamp": "2021-10-05T06:37:29", "Площадь": 0.01, "Туман": "Яшнобод" }, "geometry": { "type": "Polygon", "coordinates": [ [ [ 69.3251957, 41.2511433 ], [ 69.3251402, 41.2511239 ], [ 69.3252478, 41.2509491 ], [ 69.3253033, 41.2509684 ], [ 69.3251957, 41.2511433 ] ] ] } },
{ "type": "Feature", "properties": { "id": "way/989804951", "@timestamp": "2021-10-05T06:37:29", "Площадь": 0.01, "Туман": "Яшнобод" }, "geometry": { "type": "Polygon", "coordinates": [ [ [ 69.3271394, 41.2519755 ], [ 69.3272111, 41.2518246 ], [ 69.3272932, 41.2518466 ], [ 69.3272331, 41.252001 ], [ 69.3271394, 41.2519755 ] ] ] } },
{ "type": "Feature", "properties": { "id": "way/989804959", "@timestamp": "2021-10-05T06:37:29", "Площадь": 0.07, "Туман": "Яшнобод" }, "geometry": { "type": "Polygon", "coordinates": [ [ [ 69.3245583, 41.2507311 ], [ 69.3244033, 41.2506832 ], [ 69.324631, 41.2502669 ], [ 69.3247858, 41.2503148 ], [ 69.3245583, 41.2507311 ] ] ] } },
{ "type": "Feature", "properties": { "id": "way/991444164", "@timestamp": "2021-12-07T11:38:34", "Площадь": 0.05, "Туман": "Юнусобод" }, "geometry": { "type": "Polygon", "coordinates": [ [ [ 69.3004154, 41.3415451 ], [ 69.3003401, 41.3415231 ], [ 69.3002223, 41.3414886 ], [ 69.3002557, 41.3414282 ], [ 69.3003483, 41.3412612 ], [ 69.3005455, 41.3413192 ], [ 69.3004154, 41.3415451 ] ] ] } },
{ "type": "Feature", "properties": { "id": "way/993479092", "@timestamp": "2024-01-12T23:57:44", "Площадь": 0.07, "Туман": "Чилонзор" }, "geometry": { "type": "Polygon", "coordinates": [ [ [ 69.219977, 41.2779031 ], [ 69.2200037, 41.2778862 ], [ 69.2200155, 41.2778788 ], [ 69.2200271, 41.2778715 ], [ 69.2201435, 41.2777979 ], [ 69.2204427, 41.2780654 ], [ 69.2203599, 41.2781177 ], [ 69.2202762, 41.2781706 ], [ 69.219977, 41.2779031 ] ] ] } },
{ "type": "Feature", "properties": { "id": "way/994949030", "@timestamp": "2024-11-03T16:21:54", "Площадь": 0.41, "Туман": "Мирзо Улуғбек" }, "geometry": { "type": "Polygon", "coordinates": [ [ [ 69.4345135, 41.3260281 ], [ 69.4346444, 41.3260011 ], [ 69.4345903, 41.325962 ], [ 69.4357509, 41.3257057 ], [ 69.4357886, 41.3257446 ], [ 69.4358811, 41.3257215 ], [ 69.4359154, 41.3257646 ], [ 69.4359279, 41.3257729 ], [ 69.4359391, 41.3257821 ], [ 69.4359492, 41.3257925 ], [ 69.4359578, 41.3258036 ], [ 69.4359641, 41.3258178 ], [ 69.4359682, 41.3258318 ], [ 69.4359692, 41.3258465 ], [ 69.4359682, 41.3258611 ], [ 69.4359629, 41.3258787 ], [ 69.4359555, 41.3258956 ], [ 69.4359438, 41.3259108 ], [ 69.4359299, 41.3259241 ], [ 69.4359161, 41.3259325 ], [ 69.4359004, 41.3259388 ], [ 69.4358831, 41.3259431 ], [ 69.4358654, 41.3259464 ], [ 69.4359175, 41.3259886 ], [ 69.4353486, 41.3261234 ], [ 69.4353196, 41.326129 ], [ 69.4352936, 41.3261349 ], [ 69.4347092, 41.3262554 ], [ 69.4346629, 41.3262186 ], [ 69.4346453, 41.3262214 ], [ 69.4346272, 41.326223 ], [ 69.4346091, 41.3262218 ], [ 69.4345916, 41.3262195 ], [ 69.4345743, 41.3262134 ], [ 69.4345579, 41.3262058 ], [ 69.4345436, 41.3261972 ], [ 69.4345303, 41.3261872 ], [ 69.4345188, 41.3261752 ], [ 69.4345085, 41.3261627 ], [ 69.4345003, 41.3261496 ], [ 69.4344947, 41.3261353 ], [ 69.4344922, 41.3261214 ], [ 69.4344928, 41.3261074 ], [ 69.4344954, 41.326094 ], [ 69.4344989, 41.3260804 ], [ 69.4345135, 41.3260281 ] ] ] } },
{ "type": "Feature", "properties": { "id": "way/995115942", "@timestamp": "2021-10-21T04:22:09", "Площадь": 0.08, "Туман": "Миробод" }, "geometry": { "type": "Polygon", "coordinates": [ [ [ 69.2799931, 41.3018849 ], [ 69.2798301, 41.3017858 ], [ 69.2801941, 41.3014644 ], [ 69.2803501, 41.3015691 ], [ 69.2799931, 41.3018849 ] ] ] } },
{ "type": "Feature", "properties": { "id": "way/996799201", "@timestamp": "2021-12-08T16:39:32", "Площадь": 0.09, "Туман": "Миробод" }, "geometry": { "type": "Polygon", "coordinates": [ [ [ 69.3052762, 41.2789579 ], [ 69.3051642, 41.2788471 ], [ 69.305424, 41.2787119 ], [ 69.3056761, 41.2789844 ], [ 69.305578, 41.2790362 ], [ 69.3054613, 41.279098 ], [ 69.3053017, 41.2789469 ], [ 69.3052762, 41.2789579 ] ] ] } },
{ "type": "Feature", "properties": { "id": "way/997139245", "@timestamp": "2021-10-28T11:06:50", "Площадь": 0.02, "Туман": "Яшнобод" }, "geometry": { "type": "Polygon", "coordinates": [ [ [ 69.3168672, 41.2882376 ], [ 69.3171217, 41.2879455 ], [ 69.3171859, 41.2879683 ], [ 69.316929, 41.2882657 ], [ 69.3168672, 41.2882376 ] ] ] } },
{ "type": "Feature", "properties": { "id": "way/997779275", "@timestamp": "2021-10-30T21:03:38", "Площадь": 0.03, "Туман": "Яшнобод" }, "geometry": { "type": "Polygon", "coordinates": [ [ [ 69.3536596, 41.2651717 ], [ 69.3538768, 41.2649172 ], [ 69.3539795, 41.2649664 ], [ 69.3537577, 41.2652174 ], [ 69.3536596, 41.2651717 ] ] ] } },
{ "type": "Feature", "properties": { "id": "way/1000624924", "@timestamp": "2021-11-08T20:29:38", "Площадь": 0.06, "Туман": "Миробод" }, "geometry": { "type": "Polygon", "coordinates": [ [ [ 69.2941858, 41.2838574 ], [ 69.2944155, 41.2836772 ], [ 69.2945994, 41.2838177 ], [ 69.2943829, 41.2839903 ], [ 69.2941858, 41.2838574 ] ] ] } },
{ "type": "Feature", "properties": { "id": "way/1001872683", "@timestamp": "2026-02-12T01:31:19", "Площадь": 0.17, "Туман": "Олмазор" }, "geometry": { "type": "Polygon", "coordinates": [ [ [ 69.214628, 41.3505971 ], [ 69.2151096, 41.3500664 ], [ 69.2153623, 41.3501926 ], [ 69.2151231, 41.3504401 ], [ 69.2148518, 41.3507181 ], [ 69.2147779, 41.3506796 ], [ 69.2146799, 41.3506261 ], [ 69.2146446, 41.3506069 ], [ 69.214628, 41.3505971 ] ] ] } },
{ "type": "Feature", "properties": { "id": "way/1001872693", "@timestamp": "2026-02-12T21:46:56", "Площадь": 0.12, "Туман": "Олмазор" }, "geometry": { "type": "Polygon", "coordinates": [ [ [ 69.2115974, 41.3531625 ], [ 69.2118627, 41.3531618 ], [ 69.212096, 41.3531632 ], [ 69.2121207, 41.3531633 ], [ 69.2121185, 41.353374 ], [ 69.2121178, 41.3533946 ], [ 69.2116252, 41.3533912 ], [ 69.2114774, 41.353301 ], [ 69.2115974, 41.3531625 ] ] ] } },
{ "type": "Feature", "properties": { "id": "way/1011272990", "@timestamp": "2023-07-02T15:20:20", "Площадь": 6.58, "Туман": "Бектемир" }, "geometry": { "type": "Polygon", "coordinates": [ [ [ 69.3236279, 41.2063447 ], [ 69.3249621, 41.2050856 ], [ 69.3283902, 41.2071417 ], [ 69.3270559, 41.2084008 ], [ 69.3236279, 41.2063447 ] ] ] } },
{ "type": "Feature", "properties": { "id": "way/1015248180", "@timestamp": "2021-12-26T11:29:13", "Площадь": 0.05, "Туман": "Юнусобод" }, "geometry": { "type": "Polygon", "coordinates": [ [ [ 69.2795055, 41.3298057 ], [ 69.2794438, 41.329421 ], [ 69.27959, 41.3294069 ], [ 69.2796463, 41.3297926 ], [ 69.2795055, 41.3298057 ] ] ] } },
{ "type": "Feature", "properties": { "id": "way/1015320115", "@timestamp": "2025-09-19T00:13:01", "Площадь": 0.11, "Туман": "Олмазор" }, "geometry": { "type": "Polygon", "coordinates": [ [ [ 69.2531221, 41.3391182 ], [ 69.2530513, 41.3389922 ], [ 69.253846, 41.3387403 ], [ 69.2539169, 41.3388665 ], [ 69.2531221, 41.3391182 ] ] ] } },
{ "type": "Feature", "properties": { "id": "way/1015320117", "@timestamp": "2021-12-25T19:37:05", "Площадь": 0.04, "Туман": "Олмазор" }, "geometry": { "type": "Polygon", "coordinates": [ [ [ 69.2487861, 41.3404174 ], [ 69.2488163, 41.3404885 ], [ 69.2482521, 41.3406232 ], [ 69.248222, 41.3405521 ], [ 69.2487861, 41.3404174 ] ] ] } },
{ "type": "Feature", "properties": { "id": "way/1015320134", "@timestamp": "2021-12-25T19:37:05", "Площадь": 0.12, "Туман": "Олмазор" }, "geometry": { "type": "Polygon", "coordinates": [ [ [ 69.2543162, 41.3394255 ], [ 69.2542076, 41.3393822 ], [ 69.2541465, 41.3392393 ], [ 69.2551289, 41.3389251 ], [ 69.2550686, 41.3390157 ], [ 69.2545925, 41.3391627 ], [ 69.2546689, 41.3393067 ], [ 69.2543162, 41.3394255 ] ] ] } },
{ "type": "Feature", "properties": { "id": "way/1015684688", "@timestamp": "2021-12-26T22:13:54", "Площадь": 0.28, "Туман": "Шайхонтоҳур" }, "geometry": { "type": "Polygon", "coordinates": [ [ [ 69.2642495, 41.3319712 ], [ 69.2643968, 41.3317744 ], [ 69.2647634, 41.3317516 ], [ 69.2651673, 41.3319094 ], [ 69.265165, 41.3320462 ], [ 69.2649879, 41.3322828 ], [ 69.2642495, 41.3319712 ] ] ] } },
{ "type": "Feature", "properties": { "id": "way/1018637276", "@timestamp": "2022-01-05T21:32:26", "Площадь": 0.14, "Туман": "Миробод" }, "geometry": { "type": "Polygon", "coordinates": [ [ [ 69.2747597, 41.301317 ], [ 69.2746756, 41.3009083 ], [ 69.2749511, 41.3009135 ], [ 69.2751263, 41.3010276 ], [ 69.2751589, 41.3012802 ], [ 69.2747597, 41.301317 ] ] ] } },
{ "type": "Feature", "properties": { "id": "way/1019049334", "@timestamp": "2022-01-07T12:11:16", "Площадь": 0.04, "Туман": "Шайхонтоҳур" }, "geometry": { "type": "Polygon", "coordinates": [ [ [ 69.2338126, 41.3206452 ], [ 69.2338521, 41.3206774 ], [ 69.2332157, 41.3211181 ], [ 69.2331761, 41.3210859 ], [ 69.2338126, 41.3206452 ] ] ] } },
{ "type": "Feature", "properties": { "id": "way/1025218694", "@timestamp": "2022-01-27T14:00:02", "Площадь": 0.22, "Туман": "Чилонзор" }, "geometry": { "type": "Polygon", "coordinates": [ [ [ 69.2010887, 41.2546825 ], [ 69.201078, 41.254383 ], [ 69.2018534, 41.2543674 ], [ 69.2018641, 41.2546668 ], [ 69.2010887, 41.2546825 ] ] ] } },
{ "type": "Feature", "properties": { "id": "way/1025218699", "@timestamp": "2022-01-27T14:00:02", "Площадь": 0.2, "Туман": "Чилонзор" }, "geometry": { "type": "Polygon", "coordinates": [ [ [ 69.1978669, 41.254539 ], [ 69.1988466, 41.2545238 ], [ 69.1988527, 41.2547445 ], [ 69.197873, 41.2547597 ], [ 69.1978669, 41.254539 ] ] ] } },
{ "type": "Feature", "properties": { "id": "way/1025218704", "@timestamp": "2024-08-24T19:35:45", "Площадь": 1.44, "Туман": "Чилонзор" }, "geometry": { "type": "Polygon", "coordinates": [ [ [ 69.1915235, 41.2577745 ], [ 69.191825, 41.2579486 ], [ 69.1919679, 41.25794 ], [ 69.1931753, 41.2586958 ], [ 69.1938115, 41.2584353 ], [ 69.1938606, 41.2584066 ], [ 69.1940421, 41.2583008 ], [ 69.1940984, 41.2583835 ], [ 69.1939026, 41.2586557 ], [ 69.1934306, 41.25894 ], [ 69.1931619, 41.2590215 ], [ 69.1928834, 41.2590771 ], [ 69.1926842, 41.2590889 ], [ 69.1924864, 41.259065 ], [ 69.1922986, 41.2590172 ], [ 69.1921163, 41.2589501 ], [ 69.1919591, 41.258876 ], [ 69.1918239, 41.2587867 ], [ 69.1916747, 41.2586947 ], [ 69.191553, 41.258575 ], [ 69.1915026, 41.2584664 ], [ 69.1914624, 41.2583592 ], [ 69.1914297, 41.2582284 ], [ 69.1914135, 41.2581032 ], [ 69.1914428, 41.2579507 ], [ 69.1915235, 41.2577745 ] ] ] } },
{ "type": "Feature", "properties": { "id": "way/1025754174", "@timestamp": "2022-01-29T08:02:18", "Площадь": 0.04, "Туман": "Мирзо Улуғбек" }, "geometry": { "type": "Polygon", "coordinates": [ [ [ 69.3316467, 41.327973 ], [ 69.3316662, 41.3278943 ], [ 69.3321584, 41.3279638 ], [ 69.3321315, 41.3280341 ], [ 69.3316467, 41.327973 ] ] ] } },
{ "type": "Feature", "properties": { "id": "way/1025754175", "@timestamp": "2022-01-29T08:02:18", "Площадь": 0.04, "Туман": "Мирзо Улуғбек" }, "geometry": { "type": "Polygon", "coordinates": [ [ [ 69.3315949, 41.3279581 ], [ 69.3311038, 41.327896 ], [ 69.3311185, 41.3278164 ], [ 69.3316133, 41.3278869 ], [ 69.3315949, 41.3279581 ] ] ] } },
{ "type": "Feature", "properties": { "id": "way/1027063741", "@timestamp": "2022-02-02T15:50:34", "Площадь": 0.03, "Туман": "Миробод" }, "geometry": { "type": "Polygon", "coordinates": [ [ [ 69.2826246, 41.2870289 ], [ 69.2825821, 41.2870774 ], [ 69.2821643, 41.286871 ], [ 69.2822067, 41.2868225 ], [ 69.2826246, 41.2870289 ] ] ] } },
{ "type": "Feature", "properties": { "id": "way/1029603763", "@timestamp": "2025-11-26T14:10:09", "Площадь": 0.01, "Туман": "Янгиҳает" }, "geometry": { "type": "Polygon", "coordinates": [ [ [ 69.2436147, 41.2064998 ], [ 69.2436181, 41.2064519 ], [ 69.2438191, 41.2064632 ], [ 69.2438142, 41.2065102 ], [ 69.2436147, 41.2064998 ] ] ] } },
{ "type": "Feature", "properties": { "id": "way/1029613340", "@timestamp": "2025-11-26T14:10:09", "Площадь": 0.01, "Туман": "Янгиҳает" }, "geometry": { "type": "Polygon", "coordinates": [ [ [ 69.2427349, 41.2073645 ], [ 69.2426749, 41.2073598 ], [ 69.2426516, 41.2073414 ], [ 69.2426569, 41.2072467 ], [ 69.2427398, 41.2072491 ], [ 69.2427349, 41.2073645 ] ] ] } },
{ "type": "Feature", "properties": { "id": "way/1029613341", "@timestamp": "2025-11-26T14:10:09", "Площадь": 0.01, "Туман": "Янгиҳает" }, "geometry": { "type": "Polygon", "coordinates": [ [ [ 69.2428075, 41.2072504 ], [ 69.2428175, 41.2071585 ], [ 69.2428622, 41.2071821 ], [ 69.2428736, 41.2071884 ], [ 69.2428668, 41.2072775 ], [ 69.2428075, 41.2072504 ] ] ] } },
{ "type": "Feature", "properties": { "id": "way/1030665086", "@timestamp": "2022-02-12T11:02:20", "Площадь": 0.05, "Туман": "Яшнобод" }, "geometry": { "type": "Polygon", "coordinates": [ [ [ 69.3151125, 41.315382 ], [ 69.3149167, 41.3149841 ], [ 69.3150187, 41.3149448 ], [ 69.315256, 41.3153387 ], [ 69.3151125, 41.315382 ] ] ] } },
{ "type": "Feature", "properties": { "id": "way/1030665087", "@timestamp": "2022-02-12T11:02:20", "Площадь": 0.03, "Туман": "Яшнобод" }, "geometry": { "type": "Polygon", "coordinates": [ [ [ 69.3151779, 41.315395 ], [ 69.3152765, 41.31536 ], [ 69.3154354, 41.3156126 ], [ 69.3153369, 41.3156476 ], [ 69.3151779, 41.315395 ] ] ] } },
{ "type": "Feature", "properties": { "id": "way/1031957068", "@timestamp": "2024-10-13T18:30:37", "Площадь": 1.03, "Туман": "Мирзо Улуғбек" }, "geometry": { "type": "Polygon", "coordinates": [ [ [ 69.4264927, 41.3277929 ], [ 69.4264223, 41.3278022 ], [ 69.426368, 41.327781 ], [ 69.4255768, 41.3267891 ], [ 69.4255804, 41.3267533 ], [ 69.4256055, 41.326719 ], [ 69.4260298, 41.3265197 ], [ 69.4262273, 41.3265262 ], [ 69.4262255, 41.3265986 ], [ 69.4265019, 41.3266117 ], [ 69.4265382, 41.3266574 ], [ 69.4265659, 41.3266741 ], [ 69.4266017, 41.3266712 ], [ 69.4266374, 41.3267161 ], [ 69.4266198, 41.3267375 ], [ 69.4266173, 41.326759 ], [ 69.4266206, 41.3267772 ], [ 69.4266346, 41.3267975 ], [ 69.4267321, 41.3269166 ], [ 69.4267718, 41.3269212 ], [ 69.426856, 41.3270236 ], [ 69.4268448, 41.3270543 ], [ 69.4268839, 41.3271034 ], [ 69.4271247, 41.3274211 ], [ 69.4271314, 41.3274333 ], [ 69.427134, 41.3274455 ], [ 69.4271337, 41.3274583 ], [ 69.427131, 41.3274704 ], [ 69.4271257, 41.327484 ], [ 69.4271168, 41.3274973 ], [ 69.4271061, 41.3275086 ], [ 69.4270931, 41.3275193 ], [ 69.4264927, 41.3277929 ] ] ] } },
{ "type": "Feature", "properties": { "id": "way/1035211089", "@timestamp": "2024-11-21T20:22:36", "Площадь": 0.05, "Туман": "Миробод" }, "geometry": { "type": "Polygon", "coordinates": [ [ [ 69.2819677, 41.2912892 ], [ 69.2820566, 41.2910995 ], [ 69.2825054, 41.2911913 ], [ 69.2824937, 41.2912188 ], [ 69.2819677, 41.2912892 ] ] ] } },
{ "type": "Feature", "properties": { "id": "way/1049549841", "@timestamp": "2022-04-06T09:42:22", "Площадь": 0.05, "Туман": "Учтепа" }, "geometry": { "type": "Polygon", "coordinates": [ [ [ 69.1658038, 41.2743435 ], [ 69.1659364, 41.2742053 ], [ 69.1659444, 41.2742008 ], [ 69.1659531, 41.2741977 ], [ 69.1659634, 41.2741949 ], [ 69.1659739, 41.2741931 ], [ 69.1659838, 41.274193 ], [ 69.1659937, 41.2741938 ], [ 69.1660034, 41.2741962 ], [ 69.1660132, 41.2742005 ], [ 69.1661387, 41.2742875 ], [ 69.1661448, 41.2742958 ], [ 69.166149, 41.2743061 ], [ 69.1661512, 41.2743161 ], [ 69.1661516, 41.2743261 ], [ 69.1661508, 41.2743362 ], [ 69.1661487, 41.2743464 ], [ 69.1661462, 41.2743565 ], [ 69.1661418, 41.274365 ], [ 69.1660492, 41.2744972 ], [ 69.165915, 41.2743554 ], [ 69.1658038, 41.2743435 ] ] ] } },
{ "type": "Feature", "properties": { "id": "way/1049882725", "@timestamp": "2022-04-07T09:39:45", "Площадь": 0.03, "Туман": "Мирзо Улуғбек" }, "geometry": { "type": "Polygon", "coordinates": [ [ [ 69.3420017, 41.3335207 ], [ 69.34225, 41.3333686 ], [ 69.3423452, 41.3334562 ], [ 69.3420969, 41.3336083 ], [ 69.3420017, 41.3335207 ] ] ] } },
{ "type": "Feature", "properties": { "id": "way/1049931528", "@timestamp": "2022-04-07T11:49:43", "Площадь": 0.07, "Туман": "Мирзо Улуғбек" }, "geometry": { "type": "Polygon", "coordinates": [ [ [ 69.3428586, 41.3302438 ], [ 69.3431962, 41.3300362 ], [ 69.3433357, 41.3301641 ], [ 69.3429981, 41.3303717 ], [ 69.3428586, 41.3302438 ] ] ] } },
{ "type": "Feature", "properties": { "id": "way/1050038142", "@timestamp": "2022-04-07T18:07:10", "Площадь": 0.05, "Туман": "Яккасарой" }, "geometry": { "type": "Polygon", "coordinates": [ [ [ 69.2496037, 41.2672446 ], [ 69.2496563, 41.2671859 ], [ 69.2502563, 41.2674888 ], [ 69.2502038, 41.2675475 ], [ 69.2496037, 41.2672446 ] ] ] } },
{ "type": "Feature", "properties": { "id": "way/1052487916", "@timestamp": "2022-04-17T17:52:14", "Площадь": 0.03, "Туман": "Мирзо Улуғбек" }, "geometry": { "type": "Polygon", "coordinates": [ [ [ 69.3855589, 41.3588825 ], [ 69.3856573, 41.358908 ], [ 69.3855391, 41.3591669 ], [ 69.3854407, 41.3591413 ], [ 69.3855589, 41.3588825 ] ] ] } },
{ "type": "Feature", "properties": { "id": "way/1054330230", "@timestamp": "2022-04-24T06:30:57", "Площадь": 0.01, "Туман": "Шайхонтоҳур" }, "geometry": { "type": "Polygon", "coordinates": [ [ [ 69.2320603, 41.3056819 ], [ 69.2320656, 41.3056342 ], [ 69.2321278, 41.3055279 ], [ 69.2321754, 41.3055229 ], [ 69.2321847, 41.3056799 ], [ 69.2320603, 41.3056819 ] ] ] } },
{ "type": "Feature", "properties": { "id": "way/1054674516", "@timestamp": "2022-04-25T09:50:59", "Площадь": 0.1, "Туман": "Шайхонтоҳур" }, "geometry": { "type": "Polygon", "coordinates": [ [ [ 69.2443784, 41.325927 ], [ 69.2445768, 41.3259361 ], [ 69.2446399, 41.3259482 ], [ 69.2446694, 41.3259613 ], [ 69.2447633, 41.3260761 ], [ 69.2449027, 41.3262523 ], [ 69.245093, 41.3264809 ], [ 69.2450186, 41.3265281 ], [ 69.2448561, 41.3263487 ], [ 69.2448192, 41.3263683 ], [ 69.2445219, 41.32607 ], [ 69.2443784, 41.325927 ] ] ] } },
{ "type": "Feature", "properties": { "id": "way/1054708772", "@timestamp": "2025-05-20T18:07:22", "Площадь": 0.02, "Туман": "Шайхонтоҳур" }, "geometry": { "type": "Polygon", "coordinates": [ [ [ 69.2443632, 41.3260589 ], [ 69.2441094, 41.3259188 ], [ 69.2443364, 41.3259254 ], [ 69.2444272, 41.3260215 ], [ 69.2443632, 41.3260589 ] ] ] } },
{ "type": "Feature", "properties": { "id": "way/1054708775", "@timestamp": "2023-08-10T15:07:48", "Площадь": 0.05, "Туман": "Олмазор" }, "geometry": { "type": "Polygon", "coordinates": [ [ [ 69.2412043, 41.3304402 ], [ 69.2413209, 41.3302861 ], [ 69.241557, 41.3303254 ], [ 69.2415516, 41.3305449 ], [ 69.2412043, 41.3304402 ] ] ] } },
{ "type": "Feature", "properties": { "id": "way/1054708778", "@timestamp": "2022-04-25T12:10:17", "Площадь": 0.18, "Туман": "Шайхонтоҳур" }, "geometry": { "type": "Polygon", "coordinates": [ [ [ 69.2412267, 41.3272645 ], [ 69.2412854, 41.3271699 ], [ 69.2411232, 41.3271131 ], [ 69.2412395, 41.3269259 ], [ 69.2418597, 41.3271431 ], [ 69.2416847, 41.3274249 ], [ 69.2412267, 41.3272645 ] ] ] } },
{ "type": "Feature", "properties": { "id": "way/1054708779", "@timestamp": "2022-04-25T12:10:17", "Площадь": 0.18, "Туман": "Олмазор" }, "geometry": { "type": "Polygon", "coordinates": [ [ [ 69.2408308, 41.3274226 ], [ 69.2415243, 41.3276823 ], [ 69.2413765, 41.3279048 ], [ 69.2406831, 41.3276451 ], [ 69.2408308, 41.3274226 ] ] ] } },
{ "type": "Feature", "properties": { "id": "way/1054812158", "@timestamp": "2022-04-25T16:27:23", "Площадь": 0.08, "Туман": "Чилонзор" }, "geometry": { "type": "Polygon", "coordinates": [ [ [ 69.2437577, 41.3015011 ], [ 69.2439026, 41.3015606 ], [ 69.2439428, 41.3016523 ], [ 69.2438865, 41.30188 ], [ 69.2435847, 41.3018316 ], [ 69.2437577, 41.3015011 ] ] ] } },
{ "type": "Feature", "properties": { "id": "way/1054812159", "@timestamp": "2022-04-25T16:27:23", "Площадь": 0.25, "Туман": "Чилонзор" }, "geometry": { "type": "Polygon", "coordinates": [ [ [ 69.2452517, 41.3019218 ], [ 69.2452289, 41.3019737 ], [ 69.2448749, 41.302025 ], [ 69.2448239, 41.3020391 ], [ 69.2443854, 41.3018961 ], [ 69.2443384, 41.3019747 ], [ 69.2439991, 41.301884 ], [ 69.2441507, 41.3015797 ], [ 69.2452517, 41.3019218 ] ] ] } },
{ "type": "Feature", "properties": { "id": "way/1054812160", "@timestamp": "2025-01-30T01:25:30", "Площадь": 0.15, "Туман": "Чилонзор" }, "geometry": { "type": "Polygon", "coordinates": [ [ [ 69.2453295, 41.3009873 ], [ 69.2456526, 41.3004075 ], [ 69.2457478, 41.3002448 ], [ 69.2457787, 41.3002528 ], [ 69.2458666, 41.3002817 ], [ 69.2457666, 41.3004835 ], [ 69.2458353, 41.3005052 ], [ 69.2455548, 41.3010165 ], [ 69.2454757, 41.3009913 ], [ 69.2454542, 41.3010246 ], [ 69.2453295, 41.3009873 ] ] ] } },
{ "type": "Feature", "properties": { "id": "way/1054812161", "@timestamp": "2026-02-02T23:55:34", "Площадь": 0.47, "Туман": "Чилонзор" }, "geometry": { "type": "Polygon", "coordinates": [ [ [ 69.2442389, 41.3012726 ], [ 69.2440159, 41.3011898 ], [ 69.2439633, 41.3010719 ], [ 69.2439028, 41.300993 ], [ 69.2438784, 41.3010075 ], [ 69.2436451, 41.3008019 ], [ 69.2437711, 41.3006871 ], [ 69.2434439, 41.300403 ], [ 69.2434642, 41.3003875 ], [ 69.2436826, 41.3002216 ], [ 69.2440903, 41.3005541 ], [ 69.244549, 41.3006448 ], [ 69.2442389, 41.3012726 ] ] ] } },
{ "type": "Feature", "properties": { "id": "way/1054819908", "@timestamp": "2024-06-07T09:26:19", "Площадь": 0.26, "Туман": "Мирзо Улуғбек" }, "geometry": { "type": "Polygon", "coordinates": [ [ [ 69.2846533, 41.3120936 ], [ 69.2848526, 41.3116587 ], [ 69.2854068, 41.31173 ], [ 69.2853483, 41.3119135 ], [ 69.2852444, 41.3122114 ], [ 69.2846533, 41.3120936 ] ] ] } },
{ "type": "Feature", "properties": { "id": "way/1055140523", "@timestamp": "2022-04-26T17:27:48", "Площадь": 0.03, "Туман": "Шайхонтоҳур" }, "geometry": { "type": "Polygon", "coordinates": [ [ [ 69.2187944, 41.3140312 ], [ 69.2187931, 41.3138801 ], [ 69.2192437, 41.314004 ], [ 69.2191458, 41.3140181 ], [ 69.2187944, 41.3140312 ] ] ] } },
{ "type": "Feature", "properties": { "id": "way/1056350830", "@timestamp": "2026-01-27T23:06:48", "Площадь": 0.11, "Туман": "Яккасарой" }, "geometry": { "type": "Polygon", "coordinates": [ [ [ 69.2549202, 41.2869595 ], [ 69.2549735, 41.2870057 ], [ 69.2546181, 41.287211 ], [ 69.2544554, 41.2872958 ], [ 69.254328, 41.287355 ], [ 69.254203, 41.2874057 ], [ 69.2540883, 41.2874339 ], [ 69.2539971, 41.287446 ], [ 69.2538478, 41.2874467 ], [ 69.2537034, 41.2874329 ], [ 69.2535174, 41.2873967 ], [ 69.2531564, 41.2873077 ], [ 69.253183, 41.2872558 ], [ 69.25332, 41.2872881 ], [ 69.2534857, 41.28733 ], [ 69.2535654, 41.2873492 ], [ 69.2536392, 41.2873636 ], [ 69.2537299, 41.2873762 ], [ 69.2538122, 41.2873818 ], [ 69.2539006, 41.2873834 ], [ 69.2539893, 41.2873771 ], [ 69.2540457, 41.2873699 ], [ 69.2540944, 41.2873615 ], [ 69.2542089, 41.2873302 ], [ 69.254316, 41.2872877 ], [ 69.2543927, 41.2872536 ], [ 69.2544718, 41.2872146 ], [ 69.2545564, 41.2871668 ], [ 69.2549202, 41.2869595 ] ] ] } },
{ "type": "Feature", "properties": { "id": "way/1060958570", "@timestamp": "2024-11-03T16:21:54", "Площадь": 0.4, "Туман": "Мирзо Улуғбек" }, "geometry": { "type": "Polygon", "coordinates": [ [ [ 69.4386631, 41.3248751 ], [ 69.4387477, 41.3248429 ], [ 69.4386897, 41.3248168 ], [ 69.4397856, 41.3244172 ], [ 69.4398458, 41.3244533 ], [ 69.4399457, 41.3244166 ], [ 69.4399722, 41.3244578 ], [ 69.4399913, 41.3244664 ], [ 69.4400079, 41.3244765 ], [ 69.4400218, 41.3244891 ], [ 69.4400328, 41.324502 ], [ 69.4400403, 41.3245181 ], [ 69.4400447, 41.3245345 ], [ 69.4400477, 41.3245517 ], [ 69.4400472, 41.3245689 ], [ 69.4400414, 41.3245877 ], [ 69.440033, 41.3246043 ], [ 69.4400184, 41.3246189 ], [ 69.4400026, 41.3246323 ], [ 69.4399834, 41.3246427 ], [ 69.4399633, 41.3246517 ], [ 69.4399399, 41.3246578 ], [ 69.4399156, 41.3246628 ], [ 69.4399679, 41.3246855 ], [ 69.4399553, 41.3247069 ], [ 69.4393293, 41.3249324 ], [ 69.439299, 41.3249434 ], [ 69.4392757, 41.3249529 ], [ 69.4388864, 41.3250878 ], [ 69.4388401, 41.3250491 ], [ 69.4388227, 41.3250543 ], [ 69.4388053, 41.325057 ], [ 69.4387862, 41.3250582 ], [ 69.4387678, 41.3250568 ], [ 69.4387494, 41.3250532 ], [ 69.4387326, 41.3250474 ], [ 69.4387164, 41.3250396 ], [ 69.4387018, 41.3250305 ], [ 69.438688, 41.3250209 ], [ 69.4386763, 41.3250102 ], [ 69.4386656, 41.3249984 ], [ 69.4386578, 41.3249861 ], [ 69.4386525, 41.3249736 ], [ 69.4386497, 41.3249612 ], [ 69.4386456, 41.3249353 ], [ 69.4386631, 41.3248751 ] ] ] } },
{ "type": "Feature", "properties": { "id": "way/1060958573", "@timestamp": "2024-11-03T16:21:54", "Площадь": 3.09, "Туман": "Мирзо Улуғбек" }, "geometry": { "type": "Polygon", "coordinates": [ [ [ 69.4325977, 41.3307072 ], [ 69.430838, 41.3284849 ], [ 69.4309129, 41.328477 ], [ 69.4309008, 41.3284574 ], [ 69.4308814, 41.3284481 ], [ 69.4308559, 41.3284472 ], [ 69.4308333, 41.3284538 ], [ 69.4307263, 41.3283221 ], [ 69.4307376, 41.3283127 ], [ 69.430748, 41.3283 ], [ 69.4307518, 41.3282872 ], [ 69.4307494, 41.328274 ], [ 69.4306751, 41.328278 ], [ 69.4302925, 41.3277906 ], [ 69.429829, 41.3272077 ], [ 69.4301566, 41.3270648 ], [ 69.4302655, 41.3272264 ], [ 69.4303037, 41.3272114 ], [ 69.4311343, 41.328258 ], [ 69.4329765, 41.3305889 ], [ 69.4338712, 41.3317107 ], [ 69.4340252, 41.3318738 ], [ 69.4341956, 41.3320072 ], [ 69.4343804, 41.3321271 ], [ 69.4345495, 41.3322029 ], [ 69.4347198, 41.3322628 ], [ 69.4351094, 41.3323544 ], [ 69.4368624, 41.3326209 ], [ 69.4367397, 41.3329625 ], [ 69.4349667, 41.3326497 ], [ 69.4347349, 41.3325943 ], [ 69.4345484, 41.3325439 ], [ 69.4343731, 41.3324785 ], [ 69.4342245, 41.3324179 ], [ 69.4341132, 41.3323616 ], [ 69.4340025, 41.332294 ], [ 69.4338932, 41.3322204 ], [ 69.4337911, 41.3321424 ], [ 69.433693, 41.3320585 ], [ 69.4335853, 41.3319475 ], [ 69.4335085, 41.3318625 ], [ 69.4326749, 41.3308046 ], [ 69.4325977, 41.3307072 ] ] ] } },
{ "type": "Feature", "properties": { "id": "way/1061633475", "@timestamp": "2022-05-19T07:56:32", "Площадь": 0.02, "Туман": "Юнусобод" }, "geometry": { "type": "Polygon", "coordinates": [ [ [ 69.295515, 41.3685641 ], [ 69.2957333, 41.3685312 ], [ 69.2957588, 41.3686263 ], [ 69.2955405, 41.3686592 ], [ 69.295515, 41.3685641 ] ] ] } },
{ "type": "Feature", "properties": { "id": "way/1061633478", "@timestamp": "2022-05-19T07:56:32", "Площадь": 0.14, "Туман": "Юнусобод" }, "geometry": { "type": "Polygon", "coordinates": [ [ [ 69.2958596, 41.3681907 ], [ 69.2957867, 41.3679333 ], [ 69.2963352, 41.3678458 ], [ 69.2964081, 41.3681032 ], [ 69.2958596, 41.3681907 ] ] ] } },
{ "type": "Feature", "properties": { "id": "way/1061633487", "@timestamp": "2022-05-19T07:56:32", "Площадь": 0.06, "Туман": "Юнусобод" }, "geometry": { "type": "Polygon", "coordinates": [ [ [ 69.2985901, 41.3647274 ], [ 69.2986867, 41.3646656 ], [ 69.2991453, 41.3650696 ], [ 69.2990488, 41.3651314 ], [ 69.2985901, 41.3647274 ] ] ] } },
{ "type": "Feature", "properties": { "id": "way/1062017781", "@timestamp": "2022-05-20T09:05:28", "Площадь": 0.05, "Туман": "Юнусобод" }, "geometry": { "type": "Polygon", "coordinates": [ [ [ 69.2944448, 41.3662875 ], [ 69.2943318, 41.366181 ], [ 69.2946419, 41.3659956 ], [ 69.2947549, 41.3661021 ], [ 69.2944448, 41.3662875 ] ] ] } },
{ "type": "Feature", "properties": { "id": "way/1066907798", "@timestamp": "2022-06-05T13:29:27", "Площадь": 0.03, "Туман": "Олмазор" }, "geometry": { "type": "Polygon", "coordinates": [ [ [ 69.1952388, 41.3609181 ], [ 69.1952935, 41.3609114 ], [ 69.1954, 41.3614028 ], [ 69.1953452, 41.3614095 ], [ 69.1952388, 41.3609181 ] ] ] } },
{ "type": "Feature", "properties": { "id": "way/1066986894", "@timestamp": "2022-06-05T19:38:22", "Площадь": 0.01, "Туман": "Олмазор" }, "geometry": { "type": "Polygon", "coordinates": [ [ [ 69.2451759, 41.3333028 ], [ 69.2452625, 41.3332503 ], [ 69.2453689, 41.3333492 ], [ 69.2452823, 41.3334017 ], [ 69.2451759, 41.3333028 ] ] ] } },
{ "type": "Feature", "properties": { "id": "way/1068460871", "@timestamp": "2022-06-10T10:31:35", "Площадь": 0.01, "Туман": "Яккасарой" }, "geometry": { "type": "Polygon", "coordinates": [ [ [ 69.2469297, 41.2805935 ], [ 69.2468913, 41.2805574 ], [ 69.24703, 41.2804742 ], [ 69.2470684, 41.2805103 ], [ 69.2469297, 41.2805935 ] ] ] } },
{ "type": "Feature", "properties": { "id": "way/1075656188", "@timestamp": "2022-07-04T06:35:14", "Площадь": 0.07, "Туман": "Яшнобод" }, "geometry": { "type": "Polygon", "coordinates": [ [ [ 69.3254538, 41.2479537 ], [ 69.3255151, 41.247843 ], [ 69.3260596, 41.2480134 ], [ 69.3259983, 41.2481241 ], [ 69.3254538, 41.2479537 ] ] ] } },
{ "type": "Feature", "properties": { "id": "way/1075854176", "@timestamp": "2022-07-04T19:10:49", "Площадь": 0.02, "Туман": "Шайхонтоҳур" }, "geometry": { "type": "Polygon", "coordinates": [ [ [ 69.2399937, 41.3186359 ], [ 69.2400088, 41.3187994 ], [ 69.2398063, 41.31881 ], [ 69.2398019, 41.3187624 ], [ 69.2399156, 41.31864 ], [ 69.2399937, 41.3186359 ] ] ] } },
{ "type": "Feature", "properties": { "id": "way/1075854177", "@timestamp": "2022-07-04T19:10:49", "Площадь": 0.03, "Туман": "Шайхонтоҳур" }, "geometry": { "type": "Polygon", "coordinates": [ [ [ 69.240565, 41.3189974 ], [ 69.2405693, 41.3190383 ], [ 69.2398453, 41.3190789 ], [ 69.239841, 41.3190379 ], [ 69.240565, 41.3189974 ] ] ] } },
{ "type": "Feature", "properties": { "id": "way/1075854178", "@timestamp": "2022-07-04T19:10:49", "Площадь": 0.05, "Туман": "Шайхонтоҳур" }, "geometry": { "type": "Polygon", "coordinates": [ [ [ 69.2406742, 41.3189342 ], [ 69.2409526, 41.318916 ], [ 69.2409733, 41.3190942 ], [ 69.2406949, 41.3191124 ], [ 69.2406742, 41.3189342 ] ] ] } },
{ "type": "Feature", "properties": { "id": "way/1075854179", "@timestamp": "2022-07-04T19:10:49", "Площадь": 0.03, "Туман": "Шайхонтоҳур" }, "geometry": { "type": "Polygon", "coordinates": [ [ [ 69.240347, 41.3187808 ], [ 69.2403343, 41.3186407 ], [ 69.2405434, 41.3186301 ], [ 69.2405561, 41.3187702 ], [ 69.240347, 41.3187808 ] ] ] } },
{ "type": "Feature", "properties": { "id": "way/1075854180", "@timestamp": "2022-07-04T19:10:49", "Площадь": 0.07, "Туман": "Шайхонтоҳур" }, "geometry": { "type": "Polygon", "coordinates": [ [ [ 69.2522658, 41.3211128 ], [ 69.252273, 41.3211719 ], [ 69.2509809, 41.3212607 ], [ 69.2509737, 41.3212016 ], [ 69.2522658, 41.3211128 ] ] ] } },
{ "type": "Feature", "properties": { "id": "way/1075854181", "@timestamp": "2022-07-04T19:10:49", "Площадь": 0.03, "Туман": "Шайхонтоҳур" }, "geometry": { "type": "Polygon", "coordinates": [ [ [ 69.2430902, 41.3181746 ], [ 69.2431376, 41.3186078 ], [ 69.2430743, 41.3186367 ], [ 69.2430231, 41.3182129 ], [ 69.2430902, 41.3181746 ] ] ] } },
{ "type": "Feature", "properties": { "id": "way/1075854182", "@timestamp": "2025-11-28T23:36:55", "Площадь": 0.02, "Туман": "Шайхонтоҳур" }, "geometry": { "type": "Polygon", "coordinates": [ [ [ 69.2433137, 41.3202379 ], [ 69.2433671, 41.3202342 ], [ 69.2435367, 41.3202223 ], [ 69.2435513, 41.3203401 ], [ 69.2433283, 41.3203557 ], [ 69.2433137, 41.3202379 ] ] ] } },
{ "type": "Feature", "properties": { "id": "way/1075854183", "@timestamp": "2022-07-04T19:10:49", "Площадь": 0.05, "Туман": "Шайхонтоҳур" }, "geometry": { "type": "Polygon", "coordinates": [ [ [ 69.2433068, 41.320056 ], [ 69.2432804, 41.3197932 ], [ 69.2434904, 41.3197813 ], [ 69.2435168, 41.3200441 ], [ 69.2433068, 41.320056 ] ] ] } },
{ "type": "Feature", "properties": { "id": "way/1075854186", "@timestamp": "2023-08-10T15:09:02", "Площадь": 0.14, "Туман": "Шайхонтоҳур" }, "geometry": { "type": "Polygon", "coordinates": [ [ [ 69.2431246, 41.3190404 ], [ 69.243359, 41.3190245 ], [ 69.2434025, 41.3193864 ], [ 69.2433324, 41.3193911 ], [ 69.2433562, 41.3195891 ], [ 69.2434294, 41.3195841 ], [ 69.2434477, 41.3197365 ], [ 69.2432103, 41.3197526 ], [ 69.2431246, 41.3190404 ] ] ] } },
{ "type": "Feature", "properties": { "id": "way/1075854191", "@timestamp": "2025-11-28T23:36:55", "Площадь": 0.09, "Туман": "Шайхонтоҳур" }, "geometry": { "type": "Polygon", "coordinates": [ [ [ 69.2428601, 41.3162905 ], [ 69.2430279, 41.3176412 ], [ 69.2429618, 41.3176655 ], [ 69.2428673, 41.3169733 ], [ 69.2428649, 41.3169331 ], [ 69.2427962, 41.3163297 ], [ 69.2428601, 41.3162905 ] ] ] } },
{ "type": "Feature", "properties": { "id": "way/1075854192", "@timestamp": "2022-07-04T19:10:49", "Площадь": 0.03, "Туман": "Шайхонтоҳур" }, "geometry": { "type": "Polygon", "coordinates": [ [ [ 69.2427508, 41.3154391 ], [ 69.2428192, 41.3159868 ], [ 69.2427545, 41.3159912 ], [ 69.2426927, 41.3154703 ], [ 69.2427508, 41.3154391 ] ] ] } },
{ "type": "Feature", "properties": { "id": "way/1075854194", "@timestamp": "2022-07-04T19:10:49", "Площадь": 0.03, "Туман": "Шайхонтоҳур" }, "geometry": { "type": "Polygon", "coordinates": [ [ [ 69.2425851, 41.314672 ], [ 69.2426498, 41.314635 ], [ 69.2427156, 41.3151585 ], [ 69.242653, 41.3151826 ], [ 69.2425851, 41.314672 ] ] ] } },
{ "type": "Feature", "properties": { "id": "way/1075854195", "@timestamp": "2022-07-04T19:10:49", "Площадь": 0.03, "Туман": "Шайхонтоҳур" }, "geometry": { "type": "Polygon", "coordinates": [ [ [ 69.2424819, 41.3137697 ], [ 69.2425413, 41.313737 ], [ 69.2426057, 41.3142911 ], [ 69.2425491, 41.314319 ], [ 69.2424819, 41.3137697 ] ] ] } },
{ "type": "Feature", "properties": { "id": "way/1076349572", "@timestamp": "2022-07-06T13:35:02", "Площадь": 0.05, "Туман": "Яккасарой" }, "geometry": { "type": "Polygon", "coordinates": [ [ [ 69.2559779, 41.3049044 ], [ 69.256144, 41.3047446 ], [ 69.256347, 41.3048637 ], [ 69.2561809, 41.3050235 ], [ 69.2559779, 41.3049044 ] ] ] } },
{ "type": "Feature", "properties": { "id": "way/1076824767", "@timestamp": "2024-11-30T16:27:48", "Площадь": 0.39, "Туман": "Чилонзор" }, "geometry": { "type": "Polygon", "coordinates": [ [ [ 69.247549, 41.3112471 ], [ 69.2475447, 41.3111805 ], [ 69.2475356, 41.3110401 ], [ 69.2475229, 41.3108417 ], [ 69.2485453, 41.3108045 ], [ 69.2485714, 41.3112099 ], [ 69.2476487, 41.3112435 ], [ 69.2476135, 41.3112447 ], [ 69.247549, 41.3112471 ] ] ] } },
{ "type": "Feature", "properties": { "id": "way/1077462037", "@timestamp": "2024-09-24T15:53:43", "Площадь": 0.06, "Туман": "Юнусобод" }, "geometry": { "type": "Polygon", "coordinates": [ [ [ 69.3036772, 41.3535819 ], [ 69.3037679, 41.3536035 ], [ 69.3038016, 41.3535206 ], [ 69.303993, 41.3535801 ], [ 69.3039162, 41.3537743 ], [ 69.303541, 41.3536921 ], [ 69.3035781, 41.3536125 ], [ 69.3036545, 41.3536286 ], [ 69.3036772, 41.3535819 ] ] ] } },
{ "type": "Feature", "properties": { "id": "way/1077773829", "@timestamp": "2024-01-11T22:42:54", "Площадь": 0.06, "Туман": "Юнусобод" }, "geometry": { "type": "Polygon", "coordinates": [ [ [ 69.3067558, 41.3575851 ], [ 69.3064697, 41.3577624 ], [ 69.3062998, 41.3576013 ], [ 69.3064356, 41.3575193 ], [ 69.3066949, 41.3575412 ], [ 69.3067558, 41.3575851 ] ] ] } },
{ "type": "Feature", "properties": { "id": "way/1078100885", "@timestamp": "2023-06-23T12:44:54", "Площадь": 0.53, "Туман": "Мирзо Улуғбек" }, "geometry": { "type": "Polygon", "coordinates": [ [ [ 69.4450807, 41.3282317 ], [ 69.4450374, 41.3282221 ], [ 69.4449985, 41.328199 ], [ 69.4449663, 41.3281672 ], [ 69.4449569, 41.3281396 ], [ 69.444959, 41.3281108 ], [ 69.4450099, 41.3280469 ], [ 69.4449221, 41.3280461 ], [ 69.4456995, 41.3269435 ], [ 69.445771, 41.3269396 ], [ 69.4457978, 41.3269134 ], [ 69.4458407, 41.3268963 ], [ 69.4459024, 41.3268943 ], [ 69.4459721, 41.3269154 ], [ 69.4460121, 41.3269625 ], [ 69.4460572, 41.3269881 ], [ 69.4459963, 41.3270655 ], [ 69.4460676, 41.3270692 ], [ 69.4452347, 41.3282695 ], [ 69.4451237, 41.3282279 ], [ 69.4450807, 41.3282317 ] ] ] } },
{ "type": "Feature", "properties": { "id": "way/1078193675", "@timestamp": "2022-07-13T11:56:14", "Площадь": 0.09, "Туман": "Яккасарой" }, "geometry": { "type": "Polygon", "coordinates": [ [ [ 69.2414618, 41.2757705 ], [ 69.2416696, 41.2756304 ], [ 69.2419821, 41.2759016 ], [ 69.2417702, 41.2760397 ], [ 69.2414618, 41.2757705 ] ] ] } },
{ "type": "Feature", "properties": { "id": "way/1078193688", "@timestamp": "2022-07-13T11:56:14", "Площадь": 0.04, "Туман": "Яккасарой" }, "geometry": { "type": "Polygon", "coordinates": [ [ [ 69.2409181, 41.2790898 ], [ 69.2410316, 41.2790224 ], [ 69.2412512, 41.2792245 ], [ 69.2411224, 41.2792881 ], [ 69.2409181, 41.2790898 ] ] ] } },
{ "type": "Feature", "properties": { "id": "way/1078193697", "@timestamp": "2022-07-13T11:56:14", "Площадь": 0.02, "Туман": "Яккасарой" }, "geometry": { "type": "Polygon", "coordinates": [ [ [ 69.2433809, 41.2770627 ], [ 69.2433098, 41.2770012 ], [ 69.2435567, 41.2768574 ], [ 69.2436281, 41.27692 ], [ 69.2433809, 41.2770627 ] ] ] } },
{ "type": "Feature", "properties": { "id": "way/1078202734", "@timestamp": "2022-07-13T12:32:30", "Площадь": 0.06, "Туман": "Яккасарой" }, "geometry": { "type": "Polygon", "coordinates": [ [ [ 69.2563426, 41.3045518 ], [ 69.2564164, 41.3044218 ], [ 69.2568142, 41.3045492 ], [ 69.2567405, 41.3046792 ], [ 69.2563426, 41.3045518 ] ] ] } },
{ "type": "Feature", "properties": { "id": "way/1078458283", "@timestamp": "2022-07-14T10:54:01", "Площадь": 0.06, "Туман": "Яккасарой" }, "geometry": { "type": "Polygon", "coordinates": [ [ [ 69.2512029, 41.2878571 ], [ 69.2512652, 41.2876939 ], [ 69.2516206, 41.2877765 ], [ 69.2515549, 41.2879448 ], [ 69.2512029, 41.2878571 ] ] ] } },
{ "type": "Feature", "properties": { "id": "way/1078458284", "@timestamp": "2025-07-09T15:33:34", "Площадь": 0.13, "Туман": "Яккасарой" }, "geometry": { "type": "Polygon", "coordinates": [ [ [ 69.2515002, 41.2879757 ], [ 69.251659, 41.2880148 ], [ 69.2515424, 41.2882822 ], [ 69.2516267, 41.2883029 ], [ 69.2514796, 41.2886402 ], [ 69.2512365, 41.2885804 ], [ 69.2515002, 41.2879757 ] ] ] } },
{ "type": "Feature", "properties": { "id": "way/1081416265", "@timestamp": "2022-07-26T13:02:02", "Площадь": 0.08, "Туман": "Юнусобод" }, "geometry": { "type": "Polygon", "coordinates": [ [ [ 69.2808364, 41.3762271 ], [ 69.2804643, 41.3765411 ], [ 69.2803206, 41.3764453 ], [ 69.2806927, 41.3761312 ], [ 69.2808364, 41.3762271 ] ] ] } },
{ "type": "Feature", "properties": { "id": "way/1082314237", "@timestamp": "2026-02-11T18:04:14", "Площадь": 0.57, "Туман": "Яшнобод" }, "geometry": { "type": "Polygon", "coordinates": [ [ [ 69.3247112, 41.2934503 ], [ 69.3246504, 41.293443 ], [ 69.3244595, 41.2931692 ], [ 69.3244712, 41.2931633 ], [ 69.3245395, 41.2931307 ], [ 69.3249999, 41.2929291 ], [ 69.3252212, 41.2928258 ], [ 69.3254426, 41.2927202 ], [ 69.3256998, 41.2925917 ], [ 69.3259506, 41.2924558 ], [ 69.3261712, 41.2923274 ], [ 69.3263757, 41.292198 ], [ 69.3264176, 41.2921709 ], [ 69.3264699, 41.2921359 ], [ 69.32648, 41.2921287 ], [ 69.3265209, 41.2921039 ], [ 69.3273218, 41.2915732 ], [ 69.3273976, 41.2916518 ], [ 69.3273513, 41.2916883 ], [ 69.3265212, 41.2923233 ], [ 69.3264939, 41.2923592 ], [ 69.3264669, 41.2923965 ], [ 69.3250703, 41.2931035 ], [ 69.3249766, 41.2931848 ], [ 69.3248761, 41.293272 ], [ 69.3247112, 41.2934503 ] ] ] } },
{ "type": "Feature", "properties": { "id": "way/1082314255", "@timestamp": "2026-02-02T18:27:37", "Площадь": 0.09, "Туман": "Мирзо Улуғбек" }, "geometry": { "type": "Polygon", "coordinates": [ [ [ 69.2940319, 41.3128317 ], [ 69.2938466, 41.3127963 ], [ 69.2940518, 41.3122674 ], [ 69.2942241, 41.3123064 ], [ 69.2940319, 41.3128317 ] ] ] } },
{ "type": "Feature", "properties": { "id": "way/1083171619", "@timestamp": "2025-09-01T13:01:49", "Площадь": 0.09, "Туман": "Яккасарой" }, "geometry": { "type": "Polygon", "coordinates": [ [ [ 69.2609963, 41.2996554 ], [ 69.2605577, 41.2993289 ], [ 69.2606704, 41.2992453 ], [ 69.2610687, 41.299539 ], [ 69.2612598, 41.2994 ], [ 69.2613135, 41.2994382 ], [ 69.2610124, 41.2996665 ], [ 69.2609963, 41.2996554 ] ] ] } },
{ "type": "Feature", "properties": { "id": "way/1085550317", "@timestamp": "2022-08-11T09:17:04", "Площадь": 0.04, "Туман": "Яккасарой" }, "geometry": { "type": "Polygon", "coordinates": [ [ [ 69.245532, 41.2693721 ], [ 69.2455602, 41.2691695 ], [ 69.2457815, 41.2691922 ], [ 69.2457519, 41.2693902 ], [ 69.245532, 41.2693721 ] ] ] } },
{ "type": "Feature", "properties": { "id": "way/1085550321", "@timestamp": "2022-08-11T09:17:04", "Площадь": 0.06, "Туман": "Яккасарой" }, "geometry": { "type": "Polygon", "coordinates": [ [ [ 69.2451873, 41.2714939 ], [ 69.2452249, 41.2711945 ], [ 69.2454421, 41.2712086 ], [ 69.2454046, 41.271508 ], [ 69.2451873, 41.2714939 ] ] ] } },
{ "type": "Feature", "properties": { "id": "way/1085550335", "@timestamp": "2024-07-01T14:20:29", "Площадь": 0.15, "Туман": "Яккасарой" }, "geometry": { "type": "Polygon", "coordinates": [ [ [ 69.2370201, 41.2692542 ], [ 69.2371386, 41.2691478 ], [ 69.2379791, 41.2696544 ], [ 69.2378228, 41.2697917 ], [ 69.2373845, 41.2694817 ], [ 69.2370201, 41.2692542 ] ] ] } },
{ "type": "Feature", "properties": { "id": "way/1085550346", "@timestamp": "2022-08-11T09:17:04", "Площадь": 0.11, "Туман": "Яккасарой" }, "geometry": { "type": "Polygon", "coordinates": [ [ [ 69.2390209, 41.2714385 ], [ 69.2391336, 41.2713659 ], [ 69.2397961, 41.2719626 ], [ 69.2396781, 41.2720352 ], [ 69.2390209, 41.2714385 ] ] ] } },
{ "type": "Feature", "properties": { "id": "way/1085550368", "@timestamp": "2022-08-11T09:17:04", "Площадь": 0.02, "Туман": "Яккасарой" }, "geometry": { "type": "Polygon", "coordinates": [ [ [ 69.2452611, 41.2725528 ], [ 69.2451813, 41.2725467 ], [ 69.2452054, 41.2723517 ], [ 69.2452893, 41.2723577 ], [ 69.2452611, 41.2725528 ] ] ] } },
{ "type": "Feature", "properties": { "id": "way/1085550373", "@timestamp": "2022-08-11T09:17:04", "Площадь": 0.02, "Туман": "Яккасарой" }, "geometry": { "type": "Polygon", "coordinates": [ [ [ 69.2451035, 41.2732281 ], [ 69.2451505, 41.2728818 ], [ 69.2452202, 41.2728849 ], [ 69.2451686, 41.2732326 ], [ 69.2451035, 41.2732281 ] ] ] } },
{ "type": "Feature", "properties": { "id": "way/1085550385", "@timestamp": "2024-11-13T10:10:08", "Площадь": 0.02, "Туман": "Яккасарой" }, "geometry": { "type": "Polygon", "coordinates": [ [ [ 69.2446027, 41.2756038 ], [ 69.2446253, 41.2753431 ], [ 69.2446906, 41.2753463 ], [ 69.2446838, 41.2754246 ], [ 69.244668, 41.275607 ], [ 69.2446027, 41.2756038 ] ] ] } },
{ "type": "Feature", "properties": { "id": "way/1085554142", "@timestamp": "2022-08-11T09:38:32", "Площадь": 0.05, "Туман": "Яккасарой" }, "geometry": { "type": "Polygon", "coordinates": [ [ [ 69.2326051, 41.2630365 ], [ 69.2326869, 41.2629408 ], [ 69.2331161, 41.2631585 ], [ 69.2330343, 41.2632523 ], [ 69.2326051, 41.2630365 ] ] ] } },
{ "type": "Feature", "properties": { "id": "way/1085554144", "@timestamp": "2022-08-11T09:38:32", "Площадь": 0.03, "Туман": "Яккасарой" }, "geometry": { "type": "Polygon", "coordinates": [ [ [ 69.228944, 41.2627733 ], [ 69.2290456, 41.2627083 ], [ 69.2292774, 41.2629132 ], [ 69.2291759, 41.2629781 ], [ 69.228944, 41.2627733 ] ] ] } },
{ "type": "Feature", "properties": { "id": "way/1085554145", "@timestamp": "2022-08-11T09:38:32", "Площадь": 0.02, "Туман": "Яккасарой" }, "geometry": { "type": "Polygon", "coordinates": [ [ [ 69.2285131, 41.2623785 ], [ 69.2285952, 41.2623249 ], [ 69.2288048, 41.2625029 ], [ 69.2287187, 41.2625577 ], [ 69.2285131, 41.2623785 ] ] ] } },
{ "type": "Feature", "properties": { "id": "way/1085554147", "@timestamp": "2022-08-11T09:38:32", "Площадь": 0.03, "Туман": "Яккасарой" }, "geometry": { "type": "Polygon", "coordinates": [ [ [ 69.2292737, 41.263062 ], [ 69.22923, 41.2630228 ], [ 69.2296333, 41.2627455 ], [ 69.2296748, 41.2627906 ], [ 69.2292737, 41.263062 ] ] ] } },
{ "type": "Feature", "properties": { "id": "way/1085994711", "@timestamp": "2025-11-30T00:32:52", "Площадь": 0.1, "Туман": "Яккасарой" }, "geometry": { "type": "Polygon", "coordinates": [ [ [ 69.2575773, 41.2820392 ], [ 69.2576647, 41.2818457 ], [ 69.2581334, 41.2819653 ], [ 69.258041, 41.2821697 ], [ 69.2578442, 41.2821195 ], [ 69.2578336, 41.2821046 ], [ 69.2575773, 41.2820392 ] ] ] } },
{ "type": "Feature", "properties": { "id": "way/1086182762", "@timestamp": "2026-02-10T15:34:48", "Площадь": 0.44, "Туман": "Яккасарой" }, "geometry": { "type": "Polygon", "coordinates": [ [ [ 69.2233681, 41.2592245 ], [ 69.2238192, 41.2585939 ], [ 69.2240929, 41.2582178 ], [ 69.2243084, 41.2583198 ], [ 69.2240252, 41.2586917 ], [ 69.2243179, 41.2588181 ], [ 69.223942, 41.2592839 ], [ 69.2238385, 41.2593261 ], [ 69.2233681, 41.2592245 ] ] ] } },
{ "type": "Feature", "properties": { "id": "way/1087910302", "@timestamp": "2023-02-24T15:51:13", "Площадь": 1.22, "Туман": "Янгиҳает" }, "geometry": { "type": "Polygon", "coordinates": [ [ [ 69.20415, 41.178403 ], [ 69.2040704, 41.178445 ], [ 69.2039714, 41.1783789 ], [ 69.2038673, 41.1783399 ], [ 69.2040562, 41.1781975 ], [ 69.2054188, 41.1771702 ], [ 69.2055454, 41.1770084 ], [ 69.2055551, 41.1769959 ], [ 69.2066898, 41.176138 ], [ 69.2069467, 41.1760447 ], [ 69.2069831, 41.1760315 ], [ 69.207261, 41.1758436 ], [ 69.2074977, 41.1758591 ], [ 69.2075749, 41.1758029 ], [ 69.2076627, 41.1758826 ], [ 69.2075042, 41.1760034 ], [ 69.2074077, 41.1759153 ], [ 69.2073176, 41.1758998 ], [ 69.2072121, 41.175954 ], [ 69.2070423, 41.1761128 ], [ 69.2071808, 41.1762499 ], [ 69.2071429, 41.1762786 ], [ 69.2045785, 41.1782209 ], [ 69.2044354, 41.1781166 ], [ 69.2043448, 41.1781166 ], [ 69.2040956, 41.178311 ], [ 69.20415, 41.178403 ] ] ] } },
{ "type": "Feature", "properties": { "id": "way/1087949462", "@timestamp": "2022-08-21T16:17:17", "Площадь": 0.18, "Туман": "Мирзо Улуғбек" }, "geometry": { "type": "Polygon", "coordinates": [ [ [ 69.4284533, 41.3299362 ], [ 69.4283884, 41.3298503 ], [ 69.4283335, 41.3297748 ], [ 69.4289497, 41.329495 ], [ 69.4287721, 41.3292645 ], [ 69.4288272, 41.329239 ], [ 69.4289089, 41.3293463 ], [ 69.4289725, 41.329317 ], [ 69.4292093, 41.3296032 ], [ 69.4284533, 41.3299362 ] ] ] } },
{ "type": "Feature", "properties": { "id": "way/1087949463", "@timestamp": "2022-08-21T16:17:17", "Площадь": 0.09, "Туман": "Мирзо Улуғбек" }, "geometry": { "type": "Polygon", "coordinates": [ [ [ 69.4283759, 41.3292749 ], [ 69.4278979, 41.3286887 ], [ 69.4280489, 41.3286192 ], [ 69.4282009, 41.328819 ], [ 69.4281698, 41.3288309 ], [ 69.4281516, 41.3288418 ], [ 69.4281474, 41.3288592 ], [ 69.4282833, 41.3290288 ], [ 69.4283083, 41.3290384 ], [ 69.4283308, 41.3290326 ], [ 69.4283602, 41.3290187 ], [ 69.4285175, 41.3292175 ], [ 69.4283759, 41.3292749 ] ] ] } },
{ "type": "Feature", "properties": { "id": "way/1087949465", "@timestamp": "2024-10-13T18:30:37", "Площадь": 0.01, "Туман": "Мирзо Улуғбек" }, "geometry": { "type": "Polygon", "coordinates": [ [ [ 69.4304069, 41.329065 ], [ 69.4303496, 41.3290901 ], [ 69.4302493, 41.3289613 ], [ 69.4303067, 41.3289362 ], [ 69.4304069, 41.329065 ] ] ] } },
{ "type": "Feature", "properties": { "id": "way/1088016847", "@timestamp": "2022-08-21T22:20:38", "Площадь": 0.6, "Туман": "Бектемир" }, "geometry": { "type": "Polygon", "coordinates": [ [ [ 69.3365007, 41.2385324 ], [ 69.3368126, 41.2381398 ], [ 69.3378682, 41.2386247 ], [ 69.3374172, 41.2391272 ], [ 69.3365007, 41.2385324 ] ] ] } },
{ "type": "Feature", "properties": { "id": "way/1088016853", "@timestamp": "2024-06-08T04:52:35", "Площадь": 0.44, "Туман": "Бектемир" }, "geometry": { "type": "Polygon", "coordinates": [ [ [ 69.32926, 41.2398007 ], [ 69.3294738, 41.2394755 ], [ 69.3295308, 41.2393831 ], [ 69.3295708, 41.2392835 ], [ 69.3295939, 41.239131 ], [ 69.3295757, 41.2389972 ], [ 69.3295299, 41.238866 ], [ 69.3294735, 41.238797 ], [ 69.3294717, 41.2387668 ], [ 69.3293695, 41.2386503 ], [ 69.3299563, 41.2383436 ], [ 69.3300988, 41.2384152 ], [ 69.3300681, 41.2385832 ], [ 69.330016, 41.2387283 ], [ 69.3300451, 41.2387323 ], [ 69.3299917, 41.2389052 ], [ 69.3299063, 41.239066 ], [ 69.3294031, 41.2398526 ], [ 69.32926, 41.2398007 ] ] ] } },
{ "type": "Feature", "properties": { "id": "way/1088128020", "@timestamp": "2022-08-22T11:00:40", "Площадь": 0.16, "Туман": "Янгиҳает" }, "geometry": { "type": "Polygon", "coordinates": [ [ [ 69.233954, 41.2057875 ], [ 69.2341593, 41.2055141 ], [ 69.234634, 41.2057159 ], [ 69.2344287, 41.2059893 ], [ 69.233954, 41.2057875 ] ] ] } },
{ "type": "Feature", "properties": { "id": "way/1088453944", "@timestamp": "2022-08-23T12:16:48", "Площадь": 0.38, "Туман": "Бектемир" }, "geometry": { "type": "Polygon", "coordinates": [ [ [ 69.3616195, 41.2516904 ], [ 69.3615733, 41.2516318 ], [ 69.362104, 41.2513953 ], [ 69.3625546, 41.2519669 ], [ 69.3620238, 41.2522033 ], [ 69.3616195, 41.2516904 ] ] ] } },
{ "type": "Feature", "properties": { "id": "way/1089459626", "@timestamp": "2025-04-10T21:28:21", "Площадь": 0.07, "Туман": "Олмазор" }, "geometry": { "type": "Polygon", "coordinates": [ [ [ 69.2101459, 41.3402076 ], [ 69.2101814, 41.3401636 ], [ 69.2107665, 41.340119 ], [ 69.2107706, 41.3401438 ], [ 69.2103732, 41.3403342 ], [ 69.2103272, 41.3403644 ], [ 69.2103149, 41.340371 ], [ 69.2101459, 41.3402076 ] ] ] } },
{ "type": "Feature", "properties": { "id": "way/1089459628", "@timestamp": "2026-02-11T20:40:23", "Площадь": 0.38, "Туман": "Олмазор" }, "geometry": { "type": "Polygon", "coordinates": [ [ [ 69.2071784, 41.3478365 ], [ 69.2071734, 41.347345 ], [ 69.2072471, 41.3473227 ], [ 69.2072476, 41.3473017 ], [ 69.2072585, 41.347278 ], [ 69.2073082, 41.3472462 ], [ 69.2073561, 41.3472338 ], [ 69.2074343, 41.3472323 ], [ 69.2075544, 41.3472343 ], [ 69.2079561, 41.3474877 ], [ 69.2079619, 41.3475559 ], [ 69.2079438, 41.3478482 ], [ 69.2071784, 41.3478365 ] ] ] } },
{ "type": "Feature", "properties": { "id": "way/1089773055", "@timestamp": "2022-08-28T00:31:14", "Площадь": 0.02, "Туман": "Мирзо Улуғбек" }, "geometry": { "type": "Polygon", "coordinates": [ [ [ 69.3139325, 41.3222358 ], [ 69.3139062, 41.3221635 ], [ 69.3141549, 41.3221204 ], [ 69.3141764, 41.3221948 ], [ 69.3139325, 41.3222358 ] ] ] } },
{ "type": "Feature", "properties": { "id": "way/1091890422", "@timestamp": "2026-01-31T01:52:51", "Площадь": 0.13, "Туман": "Чилонзор" }, "geometry": { "type": "Polygon", "coordinates": [ [ [ 69.2463816, 41.3047772 ], [ 69.2470637, 41.3039835 ], [ 69.2471837, 41.3040417 ], [ 69.2465016, 41.3048354 ], [ 69.2463816, 41.3047772 ] ] ] } },
{ "type": "Feature", "properties": { "id": "way/1091908913", "@timestamp": "2022-09-04T18:24:07", "Площадь": 0.05, "Туман": "Яккасарой" }, "geometry": { "type": "Polygon", "coordinates": [ [ [ 69.2656767, 41.2835279 ], [ 69.265884, 41.2832783 ], [ 69.2660409, 41.2833518 ], [ 69.2658336, 41.2836014 ], [ 69.2656767, 41.2835279 ] ] ] } },
{ "type": "Feature", "properties": { "id": "way/1093282725", "@timestamp": "2023-05-11T21:31:10", "Площадь": 0.22, "Туман": "Олмазор" }, "geometry": { "type": "Polygon", "coordinates": [ [ [ 69.2593472, 41.3455241 ], [ 69.2591764, 41.3456167 ], [ 69.2586681, 41.3450785 ], [ 69.2587137, 41.3450511 ], [ 69.2586808, 41.3450084 ], [ 69.2585675, 41.3448737 ], [ 69.2585123, 41.3448957 ], [ 69.2583974, 41.3447269 ], [ 69.2584064, 41.3446591 ], [ 69.2583628, 41.3446075 ], [ 69.2584241, 41.3445617 ], [ 69.2584753, 41.3446039 ], [ 69.2585307, 41.3446 ], [ 69.2588816, 41.345011 ], [ 69.2593472, 41.3455241 ] ] ] } },
{ "type": "Feature", "properties": { "id": "way/1095794935", "@timestamp": "2022-09-19T04:58:46", "Площадь": 0.25, "Туман": "Юнусобод" }, "geometry": { "type": "Polygon", "coordinates": [ [ [ 69.3161447, 41.3475058 ], [ 69.3163778, 41.347173 ], [ 69.3163216, 41.3471508 ], [ 69.3160561, 41.3475297 ], [ 69.316003, 41.3475088 ], [ 69.316244, 41.347165 ], [ 69.3161188, 41.3471156 ], [ 69.3166616, 41.3467921 ], [ 69.3168569, 41.3468692 ], [ 69.3163534, 41.3475882 ], [ 69.3161447, 41.3475058 ] ] ] } },
{ "type": "Feature", "properties": { "id": "way/1096262745", "@timestamp": "2025-09-09T12:17:52", "Площадь": 0.18, "Туман": "Чилонзор" }, "geometry": { "type": "Polygon", "coordinates": [ [ [ 69.2416464, 41.2984355 ], [ 69.2416477, 41.298105 ], [ 69.2422211, 41.2981685 ], [ 69.2422717, 41.2984732 ], [ 69.2416464, 41.2984355 ] ] ] } },
{ "type": "Feature", "properties": { "id": "way/1097286752", "@timestamp": "2025-08-28T13:23:57", "Площадь": 0.21, "Туман": "Яшнобод" }, "geometry": { "type": "Polygon", "coordinates": [ [ [ 69.3423992, 41.298853 ], [ 69.3427442, 41.2996077 ], [ 69.3424491, 41.2996853 ], [ 69.3422651, 41.2992148 ], [ 69.3422898, 41.2991933 ], [ 69.3421265, 41.299026 ], [ 69.3423992, 41.298853 ] ] ] } },
{ "type": "Feature", "properties": { "id": "way/1097423582", "@timestamp": "2026-07-01T11:45:22", "Площадь": 0.15, "Туман": "Миробод" }, "geometry": { "type": "Polygon", "coordinates": [ [ [ 69.2726789, 41.3093343 ], [ 69.2723417, 41.3094129 ], [ 69.2720517, 41.3087136 ], [ 69.2723794, 41.3086341 ], [ 69.2724445, 41.3087787 ], [ 69.2724236, 41.3087611 ], [ 69.2723991, 41.3087523 ], [ 69.2723745, 41.3087488 ], [ 69.2723498, 41.3087496 ], [ 69.2723259, 41.3087546 ], [ 69.2723043, 41.3087657 ], [ 69.2722874, 41.308783 ], [ 69.2722799, 41.3088003 ], [ 69.2722729, 41.3088217 ], [ 69.2722706, 41.3088439 ], [ 69.2722736, 41.3088705 ], [ 69.2722825, 41.308898 ], [ 69.2723959, 41.309165 ], [ 69.2724155, 41.3092014 ], [ 69.2724469, 41.3092326 ], [ 69.272475, 41.3092497 ], [ 69.2725055, 41.3092562 ], [ 69.272538, 41.3092545 ], [ 69.2725694, 41.3092408 ], [ 69.2725825, 41.3092268 ], [ 69.2725922, 41.3092101 ], [ 69.2726005, 41.3091826 ], [ 69.2725995, 41.3091525 ], [ 69.2726789, 41.3093343 ] ] ] } },
{ "type": "Feature", "properties": { "id": "way/1097424826", "@timestamp": "2022-09-24T04:09:40", "Площадь": 0.63, "Туман": "Олмазор" }, "geometry": { "type": "Polygon", "coordinates": [ [ [ 69.2441838, 41.3503427 ], [ 69.2441814, 41.3503058 ], [ 69.244672, 41.3502674 ], [ 69.2445492, 41.3495528 ], [ 69.2447349, 41.3495321 ], [ 69.2447302, 41.3494546 ], [ 69.2449648, 41.3494414 ], [ 69.2449748, 41.3495236 ], [ 69.244984, 41.3495828 ], [ 69.245455, 41.3495545 ], [ 69.2455336, 41.3502228 ], [ 69.2454799, 41.3502268 ], [ 69.245481, 41.3502558 ], [ 69.2441838, 41.3503427 ] ] ] } },
{ "type": "Feature", "properties": { "id": "way/1099348155", "@timestamp": "2026-02-04T19:42:20", "Площадь": 1.14, "Туман": "Сергели" }, "geometry": { "type": "Polygon", "coordinates": [ [ [ 69.2668932, 41.2645113 ], [ 69.2668737, 41.2645262 ], [ 69.2663479, 41.2642961 ], [ 69.2666067, 41.2639832 ], [ 69.2667481, 41.2638303 ], [ 69.2669266, 41.263846 ], [ 69.267118, 41.2638717 ], [ 69.2672579, 41.2639297 ], [ 69.2673887, 41.2639962 ], [ 69.2674434, 41.2640222 ], [ 69.2675382, 41.2640275 ], [ 69.2678098, 41.2641535 ], [ 69.2681347, 41.2643076 ], [ 69.2683286, 41.2644023 ], [ 69.268493, 41.2644778 ], [ 69.268555, 41.2645158 ], [ 69.2685681, 41.264554 ], [ 69.268575, 41.2645926 ], [ 69.2685756, 41.2646203 ], [ 69.2685667, 41.2646496 ], [ 69.268532, 41.2646794 ], [ 69.2684857, 41.2647074 ], [ 69.2681607, 41.2648646 ], [ 69.2677133, 41.2647752 ], [ 69.2672692, 41.2646883 ], [ 69.2672301, 41.2646777 ], [ 69.2671315, 41.2646347 ], [ 69.2671011, 41.2646217 ], [ 69.2670664, 41.2646055 ], [ 69.2668932, 41.2645113 ] ] ] } },
{ "type": "Feature", "properties": { "id": "way/1103385830", "@timestamp": "2026-02-04T02:56:37", "Площадь": 0.17, "Туман": "Чилонзор" }, "geometry": { "type": "Polygon", "coordinates": [ [ [ 69.2295887, 41.288906 ], [ 69.2296419, 41.2889539 ], [ 69.2286769, 41.2895647 ], [ 69.2274899, 41.2903038 ], [ 69.2274363, 41.2902556 ], [ 69.2295887, 41.288906 ] ] ] } },
{ "type": "Feature", "properties": { "id": "way/1103997508", "@timestamp": "2025-07-02T10:37:18", "Площадь": 0.29, "Туман": "Яккасарой" }, "geometry": { "type": "Polygon", "coordinates": [ [ [ 69.2580332, 41.273914 ], [ 69.2578621, 41.2738941 ], [ 69.2573988, 41.2738119 ], [ 69.2575309, 41.2733444 ], [ 69.2581875, 41.2734839 ], [ 69.2581996, 41.2734865 ], [ 69.2580332, 41.273914 ] ] ] } },
{ "type": "Feature", "properties": { "id": "way/1106036784", "@timestamp": "2023-06-25T11:18:16", "Площадь": 0.01, "Туман": "Шайхонтоҳур" }, "geometry": { "type": "Polygon", "coordinates": [ [ [ 69.2595043, 41.3217028 ], [ 69.2595676, 41.3216991 ], [ 69.2595821, 41.3218415 ], [ 69.2595189, 41.3218452 ], [ 69.2595043, 41.3217028 ] ] ] } },
{ "type": "Feature", "properties": { "id": "way/1106187613", "@timestamp": "2025-11-30T18:29:40", "Площадь": 0.15, "Туман": "Учтепа" }, "geometry": { "type": "Polygon", "coordinates": [ [ [ 69.1698052, 41.2849032 ], [ 69.1698039, 41.2846656 ], [ 69.1704439, 41.2846582 ], [ 69.170517, 41.2848903 ], [ 69.1698052, 41.2849032 ] ] ] } },
{ "type": "Feature", "properties": { "id": "way/1107068322", "@timestamp": "2022-10-26T11:04:07", "Площадь": 0.18, "Туман": "Мирзо Улуғбек" }, "geometry": { "type": "Polygon", "coordinates": [ [ [ 69.3871129, 41.3553491 ], [ 69.3867966, 41.3551859 ], [ 69.3871495, 41.3546749 ], [ 69.3874086, 41.3547673 ], [ 69.3871129, 41.3553491 ] ] ] } },
{ "type": "Feature", "properties": { "id": "way/1107068323", "@timestamp": "2022-10-26T11:04:07", "Площадь": 0.14, "Туман": "Мирзо Улуғбек" }, "geometry": { "type": "Polygon", "coordinates": [ [ [ 69.3869714, 41.3539407 ], [ 69.3871689, 41.3536563 ], [ 69.387577, 41.3538459 ], [ 69.3873956, 41.3541206 ], [ 69.3869714, 41.3539407 ] ] ] } },
{ "type": "Feature", "properties": { "id": "way/1107688585", "@timestamp": "2022-10-28T09:37:48", "Площадь": 0.14, "Туман": "Олмазор" }, "geometry": { "type": "Polygon", "coordinates": [ [ [ 69.2441963, 41.3303345 ], [ 69.2440326, 41.3304009 ], [ 69.2440313, 41.3302207 ], [ 69.2440493, 41.3297237 ], [ 69.2444613, 41.3302238 ], [ 69.2441963, 41.3303345 ] ] ] } },
{ "type": "Feature", "properties": { "id": "way/1110178684", "@timestamp": "2025-12-01T09:26:07", "Площадь": 4.97, "Туман": "Чилонзор" }, "geometry": { "type": "Polygon", "coordinates": [ [ [ 69.1660325, 41.2516728 ], [ 69.165824, 41.2511346 ], [ 69.1659227, 41.2510986 ], [ 69.1657564, 41.2506973 ], [ 69.1655127, 41.249221 ], [ 69.16579, 41.2490152 ], [ 69.1659943, 41.2490138 ], [ 69.1670131, 41.2487488 ], [ 69.1670643, 41.2487749 ], [ 69.1683201, 41.2512277 ], [ 69.1664671, 41.2516309 ], [ 69.1660325, 41.2516728 ] ] ] } },
{ "type": "Feature", "properties": { "id": "way/1110518519", "@timestamp": "2022-11-05T13:25:19", "Площадь": 0.02, "Туман": "Миробод" }, "geometry": { "type": "Polygon", "coordinates": [ [ [ 69.2739822, 41.2998377 ], [ 69.2740251, 41.299802 ], [ 69.2742511, 41.2999486 ], [ 69.2742269, 41.2999763 ], [ 69.2740969, 41.3000201 ], [ 69.2740741, 41.2999768 ], [ 69.2741478, 41.2999531 ], [ 69.2739822, 41.2998377 ] ] ] } },
{ "type": "Feature", "properties": { "id": "way/1110518520", "@timestamp": "2022-11-05T13:25:19", "Площадь": 0.02, "Туман": "Миробод" }, "geometry": { "type": "Polygon", "coordinates": [ [ [ 69.274823, 41.30039 ], [ 69.2748605, 41.3003567 ], [ 69.275204, 41.3005751 ], [ 69.2751665, 41.3006084 ], [ 69.274823, 41.30039 ] ] ] } },
{ "type": "Feature", "properties": { "id": "way/1110798516", "@timestamp": "2022-11-06T17:02:57", "Площадь": 0.08, "Туман": "Мирзо Улуғбек" }, "geometry": { "type": "Polygon", "coordinates": [ [ [ 69.3377953, 41.3423373 ], [ 69.3379301, 41.3422546 ], [ 69.3383443, 41.3426621 ], [ 69.3382111, 41.3427409 ], [ 69.3377953, 41.3423373 ] ] ] } },
{ "type": "Feature", "properties": { "id": "way/1111121683", "@timestamp": "2022-11-07T16:51:56", "Площадь": 0.05, "Туман": "Шайхонтоҳур" }, "geometry": { "type": "Polygon", "coordinates": [ [ [ 69.2361014, 41.3150446 ], [ 69.2362167, 41.315169 ], [ 69.2362361, 41.3152098 ], [ 69.2361691, 41.3153095 ], [ 69.2358774, 41.315446 ], [ 69.2361014, 41.3150446 ] ] ] } },
{ "type": "Feature", "properties": { "id": "way/1111147847", "@timestamp": "2022-11-07T18:29:34", "Площадь": 0.03, "Туман": "Яшнобод" }, "geometry": { "type": "Polygon", "coordinates": [ [ [ 69.3284442, 41.3098065 ], [ 69.3285983, 41.3096885 ], [ 69.3287402, 41.309804 ], [ 69.3286143, 41.3099223 ], [ 69.3284442, 41.3098065 ] ] ] } },
{ "type": "Feature", "properties": { "id": "way/1111979726", "@timestamp": "2024-08-17T19:55:32", "Площадь": 0.09, "Туман": "Миробод" }, "geometry": { "type": "Polygon", "coordinates": [ [ [ 69.278177, 41.2735477 ], [ 69.2782615, 41.2734824 ], [ 69.2784506, 41.2736024 ], [ 69.2784747, 41.2736129 ], [ 69.2785001, 41.2736164 ], [ 69.2785288, 41.2736113 ], [ 69.278552, 41.2735995 ], [ 69.2786976, 41.2735215 ], [ 69.2787398, 41.2734922 ], [ 69.2787578, 41.2734738 ], [ 69.2787715, 41.273456 ], [ 69.2787835, 41.2734357 ], [ 69.2787906, 41.2734138 ], [ 69.2787916, 41.2733865 ], [ 69.2787846, 41.2733607 ], [ 69.2789521, 41.2734933 ], [ 69.2787165, 41.273593 ], [ 69.27858, 41.2736668 ], [ 69.2787094, 41.2737957 ], [ 69.2785822, 41.2738712 ], [ 69.2784018, 41.273687 ], [ 69.278177, 41.2735477 ] ] ] } },
{ "type": "Feature", "properties": { "id": "way/1112004241", "@timestamp": "2022-11-10T11:39:12", "Площадь": 0.05, "Туман": "Юнусобод" }, "geometry": { "type": "Polygon", "coordinates": [ [ [ 69.3114565, 41.3377776 ], [ 69.3116083, 41.3373773 ], [ 69.311728, 41.3374029 ], [ 69.3115762, 41.3378032 ], [ 69.3114565, 41.3377776 ] ] ] } },
{ "type": "Feature", "properties": { "id": "way/1115917513", "@timestamp": "2026-02-11T20:40:23", "Площадь": 0.28, "Туман": "Олмазор" }, "geometry": { "type": "Polygon", "coordinates": [ [ [ 69.2081544, 41.3481566 ], [ 69.2081566, 41.3479929 ], [ 69.2088064, 41.3480005 ], [ 69.2090497, 41.3484694 ], [ 69.2087695, 41.3485633 ], [ 69.2087357, 41.3485136 ], [ 69.2086878, 41.3484635 ], [ 69.2086343, 41.3484146 ], [ 69.2085115, 41.3483333 ], [ 69.2084099, 41.3482907 ], [ 69.2083621, 41.3482735 ], [ 69.2083231, 41.3482671 ], [ 69.2082874, 41.3482673 ], [ 69.2081844, 41.3482439 ], [ 69.2081534, 41.3482384 ], [ 69.2081544, 41.3481566 ] ] ] } },
{ "type": "Feature", "properties": { "id": "way/1115917540", "@timestamp": "2026-02-11T20:40:23", "Площадь": 0.78, "Туман": "Олмазор" }, "geometry": { "type": "Polygon", "coordinates": [ [ [ 69.2079138, 41.3471308 ], [ 69.2079127, 41.3471592 ], [ 69.2079167, 41.3471733 ], [ 69.2079274, 41.3471853 ], [ 69.2079422, 41.3471944 ], [ 69.207971, 41.3472025 ], [ 69.2079985, 41.3472015 ], [ 69.2080193, 41.3471954 ], [ 69.2080317, 41.3471848 ], [ 69.2080431, 41.3471662 ], [ 69.2080511, 41.3471523 ], [ 69.2087136, 41.347148 ], [ 69.2086904, 41.3471827 ], [ 69.2086697, 41.3472226 ], [ 69.2086543, 41.3472719 ], [ 69.208655, 41.3473394 ], [ 69.2086637, 41.3473807 ], [ 69.2086862, 41.3474591 ], [ 69.2082278, 41.3474597 ], [ 69.2081997, 41.3474582 ], [ 69.2081755, 41.3474506 ], [ 69.2081486, 41.3474393 ], [ 69.207726, 41.3471994 ], [ 69.2077156, 41.34714 ], [ 69.2076768, 41.347119 ], [ 69.2076482, 41.3470374 ], [ 69.2076185, 41.3469593 ], [ 69.2077735, 41.3469198 ], [ 69.2082243, 41.3467894 ], [ 69.2080028, 41.3463284 ], [ 69.2091438, 41.3461215 ], [ 69.2091918, 41.3461492 ], [ 69.2091957, 41.3462617 ], [ 69.2090685, 41.3462613 ], [ 69.2090668, 41.3463557 ], [ 69.2087345, 41.3463573 ], [ 69.2085809, 41.3464836 ], [ 69.2085894, 41.3465993 ], [ 69.208491, 41.3466821 ], [ 69.2084849, 41.3468597 ], [ 69.2085987, 41.3469529 ], [ 69.2086, 41.3470742 ], [ 69.2086605, 41.3471178 ], [ 69.2079138, 41.3471308 ] ] ] } },
{ "type": "Feature", "properties": { "id": "way/1116070136", "@timestamp": "2022-11-21T18:32:04", "Площадь": 0.29, "Туман": "Миробод" }, "geometry": { "type": "Polygon", "coordinates": [ [ [ 69.3028533, 41.2546139 ], [ 69.3028533, 41.254457 ], [ 69.3041244, 41.2544507 ], [ 69.3048481, 41.2544468 ], [ 69.3048454, 41.2546057 ], [ 69.3028533, 41.2546139 ] ] ] } },
{ "type": "Feature", "properties": { "id": "way/1118380483", "@timestamp": "2024-11-16T22:42:16", "Площадь": 0.17, "Туман": "Миробод" }, "geometry": { "type": "Polygon", "coordinates": [ [ [ 69.2876627, 41.3028963 ], [ 69.2869631, 41.3024912 ], [ 69.2870987, 41.3023591 ], [ 69.2873555, 41.3025077 ], [ 69.2873756, 41.3024894 ], [ 69.2874191, 41.3024456 ], [ 69.2874421, 41.3024585 ], [ 69.2877632, 41.3026449 ], [ 69.2876858, 41.3027203 ], [ 69.2877846, 41.3027775 ], [ 69.2876627, 41.3028963 ] ] ] } },
{ "type": "Feature", "properties": { "id": "way/1119397206", "@timestamp": "2022-12-04T16:16:44", "Площадь": 0.14, "Туман": "Учтепа" }, "geometry": { "type": "Polygon", "coordinates": [ [ [ 69.1476814, 41.2821841 ], [ 69.1476287, 41.282105 ], [ 69.1476024, 41.2820298 ], [ 69.1475725, 41.2819283 ], [ 69.1475076, 41.281712 ], [ 69.1474936, 41.2815867 ], [ 69.1476761, 41.2815181 ], [ 69.1478744, 41.2820865 ], [ 69.1478955, 41.2821657 ], [ 69.1478718, 41.2821917 ], [ 69.1478375, 41.2822079 ], [ 69.1477952, 41.2822181 ], [ 69.1477503, 41.2822164 ], [ 69.1477118, 41.2822052 ], [ 69.1476814, 41.2821841 ] ] ] } },
{ "type": "Feature", "properties": { "id": "way/1119397211", "@timestamp": "2022-12-04T16:16:44", "Площадь": 0.1, "Туман": "Учтепа" }, "geometry": { "type": "Polygon", "coordinates": [ [ [ 69.1482556, 41.2847026 ], [ 69.1481665, 41.2843802 ], [ 69.1484767, 41.2843318 ], [ 69.1485658, 41.2846542 ], [ 69.1482556, 41.2847026 ] ] ] } },
{ "type": "Feature", "properties": { "id": "way/1119397212", "@timestamp": "2022-12-04T16:16:44", "Площадь": 0.1, "Туман": "Учтепа" }, "geometry": { "type": "Polygon", "coordinates": [ [ [ 69.1483503, 41.2850733 ], [ 69.1482591, 41.2847327 ], [ 69.1485648, 41.2846864 ], [ 69.1486378, 41.2849585 ], [ 69.1485656, 41.2850407 ], [ 69.1483503, 41.2850733 ] ] ] } },
{ "type": "Feature", "properties": { "id": "way/1119397213", "@timestamp": "2022-12-04T16:16:44", "Площадь": 0.22, "Туман": "Учтепа" }, "geometry": { "type": "Polygon", "coordinates": [ [ [ 69.1487561, 41.286416 ], [ 69.148479, 41.2853172 ], [ 69.1487072, 41.2852787 ], [ 69.1488213, 41.2857022 ], [ 69.1488423, 41.2859384 ], [ 69.1489075, 41.2864073 ], [ 69.1487561, 41.286416 ] ] ] } },
{ "type": "Feature", "properties": { "id": "way/1119397214", "@timestamp": "2026-04-01T16:52:09", "Площадь": 0.13, "Туман": "Учтепа" }, "geometry": { "type": "Polygon", "coordinates": [ [ [ 69.1489406, 41.288029 ], [ 69.1488867, 41.2876521 ], [ 69.1489329, 41.2875407 ], [ 69.149049, 41.2875899 ], [ 69.1492483, 41.2877182 ], [ 69.1492669, 41.2878395 ], [ 69.1493113, 41.2879849 ], [ 69.1489406, 41.288029 ] ] ] } },
{ "type": "Feature", "properties": { "id": "way/1119397215", "@timestamp": "2025-11-25T15:40:33", "Площадь": 0.13, "Туман": "Учтепа" }, "geometry": { "type": "Polygon", "coordinates": [ [ [ 69.1490846, 41.289301 ], [ 69.1490444, 41.2889476 ], [ 69.1494384, 41.2889262 ], [ 69.1494726, 41.2892811 ], [ 69.1490846, 41.289301 ] ] ] } },
{ "type": "Feature", "properties": { "id": "way/1119397216", "@timestamp": "2022-12-04T16:16:44", "Площадь": 0.22, "Туман": "Учтепа" }, "geometry": { "type": "Polygon", "coordinates": [ [ [ 69.1505141, 41.2890264 ], [ 69.1504714, 41.2887952 ], [ 69.1505304, 41.2887751 ], [ 69.1505012, 41.2886165 ], [ 69.1510548, 41.2885571 ], [ 69.1511257, 41.2889588 ], [ 69.1505141, 41.2890264 ] ] ] } },
{ "type": "Feature", "properties": { "id": "way/1119397217", "@timestamp": "2022-12-04T16:16:44", "Площадь": 0.32, "Туман": "Учтепа" }, "geometry": { "type": "Polygon", "coordinates": [ [ [ 69.1509163, 41.289362 ], [ 69.1508477, 41.2890334 ], [ 69.1517817, 41.2888995 ], [ 69.1518318, 41.2892381 ], [ 69.1518321, 41.2893079 ], [ 69.1516481, 41.2893082 ], [ 69.1509163, 41.289362 ] ] ] } },
{ "type": "Feature", "properties": { "id": "way/1120491248", "@timestamp": "2026-02-10T23:56:55", "Площадь": 0.03, "Туман": "Миробод" }, "geometry": { "type": "Polygon", "coordinates": [ [ [ 69.2854094, 41.2885492 ], [ 69.2855001, 41.2883139 ], [ 69.2856854, 41.2883636 ], [ 69.2855666, 41.2884236 ], [ 69.2856011, 41.28847 ], [ 69.2855278, 41.2885053 ], [ 69.2855001, 41.2885694 ], [ 69.2854094, 41.2885492 ] ] ] } },
{ "type": "Feature", "properties": { "id": "way/1120491258", "@timestamp": "2025-09-12T08:42:04", "Площадь": 0.43, "Туман": "Миробод" }, "geometry": { "type": "Polygon", "coordinates": [ [ [ 69.2875379, 41.2870411 ], [ 69.2872168, 41.2866936 ], [ 69.2878666, 41.2863251 ], [ 69.2879681, 41.2864102 ], [ 69.2881659, 41.2862769 ], [ 69.2884269, 41.2864714 ], [ 69.2883615, 41.2865683 ], [ 69.2883065, 41.2866456 ], [ 69.288014, 41.2867961 ], [ 69.2875379, 41.2870411 ] ] ] } },
{ "type": "Feature", "properties": { "id": "way/1123278774", "@timestamp": "2022-12-19T07:54:38", "Площадь": 1.42, "Туман": "Сергели" }, "geometry": { "type": "Polygon", "coordinates": [ [ [ 69.2513416, 41.2442498 ], [ 69.2513416, 41.2437457 ], [ 69.254377, 41.2437459 ], [ 69.254377, 41.2442496 ], [ 69.2513416, 41.2442498 ] ] ] } },
{ "type": "Feature", "properties": { "id": "way/1123364509", "@timestamp": "2026-04-18T19:49:16", "Площадь": 0.56, "Туман": "Бектемир" }, "geometry": { "type": "Polygon", "coordinates": [ [ [ 69.3229537, 41.2058674 ], [ 69.322648, 41.2056929 ], [ 69.3239408, 41.2044801 ], [ 69.3242493, 41.2046517 ], [ 69.3229537, 41.2058674 ] ] ] } },
{ "type": "Feature", "properties": { "id": "way/1124921297", "@timestamp": "2022-12-27T06:51:46", "Площадь": 0.42, "Туман": "Олмазор" }, "geometry": { "type": "Polygon", "coordinates": [ [ [ 69.2257575, 41.3527069 ], [ 69.2257406, 41.3525752 ], [ 69.2258682, 41.3525655 ], [ 69.2258157, 41.3521785 ], [ 69.2266225, 41.3521168 ], [ 69.2266946, 41.352649 ], [ 69.2266529, 41.3526522 ], [ 69.22654, 41.3526608 ], [ 69.2259039, 41.3527106 ], [ 69.225886, 41.352712 ], [ 69.2258855, 41.3526992 ], [ 69.2257575, 41.3527069 ] ] ] } },
{ "type": "Feature", "properties": { "id": "way/1125035324", "@timestamp": "2022-12-26T19:18:18", "Площадь": 0.37, "Туман": "Сергели" }, "geometry": { "type": "Polygon", "coordinates": [ [ [ 69.2414371, 41.2210864 ], [ 69.2412852, 41.2207451 ], [ 69.2425344, 41.2203673 ], [ 69.2426327, 41.2205816 ], [ 69.2414371, 41.2210864 ] ] ] } },
{ "type": "Feature", "properties": { "id": "way/1125582714", "@timestamp": "2023-12-27T18:50:44", "Площадь": 0.18, "Туман": "Миробод" }, "geometry": { "type": "Polygon", "coordinates": [ [ [ 69.287456, 41.2944755 ], [ 69.2874534, 41.294392 ], [ 69.2879463, 41.2943969 ], [ 69.2879915, 41.2943977 ], [ 69.2880363, 41.2943999 ], [ 69.288084, 41.2944061 ], [ 69.2881302, 41.2944158 ], [ 69.2881713, 41.2944301 ], [ 69.2882091, 41.2944469 ], [ 69.2882787, 41.2944842 ], [ 69.2881509, 41.2946039 ], [ 69.2880554, 41.2946977 ], [ 69.2880148, 41.2946751 ], [ 69.2878431, 41.2945892 ], [ 69.2875945, 41.2945859 ], [ 69.2874182, 41.2945804 ], [ 69.2871653, 41.2945846 ], [ 69.2871703, 41.2944804 ], [ 69.287456, 41.2944755 ] ] ] } },
{ "type": "Feature", "properties": { "id": "way/1127655211", "@timestamp": "2023-01-06T04:09:13", "Площадь": 0.12, "Туман": "Сергели" }, "geometry": { "type": "Polygon", "coordinates": [ [ [ 69.3154322, 41.2394022 ], [ 69.3154361, 41.2387191 ], [ 69.3156252, 41.2387198 ], [ 69.3156213, 41.2394028 ], [ 69.3154322, 41.2394022 ] ] ] } },
{ "type": "Feature", "properties": { "id": "way/1128353579", "@timestamp": "2025-07-02T09:24:03", "Площадь": 0.29, "Туман": "Сергели" }, "geometry": { "type": "Polygon", "coordinates": [ [ [ 69.2765261, 41.244189 ], [ 69.2738338, 41.2442229 ], [ 69.2737449, 41.2440982 ], [ 69.2767339, 41.2440946 ], [ 69.2767056, 41.2441301 ], [ 69.2766601, 41.2441576 ], [ 69.2765956, 41.2441789 ], [ 69.2765261, 41.244189 ] ] ] } },
{ "type": "Feature", "properties": { "id": "way/1128353587", "@timestamp": "2023-01-09T01:41:59", "Площадь": 0.13, "Туман": "Сергели" }, "geometry": { "type": "Polygon", "coordinates": [ [ [ 69.2711624, 41.2442225 ], [ 69.2711609, 41.2441104 ], [ 69.2720435, 41.2441152 ], [ 69.2720444, 41.2440218 ], [ 69.2720666, 41.2440214 ], [ 69.2722913, 41.2441708 ], [ 69.2723045, 41.2442304 ], [ 69.2711624, 41.2442225 ] ] ] } },
{ "type": "Feature", "properties": { "id": "way/1128353589", "@timestamp": "2024-06-03T15:08:15", "Площадь": 0.27, "Туман": "Сергели" }, "geometry": { "type": "Polygon", "coordinates": [ [ [ 69.2737946, 41.244557 ], [ 69.275745, 41.2445106 ], [ 69.2757527, 41.2446173 ], [ 69.2747129, 41.2446409 ], [ 69.2747046, 41.2447355 ], [ 69.2744896, 41.2447451 ], [ 69.2740173, 41.2447663 ], [ 69.2739805, 41.2447628 ], [ 69.2739449, 41.2447552 ], [ 69.27391, 41.2447435 ], [ 69.2738774, 41.2447268 ], [ 69.2738499, 41.244708 ], [ 69.273826, 41.2446857 ], [ 69.2738069, 41.2446591 ], [ 69.2737921, 41.2446294 ], [ 69.2737946, 41.244557 ] ] ] } },
{ "type": "Feature", "properties": { "id": "way/1128353591", "@timestamp": "2024-06-03T15:08:15", "Площадь": 0.25, "Туман": "Сергели" }, "geometry": { "type": "Polygon", "coordinates": [ [ [ 69.2758842, 41.2449294 ], [ 69.2758755, 41.2446258 ], [ 69.2768409, 41.2446102 ], [ 69.2768477, 41.2448456 ], [ 69.2765461, 41.2448505 ], [ 69.2765481, 41.2449187 ], [ 69.2758842, 41.2449294 ] ] ] } },
{ "type": "Feature", "properties": { "id": "way/1128376776", "@timestamp": "2025-11-23T16:54:01", "Площадь": 0.11, "Туман": "Сергели" }, "geometry": { "type": "Polygon", "coordinates": [ [ [ 69.2683005, 41.2069758 ], [ 69.2683727, 41.2069302 ], [ 69.2684775, 41.2068987 ], [ 69.2685706, 41.2068812 ], [ 69.2687331, 41.2069027 ], [ 69.2689039, 41.2070623 ], [ 69.2688439, 41.2070959 ], [ 69.2686148, 41.2072391 ], [ 69.2683005, 41.2069758 ] ] ] } },
{ "type": "Feature", "properties": { "id": "way/1128376806", "@timestamp": "2023-01-09T05:07:40", "Площадь": 0.09, "Туман": "Сергели" }, "geometry": { "type": "Polygon", "coordinates": [ [ [ 69.266974, 41.2080272 ], [ 69.267222, 41.20781 ], [ 69.2674781, 41.2079754 ], [ 69.26723, 41.2081927 ], [ 69.266974, 41.2080272 ] ] ] } },
{ "type": "Feature", "properties": { "id": "way/1128386414", "@timestamp": "2023-01-09T06:29:54", "Площадь": 0.04, "Туман": "Миробод" }, "geometry": { "type": "Polygon", "coordinates": [ [ [ 69.3028688, 41.2538259 ], [ 69.302871, 41.2534938 ], [ 69.3029934, 41.2534955 ], [ 69.3029934, 41.2538293 ], [ 69.3028688, 41.2538259 ] ] ] } },
{ "type": "Feature", "properties": { "id": "way/1128386422", "@timestamp": "2023-01-09T06:29:54", "Площадь": 0.02, "Туман": "Олмазор" }, "geometry": { "type": "Polygon", "coordinates": [ [ [ 69.2143334, 41.3383174 ], [ 69.2143425, 41.338281 ], [ 69.2148352, 41.338339 ], [ 69.2148234, 41.3383797 ], [ 69.2143334, 41.3383174 ] ] ] } },
{ "type": "Feature", "properties": { "id": "way/1128465308", "@timestamp": "2025-11-25T18:39:28", "Площадь": 0.07, "Туман": "Юнусобод" }, "geometry": { "type": "Polygon", "coordinates": [ [ [ 69.2749217, 41.3589809 ], [ 69.274921, 41.3588898 ], [ 69.2753139, 41.3590539 ], [ 69.2754198, 41.3591253 ], [ 69.2756546, 41.3592325 ], [ 69.2757612, 41.3592592 ], [ 69.2758255, 41.3592864 ], [ 69.2757746, 41.3593564 ], [ 69.2749217, 41.3589809 ] ] ] } },
{ "type": "Feature", "properties": { "id": "way/1128465311", "@timestamp": "2023-01-09T14:18:25", "Площадь": 0.02, "Туман": "Юнусобод" }, "geometry": { "type": "Polygon", "coordinates": [ [ [ 69.2765846, 41.3600026 ], [ 69.276704, 41.3600695 ], [ 69.2764874, 41.3601994 ], [ 69.2764378, 41.3601752 ], [ 69.2765846, 41.3600026 ] ] ] } },
{ "type": "Feature", "properties": { "id": "way/1128465313", "@timestamp": "2023-01-09T14:18:25", "Площадь": 0.05, "Туман": "Юнусобод" }, "geometry": { "type": "Polygon", "coordinates": [ [ [ 69.2760434, 41.3598323 ], [ 69.2762347, 41.3599123 ], [ 69.2760764, 41.3601256 ], [ 69.2758851, 41.3600455 ], [ 69.2760434, 41.3598323 ] ] ] } },
{ "type": "Feature", "properties": { "id": "way/1130738607", "@timestamp": "2023-01-10T21:42:28", "Площадь": 0.87, "Туман": "Яшнобод" }, "geometry": { "type": "Polygon", "coordinates": [ [ [ 69.3430887, 41.2473441 ], [ 69.3428819, 41.2472898 ], [ 69.3437561, 41.2458279 ], [ 69.3446648, 41.2460526 ], [ 69.3430887, 41.2473441 ] ] ] } },
{ "type": "Feature", "properties": { "id": "way/1131131399", "@timestamp": "2023-01-12T10:52:16", "Площадь": 0.09, "Туман": "Олмазор" }, "geometry": { "type": "Polygon", "coordinates": [ [ [ 69.2516949, 41.3464629 ], [ 69.2517178, 41.3466545 ], [ 69.2516598, 41.3466584 ], [ 69.2513431, 41.3466798 ], [ 69.2513353, 41.3466146 ], [ 69.2511592, 41.3466265 ], [ 69.2511441, 41.3465 ], [ 69.2516949, 41.3464629 ] ] ] } },
{ "type": "Feature", "properties": { "id": "way/1131861600", "@timestamp": "2023-11-27T15:55:52", "Площадь": 0.26, "Туман": "Мирзо Улуғбек" }, "geometry": { "type": "Polygon", "coordinates": [ [ [ 69.2913687, 41.3197475 ], [ 69.2913748, 41.319632 ], [ 69.2914706, 41.3195196 ], [ 69.2919121, 41.3191474 ], [ 69.2919936, 41.3190825 ], [ 69.2923466, 41.3187762 ], [ 69.2926431, 41.3189334 ], [ 69.2922835, 41.3191275 ], [ 69.2921765, 41.3192273 ], [ 69.2913687, 41.3197475 ] ] ] } },
{ "type": "Feature", "properties": { "id": "way/1132392480", "@timestamp": "2023-01-16T07:39:05", "Площадь": 0.13, "Туман": "Олмазор" }, "geometry": { "type": "Polygon", "coordinates": [ [ [ 69.2506617, 41.3383954 ], [ 69.250415, 41.3385284 ], [ 69.2500958, 41.3381941 ], [ 69.2500931, 41.3381054 ], [ 69.2501414, 41.3380551 ], [ 69.250254, 41.3379967 ], [ 69.2506617, 41.3383954 ] ] ] } },
{ "type": "Feature", "properties": { "id": "way/1132392481", "@timestamp": "2023-01-16T07:39:05", "Площадь": 0.1, "Туман": "Олмазор" }, "geometry": { "type": "Polygon", "coordinates": [ [ [ 69.2508278, 41.337296 ], [ 69.2513216, 41.3377582 ], [ 69.2511817, 41.3378425 ], [ 69.2506878, 41.3373803 ], [ 69.2508278, 41.337296 ] ] ] } },
{ "type": "Feature", "properties": { "id": "way/1132392484", "@timestamp": "2023-01-16T07:39:05", "Площадь": 0.06, "Туман": "Олмазор" }, "geometry": { "type": "Polygon", "coordinates": [ [ [ 69.2513496, 41.3387132 ], [ 69.2514141, 41.3387817 ], [ 69.2507978, 41.3391089 ], [ 69.2507333, 41.3390404 ], [ 69.2513496, 41.3387132 ] ] ] } },
{ "type": "Feature", "properties": { "id": "way/1132392486", "@timestamp": "2023-01-16T07:39:05", "Площадь": 0.07, "Туман": "Олмазор" }, "geometry": { "type": "Polygon", "coordinates": [ [ [ 69.2513068, 41.3388959 ], [ 69.2513698, 41.338918 ], [ 69.2513578, 41.3389724 ], [ 69.2507637, 41.3392876 ], [ 69.2506671, 41.339209 ], [ 69.2513068, 41.3388959 ] ] ] } },
{ "type": "Feature", "properties": { "id": "way/1132688991", "@timestamp": "2023-01-17T08:04:34", "Площадь": 0.27, "Туман": "Яшнобод" }, "geometry": { "type": "Polygon", "coordinates": [ [ [ 69.2990751, 41.3096071 ], [ 69.2990665, 41.3097573 ], [ 69.2996739, 41.3103804 ], [ 69.2994463, 41.3104989 ], [ 69.2988143, 41.3098788 ], [ 69.2988772, 41.3098319 ], [ 69.2986682, 41.3096749 ], [ 69.2987943, 41.3095916 ], [ 69.2990751, 41.3096071 ] ] ] } },
{ "type": "Feature", "properties": { "id": "way/1132688993", "@timestamp": "2026-02-10T23:36:17", "Площадь": 0.55, "Туман": "Яшнобод" }, "geometry": { "type": "Polygon", "coordinates": [ [ [ 69.2995156, 41.3111866 ], [ 69.2994221, 41.3110521 ], [ 69.299404, 41.3110179 ], [ 69.2993311, 41.3109154 ], [ 69.299192, 41.3107174 ], [ 69.2994717, 41.3106221 ], [ 69.299895, 41.3104385 ], [ 69.299986, 41.3104227 ], [ 69.3000738, 41.3104189 ], [ 69.3001769, 41.3104354 ], [ 69.3002479, 41.3104633 ], [ 69.3003129, 41.3104954 ], [ 69.3005433, 41.3108106 ], [ 69.2998952, 41.3110458 ], [ 69.2995156, 41.3111866 ] ] ] } },
{ "type": "Feature", "properties": { "id": "way/1133375360", "@timestamp": "2025-12-05T21:10:53", "Площадь": 0.02, "Туман": "Олмазор" }, "geometry": { "type": "Polygon", "coordinates": [ [ [ 69.2437706, 41.3376891 ], [ 69.2436344, 41.3376983 ], [ 69.2436112, 41.3375042 ], [ 69.2437474, 41.337495 ], [ 69.2437564, 41.3375916 ], [ 69.2437706, 41.3376891 ] ] ] } },
{ "type": "Feature", "properties": { "id": "way/1133786521", "@timestamp": "2023-01-20T11:24:11", "Площадь": 0.03, "Туман": "Олмазор" }, "geometry": { "type": "Polygon", "coordinates": [ [ [ 69.2434176, 41.3407684 ], [ 69.2436269, 41.3408124 ], [ 69.243607, 41.3409407 ], [ 69.2435163, 41.340956 ], [ 69.2434098, 41.3409562 ], [ 69.2434176, 41.3407684 ] ] ] } },
{ "type": "Feature", "properties": { "id": "way/1134431034", "@timestamp": "2025-09-21T12:18:52", "Площадь": 0.09, "Туман": "Олмазор" }, "geometry": { "type": "Polygon", "coordinates": [ [ [ 69.2366152, 41.3484748 ], [ 69.2365824, 41.3486426 ], [ 69.2361295, 41.3486764 ], [ 69.2360638, 41.3486271 ], [ 69.2361346, 41.3484996 ], [ 69.2360895, 41.3484871 ], [ 69.2361565, 41.34836 ], [ 69.2362397, 41.3483792 ], [ 69.2362196, 41.3484849 ], [ 69.2366152, 41.3484748 ] ] ] } },
{ "type": "Feature", "properties": { "id": "way/1135703348", "@timestamp": "2023-11-09T17:34:50", "Площадь": 0.03, "Туман": "Яккасарой" }, "geometry": { "type": "Polygon", "coordinates": [ [ [ 69.2421877, 41.2806721 ], [ 69.2425804, 41.2807595 ], [ 69.2425612, 41.2808185 ], [ 69.2424672, 41.2808023 ], [ 69.2424318, 41.2808775 ], [ 69.2421877, 41.2806721 ] ] ] } },
{ "type": "Feature", "properties": { "id": "way/1136430749", "@timestamp": "2023-01-30T11:24:28", "Площадь": 0.07, "Туман": "Олмазор" }, "geometry": { "type": "Polygon", "coordinates": [ [ [ 69.2333837, 41.3404147 ], [ 69.2339593, 41.3405005 ], [ 69.2339284, 41.3406173 ], [ 69.2333538, 41.3405324 ], [ 69.2333837, 41.3404147 ] ] ] } },
{ "type": "Feature", "properties": { "id": "way/1138317878", "@timestamp": "2023-02-06T13:15:06", "Площадь": 0.08, "Туман": "Юнусобод" }, "geometry": { "type": "Polygon", "coordinates": [ [ [ 69.2844532, 41.3227473 ], [ 69.2844177, 41.3226002 ], [ 69.2846497, 41.3225686 ], [ 69.2849831, 41.3225232 ], [ 69.2850186, 41.3226703 ], [ 69.2844532, 41.3227473 ] ] ] } },
{ "type": "Feature", "properties": { "id": "way/1138608790", "@timestamp": "2023-02-07T08:18:17", "Площадь": 0.02, "Туман": "Олмазор" }, "geometry": { "type": "Polygon", "coordinates": [ [ [ 69.2338791, 41.3308863 ], [ 69.2338347, 41.3309363 ], [ 69.2334874, 41.3307621 ], [ 69.2335318, 41.3307121 ], [ 69.2338791, 41.3308863 ] ] ] } },
{ "type": "Feature", "properties": { "id": "way/1144276497", "@timestamp": "2023-02-12T08:17:30", "Площадь": 0.11, "Туман": "Яшнобод" }, "geometry": { "type": "Polygon", "coordinates": [ [ [ 69.3186693, 41.3036458 ], [ 69.3187418, 41.3034526 ], [ 69.3193169, 41.3036124 ], [ 69.3193099, 41.3037547 ], [ 69.3191345, 41.3037424 ], [ 69.3186693, 41.3036458 ] ] ] } },
{ "type": "Feature", "properties": { "id": "way/1144276499", "@timestamp": "2025-08-27T15:22:10", "Площадь": 0.19, "Туман": "Яшнобод" }, "geometry": { "type": "Polygon", "coordinates": [ [ [ 69.3219934, 41.3045848 ], [ 69.3229778, 41.3047012 ], [ 69.322936, 41.3049006 ], [ 69.3219516, 41.3047842 ], [ 69.3219934, 41.3045848 ] ] ] } },
{ "type": "Feature", "properties": { "id": "way/1144584111", "@timestamp": "2023-02-13T05:13:47", "Площадь": 0.02, "Туман": "Мирзо Улуғбек" }, "geometry": { "type": "Polygon", "coordinates": [ [ [ 69.3911797, 41.3352983 ], [ 69.3910095, 41.3350859 ], [ 69.3910716, 41.3350883 ], [ 69.3911715, 41.3351229 ], [ 69.3912769, 41.3352544 ], [ 69.3911797, 41.3352983 ] ] ] } },
{ "type": "Feature", "properties": { "id": "way/1144617943", "@timestamp": "2023-02-13T08:02:34", "Площадь": 0.17, "Туман": "Олмазор" }, "geometry": { "type": "Polygon", "coordinates": [ [ [ 69.2532372, 41.3395139 ], [ 69.2539614, 41.3392864 ], [ 69.2540472, 41.3394727 ], [ 69.2539681, 41.3395643 ], [ 69.2538085, 41.3396166 ], [ 69.253716, 41.3396046 ], [ 69.253657, 41.3396207 ], [ 69.2536261, 41.339675 ], [ 69.2535027, 41.3397103 ], [ 69.2534129, 41.3396257 ], [ 69.253319, 41.3396569 ], [ 69.2532372, 41.3395139 ] ] ] } },
{ "type": "Feature", "properties": { "id": "way/1145079745", "@timestamp": "2023-02-14T09:57:10", "Площадь": 0.09, "Туман": "Олмазор" }, "geometry": { "type": "Polygon", "coordinates": [ [ [ 69.2317864, 41.325791 ], [ 69.2321094, 41.3260417 ], [ 69.2319907, 41.3261222 ], [ 69.2314786, 41.3259667 ], [ 69.2317864, 41.325791 ] ] ] } },
{ "type": "Feature", "properties": { "id": "way/1145579764", "@timestamp": "2025-04-08T22:53:07", "Площадь": 0.09, "Туман": "Олмазор" }, "geometry": { "type": "Polygon", "coordinates": [ [ [ 69.2244181, 41.3313326 ], [ 69.2247248, 41.3315429 ], [ 69.2243385, 41.3317715 ], [ 69.224239, 41.3316707 ], [ 69.2244181, 41.3313326 ] ] ] } },
{ "type": "Feature", "properties": { "id": "way/1146170677", "@timestamp": "2023-02-16T05:16:39", "Площадь": 0.06, "Туман": "Олмазор" }, "geometry": { "type": "Polygon", "coordinates": [ [ [ 69.222064, 41.331122 ], [ 69.2215034, 41.3314402 ], [ 69.2214251, 41.3313624 ], [ 69.2219857, 41.3310441 ], [ 69.222064, 41.331122 ] ] ] } },
{ "type": "Feature", "properties": { "id": "way/1146170678", "@timestamp": "2023-02-16T05:16:39", "Площадь": 0.03, "Туман": "Олмазор" }, "geometry": { "type": "Polygon", "coordinates": [ [ [ 69.2220938, 41.3317624 ], [ 69.2223658, 41.3320464 ], [ 69.2222872, 41.3320888 ], [ 69.2220152, 41.3318048 ], [ 69.2220938, 41.3317624 ] ] ] } },
{ "type": "Feature", "properties": { "id": "way/1147349439", "@timestamp": "2026-03-09T16:51:05", "Площадь": 0.03, "Туман": "Олмазор" }, "geometry": { "type": "Polygon", "coordinates": [ [ [ 69.2082251, 41.338775 ], [ 69.2083532, 41.3386953 ], [ 69.2085143, 41.3388533 ], [ 69.208391, 41.3389232 ], [ 69.2082251, 41.338775 ] ] ] } },
{ "type": "Feature", "properties": { "id": "way/1147920507", "@timestamp": "2023-02-20T12:06:37", "Площадь": 0.04, "Туман": "Олмазор" }, "geometry": { "type": "Polygon", "coordinates": [ [ [ 69.2199582, 41.3349802 ], [ 69.2198036, 41.3348263 ], [ 69.2199599, 41.3347377 ], [ 69.2201145, 41.3348916 ], [ 69.2199582, 41.3349802 ] ] ] } },
{ "type": "Feature", "properties": { "id": "way/1147920579", "@timestamp": "2023-02-20T12:06:37", "Площадь": 0.04, "Туман": "Олмазор" }, "geometry": { "type": "Polygon", "coordinates": [ [ [ 69.2154792, 41.3385254 ], [ 69.2151889, 41.3386502 ], [ 69.2151025, 41.3385475 ], [ 69.2153942, 41.3384197 ], [ 69.2154792, 41.3385254 ] ] ] } },
{ "type": "Feature", "properties": { "id": "way/1147920581", "@timestamp": "2023-02-20T12:06:37", "Площадь": 0.04, "Туман": "Олмазор" }, "geometry": { "type": "Polygon", "coordinates": [ [ [ 69.2158306, 41.3386517 ], [ 69.2159338, 41.3388938 ], [ 69.2157833, 41.33893 ], [ 69.21568, 41.3386879 ], [ 69.2158306, 41.3386517 ] ] ] } },
{ "type": "Feature", "properties": { "id": "way/1148745984", "@timestamp": "2024-12-08T13:32:50", "Площадь": 0.22, "Туман": "Яккасарой" }, "geometry": { "type": "Polygon", "coordinates": [ [ [ 69.2522863, 41.290782 ], [ 69.2518891, 41.290883 ], [ 69.2515106, 41.2907912 ], [ 69.2515547, 41.2906788 ], [ 69.2516855, 41.2903767 ], [ 69.2520274, 41.2904516 ], [ 69.2519783, 41.2906131 ], [ 69.252255, 41.2906027 ], [ 69.2522863, 41.290782 ] ] ] } },
{ "type": "Feature", "properties": { "id": "way/1149368657", "@timestamp": "2025-03-23T11:23:43", "Площадь": 0.08, "Туман": "Олмазор" }, "geometry": { "type": "Polygon", "coordinates": [ [ [ 69.2257799, 41.3602706 ], [ 69.2260627, 41.3602706 ], [ 69.2260626, 41.3605583 ], [ 69.2257799, 41.3605583 ], [ 69.2257799, 41.3602706 ] ] ] } },
{ "type": "Feature", "properties": { "id": "way/1149368658", "@timestamp": "2023-02-25T09:57:15", "Площадь": 0.07, "Туман": "Олмазор" }, "geometry": { "type": "Polygon", "coordinates": [ [ [ 69.2260582, 41.3600147 ], [ 69.2260575, 41.3602598 ], [ 69.2257748, 41.3602593 ], [ 69.2257755, 41.3599599 ], [ 69.2260582, 41.3600147 ] ] ] } },
{ "type": "Feature", "properties": { "id": "way/1149889099", "@timestamp": "2026-02-11T01:58:26", "Площадь": 0.14, "Туман": "Олмазор" }, "geometry": { "type": "Polygon", "coordinates": [ [ [ 69.2026249, 41.3485523 ], [ 69.2026101, 41.3492178 ], [ 69.2023848, 41.3492149 ], [ 69.2023996, 41.3485495 ], [ 69.2026249, 41.3485523 ] ] ] } },
{ "type": "Feature", "properties": { "id": "way/1149999228", "@timestamp": "2025-03-23T19:20:41", "Площадь": 0.57, "Туман": "Яшнобод" }, "geometry": { "type": "Polygon", "coordinates": [ [ [ 69.2975741, 41.30059 ], [ 69.2975419, 41.2999134 ], [ 69.2974829, 41.299452 ], [ 69.297389, 41.2990066 ], [ 69.2972602, 41.2986016 ], [ 69.2973286, 41.2985575 ], [ 69.2978143, 41.299455 ], [ 69.297885, 41.2996058 ], [ 69.2979917, 41.2997386 ], [ 69.2981347, 41.2998895 ], [ 69.2980148, 41.3000483 ], [ 69.2977285, 41.3005935 ], [ 69.2976603, 41.3005919 ], [ 69.2975741, 41.30059 ] ] ] } },
{ "type": "Feature", "properties": { "id": "way/1150140488", "@timestamp": "2023-02-28T11:37:44", "Площадь": 0.06, "Туман": "Олмазор" }, "geometry": { "type": "Polygon", "coordinates": [ [ [ 69.2157963, 41.3675087 ], [ 69.2157976, 41.3676958 ], [ 69.2154758, 41.367697 ], [ 69.2154745, 41.3675099 ], [ 69.2157963, 41.3675087 ] ] ] } },
{ "type": "Feature", "properties": { "id": "way/1150140923", "@timestamp": "2023-03-12T18:21:51", "Площадь": 0.18, "Туман": "Чилонзор" }, "geometry": { "type": "Polygon", "coordinates": [ [ [ 69.1666279, 41.2380959 ], [ 69.1661882, 41.2373509 ], [ 69.1662214, 41.2373337 ], [ 69.166262, 41.2373128 ], [ 69.1670486, 41.2380995 ], [ 69.1669351, 41.2380861 ], [ 69.1668391, 41.2380828 ], [ 69.1667344, 41.2380887 ], [ 69.1666279, 41.2380959 ] ] ] } },
{ "type": "Feature", "properties": { "id": "way/1150140924", "@timestamp": "2026-03-09T06:45:46", "Площадь": 0.19, "Туман": "Чилонзор" }, "geometry": { "type": "Polygon", "coordinates": [ [ [ 69.1668427, 41.2407468 ], [ 69.1669, 41.2401306 ], [ 69.1668906, 41.2397924 ], [ 69.1669108, 41.2396504 ], [ 69.166952, 41.2395143 ], [ 69.1672363, 41.2395769 ], [ 69.167194, 41.2397971 ], [ 69.1668427, 41.2407468 ] ] ] } },
{ "type": "Feature", "properties": { "id": "way/1150140929", "@timestamp": "2023-04-18T10:47:51", "Площадь": 0.22, "Туман": "Чилонзор" }, "geometry": { "type": "Polygon", "coordinates": [ [ [ 69.1695501, 41.2419216 ], [ 69.1694133, 41.2416251 ], [ 69.1694763, 41.2415999 ], [ 69.1695393, 41.2415747 ], [ 69.1696952, 41.2414476 ], [ 69.1697121, 41.2413809 ], [ 69.1699206, 41.2414529 ], [ 69.1701036, 41.24153 ], [ 69.1702779, 41.2416098 ], [ 69.1699873, 41.2417622 ], [ 69.1695501, 41.2419216 ] ] ] } },
{ "type": "Feature", "properties": { "id": "way/1150245072", "@timestamp": "2026-02-03T16:54:21", "Площадь": 0.1, "Туман": "Чилонзор" }, "geometry": { "type": "Polygon", "coordinates": [ [ [ 69.2364992, 41.3019395 ], [ 69.2363099, 41.3019409 ], [ 69.2361848, 41.3014068 ], [ 69.2363813, 41.3014014 ], [ 69.2364988, 41.3019377 ], [ 69.2364992, 41.3019395 ] ] ] } },
{ "type": "Feature", "properties": { "id": "way/1150710132", "@timestamp": "2023-03-02T13:39:57", "Площадь": 0.03, "Туман": "Олмазор" }, "geometry": { "type": "Polygon", "coordinates": [ [ [ 69.1805515, 41.3599653 ], [ 69.1806364, 41.3600137 ], [ 69.1805613, 41.3602226 ], [ 69.1803986, 41.3601128 ], [ 69.1805515, 41.3599653 ] ] ] } },
{ "type": "Feature", "properties": { "id": "way/1155599438", "@timestamp": "2026-04-09T19:41:31", "Площадь": 1.31, "Туман": "Чилонзор" }, "geometry": { "type": "Polygon", "coordinates": [ [ [ 69.1747129, 41.245511 ], [ 69.1753051, 41.2459068 ], [ 69.1753869, 41.2460489 ], [ 69.1756269, 41.2462032 ], [ 69.1764973, 41.2467417 ], [ 69.1767458, 41.2468957 ], [ 69.1768697, 41.246974 ], [ 69.1775857, 41.2474918 ], [ 69.1774593, 41.2475944 ], [ 69.177361, 41.2475302 ], [ 69.1773221, 41.2475564 ], [ 69.176437, 41.2470018 ], [ 69.1764007, 41.247023 ], [ 69.1762331, 41.2469212 ], [ 69.1751267, 41.2464977 ], [ 69.1740629, 41.2456409 ], [ 69.1742467, 41.2456031 ], [ 69.1747129, 41.245511 ] ] ] } },
{ "type": "Feature", "properties": { "id": "way/1155599439", "@timestamp": "2023-03-19T18:30:08", "Площадь": 0.24, "Туман": "Чилонзор" }, "geometry": { "type": "Polygon", "coordinates": [ [ [ 69.1740004, 41.2449958 ], [ 69.1747129, 41.245511 ], [ 69.1742467, 41.2456031 ], [ 69.1737333, 41.2451717 ], [ 69.1740004, 41.2449958 ] ] ] } },
{ "type": "Feature", "properties": { "id": "way/1155599453", "@timestamp": "2024-10-13T08:34:49", "Площадь": 0.27, "Туман": "Чилонзор" }, "geometry": { "type": "Polygon", "coordinates": [ [ [ 69.1711645, 41.2423876 ], [ 69.1709561, 41.2425313 ], [ 69.1701371, 41.2418066 ], [ 69.1703595, 41.2416767 ], [ 69.1704864, 41.2417353 ], [ 69.1706044, 41.2418382 ], [ 69.1711645, 41.2423876 ] ] ] } },
{ "type": "Feature", "properties": { "id": "way/1155599455", "@timestamp": "2024-10-13T08:34:49", "Площадь": 0.9, "Туман": "Чилонзор" }, "geometry": { "type": "Polygon", "coordinates": [ [ [ 69.1707146, 41.2438122 ], [ 69.1700168, 41.2432153 ], [ 69.1709396, 41.2426166 ], [ 69.1712973, 41.2429269 ], [ 69.1716321, 41.2432277 ], [ 69.1707146, 41.2438122 ] ] ] } },
{ "type": "Feature", "properties": { "id": "way/1157275882", "@timestamp": "2025-02-03T21:06:57", "Площадь": 0.02, "Туман": "Шайхонтоҳур" }, "geometry": { "type": "Polygon", "coordinates": [ [ [ 69.2320226, 41.3167179 ], [ 69.2314896, 41.3170339 ], [ 69.2314606, 41.3170064 ], [ 69.2319937, 41.3166903 ], [ 69.2320226, 41.3167179 ] ] ] } },
{ "type": "Feature", "properties": { "id": "way/1159453748", "@timestamp": "2023-04-03T17:39:59", "Площадь": 0.04, "Туман": "Шайхонтоҳур" }, "geometry": { "type": "Polygon", "coordinates": [ [ [ 69.2365204, 41.3134267 ], [ 69.236784, 41.3134159 ], [ 69.2368034, 41.3135281 ], [ 69.2367129, 41.3135925 ], [ 69.2365334, 41.3136061 ], [ 69.2365204, 41.3134267 ] ] ] } },
{ "type": "Feature", "properties": { "id": "way/1160148706", "@timestamp": "2023-04-06T09:02:07", "Площадь": 0.06, "Туман": "Яшнобод" }, "geometry": { "type": "Polygon", "coordinates": [ [ [ 69.3255787, 41.2794619 ], [ 69.325723, 41.2793398 ], [ 69.3259394, 41.2794844 ], [ 69.3260334, 41.2795471 ], [ 69.3258892, 41.2796691 ], [ 69.3255787, 41.2794619 ] ] ] } },
{ "type": "Feature", "properties": { "id": "way/1160148725", "@timestamp": "2023-04-06T09:02:07", "Площадь": 0.06, "Туман": "Яшнобод" }, "geometry": { "type": "Polygon", "coordinates": [ [ [ 69.3294339, 41.2799147 ], [ 69.3296331, 41.2797441 ], [ 69.3298553, 41.2798906 ], [ 69.3296561, 41.2800613 ], [ 69.3294339, 41.2799147 ] ] ] } },
{ "type": "Feature", "properties": { "id": "way/1160165191", "@timestamp": "2023-04-06T10:19:33", "Площадь": 0.18, "Туман": "Чилонзор" }, "geometry": { "type": "Polygon", "coordinates": [ [ [ 69.1918223, 41.2706786 ], [ 69.1907203, 41.2710373 ], [ 69.190637, 41.2708928 ], [ 69.1917391, 41.2705342 ], [ 69.1918223, 41.2706786 ] ] ] } },
{ "type": "Feature", "properties": { "id": "way/1162951890", "@timestamp": "2025-04-02T13:59:15", "Площадь": 0.16, "Туман": "Учтепа" }, "geometry": { "type": "Polygon", "coordinates": [ [ [ 69.18673, 41.2863959 ], [ 69.1866144, 41.2862941 ], [ 69.187464, 41.2857491 ], [ 69.1875299, 41.2857735 ], [ 69.1875866, 41.2857379 ], [ 69.1875422, 41.2856989 ], [ 69.1875924, 41.2856666 ], [ 69.187708, 41.2857683 ], [ 69.18673, 41.2863959 ] ] ] } },
{ "type": "Feature", "properties": { "id": "way/1162981105", "@timestamp": "2023-04-16T08:33:39", "Площадь": 0.06, "Туман": "Бектемир" }, "geometry": { "type": "Polygon", "coordinates": [ [ [ 69.3021508, 41.2157579 ], [ 69.3025933, 41.2160868 ], [ 69.3024922, 41.2161464 ], [ 69.3020381, 41.2158376 ], [ 69.3021508, 41.2157579 ] ] ] } },
{ "type": "Feature", "properties": { "id": "way/1164521559", "@timestamp": "2023-04-21T18:21:43", "Площадь": 0.21, "Туман": "Чилонзор" }, "geometry": { "type": "Polygon", "coordinates": [ [ [ 69.1967186, 41.2547957 ], [ 69.1968112, 41.2545571 ], [ 69.1977248, 41.2545466 ], [ 69.1977296, 41.2547842 ], [ 69.1967186, 41.2547957 ] ] ] } },
{ "type": "Feature", "properties": { "id": "way/1164707239", "@timestamp": "2025-11-12T14:37:39", "Площадь": 0.17, "Туман": "Миробод" }, "geometry": { "type": "Polygon", "coordinates": [ [ [ 69.2842863, 41.2897988 ], [ 69.2843621, 41.2897263 ], [ 69.2848154, 41.2899666 ], [ 69.2848806, 41.2899874 ], [ 69.284747, 41.2903558 ], [ 69.2848172, 41.2904163 ], [ 69.2846621, 41.2905658 ], [ 69.2844067, 41.2904107 ], [ 69.2845541, 41.2902691 ], [ 69.2847117, 41.2900721 ], [ 69.2842863, 41.2897988 ] ] ] } },
{ "type": "Feature", "properties": { "id": "way/1174631946", "@timestamp": "2023-05-20T20:43:08", "Площадь": 0.16, "Туман": "Сергели" }, "geometry": { "type": "Polygon", "coordinates": [ [ [ 69.2491426, 41.256662 ], [ 69.2491689, 41.2565034 ], [ 69.2492036, 41.2562944 ], [ 69.2500402, 41.2563724 ], [ 69.249362, 41.2566162 ], [ 69.2492843, 41.25667 ], [ 69.2491426, 41.256662 ] ] ] } },
{ "type": "Feature", "properties": { "id": "way/1175578920", "@timestamp": "2023-05-24T10:31:20", "Площадь": 0.03, "Туман": "Яшнобод" }, "geometry": { "type": "Polygon", "coordinates": [ [ [ 69.3151665, 41.2740613 ], [ 69.3153238, 41.2738429 ], [ 69.3154407, 41.2738905 ], [ 69.3152835, 41.2741089 ], [ 69.3151665, 41.2740613 ] ] ] } },
{ "type": "Feature", "properties": { "id": "way/1178307495", "@timestamp": "2023-06-02T13:12:31", "Площадь": 0.02, "Туман": "Миробод" }, "geometry": { "type": "Polygon", "coordinates": [ [ [ 69.2998578, 41.2818823 ], [ 69.299902, 41.2819157 ], [ 69.2995829, 41.2821546 ], [ 69.2995387, 41.2821213 ], [ 69.2998578, 41.2818823 ] ] ] } },
{ "type": "Feature", "properties": { "id": "way/1178307496", "@timestamp": "2023-06-02T13:12:31", "Площадь": 0.05, "Туман": "Миробод" }, "geometry": { "type": "Polygon", "coordinates": [ [ [ 69.2999738, 41.2821412 ], [ 69.2996755, 41.2823783 ], [ 69.2995665, 41.2823009 ], [ 69.2998648, 41.2820638 ], [ 69.2999738, 41.2821412 ] ] ] } },
{ "type": "Feature", "properties": { "id": "way/1178307504", "@timestamp": "2023-06-02T13:12:31", "Площадь": 0.04, "Туман": "Миробод" }, "geometry": { "type": "Polygon", "coordinates": [ [ [ 69.2984205, 41.2808275 ], [ 69.2984674, 41.2807911 ], [ 69.2990379, 41.2812067 ], [ 69.298991, 41.281243 ], [ 69.2984205, 41.2808275 ] ] ] } },
{ "type": "Feature", "properties": { "id": "way/1178307511", "@timestamp": "2023-06-02T13:12:31", "Площадь": 0.04, "Туман": "Миробод" }, "geometry": { "type": "Polygon", "coordinates": [ [ [ 69.3013541, 41.2810044 ], [ 69.3007694, 41.2814538 ], [ 69.3007226, 41.2814194 ], [ 69.3013073, 41.28097 ], [ 69.3013541, 41.2810044 ] ] ] } },
{ "type": "Feature", "properties": { "id": "way/1178307517", "@timestamp": "2023-06-02T13:12:31", "Площадь": 0.08, "Туман": "Миробод" }, "geometry": { "type": "Polygon", "coordinates": [ [ [ 69.3028039, 41.2819184 ], [ 69.3029889, 41.2817723 ], [ 69.3032625, 41.2819618 ], [ 69.3031539, 41.2821694 ], [ 69.3028039, 41.2819184 ] ] ] } },
{ "type": "Feature", "properties": { "id": "way/1178307524", "@timestamp": "2023-06-02T13:12:31", "Площадь": 0.08, "Туман": "Миробод" }, "geometry": { "type": "Polygon", "coordinates": [ [ [ 69.301589, 41.2807861 ], [ 69.3024378, 41.2814029 ], [ 69.3023693, 41.2814562 ], [ 69.3015205, 41.2808394 ], [ 69.301589, 41.2807861 ] ] ] } },
{ "type": "Feature", "properties": { "id": "way/1178307526", "@timestamp": "2023-06-02T13:12:31", "Площадь": 0.08, "Туман": "Миробод" }, "geometry": { "type": "Polygon", "coordinates": [ [ [ 69.3005509, 41.2801349 ], [ 69.3006194, 41.2800816 ], [ 69.3014906, 41.2807146 ], [ 69.301422, 41.2807679 ], [ 69.3005509, 41.2801349 ] ] ] } },
{ "type": "Feature", "properties": { "id": "way/1180464222", "@timestamp": "2025-05-20T18:07:22", "Площадь": 0.1, "Туман": "Шайхонтоҳур" }, "geometry": { "type": "Polygon", "coordinates": [ [ [ 69.2381056, 41.3137345 ], [ 69.2378395, 41.3137575 ], [ 69.2377311, 41.3137825 ], [ 69.2377384, 41.3138893 ], [ 69.2376649, 41.313909 ], [ 69.2374765, 41.3139594 ], [ 69.2374451, 41.3139244 ], [ 69.237527, 41.3138577 ], [ 69.2374775, 41.3138282 ], [ 69.237733, 41.3136124 ], [ 69.237776, 41.3136499 ], [ 69.2379395, 41.3135313 ], [ 69.2381437, 41.3137067 ], [ 69.2381056, 41.3137345 ] ] ] } },
{ "type": "Feature", "properties": { "id": "way/1180464223", "@timestamp": "2023-06-08T14:07:40", "Площадь": 0.01, "Туман": "Шайхонтоҳур" }, "geometry": { "type": "Polygon", "coordinates": [ [ [ 69.2369752, 41.3147433 ], [ 69.237015, 41.3146679 ], [ 69.2369163, 41.3146386 ], [ 69.2369336, 41.3146058 ], [ 69.237083, 41.3146502 ], [ 69.237026, 41.3147583 ], [ 69.2369752, 41.3147433 ] ] ] } },
{ "type": "Feature", "properties": { "id": "way/1183910610", "@timestamp": "2025-06-08T14:16:14", "Площадь": 0.01, "Туман": "Юнусобод" }, "geometry": { "type": "Polygon", "coordinates": [ [ [ 69.2719052, 41.3151262 ], [ 69.2719649, 41.3151102 ], [ 69.2720786, 41.3153494 ], [ 69.272019, 41.3153654 ], [ 69.2719052, 41.3151262 ] ] ] } },
{ "type": "Feature", "properties": { "id": "way/1183926781", "@timestamp": "2023-10-21T20:42:10", "Площадь": 0.03, "Туман": "Юнусобод" }, "geometry": { "type": "Polygon", "coordinates": [ [ [ 69.2698368, 41.3228319 ], [ 69.2698058, 41.3228086 ], [ 69.2697996, 41.3227922 ], [ 69.2697921, 41.3227721 ], [ 69.2702164, 41.3226908 ], [ 69.2702226, 41.3227144 ], [ 69.2702367, 41.3227606 ], [ 69.2698368, 41.3228319 ] ] ] } },
{ "type": "Feature", "properties": { "id": "way/1184394314", "@timestamp": "2024-09-26T23:25:15", "Площадь": 0.43, "Туман": "Чилонзор" }, "geometry": { "type": "Polygon", "coordinates": [ [ [ 69.1993555, 41.2541445 ], [ 69.1993471, 41.2538311 ], [ 69.2008208, 41.2538088 ], [ 69.2008292, 41.254122 ], [ 69.1993555, 41.2541445 ] ] ] } },
{ "type": "Feature", "properties": { "id": "way/1185039864", "@timestamp": "2023-06-26T13:18:44", "Площадь": 0.32, "Туман": "Сергели" }, "geometry": { "type": "Polygon", "coordinates": [ [ [ 69.2508261, 41.2526461 ], [ 69.2509756, 41.2527998 ], [ 69.2517432, 41.2523457 ], [ 69.2517571, 41.2523622 ], [ 69.2520522, 41.2521943 ], [ 69.2520062, 41.2521501 ], [ 69.2521157, 41.252079 ], [ 69.2522025, 41.2521575 ], [ 69.2523089, 41.2520948 ], [ 69.2522591, 41.2520494 ], [ 69.2524708, 41.251929 ], [ 69.2526264, 41.2520414 ], [ 69.2523692, 41.2521973 ], [ 69.2520283, 41.2523951 ], [ 69.2516355, 41.25259 ], [ 69.2514262, 41.2527144 ], [ 69.2509075, 41.2529735 ], [ 69.2506746, 41.2527339 ], [ 69.2507844, 41.2526712 ], [ 69.2508261, 41.2526461 ] ] ] } },
{ "type": "Feature", "properties": { "id": "way/1186827603", "@timestamp": "2026-02-02T23:03:46", "Площадь": 0.66, "Туман": "Чилонзор" }, "geometry": { "type": "Polygon", "coordinates": [ [ [ 69.2391506, 41.2988373 ], [ 69.2391538, 41.2988348 ], [ 69.2391533, 41.2988309 ], [ 69.2391009, 41.2987888 ], [ 69.2390654, 41.2987602 ], [ 69.2390688, 41.2985235 ], [ 69.2390608, 41.2984791 ], [ 69.2390588, 41.2984681 ], [ 69.2395301, 41.298393 ], [ 69.2395904, 41.2983833 ], [ 69.2396268, 41.298361 ], [ 69.2399743, 41.2986998 ], [ 69.240264, 41.2989818 ], [ 69.2402848, 41.2990438 ], [ 69.2402841, 41.2990952 ], [ 69.24025, 41.2991467 ], [ 69.2401172, 41.2992415 ], [ 69.2400937, 41.2992125 ], [ 69.2400594, 41.2991857 ], [ 69.2398839, 41.2992895 ], [ 69.2398382, 41.2993055 ], [ 69.2398216, 41.2993079 ], [ 69.2397769, 41.2993102 ], [ 69.2397293, 41.2993096 ], [ 69.2397203, 41.2993088 ], [ 69.2396892, 41.2993062 ], [ 69.2396764, 41.2992891 ], [ 69.2394754, 41.2990714 ], [ 69.2393135, 41.2990392 ], [ 69.2391032, 41.2988494 ], [ 69.239098, 41.2988284 ], [ 69.2391506, 41.2988373 ] ] ] } },
{ "type": "Feature", "properties": { "id": "way/1188713745", "@timestamp": "2023-12-31T10:31:14", "Площадь": 0.14, "Туман": "Чилонзор" }, "geometry": { "type": "Polygon", "coordinates": [ [ [ 69.1933706, 41.2583425 ], [ 69.1932683, 41.25828 ], [ 69.1933871, 41.2581917 ], [ 69.193738, 41.2579138 ], [ 69.1938589, 41.257812 ], [ 69.1939617, 41.257827 ], [ 69.1939978, 41.257926 ], [ 69.193978, 41.2580182 ], [ 69.1938553, 41.2581213 ], [ 69.1938011, 41.2581742 ], [ 69.1937272, 41.2582149 ], [ 69.1936471, 41.2582465 ], [ 69.1935619, 41.2581929 ], [ 69.1934547, 41.2582703 ], [ 69.1935252, 41.2583687 ], [ 69.1934538, 41.2583961 ], [ 69.1933706, 41.2583425 ] ] ] } },
{ "type": "Feature", "properties": { "id": "way/1190000571", "@timestamp": "2023-07-16T15:16:23", "Площадь": 0.22, "Туман": "Сергели" }, "geometry": { "type": "Polygon", "coordinates": [ [ [ 69.2857718, 41.2441421 ], [ 69.2857782, 41.2438433 ], [ 69.2858352, 41.2437612 ], [ 69.2863607, 41.2437728 ], [ 69.2864604, 41.2441373 ], [ 69.2857718, 41.2441421 ] ] ] } },
{ "type": "Feature", "properties": { "id": "way/1190057441", "@timestamp": "2023-07-16T23:08:54", "Площадь": 0.17, "Туман": "Мирзо Улуғбек" }, "geometry": { "type": "Polygon", "coordinates": [ [ [ 69.402567, 41.3589968 ], [ 69.4030216, 41.3591121 ], [ 69.4028871, 41.3593898 ], [ 69.4028477, 41.3594745 ], [ 69.4028361, 41.3595041 ], [ 69.4023756, 41.3592617 ], [ 69.402567, 41.3589968 ] ] ] } },
{ "type": "Feature", "properties": { "id": "way/1193235646", "@timestamp": "2025-03-12T19:08:41", "Площадь": 0.25, "Туман": "Чилонзор" }, "geometry": { "type": "Polygon", "coordinates": [ [ [ 69.1837779, 41.2548814 ], [ 69.1836081, 41.2548662 ], [ 69.1833669, 41.2548436 ], [ 69.1831469, 41.2545979 ], [ 69.1828084, 41.2545311 ], [ 69.1827176, 41.2545132 ], [ 69.1833098, 41.2545635 ], [ 69.1838951, 41.2545841 ], [ 69.18385, 41.2547948 ], [ 69.1839458, 41.2547944 ], [ 69.1841174, 41.2545919 ], [ 69.1844572, 41.2546039 ], [ 69.1841765, 41.2547779 ], [ 69.1839907, 41.2549011 ], [ 69.1838288, 41.2548861 ], [ 69.1837779, 41.2548814 ] ] ] } },
{ "type": "Feature", "properties": { "id": "way/1194257388", "@timestamp": "2025-06-22T18:41:50", "Площадь": 0.07, "Туман": "Чилонзор" }, "geometry": { "type": "Polygon", "coordinates": [ [ [ 69.2211795, 41.2885227 ], [ 69.221245, 41.2884811 ], [ 69.2213685, 41.2884028 ], [ 69.2216023, 41.2885271 ], [ 69.2214624, 41.2887155 ], [ 69.2214042, 41.2887514 ], [ 69.2211795, 41.2885227 ] ] ] } },
{ "type": "Feature", "properties": { "id": "way/1198213198", "@timestamp": "2026-04-06T18:38:29", "Площадь": 0.16, "Туман": "Чилонзор" }, "geometry": { "type": "Polygon", "coordinates": [ [ [ 69.2036297, 41.2727626 ], [ 69.2036952, 41.2727391 ], [ 69.203755, 41.2727176 ], [ 69.2043559, 41.2736545 ], [ 69.2045259, 41.2738561 ], [ 69.2045563, 41.2739544 ], [ 69.2045525, 41.2739956 ], [ 69.2045327, 41.2740197 ], [ 69.204516, 41.2740359 ], [ 69.2045099, 41.2740281 ], [ 69.2041, 41.2734609 ], [ 69.2038897, 41.2731678 ], [ 69.2037328, 41.2729411 ], [ 69.2036582, 41.2728208 ], [ 69.2036297, 41.2727626 ] ] ] } },
{ "type": "Feature", "properties": { "id": "way/1198213218", "@timestamp": "2025-04-09T17:12:04", "Площадь": 0.13, "Туман": "Чилонзор" }, "geometry": { "type": "Polygon", "coordinates": [ [ [ 69.1984287, 41.2789259 ], [ 69.1985252, 41.2788441 ], [ 69.198672, 41.2789809 ], [ 69.1987219, 41.2789635 ], [ 69.1987886, 41.2790149 ], [ 69.1991307, 41.2793528 ], [ 69.1990303, 41.2794159 ], [ 69.1989882, 41.2794424 ], [ 69.1989119, 41.2794033 ], [ 69.1987626, 41.2792674 ], [ 69.1984287, 41.2789259 ] ] ] } },
{ "type": "Feature", "properties": { "id": "way/1199608320", "@timestamp": "2023-08-18T19:59:55", "Площадь": 0.18, "Туман": "Яшнобод" }, "geometry": { "type": "Polygon", "coordinates": [ [ [ 69.3279754, 41.3112617 ], [ 69.3281132, 41.3110931 ], [ 69.3289977, 41.3115009 ], [ 69.3288039, 41.3116437 ], [ 69.3279754, 41.3112617 ] ] ] } },
{ "type": "Feature", "properties": { "id": "way/1205846122", "@timestamp": "2025-08-04T08:12:54", "Площадь": 0.11, "Туман": "Шайхонтоҳур" }, "geometry": { "type": "Polygon", "coordinates": [ [ [ 69.2703331, 41.3314382 ], [ 69.270474, 41.3313386 ], [ 69.2710104, 41.3317706 ], [ 69.2708486, 41.3318933 ], [ 69.2707152, 41.3317941 ], [ 69.2707629, 41.3317579 ], [ 69.2703331, 41.3314382 ] ] ] } },
{ "type": "Feature", "properties": { "id": "way/1206115421", "@timestamp": "2026-01-09T02:42:49", "Площадь": 0.27, "Туман": "Шайхонтоҳур" }, "geometry": { "type": "Polygon", "coordinates": [ [ [ 69.2682754, 41.331671 ], [ 69.2681911, 41.3309995 ], [ 69.26877, 41.331243 ], [ 69.2687859, 41.3316542 ], [ 69.2682754, 41.331671 ] ] ] } },
{ "type": "Feature", "properties": { "id": "way/1206789939", "@timestamp": "2023-09-11T07:10:55", "Площадь": 0.06, "Туман": "Шайхонтоҳур" }, "geometry": { "type": "Polygon", "coordinates": [ [ [ 69.2640138, 41.3317192 ], [ 69.2639882, 41.3314962 ], [ 69.2642751, 41.3314776 ], [ 69.2643007, 41.3317006 ], [ 69.2640138, 41.3317192 ] ] ] } },
{ "type": "Feature", "properties": { "id": "way/1207501818", "@timestamp": "2023-09-13T16:48:01", "Площадь": 0.09, "Туман": "Мирзо Улуғбек" }, "geometry": { "type": "Polygon", "coordinates": [ [ [ 69.40533, 41.3617138 ], [ 69.4054731, 41.3615783 ], [ 69.4056265, 41.3616696 ], [ 69.4057263, 41.361729 ], [ 69.4059125, 41.3618398 ], [ 69.4057693, 41.3619753 ], [ 69.40533, 41.3617138 ] ] ] } },
{ "type": "Feature", "properties": { "id": "way/1210304546", "@timestamp": "2025-12-01T00:31:06", "Площадь": 0.15, "Туман": "Яккасарой" }, "geometry": { "type": "Polygon", "coordinates": [ [ [ 69.2640883, 41.3020993 ], [ 69.2645704, 41.3016628 ], [ 69.2646186, 41.3016603 ], [ 69.2647659, 41.3017218 ], [ 69.2646846, 41.301817 ], [ 69.2646535, 41.3018528 ], [ 69.2647132, 41.301882 ], [ 69.2644773, 41.3020993 ], [ 69.2644224, 41.3020681 ], [ 69.264234, 41.3022251 ], [ 69.2641973, 41.3021941 ], [ 69.2640883, 41.3020993 ] ] ] } },
{ "type": "Feature", "properties": { "id": "way/1210764547", "@timestamp": "2023-09-25T13:35:47", "Площадь": 0.13, "Туман": "Олмазор" }, "geometry": { "type": "Polygon", "coordinates": [ [ [ 69.2282228, 41.3477974 ], [ 69.2282348, 41.3475902 ], [ 69.2282821, 41.3474384 ], [ 69.2283555, 41.3472421 ], [ 69.2284251, 41.3472435 ], [ 69.2284326, 41.3473621 ], [ 69.228506, 41.3473678 ], [ 69.2285323, 41.3475697 ], [ 69.2285162, 41.347847 ], [ 69.2282228, 41.3477974 ] ] ] } },
{ "type": "Feature", "properties": { "id": "way/1210807311", "@timestamp": "2026-02-05T18:26:13", "Площадь": 0.72, "Туман": "Яккасарой" }, "geometry": { "type": "Polygon", "coordinates": [ [ [ 69.2272013, 41.2600192 ], [ 69.2272209, 41.2599992 ], [ 69.2274117, 41.2597638 ], [ 69.2278799, 41.2599572 ], [ 69.2279189, 41.2599217 ], [ 69.2281085, 41.2600067 ], [ 69.2280612, 41.2600685 ], [ 69.2281556, 41.2601093 ], [ 69.2282295, 41.2600143 ], [ 69.2282579, 41.2600269 ], [ 69.2282497, 41.2600379 ], [ 69.2282228, 41.2600728 ], [ 69.2282853, 41.2601001 ], [ 69.2283123, 41.2600652 ], [ 69.2283204, 41.2600546 ], [ 69.2283959, 41.2600854 ], [ 69.228807, 41.2602705 ], [ 69.2297287, 41.2607045 ], [ 69.2296065, 41.2608665 ], [ 69.2291632, 41.2607061 ], [ 69.2287994, 41.2605923 ], [ 69.2285278, 41.2605153 ], [ 69.2281075, 41.2604105 ], [ 69.2272013, 41.2600192 ] ] ] } },
{ "type": "Feature", "properties": { "id": "way/1210861443", "@timestamp": "2023-09-25T21:32:56", "Площадь": 0.13, "Туман": "Янгиҳает" }, "geometry": { "type": "Polygon", "coordinates": [ [ [ 69.1999772, 41.2193336 ], [ 69.2001656, 41.2191994 ], [ 69.2003943, 41.2193997 ], [ 69.2005206, 41.2194973 ], [ 69.2007459, 41.2196372 ], [ 69.201043, 41.2198041 ], [ 69.2009883, 41.2198786 ], [ 69.2004848, 41.219677 ], [ 69.2004404, 41.2195191 ], [ 69.1999772, 41.2193336 ] ] ] } },
{ "type": "Feature", "properties": { "id": "way/1211542627", "@timestamp": "2023-09-28T09:54:28", "Площадь": 1.07, "Туман": "Сергели" }, "geometry": { "type": "Polygon", "coordinates": [ [ [ 69.2581039, 41.2158995 ], [ 69.2590388, 41.2146115 ], [ 69.2597276, 41.2149002 ], [ 69.2587879, 41.2161771 ], [ 69.2581039, 41.2158995 ] ] ] } },
{ "type": "Feature", "properties": { "id": "way/1211745213", "@timestamp": "2023-10-01T16:58:20", "Площадь": 0.08, "Туман": "Мирзо Улуғбек" }, "geometry": { "type": "Polygon", "coordinates": [ [ [ 69.3459107, 41.3505446 ], [ 69.3459162, 41.3504222 ], [ 69.3466376, 41.350428 ], [ 69.3466278, 41.3505088 ], [ 69.3466222, 41.3505554 ], [ 69.3459107, 41.3505446 ] ] ] } },
{ "type": "Feature", "properties": { "id": "way/1211998947", "@timestamp": "2023-09-30T07:20:45", "Площадь": 0.04, "Туман": "Шайхонтоҳур" }, "geometry": { "type": "Polygon", "coordinates": [ [ [ 69.2627129, 41.331131 ], [ 69.262678, 41.3307837 ], [ 69.2627973, 41.330777 ], [ 69.2628322, 41.3311243 ], [ 69.2627129, 41.331131 ] ] ] } },
{ "type": "Feature", "properties": { "id": "way/1214411507", "@timestamp": "2026-04-09T19:41:31", "Площадь": 0.34, "Туман": "Чилонзор" }, "geometry": { "type": "Polygon", "coordinates": [ [ [ 69.178146, 41.2487716 ], [ 69.1783609, 41.24858 ], [ 69.1785571, 41.248699 ], [ 69.1791531, 41.2490606 ], [ 69.1790387, 41.2491316 ], [ 69.1790057, 41.2491511 ], [ 69.178796, 41.2492443 ], [ 69.1785547, 41.2493153 ], [ 69.1783738, 41.2493149 ], [ 69.1783403, 41.2491521 ], [ 69.1783564, 41.2489153 ], [ 69.178146, 41.2487716 ] ] ] } },
{ "type": "Feature", "properties": { "id": "way/1214867596", "@timestamp": "2026-07-19T21:15:47", "Площадь": 0.16, "Туман": "Сергели" }, "geometry": { "type": "Polygon", "coordinates": [ [ [ 69.2588729, 41.2194545 ], [ 69.2591956, 41.2189846 ], [ 69.2594599, 41.2190872 ], [ 69.2591891, 41.2194817 ], [ 69.259325, 41.2195345 ], [ 69.2592732, 41.21961 ], [ 69.2588729, 41.2194545 ] ] ] } },
{ "type": "Feature", "properties": { "id": "way/1214882147", "@timestamp": "2023-10-11T18:56:46", "Площадь": 0.17, "Туман": "Сергели" }, "geometry": { "type": "Polygon", "coordinates": [ [ [ 69.2590723, 41.2170966 ], [ 69.2591694, 41.2169578 ], [ 69.2593664, 41.2166928 ], [ 69.2597257, 41.2168354 ], [ 69.2594273, 41.2172314 ], [ 69.2590723, 41.2170966 ] ] ] } },
{ "type": "Feature", "properties": { "id": "way/1214882164", "@timestamp": "2023-10-11T18:56:46", "Площадь": 0.05, "Туман": "Сергели" }, "geometry": { "type": "Polygon", "coordinates": [ [ [ 69.2516086, 41.202101 ], [ 69.2516741, 41.2019532 ], [ 69.2519745, 41.2020286 ], [ 69.2519091, 41.2021764 ], [ 69.2516086, 41.202101 ] ] ] } },
{ "type": "Feature", "properties": { "id": "way/1214882165", "@timestamp": "2023-10-11T18:56:46", "Площадь": 0.04, "Туман": "Сергели" }, "geometry": { "type": "Polygon", "coordinates": [ [ [ 69.2525633, 41.2027006 ], [ 69.2526262, 41.2025676 ], [ 69.2529477, 41.2026537 ], [ 69.2528847, 41.2027867 ], [ 69.2525633, 41.2027006 ] ] ] } },
{ "type": "Feature", "properties": { "id": "way/1216639108", "@timestamp": "2025-06-23T13:30:18", "Площадь": 0.25, "Туман": "Мирзо Улуғбек" }, "geometry": { "type": "Polygon", "coordinates": [ [ [ 69.3553386, 41.3240626 ], [ 69.3555306, 41.3242523 ], [ 69.3555651, 41.3243054 ], [ 69.3544322, 41.3246472 ], [ 69.354251, 41.3246971 ], [ 69.3541924, 41.3246531 ], [ 69.3545138, 41.3244816 ], [ 69.3552961, 41.3240595 ], [ 69.3553386, 41.3240626 ] ] ] } },
{ "type": "Feature", "properties": { "id": "way/1217310199", "@timestamp": "2025-07-04T06:52:32", "Площадь": 0.25, "Туман": "Яккасарой" }, "geometry": { "type": "Polygon", "coordinates": [ [ [ 69.2427779, 41.2950676 ], [ 69.2430032, 41.2952971 ], [ 69.2425422, 41.295483 ], [ 69.2425405, 41.2955816 ], [ 69.2425442, 41.2958033 ], [ 69.2424645, 41.2961635 ], [ 69.2423249, 41.2961445 ], [ 69.2423894, 41.2959364 ], [ 69.2422285, 41.2954944 ], [ 69.2427779, 41.2950676 ] ] ] } },
{ "type": "Feature", "properties": { "id": "way/1218448795", "@timestamp": "2023-10-26T07:15:15", "Площадь": 0.07, "Туман": "Шайхонтоҳур" }, "geometry": { "type": "Polygon", "coordinates": [ [ [ 69.2584911, 41.328984 ], [ 69.2584646, 41.3288076 ], [ 69.2588682, 41.3287734 ], [ 69.2588948, 41.3289497 ], [ 69.2584911, 41.328984 ] ] ] } },
{ "type": "Feature", "properties": { "id": "way/1218458002", "@timestamp": "2024-12-07T03:00:47", "Площадь": 0.17, "Туман": "Шайхонтоҳур" }, "geometry": { "type": "Polygon", "coordinates": [ [ [ 69.2560235, 41.3281813 ], [ 69.2559962, 41.3279792 ], [ 69.2568975, 41.3279108 ], [ 69.2569247, 41.3281129 ], [ 69.2560235, 41.3281813 ] ] ] } },
{ "type": "Feature", "properties": { "id": "way/1220954913", "@timestamp": "2023-11-04T11:16:28", "Площадь": 0.04, "Туман": "Шайхонтоҳур" }, "geometry": { "type": "Polygon", "coordinates": [ [ [ 69.2560371, 41.3221503 ], [ 69.2560338, 41.3220579 ], [ 69.2564918, 41.3220485 ], [ 69.2564951, 41.3221409 ], [ 69.2560371, 41.3221503 ] ] ] } },
{ "type": "Feature", "properties": { "id": "way/1220954917", "@timestamp": "2024-12-07T02:58:48", "Площадь": 0.12, "Туман": "Шайхонтоҳур" }, "geometry": { "type": "Polygon", "coordinates": [ [ [ 69.2570257, 41.3240582 ], [ 69.2570085, 41.3239146 ], [ 69.2578782, 41.3238557 ], [ 69.2578954, 41.3239993 ], [ 69.2570257, 41.3240582 ] ] ] } },
{ "type": "Feature", "properties": { "id": "way/1221343804", "@timestamp": "2023-11-05T13:45:42", "Площадь": 0.1, "Туман": "Чилонзор" }, "geometry": { "type": "Polygon", "coordinates": [ [ [ 69.1957027, 41.2551022 ], [ 69.1956311, 41.2550922 ], [ 69.1955992, 41.2548926 ], [ 69.1955837, 41.2547085 ], [ 69.1955847, 41.25466 ], [ 69.1955909, 41.2546386 ], [ 69.1956033, 41.2546194 ], [ 69.1956287, 41.2545996 ], [ 69.1956587, 41.2545855 ], [ 69.1957008, 41.254577 ], [ 69.1957422, 41.2545766 ], [ 69.1957776, 41.254582 ], [ 69.195813, 41.2545937 ], [ 69.1958416, 41.2546098 ], [ 69.1958679, 41.2546373 ], [ 69.1958782, 41.2546635 ], [ 69.1958825, 41.2546894 ], [ 69.195881, 41.2547181 ], [ 69.1958726, 41.2547468 ], [ 69.1958223, 41.2548208 ], [ 69.1957799, 41.2548873 ], [ 69.1957523, 41.2549448 ], [ 69.1957335, 41.2550023 ], [ 69.1957027, 41.2551022 ] ] ] } },
{ "type": "Feature", "properties": { "id": "way/1221686118", "@timestamp": "2024-11-30T16:27:48", "Площадь": 0.17, "Туман": "Шайхонтоҳур" }, "geometry": { "type": "Polygon", "coordinates": [ [ [ 69.2433075, 41.3209325 ], [ 69.2432688, 41.320575 ], [ 69.2437701, 41.3205443 ], [ 69.2438088, 41.3209018 ], [ 69.2433075, 41.3209325 ] ] ] } },
{ "type": "Feature", "properties": { "id": "way/1221764205", "@timestamp": "2024-12-07T14:46:29", "Площадь": 0.1, "Туман": "Шайхонтоҳур" }, "geometry": { "type": "Polygon", "coordinates": [ [ [ 69.2609236, 41.318755 ], [ 69.2608575, 41.3181861 ], [ 69.2609115, 41.3181819 ], [ 69.2608936, 41.3180683 ], [ 69.2610476, 41.3180556 ], [ 69.2610513, 41.3180827 ], [ 69.2610666, 41.3182343 ], [ 69.2610265, 41.3182355 ], [ 69.2610831, 41.3187417 ], [ 69.2609236, 41.318755 ] ] ] } },
{ "type": "Feature", "properties": { "id": "way/1222187303", "@timestamp": "2024-12-07T02:55:58", "Площадь": 0.08, "Туман": "Шайхонтоҳур" }, "geometry": { "type": "Polygon", "coordinates": [ [ [ 69.2474578, 41.3252587 ], [ 69.2474483, 41.3251826 ], [ 69.2485158, 41.325107 ], [ 69.2485253, 41.3251832 ], [ 69.2474578, 41.3252587 ] ] ] } },
{ "type": "Feature", "properties": { "id": "way/1222219095", "@timestamp": "2023-11-09T11:19:07", "Площадь": 0.04, "Туман": "Шайхонтоҳур" }, "geometry": { "type": "Polygon", "coordinates": [ [ [ 69.2479657, 41.3266685 ], [ 69.2479262, 41.326415 ], [ 69.2481064, 41.3264028 ], [ 69.2481435, 41.3266551 ], [ 69.2479657, 41.3266685 ] ] ] } },
{ "type": "Feature", "properties": { "id": "way/1222225898", "@timestamp": "2023-11-09T12:00:08", "Площадь": 0.08, "Туман": "Шайхонтоҳур" }, "geometry": { "type": "Polygon", "coordinates": [ [ [ 69.2505638, 41.3258232 ], [ 69.2505903, 41.3259885 ], [ 69.2501735, 41.3262176 ], [ 69.2500585, 41.326087 ], [ 69.2505638, 41.3258232 ] ] ] } },
{ "type": "Feature", "properties": { "id": "way/1222941000", "@timestamp": "2025-03-14T17:59:50", "Площадь": 0.46, "Туман": "Сергели" }, "geometry": { "type": "Polygon", "coordinates": [ [ [ 69.2736936, 41.2191109 ], [ 69.2740506, 41.2190867 ], [ 69.2744351, 41.2190607 ], [ 69.2744464, 41.2190919 ], [ 69.2746195, 41.2190849 ], [ 69.2741928, 41.2195712 ], [ 69.2741418, 41.2197022 ], [ 69.2741011, 41.2197525 ], [ 69.2740604, 41.2198028 ], [ 69.2740215, 41.2198342 ], [ 69.273991, 41.2198395 ], [ 69.2739604, 41.2198361 ], [ 69.2733078, 41.2192795 ], [ 69.2735685, 41.219092 ], [ 69.2740162, 41.2195169 ], [ 69.2740685, 41.2194697 ], [ 69.2736936, 41.2191109 ] ] ] } },
{ "type": "Feature", "properties": { "id": "way/1222987134", "@timestamp": "2025-11-27T19:20:51", "Площадь": 0.16, "Туман": "Сергели" }, "geometry": { "type": "Polygon", "coordinates": [ [ [ 69.218953, 41.2278603 ], [ 69.2187579, 41.2277863 ], [ 69.2190956, 41.227314 ], [ 69.2192494, 41.227074 ], [ 69.2193631, 41.2270945 ], [ 69.219415, 41.2271555 ], [ 69.219407, 41.2271877 ], [ 69.218953, 41.2278603 ] ] ] } },
{ "type": "Feature", "properties": { "id": "way/1223143407", "@timestamp": "2023-11-13T07:43:26", "Площадь": 0.14, "Туман": "Шайхонтоҳур" }, "geometry": { "type": "Polygon", "coordinates": [ [ [ 69.2455193, 41.3272009 ], [ 69.245796, 41.3275045 ], [ 69.2454786, 41.327675 ], [ 69.2451907, 41.3273747 ], [ 69.2455193, 41.3272009 ] ] ] } },
{ "type": "Feature", "properties": { "id": "way/1224745188", "@timestamp": "2023-11-17T11:12:00", "Площадь": 0.0, "Туман": "Чилонзор" }, "geometry": { "type": "Polygon", "coordinates": [ [ [ 69.2206196, 41.2770753 ], [ 69.2206004, 41.2770567 ], [ 69.2206808, 41.2770096 ], [ 69.2207, 41.2770281 ], [ 69.2206196, 41.2770753 ] ] ] } },
{ "type": "Feature", "properties": { "id": "way/1224745189", "@timestamp": "2023-11-17T11:12:00", "Площадь": 0.0, "Туман": "Чилонзор" }, "geometry": { "type": "Polygon", "coordinates": [ [ [ 69.2207357, 41.2770082 ], [ 69.2207139, 41.2769879 ], [ 69.2208635, 41.2768972 ], [ 69.220838, 41.2769462 ], [ 69.2207357, 41.2770082 ] ] ] } },
{ "type": "Feature", "properties": { "id": "way/1224745190", "@timestamp": "2023-11-17T11:12:00", "Площадь": 0.0, "Туман": "Чилонзор" }, "geometry": { "type": "Polygon", "coordinates": [ [ [ 69.2215475, 41.2764895 ], [ 69.2215265, 41.2764693 ], [ 69.221641, 41.2764023 ], [ 69.221662, 41.2764226 ], [ 69.2215475, 41.2764895 ] ] ] } },
{ "type": "Feature", "properties": { "id": "way/1224745191", "@timestamp": "2023-11-22T21:02:58", "Площадь": 0.05, "Туман": "Чилонзор" }, "geometry": { "type": "Polygon", "coordinates": [ [ [ 69.2235564, 41.2752751 ], [ 69.2235074, 41.2752304 ], [ 69.2237478, 41.275072 ], [ 69.2237766, 41.2750546 ], [ 69.223791, 41.2750467 ], [ 69.2238053, 41.2750394 ], [ 69.2238221, 41.2750325 ], [ 69.2238396, 41.2750279 ], [ 69.2238573, 41.2750249 ], [ 69.2238749, 41.2750233 ], [ 69.2238959, 41.2750235 ], [ 69.223916, 41.2750256 ], [ 69.223936, 41.2750297 ], [ 69.2239552, 41.2750347 ], [ 69.2239715, 41.2750402 ], [ 69.2239879, 41.2750468 ], [ 69.2240025, 41.2750555 ], [ 69.2240156, 41.2750656 ], [ 69.2241854, 41.2752513 ], [ 69.2241427, 41.275278 ], [ 69.22392, 41.2750889 ], [ 69.2238503, 41.2750834 ], [ 69.2235564, 41.2752751 ] ] ] } },
{ "type": "Feature", "properties": { "id": "way/1224745192", "@timestamp": "2023-11-17T11:12:00", "Площадь": 0.0, "Туман": "Чилонзор" }, "geometry": { "type": "Polygon", "coordinates": [ [ [ 69.2198406, 41.277531 ], [ 69.2199269, 41.2774743 ], [ 69.2199484, 41.2774927 ], [ 69.219862, 41.2775494 ], [ 69.2198406, 41.277531 ] ] ] } },
{ "type": "Feature", "properties": { "id": "way/1224745193", "@timestamp": "2023-11-17T11:12:00", "Площадь": 0.0, "Туман": "Чилонзор" }, "geometry": { "type": "Polygon", "coordinates": [ [ [ 69.2200808, 41.2774122 ], [ 69.2200597, 41.2773931 ], [ 69.2201145, 41.2773589 ], [ 69.2201356, 41.277378 ], [ 69.2200808, 41.2774122 ] ] ] } },
{ "type": "Feature", "properties": { "id": "way/1224745194", "@timestamp": "2023-11-17T11:12:00", "Площадь": 0.01, "Туман": "Чилонзор" }, "geometry": { "type": "Polygon", "coordinates": [ [ [ 69.2192027, 41.2779404 ], [ 69.2192428, 41.2779781 ], [ 69.2190817, 41.2780749 ], [ 69.2190417, 41.2780373 ], [ 69.2192027, 41.2779404 ] ] ] } },
{ "type": "Feature", "properties": { "id": "way/1224745195", "@timestamp": "2023-11-17T11:12:00", "Площадь": 0.01, "Туман": "Чилонзор" }, "geometry": { "type": "Polygon", "coordinates": [ [ [ 69.2193458, 41.2776348 ], [ 69.2192995, 41.2775923 ], [ 69.2194536, 41.2774938 ], [ 69.2195011, 41.2775382 ], [ 69.2193458, 41.2776348 ] ] ] } },
{ "type": "Feature", "properties": { "id": "way/1224745196", "@timestamp": "2023-11-17T11:12:00", "Площадь": 0.01, "Туман": "Чилонзор" }, "geometry": { "type": "Polygon", "coordinates": [ [ [ 69.2199676, 41.2772384 ], [ 69.2199241, 41.2771997 ], [ 69.2201546, 41.2770561 ], [ 69.2201606, 41.2770644 ], [ 69.2201414, 41.2770865 ], [ 69.2201283, 41.2771131 ], [ 69.2201242, 41.2771427 ], [ 69.2199676, 41.2772384 ] ] ] } },
{ "type": "Feature", "properties": { "id": "way/1224748319", "@timestamp": "2023-11-17T11:23:29", "Площадь": 0.06, "Туман": "Миробод" }, "geometry": { "type": "Polygon", "coordinates": [ [ [ 69.2770901, 41.3105415 ], [ 69.277104, 41.3105694 ], [ 69.2751194, 41.3111263 ], [ 69.2751054, 41.3110981 ], [ 69.2770901, 41.3105415 ] ] ] } },
{ "type": "Feature", "properties": { "id": "way/1224748320", "@timestamp": "2023-11-17T11:23:29", "Площадь": 0.02, "Туман": "Миробод" }, "geometry": { "type": "Polygon", "coordinates": [ [ [ 69.2740656, 41.3113827 ], [ 69.2749275, 41.3111421 ], [ 69.2749407, 41.3111689 ], [ 69.2740789, 41.3114096 ], [ 69.2740656, 41.3113827 ] ] ] } },
{ "type": "Feature", "properties": { "id": "way/1224748321", "@timestamp": "2023-11-17T11:23:29", "Площадь": 0.02, "Туман": "Юнусобод" }, "geometry": { "type": "Polygon", "coordinates": [ [ [ 69.2741248, 41.3114556 ], [ 69.2749497, 41.3112254 ], [ 69.2749629, 41.3112521 ], [ 69.2741378, 41.3114826 ], [ 69.2741248, 41.3114556 ] ] ] } },
{ "type": "Feature", "properties": { "id": "way/1224748322", "@timestamp": "2023-11-17T11:23:29", "Площадь": 0.06, "Туман": "Юнусобод" }, "geometry": { "type": "Polygon", "coordinates": [ [ [ 69.2770656, 41.3106349 ], [ 69.2770795, 41.3106628 ], [ 69.2750949, 41.3112197 ], [ 69.2750809, 41.3111915 ], [ 69.2770656, 41.3106349 ] ] ] } },
{ "type": "Feature", "properties": { "id": "way/1224816963", "@timestamp": "2023-11-17T16:55:27", "Площадь": 0.01, "Туман": "Чилонзор" }, "geometry": { "type": "Polygon", "coordinates": [ [ [ 69.2235408, 41.2831403 ], [ 69.2234455, 41.2830626 ], [ 69.2234721, 41.2830425 ], [ 69.2235682, 41.2831224 ], [ 69.223623, 41.2831748 ], [ 69.2237737, 41.2833182 ], [ 69.2237467, 41.2833346 ], [ 69.2235942, 41.2831884 ], [ 69.2235408, 41.2831403 ] ] ] } },
{ "type": "Feature", "properties": { "id": "way/1224816964", "@timestamp": "2023-11-17T16:55:27", "Площадь": 0.01, "Туман": "Чилонзор" }, "geometry": { "type": "Polygon", "coordinates": [ [ [ 69.2233815, 41.2830045 ], [ 69.2233521, 41.2829787 ], [ 69.2231721, 41.2828548 ], [ 69.2231909, 41.2828373 ], [ 69.2233734, 41.2829643 ], [ 69.2234035, 41.2829891 ], [ 69.2233815, 41.2830045 ] ] ] } },
{ "type": "Feature", "properties": { "id": "way/1225645066", "@timestamp": "2025-07-31T07:34:43", "Площадь": 0.53, "Туман": "Шайхонтоҳур" }, "geometry": { "type": "Polygon", "coordinates": [ [ [ 69.2366052, 41.3207641 ], [ 69.2365826, 41.3205797 ], [ 69.2365673, 41.3204546 ], [ 69.2383768, 41.3203294 ], [ 69.2384148, 41.3206388 ], [ 69.2366052, 41.3207641 ] ] ] } },
{ "type": "Feature", "properties": { "id": "way/1225718030", "@timestamp": "2023-11-21T17:19:07", "Площадь": 0.12, "Туман": "Шайхонтоҳур" }, "geometry": { "type": "Polygon", "coordinates": [ [ [ 69.221811, 41.3095392 ], [ 69.2212248, 41.3090724 ], [ 69.2213234, 41.3089988 ], [ 69.2215839, 41.3091608 ], [ 69.2216646, 41.3090932 ], [ 69.2217889, 41.3091637 ], [ 69.2217387, 41.3092164 ], [ 69.2218987, 41.3093098 ], [ 69.2217678, 41.309427 ], [ 69.2218657, 41.309511 ], [ 69.221811, 41.3095392 ] ] ] } },
{ "type": "Feature", "properties": { "id": "way/1225754970", "@timestamp": "2023-11-21T19:59:21", "Площадь": 0.11, "Туман": "Учтепа" }, "geometry": { "type": "Polygon", "coordinates": [ [ [ 69.1538978, 41.265059 ], [ 69.1537149, 41.2650258 ], [ 69.1539047, 41.2644353 ], [ 69.1540878, 41.2644686 ], [ 69.1538978, 41.265059 ] ] ] } },
{ "type": "Feature", "properties": { "id": "way/1226219754", "@timestamp": "2024-07-25T20:17:40", "Площадь": 0.1, "Туман": "Учтепа" }, "geometry": { "type": "Polygon", "coordinates": [ [ [ 69.170284, 41.283537 ], [ 69.1705727, 41.2843524 ], [ 69.1704484, 41.2843772 ], [ 69.1701595, 41.2835619 ], [ 69.170284, 41.283537 ] ] ] } },
{ "type": "Feature", "properties": { "id": "way/1226574124", "@timestamp": "2023-11-24T17:40:58", "Площадь": 0.1, "Туман": "Учтепа" }, "geometry": { "type": "Polygon", "coordinates": [ [ [ 69.1542149, 41.2639929 ], [ 69.1538473, 41.263929 ], [ 69.1539357, 41.2636417 ], [ 69.1543034, 41.2637056 ], [ 69.1542149, 41.2639929 ] ] ] } },
{ "type": "Feature", "properties": { "id": "way/1227143262", "@timestamp": "2025-04-25T18:47:17", "Площадь": 0.08, "Туман": "Мирзо Улуғбек" }, "geometry": { "type": "Polygon", "coordinates": [ [ [ 69.3047287, 41.3215258 ], [ 69.3047262, 41.3214646 ], [ 69.3053856, 41.3214339 ], [ 69.3053912, 41.3216329 ], [ 69.3052599, 41.3216117 ], [ 69.3049677, 41.3215453 ], [ 69.3047287, 41.3215258 ] ] ] } },
{ "type": "Feature", "properties": { "id": "way/1227143264", "@timestamp": "2024-11-09T12:58:09", "Площадь": 0.1, "Туман": "Мирзо Улуғбек" }, "geometry": { "type": "Polygon", "coordinates": [ [ [ 69.3054094, 41.3219903 ], [ 69.3052445, 41.322024 ], [ 69.3051457, 41.3220408 ], [ 69.3050924, 41.3220499 ], [ 69.3049843, 41.3216354 ], [ 69.3051531, 41.321656 ], [ 69.3052522, 41.3216824 ], [ 69.3052927, 41.3217069 ], [ 69.3053201, 41.3217657 ], [ 69.3054094, 41.3219903 ] ] ] } },
{ "type": "Feature", "properties": { "id": "way/1227176671", "@timestamp": "2023-11-27T15:40:32", "Площадь": 0.12, "Туман": "Мирзо Улуғбек" }, "geometry": { "type": "Polygon", "coordinates": [ [ [ 69.2922893, 41.3202205 ], [ 69.2919894, 41.3202503 ], [ 69.2919491, 41.3199899 ], [ 69.2920136, 41.319893 ], [ 69.2922007, 41.3197828 ], [ 69.2924184, 41.319933 ], [ 69.2922417, 41.31999 ], [ 69.2922893, 41.3202205 ] ] ] } },
{ "type": "Feature", "properties": { "id": "way/1227176672", "@timestamp": "2023-11-27T15:40:32", "Площадь": 0.1, "Туман": "Мирзо Улуғбек" }, "geometry": { "type": "Polygon", "coordinates": [ [ [ 69.2936257, 41.3194075 ], [ 69.2931515, 41.3195723 ], [ 69.2930193, 41.3193094 ], [ 69.2932612, 41.3192186 ], [ 69.2936257, 41.3194075 ] ] ] } },
{ "type": "Feature", "properties": { "id": "way/1227176673", "@timestamp": "2023-11-27T15:40:32", "Площадь": 0.12, "Туман": "Мирзо Улуғбек" }, "geometry": { "type": "Polygon", "coordinates": [ [ [ 69.2935865, 41.3196081 ], [ 69.2937197, 41.319633 ], [ 69.2937676, 41.3198795 ], [ 69.2935898, 41.3198995 ], [ 69.2936038, 41.3200667 ], [ 69.2933448, 41.3200888 ], [ 69.2932399, 41.3198206 ], [ 69.2932659, 41.3197663 ], [ 69.2934469, 41.3198829 ], [ 69.2935865, 41.3196081 ] ] ] } },
{ "type": "Feature", "properties": { "id": "way/1227192947", "@timestamp": "2026-02-01T18:16:15", "Площадь": 0.06, "Туман": "Юнусобод" }, "geometry": { "type": "Polygon", "coordinates": [ [ [ 69.2819875, 41.318674 ], [ 69.2819573, 41.3185534 ], [ 69.2823824, 41.3184146 ], [ 69.2824184, 41.3185884 ], [ 69.2819875, 41.318674 ] ] ] } },
{ "type": "Feature", "properties": { "id": "way/1227239606", "@timestamp": "2024-11-09T14:43:35", "Площадь": 0.09, "Туман": "Чилонзор" }, "geometry": { "type": "Polygon", "coordinates": [ [ [ 69.2267381, 41.2791901 ], [ 69.2266803, 41.2792236 ], [ 69.2268558, 41.2793947 ], [ 69.2269137, 41.2793612 ], [ 69.2269795, 41.2794385 ], [ 69.2271831, 41.2796253 ], [ 69.2270869, 41.2796879 ], [ 69.2263504, 41.2790217 ], [ 69.226544, 41.2790302 ], [ 69.2267381, 41.2791901 ] ] ] } },
{ "type": "Feature", "properties": { "id": "way/1227604089", "@timestamp": "2026-02-24T08:25:18", "Площадь": 0.05, "Туман": "Чилонзор" }, "geometry": { "type": "Polygon", "coordinates": [ [ [ 69.2210012, 41.2885806 ], [ 69.2207914, 41.2883898 ], [ 69.220891, 41.2882931 ], [ 69.2211961, 41.2884715 ], [ 69.2210012, 41.2885806 ] ] ] } },
{ "type": "Feature", "properties": { "id": "way/1228103075", "@timestamp": "2024-11-20T03:59:55", "Площадь": 0.13, "Туман": "Чилонзор" }, "geometry": { "type": "Polygon", "coordinates": [ [ [ 69.2084782, 41.283707 ], [ 69.2080264, 41.2839852 ], [ 69.2078037, 41.283781 ], [ 69.2080044, 41.2836574 ], [ 69.2081685, 41.2838078 ], [ 69.2082248, 41.2837732 ], [ 69.2080629, 41.2836247 ], [ 69.2082577, 41.2835047 ], [ 69.2084782, 41.283707 ] ] ] } },
{ "type": "Feature", "properties": { "id": "way/1228405998", "@timestamp": "2023-12-03T12:22:38", "Площадь": 0.08, "Туман": "Учтепа" }, "geometry": { "type": "Polygon", "coordinates": [ [ [ 69.1887659, 41.2781079 ], [ 69.1889824, 41.2778944 ], [ 69.1892379, 41.2780408 ], [ 69.1890214, 41.2782542 ], [ 69.1887659, 41.2781079 ] ] ] } },
{ "type": "Feature", "properties": { "id": "way/1228406004", "@timestamp": "2023-12-03T12:22:38", "Площадь": 0.55, "Туман": "Учтепа" }, "geometry": { "type": "Polygon", "coordinates": [ [ [ 69.1751337, 41.2724901 ], [ 69.1749068, 41.272705 ], [ 69.1745506, 41.2724878 ], [ 69.1746175, 41.2724231 ], [ 69.1747221, 41.2724862 ], [ 69.1748841, 41.2723347 ], [ 69.1747794, 41.2722715 ], [ 69.175192, 41.2718908 ], [ 69.1752702, 41.2719378 ], [ 69.1754023, 41.2718137 ], [ 69.1753241, 41.2717667 ], [ 69.1757195, 41.2714277 ], [ 69.1760711, 41.271649 ], [ 69.1751337, 41.2724901 ] ] ] } },
{ "type": "Feature", "properties": { "id": "way/1228417262", "@timestamp": "2023-12-03T13:35:58", "Площадь": 0.2, "Туман": "Чилонзор" }, "geometry": { "type": "Polygon", "coordinates": [ [ [ 69.1914447, 41.2693472 ], [ 69.1916269, 41.2692893 ], [ 69.192203, 41.2703134 ], [ 69.1920211, 41.2703712 ], [ 69.1914447, 41.2693472 ] ] ] } },
{ "type": "Feature", "properties": { "id": "way/1228706140", "@timestamp": "2023-12-04T18:37:28", "Площадь": 0.13, "Туман": "Мирзо Улуғбек" }, "geometry": { "type": "Polygon", "coordinates": [ [ [ 69.3443234, 41.3487216 ], [ 69.3443208, 41.3493484 ], [ 69.3440961, 41.3493479 ], [ 69.3440986, 41.348721 ], [ 69.3443234, 41.3487216 ] ] ] } },
{ "type": "Feature", "properties": { "id": "way/1228706156", "@timestamp": "2023-12-04T18:37:28", "Площадь": 0.15, "Туман": "Мирзо Улуғбек" }, "geometry": { "type": "Polygon", "coordinates": [ [ [ 69.3675042, 41.3594962 ], [ 69.3674149, 41.3591258 ], [ 69.3678267, 41.3590699 ], [ 69.3679159, 41.3594404 ], [ 69.3675042, 41.3594962 ] ] ] } },
{ "type": "Feature", "properties": { "id": "way/1228723858", "@timestamp": "2023-12-04T20:17:08", "Площадь": 0.08, "Туман": "Яккасарой" }, "geometry": { "type": "Polygon", "coordinates": [ [ [ 69.249824, 41.3002793 ], [ 69.2494902, 41.3001012 ], [ 69.2494733, 41.3000914 ], [ 69.2494575, 41.3000818 ], [ 69.249441, 41.3000704 ], [ 69.2494267, 41.3000586 ], [ 69.249411, 41.3000417 ], [ 69.2494013, 41.3000254 ], [ 69.2493917, 41.3000043 ], [ 69.2493874, 41.299982 ], [ 69.2493908, 41.2999548 ], [ 69.2493987, 41.2999274 ], [ 69.2494063, 41.2999023 ], [ 69.249416, 41.2998766 ], [ 69.2499386, 41.300155 ], [ 69.2498994, 41.3001975 ], [ 69.249824, 41.3002793 ] ] ] } },
{ "type": "Feature", "properties": { "id": "way/1229692513", "@timestamp": "2023-12-08T15:01:53", "Площадь": 0.08, "Туман": "Учтепа" }, "geometry": { "type": "Polygon", "coordinates": [ [ [ 69.1930081, 41.2954872 ], [ 69.1930161, 41.2951977 ], [ 69.1933277, 41.2952026 ], [ 69.1933197, 41.2954921 ], [ 69.1930081, 41.2954872 ] ] ] } },
{ "type": "Feature", "properties": { "id": "way/1229697568", "@timestamp": "2023-12-08T15:24:00", "Площадь": 0.03, "Туман": "Чилонзор" }, "geometry": { "type": "Polygon", "coordinates": [ [ [ 69.2207184, 41.2796795 ], [ 69.220868, 41.279729 ], [ 69.2207635, 41.2798856 ], [ 69.2206062, 41.2798086 ], [ 69.2207184, 41.2796795 ] ] ] } },
{ "type": "Feature", "properties": { "id": "way/1230375453", "@timestamp": "2025-12-11T19:27:51", "Площадь": 0.27, "Туман": "Учтепа" }, "geometry": { "type": "Polygon", "coordinates": [ [ [ 69.1686263, 41.2725015 ], [ 69.1689426, 41.2722046 ], [ 69.1695297, 41.272558 ], [ 69.1692134, 41.2728549 ], [ 69.1686263, 41.2725015 ] ] ] } },
{ "type": "Feature", "properties": { "id": "way/1230457476", "@timestamp": "2023-12-12T00:35:16", "Площадь": 0.31, "Туман": "Учтепа" }, "geometry": { "type": "Polygon", "coordinates": [ [ [ 69.151389, 41.3010204 ], [ 69.1512978, 41.300174 ], [ 69.1516868, 41.3001503 ], [ 69.1517782, 41.3009967 ], [ 69.151389, 41.3010204 ] ] ] } },
{ "type": "Feature", "properties": { "id": "way/1230457479", "@timestamp": "2023-12-12T00:35:16", "Площадь": 0.84, "Туман": "Учтепа" }, "geometry": { "type": "Polygon", "coordinates": [ [ [ 69.1501455, 41.2896833 ], [ 69.1504611, 41.2896115 ], [ 69.1507828, 41.2923003 ], [ 69.1504395, 41.2923573 ], [ 69.1501455, 41.2896833 ] ] ] } },
{ "type": "Feature", "properties": { "id": "way/1230664204", "@timestamp": "2026-01-26T16:22:56", "Площадь": 0.09, "Туман": "Учтепа" }, "geometry": { "type": "Polygon", "coordinates": [ [ [ 69.178829, 41.2968898 ], [ 69.1789602, 41.2967355 ], [ 69.1794258, 41.2969379 ], [ 69.1792988, 41.2971042 ], [ 69.178829, 41.2968898 ] ] ] } },
{ "type": "Feature", "properties": { "id": "way/1230664214", "@timestamp": "2023-12-12T17:36:35", "Площадь": 0.11, "Туман": "Учтепа" }, "geometry": { "type": "Polygon", "coordinates": [ [ [ 69.1736867, 41.2955766 ], [ 69.1738808, 41.2953242 ], [ 69.174224, 41.2954733 ], [ 69.1740299, 41.2957256 ], [ 69.1736867, 41.2955766 ] ] ] } },
{ "type": "Feature", "properties": { "id": "way/1230855085", "@timestamp": "2025-06-27T08:04:21", "Площадь": 0.26, "Туман": "Чилонзор" }, "geometry": { "type": "Polygon", "coordinates": [ [ [ 69.195249, 41.28719 ], [ 69.1952559, 41.2867477 ], [ 69.1954693, 41.286664 ], [ 69.1957338, 41.2865603 ], [ 69.1957682, 41.2865832 ], [ 69.1957766, 41.2871885 ], [ 69.195249, 41.28719 ] ] ] } },
{ "type": "Feature", "properties": { "id": "way/1230855086", "@timestamp": "2025-06-27T08:04:21", "Площадь": 0.06, "Туман": "Чилонзор" }, "geometry": { "type": "Polygon", "coordinates": [ [ [ 69.1946818, 41.2882486 ], [ 69.1946978, 41.2876821 ], [ 69.194739, 41.2877836 ], [ 69.1948202, 41.2877856 ], [ 69.1948147, 41.287966 ], [ 69.1948053, 41.2882505 ], [ 69.1947301, 41.2882493 ], [ 69.1946818, 41.2882486 ] ] ] } },
{ "type": "Feature", "properties": { "id": "way/1230916560", "@timestamp": "2026-01-13T03:22:26", "Площадь": 0.39, "Туман": "Учтепа" }, "geometry": { "type": "Polygon", "coordinates": [ [ [ 69.1511334, 41.3055756 ], [ 69.1510092, 41.3055808 ], [ 69.1509568, 41.3055368 ], [ 69.1509222, 41.305489 ], [ 69.1508901, 41.3054317 ], [ 69.1508757, 41.3053724 ], [ 69.1508569, 41.3050639 ], [ 69.1508576, 41.3049574 ], [ 69.1508649, 41.3048526 ], [ 69.1508772, 41.3047855 ], [ 69.1509069, 41.3047795 ], [ 69.1509342, 41.3047286 ], [ 69.150976, 41.3046814 ], [ 69.1510205, 41.3046497 ], [ 69.151077, 41.304627 ], [ 69.1511515, 41.3046174 ], [ 69.151226, 41.3046277 ], [ 69.1512951, 41.3046491 ], [ 69.1513414, 41.304692 ], [ 69.1514295, 41.3053838 ], [ 69.1511145, 41.3054236 ], [ 69.1511334, 41.3055756 ] ] ] } },
{ "type": "Feature", "properties": { "id": "way/1230916562", "@timestamp": "2023-12-13T18:42:40", "Площадь": 0.17, "Туман": "Учтепа" }, "geometry": { "type": "Polygon", "coordinates": [ [ [ 69.1507944, 41.3045915 ], [ 69.1507971, 41.3045018 ], [ 69.1508658, 41.3043088 ], [ 69.1511542, 41.3037906 ], [ 69.1512309, 41.3037271 ], [ 69.1512415, 41.3044171 ], [ 69.1511709, 41.3044204 ], [ 69.1511018, 41.3044257 ], [ 69.1510341, 41.3044358 ], [ 69.1509719, 41.3044536 ], [ 69.1509117, 41.3044778 ], [ 69.1508669, 41.3045085 ], [ 69.1508247, 41.304548 ], [ 69.1507944, 41.3045915 ] ] ] } },
{ "type": "Feature", "properties": { "id": "way/1231080892", "@timestamp": "2023-12-14T12:19:01", "Площадь": 0.08, "Туман": "Шайхонтоҳур" }, "geometry": { "type": "Polygon", "coordinates": [ [ [ 69.2215028, 41.3026104 ], [ 69.2218457, 41.302344 ], [ 69.2220182, 41.3024458 ], [ 69.2216639, 41.3027167 ], [ 69.2215028, 41.3026104 ] ] ] } },
{ "type": "Feature", "properties": { "id": "way/1232374057", "@timestamp": "2023-12-19T11:00:40", "Площадь": 0.09, "Туман": "Мирзо Улуғбек" }, "geometry": { "type": "Polygon", "coordinates": [ [ [ 69.4084488, 41.3321528 ], [ 69.4083775, 41.3319284 ], [ 69.4084177, 41.3319213 ], [ 69.4087552, 41.331863 ], [ 69.4087705, 41.3318612 ], [ 69.4088357, 41.3320924 ], [ 69.4084488, 41.3321528 ] ] ] } },
{ "type": "Feature", "properties": { "id": "way/1232376925", "@timestamp": "2023-12-19T08:11:42", "Площадь": 0.02, "Туман": "Мирзо Улуғбек" }, "geometry": { "type": "Polygon", "coordinates": [ [ [ 69.4095662, 41.3318533 ], [ 69.4095283, 41.3316961 ], [ 69.4096739, 41.3316733 ], [ 69.4097225, 41.3318294 ], [ 69.4095662, 41.3318533 ] ] ] } },
{ "type": "Feature", "properties": { "id": "way/1232414166", "@timestamp": "2023-12-19T11:34:04", "Площадь": 0.01, "Туман": "Мирзо Улуғбек" }, "geometry": { "type": "Polygon", "coordinates": [ [ [ 69.4096072, 41.3320201 ], [ 69.4095828, 41.3319366 ], [ 69.409735, 41.3319115 ], [ 69.4097594, 41.3319951 ], [ 69.4096072, 41.3320201 ] ] ] } },
{ "type": "Feature", "properties": { "id": "way/1232781468", "@timestamp": "2026-01-27T23:49:33", "Площадь": 0.18, "Туман": "Чилонзор" }, "geometry": { "type": "Polygon", "coordinates": [ [ [ 69.2168598, 41.283422 ], [ 69.2166038, 41.2834823 ], [ 69.2165747, 41.2834891 ], [ 69.216539, 41.2834985 ], [ 69.2165183, 41.2834542 ], [ 69.2165077, 41.2834321 ], [ 69.2165668, 41.2834164 ], [ 69.2165987, 41.283408 ], [ 69.2168336, 41.2833463 ], [ 69.2172044, 41.2832526 ], [ 69.2173926, 41.283211 ], [ 69.2175819, 41.2831741 ], [ 69.2177377, 41.283155 ], [ 69.2179059, 41.2831375 ], [ 69.2180379, 41.2831266 ], [ 69.2181159, 41.2831213 ], [ 69.218174, 41.2831175 ], [ 69.2182315, 41.2831138 ], [ 69.2184275, 41.2831358 ], [ 69.2183987, 41.2832292 ], [ 69.2183366, 41.2832465 ], [ 69.2182997, 41.2832442 ], [ 69.218234, 41.2832446 ], [ 69.218164, 41.2832449 ], [ 69.2181133, 41.2832439 ], [ 69.2180422, 41.2832472 ], [ 69.2179815, 41.2832467 ], [ 69.2179153, 41.2832494 ], [ 69.2178497, 41.2832537 ], [ 69.2177644, 41.2832597 ], [ 69.2176772, 41.2832679 ], [ 69.217594, 41.2832774 ], [ 69.2175098, 41.2832899 ], [ 69.2173491, 41.2833171 ], [ 69.2171933, 41.283348 ], [ 69.2168598, 41.283422 ] ] ] } },
{ "type": "Feature", "properties": { "id": "way/1232781482", "@timestamp": "2024-12-31T07:18:22", "Площадь": 0.1, "Туман": "Чилонзор" }, "geometry": { "type": "Polygon", "coordinates": [ [ [ 69.2203765, 41.2838133 ], [ 69.2201976, 41.283613 ], [ 69.2205817, 41.2834341 ], [ 69.2207497, 41.2836317 ], [ 69.2203765, 41.2838133 ] ] ] } },
{ "type": "Feature", "properties": { "id": "way/1234412095", "@timestamp": "2023-12-26T19:21:03", "Площадь": 0.29, "Туман": "Мирзо Улуғбек" }, "geometry": { "type": "Polygon", "coordinates": [ [ [ 69.3651496, 41.362339 ], [ 69.3651333, 41.3620659 ], [ 69.365207, 41.3620634 ], [ 69.3653838, 41.3620594 ], [ 69.3655651, 41.362072 ], [ 69.365935, 41.3620648 ], [ 69.3666487, 41.3619906 ], [ 69.3666549, 41.3621599 ], [ 69.3652234, 41.3623366 ], [ 69.3651496, 41.362339 ] ] ] } },
{ "type": "Feature", "properties": { "id": "way/1235190933", "@timestamp": "2023-12-29T14:01:30", "Площадь": 0.02, "Туман": "Чилонзор" }, "geometry": { "type": "Polygon", "coordinates": [ [ [ 69.2206066, 41.2915452 ], [ 69.2206086, 41.2912855 ], [ 69.2206717, 41.2912858 ], [ 69.2206696, 41.2915455 ], [ 69.2206066, 41.2915452 ] ] ] } },
{ "type": "Feature", "properties": { "id": "way/1235190934", "@timestamp": "2023-12-29T14:01:30", "Площадь": 0.01, "Туман": "Чилонзор" }, "geometry": { "type": "Polygon", "coordinates": [ [ [ 69.2206017, 41.2911408 ], [ 69.220603, 41.2909676 ], [ 69.220666, 41.2909678 ], [ 69.2206648, 41.291141 ], [ 69.2206017, 41.2911408 ] ] ] } },
{ "type": "Feature", "properties": { "id": "way/1235624313", "@timestamp": "2026-02-03T18:19:57", "Площадь": 0.06, "Туман": "Юнусобод" }, "geometry": { "type": "Polygon", "coordinates": [ [ [ 69.2720275, 41.371736 ], [ 69.2723023, 41.3714794 ], [ 69.2724824, 41.3715887 ], [ 69.2722191, 41.3717679 ], [ 69.2721857, 41.3717799 ], [ 69.2721565, 41.3717842 ], [ 69.2721249, 41.3717853 ], [ 69.2720889, 41.3717774 ], [ 69.2720275, 41.371736 ] ] ] } },
{ "type": "Feature", "properties": { "id": "way/1235646451", "@timestamp": "2023-12-30T22:00:11", "Площадь": 0.2, "Туман": "Чилонзор" }, "geometry": { "type": "Polygon", "coordinates": [ [ [ 69.1866535, 41.2520067 ], [ 69.1859796, 41.2515816 ], [ 69.186162, 41.2513853 ], [ 69.1868588, 41.2518227 ], [ 69.1866535, 41.2520067 ] ] ] } },
{ "type": "Feature", "properties": { "id": "way/1235699092", "@timestamp": "2023-12-31T00:19:53", "Площадь": 0.13, "Туман": "Мирзо Улуғбек" }, "geometry": { "type": "Polygon", "coordinates": [ [ [ 69.3810239, 41.3519713 ], [ 69.3811473, 41.3516933 ], [ 69.3816001, 41.3518065 ], [ 69.3814767, 41.3520846 ], [ 69.3810239, 41.3519713 ] ] ] } },
{ "type": "Feature", "properties": { "id": "way/1237563467", "@timestamp": "2024-01-06T16:24:30", "Площадь": 0.18, "Туман": "Мирзо Улуғбек" }, "geometry": { "type": "Polygon", "coordinates": [ [ [ 69.3289695, 41.3377734 ], [ 69.329015, 41.3375779 ], [ 69.3299702, 41.3377032 ], [ 69.3299247, 41.3378987 ], [ 69.3289695, 41.3377734 ] ] ] } },
{ "type": "Feature", "properties": { "id": "way/1237563468", "@timestamp": "2024-01-06T16:24:30", "Площадь": 0.23, "Туман": "Мирзо Улуғбек" }, "geometry": { "type": "Polygon", "coordinates": [ [ [ 69.3302217, 41.3379454 ], [ 69.3302725, 41.337727 ], [ 69.3313783, 41.337872 ], [ 69.3313275, 41.3380905 ], [ 69.3302217, 41.3379454 ] ] ] } },
{ "type": "Feature", "properties": { "id": "way/1237563477", "@timestamp": "2024-01-06T16:24:30", "Площадь": 0.15, "Туман": "Мирзо Улуғбек" }, "geometry": { "type": "Polygon", "coordinates": [ [ [ 69.3261897, 41.337624 ], [ 69.3261642, 41.3377209 ], [ 69.325539, 41.3376357 ], [ 69.3256524, 41.3371408 ], [ 69.3257956, 41.3371546 ], [ 69.3257743, 41.337265 ], [ 69.3257321, 41.3374575 ], [ 69.3260612, 41.3374982 ], [ 69.3260408, 41.3376027 ], [ 69.3261897, 41.337624 ] ] ] } },
{ "type": "Feature", "properties": { "id": "way/1238965206", "@timestamp": "2024-01-11T22:42:54", "Площадь": 0.42, "Туман": "Юнусобод" }, "geometry": { "type": "Polygon", "coordinates": [ [ [ 69.302572, 41.3592855 ], [ 69.3031661, 41.3589398 ], [ 69.3036606, 41.3594002 ], [ 69.3034862, 41.3595071 ], [ 69.3030645, 41.3597465 ], [ 69.302572, 41.3592855 ] ] ] } },
{ "type": "Feature", "properties": { "id": "way/1239433615", "@timestamp": "2024-01-13T16:21:01", "Площадь": 0.12, "Туман": "Чилонзор" }, "geometry": { "type": "Polygon", "coordinates": [ [ [ 69.2123898, 41.2944536 ], [ 69.2122853, 41.2943536 ], [ 69.213079, 41.2938856 ], [ 69.2131833, 41.2939855 ], [ 69.2123898, 41.2944536 ] ] ] } },
{ "type": "Feature", "properties": { "id": "way/1239507086", "@timestamp": "2024-01-13T22:38:16", "Площадь": 0.02, "Туман": "Чилонзор" }, "geometry": { "type": "Polygon", "coordinates": [ [ [ 69.202137, 41.2715622 ], [ 69.2018649, 41.2711349 ], [ 69.2019114, 41.2711181 ], [ 69.2021835, 41.2715455 ], [ 69.202137, 41.2715622 ] ] ] } },
{ "type": "Feature", "properties": { "id": "way/1239507088", "@timestamp": "2024-01-13T22:38:16", "Площадь": 0.03, "Туман": "Чилонзор" }, "geometry": { "type": "Polygon", "coordinates": [ [ [ 69.2029915, 41.2728669 ], [ 69.203038, 41.2728468 ], [ 69.2034062, 41.2733286 ], [ 69.2033598, 41.2733486 ], [ 69.2029915, 41.2728669 ] ] ] } },
{ "type": "Feature", "properties": { "id": "way/1239508266", "@timestamp": "2024-01-13T22:45:00", "Площадь": 0.08, "Туман": "Чилонзор" }, "geometry": { "type": "Polygon", "coordinates": [ [ [ 69.2068242, 41.2776955 ], [ 69.206944, 41.2776333 ], [ 69.2073651, 41.278091 ], [ 69.2072452, 41.2781533 ], [ 69.2068242, 41.2776955 ] ] ] } },
{ "type": "Feature", "properties": { "id": "way/1239657429", "@timestamp": "2024-01-14T16:19:53", "Площадь": 0.05, "Туман": "Сергели" }, "geometry": { "type": "Polygon", "coordinates": [ [ [ 69.2425572, 41.2259881 ], [ 69.2425654, 41.2259382 ], [ 69.2424544, 41.2259279 ], [ 69.2424802, 41.225771 ], [ 69.2427848, 41.2257994 ], [ 69.2427582, 41.2259608 ], [ 69.242671, 41.2259527 ], [ 69.2426636, 41.225998 ], [ 69.2425572, 41.2259881 ] ] ] } },
{ "type": "Feature", "properties": { "id": "way/1239657430", "@timestamp": "2024-01-14T16:19:53", "Площадь": 0.37, "Туман": "Сергели" }, "geometry": { "type": "Polygon", "coordinates": [ [ [ 69.2429208, 41.2258815 ], [ 69.2429176, 41.2260687 ], [ 69.2426449, 41.2278518 ], [ 69.2425183, 41.2289339 ], [ 69.2423706, 41.228923 ], [ 69.2424162, 41.2288312 ], [ 69.2424483, 41.2287328 ], [ 69.242487, 41.2284535 ], [ 69.2424203, 41.228439 ], [ 69.2425724, 41.2274689 ], [ 69.2428088, 41.2260062 ], [ 69.2428555, 41.2256764 ], [ 69.2429324, 41.2256808 ], [ 69.2429077, 41.2258565 ], [ 69.2429208, 41.2258815 ] ] ] } },
{ "type": "Feature", "properties": { "id": "way/1239661742", "@timestamp": "2024-01-14T16:40:48", "Площадь": 0.05, "Туман": "Сергели" }, "geometry": { "type": "Polygon", "coordinates": [ [ [ 69.2296283, 41.2122534 ], [ 69.2294164, 41.2121584 ], [ 69.229568, 41.211967 ], [ 69.2297799, 41.212062 ], [ 69.2296283, 41.2122534 ] ] ] } },
{ "type": "Feature", "properties": { "id": "way/1240038832", "@timestamp": "2024-01-16T01:25:51", "Площадь": 0.09, "Туман": "Учтепа" }, "geometry": { "type": "Polygon", "coordinates": [ [ [ 69.1865566, 41.2892721 ], [ 69.1864037, 41.2891406 ], [ 69.1868005, 41.2888801 ], [ 69.1869534, 41.2890115 ], [ 69.1865566, 41.2892721 ] ] ] } },
{ "type": "Feature", "properties": { "id": "way/1240038836", "@timestamp": "2024-01-16T01:25:51", "Площадь": 0.05, "Туман": "Учтепа" }, "geometry": { "type": "Polygon", "coordinates": [ [ [ 69.1789729, 41.2963673 ], [ 69.1792423, 41.2960296 ], [ 69.1793505, 41.2960783 ], [ 69.1790812, 41.296416 ], [ 69.1789729, 41.2963673 ] ] ] } },
{ "type": "Feature", "properties": { "id": "way/1240038837", "@timestamp": "2024-01-16T01:25:51", "Площадь": 0.05, "Туман": "Учтепа" }, "geometry": { "type": "Polygon", "coordinates": [ [ [ 69.1777912, 41.29538 ], [ 69.1780277, 41.2951016 ], [ 69.1782164, 41.2950832 ], [ 69.1779194, 41.2954443 ], [ 69.1777912, 41.29538 ] ] ] } },
{ "type": "Feature", "properties": { "id": "way/1241466821", "@timestamp": "2024-01-20T20:44:22", "Площадь": 0.28, "Туман": "Янгиҳает" }, "geometry": { "type": "Polygon", "coordinates": [ [ [ 69.2351956, 41.2042545 ], [ 69.235052, 41.2042247 ], [ 69.2346677, 41.2040791 ], [ 69.2350638, 41.2034959 ], [ 69.2353647, 41.2035339 ], [ 69.2351956, 41.2042545 ] ] ] } },
{ "type": "Feature", "properties": { "id": "way/1241496690", "@timestamp": "2024-01-21T00:29:04", "Площадь": 0.25, "Туман": "Яккасарой" }, "geometry": { "type": "Polygon", "coordinates": [ [ [ 69.2489833, 41.2800395 ], [ 69.2488985, 41.2799692 ], [ 69.2490222, 41.2798933 ], [ 69.2490825, 41.2797715 ], [ 69.2491857, 41.2796511 ], [ 69.2493426, 41.2793267 ], [ 69.2499581, 41.2795075 ], [ 69.2489833, 41.2800395 ] ] ] } },
{ "type": "Feature", "properties": { "id": "way/1242987940", "@timestamp": "2024-01-25T19:57:13", "Площадь": 0.09, "Туман": "Мирзо Улуғбек" }, "geometry": { "type": "Polygon", "coordinates": [ [ [ 69.3257772, 41.3273494 ], [ 69.3257641, 41.327183 ], [ 69.3263254, 41.327158 ], [ 69.3263385, 41.3273244 ], [ 69.3257772, 41.3273494 ] ] ] } },
{ "type": "Feature", "properties": { "id": "way/1243013524", "@timestamp": "2025-05-12T21:26:19", "Площадь": 0.21, "Туман": "Юнусобод" }, "geometry": { "type": "Polygon", "coordinates": [ [ [ 69.2958548, 41.3752823 ], [ 69.295655, 41.3745916 ], [ 69.2956254, 41.3745223 ], [ 69.2955031, 41.3741638 ], [ 69.2956128, 41.3741441 ], [ 69.295705, 41.3741282 ], [ 69.2960297, 41.3751896 ], [ 69.2960448, 41.3752513 ], [ 69.2958548, 41.3752823 ] ] ] } },
{ "type": "Feature", "properties": { "id": "way/1243071488", "@timestamp": "2025-05-29T01:26:48", "Площадь": 0.22, "Туман": "Янгиҳает" }, "geometry": { "type": "Polygon", "coordinates": [ [ [ 69.2000631, 41.2240008 ], [ 69.1998411, 41.2240157 ], [ 69.1997546, 41.2230002 ], [ 69.1999245, 41.2229259 ], [ 69.2000049, 41.2232245 ], [ 69.2000631, 41.2240008 ] ] ] } },
{ "type": "Feature", "properties": { "id": "way/1243071491", "@timestamp": "2025-05-31T03:10:49", "Площадь": 0.22, "Туман": "Янгиҳает" }, "geometry": { "type": "Polygon", "coordinates": [ [ [ 69.2023147, 41.227098 ], [ 69.201858, 41.2267787 ], [ 69.2018503, 41.226747 ], [ 69.2021809, 41.2265234 ], [ 69.2026242, 41.2267044 ], [ 69.2023147, 41.227098 ] ] ] } },
{ "type": "Feature", "properties": { "id": "way/1243380918", "@timestamp": "2024-01-27T07:12:41", "Площадь": 0.1, "Туман": "Яшнобод" }, "geometry": { "type": "Polygon", "coordinates": [ [ [ 69.3477183, 41.2888723 ], [ 69.3475198, 41.2891049 ], [ 69.3470588, 41.2888827 ], [ 69.3471708, 41.2887516 ], [ 69.3474519, 41.2888871 ], [ 69.3475385, 41.2887857 ], [ 69.3477183, 41.2888723 ] ] ] } },
{ "type": "Feature", "properties": { "id": "way/1243610104", "@timestamp": "2024-01-28T03:39:32", "Площадь": 0.06, "Туман": "Учтепа" }, "geometry": { "type": "Polygon", "coordinates": [ [ [ 69.1743888, 41.2737791 ], [ 69.1742234, 41.2736764 ], [ 69.1744209, 41.2734814 ], [ 69.1746334, 41.2735591 ], [ 69.1743888, 41.2737791 ] ] ] } },
{ "type": "Feature", "properties": { "id": "way/1244089893", "@timestamp": "2024-01-29T14:51:31", "Площадь": 0.22, "Туман": "Мирзо Улуғбек" }, "geometry": { "type": "Polygon", "coordinates": [ [ [ 69.3901601, 41.359371 ], [ 69.3903773, 41.3588527 ], [ 69.3908405, 41.3589466 ], [ 69.3907811, 41.3591715 ], [ 69.3903741, 41.3594221 ], [ 69.3901601, 41.359371 ] ] ] } },
{ "type": "Feature", "properties": { "id": "way/1244190727", "@timestamp": "2024-01-29T20:05:01", "Площадь": 0.04, "Туман": "Мирзо Улуғбек" }, "geometry": { "type": "Polygon", "coordinates": [ [ [ 69.3693753, 41.3603281 ], [ 69.369143, 41.3603562 ], [ 69.3691041, 41.3601754 ], [ 69.3693365, 41.3601473 ], [ 69.3693753, 41.3603281 ] ] ] } },
{ "type": "Feature", "properties": { "id": "way/1244190728", "@timestamp": "2024-01-29T20:05:01", "Площадь": 0.03, "Туман": "Мирзо Улуғбек" }, "geometry": { "type": "Polygon", "coordinates": [ [ [ 69.3687223, 41.3603802 ], [ 69.3686927, 41.360251 ], [ 69.3689116, 41.3602228 ], [ 69.3689412, 41.360352 ], [ 69.3687223, 41.3603802 ] ] ] } },
{ "type": "Feature", "properties": { "id": "way/1244190729", "@timestamp": "2024-01-29T20:05:01", "Площадь": 0.06, "Туман": "Мирзо Улуғбек" }, "geometry": { "type": "Polygon", "coordinates": [ [ [ 69.3696887, 41.3589847 ], [ 69.3696334, 41.3585809 ], [ 69.3697973, 41.3585683 ], [ 69.3698525, 41.3589721 ], [ 69.3696887, 41.3589847 ] ] ] } },
{ "type": "Feature", "properties": { "id": "way/1245169886", "@timestamp": "2024-02-01T06:25:51", "Площадь": 0.04, "Туман": "Шайхонтоҳур" }, "geometry": { "type": "Polygon", "coordinates": [ [ [ 69.2413055, 41.3145278 ], [ 69.2412622, 41.3141153 ], [ 69.2413729, 41.3141087 ], [ 69.2414162, 41.3145213 ], [ 69.2413055, 41.3145278 ] ] ] } },
{ "type": "Feature", "properties": { "id": "way/1245834718", "@timestamp": "2024-02-03T14:35:30", "Площадь": 0.03, "Туман": "Чилонзор" }, "geometry": { "type": "Polygon", "coordinates": [ [ [ 69.2224993, 41.2790921 ], [ 69.2226608, 41.2789064 ], [ 69.2228171, 41.278991 ], [ 69.222612, 41.2791452 ], [ 69.2224993, 41.2790921 ] ] ] } },
{ "type": "Feature", "properties": { "id": "way/1246734250", "@timestamp": "2024-02-06T01:46:23", "Площадь": 0.27, "Туман": "Яшнобод" }, "geometry": { "type": "Polygon", "coordinates": [ [ [ 69.3501072, 41.248104 ], [ 69.3505164, 41.2483436 ], [ 69.3503177, 41.2488531 ], [ 69.3498499, 41.2487593 ], [ 69.3498653, 41.2487159 ], [ 69.3501072, 41.248104 ] ] ] } },
{ "type": "Feature", "properties": { "id": "way/1247689550", "@timestamp": "2024-02-08T15:17:13", "Площадь": 0.06, "Туман": "Чилонзор" }, "geometry": { "type": "Polygon", "coordinates": [ [ [ 69.2236091, 41.281056 ], [ 69.2238795, 41.2813027 ], [ 69.2237205, 41.2813859 ], [ 69.2234527, 41.2811532 ], [ 69.2236091, 41.281056 ] ] ] } },
{ "type": "Feature", "properties": { "id": "way/1247689553", "@timestamp": "2024-02-08T15:17:13", "Площадь": 0.03, "Туман": "Чилонзор" }, "geometry": { "type": "Polygon", "coordinates": [ [ [ 69.2225799, 41.2814444 ], [ 69.2223652, 41.2816015 ], [ 69.2222674, 41.281526 ], [ 69.222482, 41.2813689 ], [ 69.2225799, 41.2814444 ] ] ] } },
{ "type": "Feature", "properties": { "id": "way/1247689554", "@timestamp": "2024-02-11T14:05:40", "Площадь": 0.07, "Туман": "Чилонзор" }, "geometry": { "type": "Polygon", "coordinates": [ [ [ 69.2253346, 41.2817106 ], [ 69.2253477, 41.2817231 ], [ 69.2251785, 41.2818338 ], [ 69.2251479, 41.2818056 ], [ 69.2250807, 41.2817448 ], [ 69.2249718, 41.2816442 ], [ 69.2249838, 41.2816369 ], [ 69.2248834, 41.2815436 ], [ 69.2250469, 41.2814466 ], [ 69.2253346, 41.2817106 ] ] ] } },
{ "type": "Feature", "properties": { "id": "way/1252969740", "@timestamp": "2024-02-20T19:07:06", "Площадь": 0.24, "Туман": "Мирзо Улуғбек" }, "geometry": { "type": "Polygon", "coordinates": [ [ [ 69.3114475, 41.3338069 ], [ 69.3114237, 41.3334365 ], [ 69.3117119, 41.3328238 ], [ 69.3119797, 41.3329013 ], [ 69.3120041, 41.3329067 ], [ 69.3118845, 41.3331492 ], [ 69.3116655, 41.3335819 ], [ 69.3114985, 41.3338186 ], [ 69.3114475, 41.3338069 ] ] ] } },
{ "type": "Feature", "properties": { "id": "way/1254294183", "@timestamp": "2026-03-14T08:50:42", "Площадь": 0.11, "Туман": "Олмазор" }, "geometry": { "type": "Polygon", "coordinates": [ [ [ 69.2585957, 41.3460852 ], [ 69.2583406, 41.3459419 ], [ 69.258579, 41.3458835 ], [ 69.2586456, 41.3459194 ], [ 69.258682, 41.3459282 ], [ 69.2587345, 41.3459259 ], [ 69.2588682, 41.3458497 ], [ 69.2591071, 41.3460825 ], [ 69.2589944, 41.3461156 ], [ 69.2589498, 41.3461221 ], [ 69.2589051, 41.3461278 ], [ 69.2588627, 41.3461289 ], [ 69.2588181, 41.3461267 ], [ 69.258765, 41.3461244 ], [ 69.2587119, 41.3461156 ], [ 69.2586577, 41.3461044 ], [ 69.2585957, 41.3460852 ] ] ] } },
{ "type": "Feature", "properties": { "id": "way/1254315739", "@timestamp": "2025-09-22T19:22:10", "Площадь": 0.1, "Туман": "Юнусобод" }, "geometry": { "type": "Polygon", "coordinates": [ [ [ 69.2777415, 41.359272 ], [ 69.2777621, 41.3592454 ], [ 69.2779033, 41.3593037 ], [ 69.2780584, 41.3592732 ], [ 69.2781497, 41.3592523 ], [ 69.278315, 41.3591729 ], [ 69.278354, 41.3592141 ], [ 69.2784242, 41.3591785 ], [ 69.2784645, 41.3592101 ], [ 69.2783509, 41.3593501 ], [ 69.2784386, 41.3593827 ], [ 69.2783276, 41.3594881 ], [ 69.2782539, 41.3594999 ], [ 69.2777415, 41.359272 ] ] ] } },
{ "type": "Feature", "properties": { "id": "way/1254315742", "@timestamp": "2024-02-24T13:52:35", "Площадь": 0.05, "Туман": "Юнусобод" }, "geometry": { "type": "Polygon", "coordinates": [ [ [ 69.2826783, 41.3614606 ], [ 69.2828886, 41.3613425 ], [ 69.2831571, 41.3616175 ], [ 69.2830923, 41.3616562 ], [ 69.2826783, 41.3614606 ] ] ] } },
{ "type": "Feature", "properties": { "id": "way/1254344620", "@timestamp": "2024-02-24T16:10:49", "Площадь": 0.2, "Туман": "Юнусобод" }, "geometry": { "type": "Polygon", "coordinates": [ [ [ 69.3048853, 41.3678133 ], [ 69.30557, 41.367215 ], [ 69.3057893, 41.3673481 ], [ 69.3051962, 41.3678934 ], [ 69.3048853, 41.3678133 ] ] ] } },
{ "type": "Feature", "properties": { "id": "way/1256644867", "@timestamp": "2025-10-23T10:16:44", "Площадь": 0.45, "Туман": "Сергели" }, "geometry": { "type": "Polygon", "coordinates": [ [ [ 69.2136061, 41.2412531 ], [ 69.2139449, 41.2415804 ], [ 69.2141508, 41.2417793 ], [ 69.2138625, 41.2419363 ], [ 69.213298, 41.2413845 ], [ 69.2131789, 41.2411891 ], [ 69.2137517, 41.2408533 ], [ 69.2137849, 41.2408763 ], [ 69.2140307, 41.2406964 ], [ 69.2141431, 41.2408047 ], [ 69.2139662, 41.2409155 ], [ 69.2140443, 41.2409898 ], [ 69.2136061, 41.2412531 ] ] ] } },
{ "type": "Feature", "properties": { "id": "way/1259019638", "@timestamp": "2024-03-08T12:11:09", "Площадь": 0.16, "Туман": "Чилонзор" }, "geometry": { "type": "Polygon", "coordinates": [ [ [ 69.2039495, 41.2550926 ], [ 69.2038941, 41.2551115 ], [ 69.2037481, 41.2550207 ], [ 69.2034398, 41.2548438 ], [ 69.2033643, 41.2547747 ], [ 69.2034575, 41.254675 ], [ 69.2034996, 41.2545899 ], [ 69.2035219, 41.2545474 ], [ 69.203603, 41.2545555 ], [ 69.2037097, 41.2545946 ], [ 69.2038072, 41.2547598 ], [ 69.2038623, 41.2547461 ], [ 69.2038727, 41.2547861 ], [ 69.2039212, 41.2549289 ], [ 69.2039495, 41.2550926 ] ] ] } },
{ "type": "Feature", "properties": { "id": "way/1264337323", "@timestamp": "2024-03-19T21:46:18", "Площадь": 0.33, "Туман": "Сергели" }, "geometry": { "type": "Polygon", "coordinates": [ [ [ 69.2284066, 41.2137799 ], [ 69.2282039, 41.213691 ], [ 69.2282685, 41.2135948 ], [ 69.22807, 41.2135042 ], [ 69.2284698, 41.212927 ], [ 69.228938, 41.2131439 ], [ 69.2284066, 41.2137799 ] ] ] } },
{ "type": "Feature", "properties": { "id": "way/1264532671", "@timestamp": "2024-03-20T14:32:10", "Площадь": 0.3, "Туман": "Сергели" }, "geometry": { "type": "Polygon", "coordinates": [ [ [ 69.2080557, 41.2322993 ], [ 69.2078116, 41.2319304 ], [ 69.2080863, 41.2318237 ], [ 69.2080262, 41.2317284 ], [ 69.208273, 41.2316236 ], [ 69.2087236, 41.2319463 ], [ 69.2086602, 41.2320067 ], [ 69.2085837, 41.2320643 ], [ 69.2084901, 41.23212 ], [ 69.2083966, 41.2321645 ], [ 69.2080557, 41.2322993 ] ] ] } },
{ "type": "Feature", "properties": { "id": "way/1264532672", "@timestamp": "2024-03-20T14:32:10", "Площадь": 0.2, "Туман": "Сергели" }, "geometry": { "type": "Polygon", "coordinates": [ [ [ 69.2073117, 41.2317402 ], [ 69.2071263, 41.2314894 ], [ 69.2072416, 41.231443 ], [ 69.2076791, 41.2312438 ], [ 69.2080211, 41.2314449 ], [ 69.2073117, 41.2317402 ] ] ] } },
{ "type": "Feature", "properties": { "id": "way/1264650438", "@timestamp": "2024-03-20T22:27:19", "Площадь": 0.08, "Туман": "Янгиҳает" }, "geometry": { "type": "Polygon", "coordinates": [ [ [ 69.1960398, 41.194017 ], [ 69.1962637, 41.193727 ], [ 69.196473, 41.1938224 ], [ 69.196253, 41.1941107 ], [ 69.1960398, 41.194017 ] ] ] } },
{ "type": "Feature", "properties": { "id": "way/1266399297", "@timestamp": "2024-04-01T11:27:23", "Площадь": 0.11, "Туман": "Мирзо Улуғбек" }, "geometry": { "type": "Polygon", "coordinates": [ [ [ 69.4508017, 41.410729 ], [ 69.4506033, 41.410654 ], [ 69.4506257, 41.4106083 ], [ 69.4505779, 41.4105862 ], [ 69.4507863, 41.410237 ], [ 69.4510499, 41.4103331 ], [ 69.4508017, 41.410729 ] ] ] } },
{ "type": "Feature", "properties": { "id": "way/1268128483", "@timestamp": "2024-04-01T11:27:23", "Площадь": 0.11, "Туман": "Мирзо Улуғбек" }, "geometry": { "type": "Polygon", "coordinates": [ [ [ 69.4552579, 41.4095378 ], [ 69.454818, 41.4093948 ], [ 69.4549523, 41.4091625 ], [ 69.4553921, 41.4093056 ], [ 69.4552579, 41.4095378 ] ] ] } },
{ "type": "Feature", "properties": { "id": "way/1268180167", "@timestamp": "2024-04-01T16:30:46", "Площадь": 0.09, "Туман": "Чилонзор" }, "geometry": { "type": "Polygon", "coordinates": [ [ [ 69.2080824, 41.28577 ], [ 69.2080037, 41.2856847 ], [ 69.208433, 41.2854122 ], [ 69.2085106, 41.2856904 ], [ 69.2080824, 41.28577 ] ] ] } },
{ "type": "Feature", "properties": { "id": "way/1268702644", "@timestamp": "2024-04-03T15:19:20", "Площадь": 0.05, "Туман": "Чилонзор" }, "geometry": { "type": "Polygon", "coordinates": [ [ [ 69.1965887, 41.2769194 ], [ 69.1964207, 41.2767473 ], [ 69.1966212, 41.2766368 ], [ 69.1967891, 41.2768089 ], [ 69.1965887, 41.2769194 ] ] ] } },
{ "type": "Feature", "properties": { "id": "way/1275084137", "@timestamp": "2024-08-20T04:26:37", "Площадь": 0.07, "Туман": "Шайхонтоҳур" }, "geometry": { "type": "Polygon", "coordinates": [ [ [ 69.2115586, 41.326543 ], [ 69.2115984, 41.3263942 ], [ 69.2116337, 41.3262619 ], [ 69.2118876, 41.3263001 ], [ 69.2118126, 41.3265812 ], [ 69.2115586, 41.326543 ] ] ] } },
{ "type": "Feature", "properties": { "id": "way/1276538812", "@timestamp": "2025-07-12T22:03:44", "Площадь": 0.05, "Туман": "Чилонзор" }, "geometry": { "type": "Polygon", "coordinates": [ [ [ 69.2238962, 41.2755545 ], [ 69.22352, 41.2757953 ], [ 69.2234258, 41.2756961 ], [ 69.2237919, 41.2754651 ], [ 69.2238962, 41.2755545 ] ] ] } },
{ "type": "Feature", "properties": { "id": "way/1278853441", "@timestamp": "2024-05-01T18:14:21", "Площадь": 0.15, "Туман": "Учтепа" }, "geometry": { "type": "Polygon", "coordinates": [ [ [ 69.1489838, 41.2781605 ], [ 69.1485485, 41.2780133 ], [ 69.1486808, 41.2777529 ], [ 69.1492634, 41.2779227 ], [ 69.1489838, 41.2781605 ] ] ] } },
{ "type": "Feature", "properties": { "id": "way/1278853442", "@timestamp": "2024-05-01T18:14:21", "Площадь": 0.24, "Туман": "Учтепа" }, "geometry": { "type": "Polygon", "coordinates": [ [ [ 69.1476445, 41.2777089 ], [ 69.1476344, 41.2774572 ], [ 69.147842, 41.2774912 ], [ 69.1486255, 41.2777214 ], [ 69.1484832, 41.2779643 ], [ 69.1476445, 41.2777089 ] ] ] } },
{ "type": "Feature", "properties": { "id": "way/1279128340", "@timestamp": "2024-05-02T17:11:37", "Площадь": 0.03, "Туман": "Олмазор" }, "geometry": { "type": "Polygon", "coordinates": [ [ [ 69.2383185, 41.3527957 ], [ 69.23831, 41.352665 ], [ 69.2385226, 41.3526572 ], [ 69.2385311, 41.3527879 ], [ 69.2383185, 41.3527957 ] ] ] } },
{ "type": "Feature", "properties": { "id": "way/1280054111", "@timestamp": "2024-05-06T00:58:26", "Площадь": 0.07, "Туман": "Юнусобод" }, "geometry": { "type": "Polygon", "coordinates": [ [ [ 69.3166574, 41.3672046 ], [ 69.3163603, 41.3670995 ], [ 69.3164901, 41.3668928 ], [ 69.3167872, 41.366998 ], [ 69.3166574, 41.3672046 ] ] ] } },
{ "type": "Feature", "properties": { "id": "way/1280209792", "@timestamp": "2025-05-12T21:22:38", "Площадь": 0.23, "Туман": "Юнусобод" }, "geometry": { "type": "Polygon", "coordinates": [ [ [ 69.3056347, 41.3793596 ], [ 69.305624, 41.3792539 ], [ 69.3055788, 41.3792551 ], [ 69.3054767, 41.3785733 ], [ 69.3055985, 41.3785623 ], [ 69.3057941, 41.3788347 ], [ 69.3060329, 41.3790464 ], [ 69.305857, 41.3793452 ], [ 69.3056347, 41.3793596 ] ] ] } },
{ "type": "Feature", "properties": { "id": "way/1280209793", "@timestamp": "2025-05-12T21:22:50", "Площадь": 0.33, "Туман": "Юнусобод" }, "geometry": { "type": "Polygon", "coordinates": [ [ [ 69.3057346, 41.3784223 ], [ 69.3057835, 41.3775191 ], [ 69.3064966, 41.3782117 ], [ 69.3060585, 41.3783746 ], [ 69.3058987, 41.3784089 ], [ 69.3057346, 41.3784223 ] ] ] } },
{ "type": "Feature", "properties": { "id": "way/1280209799", "@timestamp": "2024-05-06T14:40:49", "Площадь": 0.11, "Туман": "Юнусобод" }, "geometry": { "type": "Polygon", "coordinates": [ [ [ 69.2863872, 41.3647569 ], [ 69.2866505, 41.3648706 ], [ 69.2863772, 41.3652269 ], [ 69.2862248, 41.3651611 ], [ 69.2862641, 41.3651098 ], [ 69.2861533, 41.365062 ], [ 69.2863872, 41.3647569 ] ] ] } },
{ "type": "Feature", "properties": { "id": "way/1282281853", "@timestamp": "2024-05-12T22:44:20", "Площадь": 0.13, "Туман": "Шайхонтоҳур" }, "geometry": { "type": "Polygon", "coordinates": [ [ [ 69.2715279, 41.3298697 ], [ 69.2709892, 41.329536 ], [ 69.2708385, 41.3294429 ], [ 69.2707718, 41.3293603 ], [ 69.2707591, 41.3293045 ], [ 69.2707868, 41.3292863 ], [ 69.2714813, 41.3296204 ], [ 69.2715109, 41.3296445 ], [ 69.2715339, 41.3296711 ], [ 69.271551, 41.3297011 ], [ 69.2715595, 41.3297326 ], [ 69.2715617, 41.3297631 ], [ 69.2715578, 41.3297922 ], [ 69.2715475, 41.329821 ], [ 69.2715279, 41.3298697 ] ] ] } },
{ "type": "Feature", "properties": { "id": "way/1283772191", "@timestamp": "2026-02-05T19:16:57", "Площадь": 0.33, "Туман": "Сергели" }, "geometry": { "type": "Polygon", "coordinates": [ [ [ 69.2758897, 41.2695884 ], [ 69.2760826, 41.2689729 ], [ 69.2766271, 41.2690732 ], [ 69.2766068, 41.2691387 ], [ 69.276431, 41.2696871 ], [ 69.2758897, 41.2695884 ] ] ] } },
{ "type": "Feature", "properties": { "id": "way/1284285098", "@timestamp": "2025-07-11T01:03:39", "Площадь": 0.34, "Туман": "Учтепа" }, "geometry": { "type": "Polygon", "coordinates": [ [ [ 69.1842284, 41.3139765 ], [ 69.1843278, 41.313851 ], [ 69.1847923, 41.3140128 ], [ 69.184851, 41.313877 ], [ 69.1849284, 41.3139015 ], [ 69.1850361, 41.3139497 ], [ 69.1851356, 41.3139942 ], [ 69.1851548, 41.3140431 ], [ 69.1853457, 41.3141359 ], [ 69.1854305, 41.3140642 ], [ 69.1856651, 41.3141858 ], [ 69.1855255, 41.3142779 ], [ 69.1856917, 41.3145041 ], [ 69.1856661, 41.3145476 ], [ 69.1842284, 41.3139765 ] ] ] } },
{ "type": "Feature", "properties": { "id": "way/1285735261", "@timestamp": "2024-05-22T18:45:16", "Площадь": 0.95, "Туман": "Сергели" }, "geometry": { "type": "Polygon", "coordinates": [ [ [ 69.2521754, 41.21858 ], [ 69.2524048, 41.2186684 ], [ 69.2524128, 41.2186811 ], [ 69.2524148, 41.2186907 ], [ 69.2524154, 41.2186982 ], [ 69.2524127, 41.2187085 ], [ 69.2541749, 41.219433 ], [ 69.2543244, 41.2194963 ], [ 69.2562525, 41.2202943 ], [ 69.256282, 41.2202538 ], [ 69.2563731, 41.2202929 ], [ 69.2562303, 41.2204829 ], [ 69.2526271, 41.2190928 ], [ 69.2525337, 41.2190797 ], [ 69.2524635, 41.2190643 ], [ 69.2524019, 41.2190295 ], [ 69.2521754, 41.21858 ] ] ] } },
{ "type": "Feature", "properties": { "id": "way/1286083406", "@timestamp": "2025-12-29T19:08:15", "Площадь": 0.36, "Туман": "Яшнобод" }, "geometry": { "type": "Polygon", "coordinates": [ [ [ 69.3380523, 41.307111 ], [ 69.3379779, 41.3070621 ], [ 69.3383842, 41.3066671 ], [ 69.3383991, 41.3066146 ], [ 69.3379269, 41.3063291 ], [ 69.3378551, 41.3063493 ], [ 69.3377827, 41.3063064 ], [ 69.3377539, 41.306286 ], [ 69.3376935, 41.3063444 ], [ 69.3376482, 41.3063174 ], [ 69.3375589, 41.3063924 ], [ 69.3375078, 41.3063619 ], [ 69.3373615, 41.3064953 ], [ 69.3374347, 41.3065363 ], [ 69.3372431, 41.3067368 ], [ 69.33704, 41.3065973 ], [ 69.3373315, 41.3063664 ], [ 69.3373336, 41.3061929 ], [ 69.3376703, 41.3062163 ], [ 69.337849, 41.3062075 ], [ 69.3381574, 41.3062445 ], [ 69.3383922, 41.3062869 ], [ 69.3384317, 41.3062948 ], [ 69.3384712, 41.3063033 ], [ 69.3385063, 41.3063153 ], [ 69.3385403, 41.3063288 ], [ 69.3385668, 41.3063445 ], [ 69.338591, 41.3063605 ], [ 69.3386132, 41.3063789 ], [ 69.3386297, 41.3063996 ], [ 69.3386371, 41.3064145 ], [ 69.3386421, 41.3064304 ], [ 69.3386442, 41.306445 ], [ 69.3386452, 41.3064602 ], [ 69.3386436, 41.3064758 ], [ 69.338641, 41.3064903 ], [ 69.3386372, 41.3065015 ], [ 69.3386294, 41.3065188 ], [ 69.3386188, 41.3065363 ], [ 69.3386066, 41.3065537 ], [ 69.3385807, 41.3065887 ], [ 69.3385264, 41.3066438 ], [ 69.3380523, 41.307111 ] ] ] } },
{ "type": "Feature", "properties": { "id": "way/1286083415", "@timestamp": "2025-12-02T13:42:12", "Площадь": 0.7, "Туман": "Яшнобод" }, "geometry": { "type": "Polygon", "coordinates": [ [ [ 69.3407769, 41.3043594 ], [ 69.3405764, 41.3042449 ], [ 69.3405569, 41.3042275 ], [ 69.3405418, 41.3042087 ], [ 69.3405355, 41.3041924 ], [ 69.3405344, 41.3041734 ], [ 69.3404784, 41.3033768 ], [ 69.3412317, 41.3033574 ], [ 69.3414485, 41.3033517 ], [ 69.3414731, 41.3037024 ], [ 69.3414132, 41.3037058 ], [ 69.3414107, 41.3037458 ], [ 69.3413861, 41.303847 ], [ 69.341428, 41.3038668 ], [ 69.341389, 41.3039074 ], [ 69.3413475, 41.3039471 ], [ 69.3413392, 41.3039425 ], [ 69.3413333, 41.3039319 ], [ 69.3413262, 41.3039223 ], [ 69.3413178, 41.3039133 ], [ 69.3413084, 41.3039053 ], [ 69.3412987, 41.3038975 ], [ 69.3412877, 41.3038905 ], [ 69.3412749, 41.3038847 ], [ 69.3412617, 41.3038799 ], [ 69.3410819, 41.3038766 ], [ 69.3410818, 41.3038898 ], [ 69.3411448, 41.303891 ], [ 69.3411455, 41.3039434 ], [ 69.3412119, 41.3039431 ], [ 69.3412135, 41.3040188 ], [ 69.3412452, 41.3040342 ], [ 69.3409018, 41.3043458 ], [ 69.3408746, 41.3043584 ], [ 69.3408394, 41.3043639 ], [ 69.3408082, 41.3043616 ], [ 69.3407769, 41.3043594 ] ] ] } },
{ "type": "Feature", "properties": { "id": "way/1286156242", "@timestamp": "2024-05-24T04:00:06", "Площадь": 0.11, "Туман": "Сергели" }, "geometry": { "type": "Polygon", "coordinates": [ [ [ 69.2934471, 41.2440656 ], [ 69.293443, 41.2437686 ], [ 69.2938373, 41.2437655 ], [ 69.2938415, 41.2440625 ], [ 69.2934471, 41.2440656 ] ] ] } },
{ "type": "Feature", "properties": { "id": "way/1286156247", "@timestamp": "2024-05-24T04:00:06", "Площадь": 0.17, "Туман": "Миробод" }, "geometry": { "type": "Polygon", "coordinates": [ [ [ 69.3103091, 41.2447076 ], [ 69.31031, 41.2445778 ], [ 69.3111444, 41.2445817 ], [ 69.3113284, 41.2445748 ], [ 69.3115088, 41.2445639 ], [ 69.3118258, 41.2445298 ], [ 69.3118427, 41.2446552 ], [ 69.3115434, 41.2446908 ], [ 69.3103091, 41.2447076 ] ] ] } },
{ "type": "Feature", "properties": { "id": "way/1286385349", "@timestamp": "2024-05-24T20:04:14", "Площадь": 0.58, "Туман": "Миробод" }, "geometry": { "type": "Polygon", "coordinates": [ [ [ 69.3182397, 41.2594341 ], [ 69.3173615, 41.259101 ], [ 69.3170083, 41.2593346 ], [ 69.3168431, 41.259144 ], [ 69.3170011, 41.2589926 ], [ 69.3172083, 41.259083 ], [ 69.3174662, 41.2586821 ], [ 69.3185646, 41.2589599 ], [ 69.3182397, 41.2594341 ] ] ] } },
{ "type": "Feature", "properties": { "id": "way/1286616519", "@timestamp": "2024-05-25T16:39:37", "Площадь": 0.1, "Туман": "Юнусобод" }, "geometry": { "type": "Polygon", "coordinates": [ [ [ 69.2952765, 41.3778229 ], [ 69.2951551, 41.3774078 ], [ 69.2953927, 41.3773686 ], [ 69.2955142, 41.3777838 ], [ 69.2952765, 41.3778229 ] ] ] } },
{ "type": "Feature", "properties": { "id": "way/1286864717", "@timestamp": "2025-12-17T09:18:55", "Площадь": 0.05, "Туман": "Миробод" }, "geometry": { "type": "Polygon", "coordinates": [ [ [ 69.3222449, 41.2382784 ], [ 69.3217306, 41.2383115 ], [ 69.3218086, 41.23827 ], [ 69.3221408, 41.2381162 ], [ 69.3222449, 41.2380632 ], [ 69.3222531, 41.2382141 ], [ 69.3222449, 41.2382784 ] ] ] } },
{ "type": "Feature", "properties": { "id": "way/1287279536", "@timestamp": "2024-05-28T05:19:27", "Площадь": 0.06, "Туман": "Чилонзор" }, "geometry": { "type": "Polygon", "coordinates": [ [ [ 69.1995472, 41.2650373 ], [ 69.1994263, 41.2648285 ], [ 69.1996971, 41.26474 ], [ 69.1998107, 41.2649362 ], [ 69.1996654, 41.2649838 ], [ 69.1996726, 41.2649963 ], [ 69.1995472, 41.2650373 ] ] ] } },
{ "type": "Feature", "properties": { "id": "way/1289054836", "@timestamp": "2024-06-03T06:52:44", "Площадь": 0.62, "Туман": "Янгиҳает" }, "geometry": { "type": "Polygon", "coordinates": [ [ [ 69.2344266, 41.1979057 ], [ 69.2341958, 41.1978583 ], [ 69.2339938, 41.1977695 ], [ 69.2342692, 41.1969326 ], [ 69.2344188, 41.1969405 ], [ 69.2345603, 41.196869 ], [ 69.2348595, 41.1968615 ], [ 69.2351199, 41.1968248 ], [ 69.2351909, 41.1968193 ], [ 69.2344266, 41.1979057 ] ] ] } },
{ "type": "Feature", "properties": { "id": "way/1289131393", "@timestamp": "2025-07-02T07:07:26", "Площадь": 0.1, "Туман": "Яккасарой" }, "geometry": { "type": "Polygon", "coordinates": [ [ [ 69.261942, 41.2698079 ], [ 69.2619588, 41.2697998 ], [ 69.2619737, 41.2697914 ], [ 69.2619883, 41.2697823 ], [ 69.2620024, 41.2697721 ], [ 69.2620192, 41.2697563 ], [ 69.2620355, 41.2697383 ], [ 69.262049, 41.2697202 ], [ 69.2620605, 41.2697018 ], [ 69.262081, 41.2696592 ], [ 69.2620903, 41.2696093 ], [ 69.2620906, 41.2695785 ], [ 69.2620792, 41.2695433 ], [ 69.2620554, 41.2694714 ], [ 69.262254, 41.2695423 ], [ 69.2622255, 41.2695878 ], [ 69.2626975, 41.269754 ], [ 69.2619472, 41.269844 ], [ 69.261942, 41.2698079 ] ] ] } },
{ "type": "Feature", "properties": { "id": "way/1289131394", "@timestamp": "2025-06-30T16:05:15", "Площадь": 0.08, "Туман": "Яккасарой" }, "geometry": { "type": "Polygon", "coordinates": [ [ [ 69.2611422, 41.2700359 ], [ 69.2612441, 41.2700177 ], [ 69.2613636, 41.2700025 ], [ 69.2616473, 41.2699701 ], [ 69.2618524, 41.2699424 ], [ 69.2618699, 41.2699412 ], [ 69.2618621, 41.2699607 ], [ 69.261806, 41.2700855 ], [ 69.2617651, 41.2701767 ], [ 69.2617505, 41.270173 ], [ 69.2611422, 41.2700359 ] ] ] } },
{ "type": "Feature", "properties": { "id": "way/1291105810", "@timestamp": "2024-06-10T19:51:41", "Площадь": 0.05, "Туман": "Сергели" }, "geometry": { "type": "Polygon", "coordinates": [ [ [ 69.2274974, 41.2577084 ], [ 69.2273809, 41.2578463 ], [ 69.2270884, 41.2577068 ], [ 69.2271436, 41.2576413 ], [ 69.2272049, 41.2575687 ], [ 69.2274974, 41.2577084 ] ] ] } },
{ "type": "Feature", "properties": { "id": "way/1291571131", "@timestamp": "2024-06-11T21:14:06", "Площадь": 0.15, "Туман": "Мирзо Улуғбек" }, "geometry": { "type": "Polygon", "coordinates": [ [ [ 69.3696801, 41.3492921 ], [ 69.3695141, 41.3488851 ], [ 69.3698861, 41.3487731 ], [ 69.3699575, 41.3493331 ], [ 69.3696801, 41.3492921 ] ] ] } },
{ "type": "Feature", "properties": { "id": "way/1291573880", "@timestamp": "2024-06-11T21:36:31", "Площадь": 0.11, "Туман": "Мирзо Улуғбек" }, "geometry": { "type": "Polygon", "coordinates": [ [ [ 69.3901493, 41.349099 ], [ 69.3897705, 41.3489264 ], [ 69.3899916, 41.348641 ], [ 69.3902804, 41.3488135 ], [ 69.3902112, 41.3488567 ], [ 69.3901552, 41.3489958 ], [ 69.3901906, 41.3490374 ], [ 69.3901493, 41.349099 ] ] ] } },
{ "type": "Feature", "properties": { "id": "way/1292395166", "@timestamp": "2024-06-14T14:35:06", "Площадь": 0.07, "Туман": "Шайхонтоҳур" }, "geometry": { "type": "Polygon", "coordinates": [ [ [ 69.2636598, 41.3236289 ], [ 69.2636442, 41.3235181 ], [ 69.2642818, 41.3234674 ], [ 69.2642974, 41.3235783 ], [ 69.2636598, 41.3236289 ] ] ] } },
{ "type": "Feature", "properties": { "id": "way/1292395167", "@timestamp": "2024-06-14T14:35:06", "Площадь": 0.11, "Туман": "Шайхонтоҳур" }, "geometry": { "type": "Polygon", "coordinates": [ [ [ 69.2621437, 41.3237318 ], [ 69.2621217, 41.323585 ], [ 69.2629145, 41.3235177 ], [ 69.2629366, 41.3236646 ], [ 69.2621437, 41.3237318 ] ] ] } },
{ "type": "Feature", "properties": { "id": "way/1292395168", "@timestamp": "2024-06-14T14:35:06", "Площадь": 0.12, "Туман": "Шайхонтоҳур" }, "geometry": { "type": "Polygon", "coordinates": [ [ [ 69.2619431, 41.3236824 ], [ 69.2604968, 41.323804 ], [ 69.2604835, 41.3237144 ], [ 69.2619298, 41.3235931 ], [ 69.2619431, 41.3236824 ] ] ] } },
{ "type": "Feature", "properties": { "id": "way/1292395169", "@timestamp": "2025-12-21T12:55:09", "Площадь": 0.09, "Туман": "Шайхонтоҳур" }, "geometry": { "type": "Polygon", "coordinates": [ [ [ 69.2553385, 41.3243396 ], [ 69.2553086, 41.3242174 ], [ 69.2561747, 41.3240979 ], [ 69.2562041, 41.3242181 ], [ 69.2559416, 41.3242543 ], [ 69.2559322, 41.3242157 ], [ 69.2555615, 41.3242668 ], [ 69.2555714, 41.3243074 ], [ 69.2553385, 41.3243396 ] ] ] } },
{ "type": "Feature", "properties": { "id": "way/1292395170", "@timestamp": "2024-06-14T14:35:06", "Площадь": 0.18, "Туман": "Шайхонтоҳур" }, "geometry": { "type": "Polygon", "coordinates": [ [ [ 69.2531029, 41.3252932 ], [ 69.2530078, 41.3251939 ], [ 69.253524, 41.3249114 ], [ 69.2538099, 41.3247687 ], [ 69.2540129, 41.3246784 ], [ 69.2543716, 41.3245408 ], [ 69.2544427, 41.3246489 ], [ 69.2541716, 41.3247508 ], [ 69.2539663, 41.3248392 ], [ 69.2537649, 41.324932 ], [ 69.2535098, 41.3250665 ], [ 69.2531029, 41.3252932 ] ] ] } },
{ "type": "Feature", "properties": { "id": "way/1295660679", "@timestamp": "2024-06-24T09:13:36", "Площадь": 0.01, "Туман": "Юнусобод" }, "geometry": { "type": "Polygon", "coordinates": [ [ [ 69.3373132, 41.3581253 ], [ 69.3375164, 41.3580306 ], [ 69.337615, 41.3579286 ], [ 69.337641, 41.357963 ], [ 69.3375472, 41.3580608 ], [ 69.3373369, 41.3581591 ], [ 69.3373132, 41.3581253 ] ] ] } },
{ "type": "Feature", "properties": { "id": "way/1295660825", "@timestamp": "2026-01-14T00:49:16", "Площадь": 0.08, "Туман": "Юнусобод" }, "geometry": { "type": "Polygon", "coordinates": [ [ [ 69.330795, 41.351807 ], [ 69.3306917, 41.3518573 ], [ 69.3305047, 41.3516801 ], [ 69.330478, 41.3516396 ], [ 69.3304614, 41.351597 ], [ 69.3304504, 41.3515597 ], [ 69.3304496, 41.3515191 ], [ 69.3304586, 41.3514797 ], [ 69.3304763, 41.3514404 ], [ 69.3305042, 41.3514014 ], [ 69.3305436, 41.3513667 ], [ 69.330788, 41.3512802 ], [ 69.3308341, 41.3513563 ], [ 69.330621, 41.3514324 ], [ 69.3305867, 41.3514677 ], [ 69.3305784, 41.3515062 ], [ 69.3305866, 41.3515426 ], [ 69.3306078, 41.3515822 ], [ 69.330795, 41.351807 ] ] ] } },
{ "type": "Feature", "properties": { "id": "way/1295682699", "@timestamp": "2024-06-24T10:33:35", "Площадь": 0.11, "Туман": "Юнусобод" }, "geometry": { "type": "Polygon", "coordinates": [ [ [ 69.2914341, 41.3494675 ], [ 69.2914296, 41.3493086 ], [ 69.2921812, 41.3492964 ], [ 69.2921858, 41.3494554 ], [ 69.2914341, 41.3494675 ] ] ] } },
{ "type": "Feature", "properties": { "id": "way/1295810861", "@timestamp": "2024-06-24T18:39:27", "Площадь": 0.04, "Туман": "Янгиҳает" }, "geometry": { "type": "Polygon", "coordinates": [ [ [ 69.197067, 41.2361312 ], [ 69.1969077, 41.2359787 ], [ 69.1970943, 41.2358702 ], [ 69.1972063, 41.2359488 ], [ 69.197067, 41.2361312 ] ] ] } },
{ "type": "Feature", "properties": { "id": "way/1295814741", "@timestamp": "2024-06-24T18:58:22", "Площадь": 0.05, "Туман": "Янгиҳает" }, "geometry": { "type": "Polygon", "coordinates": [ [ [ 69.1972676, 41.2357221 ], [ 69.1971901, 41.235769 ], [ 69.1969823, 41.2355672 ], [ 69.1971474, 41.2354692 ], [ 69.1973101, 41.2356336 ], [ 69.1972676, 41.2357221 ] ] ] } },
{ "type": "Feature", "properties": { "id": "way/1295814742", "@timestamp": "2024-06-24T18:58:22", "Площадь": 0.03, "Туман": "Янгиҳает" }, "geometry": { "type": "Polygon", "coordinates": [ [ [ 69.1971179, 41.2351163 ], [ 69.1970561, 41.2351045 ], [ 69.1969612, 41.2350111 ], [ 69.1971575, 41.2348984 ], [ 69.1972654, 41.2350046 ], [ 69.1972488, 41.2350469 ], [ 69.1971179, 41.2351163 ] ] ] } },
{ "type": "Feature", "properties": { "id": "way/1295814743", "@timestamp": "2024-06-24T18:58:22", "Площадь": 0.04, "Туман": "Янгиҳает" }, "geometry": { "type": "Polygon", "coordinates": [ [ [ 69.1966154, 41.2343788 ], [ 69.1964151, 41.2344948 ], [ 69.1963176, 41.2344014 ], [ 69.1963112, 41.23437 ], [ 69.1963262, 41.2343369 ], [ 69.1964365, 41.2342717 ], [ 69.1964783, 41.2342677 ], [ 69.1965136, 41.2342782 ], [ 69.1966154, 41.2343788 ] ] ] } },
{ "type": "Feature", "properties": { "id": "way/1295814744", "@timestamp": "2024-06-24T18:58:22", "Площадь": 0.04, "Туман": "Янгиҳает" }, "geometry": { "type": "Polygon", "coordinates": [ [ [ 69.1958463, 41.2339384 ], [ 69.1960365, 41.2338305 ], [ 69.1961648, 41.2339583 ], [ 69.1959747, 41.2340662 ], [ 69.1958463, 41.2339384 ] ] ] } },
{ "type": "Feature", "properties": { "id": "way/1295814745", "@timestamp": "2024-06-24T18:58:22", "Площадь": 0.04, "Туман": "Янгиҳает" }, "geometry": { "type": "Polygon", "coordinates": [ [ [ 69.1965278, 41.2340682 ], [ 69.1963642, 41.2339094 ], [ 69.1965281, 41.2338139 ], [ 69.1966916, 41.2339728 ], [ 69.1965278, 41.2340682 ] ] ] } },
{ "type": "Feature", "properties": { "id": "way/1295814746", "@timestamp": "2024-06-24T18:58:22", "Площадь": 0.04, "Туман": "Янгиҳает" }, "geometry": { "type": "Polygon", "coordinates": [ [ [ 69.1951366, 41.2332562 ], [ 69.1949807, 41.233108 ], [ 69.1951725, 41.2329939 ], [ 69.1953284, 41.2331421 ], [ 69.1951366, 41.2332562 ] ] ] } },
{ "type": "Feature", "properties": { "id": "way/1303085948", "@timestamp": "2024-07-22T13:43:56", "Площадь": 0.18, "Туман": "Чилонзор" }, "geometry": { "type": "Polygon", "coordinates": [ [ [ 69.1712724, 41.260346 ], [ 69.1712625, 41.2602311 ], [ 69.1724488, 41.2601683 ], [ 69.1724522, 41.2602155 ], [ 69.1731421, 41.2601871 ], [ 69.1731469, 41.2602544 ], [ 69.1712724, 41.260346 ] ] ] } },
{ "type": "Feature", "properties": { "id": "way/1303093131", "@timestamp": "2024-07-22T14:30:56", "Площадь": 0.18, "Туман": "Яккасарой" }, "geometry": { "type": "Polygon", "coordinates": [ [ [ 69.2463257, 41.2697406 ], [ 69.2459374, 41.2697132 ], [ 69.2459982, 41.2692278 ], [ 69.2463865, 41.2692552 ], [ 69.2463257, 41.2697406 ] ] ] } },
{ "type": "Feature", "properties": { "id": "way/1303761983", "@timestamp": "2024-07-25T20:17:40", "Площадь": 0.21, "Туман": "Учтепа" }, "geometry": { "type": "Polygon", "coordinates": [ [ [ 69.176234, 41.284841 ], [ 69.1754469, 41.2848631 ], [ 69.1754381, 41.2846489 ], [ 69.1755871, 41.2846435 ], [ 69.1757544, 41.2846413 ], [ 69.1757717, 41.2846265 ], [ 69.1757876, 41.2846268 ], [ 69.1758348, 41.2846627 ], [ 69.1759787, 41.2846564 ], [ 69.1760112, 41.2846743 ], [ 69.1760512, 41.2846814 ], [ 69.1760891, 41.2846842 ], [ 69.1761619, 41.2846835 ], [ 69.1762376, 41.2846779 ], [ 69.1762751, 41.2846735 ], [ 69.1763112, 41.284666 ], [ 69.1763466, 41.2846432 ], [ 69.1765016, 41.2846381 ], [ 69.1765522, 41.2846037 ], [ 69.1766056, 41.2846029 ], [ 69.1766182, 41.2846129 ], [ 69.1767762, 41.2846094 ], [ 69.1767871, 41.2846816 ], [ 69.176234, 41.284841 ] ] ] } },
{ "type": "Feature", "properties": { "id": "way/1303761986", "@timestamp": "2024-07-25T20:17:40", "Площадь": 0.04, "Туман": "Учтепа" }, "geometry": { "type": "Polygon", "coordinates": [ [ [ 69.1777213, 41.2837293 ], [ 69.1778606, 41.2836179 ], [ 69.1780645, 41.2837619 ], [ 69.1779251, 41.2838733 ], [ 69.1777213, 41.2837293 ] ] ] } },
{ "type": "Feature", "properties": { "id": "way/1304153044", "@timestamp": "2024-07-27T21:52:45", "Площадь": 0.16, "Туман": "Чилонзор" }, "geometry": { "type": "Polygon", "coordinates": [ [ [ 69.2527428, 41.3060327 ], [ 69.2520411, 41.3057534 ], [ 69.252135, 41.3056343 ], [ 69.2521934, 41.3056076 ], [ 69.2525486, 41.3056305 ], [ 69.2526431, 41.3057544 ], [ 69.2527777, 41.3057036 ], [ 69.2527783, 41.3058487 ], [ 69.2527428, 41.3060327 ] ] ] } },
{ "type": "Feature", "properties": { "id": "way/1307134856", "@timestamp": "2024-08-11T21:56:23", "Площадь": 0.09, "Туман": "Яшнобод" }, "geometry": { "type": "Polygon", "coordinates": [ [ [ 69.3141519, 41.3043196 ], [ 69.3139163, 41.3041506 ], [ 69.3138073, 41.3041799 ], [ 69.3134256, 41.3040656 ], [ 69.3133383, 41.3040671 ], [ 69.3139964, 41.3039444 ], [ 69.3141519, 41.3043196 ] ] ] } },
{ "type": "Feature", "properties": { "id": "way/1307142190", "@timestamp": "2025-07-16T23:04:41", "Площадь": 0.24, "Туман": "Олмазор" }, "geometry": { "type": "Polygon", "coordinates": [ [ [ 69.2261168, 41.3595765 ], [ 69.2257813, 41.3595122 ], [ 69.2259747, 41.3591358 ], [ 69.2261168, 41.3588339 ], [ 69.226187, 41.3588544 ], [ 69.2261179, 41.3590651 ], [ 69.226289, 41.3590779 ], [ 69.2266851, 41.3591147 ], [ 69.2266944, 41.3591862 ], [ 69.2267073, 41.3592861 ], [ 69.2262298, 41.3592694 ], [ 69.2261168, 41.3595765 ] ] ] } },
{ "type": "Feature", "properties": { "id": "way/1307142194", "@timestamp": "2024-08-11T23:14:27", "Площадь": 0.23, "Туман": "Олмазор" }, "geometry": { "type": "Polygon", "coordinates": [ [ [ 69.2340695, 41.359601 ], [ 69.2337408, 41.359583 ], [ 69.2338008, 41.3593287 ], [ 69.2338264, 41.3591501 ], [ 69.2338555, 41.3589509 ], [ 69.2342646, 41.3589651 ], [ 69.2342355, 41.359019 ], [ 69.2343211, 41.3590434 ], [ 69.2341482, 41.3593736 ], [ 69.2341397, 41.3594687 ], [ 69.234078, 41.3594687 ], [ 69.2340695, 41.359601 ] ] ] } },
{ "type": "Feature", "properties": { "id": "way/1307142196", "@timestamp": "2024-08-11T23:14:27", "Площадь": 0.13, "Туман": "Олмазор" }, "geometry": { "type": "Polygon", "coordinates": [ [ [ 69.2319782, 41.3591315 ], [ 69.2319617, 41.3588196 ], [ 69.2321506, 41.3588274 ], [ 69.2321508, 41.3587889 ], [ 69.2323993, 41.358791 ], [ 69.2324039, 41.3591227 ], [ 69.2319782, 41.3591315 ] ] ] } },
{ "type": "Feature", "properties": { "id": "way/1307142199", "@timestamp": "2024-08-11T23:14:27", "Площадь": 0.24, "Туман": "Олмазор" }, "geometry": { "type": "Polygon", "coordinates": [ [ [ 69.2338702, 41.3563865 ], [ 69.2326138, 41.3561848 ], [ 69.2326857, 41.3560139 ], [ 69.2327541, 41.3558919 ], [ 69.2339232, 41.3563069 ], [ 69.2338702, 41.3563865 ] ] ] } },
{ "type": "Feature", "properties": { "id": "way/1309827225", "@timestamp": "2025-08-07T15:13:21", "Площадь": 0.3, "Туман": "Шайхонтоҳур" }, "geometry": { "type": "Polygon", "coordinates": [ [ [ 69.2662598, 41.3230303 ], [ 69.2663404, 41.3232862 ], [ 69.2654112, 41.3233823 ], [ 69.2652494, 41.3233213 ], [ 69.2651453, 41.3227019 ], [ 69.2653131, 41.3227035 ], [ 69.2653441, 41.3230329 ], [ 69.2653943, 41.3230517 ], [ 69.2654157, 41.3231645 ], [ 69.2655528, 41.3231498 ], [ 69.2656, 41.3231368 ], [ 69.2662598, 41.3230303 ] ] ] } },
{ "type": "Feature", "properties": { "id": "way/1310765034", "@timestamp": "2024-08-24T00:10:12", "Площадь": 0.15, "Туман": "Мирзо Улуғбек" }, "geometry": { "type": "Polygon", "coordinates": [ [ [ 69.3040434, 41.323332 ], [ 69.3040032, 41.3231845 ], [ 69.3042426, 41.323142 ], [ 69.3042917, 41.3231724 ], [ 69.304778, 41.3231832 ], [ 69.3049524, 41.3233256 ], [ 69.3043387, 41.3234203 ], [ 69.3042304, 41.3233053 ], [ 69.3040434, 41.323332 ] ] ] } },
{ "type": "Feature", "properties": { "id": "way/1310904447", "@timestamp": "2024-08-24T19:05:07", "Площадь": 0.12, "Туман": "Яккасарой" }, "geometry": { "type": "Polygon", "coordinates": [ [ [ 69.26384, 41.2752714 ], [ 69.2635944, 41.275207 ], [ 69.26376, 41.2748259 ], [ 69.2640099, 41.274886 ], [ 69.264023, 41.275076 ], [ 69.26384, 41.2752714 ] ] ] } },
{ "type": "Feature", "properties": { "id": "way/1311322003", "@timestamp": "2025-07-09T23:51:21", "Площадь": 0.1, "Туман": "Учтепа" }, "geometry": { "type": "Polygon", "coordinates": [ [ [ 69.1747061, 41.2982765 ], [ 69.1744538, 41.2981415 ], [ 69.1746675, 41.2978477 ], [ 69.1749672, 41.298005 ], [ 69.1747485, 41.2982255 ], [ 69.1747061, 41.2982765 ] ] ] } },
{ "type": "Feature", "properties": { "id": "way/1311322008", "@timestamp": "2024-08-26T17:06:21", "Площадь": 0.15, "Туман": "Учтепа" }, "geometry": { "type": "Polygon", "coordinates": [ [ [ 69.1506944, 41.2951804 ], [ 69.1506728, 41.2949125 ], [ 69.1511316, 41.2948989 ], [ 69.1511941, 41.295311 ], [ 69.1506944, 41.2951804 ] ] ] } },
{ "type": "Feature", "properties": { "id": "way/1311322012", "@timestamp": "2024-08-26T17:06:21", "Площадь": 0.21, "Туман": "Учтепа" }, "geometry": { "type": "Polygon", "coordinates": [ [ [ 69.1507975, 41.2939236 ], [ 69.1508607, 41.2944471 ], [ 69.1509757, 41.2944392 ], [ 69.1509889, 41.2945487 ], [ 69.1508274, 41.2945597 ], [ 69.1508442, 41.2946991 ], [ 69.1506084, 41.2947152 ], [ 69.1505151, 41.2939428 ], [ 69.1507975, 41.2939236 ] ] ] } },
{ "type": "Feature", "properties": { "id": "way/1311322013", "@timestamp": "2024-08-26T17:06:21", "Площадь": 0.03, "Туман": "Учтепа" }, "geometry": { "type": "Polygon", "coordinates": [ [ [ 69.1505022, 41.2937925 ], [ 69.1504866, 41.2936272 ], [ 69.1506938, 41.2936161 ], [ 69.1507094, 41.2937814 ], [ 69.1505022, 41.2937925 ] ] ] } },
{ "type": "Feature", "properties": { "id": "way/1311703653", "@timestamp": "2024-08-28T07:37:44", "Площадь": 0.2, "Туман": "Миробод" }, "geometry": { "type": "Polygon", "coordinates": [ [ [ 69.309889, 41.2587022 ], [ 69.3109799, 41.2591538 ], [ 69.3109014, 41.2593468 ], [ 69.3098911, 41.2588925 ], [ 69.309889, 41.2587022 ] ] ] } },
{ "type": "Feature", "properties": { "id": "way/1311893891", "@timestamp": "2024-08-28T22:35:02", "Площадь": 0.29, "Туман": "Учтепа" }, "geometry": { "type": "Polygon", "coordinates": [ [ [ 69.1573774, 41.3203278 ], [ 69.1577428, 41.3211606 ], [ 69.1576616, 41.3212311 ], [ 69.1572403, 41.3209776 ], [ 69.1570094, 41.3204326 ], [ 69.1573774, 41.3203278 ] ] ] } },
{ "type": "Feature", "properties": { "id": "way/1311893899", "@timestamp": "2024-08-28T22:35:02", "Площадь": 0.13, "Туман": "Шайхонтоҳур" }, "geometry": { "type": "Polygon", "coordinates": [ [ [ 69.2223957, 41.3280143 ], [ 69.2220145, 41.3282193 ], [ 69.2219146, 41.3280305 ], [ 69.2219978, 41.327988 ], [ 69.2218563, 41.327823 ], [ 69.2220894, 41.3277105 ], [ 69.2223957, 41.3280143 ] ] ] } },
{ "type": "Feature", "properties": { "id": "way/1311893902", "@timestamp": "2024-08-28T22:35:02", "Площадь": 0.12, "Туман": "Олмазор" }, "geometry": { "type": "Polygon", "coordinates": [ [ [ 69.2083193, 41.3561462 ], [ 69.2084276, 41.3560026 ], [ 69.2090631, 41.3562639 ], [ 69.2090281, 41.356312 ], [ 69.2091642, 41.3563679 ], [ 69.2091039, 41.3564505 ], [ 69.2083193, 41.3561462 ] ] ] } },
{ "type": "Feature", "properties": { "id": "way/1312031911", "@timestamp": "2026-02-10T01:47:03", "Площадь": 0.52, "Туман": "Олмазор" }, "geometry": { "type": "Polygon", "coordinates": [ [ [ 69.2016731, 41.3531123 ], [ 69.2006671, 41.3531159 ], [ 69.2006667, 41.3532059 ], [ 69.2000067, 41.3532085 ], [ 69.2000052, 41.3528253 ], [ 69.2016666, 41.3528065 ], [ 69.2016731, 41.3531123 ] ] ] } },
{ "type": "Feature", "properties": { "id": "way/1312031913", "@timestamp": "2024-08-29T13:51:28", "Площадь": 0.14, "Туман": "Олмазор" }, "geometry": { "type": "Polygon", "coordinates": [ [ [ 69.2057485, 41.3538631 ], [ 69.2057463, 41.3531237 ], [ 69.2059294, 41.3531214 ], [ 69.2059355, 41.353705 ], [ 69.2060028, 41.353705 ], [ 69.2060009, 41.3538625 ], [ 69.2057485, 41.3538631 ] ] ] } },
{ "type": "Feature", "properties": { "id": "way/1312031915", "@timestamp": "2025-06-16T12:58:54", "Площадь": 0.23, "Туман": "Юнусобод" }, "geometry": { "type": "Polygon", "coordinates": [ [ [ 69.2595394, 41.3853699 ], [ 69.2594383, 41.3854179 ], [ 69.2586831, 41.3850324 ], [ 69.2586089, 41.3851206 ], [ 69.2578661, 41.384729 ], [ 69.2580084, 41.384585 ], [ 69.2587325, 41.3849562 ], [ 69.2595394, 41.3853699 ] ] ] } },
{ "type": "Feature", "properties": { "id": "way/1312031921", "@timestamp": "2024-08-29T13:51:28", "Площадь": 0.07, "Туман": "Юнусобод" }, "geometry": { "type": "Polygon", "coordinates": [ [ [ 69.2403953, 41.3979861 ], [ 69.2403834, 41.3978247 ], [ 69.2408596, 41.3978049 ], [ 69.2408715, 41.3979664 ], [ 69.2403953, 41.3979861 ] ] ] } },
{ "type": "Feature", "properties": { "id": "way/1313067436", "@timestamp": "2024-09-03T16:31:15", "Площадь": 0.15, "Туман": "Яшнобод" }, "geometry": { "type": "Polygon", "coordinates": [ [ [ 69.3471292, 41.2620598 ], [ 69.3469981, 41.2619992 ], [ 69.3473121, 41.2616524 ], [ 69.3473818, 41.2616798 ], [ 69.347983, 41.261916 ], [ 69.3477068, 41.2619269 ], [ 69.3475621, 41.2619328 ], [ 69.3474527, 41.2619516 ], [ 69.3473622, 41.2619766 ], [ 69.3472796, 41.2620058 ], [ 69.3471292, 41.2620598 ] ] ] } },
{ "type": "Feature", "properties": { "id": "way/1314199197", "@timestamp": "2024-09-08T16:52:02", "Площадь": 0.03, "Туман": "Юнусобод" }, "geometry": { "type": "Polygon", "coordinates": [ [ [ 69.2854437, 41.3523263 ], [ 69.2851441, 41.3523286 ], [ 69.2851424, 41.3522075 ], [ 69.2854421, 41.3522051 ], [ 69.2854437, 41.3523263 ] ] ] } },
{ "type": "Feature", "properties": { "id": "way/1315225375", "@timestamp": "2024-09-13T00:36:55", "Площадь": 0.18, "Туман": "Яшнобод" }, "geometry": { "type": "Polygon", "coordinates": [ [ [ 69.3729176, 41.2814903 ], [ 69.3730171, 41.2813126 ], [ 69.3735473, 41.2814986 ], [ 69.3736904, 41.281474 ], [ 69.3739345, 41.2815549 ], [ 69.3738596, 41.2817649 ], [ 69.3736037, 41.2816795 ], [ 69.3735894, 41.2817044 ], [ 69.3729176, 41.2814903 ] ] ] } },
{ "type": "Feature", "properties": { "id": "way/1315407545", "@timestamp": "2024-09-13T20:58:13", "Площадь": 0.3, "Туман": "Яшнобод" }, "geometry": { "type": "Polygon", "coordinates": [ [ [ 69.3566699, 41.3008074 ], [ 69.3563435, 41.3009712 ], [ 69.3560613, 41.3006597 ], [ 69.3559219, 41.3007284 ], [ 69.3557123, 41.3004713 ], [ 69.3561847, 41.3002405 ], [ 69.3566699, 41.3008074 ] ] ] } },
{ "type": "Feature", "properties": { "id": "way/1315434541", "@timestamp": "2026-03-08T11:49:27", "Площадь": 0.03, "Туман": "Яшнобод" }, "geometry": { "type": "Polygon", "coordinates": [ [ [ 69.3662855, 41.2689026 ], [ 69.3660857, 41.2689718 ], [ 69.3659015, 41.2688403 ], [ 69.3659846, 41.2687841 ], [ 69.3662855, 41.2689026 ] ] ] } },
{ "type": "Feature", "properties": { "id": "way/1315567878", "@timestamp": "2024-09-14T18:33:12", "Площадь": 0.04, "Туман": "Сергели" }, "geometry": { "type": "Polygon", "coordinates": [ [ [ 69.2124147, 41.226717 ], [ 69.2124427, 41.2267518 ], [ 69.2118068, 41.227643 ], [ 69.2117809, 41.227607 ], [ 69.2124147, 41.226717 ] ] ] } },
{ "type": "Feature", "properties": { "id": "way/1315567935", "@timestamp": "2024-09-14T18:33:12", "Площадь": 0.05, "Туман": "Сергели" }, "geometry": { "type": "Polygon", "coordinates": [ [ [ 69.2076678, 41.2287219 ], [ 69.2072387, 41.2290377 ], [ 69.2071995, 41.2290198 ], [ 69.2074502, 41.2286706 ], [ 69.2074718, 41.2286405 ], [ 69.2076678, 41.2287219 ] ] ] } },
{ "type": "Feature", "properties": { "id": "way/1315791878", "@timestamp": "2024-09-15T20:51:08", "Площадь": 0.18, "Туман": "Яккасарой" }, "geometry": { "type": "Polygon", "coordinates": [ [ [ 69.2382661, 41.267358 ], [ 69.2383171, 41.2672191 ], [ 69.238419, 41.2670934 ], [ 69.2385193, 41.2670336 ], [ 69.2392239, 41.2666449 ], [ 69.2392796, 41.2666783 ], [ 69.2386497, 41.267188 ], [ 69.238731, 41.2672415 ], [ 69.23861, 41.267321 ], [ 69.2385989, 41.2673867 ], [ 69.2382661, 41.267358 ] ] ] } },
{ "type": "Feature", "properties": { "id": "way/1315791891", "@timestamp": "2024-09-15T20:51:08", "Площадь": 0.09, "Туман": "Яккасарой" }, "geometry": { "type": "Polygon", "coordinates": [ [ [ 69.2399825, 41.2696847 ], [ 69.2397387, 41.2695784 ], [ 69.2398905, 41.2694048 ], [ 69.2403877, 41.2694394 ], [ 69.2399825, 41.2696847 ] ] ] } },
{ "type": "Feature", "properties": { "id": "way/1315809811", "@timestamp": "2024-09-15T22:36:17", "Площадь": 0.17, "Туман": "Яккасарой" }, "geometry": { "type": "Polygon", "coordinates": [ [ [ 69.2565627, 41.2700179 ], [ 69.2565571, 41.269956 ], [ 69.2565487, 41.2698621 ], [ 69.2567284, 41.2698822 ], [ 69.2568289, 41.2698792 ], [ 69.2572908, 41.2697974 ], [ 69.2573166, 41.2698891 ], [ 69.2570903, 41.2699052 ], [ 69.2570903, 41.2699191 ], [ 69.2574984, 41.2698968 ], [ 69.2574516, 41.2698186 ], [ 69.2577291, 41.2697438 ], [ 69.2577969, 41.26986 ], [ 69.2575505, 41.2699724 ], [ 69.2574417, 41.2700055 ], [ 69.2565627, 41.2700179 ] ] ] } },
{ "type": "Feature", "properties": { "id": "way/1315809812", "@timestamp": "2024-09-15T22:36:17", "Площадь": 0.11, "Туман": "Яккасарой" }, "geometry": { "type": "Polygon", "coordinates": [ [ [ 69.2551454, 41.2696592 ], [ 69.2551518, 41.2696409 ], [ 69.2551722, 41.2695829 ], [ 69.2552557, 41.2695994 ], [ 69.2552617, 41.2695732 ], [ 69.2554635, 41.2696143 ], [ 69.2554744, 41.2695755 ], [ 69.2557488, 41.2696091 ], [ 69.2559088, 41.2696196 ], [ 69.2560201, 41.2696278 ], [ 69.2560132, 41.2697421 ], [ 69.2559058, 41.2697384 ], [ 69.2558223, 41.2697907 ], [ 69.2554664, 41.2697481 ], [ 69.2554535, 41.2697466 ], [ 69.2551454, 41.2696592 ] ] ] } },
{ "type": "Feature", "properties": { "id": "way/1316034481", "@timestamp": "2025-10-20T02:45:07", "Площадь": 1.03, "Туман": "Янгиҳает" }, "geometry": { "type": "Polygon", "coordinates": [ [ [ 69.1930851, 41.1914181 ], [ 69.1927935, 41.1917085 ], [ 69.1923818, 41.1914884 ], [ 69.1919461, 41.1912614 ], [ 69.1908719, 41.1924612 ], [ 69.1904239, 41.1922361 ], [ 69.1908542, 41.191767 ], [ 69.1910448, 41.1918137 ], [ 69.1919003, 41.1908279 ], [ 69.1925477, 41.1911415 ], [ 69.1930851, 41.1914181 ] ] ] } },
{ "type": "Feature", "properties": { "id": "way/1316069587", "@timestamp": "2026-01-26T09:37:33", "Площадь": 0.07, "Туман": "Учтепа" }, "geometry": { "type": "Polygon", "coordinates": [ [ [ 69.172375, 41.2817328 ], [ 69.1723133, 41.2817732 ], [ 69.1720172, 41.281518 ], [ 69.1720687, 41.2814842 ], [ 69.1721974, 41.2813999 ], [ 69.1724036, 41.2815776 ], [ 69.1723563, 41.2816086 ], [ 69.1724463, 41.2816861 ], [ 69.172375, 41.2817328 ] ] ] } },
{ "type": "Feature", "properties": { "id": "way/1316248932", "@timestamp": "2024-09-17T22:18:59", "Площадь": 0.05, "Туман": "Сергели" }, "geometry": { "type": "Polygon", "coordinates": [ [ [ 69.221222, 41.2198158 ], [ 69.22127, 41.2197448 ], [ 69.2211761, 41.2197089 ], [ 69.2212388, 41.2196164 ], [ 69.221556, 41.2197379 ], [ 69.2214453, 41.2199013 ], [ 69.221222, 41.2198158 ] ] ] } },
{ "type": "Feature", "properties": { "id": "way/1316514682", "@timestamp": "2026-04-19T16:12:08", "Площадь": 0.09, "Туман": "Янгиҳает" }, "geometry": { "type": "Polygon", "coordinates": [ [ [ 69.2143271, 41.2032087 ], [ 69.2139792, 41.2030686 ], [ 69.2139721, 41.2030779 ], [ 69.2141422, 41.2028455 ], [ 69.2144208, 41.202962 ], [ 69.2144338, 41.2029715 ], [ 69.2144442, 41.2029817 ], [ 69.2144504, 41.2029952 ], [ 69.214454, 41.2030083 ], [ 69.2144547, 41.2030222 ], [ 69.2144528, 41.2030344 ], [ 69.214448, 41.203048 ], [ 69.214441, 41.2030608 ], [ 69.2143271, 41.2032087 ] ] ] } },
{ "type": "Feature", "properties": { "id": "way/1316514683", "@timestamp": "2024-09-18T21:25:55", "Площадь": 0.21, "Туман": "Янгиҳает" }, "geometry": { "type": "Polygon", "coordinates": [ [ [ 69.211957, 41.2021145 ], [ 69.211408, 41.2018888 ], [ 69.21138, 41.2019259 ], [ 69.2112768, 41.2018871 ], [ 69.2112555, 41.201916 ], [ 69.2111564, 41.2018824 ], [ 69.2110258, 41.2020701 ], [ 69.2109358, 41.2020334 ], [ 69.2106692, 41.2024068 ], [ 69.2105865, 41.2023769 ], [ 69.2106141, 41.2023123 ], [ 69.2107642, 41.2020979 ], [ 69.2108975, 41.2019573 ], [ 69.2109804, 41.2018984 ], [ 69.2111428, 41.2016574 ], [ 69.2120376, 41.2020077 ], [ 69.211957, 41.2021145 ] ] ] } },
{ "type": "Feature", "properties": { "id": "way/1317254449", "@timestamp": "2024-09-21T21:44:06", "Площадь": 0.05, "Туман": "Яшнобод" }, "geometry": { "type": "Polygon", "coordinates": [ [ [ 69.3222394, 41.2936082 ], [ 69.3222638, 41.2935569 ], [ 69.3233598, 41.2931901 ], [ 69.3233849, 41.293228 ], [ 69.3222394, 41.2936082 ] ] ] } },
{ "type": "Feature", "properties": { "id": "way/1317927713", "@timestamp": "2025-10-05T15:32:28", "Площадь": 0.32, "Туман": "Юнусобод" }, "geometry": { "type": "Polygon", "coordinates": [ [ [ 69.2882924, 41.350556 ], [ 69.288189, 41.3505665 ], [ 69.2880593, 41.3505792 ], [ 69.2880732, 41.3506585 ], [ 69.2882033, 41.3506457 ], [ 69.2882731, 41.3510335 ], [ 69.2884194, 41.3510187 ], [ 69.2884314, 41.3510919 ], [ 69.2881036, 41.351108 ], [ 69.2880055, 41.3510229 ], [ 69.2878813, 41.3503741 ], [ 69.2880576, 41.3503035 ], [ 69.2880759, 41.3498112 ], [ 69.288048, 41.3497638 ], [ 69.2878617, 41.349768 ], [ 69.2878333, 41.34967 ], [ 69.2881946, 41.3496713 ], [ 69.2882052, 41.3498015 ], [ 69.2882164, 41.3499404 ], [ 69.2881672, 41.3499463 ], [ 69.2882384, 41.3502868 ], [ 69.2882924, 41.350556 ] ] ] } },
{ "type": "Feature", "properties": { "id": "way/1317964117", "@timestamp": "2024-09-24T19:30:47", "Площадь": 0.1, "Туман": "Юнусобод" }, "geometry": { "type": "Polygon", "coordinates": [ [ [ 69.2795151, 41.3449689 ], [ 69.2794617, 41.3449026 ], [ 69.2805653, 41.3445181 ], [ 69.2807238, 41.3445687 ], [ 69.2795151, 41.3449689 ] ] ] } },
{ "type": "Feature", "properties": { "id": "way/1317964118", "@timestamp": "2024-09-24T19:30:47", "Площадь": 0.07, "Туман": "Юнусобод" }, "geometry": { "type": "Polygon", "coordinates": [ [ [ 69.2813898, 41.3449081 ], [ 69.2814218, 41.3449397 ], [ 69.2813281, 41.3450053 ], [ 69.2808412, 41.3445253 ], [ 69.2809422, 41.3444663 ], [ 69.2813898, 41.3449081 ] ] ] } },
{ "type": "Feature", "properties": { "id": "way/1318192920", "@timestamp": "2024-09-25T19:16:33", "Площадь": 0.24, "Туман": "Яшнобод" }, "geometry": { "type": "Polygon", "coordinates": [ [ [ 69.3418135, 41.2990567 ], [ 69.3418142, 41.2988646 ], [ 69.3417046, 41.2986319 ], [ 69.3420435, 41.2986756 ], [ 69.3421634, 41.2986373 ], [ 69.3421583, 41.2986154 ], [ 69.3422243, 41.2985991 ], [ 69.3419391, 41.2979821 ], [ 69.3419686, 41.297971 ], [ 69.3419533, 41.2979308 ], [ 69.3421062, 41.2978938 ], [ 69.3421379, 41.2979102 ], [ 69.3421379, 41.2980366 ], [ 69.3423957, 41.2986062 ], [ 69.342459, 41.2986373 ], [ 69.3423356, 41.2986907 ], [ 69.3421641, 41.2987924 ], [ 69.3418135, 41.2990567 ] ] ] } },
{ "type": "Feature", "properties": { "id": "way/1318192945", "@timestamp": "2024-09-25T19:16:33", "Площадь": 0.06, "Туман": "Яшнобод" }, "geometry": { "type": "Polygon", "coordinates": [ [ [ 69.3440304, 41.2964035 ], [ 69.3439601, 41.2962461 ], [ 69.3438952, 41.2960977 ], [ 69.3440772, 41.2960524 ], [ 69.3442119, 41.2963581 ], [ 69.3440304, 41.2964035 ] ] ] } },
{ "type": "Feature", "properties": { "id": "way/1318192947", "@timestamp": "2024-09-25T19:16:33", "Площадь": 0.07, "Туман": "Яшнобод" }, "geometry": { "type": "Polygon", "coordinates": [ [ [ 69.3428456, 41.2968688 ], [ 69.3433439, 41.296684 ], [ 69.3434111, 41.2966582 ], [ 69.3436754, 41.2965606 ], [ 69.3436853, 41.2965335 ], [ 69.3438044, 41.2964979 ], [ 69.343824, 41.2965438 ], [ 69.3436045, 41.2966483 ], [ 69.3433932, 41.2967451 ], [ 69.3432818, 41.2967919 ], [ 69.3431705, 41.2968333 ], [ 69.3428866, 41.2969359 ], [ 69.3428456, 41.2968688 ] ] ] } },
{ "type": "Feature", "properties": { "id": "way/1318221581", "@timestamp": "2024-09-25T21:22:31", "Площадь": 0.05, "Туман": "Яшнобод" }, "geometry": { "type": "Polygon", "coordinates": [ [ [ 69.335747, 41.2849549 ], [ 69.3356753, 41.2847864 ], [ 69.3359611, 41.2847156 ], [ 69.3360296, 41.2848861 ], [ 69.335747, 41.2849549 ] ] ] } },
{ "type": "Feature", "properties": { "id": "way/1318501484", "@timestamp": "2024-09-26T20:37:17", "Площадь": 0.11, "Туман": "Миробод" }, "geometry": { "type": "Polygon", "coordinates": [ [ [ 69.273416, 41.2924525 ], [ 69.2732436, 41.2926054 ], [ 69.2732981, 41.2926401 ], [ 69.2732133, 41.2927154 ], [ 69.2728819, 41.2925046 ], [ 69.2731391, 41.2922763 ], [ 69.273416, 41.2924525 ] ] ] } },
{ "type": "Feature", "properties": { "id": "way/1318507184", "@timestamp": "2024-09-26T21:06:00", "Площадь": 0.24, "Туман": "Миробод" }, "geometry": { "type": "Polygon", "coordinates": [ [ [ 69.2717579, 41.2887979 ], [ 69.2709861, 41.2882334 ], [ 69.2712119, 41.2880591 ], [ 69.2719835, 41.2886237 ], [ 69.2717579, 41.2887979 ] ] ] } },
{ "type": "Feature", "properties": { "id": "way/1318507186", "@timestamp": "2024-09-26T21:06:00", "Площадь": 0.03, "Туман": "Миробод" }, "geometry": { "type": "Polygon", "coordinates": [ [ [ 69.2704747, 41.2869487 ], [ 69.2703215, 41.2868708 ], [ 69.2704469, 41.2867316 ], [ 69.2706001, 41.2868095 ], [ 69.2704747, 41.2869487 ] ] ] } },
{ "type": "Feature", "properties": { "id": "way/1318532459", "@timestamp": "2024-09-26T22:55:05", "Площадь": 0.07, "Туман": "Яккасарой" }, "geometry": { "type": "Polygon", "coordinates": [ [ [ 69.2687057, 41.2925123 ], [ 69.2688639, 41.2925473 ], [ 69.2689014, 41.2924516 ], [ 69.2689241, 41.2924138 ], [ 69.2690472, 41.2924794 ], [ 69.2686546, 41.2928317 ], [ 69.2685643, 41.2927626 ], [ 69.2686587, 41.2925032 ], [ 69.2687057, 41.2925123 ] ] ] } },
{ "type": "Feature", "properties": { "id": "way/1318532462", "@timestamp": "2024-09-26T22:55:05", "Площадь": 0.32, "Туман": "Миробод" }, "geometry": { "type": "Polygon", "coordinates": [ [ [ 69.2733131, 41.2904084 ], [ 69.2734809, 41.2905078 ], [ 69.27217, 41.2917566 ], [ 69.2720026, 41.2916574 ], [ 69.2733131, 41.2904084 ] ] ] } },
{ "type": "Feature", "properties": { "id": "way/1318532465", "@timestamp": "2024-09-26T22:55:05", "Площадь": 0.15, "Туман": "Миробод" }, "geometry": { "type": "Polygon", "coordinates": [ [ [ 69.2718624, 41.2918231 ], [ 69.2720298, 41.2919225 ], [ 69.2714023, 41.2925189 ], [ 69.271235, 41.2924195 ], [ 69.2718624, 41.2918231 ] ] ] } },
{ "type": "Feature", "properties": { "id": "way/1318532466", "@timestamp": "2024-09-26T22:55:05", "Площадь": 0.15, "Туман": "Яккасарой" }, "geometry": { "type": "Polygon", "coordinates": [ [ [ 69.2710978, 41.2925301 ], [ 69.2712652, 41.2926295 ], [ 69.2706377, 41.2932259 ], [ 69.2704703, 41.2931265 ], [ 69.2710978, 41.2925301 ] ] ] } },
{ "type": "Feature", "properties": { "id": "way/1318532467", "@timestamp": "2024-09-26T22:55:05", "Площадь": 0.15, "Туман": "Яккасарой" }, "geometry": { "type": "Polygon", "coordinates": [ [ [ 69.2703573, 41.2932402 ], [ 69.2705247, 41.2933397 ], [ 69.2698971, 41.293936 ], [ 69.2697298, 41.2938367 ], [ 69.2703573, 41.2932402 ] ] ] } },
{ "type": "Feature", "properties": { "id": "way/1319075925", "@timestamp": "2024-09-28T19:24:07", "Площадь": 0.06, "Туман": "Яккасарой" }, "geometry": { "type": "Polygon", "coordinates": [ [ [ 69.2632467, 41.2759807 ], [ 69.263187, 41.2760268 ], [ 69.2631058, 41.2759796 ], [ 69.262954, 41.2759485 ], [ 69.2626874, 41.2758909 ], [ 69.262787, 41.2757193 ], [ 69.2632467, 41.2759807 ] ] ] } },
{ "type": "Feature", "properties": { "id": "way/1319108597", "@timestamp": "2024-09-28T21:22:33", "Площадь": 0.11, "Туман": "Яккасарой" }, "geometry": { "type": "Polygon", "coordinates": [ [ [ 69.2364034, 41.2859088 ], [ 69.2363288, 41.2859236 ], [ 69.2360529, 41.285138 ], [ 69.2362027, 41.2851083 ], [ 69.236423, 41.2857352 ], [ 69.2363477, 41.2857502 ], [ 69.2364034, 41.2859088 ] ] ] } },
{ "type": "Feature", "properties": { "id": "way/1319345352", "@timestamp": "2026-03-29T09:35:34", "Площадь": 0.14, "Туман": "Мирзо Улуғбек" }, "geometry": { "type": "Polygon", "coordinates": [ [ [ 69.3563079, 41.355091 ], [ 69.3560581, 41.3548798 ], [ 69.3559488, 41.3547807 ], [ 69.3559606, 41.3547414 ], [ 69.3558874, 41.3546488 ], [ 69.3559704, 41.3546033 ], [ 69.3562343, 41.3548453 ], [ 69.3564324, 41.3550269 ], [ 69.3568409, 41.3554155 ], [ 69.3567917, 41.3554434 ], [ 69.3567407, 41.355473 ], [ 69.3566638, 41.3553984 ], [ 69.3566091, 41.3553631 ], [ 69.3563079, 41.355091 ] ] ] } },
{ "type": "Feature", "properties": { "id": "way/1319661341", "@timestamp": "2024-09-30T16:30:26", "Площадь": 0.05, "Туман": "Яккасарой" }, "geometry": { "type": "Polygon", "coordinates": [ [ [ 69.2551577, 41.2946669 ], [ 69.2548868, 41.294855 ], [ 69.2547569, 41.2947495 ], [ 69.2550278, 41.2945613 ], [ 69.2551577, 41.2946669 ] ] ] } },
{ "type": "Feature", "properties": { "id": "way/1319661348", "@timestamp": "2025-07-04T18:41:45", "Площадь": 0.05, "Туман": "Яккасарой" }, "geometry": { "type": "Polygon", "coordinates": [ [ [ 69.2534897, 41.294502 ], [ 69.2533034, 41.2943588 ], [ 69.2534829, 41.294227 ], [ 69.2536692, 41.2943702 ], [ 69.2534897, 41.294502 ] ] ] } },
{ "type": "Feature", "properties": { "id": "way/1321664928", "@timestamp": "2024-10-06T18:14:53", "Площадь": 0.08, "Туман": "Учтепа" }, "geometry": { "type": "Polygon", "coordinates": [ [ [ 69.1770234, 41.2950948 ], [ 69.1772376, 41.2951899 ], [ 69.177361, 41.2950328 ], [ 69.1774406, 41.2950682 ], [ 69.1772866, 41.2952639 ], [ 69.1772099, 41.2952299 ], [ 69.1770783, 41.2953973 ], [ 69.1768613, 41.295301 ], [ 69.1770234, 41.2950948 ] ] ] } },
{ "type": "Feature", "properties": { "id": "way/1321673067", "@timestamp": "2024-10-06T19:04:22", "Площадь": 0.11, "Туман": "Яккасарой" }, "geometry": { "type": "Polygon", "coordinates": [ [ [ 69.2507772, 41.2795556 ], [ 69.2502467, 41.2798716 ], [ 69.2501067, 41.279722 ], [ 69.2502575, 41.2796459 ], [ 69.2502927, 41.2796185 ], [ 69.2503187, 41.2795911 ], [ 69.25034, 41.2795632 ], [ 69.2503568, 41.2795325 ], [ 69.25039, 41.279453 ], [ 69.2507772, 41.2795556 ] ] ] } },
{ "type": "Feature", "properties": { "id": "way/1321673071", "@timestamp": "2024-10-06T19:04:22", "Площадь": 0.05, "Туман": "Яккасарой" }, "geometry": { "type": "Polygon", "coordinates": [ [ [ 69.2472567, 41.2787646 ], [ 69.2471303, 41.2787284 ], [ 69.2469146, 41.2786657 ], [ 69.2468327, 41.2786508 ], [ 69.2468978, 41.2785317 ], [ 69.2473231, 41.2786316 ], [ 69.2472567, 41.2787646 ] ] ] } },
{ "type": "Feature", "properties": { "id": "way/1321691925", "@timestamp": "2024-10-06T20:50:06", "Площадь": 0.06, "Туман": "Юнусобод" }, "geometry": { "type": "Polygon", "coordinates": [ [ [ 69.2853954, 41.3335722 ], [ 69.2847727, 41.3336412 ], [ 69.2847634, 41.3335967 ], [ 69.2848633, 41.3335209 ], [ 69.2853783, 41.3334707 ], [ 69.2853954, 41.3335722 ] ] ] } },
{ "type": "Feature", "properties": { "id": "way/1321929153", "@timestamp": "2024-10-07T18:56:17", "Площадь": 0.08, "Туман": "Чилонзор" }, "geometry": { "type": "Polygon", "coordinates": [ [ [ 69.1774892, 41.2476072 ], [ 69.1776306, 41.2474886 ], [ 69.1780663, 41.2477585 ], [ 69.1779808, 41.2477848 ], [ 69.1778944, 41.2478609 ], [ 69.1774892, 41.2476072 ] ] ] } },
{ "type": "Feature", "properties": { "id": "way/1321969519", "@timestamp": "2024-10-07T21:59:05", "Площадь": 0.08, "Туман": "Юнусобод" }, "geometry": { "type": "Polygon", "coordinates": [ [ [ 69.2855949, 41.3663286 ], [ 69.2853025, 41.3666772 ], [ 69.2852278, 41.3662957 ], [ 69.2853513, 41.3662213 ], [ 69.2855657, 41.3662811 ], [ 69.2855949, 41.3663286 ] ] ] } },
{ "type": "Feature", "properties": { "id": "way/1321992209", "@timestamp": "2024-10-07T22:37:26", "Площадь": 0.1, "Туман": "Юнусобод" }, "geometry": { "type": "Polygon", "coordinates": [ [ [ 69.3126371, 41.3714945 ], [ 69.3124694, 41.3714311 ], [ 69.3127971, 41.3709434 ], [ 69.3129649, 41.3710069 ], [ 69.3126371, 41.3714945 ] ] ] } },
{ "type": "Feature", "properties": { "id": "way/1321992213", "@timestamp": "2024-10-07T22:37:26", "Площадь": 0.2, "Туман": "Юнусобод" }, "geometry": { "type": "Polygon", "coordinates": [ [ [ 69.3107638, 41.3719157 ], [ 69.3104888, 41.3718145 ], [ 69.3109038, 41.3711797 ], [ 69.3111786, 41.3712808 ], [ 69.3107638, 41.3719157 ] ] ] } },
{ "type": "Feature", "properties": { "id": "way/1322608590", "@timestamp": "2024-10-09T15:08:44", "Площадь": 0.17, "Туман": "Сергели" }, "geometry": { "type": "Polygon", "coordinates": [ [ [ 69.2183448, 41.2288189 ], [ 69.2181262, 41.2287368 ], [ 69.2185878, 41.2280317 ], [ 69.2187182, 41.2280837 ], [ 69.2186845, 41.2281363 ], [ 69.2187644, 41.2281653 ], [ 69.2183448, 41.2288189 ] ] ] } },
{ "type": "Feature", "properties": { "id": "way/1322608591", "@timestamp": "2024-10-09T15:08:44", "Площадь": 0.14, "Туман": "Сергели" }, "geometry": { "type": "Polygon", "coordinates": [ [ [ 69.2179513, 41.2294296 ], [ 69.2177243, 41.2293428 ], [ 69.2180824, 41.2288132 ], [ 69.2183093, 41.2288999 ], [ 69.2179513, 41.2294296 ] ] ] } },
{ "type": "Feature", "properties": { "id": "way/1322608593", "@timestamp": "2025-11-27T22:54:15", "Площадь": 0.49, "Туман": "Сергели" }, "geometry": { "type": "Polygon", "coordinates": [ [ [ 69.2161989, 41.2321926 ], [ 69.2160017, 41.232122 ], [ 69.2173847, 41.2299362 ], [ 69.2175059, 41.2299796 ], [ 69.2175519, 41.2300545 ], [ 69.2175242, 41.2300983 ], [ 69.2161989, 41.2321926 ] ] ] } },
{ "type": "Feature", "properties": { "id": "way/1322608617", "@timestamp": "2024-10-09T15:08:44", "Площадь": 0.29, "Туман": "Сергели" }, "geometry": { "type": "Polygon", "coordinates": [ [ [ 69.2137411, 41.2362561 ], [ 69.2134427, 41.2361488 ], [ 69.2140524, 41.2352148 ], [ 69.2142887, 41.2353124 ], [ 69.2137411, 41.2362561 ] ] ] } },
{ "type": "Feature", "properties": { "id": "way/1323242831", "@timestamp": "2024-10-11T18:27:09", "Площадь": 0.28, "Туман": "Яшнобод" }, "geometry": { "type": "Polygon", "coordinates": [ [ [ 69.3042995, 41.3060199 ], [ 69.3042108, 41.3060587 ], [ 69.3040281, 41.3058423 ], [ 69.3034594, 41.3061135 ], [ 69.3032256, 41.3058074 ], [ 69.3038976, 41.3054993 ], [ 69.3042995, 41.3060199 ] ] ] } },
{ "type": "Feature", "properties": { "id": "way/1323242835", "@timestamp": "2024-10-11T18:27:09", "Площадь": 0.19, "Туман": "Яшнобод" }, "geometry": { "type": "Polygon", "coordinates": [ [ [ 69.3038773, 41.3054895 ], [ 69.3032051, 41.3057915 ], [ 69.3030241, 41.3055641 ], [ 69.3036964, 41.3052622 ], [ 69.3038773, 41.3054895 ] ] ] } },
{ "type": "Feature", "properties": { "id": "way/1323242844", "@timestamp": "2024-10-11T18:27:09", "Площадь": 0.35, "Туман": "Яшнобод" }, "geometry": { "type": "Polygon", "coordinates": [ [ [ 69.3059661, 41.3037397 ], [ 69.3058083, 41.3037588 ], [ 69.3057511, 41.3036875 ], [ 69.3056834, 41.3036733 ], [ 69.3055998, 41.3037202 ], [ 69.3056312, 41.303753 ], [ 69.3054109, 41.3038747 ], [ 69.305375, 41.3038365 ], [ 69.3053231, 41.3038642 ], [ 69.305365, 41.3039047 ], [ 69.3051124, 41.3040352 ], [ 69.3050495, 41.3039295 ], [ 69.3049148, 41.303967 ], [ 69.3047614, 41.3035425 ], [ 69.3050565, 41.303544 ], [ 69.3058829, 41.3034761 ], [ 69.3059661, 41.3037397 ] ] ] } },
{ "type": "Feature", "properties": { "id": "way/1323281363", "@timestamp": "2024-10-11T21:48:05", "Площадь": 0.26, "Туман": "Яшнобод" }, "geometry": { "type": "Polygon", "coordinates": [ [ [ 69.3046315, 41.3029394 ], [ 69.3045679, 41.3029039 ], [ 69.3038575, 41.3024739 ], [ 69.3039469, 41.3023934 ], [ 69.3045297, 41.3022974 ], [ 69.3047508, 41.3029251 ], [ 69.3046315, 41.3029394 ] ] ] } },
{ "type": "Feature", "properties": { "id": "way/1323299598", "@timestamp": "2024-10-12T00:29:39", "Площадь": 0.12, "Туман": "Миробод" }, "geometry": { "type": "Polygon", "coordinates": [ [ [ 69.2801826, 41.3040982 ], [ 69.2800015, 41.3045449 ], [ 69.2797405, 41.3044591 ], [ 69.279904, 41.3040284 ], [ 69.2801826, 41.3040982 ] ] ] } },
{ "type": "Feature", "properties": { "id": "way/1323440118", "@timestamp": "2024-10-12T16:02:26", "Площадь": 0.1, "Туман": "Юнусобод" }, "geometry": { "type": "Polygon", "coordinates": [ [ [ 69.2777907, 41.3195495 ], [ 69.2773947, 41.3196382 ], [ 69.2772927, 41.3193813 ], [ 69.2776887, 41.3192926 ], [ 69.2777907, 41.3195495 ] ] ] } },
{ "type": "Feature", "properties": { "id": "way/1323440119", "@timestamp": "2024-10-12T16:02:26", "Площадь": 0.1, "Туман": "Юнусобод" }, "geometry": { "type": "Polygon", "coordinates": [ [ [ 69.2777641, 41.3192108 ], [ 69.2777053, 41.3190728 ], [ 69.2784304, 41.3188984 ], [ 69.2784892, 41.3190363 ], [ 69.2777641, 41.3192108 ] ] ] } },
{ "type": "Feature", "properties": { "id": "way/1323440139", "@timestamp": "2024-10-12T16:02:26", "Площадь": 0.06, "Туман": "Юнусобод" }, "geometry": { "type": "Polygon", "coordinates": [ [ [ 69.2806054, 41.3181238 ], [ 69.2805417, 41.3179543 ], [ 69.2808742, 41.3178863 ], [ 69.2809367, 41.3180516 ], [ 69.2806054, 41.3181238 ] ] ] } },
{ "type": "Feature", "properties": { "id": "way/1323440140", "@timestamp": "2024-10-12T16:02:26", "Площадь": 0.05, "Туман": "Юнусобод" }, "geometry": { "type": "Polygon", "coordinates": [ [ [ 69.2813886, 41.3199369 ], [ 69.2812304, 41.3199565 ], [ 69.2811509, 41.3195949 ], [ 69.2813092, 41.3195753 ], [ 69.2813886, 41.3199369 ] ] ] } },
{ "type": "Feature", "properties": { "id": "way/1323440141", "@timestamp": "2024-10-12T16:02:26", "Площадь": 0.09, "Туман": "Юнусобод" }, "geometry": { "type": "Polygon", "coordinates": [ [ [ 69.2806439, 41.3171232 ], [ 69.2808313, 41.3176696 ], [ 69.2806554, 41.3177052 ], [ 69.2804942, 41.3173122 ], [ 69.2805773, 41.3172878 ], [ 69.2805302, 41.3171524 ], [ 69.2806439, 41.3171232 ] ] ] } },
{ "type": "Feature", "properties": { "id": "way/1323515532", "@timestamp": "2024-10-12T23:31:19", "Площадь": 0.16, "Туман": "Миробод" }, "geometry": { "type": "Polygon", "coordinates": [ [ [ 69.2881271, 41.3018534 ], [ 69.2880656, 41.301907 ], [ 69.287766, 41.3017087 ], [ 69.28819, 41.3012801 ], [ 69.2885094, 41.3014805 ], [ 69.2883954, 41.3015967 ], [ 69.288225, 41.3014958 ], [ 69.2881743, 41.3015402 ], [ 69.2882255, 41.301571 ], [ 69.2880142, 41.3017828 ], [ 69.2881271, 41.3018534 ] ] ] } },
{ "type": "Feature", "properties": { "id": "way/1323544341", "@timestamp": "2024-10-13T03:53:57", "Площадь": 0.83, "Туман": "Шайхонтоҳур" }, "geometry": { "type": "Polygon", "coordinates": [ [ [ 69.1719564, 41.3398993 ], [ 69.1708927, 41.3395704 ], [ 69.1709149, 41.33953 ], [ 69.1707424, 41.3394766 ], [ 69.1710015, 41.3390046 ], [ 69.1711647, 41.339055 ], [ 69.1711881, 41.3390123 ], [ 69.1722702, 41.3393468 ], [ 69.1722452, 41.3393923 ], [ 69.1724213, 41.3394468 ], [ 69.1723871, 41.3395092 ], [ 69.1723531, 41.3395712 ], [ 69.1723161, 41.3396388 ], [ 69.172166, 41.3399125 ], [ 69.1719806, 41.3398552 ], [ 69.1719564, 41.3398993 ] ] ] } },
{ "type": "Feature", "properties": { "id": "way/1323544354", "@timestamp": "2024-10-13T03:53:57", "Площадь": 0.23, "Туман": "Шайхонтоҳур" }, "geometry": { "type": "Polygon", "coordinates": [ [ [ 69.1649671, 41.3389158 ], [ 69.1649332, 41.3386474 ], [ 69.1656558, 41.3385954 ], [ 69.1659069, 41.3388267 ], [ 69.1658714, 41.3389007 ], [ 69.1649671, 41.3389158 ] ] ] } },
{ "type": "Feature", "properties": { "id": "way/1323544358", "@timestamp": "2024-10-13T03:53:57", "Площадь": 0.27, "Туман": "Шайхонтоҳур" }, "geometry": { "type": "Polygon", "coordinates": [ [ [ 69.1660457, 41.3397877 ], [ 69.166044, 41.3398946 ], [ 69.1652476, 41.3398966 ], [ 69.1652789, 41.3407628 ], [ 69.1650777, 41.340759 ], [ 69.1650229, 41.3397996 ], [ 69.1660457, 41.3397877 ] ] ] } },
{ "type": "Feature", "properties": { "id": "way/1323544367", "@timestamp": "2024-10-13T03:53:57", "Площадь": 0.54, "Туман": "Шайхонтоҳур" }, "geometry": { "type": "Polygon", "coordinates": [ [ [ 69.1664672, 41.3376644 ], [ 69.1664549, 41.3376883 ], [ 69.1663788, 41.3376843 ], [ 69.1662814, 41.3376817 ], [ 69.1661646, 41.3376923 ], [ 69.1660408, 41.3377388 ], [ 69.1659788, 41.3377773 ], [ 69.165924, 41.3378252 ], [ 69.1658532, 41.3378358 ], [ 69.165839, 41.3374997 ], [ 69.1656302, 41.3374917 ], [ 69.1656143, 41.3371848 ], [ 69.1662142, 41.3371648 ], [ 69.1663292, 41.3372392 ], [ 69.1665186, 41.3372738 ], [ 69.1669946, 41.3373734 ], [ 69.1668088, 41.3377401 ], [ 69.1664672, 41.3376644 ] ] ] } },
{ "type": "Feature", "properties": { "id": "way/1323545529", "@timestamp": "2024-10-13T04:17:11", "Площадь": 0.05, "Туман": "Шайхонтоҳур" }, "geometry": { "type": "Polygon", "coordinates": [ [ [ 69.167303, 41.3411775 ], [ 69.167567, 41.3411772 ], [ 69.1675679, 41.34135 ], [ 69.1673286, 41.34135 ], [ 69.1672407, 41.341202 ], [ 69.167303, 41.3411775 ] ] ] } },
{ "type": "Feature", "properties": { "id": "way/1323568440", "@timestamp": "2024-10-13T08:34:49", "Площадь": 0.68, "Туман": "Чилонзор" }, "geometry": { "type": "Polygon", "coordinates": [ [ [ 69.1732606, 41.2403333 ], [ 69.1736015, 41.2406475 ], [ 69.1740743, 41.2408907 ], [ 69.1737252, 41.24137 ], [ 69.1731006, 41.2406704 ], [ 69.1723978, 41.2410268 ], [ 69.1723196, 41.2409206 ], [ 69.1722448, 41.2408925 ], [ 69.172434, 41.240306 ], [ 69.1727947, 41.24063 ], [ 69.1732606, 41.2403333 ] ] ] } },
{ "type": "Feature", "properties": { "id": "way/1323576059", "@timestamp": "2024-10-13T09:35:18", "Площадь": 0.07, "Туман": "Шайхонтоҳур" }, "geometry": { "type": "Polygon", "coordinates": [ [ [ 69.2035278, 41.3435179 ], [ 69.2051178, 41.34302 ], [ 69.205141, 41.3430617 ], [ 69.2035507, 41.3435593 ], [ 69.2035278, 41.3435179 ] ] ] } },
{ "type": "Feature", "properties": { "id": "way/1323576073", "@timestamp": "2026-03-09T16:51:05", "Площадь": 1.38, "Туман": "Шайхонтоҳур" }, "geometry": { "type": "Polygon", "coordinates": [ [ [ 69.2045691, 41.3440359 ], [ 69.2042781, 41.343457 ], [ 69.205133, 41.3431927 ], [ 69.2052547, 41.3434084 ], [ 69.2053047, 41.343394 ], [ 69.2051524, 41.3431223 ], [ 69.2056147, 41.3429956 ], [ 69.2060935, 41.3438428 ], [ 69.2060343, 41.343974 ], [ 69.2062229, 41.3443256 ], [ 69.2065676, 41.3449683 ], [ 69.2065154, 41.3449858 ], [ 69.2065584, 41.3450735 ], [ 69.2065407, 41.3450947 ], [ 69.2062553, 41.3451807 ], [ 69.2058522, 41.344435 ], [ 69.2059763, 41.3443961 ], [ 69.2056068, 41.3437252 ], [ 69.2045691, 41.3440359 ] ] ] } },
{ "type": "Feature", "properties": { "id": "way/1323703020", "@timestamp": "2024-10-13T20:53:58", "Площадь": 0.25, "Туман": "Мирзо Улуғбек" }, "geometry": { "type": "Polygon", "coordinates": [ [ [ 69.3891941, 41.3341648 ], [ 69.3888633, 41.3343313 ], [ 69.3888194, 41.3342695 ], [ 69.388517, 41.3340651 ], [ 69.3883601, 41.3341476 ], [ 69.3882466, 41.334028 ], [ 69.3888375, 41.3337227 ], [ 69.3891941, 41.3341648 ] ] ] } },
{ "type": "Feature", "properties": { "id": "way/1323703021", "@timestamp": "2024-10-13T20:53:58", "Площадь": 0.13, "Туман": "Мирзо Улуғбек" }, "geometry": { "type": "Polygon", "coordinates": [ [ [ 69.387239, 41.3341964 ], [ 69.3870089, 41.3343005 ], [ 69.3869641, 41.3342342 ], [ 69.3868401, 41.334042 ], [ 69.3873268, 41.3338083 ], [ 69.387468, 41.3339739 ], [ 69.3871691, 41.3341127 ], [ 69.387239, 41.3341964 ] ] ] } },
{ "type": "Feature", "properties": { "id": "way/1323703051", "@timestamp": "2024-10-13T20:53:58", "Площадь": 0.2, "Туман": "Мирзо Улуғбек" }, "geometry": { "type": "Polygon", "coordinates": [ [ [ 69.3863742, 41.3338397 ], [ 69.3864891, 41.3339699 ], [ 69.3865379, 41.3340252 ], [ 69.3857477, 41.3344146 ], [ 69.3855875, 41.33422 ], [ 69.3859757, 41.3340324 ], [ 69.3862802, 41.3338851 ], [ 69.3863742, 41.3338397 ] ] ] } },
{ "type": "Feature", "properties": { "id": "way/1323703064", "@timestamp": "2024-10-13T20:53:58", "Площадь": 0.07, "Туман": "Мирзо Улуғбек" }, "geometry": { "type": "Polygon", "coordinates": [ [ [ 69.3806843, 41.3283787 ], [ 69.3807421, 41.3283516 ], [ 69.3814661, 41.329245 ], [ 69.3814113, 41.3292733 ], [ 69.3806843, 41.3283787 ] ] ] } },
{ "type": "Feature", "properties": { "id": "way/1323703065", "@timestamp": "2024-10-13T20:53:58", "Площадь": 0.04, "Туман": "Мирзо Улуғбек" }, "geometry": { "type": "Polygon", "coordinates": [ [ [ 69.3815271, 41.3294188 ], [ 69.3815845, 41.3293917 ], [ 69.3820472, 41.3299707 ], [ 69.3819889, 41.3299996 ], [ 69.3815271, 41.3294188 ] ] ] } },
{ "type": "Feature", "properties": { "id": "way/1323719646", "@timestamp": "2024-10-13T22:35:52", "Площадь": 0.18, "Туман": "Миробод" }, "geometry": { "type": "Polygon", "coordinates": [ [ [ 69.2890464, 41.2927626 ], [ 69.2888383, 41.2929471 ], [ 69.2888148, 41.2929645 ], [ 69.2882725, 41.2926083 ], [ 69.2885023, 41.2924108 ], [ 69.2890464, 41.2927626 ] ] ] } },
{ "type": "Feature", "properties": { "id": "way/1324209305", "@timestamp": "2025-12-23T07:45:37", "Площадь": 0.65, "Туман": "Яшнобод" }, "geometry": { "type": "Polygon", "coordinates": [ [ [ 69.3341643, 41.2809991 ], [ 69.3332053, 41.2806062 ], [ 69.3335613, 41.280041 ], [ 69.3345352, 41.2804002 ], [ 69.3341643, 41.2809991 ] ] ] } },
{ "type": "Feature", "properties": { "id": "way/1324209306", "@timestamp": "2024-10-15T19:40:20", "Площадь": 0.09, "Туман": "Яшнобод" }, "geometry": { "type": "Polygon", "coordinates": [ [ [ 69.3347243, 41.2811658 ], [ 69.3345508, 41.281093 ], [ 69.3349319, 41.2805698 ], [ 69.3351014, 41.2806333 ], [ 69.3350407, 41.2807108 ], [ 69.3349389, 41.2806711 ], [ 69.3348034, 41.2808737 ], [ 69.3349143, 41.2809155 ], [ 69.3347243, 41.2811658 ] ] ] } },
{ "type": "Feature", "properties": { "id": "way/1324238217", "@timestamp": "2024-10-15T22:27:13", "Площадь": 0.05, "Туман": "Яшнобод" }, "geometry": { "type": "Polygon", "coordinates": [ [ [ 69.3340873, 41.282139 ], [ 69.3340436, 41.2821228 ], [ 69.3340065, 41.2821793 ], [ 69.3339223, 41.2821481 ], [ 69.3341516, 41.2817989 ], [ 69.3342795, 41.2818464 ], [ 69.3340873, 41.282139 ] ] ] } },
{ "type": "Feature", "properties": { "id": "way/1324238220", "@timestamp": "2024-10-15T22:27:13", "Площадь": 0.05, "Туман": "Яшнобод" }, "geometry": { "type": "Polygon", "coordinates": [ [ [ 69.3341161, 41.2823098 ], [ 69.3340103, 41.2824686 ], [ 69.3337448, 41.2823687 ], [ 69.3338505, 41.28221 ], [ 69.3341161, 41.2823098 ] ] ] } },
{ "type": "Feature", "properties": { "id": "way/1324238238", "@timestamp": "2024-10-15T22:27:13", "Площадь": 0.07, "Туман": "Юнусобод" }, "geometry": { "type": "Polygon", "coordinates": [ [ [ 69.2931046, 41.3276064 ], [ 69.2935661, 41.3275523 ], [ 69.2936512, 41.327848 ], [ 69.2931046, 41.3276064 ] ] ] } },
{ "type": "Feature", "properties": { "id": "way/1324503278", "@timestamp": "2024-10-16T23:23:05", "Площадь": 0.1, "Туман": "Учтепа" }, "geometry": { "type": "Polygon", "coordinates": [ [ [ 69.1484581, 41.2743712 ], [ 69.1483073, 41.2743679 ], [ 69.1483346, 41.2738253 ], [ 69.1486241, 41.2739279 ], [ 69.1485564, 41.2739788 ], [ 69.1485476, 41.2741249 ], [ 69.1484712, 41.2742013 ], [ 69.1484581, 41.2743712 ] ] ] } },
{ "type": "Feature", "properties": { "id": "way/1324503279", "@timestamp": "2024-10-16T23:23:05", "Площадь": 0.21, "Туман": "Учтепа" }, "geometry": { "type": "Polygon", "coordinates": [ [ [ 69.1478224, 41.2707868 ], [ 69.1478715, 41.27004 ], [ 69.1481707, 41.2700461 ], [ 69.1481276, 41.2707984 ], [ 69.1478224, 41.2707868 ] ] ] } },
{ "type": "Feature", "properties": { "id": "way/1324563068", "@timestamp": "2025-12-02T17:46:34", "Площадь": 0.19, "Туман": "Чилонзор" }, "geometry": { "type": "Polygon", "coordinates": [ [ [ 69.2114837, 41.2710165 ], [ 69.2110317, 41.2711536 ], [ 69.2108547, 41.2708341 ], [ 69.2112543, 41.2705781 ], [ 69.2114837, 41.2710165 ] ] ] } },
{ "type": "Feature", "properties": { "id": "way/1326131558", "@timestamp": "2024-10-19T20:18:27", "Площадь": 0.16, "Туман": "Юнусобод" }, "geometry": { "type": "Polygon", "coordinates": [ [ [ 69.2835482, 41.3235779 ], [ 69.2835253, 41.3234865 ], [ 69.2852014, 41.3232912 ], [ 69.2856014, 41.3233403 ], [ 69.2835482, 41.3235779 ] ] ] } },
{ "type": "Feature", "properties": { "id": "way/1326146605", "@timestamp": "2025-10-07T07:42:49", "Площадь": 0.06, "Туман": "Сергели" }, "geometry": { "type": "Polygon", "coordinates": [ [ [ 69.2557516, 41.2622678 ], [ 69.256143, 41.2624411 ], [ 69.2560436, 41.262568 ], [ 69.2557134, 41.2624218 ], [ 69.2557349, 41.2623943 ], [ 69.2556737, 41.2623672 ], [ 69.2557516, 41.2622678 ] ] ] } },
{ "type": "Feature", "properties": { "id": "way/1326290780", "@timestamp": "2024-10-20T16:26:52", "Площадь": 0.01, "Туман": "Яккасарой" }, "geometry": { "type": "Polygon", "coordinates": [ [ [ 69.2417048, 41.2676155 ], [ 69.2414736, 41.2676006 ], [ 69.241478, 41.2675615 ], [ 69.2417092, 41.2675766 ], [ 69.2417048, 41.2676155 ] ] ] } },
{ "type": "Feature", "properties": { "id": "way/1326290781", "@timestamp": "2024-10-20T16:26:52", "Площадь": 0.01, "Туман": "Яккасарой" }, "geometry": { "type": "Polygon", "coordinates": [ [ [ 69.2414248, 41.2675211 ], [ 69.2414569, 41.2673059 ], [ 69.2415053, 41.26731 ], [ 69.2414731, 41.2675252 ], [ 69.2414248, 41.2675211 ] ] ] } },
{ "type": "Feature", "properties": { "id": "way/1327123277", "@timestamp": "2024-10-21T23:42:19", "Площадь": 0.1, "Туман": "Миробод" }, "geometry": { "type": "Polygon", "coordinates": [ [ [ 69.2771837, 41.2908346 ], [ 69.2772536, 41.2908675 ], [ 69.2772862, 41.2908781 ], [ 69.2773153, 41.2908792 ], [ 69.2773459, 41.2908742 ], [ 69.2773738, 41.2908612 ], [ 69.2777901, 41.2905519 ], [ 69.2779213, 41.2907308 ], [ 69.2777456, 41.290803 ], [ 69.2777011, 41.2907982 ], [ 69.277611, 41.2908369 ], [ 69.2775772, 41.2908779 ], [ 69.2772744, 41.2909989 ], [ 69.2770068, 41.2908459 ], [ 69.2771837, 41.2908346 ] ] ] } },
{ "type": "Feature", "properties": { "id": "way/1327347467", "@timestamp": "2024-10-22T20:17:48", "Площадь": 0.09, "Туман": "Миробод" }, "geometry": { "type": "Polygon", "coordinates": [ [ [ 69.2691661, 41.2975044 ], [ 69.2691727, 41.2974374 ], [ 69.269275, 41.2974502 ], [ 69.2693918, 41.2972118 ], [ 69.2692999, 41.2971142 ], [ 69.2693498, 41.2970708 ], [ 69.2697197, 41.2973202 ], [ 69.2693419, 41.2975054 ], [ 69.2691661, 41.2975044 ] ] ] } },
{ "type": "Feature", "properties": { "id": "way/1327352838", "@timestamp": "2026-02-12T18:27:05", "Площадь": 0.06, "Туман": "Яккасарой" }, "geometry": { "type": "Polygon", "coordinates": [ [ [ 69.2683414, 41.2961494 ], [ 69.2683567, 41.2962134 ], [ 69.2682229, 41.2962332 ], [ 69.2681544, 41.2962322 ], [ 69.2680438, 41.2959838 ], [ 69.2680678, 41.2959766 ], [ 69.268084, 41.2959717 ], [ 69.2680705, 41.2959366 ], [ 69.2681465, 41.295876 ], [ 69.2681951, 41.2959138 ], [ 69.268232, 41.2959513 ], [ 69.2682608, 41.2959876 ], [ 69.268287, 41.2960243 ], [ 69.2683092, 41.2960671 ], [ 69.2683274, 41.2961067 ], [ 69.2683414, 41.2961494 ] ] ] } },
{ "type": "Feature", "properties": { "id": "way/1327393200", "@timestamp": "2024-10-22T23:55:39", "Площадь": 0.06, "Туман": "Юнусобод" }, "geometry": { "type": "Polygon", "coordinates": [ [ [ 69.2831507, 41.3249447 ], [ 69.2829987, 41.3249623 ], [ 69.2828987, 41.3244731 ], [ 69.2830773, 41.3245854 ], [ 69.2831507, 41.3249447 ] ] ] } },
{ "type": "Feature", "properties": { "id": "way/1328169654", "@timestamp": "2024-10-25T15:07:56", "Площадь": 0.04, "Туман": "Яшнобод" }, "geometry": { "type": "Polygon", "coordinates": [ [ [ 69.3091739, 41.2767471 ], [ 69.3087318, 41.2775524 ], [ 69.3086825, 41.2775371 ], [ 69.3091353, 41.2767127 ], [ 69.3091739, 41.2767471 ] ] ] } },
{ "type": "Feature", "properties": { "id": "way/1329492776", "@timestamp": "2024-10-30T22:31:48", "Площадь": 0.14, "Туман": "Миробод" }, "geometry": { "type": "Polygon", "coordinates": [ [ [ 69.277345, 41.2982626 ], [ 69.2771673, 41.2981536 ], [ 69.2774209, 41.2979428 ], [ 69.2771728, 41.2977706 ], [ 69.2772989, 41.2976667 ], [ 69.277726, 41.2979285 ], [ 69.277345, 41.2982626 ] ] ] } },
{ "type": "Feature", "properties": { "id": "way/1329492778", "@timestamp": "2024-10-30T22:31:48", "Площадь": 0.07, "Туман": "Миробод" }, "geometry": { "type": "Polygon", "coordinates": [ [ [ 69.2749523, 41.2966677 ], [ 69.2752653, 41.2963804 ], [ 69.275417, 41.2964737 ], [ 69.2751039, 41.296761 ], [ 69.2749523, 41.2966677 ] ] ] } },
{ "type": "Feature", "properties": { "id": "way/1330404730", "@timestamp": "2024-11-03T13:42:03", "Площадь": 0.04, "Туман": "Шайхонтоҳур" }, "geometry": { "type": "Polygon", "coordinates": [ [ [ 69.2374002, 41.3168032 ], [ 69.2373969, 41.3166415 ], [ 69.2376569, 41.3166385 ], [ 69.2376602, 41.3168002 ], [ 69.2374002, 41.3168032 ] ] ] } },
{ "type": "Feature", "properties": { "id": "way/1331463270", "@timestamp": "2024-11-06T20:14:51", "Площадь": 0.11, "Туман": "Олмазор" }, "geometry": { "type": "Polygon", "coordinates": [ [ [ 69.2208505, 41.3344057 ], [ 69.2210704, 41.3346337 ], [ 69.2207443, 41.334811 ], [ 69.2205914, 41.3346524 ], [ 69.2206124, 41.3346408 ], [ 69.2205413, 41.3345683 ], [ 69.2208399, 41.3343968 ], [ 69.2208505, 41.3344057 ] ] ] } },
{ "type": "Feature", "properties": { "id": "way/1332076874", "@timestamp": "2024-11-08T22:22:28", "Площадь": 0.05, "Туман": "Юнусобод" }, "geometry": { "type": "Polygon", "coordinates": [ [ [ 69.2772571, 41.3245698 ], [ 69.2771002, 41.3245949 ], [ 69.2770124, 41.3242856 ], [ 69.2771694, 41.3242605 ], [ 69.2772571, 41.3245698 ] ] ] } },
{ "type": "Feature", "properties": { "id": "way/1332387104", "@timestamp": "2024-11-09T12:58:09", "Площадь": 0.07, "Туман": "Мирзо Улуғбек" }, "geometry": { "type": "Polygon", "coordinates": [ [ [ 69.3045354, 41.3156649 ], [ 69.3040238, 41.3156029 ], [ 69.3040544, 41.3154605 ], [ 69.3045659, 41.3155225 ], [ 69.3045499, 41.3155971 ], [ 69.3045354, 41.3156649 ] ] ] } },
{ "type": "Feature", "properties": { "id": "way/1332911911", "@timestamp": "2024-11-11T16:53:50", "Площадь": 0.12, "Туман": "Юнусобод" }, "geometry": { "type": "Polygon", "coordinates": [ [ [ 69.2708257, 41.3136885 ], [ 69.2698751, 41.3139433 ], [ 69.2698197, 41.3138267 ], [ 69.2707702, 41.3135718 ], [ 69.2708257, 41.3136885 ] ] ] } },
{ "type": "Feature", "properties": { "id": "way/1333948861", "@timestamp": "2025-11-23T16:29:12", "Площадь": 0.09, "Туман": "Юнусобод" }, "geometry": { "type": "Polygon", "coordinates": [ [ [ 69.2795046, 41.3167177 ], [ 69.2791017, 41.3168077 ], [ 69.2790212, 41.3165862 ], [ 69.2794186, 41.316501 ], [ 69.2795046, 41.3167177 ] ] ] } },
{ "type": "Feature", "properties": { "id": "way/1334153034", "@timestamp": "2026-04-26T13:02:29", "Площадь": 0.16, "Туман": "Олмазор" }, "geometry": { "type": "Polygon", "coordinates": [ [ [ 69.2426826, 41.3572465 ], [ 69.2426775, 41.3572253 ], [ 69.2430628, 41.3571221 ], [ 69.2433063, 41.3570399 ], [ 69.2444785, 41.3564863 ], [ 69.2445277, 41.3565793 ], [ 69.2442865, 41.3566885 ], [ 69.2431853, 41.3571866 ], [ 69.2430474, 41.357223 ], [ 69.2426826, 41.3572465 ] ] ] } },
{ "type": "Feature", "properties": { "id": "way/1334605333", "@timestamp": "2024-11-16T22:42:16", "Площадь": 0.14, "Туман": "Миробод" }, "geometry": { "type": "Polygon", "coordinates": [ [ [ 69.2886114, 41.2972936 ], [ 69.2884954, 41.2973962 ], [ 69.2876354, 41.2968477 ], [ 69.2877513, 41.2967452 ], [ 69.2886114, 41.2972936 ] ] ] } },
{ "type": "Feature", "properties": { "id": "way/1334605339", "@timestamp": "2024-11-16T22:42:16", "Площадь": 0.03, "Туман": "Миробод" }, "geometry": { "type": "Polygon", "coordinates": [ [ [ 69.2893401, 41.2978835 ], [ 69.2893013, 41.2979178 ], [ 69.2888091, 41.2976035 ], [ 69.288848, 41.2975691 ], [ 69.2893401, 41.2978835 ] ] ] } },
{ "type": "Feature", "properties": { "id": "way/1334605348", "@timestamp": "2024-11-16T22:42:16", "Площадь": 0.14, "Туман": "Миробод" }, "geometry": { "type": "Polygon", "coordinates": [ [ [ 69.2874537, 41.3002642 ], [ 69.2873314, 41.3003789 ], [ 69.2865056, 41.2998817 ], [ 69.2866281, 41.2997668 ], [ 69.2874537, 41.3002642 ] ] ] } },
{ "type": "Feature", "properties": { "id": "way/1335274581", "@timestamp": "2024-11-19T03:15:57", "Площадь": 0.09, "Туман": "Мирзо Улуғбек" }, "geometry": { "type": "Polygon", "coordinates": [ [ [ 69.3506152, 41.3482295 ], [ 69.3502282, 41.3484719 ], [ 69.3500651, 41.3483252 ], [ 69.3504521, 41.3480828 ], [ 69.3506152, 41.3482295 ] ] ] } },
{ "type": "Feature", "properties": { "id": "way/1335278107", "@timestamp": "2024-11-19T03:34:02", "Площадь": 0.08, "Туман": "Мирзо Улуғбек" }, "geometry": { "type": "Polygon", "coordinates": [ [ [ 69.3417732, 41.3475407 ], [ 69.3419695, 41.3478042 ], [ 69.3416929, 41.3477878 ], [ 69.3416185, 41.3477684 ], [ 69.3414441, 41.3475913 ], [ 69.3416156, 41.3475043 ], [ 69.341682, 41.3475794 ], [ 69.3417732, 41.3475407 ] ] ] } },
{ "type": "Feature", "properties": { "id": "way/1336277106", "@timestamp": "2024-11-20T20:41:51", "Площадь": 0.04, "Туман": "Яккасарой" }, "geometry": { "type": "Polygon", "coordinates": [ [ [ 69.2432377, 41.2873635 ], [ 69.2429729, 41.2880405 ], [ 69.242908, 41.2880261 ], [ 69.243173, 41.2873492 ], [ 69.2432377, 41.2873635 ] ] ] } },
{ "type": "Feature", "properties": { "id": "way/1336622201", "@timestamp": "2025-08-08T14:29:58", "Площадь": 0.11, "Туман": "Миробод" }, "geometry": { "type": "Polygon", "coordinates": [ [ [ 69.2796936, 41.2923759 ], [ 69.2798972, 41.2922214 ], [ 69.2798549, 41.2921899 ], [ 69.2803806, 41.2917911 ], [ 69.2805011, 41.2918808 ], [ 69.2803821, 41.291971 ], [ 69.2797718, 41.2924341 ], [ 69.2796936, 41.2923759 ] ] ] } },
{ "type": "Feature", "properties": { "id": "way/1336668199", "@timestamp": "2024-11-22T00:41:28", "Площадь": 0.08, "Туман": "Мирзо Улуғбек" }, "geometry": { "type": "Polygon", "coordinates": [ [ [ 69.3579922, 41.3233626 ], [ 69.3574351, 41.3237056 ], [ 69.3573336, 41.3236127 ], [ 69.3578907, 41.3232696 ], [ 69.3579922, 41.3233626 ] ] ] } },
{ "type": "Feature", "properties": { "id": "way/1338985087", "@timestamp": "2024-11-30T04:15:07", "Площадь": 0.07, "Туман": "Яккасарой" }, "geometry": { "type": "Polygon", "coordinates": [ [ [ 69.2498571, 41.2937366 ], [ 69.2494527, 41.2937375 ], [ 69.2494519, 41.2935393 ], [ 69.2498563, 41.2935383 ], [ 69.2498571, 41.2937366 ] ] ] } },
{ "type": "Feature", "properties": { "id": "way/1339078615", "@timestamp": "2024-11-30T16:27:48", "Площадь": 0.01, "Туман": "Шайхонтоҳур" }, "geometry": { "type": "Polygon", "coordinates": [ [ [ 69.2458778, 41.3182989 ], [ 69.2458355, 41.317942 ], [ 69.2458771, 41.3179744 ], [ 69.2458876, 41.3180837 ], [ 69.2459055, 41.3182717 ], [ 69.2458778, 41.3182989 ] ] ] } },
{ "type": "Feature", "properties": { "id": "way/1340792417", "@timestamp": "2024-12-07T14:46:29", "Площадь": 0.16, "Туман": "Шайхонтоҳур" }, "geometry": { "type": "Polygon", "coordinates": [ [ [ 69.2618676, 41.3191772 ], [ 69.2615519, 41.3191997 ], [ 69.2614854, 41.3186723 ], [ 69.2618009, 41.3186498 ], [ 69.2618676, 41.3191772 ] ] ] } },
{ "type": "Feature", "properties": { "id": "way/1341070760", "@timestamp": "2024-12-08T18:53:21", "Площадь": 0.2, "Туман": "Мирзо Улуғбек" }, "geometry": { "type": "Polygon", "coordinates": [ [ [ 69.3170052, 41.3359571 ], [ 69.318785, 41.3362106 ], [ 69.318755, 41.3363298 ], [ 69.3169751, 41.3360765 ], [ 69.3170052, 41.3359571 ] ] ] } },
{ "type": "Feature", "properties": { "id": "way/1342121927", "@timestamp": "2024-12-12T14:42:20", "Площадь": 0.06, "Туман": "Юнусобод" }, "geometry": { "type": "Polygon", "coordinates": [ [ [ 69.2824602, 41.3332119 ], [ 69.2824371, 41.3332343 ], [ 69.2823666, 41.3332547 ], [ 69.2823449, 41.3331869 ], [ 69.282202, 41.3332081 ], [ 69.2821236, 41.332954 ], [ 69.2823329, 41.3329597 ], [ 69.2824602, 41.3332119 ] ] ] } },
{ "type": "Feature", "properties": { "id": "way/1342121935", "@timestamp": "2024-12-12T14:42:20", "Площадь": 0.09, "Туман": "Юнусобод" }, "geometry": { "type": "Polygon", "coordinates": [ [ [ 69.2813884, 41.3336033 ], [ 69.2807533, 41.3338932 ], [ 69.2805514, 41.3336619 ], [ 69.2809242, 41.3336741 ], [ 69.281415, 41.3335635 ], [ 69.2813884, 41.3336033 ] ] ] } },
{ "type": "Feature", "properties": { "id": "way/1347339599", "@timestamp": "2025-10-17T08:34:17", "Площадь": 0.1, "Туман": "Мирзо Улуғбек" }, "geometry": { "type": "Polygon", "coordinates": [ [ [ 69.3188551, 41.3173437 ], [ 69.3184109, 41.3175797 ], [ 69.3182529, 41.3174121 ], [ 69.3186971, 41.3171761 ], [ 69.3188551, 41.3173437 ] ] ] } },
{ "type": "Feature", "properties": { "id": "way/1349107354", "@timestamp": "2025-01-06T22:38:06", "Площадь": 0.03, "Туман": "Шайхонтоҳур" }, "geometry": { "type": "Polygon", "coordinates": [ [ [ 69.1939149, 41.3225172 ], [ 69.1939116, 41.3226341 ], [ 69.1937218, 41.3226396 ], [ 69.1937211, 41.3226195 ], [ 69.1936272, 41.3226195 ], [ 69.1936286, 41.3225968 ], [ 69.1936306, 41.3225339 ], [ 69.1939149, 41.3225172 ] ] ] } },
{ "type": "Feature", "properties": { "id": "way/1349107362", "@timestamp": "2025-01-06T22:38:06", "Площадь": 0.02, "Туман": "Учтепа" }, "geometry": { "type": "Polygon", "coordinates": [ [ [ 69.1835392, 41.3269855 ], [ 69.1835338, 41.3269165 ], [ 69.1835303, 41.3268725 ], [ 69.183763, 41.3268622 ], [ 69.1837719, 41.3269753 ], [ 69.1835392, 41.3269855 ] ] ] } },
{ "type": "Feature", "properties": { "id": "way/1349107365", "@timestamp": "2025-01-06T22:38:06", "Площадь": 0.03, "Туман": "Учтепа" }, "geometry": { "type": "Polygon", "coordinates": [ [ [ 69.1844289, 41.3268163 ], [ 69.1844366, 41.3268977 ], [ 69.1840102, 41.3269204 ], [ 69.1840025, 41.326839 ], [ 69.1844289, 41.3268163 ] ] ] } },
{ "type": "Feature", "properties": { "id": "way/1349107371", "@timestamp": "2025-01-06T22:38:06", "Площадь": 0.13, "Туман": "Учтепа" }, "geometry": { "type": "Polygon", "coordinates": [ [ [ 69.1843763, 41.3269471 ], [ 69.1844903, 41.3270056 ], [ 69.1849127, 41.3269748 ], [ 69.1849215, 41.3270977 ], [ 69.1840464, 41.3271581 ], [ 69.1840216, 41.3269708 ], [ 69.1843763, 41.3269471 ] ] ] } },
{ "type": "Feature", "properties": { "id": "way/1349107374", "@timestamp": "2025-01-06T22:38:06", "Площадь": 0.04, "Туман": "Учтепа" }, "geometry": { "type": "Polygon", "coordinates": [ [ [ 69.1837808, 41.3270252 ], [ 69.1837963, 41.3270368 ], [ 69.1838077, 41.3271768 ], [ 69.1835381, 41.3271974 ], [ 69.1835341, 41.3270922 ], [ 69.1836253, 41.3270282 ], [ 69.1837808, 41.3270252 ] ] ] } },
{ "type": "Feature", "properties": { "id": "way/1349616074", "@timestamp": "2025-01-08T19:45:05", "Площадь": 0.03, "Туман": "Яккасарой" }, "geometry": { "type": "Polygon", "coordinates": [ [ [ 69.2423061, 41.2969884 ], [ 69.2431258, 41.2971526 ], [ 69.2431113, 41.2971936 ], [ 69.2422915, 41.2970293 ], [ 69.2423061, 41.2969884 ] ] ] } },
{ "type": "Feature", "properties": { "id": "way/1352944723", "@timestamp": "2025-01-20T15:59:30", "Площадь": 0.06, "Туман": "Шайхонтоҳур" }, "geometry": { "type": "Polygon", "coordinates": [ [ [ 69.2144159, 41.3024743 ], [ 69.2140618, 41.3025815 ], [ 69.2139718, 41.3024138 ], [ 69.214326, 41.3023066 ], [ 69.2144159, 41.3024743 ] ] ] } },
{ "type": "Feature", "properties": { "id": "way/1352944727", "@timestamp": "2025-01-20T15:59:30", "Площадь": 0.04, "Туман": "Шайхонтоҳур" }, "geometry": { "type": "Polygon", "coordinates": [ [ [ 69.2156945, 41.3030986 ], [ 69.2156506, 41.3031222 ], [ 69.2154651, 41.3032196 ], [ 69.2154187, 41.3031689 ], [ 69.2155265, 41.3031064 ], [ 69.2154322, 41.303002 ], [ 69.2156511, 41.3029151 ], [ 69.2156945, 41.3030986 ] ] ] } },
{ "type": "Feature", "properties": { "id": "way/1353182153", "@timestamp": "2025-01-21T16:00:52", "Площадь": 0.19, "Туман": "Янгиҳает" }, "geometry": { "type": "Polygon", "coordinates": [ [ [ 69.2127559, 41.194406 ], [ 69.2125367, 41.1947112 ], [ 69.2128238, 41.1948303 ], [ 69.2126724, 41.1950035 ], [ 69.2124121, 41.1949586 ], [ 69.2121847, 41.1953067 ], [ 69.2120345, 41.1952475 ], [ 69.2126557, 41.1943665 ], [ 69.2127559, 41.194406 ] ] ] } },
{ "type": "Feature", "properties": { "id": "way/1353447133", "@timestamp": "2025-01-22T18:50:38", "Площадь": 0.07, "Туман": "Мирзо Улуғбек" }, "geometry": { "type": "Polygon", "coordinates": [ [ [ 69.3433634, 41.3279052 ], [ 69.342747, 41.3278199 ], [ 69.3427743, 41.3277088 ], [ 69.3433907, 41.327794 ], [ 69.3433634, 41.3279052 ] ] ] } },
{ "type": "Feature", "properties": { "id": "way/1353460153", "@timestamp": "2025-08-05T12:30:04", "Площадь": 0.13, "Туман": "Яккасарой" }, "geometry": { "type": "Polygon", "coordinates": [ [ [ 69.2655523, 41.2946139 ], [ 69.265191, 41.2947971 ], [ 69.265162, 41.2948118 ], [ 69.2650086, 41.2947134 ], [ 69.2649166, 41.2947605 ], [ 69.2648218, 41.2947018 ], [ 69.2650727, 41.2944892 ], [ 69.2651452, 41.2943991 ], [ 69.2655523, 41.2946139 ] ] ] } },
{ "type": "Feature", "properties": { "id": "way/1353552066", "@timestamp": "2025-01-23T01:01:46", "Площадь": 0.26, "Туман": "Янгиҳает" }, "geometry": { "type": "Polygon", "coordinates": [ [ [ 69.2116623, 41.1995039 ], [ 69.2115293, 41.1996867 ], [ 69.2119453, 41.1998633 ], [ 69.2117263, 41.2001329 ], [ 69.211112, 41.1998765 ], [ 69.2114875, 41.1993609 ], [ 69.2115655, 41.1993997 ], [ 69.2115351, 41.199444 ], [ 69.2116623, 41.1995039 ] ] ] } },
{ "type": "Feature", "properties": { "id": "way/1353552073", "@timestamp": "2025-01-23T01:01:46", "Площадь": 0.26, "Туман": "Янгиҳает" }, "geometry": { "type": "Polygon", "coordinates": [ [ [ 69.2323649, 41.2088317 ], [ 69.2321752, 41.2087541 ], [ 69.2329844, 41.2076341 ], [ 69.2331738, 41.2077116 ], [ 69.2323649, 41.2088317 ] ] ] } },
{ "type": "Feature", "properties": { "id": "way/1353552075", "@timestamp": "2025-01-23T01:01:46", "Площадь": 0.07, "Туман": "Янгиҳает" }, "geometry": { "type": "Polygon", "coordinates": [ [ [ 69.2316684, 41.2094777 ], [ 69.2319048, 41.2091351 ], [ 69.2321302, 41.2091731 ], [ 69.231917, 41.2094499 ], [ 69.2316684, 41.2094777 ] ] ] } },
{ "type": "Feature", "properties": { "id": "way/1353552081", "@timestamp": "2025-01-23T01:01:46", "Площадь": 0.1, "Туман": "Янгиҳает" }, "geometry": { "type": "Polygon", "coordinates": [ [ [ 69.2356112, 41.2032009 ], [ 69.2355899, 41.2031244 ], [ 69.2366548, 41.2015733 ], [ 69.2366842, 41.2016323 ], [ 69.2356112, 41.2032009 ] ] ] } },
{ "type": "Feature", "properties": { "id": "way/1353552082", "@timestamp": "2025-01-23T01:01:46", "Площадь": 0.09, "Туман": "Янгиҳает" }, "geometry": { "type": "Polygon", "coordinates": [ [ [ 69.2358696, 41.2033094 ], [ 69.2358436, 41.2032609 ], [ 69.2368495, 41.2017814 ], [ 69.2368724, 41.2018463 ], [ 69.2358696, 41.2033094 ] ] ] } },
{ "type": "Feature", "properties": { "id": "way/1353552083", "@timestamp": "2025-01-23T01:01:46", "Площадь": 0.02, "Туман": "Янгиҳает" }, "geometry": { "type": "Polygon", "coordinates": [ [ [ 69.2350455, 41.2044924 ], [ 69.2348933, 41.2044342 ], [ 69.2349715, 41.2043185 ], [ 69.2351238, 41.2043768 ], [ 69.2350455, 41.2044924 ] ] ] } },
{ "type": "Feature", "properties": { "id": "way/1353552084", "@timestamp": "2025-01-23T01:01:46", "Площадь": 0.1, "Туман": "Янгиҳает" }, "geometry": { "type": "Polygon", "coordinates": [ [ [ 69.2383621, 41.1992069 ], [ 69.2383701, 41.1990752 ], [ 69.2392583, 41.1977683 ], [ 69.2393132, 41.1978082 ], [ 69.2383621, 41.1992069 ] ] ] } },
{ "type": "Feature", "properties": { "id": "way/1353552085", "@timestamp": "2025-01-23T01:01:46", "Площадь": 0.07, "Туман": "Янгиҳает" }, "geometry": { "type": "Polygon", "coordinates": [ [ [ 69.2392554, 41.1982587 ], [ 69.2392801, 41.1983322 ], [ 69.2386154, 41.1993034 ], [ 69.2385346, 41.199312 ], [ 69.238895, 41.1987854 ], [ 69.2392554, 41.1982587 ] ] ] } },
{ "type": "Feature", "properties": { "id": "way/1354655203", "@timestamp": "2025-01-27T14:26:54", "Площадь": 0.08, "Туман": "Олмазор" }, "geometry": { "type": "Polygon", "coordinates": [ [ [ 69.2127545, 41.3615184 ], [ 69.2128163, 41.3616503 ], [ 69.2125123, 41.3617896 ], [ 69.2123265, 41.36151 ], [ 69.2127545, 41.3615184 ] ] ] } },
{ "type": "Feature", "properties": { "id": "way/1355290698", "@timestamp": "2025-01-30T01:25:30", "Площадь": 0.05, "Туман": "Чилонзор" }, "geometry": { "type": "Polygon", "coordinates": [ [ [ 69.2342836, 41.2993044 ], [ 69.2339074, 41.2994144 ], [ 69.2338493, 41.2993021 ], [ 69.2342254, 41.2991921 ], [ 69.2342836, 41.2993044 ] ] ] } },
{ "type": "Feature", "properties": { "id": "way/1355290708", "@timestamp": "2025-01-30T01:25:30", "Площадь": 0.06, "Туман": "Яккасарой" }, "geometry": { "type": "Polygon", "coordinates": [ [ [ 69.2485159, 41.2995615 ], [ 69.2482608, 41.2993923 ], [ 69.2483595, 41.2992646 ], [ 69.2485609, 41.2993283 ], [ 69.2485488, 41.2993911 ], [ 69.248639, 41.2994019 ], [ 69.2485994, 41.2994895 ], [ 69.2485159, 41.2995615 ] ] ] } },
{ "type": "Feature", "properties": { "id": "way/1356051543", "@timestamp": "2025-02-01T23:29:56", "Площадь": 0.78, "Туман": "Сергели" }, "geometry": { "type": "Polygon", "coordinates": [ [ [ 69.2442606, 41.2556238 ], [ 69.2428931, 41.25552 ], [ 69.2428792, 41.2550849 ], [ 69.242762, 41.2550774 ], [ 69.2427833, 41.2548233 ], [ 69.2435075, 41.2548851 ], [ 69.243476, 41.2550635 ], [ 69.2443323, 41.2551516 ], [ 69.2442606, 41.2556238 ] ] ] } },
{ "type": "Feature", "properties": { "id": "way/1356051544", "@timestamp": "2025-02-01T23:29:56", "Площадь": 0.1, "Туман": "Сергели" }, "geometry": { "type": "Polygon", "coordinates": [ [ [ 69.2424507, 41.2541987 ], [ 69.242492, 41.2539929 ], [ 69.2425724, 41.2539096 ], [ 69.24287, 41.2539488 ], [ 69.2428189, 41.2542477 ], [ 69.2424507, 41.2541987 ] ] ] } },
{ "type": "Feature", "properties": { "id": "way/1362353542", "@timestamp": "2025-02-23T18:03:31", "Площадь": 0.23, "Туман": "Чилонзор" }, "geometry": { "type": "Polygon", "coordinates": [ [ [ 69.1942296, 41.2577923 ], [ 69.1943173, 41.2578313 ], [ 69.1944202, 41.2579152 ], [ 69.1947959, 41.2582821 ], [ 69.1947118, 41.25839 ], [ 69.194281, 41.2585655 ], [ 69.1941884, 41.2584423 ], [ 69.1942457, 41.2582744 ], [ 69.1942732, 41.2580938 ], [ 69.1942733, 41.2579558 ], [ 69.1942296, 41.2577923 ] ] ] } },
{ "type": "Feature", "properties": { "id": "way/1362356270", "@timestamp": "2025-02-23T18:19:20", "Площадь": 0.25, "Туман": "Чилонзор" }, "geometry": { "type": "Polygon", "coordinates": [ [ [ 69.1983913, 41.2541594 ], [ 69.1983791, 41.2538736 ], [ 69.1993046, 41.2538513 ], [ 69.1993167, 41.2541372 ], [ 69.1983913, 41.2541594 ] ] ] } },
{ "type": "Feature", "properties": { "id": "way/1362356271", "@timestamp": "2025-02-23T18:19:20", "Площадь": 0.14, "Туман": "Чилонзор" }, "geometry": { "type": "Polygon", "coordinates": [ [ [ 69.1977718, 41.2541614 ], [ 69.1977649, 41.2538539 ], [ 69.1982684, 41.2538475 ], [ 69.1982753, 41.254155 ], [ 69.1977718, 41.2541614 ] ] ] } },
{ "type": "Feature", "properties": { "id": "way/1362860752", "@timestamp": "2025-02-25T14:44:56", "Площадь": 0.13, "Туман": "Янгиҳает" }, "geometry": { "type": "Polygon", "coordinates": [ [ [ 69.2587582, 41.186173 ], [ 69.2589395, 41.1863082 ], [ 69.2584441, 41.1866839 ], [ 69.2582092, 41.1866383 ], [ 69.2587582, 41.186173 ] ] ] } },
{ "type": "Feature", "properties": { "id": "way/1364546763", "@timestamp": "2025-03-04T17:43:36", "Площадь": 0.08, "Туман": "Шайхонтоҳур" }, "geometry": { "type": "Polygon", "coordinates": [ [ [ 69.2680653, 41.3224703 ], [ 69.26836, 41.3227158 ], [ 69.2679755, 41.3227703 ], [ 69.2678742, 41.3225066 ], [ 69.2680653, 41.3224703 ] ] ] } },
{ "type": "Feature", "properties": { "id": "way/1364603051", "@timestamp": "2025-03-04T20:47:02", "Площадь": 0.15, "Туман": "Юнусобод" }, "geometry": { "type": "Polygon", "coordinates": [ [ [ 69.3154881, 41.3371861 ], [ 69.31537, 41.3371667 ], [ 69.3153347, 41.3370037 ], [ 69.3156618, 41.3363312 ], [ 69.3157589, 41.3363538 ], [ 69.3157432, 41.3364076 ], [ 69.3158762, 41.3364382 ], [ 69.3157323, 41.3365646 ], [ 69.3154881, 41.3371861 ] ] ] } },
{ "type": "Feature", "properties": { "id": "way/1364603058", "@timestamp": "2025-03-04T20:47:02", "Площадь": 0.05, "Туман": "Мирзо Улуғбек" }, "geometry": { "type": "Polygon", "coordinates": [ [ [ 69.316442, 41.3360683 ], [ 69.3164919, 41.3359925 ], [ 69.3167833, 41.3360316 ], [ 69.3167631, 41.3361266 ], [ 69.3167429, 41.3361306 ], [ 69.3167365, 41.3362072 ], [ 69.3166174, 41.3362623 ], [ 69.316442, 41.3360683 ] ] ] } },
{ "type": "Feature", "properties": { "id": "way/1364603059", "@timestamp": "2026-05-11T11:59:53", "Площадь": 0.04, "Туман": "Мирзо Улуғбек" }, "geometry": { "type": "Polygon", "coordinates": [ [ [ 69.3167383, 41.3362064 ], [ 69.3167566, 41.3361337 ], [ 69.3167752, 41.3361363 ], [ 69.3167936, 41.3360632 ], [ 69.3170949, 41.336106 ], [ 69.3170582, 41.3362518 ], [ 69.3167383, 41.3362064 ] ] ] } },
{ "type": "Feature", "properties": { "id": "way/1364776315", "@timestamp": "2025-03-05T15:45:33", "Площадь": 0.05, "Туман": "Яшнобод" }, "geometry": { "type": "Polygon", "coordinates": [ [ [ 69.3604148, 41.2876075 ], [ 69.3603897, 41.2877274 ], [ 69.360453, 41.2877396 ], [ 69.3604197, 41.2879003 ], [ 69.3603425, 41.2878925 ], [ 69.3603242, 41.2879767 ], [ 69.360212, 41.2879688 ], [ 69.3602925, 41.2875763 ], [ 69.3604148, 41.2876075 ] ] ] } },
{ "type": "Feature", "properties": { "id": "way/1364776327", "@timestamp": "2025-03-05T15:45:33", "Площадь": 0.13, "Туман": "Яшнобод" }, "geometry": { "type": "Polygon", "coordinates": [ [ [ 69.3679073, 41.2929742 ], [ 69.3677909, 41.2930985 ], [ 69.367586, 41.293004 ], [ 69.3673927, 41.2930168 ], [ 69.3671921, 41.2932124 ], [ 69.3670068, 41.29311 ], [ 69.3670727, 41.2930375 ], [ 69.3672059, 41.2929661 ], [ 69.3673575, 41.2929132 ], [ 69.3674938, 41.2928649 ], [ 69.3676424, 41.292828 ], [ 69.3679073, 41.2929742 ] ] ] } },
{ "type": "Feature", "properties": { "id": "way/1364776336", "@timestamp": "2025-03-05T15:45:33", "Площадь": 0.16, "Туман": "Яшнобод" }, "geometry": { "type": "Polygon", "coordinates": [ [ [ 69.3587445, 41.2918136 ], [ 69.3585569, 41.2917147 ], [ 69.3591148, 41.2911176 ], [ 69.3593023, 41.2912164 ], [ 69.3587445, 41.2918136 ] ] ] } },
{ "type": "Feature", "properties": { "id": "way/1364776337", "@timestamp": "2025-03-05T15:45:33", "Площадь": 0.16, "Туман": "Яшнобод" }, "geometry": { "type": "Polygon", "coordinates": [ [ [ 69.3580045, 41.2915502 ], [ 69.3578657, 41.2914737 ], [ 69.358666, 41.2906537 ], [ 69.3588046, 41.2907301 ], [ 69.3580045, 41.2915502 ] ] ] } },
{ "type": "Feature", "properties": { "id": "way/1364985271", "@timestamp": "2025-03-06T11:30:17", "Площадь": 0.09, "Туман": "Яшнобод" }, "geometry": { "type": "Polygon", "coordinates": [ [ [ 69.3603474, 41.2798858 ], [ 69.3602639, 41.2798781 ], [ 69.3604534, 41.2787063 ], [ 69.3605366, 41.2787139 ], [ 69.3603474, 41.2798858 ] ] ] } },
{ "type": "Feature", "properties": { "id": "way/1365085735", "@timestamp": "2025-05-26T23:43:13", "Площадь": 0.09, "Туман": "Яшнобод" }, "geometry": { "type": "Polygon", "coordinates": [ [ [ 69.3460449, 41.3000368 ], [ 69.3458307, 41.3001708 ], [ 69.3456293, 41.3003145 ], [ 69.3454242, 41.3004642 ], [ 69.3452266, 41.3006195 ], [ 69.3451981, 41.3006065 ], [ 69.3451938, 41.3005051 ], [ 69.3453408, 41.3003929 ], [ 69.3455031, 41.3002746 ], [ 69.3456662, 41.3001592 ], [ 69.3458404, 41.3000495 ], [ 69.345907, 41.3000454 ], [ 69.3460449, 41.3000368 ] ] ] } },
{ "type": "Feature", "properties": { "id": "way/1365085736", "@timestamp": "2025-03-06T21:38:21", "Площадь": 0.04, "Туман": "Яшнобод" }, "geometry": { "type": "Polygon", "coordinates": [ [ [ 69.3488367, 41.2972631 ], [ 69.3485608, 41.297427 ], [ 69.34847, 41.2973407 ], [ 69.3487458, 41.2971768 ], [ 69.3488367, 41.2972631 ] ] ] } },
{ "type": "Feature", "properties": { "id": "way/1365085738", "@timestamp": "2025-03-06T21:38:21", "Площадь": 0.1, "Туман": "Яшнобод" }, "geometry": { "type": "Polygon", "coordinates": [ [ [ 69.3480984, 41.2962114 ], [ 69.3482702, 41.2960962 ], [ 69.3483694, 41.2961797 ], [ 69.3485108, 41.2960849 ], [ 69.3486939, 41.2962391 ], [ 69.3484347, 41.2964167 ], [ 69.3483366, 41.2964119 ], [ 69.3480984, 41.2962114 ] ] ] } },
{ "type": "Feature", "properties": { "id": "way/1365085741", "@timestamp": "2025-03-06T21:38:21", "Площадь": 0.03, "Туман": "Яшнобод" }, "geometry": { "type": "Polygon", "coordinates": [ [ [ 69.3463867, 41.2973363 ], [ 69.3461634, 41.2974655 ], [ 69.3460553, 41.2973601 ], [ 69.3462786, 41.2972309 ], [ 69.3463867, 41.2973363 ] ] ] } },
{ "type": "Feature", "properties": { "id": "way/1365085742", "@timestamp": "2025-03-06T21:38:21", "Площадь": 0.05, "Туман": "Яшнобод" }, "geometry": { "type": "Polygon", "coordinates": [ [ [ 69.3514182, 41.2959609 ], [ 69.3512129, 41.2960968 ], [ 69.351064, 41.2959526 ], [ 69.3512791, 41.2958241 ], [ 69.3514182, 41.2959609 ] ] ] } },
{ "type": "Feature", "properties": { "id": "way/1368167481", "@timestamp": "2025-03-16T20:42:27", "Площадь": 0.09, "Туман": "Учтепа" }, "geometry": { "type": "Polygon", "coordinates": [ [ [ 69.1837655, 41.2865151 ], [ 69.1833422, 41.286177 ], [ 69.183489, 41.2860733 ], [ 69.1839122, 41.2864115 ], [ 69.1837655, 41.2865151 ] ] ] } },
{ "type": "Feature", "properties": { "id": "way/1368484587", "@timestamp": "2025-03-17T20:14:33", "Площадь": 0.07, "Туман": "Чилонзор" }, "geometry": { "type": "Polygon", "coordinates": [ [ [ 69.2021032, 41.2754124 ], [ 69.2019703, 41.2755022 ], [ 69.2016043, 41.2751966 ], [ 69.201737, 41.2751068 ], [ 69.2021032, 41.2754124 ] ] ] } },
{ "type": "Feature", "properties": { "id": "way/1369766928", "@timestamp": "2025-03-20T20:31:08", "Площадь": 0.03, "Туман": "Мирзо Улуғбек" }, "geometry": { "type": "Polygon", "coordinates": [ [ [ 69.4215716, 41.3261092 ], [ 69.4214582, 41.3265731 ], [ 69.4214021, 41.3265551 ], [ 69.4215125, 41.3261005 ], [ 69.4215716, 41.3261092 ] ] ] } },
{ "type": "Feature", "properties": { "id": "way/1369766929", "@timestamp": "2025-03-20T20:31:08", "Площадь": 0.01, "Туман": "Мирзо Улуғбек" }, "geometry": { "type": "Polygon", "coordinates": [ [ [ 69.4216755, 41.3265787 ], [ 69.4216168, 41.3265704 ], [ 69.4216655, 41.3263758 ], [ 69.4217242, 41.3263841 ], [ 69.4216755, 41.3265787 ] ] ] } },
{ "type": "Feature", "properties": { "id": "way/1369766930", "@timestamp": "2025-07-21T19:05:34", "Площадь": 0.61, "Туман": "Мирзо Улуғбек" }, "geometry": { "type": "Polygon", "coordinates": [ [ [ 69.4217308, 41.3266659 ], [ 69.4217072, 41.3267699 ], [ 69.4217986, 41.3267843 ], [ 69.4215594, 41.3277578 ], [ 69.4215286, 41.3278828 ], [ 69.4209999, 41.3277991 ], [ 69.4212846, 41.3265998 ], [ 69.4217308, 41.3266659 ] ] ] } },
{ "type": "Feature", "properties": { "id": "way/1369766931", "@timestamp": "2025-09-06T12:47:33", "Площадь": 0.39, "Туман": "Мирзо Улуғбек" }, "geometry": { "type": "Polygon", "coordinates": [ [ [ 69.4241882, 41.3270174 ], [ 69.4240602, 41.3275324 ], [ 69.4238738, 41.3282111 ], [ 69.4235369, 41.3281654 ], [ 69.4235681, 41.3280413 ], [ 69.4238109, 41.3270749 ], [ 69.4239465, 41.3270915 ], [ 69.4239774, 41.3269864 ], [ 69.4241882, 41.3270174 ] ] ] } },
{ "type": "Feature", "properties": { "id": "way/1369766932", "@timestamp": "2025-07-21T19:05:34", "Площадь": 0.24, "Туман": "Мирзо Улуғбек" }, "geometry": { "type": "Polygon", "coordinates": [ [ [ 69.4215286, 41.3278828 ], [ 69.4215594, 41.3277578 ], [ 69.4235681, 41.3280413 ], [ 69.4235369, 41.3281654 ], [ 69.4215286, 41.3278828 ] ] ] } },
{ "type": "Feature", "properties": { "id": "way/1370326108", "@timestamp": "2025-03-22T13:49:11", "Площадь": 0.29, "Туман": "Мирзо Улуғбек" }, "geometry": { "type": "Polygon", "coordinates": [ [ [ 69.3093452, 41.315743 ], [ 69.3091686, 41.3158068 ], [ 69.309067, 41.315668 ], [ 69.308858, 41.3157477 ], [ 69.3084698, 41.3151796 ], [ 69.3084549, 41.3151598 ], [ 69.3087912, 41.3150388 ], [ 69.308863, 41.3150467 ], [ 69.3093452, 41.315743 ] ] ] } },
{ "type": "Feature", "properties": { "id": "way/1370377647", "@timestamp": "2025-03-22T18:36:31", "Площадь": 0.25, "Туман": "Миробод" }, "geometry": { "type": "Polygon", "coordinates": [ [ [ 69.2813776, 41.2783011 ], [ 69.2822181, 41.2792243 ], [ 69.2820185, 41.2793269 ], [ 69.2811782, 41.2784036 ], [ 69.2813776, 41.2783011 ] ] ] } },
{ "type": "Feature", "properties": { "id": "way/1370386560", "@timestamp": "2025-03-22T19:52:18", "Площадь": 0.35, "Туман": "Миробод" }, "geometry": { "type": "Polygon", "coordinates": [ [ [ 69.3046893, 41.2835687 ], [ 69.304897, 41.2831964 ], [ 69.3048857, 41.2831185 ], [ 69.3047905, 41.2830834 ], [ 69.3052974, 41.2821421 ], [ 69.3054211, 41.2821771 ], [ 69.305747, 41.2816112 ], [ 69.3057807, 41.2816158 ], [ 69.3057578, 41.2818611 ], [ 69.3056045, 41.2821501 ], [ 69.3055161, 41.2821247 ], [ 69.3054748, 41.2821956 ], [ 69.3049679, 41.2831247 ], [ 69.3051447, 41.2831734 ], [ 69.3049192, 41.2836341 ], [ 69.3046893, 41.2835687 ] ] ] } },
{ "type": "Feature", "properties": { "id": "way/1370670307", "@timestamp": "2025-03-23T16:43:39", "Площадь": 0.05, "Туман": "Миробод" }, "geometry": { "type": "Polygon", "coordinates": [ [ [ 69.3014111, 41.2693936 ], [ 69.3010906, 41.2692971 ], [ 69.3011819, 41.2691293 ], [ 69.3014099, 41.2692015 ], [ 69.3014111, 41.2693936 ] ] ] } },
{ "type": "Feature", "properties": { "id": "way/1370697153", "@timestamp": "2025-03-23T19:20:41", "Площадь": 0.03, "Туман": "Яшнобод" }, "geometry": { "type": "Polygon", "coordinates": [ [ [ 69.296063, 41.2989089 ], [ 69.2958239, 41.2989826 ], [ 69.2957677, 41.2988438 ], [ 69.2959772, 41.2987673 ], [ 69.296063, 41.2989089 ] ] ] } },
{ "type": "Feature", "properties": { "id": "way/1370726455", "@timestamp": "2026-02-07T01:02:20", "Площадь": 0.12, "Туман": "Миробод" }, "geometry": { "type": "Polygon", "coordinates": [ [ [ 69.2882378, 41.2925635 ], [ 69.2880569, 41.2927226 ], [ 69.2876006, 41.2924299 ], [ 69.2876854, 41.2923553 ], [ 69.2877815, 41.2922708 ], [ 69.2882378, 41.2925635 ] ] ] } },
{ "type": "Feature", "properties": { "id": "way/1370726458", "@timestamp": "2025-03-23T21:53:36", "Площадь": 0.1, "Туман": "Миробод" }, "geometry": { "type": "Polygon", "coordinates": [ [ [ 69.2774581, 41.294519 ], [ 69.2769277, 41.2950072 ], [ 69.2767892, 41.2949223 ], [ 69.2773195, 41.294434 ], [ 69.2774581, 41.294519 ] ] ] } },
{ "type": "Feature", "properties": { "id": "way/1370819335", "@timestamp": "2025-03-24T09:44:13", "Площадь": 0.07, "Туман": "Мирзо Улуғбек" }, "geometry": { "type": "Polygon", "coordinates": [ [ [ 69.3763998, 41.3367628 ], [ 69.3755648, 41.336589 ], [ 69.3755948, 41.3365079 ], [ 69.3764298, 41.3366815 ], [ 69.3763998, 41.3367628 ] ] ] } },
{ "type": "Feature", "properties": { "id": "way/1370926707", "@timestamp": "2025-03-24T17:05:13", "Площадь": 0.04, "Туман": "Чилонзор" }, "geometry": { "type": "Polygon", "coordinates": [ [ [ 69.1824882, 41.2717951 ], [ 69.1822931, 41.2719973 ], [ 69.1821423, 41.2719152 ], [ 69.1823374, 41.2717129 ], [ 69.1824882, 41.2717951 ] ] ] } },
{ "type": "Feature", "properties": { "id": "way/1370947035", "@timestamp": "2026-01-14T04:13:08", "Площадь": 0.38, "Туман": "Сергели" }, "geometry": { "type": "Polygon", "coordinates": [ [ [ 69.2203092, 41.2441964 ], [ 69.2203027, 41.2442294 ], [ 69.2199875, 41.2442185 ], [ 69.2199903, 41.2440904 ], [ 69.2201029, 41.2440795 ], [ 69.2203281, 41.2440556 ], [ 69.220538, 41.2440364 ], [ 69.2208056, 41.244016 ], [ 69.2210652, 41.2439968 ], [ 69.2220731, 41.2440031 ], [ 69.2220731, 41.2440569 ], [ 69.2219162, 41.244294 ], [ 69.2215833, 41.2442895 ], [ 69.2216268, 41.2442075 ], [ 69.2203092, 41.2441964 ] ] ] } },
{ "type": "Feature", "properties": { "id": "way/1372060514", "@timestamp": "2025-03-27T14:31:49", "Площадь": 0.05, "Туман": "Мирзо Улуғбек" }, "geometry": { "type": "Polygon", "coordinates": [ [ [ 69.3052438, 41.3200186 ], [ 69.3050559, 41.3200345 ], [ 69.3050146, 41.3197578 ], [ 69.3052026, 41.319742 ], [ 69.3052438, 41.3200186 ] ] ] } },
{ "type": "Feature", "properties": { "id": "way/1373510163", "@timestamp": "2025-03-31T21:04:24", "Площадь": 0.05, "Туман": "Яшнобод" }, "geometry": { "type": "Polygon", "coordinates": [ [ [ 69.3324299, 41.3116591 ], [ 69.3326843, 41.3114716 ], [ 69.3328386, 41.3115928 ], [ 69.3325724, 41.3117494 ], [ 69.3325053, 41.3117317 ], [ 69.3324299, 41.3116591 ] ] ] } },
{ "type": "Feature", "properties": { "id": "way/1373510164", "@timestamp": "2025-03-31T21:04:24", "Площадь": 0.05, "Туман": "Яшнобод" }, "geometry": { "type": "Polygon", "coordinates": [ [ [ 69.3326631, 41.3114442 ], [ 69.3328669, 41.3113 ], [ 69.3330447, 41.3114353 ], [ 69.3328468, 41.3115901 ], [ 69.3326631, 41.3114442 ] ] ] } },
{ "type": "Feature", "properties": { "id": "way/1373510165", "@timestamp": "2025-03-31T21:04:24", "Площадь": 0.1, "Туман": "Яшнобод" }, "geometry": { "type": "Polygon", "coordinates": [ [ [ 69.3331496, 41.311326 ], [ 69.3330556, 41.3112568 ], [ 69.3337892, 41.3106946 ], [ 69.3338833, 41.310764 ], [ 69.3331496, 41.311326 ] ] ] } },
{ "type": "Feature", "properties": { "id": "way/1373510166", "@timestamp": "2025-03-31T21:04:24", "Площадь": 0.05, "Туман": "Яшнобод" }, "geometry": { "type": "Polygon", "coordinates": [ [ [ 69.3340357, 41.3107115 ], [ 69.3339888, 41.3106756 ], [ 69.3347172, 41.3101386 ], [ 69.3347639, 41.3101744 ], [ 69.3340357, 41.3107115 ] ] ] } },
{ "type": "Feature", "properties": { "id": "way/1374166942", "@timestamp": "2025-04-02T13:59:15", "Площадь": 0.15, "Туман": "Учтепа" }, "geometry": { "type": "Polygon", "coordinates": [ [ [ 69.1881634, 41.2869396 ], [ 69.1878024, 41.2871656 ], [ 69.1875091, 41.2869011 ], [ 69.18787, 41.2866751 ], [ 69.1881634, 41.2869396 ] ] ] } },
{ "type": "Feature", "properties": { "id": "way/1374185233", "@timestamp": "2025-04-02T14:58:28", "Площадь": 0.04, "Туман": "Учтепа" }, "geometry": { "type": "Polygon", "coordinates": [ [ [ 69.1920534, 41.2905238 ], [ 69.191945, 41.2906231 ], [ 69.1916837, 41.2904621 ], [ 69.1917921, 41.2903628 ], [ 69.1920534, 41.2905238 ] ] ] } },
{ "type": "Feature", "properties": { "id": "way/1374317362", "@timestamp": "2025-04-03T04:07:00", "Площадь": 0.03, "Туман": "Яккасарой" }, "geometry": { "type": "Polygon", "coordinates": [ [ [ 69.2510003, 41.3012586 ], [ 69.2508024, 41.3011936 ], [ 69.2508692, 41.3010179 ], [ 69.2510268, 41.3010666 ], [ 69.2510003, 41.3012586 ] ] ] } },
{ "type": "Feature", "properties": { "id": "way/1374550980", "@timestamp": "2025-06-12T14:34:21", "Площадь": 0.1, "Туман": "Чилонзор" }, "geometry": { "type": "Polygon", "coordinates": [ [ [ 69.2008361, 41.2693444 ], [ 69.2009093, 41.2693207 ], [ 69.2009824, 41.2692969 ], [ 69.2013542, 41.2699433 ], [ 69.2012081, 41.2699908 ], [ 69.2008361, 41.2693444 ] ] ] } },
{ "type": "Feature", "properties": { "id": "way/1374550981", "@timestamp": "2025-04-03T23:56:20", "Площадь": 0.04, "Туман": "Чилонзор" }, "geometry": { "type": "Polygon", "coordinates": [ [ [ 69.1953339, 41.2701154 ], [ 69.1950343, 41.2701897 ], [ 69.1949786, 41.2700627 ], [ 69.1952782, 41.2699884 ], [ 69.1953339, 41.2701154 ] ] ] } },
{ "type": "Feature", "properties": { "id": "way/1375105372", "@timestamp": "2025-04-05T21:34:36", "Площадь": 0.07, "Туман": "Чилонзор" }, "geometry": { "type": "Polygon", "coordinates": [ [ [ 69.2028345, 41.273886 ], [ 69.2026852, 41.2739902 ], [ 69.2023694, 41.2737346 ], [ 69.2025188, 41.2736304 ], [ 69.2028345, 41.273886 ] ] ] } },
{ "type": "Feature", "properties": { "id": "way/1375105373", "@timestamp": "2025-04-05T21:34:36", "Площадь": 0.06, "Туман": "Чилонзор" }, "geometry": { "type": "Polygon", "coordinates": [ [ [ 69.2013893, 41.2722453 ], [ 69.2012227, 41.2723699 ], [ 69.2009777, 41.2721851 ], [ 69.2011443, 41.2720604 ], [ 69.2013893, 41.2722453 ] ] ] } },
{ "type": "Feature", "properties": { "id": "way/1375625326", "@timestamp": "2025-04-07T16:13:17", "Площадь": 0.07, "Туман": "Юнусобод" }, "geometry": { "type": "Polygon", "coordinates": [ [ [ 69.2757949, 41.3208105 ], [ 69.2758581, 41.3211241 ], [ 69.2756343, 41.3211495 ], [ 69.2755712, 41.3208359 ], [ 69.2757949, 41.3208105 ] ] ] } },
{ "type": "Feature", "properties": { "id": "way/1375666008", "@timestamp": "2025-04-07T19:20:08", "Площадь": 0.03, "Туман": "Чилонзор" }, "geometry": { "type": "Polygon", "coordinates": [ [ [ 69.2066718, 41.2818889 ], [ 69.2065892, 41.2818063 ], [ 69.2068225, 41.2816745 ], [ 69.2069611, 41.2818131 ], [ 69.2068843, 41.2818564 ], [ 69.2068285, 41.2818005 ], [ 69.2066718, 41.2818889 ] ] ] } },
{ "type": "Feature", "properties": { "id": "way/1375933857", "@timestamp": "2025-04-08T18:52:00", "Площадь": 0.05, "Туман": "Чилонзор" }, "geometry": { "type": "Polygon", "coordinates": [ [ [ 69.2083134, 41.2844161 ], [ 69.2082151, 41.2843293 ], [ 69.2086016, 41.284082 ], [ 69.2087, 41.2841688 ], [ 69.2083134, 41.2844161 ] ] ] } },
{ "type": "Feature", "properties": { "id": "way/1375952688", "@timestamp": "2025-04-08T20:15:51", "Площадь": 0.07, "Туман": "Чилонзор" }, "geometry": { "type": "Polygon", "coordinates": [ [ [ 69.1950951, 41.2819718 ], [ 69.1949679, 41.2818277 ], [ 69.1950396, 41.281412 ], [ 69.1952248, 41.2815698 ], [ 69.1950951, 41.2819718 ] ] ] } },
{ "type": "Feature", "properties": { "id": "way/1375982777", "@timestamp": "2025-04-08T22:53:07", "Площадь": 0.11, "Туман": "Шайхонтоҳур" }, "geometry": { "type": "Polygon", "coordinates": [ [ [ 69.2271084, 41.3266159 ], [ 69.227448, 41.326424 ], [ 69.2275119, 41.3263759 ], [ 69.2276983, 41.3265612 ], [ 69.2272858, 41.326793 ], [ 69.2271084, 41.3266159 ] ] ] } },
{ "type": "Feature", "properties": { "id": "way/1376146874", "@timestamp": "2025-04-09T15:40:12", "Площадь": 0.13, "Туман": "Олмазор" }, "geometry": { "type": "Polygon", "coordinates": [ [ [ 69.2319827, 41.3256564 ], [ 69.2318317, 41.3256296 ], [ 69.2317225, 41.325639 ], [ 69.2313068, 41.3258757 ], [ 69.2311914, 41.325871 ], [ 69.2310979, 41.3257874 ], [ 69.2316517, 41.3254606 ], [ 69.2316939, 41.3254562 ], [ 69.2317361, 41.3254638 ], [ 69.2317833, 41.3254812 ], [ 69.2318193, 41.3255057 ], [ 69.2319827, 41.3256564 ] ] ] } },
{ "type": "Feature", "properties": { "id": "way/1376324527", "@timestamp": "2025-04-09T21:48:10", "Площадь": 0.02, "Туман": "Шайхонтоҳур" }, "geometry": { "type": "Polygon", "coordinates": [ [ [ 69.2203875, 41.3308855 ], [ 69.2202781, 41.330778 ], [ 69.2204151, 41.3306993 ], [ 69.2205246, 41.3308069 ], [ 69.2203875, 41.3308855 ] ] ] } },
{ "type": "Feature", "properties": { "id": "way/1376324528", "@timestamp": "2025-04-09T21:48:10", "Площадь": 0.02, "Туман": "Шайхонтоҳур" }, "geometry": { "type": "Polygon", "coordinates": [ [ [ 69.2210923, 41.3305092 ], [ 69.2210063, 41.3305591 ], [ 69.2208538, 41.3304031 ], [ 69.2208673, 41.3303951 ], [ 69.2208358, 41.3303649 ], [ 69.2209127, 41.3303197 ], [ 69.2210923, 41.3305092 ] ] ] } },
{ "type": "Feature", "properties": { "id": "way/1376324540", "@timestamp": "2025-04-09T21:48:10", "Площадь": 0.09, "Туман": "Шайхонтоҳур" }, "geometry": { "type": "Polygon", "coordinates": [ [ [ 69.2189351, 41.3318719 ], [ 69.2187546, 41.3319752 ], [ 69.2186958, 41.3319059 ], [ 69.2184191, 41.3316464 ], [ 69.2186015, 41.3315449 ], [ 69.2189351, 41.3318719 ] ] ] } },
{ "type": "Feature", "properties": { "id": "way/1376324558", "@timestamp": "2025-04-09T21:48:10", "Площадь": 0.14, "Туман": "Олмазор" }, "geometry": { "type": "Polygon", "coordinates": [ [ [ 69.2209248, 41.3321192 ], [ 69.2210512, 41.3322379 ], [ 69.2206718, 41.3324658 ], [ 69.2204842, 41.3325782 ], [ 69.2202948, 41.3326922 ], [ 69.2201683, 41.3325734 ], [ 69.2209248, 41.3321192 ] ] ] } },
{ "type": "Feature", "properties": { "id": "way/1376569937", "@timestamp": "2025-04-10T21:28:21", "Площадь": 0.09, "Туман": "Олмазор" }, "geometry": { "type": "Polygon", "coordinates": [ [ [ 69.2079133, 41.341257 ], [ 69.2076138, 41.3409879 ], [ 69.2076138, 41.3409646 ], [ 69.2078336, 41.3408268 ], [ 69.2080667, 41.3410364 ], [ 69.2079224, 41.3411268 ], [ 69.208004, 41.3412002 ], [ 69.2079133, 41.341257 ] ] ] } },
{ "type": "Feature", "properties": { "id": "way/1376579757", "@timestamp": "2025-04-10T22:10:16", "Площадь": 0.09, "Туман": "Олмазор" }, "geometry": { "type": "Polygon", "coordinates": [ [ [ 69.2072643, 41.339399 ], [ 69.2078131, 41.339912 ], [ 69.2079388, 41.3400654 ], [ 69.2078322, 41.3401349 ], [ 69.2076767, 41.3399606 ], [ 69.2076694, 41.3399338 ], [ 69.2076961, 41.3399125 ], [ 69.2071835, 41.339445 ], [ 69.2072643, 41.339399 ] ] ] } },
{ "type": "Feature", "properties": { "id": "way/1376581769", "@timestamp": "2025-04-10T22:20:10", "Площадь": 0.06, "Туман": "Олмазор" }, "geometry": { "type": "Polygon", "coordinates": [ [ [ 69.2136397, 41.3411571 ], [ 69.2133055, 41.3412563 ], [ 69.2132705, 41.3412055 ], [ 69.213099, 41.3412793 ], [ 69.2130564, 41.3412342 ], [ 69.2134868, 41.3409922 ], [ 69.2136397, 41.3411571 ] ] ] } },
{ "type": "Feature", "properties": { "id": "way/1376766659", "@timestamp": "2025-04-11T16:01:10", "Площадь": 0.06, "Туман": "Шайхонтоҳур" }, "geometry": { "type": "Polygon", "coordinates": [ [ [ 69.2046172, 41.3404037 ], [ 69.2045193, 41.3407525 ], [ 69.2043012, 41.340802 ], [ 69.2043794, 41.3405199 ], [ 69.2044906, 41.3405373 ], [ 69.2045313, 41.3403905 ], [ 69.2046172, 41.3404037 ] ] ] } },
{ "type": "Feature", "properties": { "id": "way/1376766661", "@timestamp": "2025-04-11T16:01:10", "Площадь": 0.05, "Туман": "Шайхонтоҳур" }, "geometry": { "type": "Polygon", "coordinates": [ [ [ 69.2043812, 41.3402008 ], [ 69.2046667, 41.3400494 ], [ 69.2048086, 41.3401834 ], [ 69.204768, 41.3402064 ], [ 69.2047041, 41.3402678 ], [ 69.2046814, 41.3403083 ], [ 69.2046197, 41.340257 ], [ 69.2045538, 41.3402408 ], [ 69.2043812, 41.3402008 ] ] ] } },
{ "type": "Feature", "properties": { "id": "way/1376854604", "@timestamp": "2025-04-11T19:03:47", "Площадь": 0.08, "Туман": "Шайхонтоҳур" }, "geometry": { "type": "Polygon", "coordinates": [ [ [ 69.1953147, 41.3273488 ], [ 69.195425, 41.3272662 ], [ 69.1958921, 41.3277278 ], [ 69.1957651, 41.3277935 ], [ 69.1953147, 41.3273488 ] ] ] } },
{ "type": "Feature", "properties": { "id": "way/1376854605", "@timestamp": "2025-04-11T19:03:47", "Площадь": 0.22, "Туман": "Шайхонтоҳур" }, "geometry": { "type": "Polygon", "coordinates": [ [ [ 69.1950474, 41.3295248 ], [ 69.1948961, 41.3293498 ], [ 69.1948427, 41.3291387 ], [ 69.194867, 41.328971 ], [ 69.1952902, 41.3289619 ], [ 69.1953189, 41.3290771 ], [ 69.1955036, 41.3292725 ], [ 69.1950474, 41.3295248 ] ] ] } },
{ "type": "Feature", "properties": { "id": "way/1376854606", "@timestamp": "2025-04-11T19:03:47", "Площадь": 0.23, "Туман": "Шайхонтоҳур" }, "geometry": { "type": "Polygon", "coordinates": [ [ [ 69.1953795, 41.3298351 ], [ 69.1958062, 41.3295793 ], [ 69.1961802, 41.3299312 ], [ 69.1957534, 41.330187 ], [ 69.1953795, 41.3298351 ] ] ] } },
{ "type": "Feature", "properties": { "id": "way/1377085398", "@timestamp": "2025-04-12T23:16:52", "Площадь": 0.03, "Туман": "Юнусобод" }, "geometry": { "type": "Polygon", "coordinates": [ [ [ 69.2929717, 41.3767301 ], [ 69.2926752, 41.3767784 ], [ 69.2926471, 41.3766812 ], [ 69.2929435, 41.3766329 ], [ 69.2929717, 41.3767301 ] ] ] } },
{ "type": "Feature", "properties": { "id": "way/1378367973", "@timestamp": "2025-04-17T15:49:20", "Площадь": 0.06, "Туман": "Учтепа" }, "geometry": { "type": "Polygon", "coordinates": [ [ [ 69.1790598, 41.2771451 ], [ 69.1789535, 41.277205 ], [ 69.1788577, 41.2773024 ], [ 69.1787913, 41.2772672 ], [ 69.1786742, 41.2770276 ], [ 69.1787589, 41.2769583 ], [ 69.1790598, 41.2771451 ] ] ] } },
{ "type": "Feature", "properties": { "id": "way/1380120787", "@timestamp": "2025-04-22T23:04:34", "Площадь": 0.06, "Туман": "Мирзо Улуғбек" }, "geometry": { "type": "Polygon", "coordinates": [ [ [ 69.3173777, 41.3249562 ], [ 69.3172233, 41.3249227 ], [ 69.3173642, 41.3245565 ], [ 69.3175187, 41.32459 ], [ 69.3173777, 41.3249562 ] ] ] } },
{ "type": "Feature", "properties": { "id": "way/1380120789", "@timestamp": "2025-04-22T23:04:34", "Площадь": 0.07, "Туман": "Мирзо Улуғбек" }, "geometry": { "type": "Polygon", "coordinates": [ [ [ 69.3203416, 41.3261523 ], [ 69.3190168, 41.325981 ], [ 69.319029, 41.3259274 ], [ 69.3203539, 41.3260985 ], [ 69.3203416, 41.3261523 ] ] ] } },
{ "type": "Feature", "properties": { "id": "way/1380120790", "@timestamp": "2025-04-22T23:04:34", "Площадь": 0.03, "Туман": "Мирзо Улуғбек" }, "geometry": { "type": "Polygon", "coordinates": [ [ [ 69.3211327, 41.3260123 ], [ 69.3211521, 41.3259646 ], [ 69.3218288, 41.3261193 ], [ 69.3218094, 41.3261672 ], [ 69.3211327, 41.3260123 ] ] ] } },
{ "type": "Feature", "properties": { "id": "way/1380120794", "@timestamp": "2025-04-22T23:04:34", "Площадь": 0.04, "Туман": "Мирзо Улуғбек" }, "geometry": { "type": "Polygon", "coordinates": [ [ [ 69.3171268, 41.3247298 ], [ 69.3168383, 41.3246536 ], [ 69.3169078, 41.3245052 ], [ 69.3171963, 41.3245814 ], [ 69.3171268, 41.3247298 ] ] ] } },
{ "type": "Feature", "properties": { "id": "way/1380123496", "@timestamp": "2025-04-22T23:24:59", "Площадь": 0.07, "Туман": "Юнусобод" }, "geometry": { "type": "Polygon", "coordinates": [ [ [ 69.2950581, 41.378219 ], [ 69.2947718, 41.3782675 ], [ 69.2946954, 41.3780132 ], [ 69.2949817, 41.3779647 ], [ 69.2950581, 41.378219 ] ] ] } },
{ "type": "Feature", "properties": { "id": "way/1380123498", "@timestamp": "2025-04-22T23:24:59", "Площадь": 0.22, "Туман": "Юнусобод" }, "geometry": { "type": "Polygon", "coordinates": [ [ [ 69.2918261, 41.3834221 ], [ 69.2918262, 41.3833332 ], [ 69.291765, 41.3833361 ], [ 69.291757, 41.3831789 ], [ 69.2920166, 41.3831558 ], [ 69.2920204, 41.3831756 ], [ 69.2920867, 41.3831698 ], [ 69.2921104, 41.3833068 ], [ 69.2921946, 41.3832992 ], [ 69.2921749, 41.3831736 ], [ 69.2921893, 41.3831722 ], [ 69.2921851, 41.3831533 ], [ 69.2922445, 41.383148 ], [ 69.2922413, 41.3831276 ], [ 69.2926333, 41.3831173 ], [ 69.2926438, 41.383445 ], [ 69.2918261, 41.3834221 ] ] ] } },
{ "type": "Feature", "properties": { "id": "way/1380123499", "@timestamp": "2025-04-22T23:24:59", "Площадь": 0.03, "Туман": "Юнусобод" }, "geometry": { "type": "Polygon", "coordinates": [ [ [ 69.2914385, 41.3833203 ], [ 69.2914311, 41.3832311 ], [ 69.2917472, 41.3832163 ], [ 69.2917546, 41.3833055 ], [ 69.2914385, 41.3833203 ] ] ] } },
{ "type": "Feature", "properties": { "id": "way/1381835345", "@timestamp": "2025-04-27T23:09:24", "Площадь": 0.14, "Туман": "Юнусобод" }, "geometry": { "type": "Polygon", "coordinates": [ [ [ 69.3121968, 41.3723229 ], [ 69.3115005, 41.3734508 ], [ 69.3114618, 41.3734371 ], [ 69.3114504, 41.3734317 ], [ 69.3114407, 41.3734256 ], [ 69.3114352, 41.373416 ], [ 69.3114314, 41.3734074 ], [ 69.3114327, 41.3733865 ], [ 69.3114363, 41.3733653 ], [ 69.3120089, 41.3723603 ], [ 69.3120239, 41.3723453 ], [ 69.3120415, 41.3723337 ], [ 69.3120617, 41.3723221 ], [ 69.3120875, 41.3723144 ], [ 69.3121165, 41.3723106 ], [ 69.3121456, 41.3723121 ], [ 69.3121722, 41.3723156 ], [ 69.3121968, 41.3723229 ] ] ] } },
{ "type": "Feature", "properties": { "id": "way/1381835353", "@timestamp": "2025-04-27T23:09:24", "Площадь": 0.04, "Туман": "Юнусобод" }, "geometry": { "type": "Polygon", "coordinates": [ [ [ 69.303966, 41.3680004 ], [ 69.3035767, 41.3678693 ], [ 69.3036366, 41.367771 ], [ 69.3040197, 41.3679227 ], [ 69.303966, 41.3680004 ] ] ] } },
{ "type": "Feature", "properties": { "id": "way/1381835354", "@timestamp": "2025-04-27T23:09:24", "Площадь": 0.03, "Туман": "Юнусобод" }, "geometry": { "type": "Polygon", "coordinates": [ [ [ 69.3052116, 41.3683911 ], [ 69.3052078, 41.3684304 ], [ 69.3050506, 41.368672 ], [ 69.3049708, 41.3687385 ], [ 69.3049421, 41.3687281 ], [ 69.304995, 41.3686172 ], [ 69.3051068, 41.3683733 ], [ 69.3052116, 41.3683911 ] ] ] } },
{ "type": "Feature", "properties": { "id": "way/1381835364", "@timestamp": "2025-04-27T23:09:24", "Площадь": 0.05, "Туман": "Юнусобод" }, "geometry": { "type": "Polygon", "coordinates": [ [ [ 69.3012026, 41.3696565 ], [ 69.3008977, 41.3697147 ], [ 69.3008423, 41.3695512 ], [ 69.3011472, 41.3694931 ], [ 69.3012026, 41.3696565 ] ] ] } },
{ "type": "Feature", "properties": { "id": "way/1382050823", "@timestamp": "2025-04-28T15:53:04", "Площадь": 0.25, "Туман": "Янгиҳает" }, "geometry": { "type": "Polygon", "coordinates": [ [ [ 69.2187692, 41.204757 ], [ 69.2186993, 41.2048485 ], [ 69.2165802, 41.2039863 ], [ 69.2166151, 41.2039556 ], [ 69.2166564, 41.2039383 ], [ 69.2167098, 41.2039276 ], [ 69.2167617, 41.2039243 ], [ 69.2187692, 41.204757 ] ] ] } },
{ "type": "Feature", "properties": { "id": "way/1382050824", "@timestamp": "2025-04-28T15:53:04", "Площадь": 0.12, "Туман": "Янгиҳает" }, "geometry": { "type": "Polygon", "coordinates": [ [ [ 69.2154538, 41.2037237 ], [ 69.2155589, 41.2035749 ], [ 69.215718, 41.2036385 ], [ 69.2157975, 41.203526 ], [ 69.2162992, 41.2037266 ], [ 69.2162088, 41.2038546 ], [ 69.2157835, 41.2036845 ], [ 69.2156893, 41.2038178 ], [ 69.2154538, 41.2037237 ] ] ] } },
{ "type": "Feature", "properties": { "id": "way/1382050829", "@timestamp": "2025-04-28T15:53:04", "Площадь": 0.13, "Туман": "Янгиҳает" }, "geometry": { "type": "Polygon", "coordinates": [ [ [ 69.2151642, 41.2114287 ], [ 69.2148303, 41.2118738 ], [ 69.2145995, 41.2117758 ], [ 69.2149336, 41.2113308 ], [ 69.2151642, 41.2114287 ] ] ] } },
{ "type": "Feature", "properties": { "id": "way/1382050837", "@timestamp": "2025-04-28T15:53:04", "Площадь": 0.03, "Туман": "Сергели" }, "geometry": { "type": "Polygon", "coordinates": [ [ [ 69.206098, 41.2253909 ], [ 69.2062028, 41.2255246 ], [ 69.2060937, 41.2256709 ], [ 69.2059409, 41.2256128 ], [ 69.206098, 41.2253909 ] ] ] } },
{ "type": "Feature", "properties": { "id": "way/1382084336", "@timestamp": "2025-04-28T16:45:02", "Площадь": 0.24, "Туман": "Сергели" }, "geometry": { "type": "Polygon", "coordinates": [ [ [ 69.2196037, 41.2155883 ], [ 69.2198115, 41.2156891 ], [ 69.2197378, 41.2157989 ], [ 69.2197805, 41.2158377 ], [ 69.219334, 41.216443 ], [ 69.2190614, 41.2163376 ], [ 69.2196037, 41.2155883 ] ] ] } },
{ "type": "Feature", "properties": { "id": "way/1383086011", "@timestamp": "2025-05-03T00:41:49", "Площадь": 0.07, "Туман": "Мирзо Улуғбек" }, "geometry": { "type": "Polygon", "coordinates": [ [ [ 69.3612456, 41.3430787 ], [ 69.3609342, 41.3427887 ], [ 69.3610975, 41.3426899 ], [ 69.3614088, 41.3429799 ], [ 69.3612456, 41.3430787 ] ] ] } },
{ "type": "Feature", "properties": { "id": "way/1383086012", "@timestamp": "2025-05-03T00:41:49", "Площадь": 0.06, "Туман": "Мирзо Улуғбек" }, "geometry": { "type": "Polygon", "coordinates": [ [ [ 69.3614249, 41.3424663 ], [ 69.3617796, 41.3427859 ], [ 69.3616622, 41.3428593 ], [ 69.3613077, 41.3425396 ], [ 69.3614249, 41.3424663 ] ] ] } },
{ "type": "Feature", "properties": { "id": "way/1383329293", "@timestamp": "2025-05-03T20:07:25", "Площадь": 0.04, "Туман": "Яшнобод" }, "geometry": { "type": "Polygon", "coordinates": [ [ [ 69.3266242, 41.3126386 ], [ 69.3266289, 41.3128598 ], [ 69.3266538, 41.3129651 ], [ 69.3267114, 41.3130938 ], [ 69.3266694, 41.3131066 ], [ 69.3264466, 41.3126819 ], [ 69.3266242, 41.3126386 ] ] ] } },
{ "type": "Feature", "properties": { "id": "way/1383329304", "@timestamp": "2025-05-03T20:07:25", "Площадь": 0.11, "Туман": "Яшнобод" }, "geometry": { "type": "Polygon", "coordinates": [ [ [ 69.3249767, 41.3090406 ], [ 69.3247062, 41.3091302 ], [ 69.3244891, 41.30876 ], [ 69.3247595, 41.3086705 ], [ 69.3249767, 41.3090406 ] ] ] } },
{ "type": "Feature", "properties": { "id": "way/1383329318", "@timestamp": "2025-05-03T20:07:25", "Площадь": 0.1, "Туман": "Яшнобод" }, "geometry": { "type": "Polygon", "coordinates": [ [ [ 69.3274189, 41.3084462 ], [ 69.3276056, 41.3083803 ], [ 69.3276941, 41.3083529 ], [ 69.3277536, 41.3083529 ], [ 69.327915, 41.3085428 ], [ 69.3276242, 41.308725 ], [ 69.3275446, 41.3086563 ], [ 69.3274189, 41.3084462 ] ] ] } },
{ "type": "Feature", "properties": { "id": "way/1383329319", "@timestamp": "2025-05-03T20:07:25", "Площадь": 0.03, "Туман": "Яшнобод" }, "geometry": { "type": "Polygon", "coordinates": [ [ [ 69.3281294, 41.3084004 ], [ 69.327977, 41.3084922 ], [ 69.3277939, 41.3083112 ], [ 69.3278926, 41.3082664 ], [ 69.3279515, 41.3083366 ], [ 69.3280245, 41.308302 ], [ 69.3281294, 41.3084004 ] ] ] } },
{ "type": "Feature", "properties": { "id": "way/1383513864", "@timestamp": "2025-05-04T09:36:55", "Площадь": 0.03, "Туман": "Яшнобод" }, "geometry": { "type": "Polygon", "coordinates": [ [ [ 69.3226903, 41.3043596 ], [ 69.3227211, 41.3041599 ], [ 69.3228138, 41.3041679 ], [ 69.3228207, 41.3041232 ], [ 69.3228895, 41.3041291 ], [ 69.3228518, 41.3043736 ], [ 69.3226903, 41.3043596 ] ] ] } },
{ "type": "Feature", "properties": { "id": "way/1383513877", "@timestamp": "2025-05-04T09:36:55", "Площадь": 0.05, "Туман": "Яшнобод" }, "geometry": { "type": "Polygon", "coordinates": [ [ [ 69.3246081, 41.3045211 ], [ 69.3244529, 41.304516 ], [ 69.3244558, 41.304196 ], [ 69.3246489, 41.3042127 ], [ 69.3246081, 41.3045211 ] ] ] } },
{ "type": "Feature", "properties": { "id": "way/1383513879", "@timestamp": "2025-12-11T01:49:56", "Площадь": 0.48, "Туман": "Яшнобод" }, "geometry": { "type": "Polygon", "coordinates": [ [ [ 69.3350761, 41.3059785 ], [ 69.3315534, 41.3055316 ], [ 69.3315639, 41.3054096 ], [ 69.3343234, 41.3057066 ], [ 69.3349933, 41.3058748 ], [ 69.335184, 41.3059124 ], [ 69.3352758, 41.3059536 ], [ 69.3352487, 41.3059606 ], [ 69.3352219, 41.305965 ], [ 69.3351685, 41.3059612 ], [ 69.3351121, 41.3059568 ], [ 69.3350988, 41.3059591 ], [ 69.3350889, 41.3059636 ], [ 69.3350806, 41.3059705 ], [ 69.3350761, 41.3059785 ] ] ] } },
{ "type": "Feature", "properties": { "id": "way/1383513885", "@timestamp": "2025-05-04T09:36:55", "Площадь": 0.14, "Туман": "Яшнобод" }, "geometry": { "type": "Polygon", "coordinates": [ [ [ 69.3347013, 41.3052681 ], [ 69.3336466, 41.3052981 ], [ 69.3336076, 41.3052564 ], [ 69.3336028, 41.3052006 ], [ 69.3336404, 41.3051544 ], [ 69.3346626, 41.305135 ], [ 69.3346512, 41.3051808 ], [ 69.3346812, 41.3052354 ], [ 69.3347013, 41.3052681 ] ] ] } },
{ "type": "Feature", "properties": { "id": "way/1383513887", "@timestamp": "2025-05-04T09:36:55", "Площадь": 0.1, "Туман": "Яшнобод" }, "geometry": { "type": "Polygon", "coordinates": [ [ [ 69.3348808, 41.3050986 ], [ 69.334492, 41.3051051 ], [ 69.3344819, 41.3048405 ], [ 69.3348698, 41.3048351 ], [ 69.3348808, 41.3050986 ] ] ] } },
{ "type": "Feature", "properties": { "id": "way/1383757376", "@timestamp": "2025-05-05T12:18:36", "Площадь": 0.11, "Туман": "Мирзо Улуғбек" }, "geometry": { "type": "Polygon", "coordinates": [ [ [ 69.3855366, 41.3530876 ], [ 69.3854112, 41.3532547 ], [ 69.3848579, 41.3530206 ], [ 69.3849834, 41.3528535 ], [ 69.3855366, 41.3530876 ] ] ] } },
{ "type": "Feature", "properties": { "id": "way/1383766202", "@timestamp": "2025-05-05T13:18:38", "Площадь": 0.13, "Туман": "Мирзо Улуғбек" }, "geometry": { "type": "Polygon", "coordinates": [ [ [ 69.3899531, 41.3551604 ], [ 69.3901502, 41.354914 ], [ 69.3905638, 41.3551005 ], [ 69.3903666, 41.3553468 ], [ 69.3899531, 41.3551604 ] ] ] } },
{ "type": "Feature", "properties": { "id": "way/1383823439", "@timestamp": "2025-05-05T17:52:12", "Площадь": 0.25, "Туман": "Мирзо Улуғбек" }, "geometry": { "type": "Polygon", "coordinates": [ [ [ 69.3593878, 41.3410964 ], [ 69.3591602, 41.3412336 ], [ 69.3585549, 41.3406655 ], [ 69.3586056, 41.3406368 ], [ 69.3583691, 41.3404262 ], [ 69.3585237, 41.3403315 ], [ 69.3587949, 41.3405406 ], [ 69.3593878, 41.3410964 ] ] ] } },
{ "type": "Feature", "properties": { "id": "way/1383823440", "@timestamp": "2025-05-05T17:52:12", "Площадь": 0.13, "Туман": "Мирзо Улуғбек" }, "geometry": { "type": "Polygon", "coordinates": [ [ [ 69.3596688, 41.3416644 ], [ 69.3592384, 41.3412641 ], [ 69.359199, 41.3412265 ], [ 69.3594029, 41.341104 ], [ 69.3598598, 41.3415529 ], [ 69.3596688, 41.3416644 ] ] ] } },
{ "type": "Feature", "properties": { "id": "way/1386319637", "@timestamp": "2025-05-25T00:27:46", "Площадь": 0.08, "Туман": "Яшнобод" }, "geometry": { "type": "Polygon", "coordinates": [ [ [ 69.3328742, 41.2963855 ], [ 69.3325844, 41.2964743 ], [ 69.3323764, 41.2964053 ], [ 69.3324239, 41.2962363 ], [ 69.332612, 41.2962624 ], [ 69.3327753, 41.2962127 ], [ 69.3328742, 41.2963855 ] ] ] } },
{ "type": "Feature", "properties": { "id": "way/1390083144", "@timestamp": "2025-12-16T21:25:12", "Площадь": 0.11, "Туман": "Яшнобод" }, "geometry": { "type": "Polygon", "coordinates": [ [ [ 69.3246946, 41.2927219 ], [ 69.3247132, 41.2927436 ], [ 69.3239613, 41.2930409 ], [ 69.3239392, 41.2930496 ], [ 69.3238704, 41.292966 ], [ 69.3239411, 41.29293 ], [ 69.3245884, 41.2926117 ], [ 69.3246946, 41.2927219 ] ] ] } },
{ "type": "Feature", "properties": { "id": "way/1390236646", "@timestamp": "2025-05-27T21:58:21", "Площадь": 0.04, "Туман": "Сергели" }, "geometry": { "type": "Polygon", "coordinates": [ [ [ 69.2107703, 41.2388546 ], [ 69.2109177, 41.2390445 ], [ 69.2107833, 41.2391346 ], [ 69.2106181, 41.2389106 ], [ 69.2107703, 41.2388546 ] ] ] } },
{ "type": "Feature", "properties": { "id": "way/1390260512", "@timestamp": "2025-05-28T01:11:31", "Площадь": 0.19, "Туман": "Сергели" }, "geometry": { "type": "Polygon", "coordinates": [ [ [ 69.2159772, 41.2420417 ], [ 69.2159477, 41.2418004 ], [ 69.2159039, 41.2417587 ], [ 69.215751, 41.2416135 ], [ 69.2158225, 41.2415693 ], [ 69.2159348, 41.2415018 ], [ 69.2159531, 41.24142 ], [ 69.2157855, 41.2412622 ], [ 69.216003, 41.2411301 ], [ 69.2161573, 41.2413063 ], [ 69.2161813, 41.2413472 ], [ 69.216195, 41.2413948 ], [ 69.216188, 41.241498 ], [ 69.2161714, 41.2416011 ], [ 69.2161314, 41.2417472 ], [ 69.2160737, 41.2418818 ], [ 69.2159772, 41.2420417 ] ] ] } },
{ "type": "Feature", "properties": { "id": "way/1390260513", "@timestamp": "2025-05-28T01:11:31", "Площадь": 0.21, "Туман": "Сергели" }, "geometry": { "type": "Polygon", "coordinates": [ [ [ 69.2159303, 41.2410829 ], [ 69.2157349, 41.2412059 ], [ 69.2157152, 41.2411743 ], [ 69.2153381, 41.2408109 ], [ 69.2150431, 41.2405376 ], [ 69.2151757, 41.2404701 ], [ 69.2153743, 41.2404904 ], [ 69.2159303, 41.2410829 ] ] ] } },
{ "type": "Feature", "properties": { "id": "way/1390260514", "@timestamp": "2025-05-28T01:11:31", "Площадь": 0.05, "Туман": "Сергели" }, "geometry": { "type": "Polygon", "coordinates": [ [ [ 69.2187089, 41.2459479 ], [ 69.2185256, 41.2459397 ], [ 69.2185585, 41.2456641 ], [ 69.2186638, 41.2456692 ], [ 69.2187486, 41.2457206 ], [ 69.2187089, 41.2459479 ] ] ] } },
{ "type": "Feature", "properties": { "id": "way/1390260515", "@timestamp": "2025-05-28T01:11:31", "Площадь": 0.17, "Туман": "Сергели" }, "geometry": { "type": "Polygon", "coordinates": [ [ [ 69.2175929, 41.2464593 ], [ 69.2173858, 41.246375 ], [ 69.2174231, 41.246351 ], [ 69.2176498, 41.2462053 ], [ 69.2176703, 41.24605 ], [ 69.2175253, 41.2459266 ], [ 69.2175691, 41.2458916 ], [ 69.2174419, 41.2457693 ], [ 69.2175508, 41.2456997 ], [ 69.2178134, 41.2459696 ], [ 69.2178688, 41.246035 ], [ 69.2179179, 41.2461028 ], [ 69.2179072, 41.2462736 ], [ 69.2180079, 41.2462768 ], [ 69.2180101, 41.2463783 ], [ 69.2176886, 41.2463509 ], [ 69.2176764, 41.2463577 ], [ 69.2175929, 41.2464593 ] ] ] } },
{ "type": "Feature", "properties": { "id": "way/1390260533", "@timestamp": "2025-05-28T01:11:31", "Площадь": 0.08, "Туман": "Сергели" }, "geometry": { "type": "Polygon", "coordinates": [ [ [ 69.2137718, 41.2423917 ], [ 69.2136794, 41.2424538 ], [ 69.2136281, 41.2424886 ], [ 69.2135796, 41.2424483 ], [ 69.2135167, 41.2424911 ], [ 69.2132737, 41.2422967 ], [ 69.2134935, 41.2421537 ], [ 69.2137718, 41.2423917 ] ] ] } },
{ "type": "Feature", "properties": { "id": "way/1390588355", "@timestamp": "2025-05-29T01:26:48", "Площадь": 0.1, "Туман": "Янгиҳает" }, "geometry": { "type": "Polygon", "coordinates": [ [ [ 69.1994792, 41.2195514 ], [ 69.1993799, 41.2194896 ], [ 69.1993234, 41.2194793 ], [ 69.1994227, 41.2191072 ], [ 69.1994672, 41.2191201 ], [ 69.1995305, 41.2190827 ], [ 69.1997359, 41.2192655 ], [ 69.1994792, 41.2195514 ] ] ] } },
{ "type": "Feature", "properties": { "id": "way/1391022815", "@timestamp": "2025-05-30T19:04:20", "Площадь": 0.11, "Туман": "Чилонзор" }, "geometry": { "type": "Polygon", "coordinates": [ [ [ 69.1781242, 41.2476957 ], [ 69.1780511, 41.2476487 ], [ 69.177692, 41.2474025 ], [ 69.1773059, 41.2471425 ], [ 69.1772023, 41.2470534 ], [ 69.1771005, 41.2469509 ], [ 69.1771216, 41.246932 ], [ 69.1782627, 41.2476342 ], [ 69.1782207, 41.2476723 ], [ 69.1781749, 41.2476487 ], [ 69.1781242, 41.2476957 ] ] ] } },
{ "type": "Feature", "properties": { "id": "way/1391022843", "@timestamp": "2025-05-30T19:04:20", "Площадь": 0.24, "Туман": "Чилонзор" }, "geometry": { "type": "Polygon", "coordinates": [ [ [ 69.1883381, 41.2527862 ], [ 69.1884771, 41.252658 ], [ 69.1896104, 41.2533753 ], [ 69.1894574, 41.2535126 ], [ 69.1883381, 41.2527862 ] ] ] } },
{ "type": "Feature", "properties": { "id": "way/1391452572", "@timestamp": "2026-01-02T14:11:14", "Площадь": 0.21, "Туман": "Шайхонтоҳур" }, "geometry": { "type": "Polygon", "coordinates": [ [ [ 69.16339, 41.3336641 ], [ 69.1636782, 41.3335921 ], [ 69.1639821, 41.3342075 ], [ 69.1638147, 41.3342476 ], [ 69.1638369, 41.3343023 ], [ 69.1636655, 41.3343416 ], [ 69.16339, 41.3336641 ] ] ] } },
{ "type": "Feature", "properties": { "id": "way/1391462142", "@timestamp": "2025-06-01T23:19:01", "Площадь": 0.1, "Туман": "Мирзо Улуғбек" }, "geometry": { "type": "Polygon", "coordinates": [ [ [ 69.3539114, 41.352875 ], [ 69.3538741, 41.3527136 ], [ 69.354599, 41.3533866 ], [ 69.3544776, 41.3534541 ], [ 69.3539784, 41.352989 ], [ 69.3540195, 41.3529686 ], [ 69.3539114, 41.352875 ] ] ] } },
{ "type": "Feature", "properties": { "id": "way/1391462143", "@timestamp": "2025-06-01T23:19:01", "Площадь": 0.42, "Туман": "Мирзо Улуғбек" }, "geometry": { "type": "Polygon", "coordinates": [ [ [ 69.3546675, 41.3534524 ], [ 69.3555263, 41.3542531 ], [ 69.3555418, 41.354314 ], [ 69.3558146, 41.3545751 ], [ 69.3554726, 41.3547768 ], [ 69.3549506, 41.3546604 ], [ 69.354966, 41.3544427 ], [ 69.3553042, 41.3542312 ], [ 69.3545432, 41.3535249 ], [ 69.3546675, 41.3534524 ] ] ] } },
{ "type": "Feature", "properties": { "id": "way/1391492212", "@timestamp": "2025-06-02T01:32:56", "Площадь": 0.05, "Туман": "Мирзо Улуғбек" }, "geometry": { "type": "Polygon", "coordinates": [ [ [ 69.3413805, 41.3435238 ], [ 69.3413052, 41.3436625 ], [ 69.341057, 41.3436356 ], [ 69.3410912, 41.3434749 ], [ 69.3411614, 41.3434775 ], [ 69.3412093, 41.3433785 ], [ 69.3413805, 41.3435238 ] ] ] } },
{ "type": "Feature", "properties": { "id": "way/1392257392", "@timestamp": "2025-06-05T08:02:21", "Площадь": 0.36, "Туман": "Яшнобод" }, "geometry": { "type": "Polygon", "coordinates": [ [ [ 69.303564, 41.2892618 ], [ 69.30301, 41.2889669 ], [ 69.3033651, 41.2886024 ], [ 69.3033866, 41.2885799 ], [ 69.3034666, 41.2884963 ], [ 69.3036106, 41.2885841 ], [ 69.3039498, 41.2887609 ], [ 69.3040193, 41.2887858 ], [ 69.3039727, 41.2888325 ], [ 69.3038274, 41.2889846 ], [ 69.3038053, 41.2890077 ], [ 69.3037871, 41.2890266 ], [ 69.3037627, 41.2890522 ], [ 69.303653, 41.289167 ], [ 69.3036296, 41.2891914 ], [ 69.303564, 41.2892618 ] ] ] } },
{ "type": "Feature", "properties": { "id": "way/1393054394", "@timestamp": "2025-06-07T15:15:43", "Площадь": 0.03, "Туман": "Чилонзор" }, "geometry": { "type": "Polygon", "coordinates": [ [ [ 69.1587444, 41.2576564 ], [ 69.1586035, 41.2575262 ], [ 69.1587554, 41.2574334 ], [ 69.1588962, 41.2575636 ], [ 69.1587444, 41.2576564 ] ] ] } },
{ "type": "Feature", "properties": { "id": "way/1393146693", "@timestamp": "2025-06-07T23:27:17", "Площадь": 0.14, "Туман": "Чилонзор" }, "geometry": { "type": "Polygon", "coordinates": [ [ [ 69.1548583, 41.261991 ], [ 69.1545419, 41.2628588 ], [ 69.1545023, 41.2628781 ], [ 69.1543774, 41.2628418 ], [ 69.1546891, 41.2619644 ], [ 69.1548583, 41.261991 ] ] ] } },
{ "type": "Feature", "properties": { "id": "way/1393146702", "@timestamp": "2026-01-28T15:07:03", "Площадь": 0.16, "Туман": "Учтепа" }, "geometry": { "type": "Polygon", "coordinates": [ [ [ 69.1479708, 41.2666565 ], [ 69.1478806, 41.2676765 ], [ 69.1477261, 41.267592 ], [ 69.147774, 41.2666482 ], [ 69.1479708, 41.2666565 ] ] ] } },
{ "type": "Feature", "properties": { "id": "way/1393146713", "@timestamp": "2025-06-07T23:27:17", "Площадь": 0.08, "Туман": "Учтепа" }, "geometry": { "type": "Polygon", "coordinates": [ [ [ 69.1537863, 41.2651126 ], [ 69.1536596, 41.2654978 ], [ 69.15345, 41.2654588 ], [ 69.1535769, 41.2650737 ], [ 69.1537863, 41.2651126 ] ] ] } },
{ "type": "Feature", "properties": { "id": "way/1393146716", "@timestamp": "2025-06-07T23:27:17", "Площадь": 0.05, "Туман": "Учтепа" }, "geometry": { "type": "Polygon", "coordinates": [ [ [ 69.1541911, 41.2641233 ], [ 69.1540963, 41.2644035 ], [ 69.1539225, 41.2643703 ], [ 69.1540172, 41.2640901 ], [ 69.1541911, 41.2641233 ] ] ] } },
{ "type": "Feature", "properties": { "id": "way/1393146717", "@timestamp": "2025-06-07T23:27:17", "Площадь": 0.03, "Туман": "Учтепа" }, "geometry": { "type": "Polygon", "coordinates": [ [ [ 69.1531657, 41.2671418 ], [ 69.1530932, 41.2673751 ], [ 69.1529472, 41.2673494 ], [ 69.1530196, 41.2671161 ], [ 69.1531657, 41.2671418 ] ] ] } },
{ "type": "Feature", "properties": { "id": "way/1393146719", "@timestamp": "2025-06-07T23:27:17", "Площадь": 0.09, "Туман": "Учтепа" }, "geometry": { "type": "Polygon", "coordinates": [ [ [ 69.1577042, 41.2675592 ], [ 69.1574607, 41.2675005 ], [ 69.1576095, 41.2671513 ], [ 69.1578531, 41.2672099 ], [ 69.1577042, 41.2675592 ] ] ] } },
{ "type": "Feature", "properties": { "id": "way/1393156971", "@timestamp": "2025-06-08T01:25:07", "Площадь": 0.64, "Туман": "Чилонзор" }, "geometry": { "type": "Polygon", "coordinates": [ [ [ 69.1652987, 41.2612084 ], [ 69.1643496, 41.2617815 ], [ 69.1643182, 41.2617521 ], [ 69.1642773, 41.2617507 ], [ 69.1641672, 41.2618158 ], [ 69.1637918, 41.2614573 ], [ 69.1648137, 41.2608527 ], [ 69.1648426, 41.2608803 ], [ 69.1649719, 41.2609026 ], [ 69.1652987, 41.2612084 ] ] ] } },
{ "type": "Feature", "properties": { "id": "way/1393168488", "@timestamp": "2025-06-08T04:36:08", "Площадь": 0.02, "Туман": "Чилонзор" }, "geometry": { "type": "Polygon", "coordinates": [ [ [ 69.1563856, 41.2583919 ], [ 69.1563431, 41.258549 ], [ 69.1562152, 41.2585295 ], [ 69.1562576, 41.2583723 ], [ 69.1563856, 41.2583919 ] ] ] } },
{ "type": "Feature", "properties": { "id": "way/1393168496", "@timestamp": "2025-06-08T04:36:08", "Площадь": 0.06, "Туман": "Чилонзор" }, "geometry": { "type": "Polygon", "coordinates": [ [ [ 69.1616683, 41.2642127 ], [ 69.1615547, 41.2641509 ], [ 69.16183, 41.2638488 ], [ 69.161947, 41.263971 ], [ 69.1618221, 41.2640393 ], [ 69.1618745, 41.2640931 ], [ 69.1616683, 41.2642127 ] ] ] } },
{ "type": "Feature", "properties": { "id": "way/1394063054", "@timestamp": "2025-06-11T00:37:00", "Площадь": 0.25, "Туман": "Учтепа" }, "geometry": { "type": "Polygon", "coordinates": [ [ [ 69.1589962, 41.2669977 ], [ 69.158672, 41.2668758 ], [ 69.1588842, 41.2662821 ], [ 69.1593057, 41.266425 ], [ 69.1593219, 41.2664948 ], [ 69.1589962, 41.2669977 ] ] ] } },
{ "type": "Feature", "properties": { "id": "way/1394063069", "@timestamp": "2025-06-11T00:37:00", "Площадь": 0.07, "Туман": "Чилонзор" }, "geometry": { "type": "Polygon", "coordinates": [ [ [ 69.165614, 41.2636898 ], [ 69.1654418, 41.2637946 ], [ 69.1651748, 41.2635467 ], [ 69.1653469, 41.263442 ], [ 69.165614, 41.2636898 ] ] ] } },
{ "type": "Feature", "properties": { "id": "way/1394567408", "@timestamp": "2025-06-12T14:34:21", "Площадь": 0.05, "Туман": "Чилонзор" }, "geometry": { "type": "Polygon", "coordinates": [ [ [ 69.211835, 41.2708551 ], [ 69.211729, 41.2706332 ], [ 69.2117755, 41.2706207 ], [ 69.2117238, 41.2705125 ], [ 69.2116774, 41.2705251 ], [ 69.2116315, 41.2704292 ], [ 69.2117506, 41.2703971 ], [ 69.211954, 41.2708229 ], [ 69.211835, 41.2708551 ] ] ] } },
{ "type": "Feature", "properties": { "id": "way/1394567414", "@timestamp": "2025-06-12T14:34:21", "Площадь": 0.09, "Туман": "Чилонзор" }, "geometry": { "type": "Polygon", "coordinates": [ [ [ 69.2067456, 41.2726653 ], [ 69.2062766, 41.2729623 ], [ 69.2061725, 41.2727806 ], [ 69.2066458, 41.2725605 ], [ 69.2067456, 41.2726653 ] ] ] } },
{ "type": "Feature", "properties": { "id": "way/1395144127", "@timestamp": "2025-06-14T07:20:14", "Площадь": 0.1, "Туман": "Учтепа" }, "geometry": { "type": "Polygon", "coordinates": [ [ [ 69.1733978, 41.3154263 ], [ 69.1733043, 41.3153891 ], [ 69.1739461, 41.3144787 ], [ 69.1740398, 41.314516 ], [ 69.1733978, 41.3154263 ] ] ] } },
{ "type": "Feature", "properties": { "id": "way/1395144135", "@timestamp": "2025-12-21T17:15:15", "Площадь": 0.07, "Туман": "Учтепа" }, "geometry": { "type": "Polygon", "coordinates": [ [ [ 69.1580821, 41.3223309 ], [ 69.1579068, 41.3223894 ], [ 69.1577592, 41.3220794 ], [ 69.1579383, 41.3219922 ], [ 69.1581017, 41.3221149 ], [ 69.1580249, 41.3221752 ], [ 69.1579422, 41.3221982 ], [ 69.1579734, 41.3222539 ], [ 69.1580388, 41.3222431 ], [ 69.1580821, 41.3223309 ] ] ] } },
{ "type": "Feature", "properties": { "id": "way/1396015850", "@timestamp": "2025-06-17T15:13:52", "Площадь": 0.1, "Туман": "Шайхонтоҳур" }, "geometry": { "type": "Polygon", "coordinates": [ [ [ 69.1723278, 41.3353212 ], [ 69.1716236, 41.3353335 ], [ 69.1716182, 41.3351614 ], [ 69.1721577, 41.3351519 ], [ 69.172161, 41.335257 ], [ 69.1723257, 41.3352541 ], [ 69.1723278, 41.3353212 ] ] ] } },
{ "type": "Feature", "properties": { "id": "way/1396288701", "@timestamp": "2025-06-18T17:48:41", "Площадь": 0.04, "Туман": "Олмазор" }, "geometry": { "type": "Polygon", "coordinates": [ [ [ 69.2370884, 41.3603622 ], [ 69.2370745, 41.3601529 ], [ 69.237281, 41.3601452 ], [ 69.2372949, 41.3603545 ], [ 69.2370884, 41.3603622 ] ] ] } },
{ "type": "Feature", "properties": { "id": "way/1400321904", "@timestamp": "2025-06-20T14:32:31", "Площадь": 0.05, "Туман": "Олмазор" }, "geometry": { "type": "Polygon", "coordinates": [ [ [ 69.2572706, 41.348772 ], [ 69.2571976, 41.3490484 ], [ 69.2570076, 41.3490202 ], [ 69.2570806, 41.3487437 ], [ 69.2572706, 41.348772 ] ] ] } },
{ "type": "Feature", "properties": { "id": "way/1408147389", "@timestamp": "2025-06-20T20:42:13", "Площадь": 0.14, "Туман": "Олмазор" }, "geometry": { "type": "Polygon", "coordinates": [ [ [ 69.2258573, 41.3566042 ], [ 69.2257135, 41.3565887 ], [ 69.2257666, 41.356205 ], [ 69.2258298, 41.3557575 ], [ 69.2258991, 41.3557455 ], [ 69.2259783, 41.3557602 ], [ 69.2260206, 41.3558325 ], [ 69.2258573, 41.3566042 ] ] ] } },
{ "type": "Feature", "properties": { "id": "way/1408147397", "@timestamp": "2025-06-20T20:42:13", "Площадь": 0.12, "Туман": "Олмазор" }, "geometry": { "type": "Polygon", "coordinates": [ [ [ 69.2261893, 41.355299 ], [ 69.2260777, 41.3552908 ], [ 69.22586, 41.3550601 ], [ 69.2257978, 41.3550271 ], [ 69.2255571, 41.3550154 ], [ 69.2255764, 41.3549149 ], [ 69.2262472, 41.3549745 ], [ 69.2261893, 41.355299 ] ] ] } },
{ "type": "Feature", "properties": { "id": "way/1408708408", "@timestamp": "2025-06-23T04:24:37", "Площадь": 0.01, "Туман": "Мирзо Улуғбек" }, "geometry": { "type": "Polygon", "coordinates": [ [ [ 69.328921, 41.3333351 ], [ 69.3288355, 41.3332544 ], [ 69.3289424, 41.3331906 ], [ 69.3290279, 41.3332714 ], [ 69.328921, 41.3333351 ] ] ] } },
{ "type": "Feature", "properties": { "id": "way/1409542863", "@timestamp": "2025-06-25T16:58:40", "Площадь": 0.06, "Туман": "Миробод" }, "geometry": { "type": "Polygon", "coordinates": [ [ [ 69.2879796, 41.2958291 ], [ 69.2877131, 41.2956647 ], [ 69.287629, 41.2956128 ], [ 69.2877492, 41.2955027 ], [ 69.2880999, 41.2957189 ], [ 69.2879796, 41.2958291 ] ] ] } },
{ "type": "Feature", "properties": { "id": "way/1409748979", "@timestamp": "2025-06-26T13:03:04", "Площадь": 0.08, "Туман": "Чилонзор" }, "geometry": { "type": "Polygon", "coordinates": [ [ [ 69.1901052, 41.2736445 ], [ 69.1905328, 41.2738837 ], [ 69.1904622, 41.2739603 ], [ 69.1902664, 41.2738878 ], [ 69.1902477, 41.2739241 ], [ 69.1901055, 41.2738716 ], [ 69.1900814, 41.2739039 ], [ 69.1899016, 41.2738313 ], [ 69.1901052, 41.2736445 ] ] ] } },
{ "type": "Feature", "properties": { "id": "way/1409783962", "@timestamp": "2025-06-26T15:28:35", "Площадь": 0.21, "Туман": "Учтепа" }, "geometry": { "type": "Polygon", "coordinates": [ [ [ 69.1907237, 41.2848758 ], [ 69.1917819, 41.2858598 ], [ 69.1916504, 41.2859384 ], [ 69.1914761, 41.2857782 ], [ 69.1905749, 41.2849579 ], [ 69.1907237, 41.2848758 ] ] ] } },
{ "type": "Feature", "properties": { "id": "way/1411385488", "@timestamp": "2025-07-02T07:07:26", "Площадь": 0.08, "Туман": "Миробод" }, "geometry": { "type": "Polygon", "coordinates": [ [ [ 69.2780018, 41.271028 ], [ 69.2776722, 41.2706883 ], [ 69.2776536, 41.2706711 ], [ 69.2777448, 41.2706171 ], [ 69.2777578, 41.2706152 ], [ 69.2777714, 41.2706151 ], [ 69.2777847, 41.2706156 ], [ 69.277798, 41.2706179 ], [ 69.277811, 41.2706211 ], [ 69.2778232, 41.2706251 ], [ 69.2778354, 41.2706299 ], [ 69.2778475, 41.2706363 ], [ 69.2781348, 41.270921 ], [ 69.2781314, 41.2709533 ], [ 69.2780018, 41.271028 ] ] ] } },
{ "type": "Feature", "properties": { "id": "way/1411413110", "@timestamp": "2025-07-02T09:24:03", "Площадь": 0.35, "Туман": "Сергели" }, "geometry": { "type": "Polygon", "coordinates": [ [ [ 69.2603163, 41.2439623 ], [ 69.2586653, 41.2439693 ], [ 69.2586636, 41.2437447 ], [ 69.2603146, 41.2437373 ], [ 69.2603163, 41.2439623 ] ] ] } },
{ "type": "Feature", "properties": { "id": "way/1411413111", "@timestamp": "2025-07-02T09:24:03", "Площадь": 0.35, "Туман": "Сергели" }, "geometry": { "type": "Polygon", "coordinates": [ [ [ 69.2621104, 41.2439442 ], [ 69.2604594, 41.2439513 ], [ 69.2604576, 41.2437266 ], [ 69.2621087, 41.2437193 ], [ 69.2621104, 41.2439442 ] ] ] } },
{ "type": "Feature", "properties": { "id": "way/1411413114", "@timestamp": "2025-07-02T09:24:03", "Площадь": 0.34, "Туман": "Сергели" }, "geometry": { "type": "Polygon", "coordinates": [ [ [ 69.2509221, 41.2442534 ], [ 69.2502587, 41.2442648 ], [ 69.2502417, 41.2437069 ], [ 69.2509051, 41.2436954 ], [ 69.2509221, 41.2442534 ] ] ] } },
{ "type": "Feature", "properties": { "id": "way/1411427514", "@timestamp": "2025-07-02T10:37:18", "Площадь": 0.03, "Туман": "Яккасарой" }, "geometry": { "type": "Polygon", "coordinates": [ [ [ 69.2601512, 41.2712109 ], [ 69.2606024, 41.2705538 ], [ 69.2606441, 41.27057 ], [ 69.260193, 41.2712271 ], [ 69.2601512, 41.2712109 ] ] ] } },
{ "type": "Feature", "properties": { "id": "way/1411427515", "@timestamp": "2025-07-02T10:37:18", "Площадь": 0.05, "Туман": "Яккасарой" }, "geometry": { "type": "Polygon", "coordinates": [ [ [ 69.2611642, 41.2700825 ], [ 69.2609689, 41.2703895 ], [ 69.2609458, 41.2703808 ], [ 69.2609178, 41.2703655 ], [ 69.2608896, 41.2703468 ], [ 69.2608636, 41.2703268 ], [ 69.2608502, 41.2703143 ], [ 69.2608387, 41.2703007 ], [ 69.2608303, 41.2702861 ], [ 69.2608257, 41.2702717 ], [ 69.2608248, 41.2702563 ], [ 69.2608292, 41.2702413 ], [ 69.2608376, 41.2702266 ], [ 69.2608505, 41.2702126 ], [ 69.2608759, 41.2701894 ], [ 69.260903, 41.2701667 ], [ 69.2609324, 41.2701437 ], [ 69.2609661, 41.2701209 ], [ 69.2610021, 41.2701007 ], [ 69.2610418, 41.2700833 ], [ 69.2610798, 41.2700686 ], [ 69.2611207, 41.270055 ], [ 69.2611642, 41.2700825 ] ] ] } },
{ "type": "Feature", "properties": { "id": "way/1411824105", "@timestamp": "2025-07-03T11:10:06", "Площадь": 0.23, "Туман": "Яккасарой" }, "geometry": { "type": "Polygon", "coordinates": [ [ [ 69.2478224, 41.2675678 ], [ 69.2478368, 41.2674248 ], [ 69.2485187, 41.2674636 ], [ 69.2485044, 41.2676059 ], [ 69.2489058, 41.2676193 ], [ 69.2489011, 41.2676607 ], [ 69.249048, 41.2676701 ], [ 69.2491107, 41.2676731 ], [ 69.2490707, 41.2680072 ], [ 69.2483306, 41.2676056 ], [ 69.2478224, 41.2675678 ] ] ] } },
{ "type": "Feature", "properties": { "id": "way/1412124357", "@timestamp": "2025-07-04T06:52:32", "Площадь": 0.1, "Туман": "Чилонзор" }, "geometry": { "type": "Polygon", "coordinates": [ [ [ 69.2476423, 41.3004771 ], [ 69.2474863, 41.3009459 ], [ 69.2474304, 41.3009826 ], [ 69.2472558, 41.3007377 ], [ 69.2474586, 41.3004521 ], [ 69.2475011, 41.3004318 ], [ 69.2476423, 41.3004771 ] ] ] } },
{ "type": "Feature", "properties": { "id": "way/1412908061", "@timestamp": "2025-07-06T23:27:56", "Площадь": 0.15, "Туман": "Мирзо Улуғбек" }, "geometry": { "type": "Polygon", "coordinates": [ [ [ 69.374371, 41.3403019 ], [ 69.3742824, 41.3401485 ], [ 69.3752326, 41.3398915 ], [ 69.3752735, 41.3399626 ], [ 69.3753157, 41.3400357 ], [ 69.3750853, 41.3401045 ], [ 69.374371, 41.3403019 ] ] ] } },
{ "type": "Feature", "properties": { "id": "way/1413040791", "@timestamp": "2025-07-07T14:20:56", "Площадь": 0.07, "Туман": "Сергели" }, "geometry": { "type": "Polygon", "coordinates": [ [ [ 69.2582001, 41.2643206 ], [ 69.2580951, 41.2644257 ], [ 69.2576041, 41.2641994 ], [ 69.2576971, 41.2640853 ], [ 69.2580256, 41.2642367 ], [ 69.2579511, 41.2643148 ], [ 69.2579792, 41.2643299 ], [ 69.2580564, 41.2642509 ], [ 69.2582001, 41.2643206 ] ] ] } },
{ "type": "Feature", "properties": { "id": "way/1413367999", "@timestamp": "2025-07-08T22:59:02", "Площадь": 0.21, "Туман": "Чилонзор" }, "geometry": { "type": "Polygon", "coordinates": [ [ [ 69.2484841, 41.3008683 ], [ 69.248306, 41.3008351 ], [ 69.2482936, 41.3007559 ], [ 69.2482605, 41.3007434 ], [ 69.248215, 41.3005414 ], [ 69.2481074, 41.3005352 ], [ 69.2475407, 41.3004254 ], [ 69.2473452, 41.3002211 ], [ 69.2473615, 41.3001994 ], [ 69.2476619, 41.3003452 ], [ 69.2476839, 41.3003196 ], [ 69.2478682, 41.300405 ], [ 69.2479254, 41.3004264 ], [ 69.2478923, 41.300243 ], [ 69.2482005, 41.3002678 ], [ 69.2483714, 41.3004331 ], [ 69.2483812, 41.3005324 ], [ 69.2483132, 41.3005187 ], [ 69.2483146, 41.3005898 ], [ 69.2483687, 41.3006 ], [ 69.2484121, 41.3006214 ], [ 69.2484567, 41.300659 ], [ 69.2485449, 41.3007081 ], [ 69.2484841, 41.3008683 ] ] ] } },
{ "type": "Feature", "properties": { "id": "way/1413584244", "@timestamp": "2025-07-09T22:08:36", "Площадь": 0.39, "Туман": "Чилонзор" }, "geometry": { "type": "Polygon", "coordinates": [ [ [ 69.2113394, 41.258432 ], [ 69.2118635, 41.2587166 ], [ 69.2123694, 41.2589232 ], [ 69.2123397, 41.25896 ], [ 69.212473, 41.2590222 ], [ 69.212432, 41.259059 ], [ 69.2122082, 41.2592822 ], [ 69.2112248, 41.258719 ], [ 69.2111211, 41.2586521 ], [ 69.2113394, 41.258432 ] ] ] } },
{ "type": "Feature", "properties": { "id": "way/1413584246", "@timestamp": "2025-07-14T12:57:41", "Площадь": 0.22, "Туман": "Чилонзор" }, "geometry": { "type": "Polygon", "coordinates": [ [ [ 69.2126594, 41.258583 ], [ 69.2126312, 41.2586237 ], [ 69.2124489, 41.2585563 ], [ 69.2122619, 41.2584716 ], [ 69.2121028, 41.2583914 ], [ 69.2118665, 41.2582567 ], [ 69.2114803, 41.2580372 ], [ 69.2104736, 41.2574416 ], [ 69.210559, 41.2573654 ], [ 69.2113313, 41.2578273 ], [ 69.2114952, 41.2579323 ], [ 69.2115438, 41.2579627 ], [ 69.2126594, 41.258583 ] ] ] } },
{ "type": "Feature", "properties": { "id": "way/1413960721", "@timestamp": "2025-07-10T21:36:23", "Площадь": 0.04, "Туман": "Учтепа" }, "geometry": { "type": "Polygon", "coordinates": [ [ [ 69.1701527, 41.2901569 ], [ 69.1699001, 41.290348 ], [ 69.1698855, 41.2900839 ], [ 69.1700466, 41.290076 ], [ 69.1701527, 41.2901569 ] ] ] } },
{ "type": "Feature", "properties": { "id": "way/1413960727", "@timestamp": "2025-07-10T21:36:23", "Площадь": 0.08, "Туман": "Учтепа" }, "geometry": { "type": "Polygon", "coordinates": [ [ [ 69.1757275, 41.2910713 ], [ 69.1756712, 41.291147 ], [ 69.1755637, 41.291102 ], [ 69.1754102, 41.2913086 ], [ 69.1752156, 41.291227 ], [ 69.1754255, 41.2909446 ], [ 69.1757275, 41.2910713 ] ] ] } },
{ "type": "Feature", "properties": { "id": "way/1415493005", "@timestamp": "2025-07-17T21:06:52", "Площадь": 0.08, "Туман": "Олмазор" }, "geometry": { "type": "Polygon", "coordinates": [ [ [ 69.2252889, 41.3501189 ], [ 69.2252473, 41.349854 ], [ 69.2255651, 41.3498279 ], [ 69.2255859, 41.3500956 ], [ 69.2252889, 41.3501189 ] ] ] } },
{ "type": "Feature", "properties": { "id": "way/1415493014", "@timestamp": "2025-07-17T21:06:52", "Площадь": 0.05, "Туман": "Олмазор" }, "geometry": { "type": "Polygon", "coordinates": [ [ [ 69.2289628, 41.3496843 ], [ 69.2286239, 41.3497136 ], [ 69.2286027, 41.3495712 ], [ 69.2289416, 41.3495436 ], [ 69.2289628, 41.3496843 ] ] ] } },
{ "type": "Feature", "properties": { "id": "way/1415493029", "@timestamp": "2025-07-17T21:06:52", "Площадь": 0.11, "Туман": "Олмазор" }, "geometry": { "type": "Polygon", "coordinates": [ [ [ 69.2268339, 41.3499833 ], [ 69.2259875, 41.3500065 ], [ 69.2259692, 41.3498877 ], [ 69.2267845, 41.349818 ], [ 69.2268373, 41.3498363 ], [ 69.2268339, 41.3499833 ] ] ] } },
{ "type": "Feature", "properties": { "id": "way/1415499775", "@timestamp": "2025-07-17T22:07:08", "Площадь": 0.07, "Туман": "Олмазор" }, "geometry": { "type": "Polygon", "coordinates": [ [ [ 69.2149374, 41.3610809 ], [ 69.2149462, 41.3606452 ], [ 69.2151208, 41.3606472 ], [ 69.2151119, 41.3610829 ], [ 69.2149374, 41.3610809 ] ] ] } },
{ "type": "Feature", "properties": { "id": "way/1416331894", "@timestamp": "2025-07-21T15:07:50", "Площадь": 0.16, "Туман": "Мирзо Улуғбек" }, "geometry": { "type": "Polygon", "coordinates": [ [ [ 69.3809782, 41.3393715 ], [ 69.3809798, 41.3394554 ], [ 69.3804584, 41.3398809 ], [ 69.3802268, 41.3395162 ], [ 69.3809782, 41.3393715 ] ] ] } },
{ "type": "Feature", "properties": { "id": "way/1416980413", "@timestamp": "2025-07-24T14:18:13", "Площадь": 0.11, "Туман": "Олмазор" }, "geometry": { "type": "Polygon", "coordinates": [ [ [ 69.2149858, 41.3479717 ], [ 69.2146133, 41.3477765 ], [ 69.2148054, 41.3475699 ], [ 69.215178, 41.347765 ], [ 69.2149858, 41.3479717 ] ] ] } },
{ "type": "Feature", "properties": { "id": "way/1418747933", "@timestamp": "2025-07-30T20:00:01", "Площадь": 0.14, "Туман": "Бектемир" }, "geometry": { "type": "Polygon", "coordinates": [ [ [ 69.3290901, 41.2370724 ], [ 69.3290174, 41.2372133 ], [ 69.3282668, 41.2370493 ], [ 69.3282225, 41.237028 ], [ 69.3282134, 41.2370126 ], [ 69.3282066, 41.2369921 ], [ 69.3282145, 41.2369349 ], [ 69.3282668, 41.2368367 ], [ 69.3290901, 41.2370724 ] ] ] } },
{ "type": "Feature", "properties": { "id": "way/1419926190", "@timestamp": "2025-08-04T09:33:55", "Площадь": 0.1, "Туман": "Шайхонтоҳур" }, "geometry": { "type": "Polygon", "coordinates": [ [ [ 69.2581567, 41.3300682 ], [ 69.2581643, 41.3298837 ], [ 69.2587179, 41.3298966 ], [ 69.2587103, 41.3300811 ], [ 69.2581567, 41.3300682 ] ] ] } },
{ "type": "Feature", "properties": { "id": "way/1419926537", "@timestamp": "2025-08-04T09:36:42", "Площадь": 0.04, "Туман": "Шайхонтоҳур" }, "geometry": { "type": "Polygon", "coordinates": [ [ [ 69.2588089, 41.3299756 ], [ 69.2588118, 41.3298924 ], [ 69.2593059, 41.3299023 ], [ 69.2593029, 41.3299855 ], [ 69.2588089, 41.3299756 ] ] ] } },
{ "type": "Feature", "properties": { "id": "way/1420677025", "@timestamp": "2025-08-07T06:29:35", "Площадь": 0.1, "Туман": "Юнусобод" }, "geometry": { "type": "Polygon", "coordinates": [ [ [ 69.2992409, 41.3409864 ], [ 69.2995333, 41.3403864 ], [ 69.2996955, 41.340431 ], [ 69.2994031, 41.341031 ], [ 69.2992409, 41.3409864 ] ] ] } },
{ "type": "Feature", "properties": { "id": "way/1420677026", "@timestamp": "2025-08-07T06:29:35", "Площадь": 0.13, "Туман": "Юнусобод" }, "geometry": { "type": "Polygon", "coordinates": [ [ [ 69.2995972, 41.3402641 ], [ 69.3000055, 41.3394694 ], [ 69.3001606, 41.3395143 ], [ 69.2997524, 41.340309 ], [ 69.2995972, 41.3402641 ] ] ] } },
{ "type": "Feature", "properties": { "id": "way/1420685664", "@timestamp": "2025-08-07T07:41:26", "Площадь": 0.06, "Туман": "Юнусобод" }, "geometry": { "type": "Polygon", "coordinates": [ [ [ 69.277854, 41.3324442 ], [ 69.2776877, 41.3321199 ], [ 69.2779264, 41.3320817 ], [ 69.2779881, 41.332412 ], [ 69.277854, 41.3324442 ] ] ] } },
{ "type": "Feature", "properties": { "id": "way/1420685665", "@timestamp": "2025-08-07T07:41:26", "Площадь": 0.04, "Туман": "Юнусобод" }, "geometry": { "type": "Polygon", "coordinates": [ [ [ 69.2780636, 41.3321898 ], [ 69.2780189, 41.3319994 ], [ 69.2781458, 41.3319827 ], [ 69.278342, 41.3319567 ], [ 69.2783637, 41.3320489 ], [ 69.2781623, 41.3320755 ], [ 69.2781854, 41.3321737 ], [ 69.2780636, 41.3321898 ] ] ] } },
{ "type": "Feature", "properties": { "id": "way/1420765844", "@timestamp": "2026-01-29T22:00:18", "Площадь": 0.08, "Туман": "Шайхонтоҳур" }, "geometry": { "type": "Polygon", "coordinates": [ [ [ 69.267514, 41.3232843 ], [ 69.2675657, 41.3230813 ], [ 69.2680374, 41.3231755 ], [ 69.2680142, 41.3232184 ], [ 69.2679517, 41.3233343 ], [ 69.267514, 41.3232843 ] ] ] } },
{ "type": "Feature", "properties": { "id": "way/1420935691", "@timestamp": "2025-08-08T12:12:57", "Площадь": 0.13, "Туман": "Яшнобод" }, "geometry": { "type": "Polygon", "coordinates": [ [ [ 69.2862791, 41.3088678 ], [ 69.2857361, 41.3082245 ], [ 69.2858966, 41.3081481 ], [ 69.2864396, 41.3087913 ], [ 69.2862791, 41.3088678 ] ] ] } },
{ "type": "Feature", "properties": { "id": "way/1421773002", "@timestamp": "2025-08-12T15:47:35", "Площадь": 0.1, "Туман": "Мирзо Улуғбек" }, "geometry": { "type": "Polygon", "coordinates": [ [ [ 69.3210992, 41.3359486 ], [ 69.3210644, 41.3356585 ], [ 69.3214399, 41.3356545 ], [ 69.3214425, 41.3359566 ], [ 69.3210992, 41.3359486 ] ] ] } },
{ "type": "Feature", "properties": { "id": "way/1423046721", "@timestamp": "2025-08-18T13:51:09", "Площадь": 3.47, "Туман": "Шайхонтоҳур" }, "geometry": { "type": "Polygon", "coordinates": [ [ [ 69.2439857, 41.3181329 ], [ 69.2433996, 41.3136132 ], [ 69.2441869, 41.3135366 ], [ 69.2448199, 41.3180704 ], [ 69.2444115, 41.3181404 ], [ 69.2439857, 41.3181329 ] ] ] } },
{ "type": "Feature", "properties": { "id": "way/1423690842", "@timestamp": "2025-08-20T22:15:23", "Площадь": 0.05, "Туман": "Яккасарой" }, "geometry": { "type": "Polygon", "coordinates": [ [ [ 69.2471341, 41.2987082 ], [ 69.2469712, 41.2986329 ], [ 69.2471957, 41.2983586 ], [ 69.2472546, 41.2983859 ], [ 69.2472665, 41.2985464 ], [ 69.2471341, 41.2987082 ] ] ] } },
{ "type": "Feature", "properties": { "id": "way/1423690843", "@timestamp": "2025-08-20T22:15:23", "Площадь": 0.09, "Туман": "Яккасарой" }, "geometry": { "type": "Polygon", "coordinates": [ [ [ 69.2450924, 41.2973935 ], [ 69.2451976, 41.297268 ], [ 69.2457506, 41.2975297 ], [ 69.2456453, 41.2976552 ], [ 69.2450924, 41.2973935 ] ] ] } },
{ "type": "Feature", "properties": { "id": "way/1423690844", "@timestamp": "2025-08-20T22:15:23", "Площадь": 0.07, "Туман": "Яккасарой" }, "geometry": { "type": "Polygon", "coordinates": [ [ [ 69.2463302, 41.2978169 ], [ 69.2468481, 41.2980612 ], [ 69.246755, 41.2981726 ], [ 69.246652, 41.298124 ], [ 69.2463659, 41.297989 ], [ 69.2462371, 41.2979283 ], [ 69.2463302, 41.2978169 ] ] ] } },
{ "type": "Feature", "properties": { "id": "way/1424252280", "@timestamp": "2025-08-22T22:12:21", "Площадь": 0.1, "Туман": "Чилонзор" }, "geometry": { "type": "Polygon", "coordinates": [ [ [ 69.2029131, 41.2885273 ], [ 69.2030696, 41.288643 ], [ 69.2026249, 41.2889828 ], [ 69.2024684, 41.2888671 ], [ 69.2029131, 41.2885273 ] ] ] } },
{ "type": "Feature", "properties": { "id": "way/1427378241", "@timestamp": "2025-09-05T20:20:27", "Площадь": 0.17, "Туман": "Юнусобод" }, "geometry": { "type": "Polygon", "coordinates": [ [ [ 69.2610989, 41.3940692 ], [ 69.2612049, 41.3938133 ], [ 69.2618233, 41.3939885 ], [ 69.2616846, 41.3942573 ], [ 69.2610989, 41.3940692 ] ] ] } },
{ "type": "Feature", "properties": { "id": "way/1427378242", "@timestamp": "2025-09-05T20:20:27", "Площадь": 0.08, "Туман": "Юнусобод" }, "geometry": { "type": "Polygon", "coordinates": [ [ [ 69.2605487, 41.3938188 ], [ 69.260451, 41.3939939 ], [ 69.2600258, 41.3939423 ], [ 69.260185, 41.3937211 ], [ 69.2605487, 41.3938188 ] ] ] } },
{ "type": "Feature", "properties": { "id": "way/1427514107", "@timestamp": "2025-09-06T12:47:33", "Площадь": 1.26, "Туман": "Яшнобод" }, "geometry": { "type": "Polygon", "coordinates": [ [ [ 69.4296008, 41.325092 ], [ 69.4296782, 41.325042 ], [ 69.4297493, 41.3249879 ], [ 69.4298099, 41.3249272 ], [ 69.4298606, 41.3248625 ], [ 69.4298932, 41.3247936 ], [ 69.4299151, 41.3247206 ], [ 69.4299243, 41.3246469 ], [ 69.4299282, 41.3245739 ], [ 69.4299291, 41.324565 ], [ 69.4299329, 41.3245563 ], [ 69.429939, 41.3245485 ], [ 69.4299478, 41.3245426 ], [ 69.4299591, 41.3245379 ], [ 69.4299719, 41.3245357 ], [ 69.4299843, 41.324537 ], [ 69.4299964, 41.3245405 ], [ 69.430614, 41.3247578 ], [ 69.4311803, 41.3250005 ], [ 69.4311846, 41.3251497 ], [ 69.4314676, 41.3251375 ], [ 69.4314743, 41.3253353 ], [ 69.4318465, 41.3253232 ], [ 69.4319578, 41.325378 ], [ 69.4319649, 41.3254464 ], [ 69.4298335, 41.3256037 ], [ 69.4296486, 41.3254558 ], [ 69.4296008, 41.325092 ] ] ] } },
{ "type": "Feature", "properties": { "id": "way/1427514108", "@timestamp": "2025-09-06T12:47:33", "Площадь": 0.72, "Туман": "Яшнобод" }, "geometry": { "type": "Polygon", "coordinates": [ [ [ 69.4223578, 41.3248919 ], [ 69.4224206, 41.3246831 ], [ 69.4226888, 41.3247208 ], [ 69.4227654, 41.3244839 ], [ 69.4228439, 41.3244619 ], [ 69.4229248, 41.3244421 ], [ 69.4230035, 41.3244266 ], [ 69.4230829, 41.3244111 ], [ 69.4231758, 41.3243993 ], [ 69.4232669, 41.3243914 ], [ 69.423359, 41.3243919 ], [ 69.423451, 41.3244038 ], [ 69.4235407, 41.324421 ], [ 69.4236285, 41.3244495 ], [ 69.4237079, 41.3244872 ], [ 69.4237778, 41.3245347 ], [ 69.4238257, 41.3245946 ], [ 69.4238585, 41.3246602 ], [ 69.4238725, 41.3247264 ], [ 69.4238714, 41.3247927 ], [ 69.4239286, 41.3247991 ], [ 69.4238815, 41.324959 ], [ 69.4238404, 41.3251193 ], [ 69.4238705, 41.325129 ], [ 69.4238703, 41.3251487 ], [ 69.4223578, 41.3248919 ] ] ] } },
{ "type": "Feature", "properties": { "id": "way/1427514109", "@timestamp": "2025-09-06T12:47:33", "Площадь": 2.84, "Туман": "Мирзо Улуғбек" }, "geometry": { "type": "Polygon", "coordinates": [ [ [ 69.4241046, 41.3282414 ], [ 69.4242824, 41.3275439 ], [ 69.4240792, 41.3275189 ], [ 69.4243569, 41.3263519 ], [ 69.4252564, 41.3264413 ], [ 69.4263428, 41.3278864 ], [ 69.4254135, 41.3282923 ], [ 69.4253609, 41.328309 ], [ 69.425318, 41.3283236 ], [ 69.42527, 41.3283376 ], [ 69.4252217, 41.3283448 ], [ 69.4251739, 41.3283471 ], [ 69.4251187, 41.3283473 ], [ 69.4250225, 41.328341 ], [ 69.4241046, 41.3282414 ] ] ] } },
{ "type": "Feature", "properties": { "id": "way/1427520341", "@timestamp": "2025-09-06T13:26:06", "Площадь": 0.11, "Туман": "Олмазор" }, "geometry": { "type": "Polygon", "coordinates": [ [ [ 69.212049, 41.3850347 ], [ 69.2119756, 41.3850581 ], [ 69.2119046, 41.3850843 ], [ 69.2118356, 41.3851128 ], [ 69.2117719, 41.3851446 ], [ 69.2117134, 41.3851779 ], [ 69.2116607, 41.3852137 ], [ 69.2116109, 41.3852517 ], [ 69.2115675, 41.3852919 ], [ 69.2115147, 41.3852627 ], [ 69.2114419, 41.385224 ], [ 69.2113912, 41.3852719 ], [ 69.2112985, 41.3850647 ], [ 69.2115085, 41.3850068 ], [ 69.2116056, 41.3850626 ], [ 69.211926, 41.3849222 ], [ 69.212049, 41.3850347 ] ] ] } },
{ "type": "Feature", "properties": { "id": "way/1428147010", "@timestamp": "2025-09-08T22:03:57", "Площадь": 0.05, "Туман": "Чилонзор" }, "geometry": { "type": "Polygon", "coordinates": [ [ [ 69.1962002, 41.2605442 ], [ 69.1963856, 41.2608847 ], [ 69.1962175, 41.2609371 ], [ 69.1960802, 41.260693 ], [ 69.1962002, 41.2605442 ] ] ] } },
{ "type": "Feature", "properties": { "id": "way/1429018677", "@timestamp": "2025-09-11T14:25:26", "Площадь": 0.13, "Туман": "Шайхонтоҳур" }, "geometry": { "type": "Polygon", "coordinates": [ [ [ 69.2038813, 41.3458365 ], [ 69.203526, 41.3459499 ], [ 69.2033986, 41.3457322 ], [ 69.2039496, 41.3455655 ], [ 69.2040722, 41.3457787 ], [ 69.2038813, 41.3458365 ] ] ] } },
{ "type": "Feature", "properties": { "id": "way/1429724332", "@timestamp": "2025-09-14T13:30:43", "Площадь": 0.03, "Туман": "Яшнобод" }, "geometry": { "type": "Polygon", "coordinates": [ [ [ 69.291251, 41.3064451 ], [ 69.2917917, 41.306986 ], [ 69.2917565, 41.3070059 ], [ 69.2912155, 41.3064651 ], [ 69.291251, 41.3064451 ] ] ] } },
{ "type": "Feature", "properties": { "id": "way/1429862057", "@timestamp": "2025-09-15T01:48:58", "Площадь": 0.03, "Туман": "Мирзо Улуғбек" }, "geometry": { "type": "Polygon", "coordinates": [ [ [ 69.3135715, 41.3262988 ], [ 69.3137289, 41.3268681 ], [ 69.3136741, 41.3268767 ], [ 69.3135168, 41.3263073 ], [ 69.3135715, 41.3262988 ] ] ] } },
{ "type": "Feature", "properties": { "id": "way/1430382250", "@timestamp": "2025-09-16T21:02:21", "Площадь": 0.17, "Туман": "Бектемир" }, "geometry": { "type": "Polygon", "coordinates": [ [ [ 69.3210242, 41.2027366 ], [ 69.3208129, 41.2029374 ], [ 69.3202544, 41.2026048 ], [ 69.3204659, 41.2024039 ], [ 69.3210242, 41.2027366 ] ] ] } },
{ "type": "Feature", "properties": { "id": "way/1430382251", "@timestamp": "2025-09-16T21:02:21", "Площадь": 0.17, "Туман": "Бектемир" }, "geometry": { "type": "Polygon", "coordinates": [ [ [ 69.3218456, 41.2032253 ], [ 69.3216343, 41.2034261 ], [ 69.3210758, 41.2030935 ], [ 69.3212873, 41.2028926 ], [ 69.3218456, 41.2032253 ] ] ] } },
{ "type": "Feature", "properties": { "id": "way/1430382252", "@timestamp": "2025-09-16T21:02:21", "Площадь": 0.17, "Туман": "Бектемир" }, "geometry": { "type": "Polygon", "coordinates": [ [ [ 69.3226526, 41.203714 ], [ 69.3224412, 41.2039148 ], [ 69.3218828, 41.2035821 ], [ 69.3220942, 41.2033813 ], [ 69.3226526, 41.203714 ] ] ] } },
{ "type": "Feature", "properties": { "id": "way/1430382253", "@timestamp": "2025-09-16T21:02:21", "Площадь": 0.16, "Туман": "Бектемир" }, "geometry": { "type": "Polygon", "coordinates": [ [ [ 69.3201989, 41.2022353 ], [ 69.3199902, 41.202436 ], [ 69.3194699, 41.2021299 ], [ 69.3196784, 41.2019292 ], [ 69.3201989, 41.2022353 ] ] ] } },
{ "type": "Feature", "properties": { "id": "way/1430382254", "@timestamp": "2025-09-16T21:02:21", "Площадь": 0.14, "Туман": "Бектемир" }, "geometry": { "type": "Polygon", "coordinates": [ [ [ 69.3194098, 41.2017707 ], [ 69.3191961, 41.2019695 ], [ 69.3187332, 41.2016878 ], [ 69.3189469, 41.2014889 ], [ 69.3194098, 41.2017707 ] ] ] } },
{ "type": "Feature", "properties": { "id": "way/1430406885", "@timestamp": "2025-09-16T23:40:17", "Площадь": 0.08, "Туман": "Яшнобод" }, "geometry": { "type": "Polygon", "coordinates": [ [ [ 69.3292341, 41.2416533 ], [ 69.3291061, 41.2419037 ], [ 69.32881, 41.2418181 ], [ 69.3289379, 41.2415678 ], [ 69.3292341, 41.2416533 ] ] ] } },
{ "type": "Feature", "properties": { "id": "way/1430406887", "@timestamp": "2025-09-16T23:40:17", "Площадь": 0.12, "Туман": "Яшнобод" }, "geometry": { "type": "Polygon", "coordinates": [ [ [ 69.3319653, 41.2390352 ], [ 69.3318764, 41.2391874 ], [ 69.3312704, 41.2390042 ], [ 69.331294, 41.238959 ], [ 69.3310287, 41.2388752 ], [ 69.3310531, 41.2388477 ], [ 69.3310864, 41.2388424 ], [ 69.3311268, 41.2388419 ], [ 69.3311817, 41.238846 ], [ 69.3312393, 41.2388551 ], [ 69.3313116, 41.2388725 ], [ 69.3313827, 41.2388936 ], [ 69.3314019, 41.2388621 ], [ 69.3319653, 41.2390352 ] ] ] } },
{ "type": "Feature", "properties": { "id": "way/1430406889", "@timestamp": "2025-09-16T23:40:17", "Площадь": 0.11, "Туман": "Яшнобод" }, "geometry": { "type": "Polygon", "coordinates": [ [ [ 69.3337143, 41.2399584 ], [ 69.3336252, 41.2400305 ], [ 69.3334633, 41.2399217 ], [ 69.3333876, 41.2398784 ], [ 69.3331682, 41.2398941 ], [ 69.3331628, 41.2398496 ], [ 69.333197, 41.2398031 ], [ 69.3330154, 41.2397352 ], [ 69.3331562, 41.2395538 ], [ 69.3332649, 41.2396226 ], [ 69.3335524, 41.2398273 ], [ 69.3337143, 41.2399584 ] ] ] } },
{ "type": "Feature", "properties": { "id": "way/1430406890", "@timestamp": "2025-09-16T23:40:17", "Площадь": 0.06, "Туман": "Яшнобод" }, "geometry": { "type": "Polygon", "coordinates": [ [ [ 69.3328892, 41.2394044 ], [ 69.3328028, 41.2394745 ], [ 69.3323563, 41.2393178 ], [ 69.3324512, 41.2392016 ], [ 69.3325635, 41.2392472 ], [ 69.3326758, 41.2392988 ], [ 69.3327864, 41.2393512 ], [ 69.3328892, 41.2394044 ] ] ] } },
{ "type": "Feature", "properties": { "id": "way/1430406894", "@timestamp": "2025-12-08T18:08:41", "Площадь": 0.21, "Туман": "Бектемир" }, "geometry": { "type": "Polygon", "coordinates": [ [ [ 69.3336578, 41.2389975 ], [ 69.3337836, 41.2388951 ], [ 69.3340364, 41.2391261 ], [ 69.3342789, 41.2393197 ], [ 69.3342935, 41.2393146 ], [ 69.3349234, 41.2399095 ], [ 69.3349811, 41.239964 ], [ 69.3350318, 41.2399841 ], [ 69.3351391, 41.2399828 ], [ 69.3349382, 41.2401176 ], [ 69.334794, 41.2399612 ], [ 69.3345905, 41.2397519 ], [ 69.3344772, 41.2396698 ], [ 69.3340708, 41.2393101 ], [ 69.3336578, 41.2389975 ] ] ] } },
{ "type": "Feature", "properties": { "id": "way/1430406896", "@timestamp": "2025-09-16T23:40:17", "Площадь": 0.04, "Туман": "Бектемир" }, "geometry": { "type": "Polygon", "coordinates": [ [ [ 69.3334439, 41.2387035 ], [ 69.3337577, 41.2388529 ], [ 69.333644, 41.2389539 ], [ 69.3333549, 41.2387954 ], [ 69.3334439, 41.2387035 ] ] ] } },
{ "type": "Feature", "properties": { "id": "way/1431061314", "@timestamp": "2025-09-19T01:04:47", "Площадь": 0.2, "Туман": "Шайхонтоҳур" }, "geometry": { "type": "Polygon", "coordinates": [ [ [ 69.2600438, 41.3363334 ], [ 69.2589258, 41.3369411 ], [ 69.2588874, 41.3369008 ], [ 69.2589929, 41.3367971 ], [ 69.2590389, 41.3366229 ], [ 69.2590581, 41.3365595 ], [ 69.2591962, 41.3363795 ], [ 69.2593246, 41.3364789 ], [ 69.2594121, 41.3365115 ], [ 69.259457, 41.3365206 ], [ 69.2595068, 41.3365062 ], [ 69.259737, 41.3363737 ], [ 69.2597159, 41.3363478 ], [ 69.2600055, 41.3362528 ], [ 69.2600438, 41.3363334 ] ] ] } },
{ "type": "Feature", "properties": { "id": "way/1431795900", "@timestamp": "2025-09-21T19:21:12", "Площадь": 1.81, "Туман": "Яшнобод" }, "geometry": { "type": "Polygon", "coordinates": [ [ [ 69.4206838, 41.3214903 ], [ 69.420699, 41.3216964 ], [ 69.4189107, 41.3223236 ], [ 69.4187658, 41.3223808 ], [ 69.4185904, 41.3223866 ], [ 69.4185866, 41.3225011 ], [ 69.4179522, 41.3225096 ], [ 69.417954, 41.3224288 ], [ 69.4178386, 41.3224247 ], [ 69.4178359, 41.3223824 ], [ 69.4177439, 41.3223487 ], [ 69.4179632, 41.3215417 ], [ 69.4180007, 41.3215239 ], [ 69.4180482, 41.3215089 ], [ 69.4180958, 41.3214977 ], [ 69.4181472, 41.3214902 ], [ 69.4206838, 41.3214903 ] ] ] } },
{ "type": "Feature", "properties": { "id": "way/1431812930", "@timestamp": "2025-09-21T21:07:56", "Площадь": 2.83, "Туман": "Яшнобод" }, "geometry": { "type": "Polygon", "coordinates": [ [ [ 69.4268682, 41.3209016 ], [ 69.426197, 41.319756 ], [ 69.4262374, 41.3195745 ], [ 69.4265858, 41.3195257 ], [ 69.4269425, 41.3194924 ], [ 69.4273002, 41.3194766 ], [ 69.4276455, 41.3194857 ], [ 69.4276241, 41.3196135 ], [ 69.4279941, 41.3196415 ], [ 69.428364, 41.3196867 ], [ 69.4287376, 41.3197499 ], [ 69.4290943, 41.3198456 ], [ 69.429079, 41.3198718 ], [ 69.4291599, 41.3199079 ], [ 69.4286937, 41.3205269 ], [ 69.4286296, 41.3205049 ], [ 69.428514, 41.320658 ], [ 69.4283341, 41.3209701 ], [ 69.4279724, 41.3209227 ], [ 69.4277879, 41.3209014 ], [ 69.4276033, 41.3208893 ], [ 69.4274175, 41.3208876 ], [ 69.4272342, 41.3208897 ], [ 69.4268682, 41.3209016 ] ] ] } },
{ "type": "Feature", "properties": { "id": "way/1434183055", "@timestamp": "2025-09-29T21:12:19", "Площадь": 0.03, "Туман": "Чилонзор" }, "geometry": { "type": "Polygon", "coordinates": [ [ [ 69.2078081, 41.2983783 ], [ 69.2079724, 41.2981854 ], [ 69.208083, 41.2982347 ], [ 69.2079207, 41.2984287 ], [ 69.2078081, 41.2983783 ] ] ] } },
{ "type": "Feature", "properties": { "id": "way/1435681696", "@timestamp": "2025-10-06T14:02:50", "Площадь": 0.09, "Туман": "Юнусобод" }, "geometry": { "type": "Polygon", "coordinates": [ [ [ 69.2879898, 41.3488576 ], [ 69.2878841, 41.3488657 ], [ 69.2875794, 41.3488891 ], [ 69.2875487, 41.3486639 ], [ 69.2878209, 41.348643 ], [ 69.2879591, 41.3486324 ], [ 69.2879898, 41.3488576 ] ] ] } },
{ "type": "Feature", "properties": { "id": "way/1441728342", "@timestamp": "2025-10-12T22:32:52", "Площадь": 0.07, "Туман": "Чилонзор" }, "geometry": { "type": "Polygon", "coordinates": [ [ [ 69.1951184, 41.273725 ], [ 69.1952321, 41.2739293 ], [ 69.1950175, 41.2740668 ], [ 69.1948584, 41.2738067 ], [ 69.1951184, 41.273725 ] ] ] } },
{ "type": "Feature", "properties": { "id": "way/1441728343", "@timestamp": "2025-10-12T22:32:52", "Площадь": 0.16, "Туман": "Чилонзор" }, "geometry": { "type": "Polygon", "coordinates": [ [ [ 69.192175, 41.2733819 ], [ 69.1926338, 41.2732494 ], [ 69.192846, 41.2736302 ], [ 69.1928135, 41.273643 ], [ 69.1925944, 41.2736765 ], [ 69.1923222, 41.2736122 ], [ 69.192175, 41.2733819 ] ] ] } },
{ "type": "Feature", "properties": { "id": "way/1442248573", "@timestamp": "2025-10-15T00:01:23", "Площадь": 0.24, "Туман": "Яккасарой" }, "geometry": { "type": "Polygon", "coordinates": [ [ [ 69.221782, 41.257494 ], [ 69.2215832, 41.2577352 ], [ 69.2208139, 41.2573768 ], [ 69.2210126, 41.2571356 ], [ 69.221782, 41.257494 ] ] ] } },
{ "type": "Feature", "properties": { "id": "way/1442727340", "@timestamp": "2025-11-27T22:54:15", "Площадь": 0.51, "Туман": "Сергели" }, "geometry": { "type": "Polygon", "coordinates": [ [ [ 69.2158993, 41.2322938 ], [ 69.2161094, 41.2323681 ], [ 69.2147658, 41.2345189 ], [ 69.2145565, 41.2344448 ], [ 69.2151537, 41.2334881 ], [ 69.215287, 41.2332747 ], [ 69.2153222, 41.2332182 ], [ 69.2154471, 41.2330182 ], [ 69.2158993, 41.2322938 ] ] ] } },
{ "type": "Feature", "properties": { "id": "way/1442727341", "@timestamp": "2025-10-17T01:16:09", "Площадь": 0.16, "Туман": "Сергели" }, "geometry": { "type": "Polygon", "coordinates": [ [ [ 69.2159643, 41.2338385 ], [ 69.2154847, 41.2346148 ], [ 69.2152992, 41.2345499 ], [ 69.215779, 41.2337737 ], [ 69.2159643, 41.2338385 ] ] ] } },
{ "type": "Feature", "properties": { "id": "way/1442736545", "@timestamp": "2025-10-17T02:15:38", "Площадь": 0.19, "Туман": "Сергели" }, "geometry": { "type": "Polygon", "coordinates": [ [ [ 69.2115617, 41.2362411 ], [ 69.2118857, 41.236562 ], [ 69.2114339, 41.2367869 ], [ 69.211166, 41.2364285 ], [ 69.2115617, 41.2362411 ] ] ] } },
{ "type": "Feature", "properties": { "id": "way/1442736561", "@timestamp": "2025-10-17T02:15:38", "Площадь": 0.57, "Туман": "Сергели" }, "geometry": { "type": "Polygon", "coordinates": [ [ [ 69.2100043, 41.2377266 ], [ 69.2099478, 41.237752 ], [ 69.2098362, 41.2375592 ], [ 69.2091412, 41.2371616 ], [ 69.208647, 41.2369879 ], [ 69.20857, 41.2366381 ], [ 69.2086722, 41.2364119 ], [ 69.209046, 41.2365373 ], [ 69.2090803, 41.2365127 ], [ 69.2088793, 41.2362362 ], [ 69.2088595, 41.2362115 ], [ 69.2089228, 41.2361823 ], [ 69.2100043, 41.2377266 ] ] ] } },
{ "type": "Feature", "properties": { "id": "way/1442736562", "@timestamp": "2025-10-17T02:15:38", "Площадь": 0.7, "Туман": "Сергели" }, "geometry": { "type": "Polygon", "coordinates": [ [ [ 69.2123622, 41.2393185 ], [ 69.2134648, 41.2409128 ], [ 69.2131768, 41.2411587 ], [ 69.212002, 41.2394593 ], [ 69.2123622, 41.2393185 ] ] ] } },
{ "type": "Feature", "properties": { "id": "way/1442736563", "@timestamp": "2025-10-17T02:15:38", "Площадь": 0.3, "Туман": "Сергели" }, "geometry": { "type": "Polygon", "coordinates": [ [ [ 69.2072541, 41.2338475 ], [ 69.2075923, 41.2343353 ], [ 69.2070626, 41.234545 ], [ 69.2067339, 41.2340763 ], [ 69.2072541, 41.2338475 ] ] ] } },
{ "type": "Feature", "properties": { "id": "way/1443089672", "@timestamp": "2025-10-18T21:10:11", "Площадь": 0.07, "Туман": "Учтепа" }, "geometry": { "type": "Polygon", "coordinates": [ [ [ 69.167585, 41.2856836 ], [ 69.1675884, 41.2857465 ], [ 69.1675075, 41.2857489 ], [ 69.1675117, 41.2858283 ], [ 69.1669873, 41.2858439 ], [ 69.1669798, 41.2857017 ], [ 69.167585, 41.2856836 ] ] ] } },
{ "type": "Feature", "properties": { "id": "way/1443089673", "@timestamp": "2025-10-18T21:10:11", "Площадь": 0.05, "Туман": "Учтепа" }, "geometry": { "type": "Polygon", "coordinates": [ [ [ 69.168074, 41.2856759 ], [ 69.1680942, 41.2859754 ], [ 69.1679044, 41.2859826 ], [ 69.1678841, 41.2856832 ], [ 69.168074, 41.2856759 ] ] ] } },
{ "type": "Feature", "properties": { "id": "way/1443095248", "@timestamp": "2025-10-18T21:55:24", "Площадь": 0.2, "Туман": "Сергели" }, "geometry": { "type": "Polygon", "coordinates": [ [ [ 69.2180161, 41.2307201 ], [ 69.2176972, 41.2312237 ], [ 69.2180631, 41.2313548 ], [ 69.2179958, 41.2314742 ], [ 69.2175785, 41.231334 ], [ 69.2174473, 41.231179 ], [ 69.217707, 41.2307379 ], [ 69.2180161, 41.2307201 ] ] ] } },
{ "type": "Feature", "properties": { "id": "way/1443095249", "@timestamp": "2025-10-18T21:55:24", "Площадь": 0.06, "Туман": "Сергели" }, "geometry": { "type": "Polygon", "coordinates": [ [ [ 69.2179143, 41.229501 ], [ 69.2177633, 41.2297183 ], [ 69.2175222, 41.2296235 ], [ 69.2176732, 41.2294062 ], [ 69.2179143, 41.229501 ] ] ] } },
{ "type": "Feature", "properties": { "id": "way/1443095254", "@timestamp": "2025-10-18T21:55:24", "Площадь": 0.03, "Туман": "Сергели" }, "geometry": { "type": "Polygon", "coordinates": [ [ [ 69.2207496, 41.2284711 ], [ 69.220691, 41.2286071 ], [ 69.2203882, 41.2283231 ], [ 69.2203177, 41.228257 ], [ 69.2207496, 41.2284711 ] ] ] } },
{ "type": "Feature", "properties": { "id": "way/1443095272", "@timestamp": "2025-10-18T21:55:24", "Площадь": 0.09, "Туман": "Сергели" }, "geometry": { "type": "Polygon", "coordinates": [ [ [ 69.2162212, 41.2333636 ], [ 69.2159488, 41.2338186 ], [ 69.2157675, 41.2337572 ], [ 69.2160398, 41.2333022 ], [ 69.2162212, 41.2333636 ] ] ] } },
{ "type": "Feature", "properties": { "id": "way/1443106688", "@timestamp": "2025-10-18T23:37:54", "Площадь": 0.04, "Туман": "Янгиҳает" }, "geometry": { "type": "Polygon", "coordinates": [ [ [ 69.2066285, 41.1986798 ], [ 69.206546, 41.1987874 ], [ 69.2062472, 41.1986578 ], [ 69.2063298, 41.1985501 ], [ 69.2066285, 41.1986798 ] ] ] } },
{ "type": "Feature", "properties": { "id": "way/1443363921", "@timestamp": "2025-10-20T00:12:26", "Площадь": 0.05, "Туман": "Сергели" }, "geometry": { "type": "Polygon", "coordinates": [ [ [ 69.2564635, 41.2457753 ], [ 69.2565001, 41.2459804 ], [ 69.2562338, 41.2460072 ], [ 69.2561972, 41.2458022 ], [ 69.2564635, 41.2457753 ] ] ] } },
{ "type": "Feature", "properties": { "id": "way/1443391172", "@timestamp": "2025-10-20T02:45:07", "Площадь": 0.11, "Туман": "Янгиҳает" }, "geometry": { "type": "Polygon", "coordinates": [ [ [ 69.1918626, 41.193233 ], [ 69.1917551, 41.1933717 ], [ 69.1911345, 41.1930991 ], [ 69.191242, 41.1929604 ], [ 69.1918626, 41.193233 ] ] ] } },
{ "type": "Feature", "properties": { "id": "way/1443391173", "@timestamp": "2025-10-20T02:45:07", "Площадь": 0.14, "Туман": "Янгиҳает" }, "geometry": { "type": "Polygon", "coordinates": [ [ [ 69.1912066, 41.1929372 ], [ 69.1910936, 41.1930838 ], [ 69.1903543, 41.192761 ], [ 69.1904674, 41.1926143 ], [ 69.1912066, 41.1929372 ] ] ] } },
{ "type": "Feature", "properties": { "id": "way/1443391201", "@timestamp": "2025-10-20T02:45:07", "Площадь": 0.56, "Туман": "Янгиҳает" }, "geometry": { "type": "Polygon", "coordinates": [ [ [ 69.1929734, 41.1902245 ], [ 69.1922926, 41.1910066 ], [ 69.1917512, 41.1907398 ], [ 69.1924318, 41.1899576 ], [ 69.1929734, 41.1902245 ] ] ] } },
{ "type": "Feature", "properties": { "id": "way/1443391202", "@timestamp": "2025-10-20T02:45:07", "Площадь": 0.62, "Туман": "Янгиҳает" }, "geometry": { "type": "Polygon", "coordinates": [ [ [ 69.1938888, 41.189089 ], [ 69.1929694, 41.1900904 ], [ 69.1925159, 41.1898546 ], [ 69.1934356, 41.1888533 ], [ 69.1938888, 41.189089 ] ] ] } },
{ "type": "Feature", "properties": { "id": "way/1443549198", "@timestamp": "2025-10-20T18:30:14", "Площадь": 0.01, "Туман": "Шайхонтоҳур" }, "geometry": { "type": "Polygon", "coordinates": [ [ [ 69.2087624, 41.3227015 ], [ 69.2090462, 41.322697 ], [ 69.2090474, 41.32274 ], [ 69.2087637, 41.3227445 ], [ 69.2087624, 41.3227015 ] ] ] } },
{ "type": "Feature", "properties": { "id": "way/1443566847", "@timestamp": "2025-10-20T20:25:00", "Площадь": 0.06, "Туман": "Учтепа" }, "geometry": { "type": "Polygon", "coordinates": [ [ [ 69.1895235, 41.2983703 ], [ 69.1896435, 41.2983889 ], [ 69.1897219, 41.2983818 ], [ 69.1897226, 41.2984982 ], [ 69.1895442, 41.2985017 ], [ 69.1891956, 41.2985073 ], [ 69.1891902, 41.298409 ], [ 69.1895235, 41.2983703 ] ] ] } },
{ "type": "Feature", "properties": { "id": "way/1443566852", "@timestamp": "2025-10-20T20:25:00", "Площадь": 0.02, "Туман": "Учтепа" }, "geometry": { "type": "Polygon", "coordinates": [ [ [ 69.1900854, 41.2976645 ], [ 69.1902436, 41.2976408 ], [ 69.1902785, 41.2978771 ], [ 69.1900854, 41.2976645 ] ] ] } },
{ "type": "Feature", "properties": { "id": "way/1443574768", "@timestamp": "2025-10-20T21:17:22", "Площадь": 0.05, "Туман": "Яккасарой" }, "geometry": { "type": "Polygon", "coordinates": [ [ [ 69.2298869, 41.2725122 ], [ 69.2300187, 41.2724274 ], [ 69.2302767, 41.2726536 ], [ 69.2301448, 41.2727385 ], [ 69.2298869, 41.2725122 ] ] ] } },
{ "type": "Feature", "properties": { "id": "way/1443615535", "@timestamp": "2025-10-21T02:34:33", "Площадь": 0.02, "Туман": "Чилонзор" }, "geometry": { "type": "Polygon", "coordinates": [ [ [ 69.1987286, 41.2796965 ], [ 69.1986804, 41.279723 ], [ 69.1983743, 41.279409 ], [ 69.1984226, 41.2793825 ], [ 69.1987286, 41.2796965 ] ] ] } },
{ "type": "Feature", "properties": { "id": "way/1443621153", "@timestamp": "2025-10-21T03:42:21", "Площадь": 0.07, "Туман": "Яккасарой" }, "geometry": { "type": "Polygon", "coordinates": [ [ [ 69.2376236, 41.2718104 ], [ 69.2374866, 41.2718931 ], [ 69.2371047, 41.2715357 ], [ 69.2372417, 41.271453 ], [ 69.2376236, 41.2718104 ] ] ] } },
{ "type": "Feature", "properties": { "id": "way/1443622608", "@timestamp": "2025-10-21T04:03:14", "Площадь": 0.01, "Туман": "Юнусобод" }, "geometry": { "type": "Polygon", "coordinates": [ [ [ 69.2867834, 41.3514822 ], [ 69.286785, 41.3513873 ], [ 69.2869198, 41.3513861 ], [ 69.2869029, 41.3514327 ], [ 69.286883, 41.3514615 ], [ 69.2868593, 41.3514816 ], [ 69.2867834, 41.3514822 ] ] ] } },
{ "type": "Feature", "properties": { "id": "way/1443679427", "@timestamp": "2025-10-21T11:00:56", "Площадь": 0.15, "Туман": "Бектемир" }, "geometry": { "type": "Polygon", "coordinates": [ [ [ 69.3353866, 41.2119373 ], [ 69.3352738, 41.2118979 ], [ 69.3351876, 41.2120375 ], [ 69.3350945, 41.212005 ], [ 69.3355269, 41.2113044 ], [ 69.3357328, 41.2113763 ], [ 69.3353866, 41.2119373 ] ] ] } },
{ "type": "Feature", "properties": { "id": "way/1443794756", "@timestamp": "2025-10-21T20:22:44", "Площадь": 0.31, "Туман": "Янгиҳает" }, "geometry": { "type": "Polygon", "coordinates": [ [ [ 69.1960616, 41.1859364 ], [ 69.1965698, 41.1861812 ], [ 69.1961407, 41.1866452 ], [ 69.1956641, 41.1864022 ], [ 69.1960616, 41.1859364 ] ] ] } },
{ "type": "Feature", "properties": { "id": "way/1445290551", "@timestamp": "2025-10-26T21:18:31", "Площадь": 0.06, "Туман": "Олмазор" }, "geometry": { "type": "Polygon", "coordinates": [ [ [ 69.2354207, 41.3296834 ], [ 69.2354952, 41.3297871 ], [ 69.2355857, 41.3298264 ], [ 69.2356856, 41.3298002 ], [ 69.2358452, 41.3298027 ], [ 69.2358378, 41.3299145 ], [ 69.2353638, 41.3298939 ], [ 69.2352477, 41.3297866 ], [ 69.2352779, 41.3297524 ], [ 69.2354207, 41.3296834 ] ] ] } },
{ "type": "Feature", "properties": { "id": "way/1445305963", "@timestamp": "2025-10-26T23:19:21", "Площадь": 0.08, "Туман": "Чилонзор" }, "geometry": { "type": "Polygon", "coordinates": [ [ [ 69.2366571, 41.297392 ], [ 69.2367418, 41.2975507 ], [ 69.2362522, 41.2976981 ], [ 69.2361676, 41.2975395 ], [ 69.2366571, 41.297392 ] ] ] } },
{ "type": "Feature", "properties": { "id": "way/1445305964", "@timestamp": "2025-10-26T23:19:21", "Площадь": 0.01, "Туман": "Чилонзор" }, "geometry": { "type": "Polygon", "coordinates": [ [ [ 69.2361456, 41.2977428 ], [ 69.2356543, 41.2978879 ], [ 69.2356396, 41.2978598 ], [ 69.2361309, 41.2977146 ], [ 69.2361456, 41.2977428 ] ] ] } },
{ "type": "Feature", "properties": { "id": "way/1448507607", "@timestamp": "2025-11-08T22:31:43", "Площадь": 0.08, "Туман": "Шайхонтоҳур" }, "geometry": { "type": "Polygon", "coordinates": [ [ [ 69.2652286, 41.3345695 ], [ 69.2650648, 41.3346206 ], [ 69.2650904, 41.3346668 ], [ 69.2648736, 41.3347345 ], [ 69.2649369, 41.3348487 ], [ 69.264839, 41.3348786 ], [ 69.2647805, 41.3348976 ], [ 69.2647143, 41.3348174 ], [ 69.2647579, 41.3346711 ], [ 69.2651467, 41.3344624 ], [ 69.2652286, 41.3345695 ] ] ] } },
{ "type": "Feature", "properties": { "id": "way/1449491698", "@timestamp": "2025-11-10T21:49:04", "Площадь": 0.05, "Туман": "Сергели" }, "geometry": { "type": "Polygon", "coordinates": [ [ [ 69.2077957, 41.2226448 ], [ 69.2073311, 41.2232848 ], [ 69.2072692, 41.2232594 ], [ 69.207734, 41.2226194 ], [ 69.2077957, 41.2226448 ] ] ] } },
{ "type": "Feature", "properties": { "id": "way/1450288526", "@timestamp": "2025-11-13T13:36:14", "Площадь": 0.04, "Туман": "Янгиҳает" }, "geometry": { "type": "Polygon", "coordinates": [ [ [ 69.2638656, 41.1648193 ], [ 69.2636534, 41.164843 ], [ 69.2636131, 41.1646384 ], [ 69.2638254, 41.1646148 ], [ 69.2638656, 41.1648193 ] ] ] } },
{ "type": "Feature", "properties": { "id": "way/1451078144", "@timestamp": "2025-11-16T14:25:58", "Площадь": 0.13, "Туман": "Миробод" }, "geometry": { "type": "Polygon", "coordinates": [ [ [ 69.3073264, 41.2527028 ], [ 69.3073255, 41.2528393 ], [ 69.3063352, 41.252836 ], [ 69.306336, 41.2526993 ], [ 69.3073264, 41.2527028 ] ] ] } },
{ "type": "Feature", "properties": { "id": "way/1451109227", "@timestamp": "2025-11-16T17:05:08", "Площадь": 0.04, "Туман": "Чилонзор" }, "geometry": { "type": "Polygon", "coordinates": [ [ [ 69.2090817, 41.2800953 ], [ 69.2089965, 41.2800179 ], [ 69.2088902, 41.280084 ], [ 69.2087973, 41.2799997 ], [ 69.2089892, 41.2798803 ], [ 69.2091674, 41.280042 ], [ 69.2090817, 41.2800953 ] ] ] } },
{ "type": "Feature", "properties": { "id": "way/1451109228", "@timestamp": "2025-11-16T17:05:08", "Площадь": 0.1, "Туман": "Чилонзор" }, "geometry": { "type": "Polygon", "coordinates": [ [ [ 69.2097469, 41.2805517 ], [ 69.2094407, 41.2807321 ], [ 69.2092645, 41.2805638 ], [ 69.2094214, 41.2804679 ], [ 69.2094228, 41.2803746 ], [ 69.2093419, 41.2802997 ], [ 69.2094158, 41.2802557 ], [ 69.2097469, 41.2805517 ] ] ] } },
{ "type": "Feature", "properties": { "id": "way/1451347999", "@timestamp": "2025-11-23T23:24:49", "Площадь": 0.09, "Туман": "Шайхонтоҳур" }, "geometry": { "type": "Polygon", "coordinates": [ [ [ 69.2562119, 41.311803 ], [ 69.2562457, 41.3122901 ], [ 69.2561753, 41.3122928 ], [ 69.2561107, 41.3122954 ], [ 69.2560403, 41.3122981 ], [ 69.2560066, 41.311811 ], [ 69.2562119, 41.311803 ] ] ] } },
{ "type": "Feature", "properties": { "id": "way/1451929680", "@timestamp": "2025-11-19T10:02:09", "Площадь": 0.19, "Туман": "Яшнобод" }, "geometry": { "type": "Polygon", "coordinates": [ [ [ 69.3905391, 41.3071607 ], [ 69.390661, 41.3074938 ], [ 69.3895597, 41.3074438 ], [ 69.3895178, 41.3074143 ], [ 69.3905391, 41.3071607 ] ] ] } },
{ "type": "Feature", "properties": { "id": "way/1451939104", "@timestamp": "2025-12-05T22:52:36", "Площадь": 0.45, "Туман": "Яшнобод" }, "geometry": { "type": "Polygon", "coordinates": [ [ [ 69.403904, 41.3206542 ], [ 69.4024744, 41.3204969 ], [ 69.4024534, 41.3203961 ], [ 69.4023886, 41.3203647 ], [ 69.4024014, 41.3201742 ], [ 69.4039961, 41.3203417 ], [ 69.4039218, 41.3205891 ], [ 69.403904, 41.3206542 ] ] ] } },
{ "type": "Feature", "properties": { "id": "way/1452015354", "@timestamp": "2025-11-19T16:46:07", "Площадь": 0.09, "Туман": "Юнусобод" }, "geometry": { "type": "Polygon", "coordinates": [ [ [ 69.2878297, 41.3678039 ], [ 69.2883097, 41.3677143 ], [ 69.2883744, 41.3679117 ], [ 69.2878928, 41.367999 ], [ 69.2878297, 41.3678039 ] ] ] } },
{ "type": "Feature", "properties": { "id": "way/1452015372", "@timestamp": "2025-11-19T16:46:07", "Площадь": 0.06, "Туман": "Юнусобод" }, "geometry": { "type": "Polygon", "coordinates": [ [ [ 69.2986199, 41.3639746 ], [ 69.2984867, 41.3640634 ], [ 69.2982014, 41.3638157 ], [ 69.298369, 41.3637255 ], [ 69.2986199, 41.3639746 ] ] ] } },
{ "type": "Feature", "properties": { "id": "way/1453138092", "@timestamp": "2025-11-23T16:54:01", "Площадь": 0.07, "Туман": "Сергели" }, "geometry": { "type": "Polygon", "coordinates": [ [ [ 69.2627864, 41.2133882 ], [ 69.2629751, 41.2134517 ], [ 69.2628249, 41.2136626 ], [ 69.2628665, 41.2136762 ], [ 69.2627779, 41.2137877 ], [ 69.2625614, 41.2137009 ], [ 69.2627864, 41.2133882 ] ] ] } },
{ "type": "Feature", "properties": { "id": "way/1453138094", "@timestamp": "2025-11-23T16:54:01", "Площадь": 0.09, "Туман": "Сергели" }, "geometry": { "type": "Polygon", "coordinates": [ [ [ 69.2679195, 41.207275 ], [ 69.2679565, 41.2072725 ], [ 69.2679939, 41.2072701 ], [ 69.2682136, 41.2074016 ], [ 69.2679059, 41.2076257 ], [ 69.2677724, 41.2075496 ], [ 69.2678156, 41.2075134 ], [ 69.2677082, 41.207441 ], [ 69.2679195, 41.207275 ] ] ] } },
{ "type": "Feature", "properties": { "id": "way/1453138107", "@timestamp": "2025-11-23T16:54:01", "Площадь": 0.23, "Туман": "Сергели" }, "geometry": { "type": "Polygon", "coordinates": [ [ [ 69.2605269, 41.217026 ], [ 69.2602707, 41.2169191 ], [ 69.26083, 41.2161393 ], [ 69.2610432, 41.2163209 ], [ 69.2605269, 41.217026 ] ] ] } },
{ "type": "Feature", "properties": { "id": "way/1453145611", "@timestamp": "2025-11-23T17:39:37", "Площадь": 0.06, "Туман": "Шайхонтоҳур" }, "geometry": { "type": "Polygon", "coordinates": [ [ [ 69.2642051, 41.3273013 ], [ 69.2644513, 41.3273396 ], [ 69.2643768, 41.32761 ], [ 69.2641305, 41.3275717 ], [ 69.2642051, 41.3273013 ] ] ] } },
{ "type": "Feature", "properties": { "id": "way/1453455755", "@timestamp": "2025-11-24T23:53:55", "Площадь": 0.01, "Туман": "Миробод" }, "geometry": { "type": "Polygon", "coordinates": [ [ [ 69.2719544, 41.2978611 ], [ 69.2717323, 41.297712 ], [ 69.2717664, 41.2976834 ], [ 69.2719884, 41.2978325 ], [ 69.2719544, 41.2978611 ] ] ] } },
{ "type": "Feature", "properties": { "id": "way/1454244517", "@timestamp": "2025-11-27T19:20:51", "Площадь": 0.09, "Туман": "Сергели" }, "geometry": { "type": "Polygon", "coordinates": [ [ [ 69.2187705, 41.2267693 ], [ 69.2187289, 41.2268278 ], [ 69.2187154, 41.2268373 ], [ 69.2186746, 41.2268659 ], [ 69.2179219, 41.2265625 ], [ 69.2179726, 41.2265271 ], [ 69.2180468, 41.2264822 ], [ 69.2187231, 41.2267505 ], [ 69.2187705, 41.2267693 ] ] ] } },
{ "type": "Feature", "properties": { "id": "way/1454244523", "@timestamp": "2025-11-27T19:20:51", "Площадь": 0.12, "Туман": "Янгиҳает" }, "geometry": { "type": "Polygon", "coordinates": [ [ [ 69.2080239, 41.2209297 ], [ 69.2078466, 41.221188 ], [ 69.2074389, 41.2210297 ], [ 69.2075601, 41.220853 ], [ 69.2076522, 41.2208888 ], [ 69.2077083, 41.2208071 ], [ 69.2080239, 41.2209297 ] ] ] } },
{ "type": "Feature", "properties": { "id": "way/1454244546", "@timestamp": "2026-02-01T15:41:24", "Площадь": 0.37, "Туман": "Сергели" }, "geometry": { "type": "Polygon", "coordinates": [ [ [ 69.2231403, 41.2210993 ], [ 69.2219049, 41.223083 ], [ 69.2216238, 41.2235343 ], [ 69.2214907, 41.2234874 ], [ 69.2230079, 41.2210526 ], [ 69.2231403, 41.2210993 ] ] ] } },
{ "type": "Feature", "properties": { "id": "way/1454244548", "@timestamp": "2025-11-27T19:20:51", "Площадь": 0.08, "Туман": "Сергели" }, "geometry": { "type": "Polygon", "coordinates": [ [ [ 69.2215257, 41.2237527 ], [ 69.2212555, 41.2241817 ], [ 69.2211596, 41.22418 ], [ 69.2210523, 41.2241461 ], [ 69.2211111, 41.2240567 ], [ 69.2211793, 41.2240202 ], [ 69.221364, 41.2236928 ], [ 69.2215257, 41.2237527 ] ] ] } },
{ "type": "Feature", "properties": { "id": "way/1454244549", "@timestamp": "2025-11-27T19:20:51", "Площадь": 0.06, "Туман": "Сергели" }, "geometry": { "type": "Polygon", "coordinates": [ [ [ 69.2242081, 41.2206568 ], [ 69.2239787, 41.2210067 ], [ 69.2238232, 41.220949 ], [ 69.2240525, 41.2205991 ], [ 69.2242081, 41.2206568 ] ] ] } },
{ "type": "Feature", "properties": { "id": "way/1454244550", "@timestamp": "2025-11-27T19:20:51", "Площадь": 0.18, "Туман": "Сергели" }, "geometry": { "type": "Polygon", "coordinates": [ [ [ 69.2238493, 41.2212221 ], [ 69.2232378, 41.2222006 ], [ 69.2230749, 41.222143 ], [ 69.2236867, 41.2211646 ], [ 69.2238493, 41.2212221 ] ] ] } },
{ "type": "Feature", "properties": { "id": "way/1454244551", "@timestamp": "2025-11-27T19:20:51", "Площадь": 0.3, "Туман": "Сергели" }, "geometry": { "type": "Polygon", "coordinates": [ [ [ 69.223121, 41.2231755 ], [ 69.2233309, 41.2227991 ], [ 69.2229282, 41.2226541 ], [ 69.2229087, 41.2227018 ], [ 69.2227451, 41.2226302 ], [ 69.2229981, 41.2222278 ], [ 69.2231577, 41.2222802 ], [ 69.2230008, 41.2225213 ], [ 69.223713, 41.2227644 ], [ 69.2233978, 41.2232758 ], [ 69.223121, 41.2231755 ] ] ] } },
{ "type": "Feature", "properties": { "id": "way/1454280908", "@timestamp": "2025-11-27T22:54:15", "Площадь": 0.13, "Туман": "Сергели" }, "geometry": { "type": "Polygon", "coordinates": [ [ [ 69.2152714, 41.2329422 ], [ 69.2157032, 41.2322511 ], [ 69.2158745, 41.2323116 ], [ 69.2154425, 41.2330027 ], [ 69.2152714, 41.2329422 ] ] ] } },
{ "type": "Feature", "properties": { "id": "way/1454746922", "@timestamp": "2025-11-29T20:14:28", "Площадь": 0.02, "Туман": "Юнусобод" }, "geometry": { "type": "Polygon", "coordinates": [ [ [ 69.2646618, 41.3718309 ], [ 69.2644625, 41.3720234 ], [ 69.2643765, 41.3719831 ], [ 69.2645996, 41.3717893 ], [ 69.2646618, 41.3718309 ] ] ] } },
{ "type": "Feature", "properties": { "id": "way/1454801596", "@timestamp": "2025-11-30T02:29:41", "Площадь": 0.1, "Туман": "Шайхонтоҳур" }, "geometry": { "type": "Polygon", "coordinates": [ [ [ 69.2067324, 41.3077915 ], [ 69.2063574, 41.3078149 ], [ 69.2064103, 41.3077183 ], [ 69.2060836, 41.3076173 ], [ 69.2061218, 41.307524 ], [ 69.2066734, 41.3076241 ], [ 69.2066887, 41.3076495 ], [ 69.2067101, 41.3076558 ], [ 69.2067328, 41.3076651 ], [ 69.2067495, 41.3076766 ], [ 69.206763, 41.3076911 ], [ 69.206771, 41.3077072 ], [ 69.2067744, 41.3077243 ], [ 69.2067733, 41.3077574 ], [ 69.2067303, 41.307755 ], [ 69.2067324, 41.3077915 ] ] ] } },
{ "type": "Feature", "properties": { "id": "way/1454801597", "@timestamp": "2025-11-30T02:29:41", "Площадь": 0.06, "Туман": "Шайхонтоҳур" }, "geometry": { "type": "Polygon", "coordinates": [ [ [ 69.206776, 41.3071339 ], [ 69.2067411, 41.3073447 ], [ 69.2067529, 41.3075311 ], [ 69.2067452, 41.307552 ], [ 69.2067134, 41.3075613 ], [ 69.2065649, 41.3074383 ], [ 69.2064933, 41.3074305 ], [ 69.2065546, 41.3073334 ], [ 69.2066975, 41.3071065 ], [ 69.206776, 41.3071339 ] ] ] } },
{ "type": "Feature", "properties": { "id": "way/1454801599", "@timestamp": "2025-11-30T02:29:41", "Площадь": 0.06, "Туман": "Шайхонтоҳур" }, "geometry": { "type": "Polygon", "coordinates": [ [ [ 69.2070698, 41.3051194 ], [ 69.2068855, 41.3054035 ], [ 69.2067054, 41.3053375 ], [ 69.2068898, 41.3050535 ], [ 69.2070698, 41.3051194 ] ] ] } },
{ "type": "Feature", "properties": { "id": "way/1455024809", "@timestamp": "2025-12-01T00:31:06", "Площадь": 0.06, "Туман": "Яккасарой" }, "geometry": { "type": "Polygon", "coordinates": [ [ [ 69.2634457, 41.3023095 ], [ 69.2631351, 41.302322 ], [ 69.2635297, 41.3020311 ], [ 69.2636728, 41.3021378 ], [ 69.2634457, 41.3023095 ] ] ] } },
{ "type": "Feature", "properties": { "id": "way/1455024811", "@timestamp": "2025-12-01T00:31:06", "Площадь": 0.05, "Туман": "Яккасарой" }, "geometry": { "type": "Polygon", "coordinates": [ [ [ 69.2637177, 41.3020737 ], [ 69.2636726, 41.3021066 ], [ 69.2629081, 41.3015157 ], [ 69.2629533, 41.3014826 ], [ 69.2637177, 41.3020737 ] ] ] } },
{ "type": "Feature", "properties": { "id": "way/1455024812", "@timestamp": "2025-12-01T00:31:06", "Площадь": 0.02, "Туман": "Яккасарой" }, "geometry": { "type": "Polygon", "coordinates": [ [ [ 69.2627094, 41.3015745 ], [ 69.2627094, 41.3015983 ], [ 69.2623402, 41.3018604 ], [ 69.2622996, 41.3018032 ], [ 69.2627094, 41.3015745 ] ] ] } },
{ "type": "Feature", "properties": { "id": "way/1455241801", "@timestamp": "2025-12-01T17:23:46", "Площадь": 0.03, "Туман": "Миробод" }, "geometry": { "type": "Polygon", "coordinates": [ [ [ 69.2753802, 41.2938214 ], [ 69.2750978, 41.2936497 ], [ 69.2751656, 41.2935868 ], [ 69.2754481, 41.2937585 ], [ 69.2753802, 41.2938214 ] ] ] } },
{ "type": "Feature", "properties": { "id": "way/1455256063", "@timestamp": "2025-12-01T17:44:54", "Площадь": 0.08, "Туман": "Миробод" }, "geometry": { "type": "Polygon", "coordinates": [ [ [ 69.2708122, 41.2934533 ], [ 69.270904, 41.2935079 ], [ 69.2703038, 41.2940777 ], [ 69.2702118, 41.294023 ], [ 69.2708122, 41.2934533 ] ] ] } },
{ "type": "Feature", "properties": { "id": "way/1455308851", "@timestamp": "2025-12-01T20:47:55", "Площадь": 0.16, "Туман": "Мирзо Улуғбек" }, "geometry": { "type": "Polygon", "coordinates": [ [ [ 69.2861265, 41.3111093 ], [ 69.286585, 41.3110796 ], [ 69.2866186, 41.3114637 ], [ 69.2861709, 41.3114637 ], [ 69.2861265, 41.3111093 ] ] ] } },
{ "type": "Feature", "properties": { "id": "way/1455308852", "@timestamp": "2025-12-01T20:47:55", "Площадь": 0.11, "Туман": "Мирзо Улуғбек" }, "geometry": { "type": "Polygon", "coordinates": [ [ [ 69.2870041, 41.310097 ], [ 69.2871901, 41.3108322 ], [ 69.2870323, 41.3108547 ], [ 69.2868889, 41.3102875 ], [ 69.2869053, 41.3101111 ], [ 69.2870041, 41.310097 ] ] ] } },
{ "type": "Feature", "properties": { "id": "way/1455438622", "@timestamp": "2025-12-02T12:22:46", "Площадь": 0.04, "Туман": "Яшнобод" }, "geometry": { "type": "Polygon", "coordinates": [ [ [ 69.339769, 41.303479 ], [ 69.3397835, 41.3036649 ], [ 69.3395303, 41.303676 ], [ 69.3395159, 41.3034902 ], [ 69.3396043, 41.3034863 ], [ 69.339769, 41.303479 ] ] ] } },
{ "type": "Feature", "properties": { "id": "way/1455452345", "@timestamp": "2025-12-02T13:42:12", "Площадь": 0.15, "Туман": "Яшнобод" }, "geometry": { "type": "Polygon", "coordinates": [ [ [ 69.3210156, 41.3026289 ], [ 69.3197175, 41.3026519 ], [ 69.3197122, 41.3025286 ], [ 69.3210101, 41.3024975 ], [ 69.3210156, 41.3026289 ] ] ] } },
{ "type": "Feature", "properties": { "id": "way/1455452347", "@timestamp": "2025-12-02T13:42:12", "Площадь": 0.03, "Туман": "Яшнобод" }, "geometry": { "type": "Polygon", "coordinates": [ [ [ 69.3185881, 41.3034835 ], [ 69.3185605, 41.3035584 ], [ 69.3181087, 41.3034647 ], [ 69.3181363, 41.3033897 ], [ 69.3185881, 41.3034835 ] ] ] } },
{ "type": "Feature", "properties": { "id": "way/1455452348", "@timestamp": "2025-12-02T13:42:12", "Площадь": 0.03, "Туман": "Яшнобод" }, "geometry": { "type": "Polygon", "coordinates": [ [ [ 69.3179541, 41.3033501 ], [ 69.3179288, 41.303425 ], [ 69.3175607, 41.303355 ], [ 69.317586, 41.30328 ], [ 69.3179541, 41.3033501 ] ] ] } },
{ "type": "Feature", "properties": { "id": "way/1455452350", "@timestamp": "2025-12-02T13:42:12", "Площадь": 0.02, "Туман": "Яшнобод" }, "geometry": { "type": "Polygon", "coordinates": [ [ [ 69.3151091, 41.3023773 ], [ 69.3151193, 41.3026921 ], [ 69.3150355, 41.3026937 ], [ 69.3150252, 41.3023788 ], [ 69.3151091, 41.3023773 ] ] ] } },
{ "type": "Feature", "properties": { "id": "way/1455452351", "@timestamp": "2025-12-02T13:42:12", "Площадь": 0.01, "Туман": "Яшнобод" }, "geometry": { "type": "Polygon", "coordinates": [ [ [ 69.3149043, 41.302518 ], [ 69.3149148, 41.3025586 ], [ 69.3146157, 41.302602 ], [ 69.3146052, 41.3025615 ], [ 69.3149043, 41.302518 ] ] ] } },
{ "type": "Feature", "properties": { "id": "way/1455830902", "@timestamp": "2025-12-03T18:27:09", "Площадь": 0.09, "Туман": "Учтепа" }, "geometry": { "type": "Polygon", "coordinates": [ [ [ 69.1835814, 41.2882679 ], [ 69.1841803, 41.287882 ], [ 69.1842827, 41.2879717 ], [ 69.1836837, 41.2883575 ], [ 69.1835814, 41.2882679 ] ] ] } },
{ "type": "Feature", "properties": { "id": "way/1455830903", "@timestamp": "2025-12-03T18:27:09", "Площадь": 0.05, "Туман": "Учтепа" }, "geometry": { "type": "Polygon", "coordinates": [ [ [ 69.184739, 41.2876828 ], [ 69.1843876, 41.2879111 ], [ 69.1842784, 41.2878162 ], [ 69.1846298, 41.2875879 ], [ 69.184739, 41.2876828 ] ] ] } },
{ "type": "Feature", "properties": { "id": "way/1456030812", "@timestamp": "2025-12-04T15:01:38", "Площадь": 0.07, "Туман": "Сергели" }, "geometry": { "type": "Polygon", "coordinates": [ [ [ 69.3006922, 41.2526318 ], [ 69.3006992, 41.252876 ], [ 69.3002405, 41.2527072 ], [ 69.3002071, 41.2527104 ], [ 69.3001475, 41.2526363 ], [ 69.3006922, 41.2526318 ] ] ] } },
{ "type": "Feature", "properties": { "id": "way/1456032487", "@timestamp": "2025-12-04T15:09:00", "Площадь": 0.17, "Туман": "Шайхонтоҳур" }, "geometry": { "type": "Polygon", "coordinates": [ [ [ 69.2363428, 41.3287635 ], [ 69.2374441, 41.3289112 ], [ 69.2374479, 41.3289579 ], [ 69.2364126, 41.3290646 ], [ 69.2363428, 41.3287635 ] ] ] } },
{ "type": "Feature", "properties": { "id": "way/1456059520", "@timestamp": "2025-12-04T16:53:36", "Площадь": 0.1, "Туман": "Олмазор" }, "geometry": { "type": "Polygon", "coordinates": [ [ [ 69.2426916, 41.3369507 ], [ 69.2424965, 41.3374156 ], [ 69.2422802, 41.3373644 ], [ 69.2424752, 41.3368995 ], [ 69.2426916, 41.3369507 ] ] ] } },
{ "type": "Feature", "properties": { "id": "way/1456375748", "@timestamp": "2025-12-05T22:52:36", "Площадь": 0.59, "Туман": "Яшнобод" }, "geometry": { "type": "Polygon", "coordinates": [ [ [ 69.4081652, 41.3212868 ], [ 69.4081115, 41.3215815 ], [ 69.4060072, 41.321365 ], [ 69.4060404, 41.3211828 ], [ 69.4060608, 41.3210707 ], [ 69.4081652, 41.3212868 ] ] ] } },
{ "type": "Feature", "properties": { "id": "way/1456725831", "@timestamp": "2025-12-07T17:19:06", "Площадь": 0.13, "Туман": "Мирзо Улуғбек" }, "geometry": { "type": "Polygon", "coordinates": [ [ [ 69.3827438, 41.3190783 ], [ 69.3824774, 41.3192745 ], [ 69.3820197, 41.3189423 ], [ 69.3820118, 41.3188833 ], [ 69.3821219, 41.3188351 ], [ 69.3826786, 41.3190378 ], [ 69.3827438, 41.3190783 ] ] ] } },
{ "type": "Feature", "properties": { "id": "way/1456778095", "@timestamp": "2025-12-07T22:15:30", "Площадь": 0.04, "Туман": "Мирзо Улуғбек" }, "geometry": { "type": "Polygon", "coordinates": [ [ [ 69.4129298, 41.3246935 ], [ 69.4128515, 41.3249945 ], [ 69.4127456, 41.3249745 ], [ 69.4127106, 41.3248806 ], [ 69.4127573, 41.3248756 ], [ 69.412789, 41.3246759 ], [ 69.4129298, 41.3246935 ] ] ] } },
{ "type": "Feature", "properties": { "id": "way/1457869362", "@timestamp": "2025-12-11T19:27:51", "Площадь": 0.38, "Туман": "Учтепа" }, "geometry": { "type": "Polygon", "coordinates": [ [ [ 69.1684708, 41.2726168 ], [ 69.1690461, 41.2729625 ], [ 69.1691239, 41.27303 ], [ 69.1687437, 41.2733873 ], [ 69.1680785, 41.2729847 ], [ 69.1684158, 41.2726646 ], [ 69.1684708, 41.2726168 ] ] ] } },
{ "type": "Feature", "properties": { "id": "way/1458069701", "@timestamp": "2026-07-02T15:01:28", "Площадь": 0.04, "Туман": "Миробод" }, "geometry": { "type": "Polygon", "coordinates": [ [ [ 69.2694759, 41.3013189 ], [ 69.2697346, 41.3014727 ], [ 69.2696229, 41.3015787 ], [ 69.2693642, 41.3014249 ], [ 69.2694759, 41.3013189 ] ] ] } },
{ "type": "Feature", "properties": { "id": "way/1458069703", "@timestamp": "2026-07-02T15:02:55", "Площадь": 0.1, "Туман": "Миробод" }, "geometry": { "type": "Polygon", "coordinates": [ [ [ 69.2705416, 41.3005117 ], [ 69.2698391, 41.3011606 ], [ 69.2697391, 41.3010994 ], [ 69.2704417, 41.3004507 ], [ 69.2705416, 41.3005117 ] ] ] } },
{ "type": "Feature", "properties": { "id": "way/1459143806", "@timestamp": "2025-12-16T21:25:12", "Площадь": 0.09, "Туман": "Яшнобод" }, "geometry": { "type": "Polygon", "coordinates": [ [ [ 69.3154263, 41.265845 ], [ 69.3155444, 41.2658853 ], [ 69.3153184, 41.2662608 ], [ 69.3152809, 41.2662491 ], [ 69.3151843, 41.266412 ], [ 69.3151192, 41.2663712 ], [ 69.3151005, 41.2663143 ], [ 69.3153533, 41.2658566 ], [ 69.3154263, 41.265845 ] ] ] } },
{ "type": "Feature", "properties": { "id": "way/1459161847", "@timestamp": "2026-03-22T21:40:20", "Площадь": 0.23, "Туман": "Шайхонтоҳур" }, "geometry": { "type": "Polygon", "coordinates": [ [ [ 69.2381179, 41.3215915 ], [ 69.2381442, 41.3218364 ], [ 69.2373676, 41.3218834 ], [ 69.2371307, 41.3218978 ], [ 69.2371044, 41.3216531 ], [ 69.2381179, 41.3215915 ] ] ] } },
{ "type": "Feature", "properties": { "id": "way/1459407806", "@timestamp": "2025-12-17T22:17:16", "Площадь": 0.09, "Туман": "Сергели" }, "geometry": { "type": "Polygon", "coordinates": [ [ [ 69.2833149, 41.2446699 ], [ 69.2835863, 41.2446817 ], [ 69.2835811, 41.2449662 ], [ 69.2833476, 41.2449609 ], [ 69.2833427, 41.2449171 ], [ 69.2831725, 41.244865 ], [ 69.2833149, 41.2446699 ] ] ] } },
{ "type": "Feature", "properties": { "id": "way/1460125047", "@timestamp": "2025-12-20T19:53:44", "Площадь": 0.09, "Туман": "Яшнобод" }, "geometry": { "type": "Polygon", "coordinates": [ [ [ 69.3304266, 41.3126562 ], [ 69.3306948, 41.3127741 ], [ 69.3306586, 41.3128174 ], [ 69.3307485, 41.3128466 ], [ 69.3301852, 41.3132485 ], [ 69.3301423, 41.3132183 ], [ 69.330444, 41.3129947 ], [ 69.330385, 41.3126975 ], [ 69.3304266, 41.3126562 ] ] ] } },
{ "type": "Feature", "properties": { "id": "way/1460240324", "@timestamp": "2025-12-21T12:55:09", "Площадь": 0.07, "Туман": "Шайхонтоҳур" }, "geometry": { "type": "Polygon", "coordinates": [ [ [ 69.2459354, 41.3276509 ], [ 69.245618, 41.3278214 ], [ 69.2454786, 41.327675 ], [ 69.245796, 41.3275045 ], [ 69.2459187, 41.3276334 ], [ 69.2459354, 41.3276509 ] ] ] } },
{ "type": "Feature", "properties": { "id": "way/1460261810", "@timestamp": "2026-02-07T01:02:20", "Площадь": 0.14, "Туман": "Миробод" }, "geometry": { "type": "Polygon", "coordinates": [ [ [ 69.2880162, 41.2927652 ], [ 69.2876729, 41.2930666 ], [ 69.2873787, 41.2928775 ], [ 69.2874367, 41.2928269 ], [ 69.2877221, 41.292576 ], [ 69.2880162, 41.2927652 ] ] ] } },
{ "type": "Feature", "properties": { "id": "way/1460541029", "@timestamp": "2025-12-22T16:09:47", "Площадь": 0.04, "Туман": "Юнусобод" }, "geometry": { "type": "Polygon", "coordinates": [ [ [ 69.2856767, 41.3481132 ], [ 69.2847752, 41.3479533 ], [ 69.2848109, 41.3479132 ], [ 69.2857125, 41.3480761 ], [ 69.2856767, 41.3481132 ] ] ] } },
{ "type": "Feature", "properties": { "id": "way/1460541031", "@timestamp": "2025-12-22T16:09:47", "Площадь": 0.04, "Туман": "Юнусобод" }, "geometry": { "type": "Polygon", "coordinates": [ [ [ 69.2866487, 41.3483227 ], [ 69.2858658, 41.3481842 ], [ 69.2859082, 41.348143 ], [ 69.2866888, 41.3482799 ], [ 69.2866487, 41.3483227 ] ] ] } },
{ "type": "Feature", "properties": { "id": "way/1460541032", "@timestamp": "2025-12-22T16:09:47", "Площадь": 0.11, "Туман": "Юнусобод" }, "geometry": { "type": "Polygon", "coordinates": [ [ [ 69.2866178, 41.3472834 ], [ 69.286629, 41.347507 ], [ 69.2861131, 41.3475217 ], [ 69.2861019, 41.347298 ], [ 69.2866178, 41.3472834 ] ] ] } },
{ "type": "Feature", "properties": { "id": "way/1460883407", "@timestamp": "2025-12-24T00:43:04", "Площадь": 0.06, "Туман": "Сергели" }, "geometry": { "type": "Polygon", "coordinates": [ [ [ 69.2240297, 41.21883 ], [ 69.2239637, 41.218929 ], [ 69.2234697, 41.2187428 ], [ 69.2235357, 41.2186437 ], [ 69.2240297, 41.21883 ] ] ] } },
{ "type": "Feature", "properties": { "id": "way/1461911964", "@timestamp": "2025-12-26T20:02:27", "Площадь": 0.04, "Туман": "Чилонзор" }, "geometry": { "type": "Polygon", "coordinates": [ [ [ 69.1832223, 41.2509635 ], [ 69.1831311, 41.2510421 ], [ 69.1828327, 41.2508647 ], [ 69.1829212, 41.2507775 ], [ 69.1832223, 41.2509635 ] ] ] } },
{ "type": "Feature", "properties": { "id": "way/1463483532", "@timestamp": "2026-01-01T17:44:12", "Площадь": 0.04, "Туман": "Мирзо Улуғбек" }, "geometry": { "type": "Polygon", "coordinates": [ [ [ 69.3470722, 41.3537516 ], [ 69.3471143, 41.3537902 ], [ 69.3464966, 41.3541689 ], [ 69.3464545, 41.3541302 ], [ 69.3470722, 41.3537516 ] ] ] } },
{ "type": "Feature", "properties": { "id": "way/1463483561", "@timestamp": "2026-01-01T17:44:12", "Площадь": 0.14, "Туман": "Юнусобод" }, "geometry": { "type": "Polygon", "coordinates": [ [ [ 69.3358836, 41.3609302 ], [ 69.3356341, 41.3607465 ], [ 69.3360438, 41.3604294 ], [ 69.3362839, 41.3606146 ], [ 69.3358836, 41.3609302 ] ] ] } },
{ "type": "Feature", "properties": { "id": "way/1463483573", "@timestamp": "2026-01-01T17:44:12", "Площадь": 0.16, "Туман": "Юнусобод" }, "geometry": { "type": "Polygon", "coordinates": [ [ [ 69.3337834, 41.3549 ], [ 69.3339356, 41.3548043 ], [ 69.3345579, 41.3554264 ], [ 69.3343594, 41.3555266 ], [ 69.3337834, 41.3549 ] ] ] } },
{ "type": "Feature", "properties": { "id": "way/1465594304", "@timestamp": "2026-01-09T11:13:37", "Площадь": 0.07, "Туман": "Бектемир" }, "geometry": { "type": "Polygon", "coordinates": [ [ [ 69.3536974, 41.2378995 ], [ 69.3534839, 41.237735 ], [ 69.3537706, 41.2375246 ], [ 69.3538983, 41.237623 ], [ 69.353858, 41.2376527 ], [ 69.3538932, 41.2376799 ], [ 69.3538051, 41.2377445 ], [ 69.3538555, 41.2377834 ], [ 69.3536974, 41.2378995 ] ] ] } },
{ "type": "Feature", "properties": { "id": "way/1466522358", "@timestamp": "2026-01-12T16:12:22", "Площадь": 0.05, "Туман": "Миробод" }, "geometry": { "type": "Polygon", "coordinates": [ [ [ 69.2828717, 41.2928798 ], [ 69.2827542, 41.2929849 ], [ 69.2826043, 41.2928903 ], [ 69.2826444, 41.2928545 ], [ 69.282392, 41.2926952 ], [ 69.2824694, 41.292626 ], [ 69.2828717, 41.2928798 ] ] ] } },
{ "type": "Feature", "properties": { "id": "way/1466628913", "@timestamp": "2026-01-13T00:36:22", "Площадь": 0.04, "Туман": "Юнусобод" }, "geometry": { "type": "Polygon", "coordinates": [ [ [ 69.3049133, 41.3753341 ], [ 69.3049202, 41.3755507 ], [ 69.3047805, 41.3755507 ], [ 69.3047701, 41.3754346 ], [ 69.3046928, 41.3753809 ], [ 69.3046385, 41.3753376 ], [ 69.3049133, 41.3753341 ] ] ] } },
{ "type": "Feature", "properties": { "id": "way/1466628915", "@timestamp": "2026-01-13T00:36:22", "Площадь": 0.06, "Туман": "Юнусобод" }, "geometry": { "type": "Polygon", "coordinates": [ [ [ 69.2879493, 41.3742881 ], [ 69.2880648, 41.3746616 ], [ 69.2878984, 41.3746906 ], [ 69.287783, 41.3743171 ], [ 69.2879493, 41.3742881 ] ] ] } },
{ "type": "Feature", "properties": { "id": "way/1467469709", "@timestamp": "2026-01-15T23:49:06", "Площадь": 0.33, "Туман": "Сергели" }, "geometry": { "type": "Polygon", "coordinates": [ [ [ 69.2119254, 41.2383382 ], [ 69.2116493, 41.2384393 ], [ 69.2122801, 41.239335 ], [ 69.212062, 41.2394247 ], [ 69.2112867, 41.238283 ], [ 69.2114852, 41.2382337 ], [ 69.2118411, 41.2382058 ], [ 69.2119254, 41.2383382 ] ] ] } },
{ "type": "Feature", "properties": { "id": "way/1467469715", "@timestamp": "2026-01-15T23:49:06", "Площадь": 0.05, "Туман": "Сергели" }, "geometry": { "type": "Polygon", "coordinates": [ [ [ 69.2141491, 41.2391093 ], [ 69.2138902, 41.239201 ], [ 69.2137765, 41.2390193 ], [ 69.2140353, 41.2389277 ], [ 69.2141491, 41.2391093 ] ] ] } },
{ "type": "Feature", "properties": { "id": "way/1467469716", "@timestamp": "2026-01-15T23:49:06", "Площадь": 0.06, "Туман": "Сергели" }, "geometry": { "type": "Polygon", "coordinates": [ [ [ 69.2137319, 41.238565 ], [ 69.2139152, 41.2389124 ], [ 69.2137463, 41.2389628 ], [ 69.2135631, 41.2386153 ], [ 69.2137319, 41.238565 ] ] ] } },
{ "type": "Feature", "properties": { "id": "way/1467479263", "@timestamp": "2026-01-16T01:12:12", "Площадь": 0.1, "Туман": "Юнусобод" }, "geometry": { "type": "Polygon", "coordinates": [ [ [ 69.2601459, 41.3970527 ], [ 69.259927, 41.3971096 ], [ 69.2598857, 41.3970132 ], [ 69.2596263, 41.3970758 ], [ 69.2595569, 41.3969142 ], [ 69.2600365, 41.3967995 ], [ 69.2601459, 41.3970527 ] ] ] } },
{ "type": "Feature", "properties": { "id": "way/1467479265", "@timestamp": "2026-01-16T01:12:12", "Площадь": 0.1, "Туман": "Юнусобод" }, "geometry": { "type": "Polygon", "coordinates": [ [ [ 69.259, 41.3970018 ], [ 69.2590671, 41.3972295 ], [ 69.2586386, 41.3973005 ], [ 69.2585716, 41.3970728 ], [ 69.259, 41.3970018 ] ] ] } },
{ "type": "Feature", "properties": { "id": "way/1467479266", "@timestamp": "2026-01-16T01:12:12", "Площадь": 0.12, "Туман": "Юнусобод" }, "geometry": { "type": "Polygon", "coordinates": [ [ [ 69.2585923, 41.3973495 ], [ 69.2581314, 41.3974215 ], [ 69.2580544, 41.397144 ], [ 69.2585153, 41.397072 ], [ 69.2585923, 41.3973495 ] ] ] } },
{ "type": "Feature", "properties": { "id": "way/1467479267", "@timestamp": "2026-01-16T01:12:12", "Площадь": 0.04, "Туман": "Юнусобод" }, "geometry": { "type": "Polygon", "coordinates": [ [ [ 69.2591052, 41.3973163 ], [ 69.2591297, 41.3974029 ], [ 69.2586563, 41.3974781 ], [ 69.2586319, 41.3973915 ], [ 69.2591052, 41.3973163 ] ] ] } },
{ "type": "Feature", "properties": { "id": "way/1467479268", "@timestamp": "2026-01-16T01:12:12", "Площадь": 0.17, "Туман": "Юнусобод" }, "geometry": { "type": "Polygon", "coordinates": [ [ [ 69.259487, 41.3969364 ], [ 69.2596047, 41.3973019 ], [ 69.2591452, 41.3973937 ], [ 69.2590251, 41.3970109 ], [ 69.259487, 41.3969364 ] ] ] } },
{ "type": "Feature", "properties": { "id": "way/1467479316", "@timestamp": "2026-01-16T01:12:12", "Площадь": 0.05, "Туман": "Юнусобод" }, "geometry": { "type": "Polygon", "coordinates": [ [ [ 69.2609154, 41.3968481 ], [ 69.2609188, 41.3968834 ], [ 69.2609049, 41.3969198 ], [ 69.2608627, 41.3969592 ], [ 69.2608031, 41.3969836 ], [ 69.2603853, 41.3970885 ], [ 69.2603422, 41.3969919 ], [ 69.2609154, 41.3968481 ] ] ] } },
{ "type": "Feature", "properties": { "id": "way/1468053957", "@timestamp": "2026-01-18T18:38:59", "Площадь": 0.22, "Туман": "Олмазор" }, "geometry": { "type": "Polygon", "coordinates": [ [ [ 69.2061975, 41.3804536 ], [ 69.2059363, 41.3806886 ], [ 69.2053194, 41.3803027 ], [ 69.2055818, 41.3800665 ], [ 69.2058491, 41.3802337 ], [ 69.2057392, 41.3803326 ], [ 69.2058238, 41.3803855 ], [ 69.2059324, 41.3802877 ], [ 69.2061975, 41.3804536 ] ] ] } },
{ "type": "Feature", "properties": { "id": "way/1468065018", "@timestamp": "2026-01-18T19:32:19", "Площадь": 0.33, "Туман": "Олмазор" }, "geometry": { "type": "Polygon", "coordinates": [ [ [ 69.1823748, 41.3654544 ], [ 69.18216, 41.3656363 ], [ 69.1810262, 41.3648824 ], [ 69.18107, 41.3648408 ], [ 69.1816641, 41.364846 ], [ 69.1816579, 41.3649851 ], [ 69.1823748, 41.3654544 ] ] ] } },
{ "type": "Feature", "properties": { "id": "way/1468065033", "@timestamp": "2026-01-18T19:32:19", "Площадь": 0.83, "Туман": "Олмазор" }, "geometry": { "type": "Polygon", "coordinates": [ [ [ 69.171487, 41.358214 ], [ 69.171271, 41.3583441 ], [ 69.1711852, 41.358348 ], [ 69.171101, 41.3582705 ], [ 69.1705695, 41.3577493 ], [ 69.1700793, 41.3572309 ], [ 69.1690836, 41.3560828 ], [ 69.1692116, 41.3560158 ], [ 69.1693757, 41.356031 ], [ 69.1703899, 41.3571358 ], [ 69.1707797, 41.3574758 ], [ 69.17072, 41.3575133 ], [ 69.171487, 41.358214 ] ] ] } },
{ "type": "Feature", "properties": { "id": "way/1468077337", "@timestamp": "2026-01-18T20:30:34", "Площадь": 0.15, "Туман": "Олмазор" }, "geometry": { "type": "Polygon", "coordinates": [ [ [ 69.1773445, 41.3587085 ], [ 69.1769444, 41.3590649 ], [ 69.1766863, 41.3589017 ], [ 69.1770862, 41.3585452 ], [ 69.1773445, 41.3587085 ] ] ] } },
{ "type": "Feature", "properties": { "id": "way/1468093110", "@timestamp": "2026-01-18T21:37:35", "Площадь": 0.19, "Туман": "Шайхонтоҳур" }, "geometry": { "type": "Polygon", "coordinates": [ [ [ 69.1629926, 41.3322197 ], [ 69.1631166, 41.332429 ], [ 69.163065, 41.3324463 ], [ 69.1632508, 41.3327602 ], [ 69.1629421, 41.3328633 ], [ 69.1626322, 41.3323401 ], [ 69.1629926, 41.3322197 ] ] ] } },
{ "type": "Feature", "properties": { "id": "way/1468093113", "@timestamp": "2026-01-18T21:37:35", "Площадь": 0.07, "Туман": "Шайхонтоҳур" }, "geometry": { "type": "Polygon", "coordinates": [ [ [ 69.1624867, 41.3315166 ], [ 69.1626651, 41.3318223 ], [ 69.162463, 41.3318888 ], [ 69.1622846, 41.3315831 ], [ 69.1624867, 41.3315166 ] ] ] } },
{ "type": "Feature", "properties": { "id": "way/1468093117", "@timestamp": "2026-01-18T21:37:35", "Площадь": 0.1, "Туман": "Шайхонтоҳур" }, "geometry": { "type": "Polygon", "coordinates": [ [ [ 69.1623032, 41.3311134 ], [ 69.1624719, 41.3313971 ], [ 69.1621764, 41.3314787 ], [ 69.1620999, 41.3314608 ], [ 69.1619771, 41.3312657 ], [ 69.1620278, 41.3312169 ], [ 69.1623032, 41.3311134 ] ] ] } },
{ "type": "Feature", "properties": { "id": "way/1468093130", "@timestamp": "2026-01-18T21:37:35", "Площадь": 0.11, "Туман": "Учтепа" }, "geometry": { "type": "Polygon", "coordinates": [ [ [ 69.1585995, 41.3253356 ], [ 69.1587146, 41.3256025 ], [ 69.1586855, 41.3256353 ], [ 69.1583758, 41.3257176 ], [ 69.1582398, 41.3254263 ], [ 69.1585995, 41.3253356 ] ] ] } },
{ "type": "Feature", "properties": { "id": "way/1468114471", "@timestamp": "2026-01-19T00:04:57", "Площадь": 0.06, "Туман": "Юнусобод" }, "geometry": { "type": "Polygon", "coordinates": [ [ [ 69.2880349, 41.3592838 ], [ 69.2880799, 41.3595483 ], [ 69.2878575, 41.3595696 ], [ 69.2878124, 41.3593052 ], [ 69.2880349, 41.3592838 ] ] ] } },
{ "type": "Feature", "properties": { "id": "way/1468555364", "@timestamp": "2026-01-19T19:10:37", "Площадь": 0.05, "Туман": "Юнусобод" }, "geometry": { "type": "Polygon", "coordinates": [ [ [ 69.2857177, 41.3832459 ], [ 69.2853289, 41.3833046 ], [ 69.2852942, 41.3831754 ], [ 69.2856831, 41.3831167 ], [ 69.2857177, 41.3832459 ] ] ] } },
{ "type": "Feature", "properties": { "id": "way/1468616902", "@timestamp": "2026-01-20T01:09:28", "Площадь": 0.13, "Туман": "Юнусобод" }, "geometry": { "type": "Polygon", "coordinates": [ [ [ 69.2770403, 41.3783994 ], [ 69.2768974, 41.378509 ], [ 69.2762427, 41.3781206 ], [ 69.2764077, 41.3779921 ], [ 69.2770403, 41.3783994 ] ] ] } },
{ "type": "Feature", "properties": { "id": "way/1469316718", "@timestamp": "2026-01-21T22:43:50", "Площадь": 0.09, "Туман": "Юнусобод" }, "geometry": { "type": "Polygon", "coordinates": [ [ [ 69.327846, 41.3669773 ], [ 69.3275163, 41.3671907 ], [ 69.3273645, 41.3670555 ], [ 69.32748, 41.3669696 ], [ 69.3273554, 41.3668634 ], [ 69.327415, 41.3668552 ], [ 69.3274775, 41.3668514 ], [ 69.3275442, 41.3668583 ], [ 69.3276109, 41.3668685 ], [ 69.3276752, 41.3668849 ], [ 69.3277367, 41.3669079 ], [ 69.3277942, 41.3669382 ], [ 69.327846, 41.3669773 ] ] ] } },
{ "type": "Feature", "properties": { "id": "way/1470780375", "@timestamp": "2026-05-29T07:35:24", "Площадь": 0.1, "Туман": "Миробод" }, "geometry": { "type": "Polygon", "coordinates": [ [ [ 69.2901893, 41.293894 ], [ 69.2900173, 41.2940602 ], [ 69.289815, 41.2938859 ], [ 69.2896306, 41.2936631 ], [ 69.2895974, 41.2936058 ], [ 69.2896268, 41.2935806 ], [ 69.2896556, 41.2935558 ], [ 69.2901893, 41.293894 ] ] ] } },
{ "type": "Feature", "properties": { "id": "way/1470823420", "@timestamp": "2026-01-26T09:37:33", "Площадь": 0.1, "Туман": "Учтепа" }, "geometry": { "type": "Polygon", "coordinates": [ [ [ 69.1728431, 41.2813443 ], [ 69.1727619, 41.2814882 ], [ 69.1722336, 41.2810393 ], [ 69.1723892, 41.280943 ], [ 69.1728431, 41.2813443 ] ] ] } },
{ "type": "Feature", "properties": { "id": "way/1470823426", "@timestamp": "2026-01-26T09:37:33", "Площадь": 0.03, "Туман": "Учтепа" }, "geometry": { "type": "Polygon", "coordinates": [ [ [ 69.1751581, 41.2802139 ], [ 69.1750217, 41.2802969 ], [ 69.1748747, 41.2801604 ], [ 69.1750112, 41.2800774 ], [ 69.1751581, 41.2802139 ] ] ] } },
{ "type": "Feature", "properties": { "id": "way/1470823428", "@timestamp": "2026-01-26T09:37:33", "Площадь": 0.04, "Туман": "Учтепа" }, "geometry": { "type": "Polygon", "coordinates": [ [ [ 69.1740799, 41.2779119 ], [ 69.1739985, 41.2780284 ], [ 69.173734, 41.2779241 ], [ 69.1738154, 41.2778076 ], [ 69.1740799, 41.2779119 ] ] ] } },
{ "type": "Feature", "properties": { "id": "way/1471810549", "@timestamp": "2026-01-27T21:52:51", "Площадь": 0.15, "Туман": "Чилонзор" }, "geometry": { "type": "Polygon", "coordinates": [ [ [ 69.2118553, 41.2823102 ], [ 69.2117269, 41.2821985 ], [ 69.2116821, 41.2822328 ], [ 69.2114887, 41.2820696 ], [ 69.2113662, 41.2821541 ], [ 69.2111719, 41.2819801 ], [ 69.2112842, 41.2819058 ], [ 69.2113298, 41.2818798 ], [ 69.2109454, 41.2815731 ], [ 69.2110375, 41.2815173 ], [ 69.2110492, 41.2815145 ], [ 69.2110667, 41.2815161 ], [ 69.2110769, 41.2815197 ], [ 69.2111487, 41.2815873 ], [ 69.2111098, 41.2816142 ], [ 69.2112314, 41.2817252 ], [ 69.2112724, 41.281696 ], [ 69.2113543, 41.2817671 ], [ 69.2113121, 41.2817953 ], [ 69.2114359, 41.2819055 ], [ 69.2114829, 41.2818738 ], [ 69.2118858, 41.2822385 ], [ 69.2118972, 41.2822515 ], [ 69.2119014, 41.2822671 ], [ 69.2118972, 41.2822813 ], [ 69.2118879, 41.2822915 ], [ 69.2118553, 41.2823102 ] ] ] } },
{ "type": "Feature", "properties": { "id": "way/1471810551", "@timestamp": "2026-01-27T21:52:51", "Площадь": 0.06, "Туман": "Чилонзор" }, "geometry": { "type": "Polygon", "coordinates": [ [ [ 69.2109187, 41.2829826 ], [ 69.2108735, 41.2829443 ], [ 69.2117422, 41.2823656 ], [ 69.2117874, 41.2824039 ], [ 69.2109187, 41.2829826 ] ] ] } },
{ "type": "Feature", "properties": { "id": "way/1471994748", "@timestamp": "2026-01-28T15:07:03", "Площадь": 0.24, "Туман": "Учтепа" }, "geometry": { "type": "Polygon", "coordinates": [ [ [ 69.1473725, 41.276243 ], [ 69.1473664, 41.2766988 ], [ 69.1473375, 41.277415 ], [ 69.1473371, 41.277565 ], [ 69.1471982, 41.27751 ], [ 69.1471749, 41.277255 ], [ 69.1471814, 41.2770097 ], [ 69.1471207, 41.2767819 ], [ 69.1471324, 41.2766772 ], [ 69.1471285, 41.2762428 ], [ 69.1473725, 41.276243 ] ] ] } },
{ "type": "Feature", "properties": { "id": "way/1471994799", "@timestamp": "2026-01-28T15:07:03", "Площадь": 0.21, "Туман": "Учтепа" }, "geometry": { "type": "Polygon", "coordinates": [ [ [ 69.1478781, 41.2643635 ], [ 69.1478782, 41.2642702 ], [ 69.1479522, 41.2639908 ], [ 69.1480434, 41.2637242 ], [ 69.1481401, 41.2634539 ], [ 69.1482574, 41.2631888 ], [ 69.1484051, 41.2631647 ], [ 69.1484571, 41.2631698 ], [ 69.1481518, 41.2639019 ], [ 69.148133, 41.2639604 ], [ 69.1480902, 41.2642567 ], [ 69.1480659, 41.2643145 ], [ 69.1480301, 41.2643115 ], [ 69.1480242, 41.2643668 ], [ 69.1478781, 41.2643635 ] ] ] } },
{ "type": "Feature", "properties": { "id": "way/1472183055", "@timestamp": "2026-04-01T16:52:09", "Площадь": 0.04, "Туман": "Чилонзор" }, "geometry": { "type": "Polygon", "coordinates": [ [ [ 69.1568919, 41.2556529 ], [ 69.1569349, 41.2556422 ], [ 69.1569783, 41.2557189 ], [ 69.1566382, 41.2559401 ], [ 69.156542, 41.2558636 ], [ 69.1567113, 41.255754 ], [ 69.1568919, 41.2556529 ] ] ] } },
{ "type": "Feature", "properties": { "id": "way/1472531348", "@timestamp": "2026-01-30T00:59:27", "Площадь": 0.04, "Туман": "Яккасарой" }, "geometry": { "type": "Polygon", "coordinates": [ [ [ 69.2531483, 41.2919405 ], [ 69.2530106, 41.2918321 ], [ 69.2532206, 41.2916816 ], [ 69.2533583, 41.2917901 ], [ 69.2531483, 41.2919405 ] ] ] } },
{ "type": "Feature", "properties": { "id": "way/1472647672", "@timestamp": "2026-01-30T09:49:07", "Площадь": 0.03, "Туман": "Яшнобод" }, "geometry": { "type": "Polygon", "coordinates": [ [ [ 69.3321559, 41.3118859 ], [ 69.3323318, 41.3117207 ], [ 69.332471, 41.3118133 ], [ 69.3322298, 41.3119429 ], [ 69.3321559, 41.3118859 ] ] ] } },
{ "type": "Feature", "properties": { "id": "way/1473000275", "@timestamp": "2026-06-17T18:38:06", "Площадь": 0.18, "Туман": "Чилонзор" }, "geometry": { "type": "Polygon", "coordinates": [ [ [ 69.2186355, 41.2796854 ], [ 69.2185642, 41.2797405 ], [ 69.217988, 41.2796849 ], [ 69.2179791, 41.2795475 ], [ 69.2181341, 41.2794519 ], [ 69.2179116, 41.2792522 ], [ 69.2176891, 41.2790525 ], [ 69.2177659, 41.2790105 ], [ 69.2186355, 41.2796854 ] ] ] } },
{ "type": "Feature", "properties": { "id": "way/1473000278", "@timestamp": "2026-01-31T17:57:33", "Площадь": 0.05, "Туман": "Чилонзор" }, "geometry": { "type": "Polygon", "coordinates": [ [ [ 69.2195275, 41.2803938 ], [ 69.2194836, 41.2804288 ], [ 69.2186235, 41.2798175 ], [ 69.2186676, 41.2797825 ], [ 69.2195275, 41.2803938 ] ] ] } },
{ "type": "Feature", "properties": { "id": "way/1473000279", "@timestamp": "2026-01-31T17:57:33", "Площадь": 0.0, "Туман": "Чилонзор" }, "geometry": { "type": "Polygon", "coordinates": [ [ [ 69.2138746, 41.2813535 ], [ 69.2135226, 41.2815765 ], [ 69.213519, 41.2815733 ], [ 69.2138704, 41.2813497 ], [ 69.2138746, 41.2813535 ] ] ] } },
{ "type": "Feature", "properties": { "id": "way/1473000280", "@timestamp": "2026-04-01T10:31:28", "Площадь": 0.07, "Туман": "Чилонзор" }, "geometry": { "type": "Polygon", "coordinates": [ [ [ 69.2145949, 41.2835756 ], [ 69.2140169, 41.2831593 ], [ 69.2139202, 41.2830771 ], [ 69.2136133, 41.2827875 ], [ 69.2136553, 41.2827651 ], [ 69.2136973, 41.2827427 ], [ 69.2145949, 41.2835756 ] ] ] } },
{ "type": "Feature", "properties": { "id": "way/1473000285", "@timestamp": "2026-01-31T17:57:33", "Площадь": 0.09, "Туман": "Чилонзор" }, "geometry": { "type": "Polygon", "coordinates": [ [ [ 69.2142103, 41.2845908 ], [ 69.2140806, 41.2846694 ], [ 69.2135916, 41.2842139 ], [ 69.2137214, 41.2841352 ], [ 69.2142103, 41.2845908 ] ] ] } },
{ "type": "Feature", "properties": { "id": "way/1473196381", "@timestamp": "2026-01-31T19:24:15", "Площадь": 0.03, "Туман": "Сергели" }, "geometry": { "type": "Polygon", "coordinates": [ [ [ 69.2203855, 41.2256744 ], [ 69.2202629, 41.2258793 ], [ 69.2201891, 41.2258543 ], [ 69.2201152, 41.2258293 ], [ 69.2202377, 41.2256244 ], [ 69.2203116, 41.2256494 ], [ 69.2203855, 41.2256744 ] ] ] } },
{ "type": "Feature", "properties": { "id": "way/1473196383", "@timestamp": "2026-01-31T19:24:15", "Площадь": 0.06, "Туман": "Сергели" }, "geometry": { "type": "Polygon", "coordinates": [ [ [ 69.2197861, 41.2264937 ], [ 69.219739, 41.226563 ], [ 69.2198064, 41.2265889 ], [ 69.2197275, 41.2267049 ], [ 69.2194295, 41.2265903 ], [ 69.2195554, 41.2264051 ], [ 69.2197861, 41.2264937 ] ] ] } },
{ "type": "Feature", "properties": { "id": "way/1473289830", "@timestamp": "2026-02-01T07:46:26", "Площадь": 0.08, "Туман": "Сергели" }, "geometry": { "type": "Polygon", "coordinates": [ [ [ 69.2151476, 41.2255051 ], [ 69.2148888, 41.2254005 ], [ 69.2149488, 41.2253164 ], [ 69.2148656, 41.2252828 ], [ 69.2149046, 41.2252281 ], [ 69.2148387, 41.2252014 ], [ 69.2148849, 41.2251367 ], [ 69.2152929, 41.2253015 ], [ 69.2151476, 41.2255051 ] ] ] } },
{ "type": "Feature", "properties": { "id": "way/1473293126", "@timestamp": "2026-02-01T08:21:19", "Площадь": 0.29, "Туман": "Чилонзор" }, "geometry": { "type": "Polygon", "coordinates": [ [ [ 69.2107057, 41.2717704 ], [ 69.2106007, 41.2717537 ], [ 69.2103758, 41.2718319 ], [ 69.2099305, 41.2716818 ], [ 69.2097988, 41.2715592 ], [ 69.2103071, 41.2712508 ], [ 69.2105053, 41.2713357 ], [ 69.2105977, 41.2714174 ], [ 69.2105831, 41.2715493 ], [ 69.2107608, 41.2717025 ], [ 69.2107057, 41.2717704 ] ] ] } },
{ "type": "Feature", "properties": { "id": "way/1473382915", "@timestamp": "2026-02-01T18:06:08", "Площадь": 0.05, "Туман": "Сергели" }, "geometry": { "type": "Polygon", "coordinates": [ [ [ 69.2151283, 41.2393451 ], [ 69.2149828, 41.2394185 ], [ 69.2147521, 41.2391586 ], [ 69.2148966, 41.2390855 ], [ 69.2149426, 41.2391389 ], [ 69.2151283, 41.2393451 ] ] ] } },
{ "type": "Feature", "properties": { "id": "way/1473382917", "@timestamp": "2026-02-01T18:06:08", "Площадь": 0.04, "Туман": "Сергели" }, "geometry": { "type": "Polygon", "coordinates": [ [ [ 69.2182152, 41.2490779 ], [ 69.2181515, 41.2494293 ], [ 69.2180186, 41.2494211 ], [ 69.2180916, 41.2490672 ], [ 69.2182152, 41.2490779 ] ] ] } },
{ "type": "Feature", "properties": { "id": "way/1473537559", "@timestamp": "2026-02-02T08:16:16", "Площадь": 0.05, "Туман": "Учтепа" }, "geometry": { "type": "Polygon", "coordinates": [ [ [ 69.1708949, 41.2838597 ], [ 69.1709597, 41.2842016 ], [ 69.1709667, 41.2842434 ], [ 69.170855, 41.2842596 ], [ 69.1707438, 41.2839515 ], [ 69.1707427, 41.2838826 ], [ 69.1708949, 41.2838597 ] ] ] } },
{ "type": "Feature", "properties": { "id": "way/1473705486", "@timestamp": "2026-05-03T13:12:08", "Площадь": 0.03, "Туман": "Чилонзор" }, "geometry": { "type": "Polygon", "coordinates": [ [ [ 69.2447992, 41.3062567 ], [ 69.2450232, 41.3063753 ], [ 69.2449223, 41.3064827 ], [ 69.2446984, 41.3063642 ], [ 69.2447992, 41.3062567 ] ] ] } },
{ "type": "Feature", "properties": { "id": "way/1473705488", "@timestamp": "2026-02-02T20:39:23", "Площадь": 0.03, "Туман": "Чилонзор" }, "geometry": { "type": "Polygon", "coordinates": [ [ [ 69.244944, 41.3061005 ], [ 69.2451686, 41.3062186 ], [ 69.2450682, 41.3063263 ], [ 69.2448436, 41.3062082 ], [ 69.244944, 41.3061005 ] ] ] } },
{ "type": "Feature", "properties": { "id": "way/1473954561", "@timestamp": "2026-02-03T18:19:57", "Площадь": 0.04, "Туман": "Юнусобод" }, "geometry": { "type": "Polygon", "coordinates": [ [ [ 69.2628766, 41.3703588 ], [ 69.2627476, 41.3705566 ], [ 69.2625791, 41.3704948 ], [ 69.2627081, 41.3702969 ], [ 69.2628766, 41.3703588 ] ] ] } },
{ "type": "Feature", "properties": { "id": "way/1474258706", "@timestamp": "2026-02-04T20:45:50", "Площадь": 0.37, "Туман": "Чилонзор" }, "geometry": { "type": "Polygon", "coordinates": [ [ [ 69.2337971, 41.3016329 ], [ 69.2338363, 41.301627 ], [ 69.2338775, 41.3016182 ], [ 69.2339651, 41.3016124 ], [ 69.2340205, 41.3016246 ], [ 69.2340618, 41.3016515 ], [ 69.2341261, 41.3017047 ], [ 69.2342014, 41.3017923 ], [ 69.2340909, 41.3018277 ], [ 69.2340802, 41.3018537 ], [ 69.2341304, 41.3019135 ], [ 69.234251, 41.3018546 ], [ 69.2344794, 41.3021209 ], [ 69.2346652, 41.3020425 ], [ 69.2347556, 41.3021281 ], [ 69.2349107, 41.302319 ], [ 69.2349149, 41.3023247 ], [ 69.2349633, 41.3023861 ], [ 69.2348888, 41.3024448 ], [ 69.2349415, 41.3025119 ], [ 69.2350054, 41.3025934 ], [ 69.235142, 41.3027738 ], [ 69.234978, 41.302837 ], [ 69.2347512, 41.3025397 ], [ 69.2346478, 41.302584 ], [ 69.2344068, 41.3023003 ], [ 69.2342471, 41.302214 ], [ 69.2337971, 41.3016329 ] ] ] } },
{ "type": "Feature", "properties": { "id": "way/1474382751", "@timestamp": "2026-02-05T11:00:57", "Площадь": 0.02, "Туман": "Чилонзор" }, "geometry": { "type": "Polygon", "coordinates": [ [ [ 69.2019413, 41.2905657 ], [ 69.2020167, 41.2904923 ], [ 69.2022068, 41.2906025 ], [ 69.2021314, 41.2906759 ], [ 69.2019413, 41.2905657 ] ] ] } },
{ "type": "Feature", "properties": { "id": "way/1474482494", "@timestamp": "2026-02-05T16:50:35", "Площадь": 0.24, "Туман": "Юнусобод" }, "geometry": { "type": "Polygon", "coordinates": [ [ [ 69.2643206, 41.3122804 ], [ 69.2640478, 41.3117321 ], [ 69.2644767, 41.3116177 ], [ 69.2645, 41.3116673 ], [ 69.2647295, 41.3121668 ], [ 69.2643206, 41.3122804 ] ] ] } },
{ "type": "Feature", "properties": { "id": "way/1474753610", "@timestamp": "2026-02-06T13:36:53", "Площадь": 0.06, "Туман": "Олмазор" }, "geometry": { "type": "Polygon", "coordinates": [ [ [ 69.2155998, 41.3705863 ], [ 69.2155998, 41.3707028 ], [ 69.2149961, 41.3707057 ], [ 69.2149989, 41.3706263 ], [ 69.2150332, 41.3705913 ], [ 69.2155998, 41.3705863 ] ] ] } },
{ "type": "Feature", "properties": { "id": "way/1474753617", "@timestamp": "2026-02-06T13:36:53", "Площадь": 0.11, "Туман": "Олмазор" }, "geometry": { "type": "Polygon", "coordinates": [ [ [ 69.2145874, 41.3655141 ], [ 69.2144177, 41.3655166 ], [ 69.2143999, 41.3648204 ], [ 69.2145694, 41.3648179 ], [ 69.2145874, 41.3655141 ] ] ] } },
{ "type": "Feature", "properties": { "id": "way/1474807755", "@timestamp": "2026-02-06T17:48:34", "Площадь": 0.04, "Туман": "Чилонзор" }, "geometry": { "type": "Polygon", "coordinates": [ [ [ 69.2194519, 41.2824856 ], [ 69.2194432, 41.2823676 ], [ 69.219769, 41.282354 ], [ 69.2197777, 41.282472 ], [ 69.2194519, 41.2824856 ] ] ] } },
{ "type": "Feature", "properties": { "id": "way/1475161278", "@timestamp": "2026-02-08T01:20:22", "Площадь": 0.17, "Туман": "Чилонзор" }, "geometry": { "type": "Polygon", "coordinates": [ [ [ 69.2166088, 41.2966522 ], [ 69.2168447, 41.2965006 ], [ 69.2173366, 41.296948 ], [ 69.2170978, 41.2970986 ], [ 69.2166088, 41.2966522 ] ] ] } },
{ "type": "Feature", "properties": { "id": "way/1475208379", "@timestamp": "2026-02-08T08:45:07", "Площадь": 0.05, "Туман": "Чилонзор" }, "geometry": { "type": "Polygon", "coordinates": [ [ [ 69.2497954, 41.3055138 ], [ 69.2497784, 41.3055421 ], [ 69.2481509, 41.3049898 ], [ 69.2480445, 41.3049199 ], [ 69.2497954, 41.3055138 ] ] ] } },
{ "type": "Feature", "properties": { "id": "way/1475306056", "@timestamp": "2026-02-08T16:39:33", "Площадь": 0.03, "Туман": "Яшнобод" }, "geometry": { "type": "Polygon", "coordinates": [ [ [ 69.3096304, 41.275827 ], [ 69.309686, 41.2758448 ], [ 69.3093659, 41.2764121 ], [ 69.3093103, 41.2763943 ], [ 69.3096304, 41.275827 ] ] ] } },
{ "type": "Feature", "properties": { "id": "way/1475306057", "@timestamp": "2026-02-08T16:39:33", "Площадь": 0.02, "Туман": "Яшнобод" }, "geometry": { "type": "Polygon", "coordinates": [ [ [ 69.3098879, 41.2753539 ], [ 69.3099437, 41.2753713 ], [ 69.3097398, 41.2757407 ], [ 69.309684, 41.2757233 ], [ 69.3098879, 41.2753539 ] ] ] } },
{ "type": "Feature", "properties": { "id": "way/1475306059", "@timestamp": "2026-02-08T16:39:33", "Площадь": 0.02, "Туман": "Яшнобод" }, "geometry": { "type": "Polygon", "coordinates": [ [ [ 69.310149, 41.2748944 ], [ 69.3102048, 41.2749118 ], [ 69.310001, 41.2752812 ], [ 69.3099452, 41.2752638 ], [ 69.310149, 41.2748944 ] ] ] } },
{ "type": "Feature", "properties": { "id": "way/1475341559", "@timestamp": "2026-02-08T18:40:08", "Площадь": 0.17, "Туман": "Яккасарой" }, "geometry": { "type": "Polygon", "coordinates": [ [ [ 69.2624292, 41.2790157 ], [ 69.262201, 41.2792781 ], [ 69.2617255, 41.2790446 ], [ 69.2619537, 41.2787822 ], [ 69.2624292, 41.2790157 ] ] ] } },
{ "type": "Feature", "properties": { "id": "way/1475989285", "@timestamp": "2026-02-13T06:03:18", "Площадь": 0.08, "Туман": "Яшнобод" }, "geometry": { "type": "Polygon", "coordinates": [ [ [ 69.3236867, 41.2935293 ], [ 69.3236741, 41.2934915 ], [ 69.3236962, 41.2934671 ], [ 69.3238015, 41.2933515 ], [ 69.3243213, 41.293144 ], [ 69.324343, 41.2931861 ], [ 69.3243727, 41.2932404 ], [ 69.3241008, 41.2933485 ], [ 69.3241199, 41.2933776 ], [ 69.3240281, 41.2934117 ], [ 69.3239942, 41.2934243 ], [ 69.3236867, 41.2935293 ] ] ] } },
{ "type": "Feature", "properties": { "id": "way/1475999216", "@timestamp": "2026-02-10T00:46:32", "Площадь": 0.14, "Туман": "Миробод" }, "geometry": { "type": "Polygon", "coordinates": [ [ [ 69.2885103, 41.2924054 ], [ 69.288635, 41.2922956 ], [ 69.2894151, 41.2927959 ], [ 69.2892904, 41.2929056 ], [ 69.2885103, 41.2924054 ] ] ] } },
{ "type": "Feature", "properties": { "id": "way/1476256568", "@timestamp": "2026-02-10T18:06:00", "Площадь": 0.14, "Туман": "Бектемир" }, "geometry": { "type": "Polygon", "coordinates": [ [ [ 69.3683252, 41.2437456 ], [ 69.3679749, 41.2440435 ], [ 69.3676845, 41.2438504 ], [ 69.3680349, 41.2435525 ], [ 69.3683252, 41.2437456 ] ] ] } },
{ "type": "Feature", "properties": { "id": "way/1476326166", "@timestamp": "2026-02-10T23:43:16", "Площадь": 0.47, "Туман": "Олмазор" }, "geometry": { "type": "Polygon", "coordinates": [ [ [ 69.2033959, 41.3519972 ], [ 69.2028725, 41.3519788 ], [ 69.2028544, 41.3519763 ], [ 69.2028417, 41.3519706 ], [ 69.2028371, 41.3519604 ], [ 69.2028358, 41.3519499 ], [ 69.2028383, 41.3518773 ], [ 69.202799, 41.351877 ], [ 69.2028111, 41.3511681 ], [ 69.2028141, 41.3511464 ], [ 69.2028262, 41.3511235 ], [ 69.2028482, 41.3511031 ], [ 69.2028893, 41.3510852 ], [ 69.2033543, 41.3510896 ], [ 69.2033549, 41.3513418 ], [ 69.2033182, 41.3513422 ], [ 69.2033187, 41.3513674 ], [ 69.2033554, 41.3513682 ], [ 69.2033545, 41.3516306 ], [ 69.2033993, 41.35163 ], [ 69.2033959, 41.3519972 ] ] ] } },
{ "type": "Feature", "properties": { "id": "way/1476326604", "@timestamp": "2026-02-10T23:45:01", "Площадь": 0.01, "Туман": "Шайхонтоҳур" }, "geometry": { "type": "Polygon", "coordinates": [ [ [ 69.2455088, 41.3154809 ], [ 69.2454809, 41.3152537 ], [ 69.2455404, 41.3152751 ], [ 69.2455591, 41.3154313 ], [ 69.2455088, 41.3154809 ] ] ] } },
{ "type": "Feature", "properties": { "id": "way/1476326605", "@timestamp": "2026-02-10T23:45:01", "Площадь": 0.01, "Туман": "Шайхонтоҳур" }, "geometry": { "type": "Polygon", "coordinates": [ [ [ 69.2455536, 41.3158445 ], [ 69.2455156, 41.3155361 ], [ 69.2455731, 41.3155483 ], [ 69.2456038, 41.3158046 ], [ 69.2455536, 41.3158445 ] ] ] } },
{ "type": "Feature", "properties": { "id": "way/1476326606", "@timestamp": "2026-02-10T23:45:01", "Площадь": 0.01, "Туман": "Шайхонтоҳур" }, "geometry": { "type": "Polygon", "coordinates": [ [ [ 69.2456051, 41.3162677 ], [ 69.2455874, 41.3161249 ], [ 69.2456435, 41.3161361 ], [ 69.2456547, 41.316229 ], [ 69.2456051, 41.3162677 ] ] ] } },
{ "type": "Feature", "properties": { "id": "way/1476326607", "@timestamp": "2026-02-10T23:45:01", "Площадь": 0.01, "Туман": "Шайхонтоҳур" }, "geometry": { "type": "Polygon", "coordinates": [ [ [ 69.2456524, 41.3165983 ], [ 69.2456136, 41.3163254 ], [ 69.2456685, 41.3163442 ], [ 69.2456948, 41.3165641 ], [ 69.2456524, 41.3165983 ] ] ] } },
{ "type": "Feature", "properties": { "id": "way/1476326608", "@timestamp": "2026-02-10T23:45:01", "Площадь": 0.01, "Туман": "Шайхонтоҳур" }, "geometry": { "type": "Polygon", "coordinates": [ [ [ 69.2457082, 41.3170729 ], [ 69.2456812, 41.316854 ], [ 69.2457322, 41.3168709 ], [ 69.245754, 41.3170425 ], [ 69.2457082, 41.3170729 ] ] ] } },
{ "type": "Feature", "properties": { "id": "way/1476326609", "@timestamp": "2026-02-10T23:45:01", "Площадь": 0.01, "Туман": "Шайхонтоҳур" }, "geometry": { "type": "Polygon", "coordinates": [ [ [ 69.2457686, 41.31744 ], [ 69.2457243, 41.3171802 ], [ 69.2457734, 41.3171946 ], [ 69.2457999, 41.3174029 ], [ 69.2457686, 41.31744 ] ] ] } },
{ "type": "Feature", "properties": { "id": "way/1476326610", "@timestamp": "2026-02-10T23:45:01", "Площадь": 0.01, "Туман": "Шайхонтоҳур" }, "geometry": { "type": "Polygon", "coordinates": [ [ [ 69.245833, 41.3179068 ], [ 69.2457816, 41.3175493 ], [ 69.2458264, 41.3175856 ], [ 69.2458651, 41.3178784 ], [ 69.245833, 41.3179068 ] ] ] } },
{ "type": "Feature", "properties": { "id": "way/1476326611", "@timestamp": "2026-02-10T23:45:01", "Площадь": 0.13, "Туман": "Шайхонтоҳур" }, "geometry": { "type": "Polygon", "coordinates": [ [ [ 69.2444199, 41.3186065 ], [ 69.2444214, 41.3186156 ], [ 69.2444329, 41.3187062 ], [ 69.243475, 41.3187713 ], [ 69.2432903, 41.3187827 ], [ 69.2432783, 41.3186944 ], [ 69.2432762, 41.3186773 ], [ 69.2433317, 41.3186756 ], [ 69.2433393, 41.3186716 ], [ 69.2433458, 41.3186662 ], [ 69.2434592, 41.3186591 ], [ 69.2434826, 41.3186556 ], [ 69.2435046, 41.3186432 ], [ 69.243518, 41.3186325 ], [ 69.2438977, 41.3186069 ], [ 69.2440098, 41.3186109 ], [ 69.2442311, 41.3186011 ], [ 69.2442412, 41.3185939 ], [ 69.2442942, 41.3186143 ], [ 69.2444199, 41.3186065 ] ] ] } },
{ "type": "Feature", "properties": { "id": "way/1476326612", "@timestamp": "2026-02-10T23:45:01", "Площадь": 0.09, "Туман": "Шайхонтоҳур" }, "geometry": { "type": "Polygon", "coordinates": [ [ [ 69.2445292, 41.3185996 ], [ 69.2446175, 41.3185939 ], [ 69.2446906, 41.3185408 ], [ 69.2449225, 41.31853 ], [ 69.2450485, 41.3185364 ], [ 69.2452362, 41.318528 ], [ 69.245266, 41.3185493 ], [ 69.2453442, 41.3185462 ], [ 69.2454914, 41.318622 ], [ 69.2454668, 41.3186236 ], [ 69.2445372, 41.3186783 ], [ 69.2445299, 41.318608 ], [ 69.2445292, 41.3185996 ] ] ] } },
{ "type": "Feature", "properties": { "id": "way/1476326615", "@timestamp": "2026-02-10T23:45:01", "Площадь": 0.01, "Туман": "Шайхонтоҳур" }, "geometry": { "type": "Polygon", "coordinates": [ [ [ 69.2453618, 41.3187233 ], [ 69.2453365, 41.3187639 ], [ 69.2451117, 41.3187773 ], [ 69.2450816, 41.3187398 ], [ 69.2453618, 41.3187233 ] ] ] } },
{ "type": "Feature", "properties": { "id": "way/1476326616", "@timestamp": "2026-02-10T23:45:01", "Площадь": 0.01, "Туман": "Шайхонтоҳур" }, "geometry": { "type": "Polygon", "coordinates": [ [ [ 69.2446597, 41.3187754 ], [ 69.2446361, 41.3188141 ], [ 69.2444114, 41.3188274 ], [ 69.2443812, 41.318793 ], [ 69.2446597, 41.3187754 ] ] ] } },
{ "type": "Feature", "properties": { "id": "way/1476326617", "@timestamp": "2026-02-10T23:45:01", "Площадь": 0.01, "Туман": "Шайхонтоҳур" }, "geometry": { "type": "Polygon", "coordinates": [ [ [ 69.2475142, 41.3185584 ], [ 69.2474686, 41.3186052 ], [ 69.2472593, 41.3186178 ], [ 69.2472064, 41.3185786 ], [ 69.2475142, 41.3185584 ] ] ] } },
{ "type": "Feature", "properties": { "id": "way/1476326618", "@timestamp": "2026-02-10T23:45:01", "Площадь": 0.01, "Туман": "Шайхонтоҳур" }, "geometry": { "type": "Polygon", "coordinates": [ [ [ 69.2478763, 41.3185332 ], [ 69.2478374, 41.318577 ], [ 69.2476261, 41.3185886 ], [ 69.2475671, 41.3185539 ], [ 69.2478763, 41.3185332 ] ] ] } },
{ "type": "Feature", "properties": { "id": "way/1476326619", "@timestamp": "2026-02-10T23:45:01", "Площадь": 0.01, "Туман": "Шайхонтоҳур" }, "geometry": { "type": "Polygon", "coordinates": [ [ [ 69.2489357, 41.3184627 ], [ 69.2489056, 41.3185005 ], [ 69.2486963, 41.3185146 ], [ 69.2486608, 41.3184819 ], [ 69.2489357, 41.3184627 ] ] ] } },
{ "type": "Feature", "properties": { "id": "way/1476326620", "@timestamp": "2026-02-10T23:45:01", "Площадь": 0.02, "Туман": "Шайхонтоҳур" }, "geometry": { "type": "Polygon", "coordinates": [ [ [ 69.2495767, 41.318415 ], [ 69.2495455, 41.3184505 ], [ 69.2490445, 41.3184835 ], [ 69.2490109, 41.3184534 ], [ 69.2495767, 41.318415 ] ] ] } },
{ "type": "Feature", "properties": { "id": "way/1476326621", "@timestamp": "2026-02-10T23:45:01", "Площадь": 0.01, "Туман": "Шайхонтоҳур" }, "geometry": { "type": "Polygon", "coordinates": [ [ [ 69.2507404, 41.318242 ], [ 69.2507403, 41.3182137 ], [ 69.2510078, 41.3181925 ], [ 69.2510099, 41.3181994 ], [ 69.251041, 41.3182204 ], [ 69.2507404, 41.318242 ] ] ] } },
{ "type": "Feature", "properties": { "id": "way/1476326622", "@timestamp": "2026-02-10T23:45:01", "Площадь": 0.01, "Туман": "Шайхонтоҳур" }, "geometry": { "type": "Polygon", "coordinates": [ [ [ 69.2498709, 41.3183047 ], [ 69.2499066, 41.3182688 ], [ 69.2501239, 41.318254 ], [ 69.2501707, 41.3182831 ], [ 69.2498709, 41.3183047 ] ] ] } },
{ "type": "Feature", "properties": { "id": "way/1476326623", "@timestamp": "2026-02-10T23:45:01", "Площадь": 0.01, "Туман": "Шайхонтоҳур" }, "geometry": { "type": "Polygon", "coordinates": [ [ [ 69.2487396, 41.3183862 ], [ 69.2487585, 41.3183543 ], [ 69.2489263, 41.3183422 ], [ 69.2489707, 41.3183695 ], [ 69.2487396, 41.3183862 ] ] ] } },
{ "type": "Feature", "properties": { "id": "way/1476326624", "@timestamp": "2026-02-10T23:45:01", "Площадь": 0.01, "Туман": "Шайхонтоҳур" }, "geometry": { "type": "Polygon", "coordinates": [ [ [ 69.2477089, 41.3184604 ], [ 69.2477393, 41.3184289 ], [ 69.2479653, 41.3184118 ], [ 69.2480062, 41.318439 ], [ 69.2477089, 41.3184604 ] ] ] } },
{ "type": "Feature", "properties": { "id": "way/1476377011", "@timestamp": "2026-02-11T06:46:19", "Площадь": 0.12, "Туман": "Бектемир" }, "geometry": { "type": "Polygon", "coordinates": [ [ [ 69.3750239, 41.2571933 ], [ 69.3747677, 41.2573631 ], [ 69.374467, 41.2569616 ], [ 69.3746585, 41.2568528 ], [ 69.3750239, 41.2571933 ] ] ] } },
{ "type": "Feature", "properties": { "id": "way/1476565014", "@timestamp": "2026-02-11T17:40:02", "Площадь": 0.08, "Туман": "Бектемир" }, "geometry": { "type": "Polygon", "coordinates": [ [ [ 69.3589199, 41.2457236 ], [ 69.3599739, 41.2460832 ], [ 69.3597229, 41.2460662 ], [ 69.3588767, 41.2458389 ], [ 69.3589199, 41.2457236 ] ] ] } },
{ "type": "Feature", "properties": { "id": "way/1476565039", "@timestamp": "2026-02-11T17:40:02", "Площадь": 0.05, "Туман": "Бектемир" }, "geometry": { "type": "Polygon", "coordinates": [ [ [ 69.3735077, 41.249466 ], [ 69.3732942, 41.2496413 ], [ 69.3731245, 41.2495244 ], [ 69.373338, 41.2493492 ], [ 69.3735077, 41.249466 ] ] ] } },
{ "type": "Feature", "properties": { "id": "way/1476565053", "@timestamp": "2026-02-11T17:40:02", "Площадь": 0.1, "Туман": "Бектемир" }, "geometry": { "type": "Polygon", "coordinates": [ [ [ 69.3685274, 41.2421301 ], [ 69.3680104, 41.241855 ], [ 69.3681526, 41.2417039 ], [ 69.3684976, 41.2418875 ], [ 69.3684481, 41.2419401 ], [ 69.3686201, 41.2420315 ], [ 69.3685274, 41.2421301 ] ] ] } },
{ "type": "Feature", "properties": { "id": "way/1476565480", "@timestamp": "2026-02-11T17:42:19", "Площадь": 0.01, "Туман": "Юнусобод" }, "geometry": { "type": "Polygon", "coordinates": [ [ [ 69.2805999, 41.3403861 ], [ 69.2808707, 41.3402279 ], [ 69.2808924, 41.3402689 ], [ 69.2806417, 41.340411 ], [ 69.2805999, 41.3403861 ] ] ] } },
{ "type": "Feature", "properties": { "id": "way/1476565489", "@timestamp": "2026-02-12T23:43:48", "Площадь": 0.09, "Туман": "Юнусобод" }, "geometry": { "type": "Polygon", "coordinates": [ [ [ 69.2786766, 41.3387054 ], [ 69.2786051, 41.3384326 ], [ 69.2789629, 41.3384777 ], [ 69.279005, 41.3384974 ], [ 69.2790354, 41.3385241 ], [ 69.2790811, 41.3385856 ], [ 69.2791016, 41.3386581 ], [ 69.2786766, 41.3387054 ] ] ] } },
{ "type": "Feature", "properties": { "id": "way/1476565491", "@timestamp": "2026-02-11T17:42:19", "Площадь": 0.09, "Туман": "Юнусобод" }, "geometry": { "type": "Polygon", "coordinates": [ [ [ 69.2799692, 41.3382405 ], [ 69.279846, 41.3381133 ], [ 69.2803682, 41.3378281 ], [ 69.2804677, 41.3379309 ], [ 69.2804092, 41.3379628 ], [ 69.2804328, 41.3379873 ], [ 69.2799692, 41.3382405 ] ] ] } },
{ "type": "Feature", "properties": { "id": "way/1476601992", "@timestamp": "2026-02-11T19:39:35", "Площадь": 0.09, "Туман": "Юнусобод" }, "geometry": { "type": "Polygon", "coordinates": [ [ [ 69.2799105, 41.3430533 ], [ 69.279765, 41.3428942 ], [ 69.2798153, 41.3428958 ], [ 69.2798549, 41.3428867 ], [ 69.2798837, 41.3428751 ], [ 69.2799132, 41.342851 ], [ 69.279932, 41.3428162 ], [ 69.279938, 41.3427951 ], [ 69.280164, 41.3426536 ], [ 69.2803216, 41.3427996 ], [ 69.2799105, 41.3430533 ] ] ] } },
{ "type": "Feature", "properties": { "id": "way/1476677908", "@timestamp": "2026-02-11T23:55:42", "Площадь": 0.03, "Туман": "Олмазор" }, "geometry": { "type": "Polygon", "coordinates": [ [ [ 69.2401492, 41.3384099 ], [ 69.2400274, 41.3382134 ], [ 69.2401542, 41.3381755 ], [ 69.2402689, 41.3383698 ], [ 69.2401492, 41.3384099 ] ] ] } },
{ "type": "Feature", "properties": { "id": "way/1476744450", "@timestamp": "2026-02-12T07:33:51", "Площадь": 0.04, "Туман": "Яшнобод" }, "geometry": { "type": "Polygon", "coordinates": [ [ [ 69.3436397, 41.2537051 ], [ 69.3435644, 41.2538227 ], [ 69.34324, 41.2537053 ], [ 69.3433154, 41.2535877 ], [ 69.3436397, 41.2537051 ] ] ] } },
{ "type": "Feature", "properties": { "id": "way/1476967642", "@timestamp": "2026-02-12T19:06:20", "Площадь": 0.07, "Туман": "Шайхонтоҳур" }, "geometry": { "type": "Polygon", "coordinates": [ [ [ 69.2569692, 41.3134815 ], [ 69.2569624, 41.3134346 ], [ 69.2569431, 41.3132975 ], [ 69.2569928, 41.3132947 ], [ 69.257043, 41.3133468 ], [ 69.2572533, 41.313332 ], [ 69.2573897, 41.3134484 ], [ 69.2572126, 41.313607 ], [ 69.2570869, 41.3134895 ], [ 69.2570297, 41.3134779 ], [ 69.2569692, 41.3134815 ] ] ] } },
{ "type": "Feature", "properties": { "id": "way/1477000261", "@timestamp": "2026-02-12T23:49:28", "Площадь": 0.09, "Туман": "Юнусобод" }, "geometry": { "type": "Polygon", "coordinates": [ [ [ 69.28051, 41.3349668 ], [ 69.2804715, 41.3349707 ], [ 69.2804645, 41.3349317 ], [ 69.2804547, 41.3348768 ], [ 69.2815141, 41.3347696 ], [ 69.281519, 41.3347967 ], [ 69.2815251, 41.3348311 ], [ 69.281531, 41.3348635 ], [ 69.2810704, 41.3349101 ], [ 69.2810081, 41.3349164 ], [ 69.28051, 41.3349668 ] ] ] } },
{ "type": "Feature", "properties": { "id": "way/1477028550", "@timestamp": "2026-02-12T23:17:31", "Площадь": 0.43, "Туман": "Мирзо Улуғбек" }, "geometry": { "type": "Polygon", "coordinates": [ [ [ 69.4436433, 41.3306546 ], [ 69.4429822, 41.3316158 ], [ 69.4424308, 41.3324033 ], [ 69.4422458, 41.3323337 ], [ 69.4427145, 41.3316598 ], [ 69.4425582, 41.331695 ], [ 69.4428282, 41.3312957 ], [ 69.4430009, 41.3312546 ], [ 69.4433957, 41.3306565 ], [ 69.443463, 41.3306808 ], [ 69.4435134, 41.3306022 ], [ 69.4436433, 41.3306546 ] ] ] } },
{ "type": "Feature", "properties": { "id": "way/1477029933", "@timestamp": "2026-02-12T23:26:23", "Площадь": 0.15, "Туман": "Шайхонтоҳур" }, "geometry": { "type": "Polygon", "coordinates": [ [ [ 69.2611731, 41.3144372 ], [ 69.2613738, 41.3143168 ], [ 69.2615622, 41.3145288 ], [ 69.2616501, 41.3146361 ], [ 69.2617694, 41.3148048 ], [ 69.2618197, 41.3149081 ], [ 69.2618392, 41.3149564 ], [ 69.2616227, 41.3150225 ], [ 69.2615621, 41.3148734 ], [ 69.2615173, 41.3147927 ], [ 69.2614791, 41.3147444 ], [ 69.2614495, 41.3147095 ], [ 69.2611731, 41.3144372 ] ] ] } },
{ "type": "Feature", "properties": { "id": "way/1477368536", "@timestamp": "2026-02-13T07:31:38", "Площадь": 0.04, "Туман": "Миробод" }, "geometry": { "type": "Polygon", "coordinates": [ [ [ 69.2878442, 41.2931874 ], [ 69.2886953, 41.2937225 ], [ 69.2886632, 41.2937512 ], [ 69.2878123, 41.2932161 ], [ 69.2878442, 41.2931874 ] ] ] } },
{ "type": "Feature", "properties": { "id": "way/1477382903", "@timestamp": "2026-02-13T08:59:45", "Площадь": 0.04, "Туман": "Миробод" }, "geometry": { "type": "Polygon", "coordinates": [ [ [ 69.2893514, 41.2981001 ], [ 69.2891371, 41.2982961 ], [ 69.2890083, 41.2982166 ], [ 69.2892227, 41.2980207 ], [ 69.2893514, 41.2981001 ] ] ] } },
{ "type": "Feature", "properties": { "id": "way/1478622714", "@timestamp": "2026-02-14T17:29:34", "Площадь": 0.2, "Туман": "Учтепа" }, "geometry": { "type": "Polygon", "coordinates": [ [ [ 69.1851813, 41.2738914 ], [ 69.1850512, 41.2740596 ], [ 69.1848955, 41.2739913 ], [ 69.1848566, 41.2740415 ], [ 69.1846775, 41.2739614 ], [ 69.1846957, 41.2738897 ], [ 69.1842242, 41.2736419 ], [ 69.1842564, 41.2736045 ], [ 69.1843347, 41.2735193 ], [ 69.1843791, 41.273471 ], [ 69.1851813, 41.2738914 ] ] ] } },
{ "type": "Feature", "properties": { "id": "way/1478622719", "@timestamp": "2026-02-14T17:29:34", "Площадь": 0.05, "Туман": "Чилонзор" }, "geometry": { "type": "Polygon", "coordinates": [ [ [ 69.1728358, 41.2689771 ], [ 69.1727343, 41.2690683 ], [ 69.1724388, 41.2688825 ], [ 69.1724224, 41.2688705 ], [ 69.172409, 41.2688573 ], [ 69.1723996, 41.2688395 ], [ 69.1723977, 41.2688212 ], [ 69.1724759, 41.2687509 ], [ 69.1728358, 41.2689771 ] ] ] } },
{ "type": "Feature", "properties": { "id": "way/1478913697", "@timestamp": "2026-02-15T18:30:38", "Площадь": 0.04, "Туман": "Олмазор" }, "geometry": { "type": "Polygon", "coordinates": [ [ [ 69.2305709, 41.3260106 ], [ 69.2309253, 41.3258079 ], [ 69.2309957, 41.3258773 ], [ 69.2306414, 41.3260801 ], [ 69.2305709, 41.3260106 ] ] ] } },
{ "type": "Feature", "properties": { "id": "way/1479128021", "@timestamp": "2026-02-16T07:37:36", "Площадь": 0.09, "Туман": "Яшнобод" }, "geometry": { "type": "Polygon", "coordinates": [ [ [ 69.3585799, 41.2817311 ], [ 69.3585265, 41.2818122 ], [ 69.3575295, 41.2814411 ], [ 69.3575828, 41.2813602 ], [ 69.3585799, 41.2817311 ] ] ] } },
{ "type": "Feature", "properties": { "id": "way/1479811927", "@timestamp": "2026-02-17T16:15:43", "Площадь": 0.1, "Туман": "Яшнобод" }, "geometry": { "type": "Polygon", "coordinates": [ [ [ 69.3341795, 41.2546099 ], [ 69.3339818, 41.2549437 ], [ 69.3337013, 41.2548498 ], [ 69.3338991, 41.254516 ], [ 69.3341795, 41.2546099 ] ] ] } },
{ "type": "Feature", "properties": { "id": "way/1479811930", "@timestamp": "2026-02-17T16:15:43", "Площадь": 0.02, "Туман": "Яшнобод" }, "geometry": { "type": "Polygon", "coordinates": [ [ [ 69.3343996, 41.2539621 ], [ 69.333959, 41.2538495 ], [ 69.3339788, 41.2538058 ], [ 69.3344194, 41.2539183 ], [ 69.3343996, 41.2539621 ] ] ] } },
{ "type": "Feature", "properties": { "id": "way/1479980039", "@timestamp": "2026-02-18T06:53:37", "Площадь": 0.04, "Туман": "Мирзо Улуғбек" }, "geometry": { "type": "Polygon", "coordinates": [ [ [ 69.328093, 41.3252409 ], [ 69.3280482, 41.3254133 ], [ 69.3277608, 41.325365 ], [ 69.3277882, 41.325228 ], [ 69.3279496, 41.3252515 ], [ 69.3279575, 41.3252211 ], [ 69.328093, 41.3252409 ] ] ] } },
{ "type": "Feature", "properties": { "id": "way/1480532338", "@timestamp": "2026-02-19T05:16:49", "Площадь": 0.15, "Туман": "Яккасарой" }, "geometry": { "type": "Polygon", "coordinates": [ [ [ 69.2708295, 41.277912 ], [ 69.2700548, 41.2767451 ], [ 69.2701531, 41.2766911 ], [ 69.2703299, 41.2768951 ], [ 69.2703152, 41.2769373 ], [ 69.2708556, 41.2777405 ], [ 69.270905, 41.2778597 ], [ 69.2709289, 41.2778871 ], [ 69.270869, 41.277917 ], [ 69.2708295, 41.277912 ] ] ] } },
{ "type": "Feature", "properties": { "id": "way/1480780239", "@timestamp": "2026-02-19T17:07:16", "Площадь": 0.24, "Туман": "Яшнобод" }, "geometry": { "type": "Polygon", "coordinates": [ [ [ 69.3139475, 41.2874474 ], [ 69.3137825, 41.2874104 ], [ 69.3138841, 41.2870988 ], [ 69.3138052, 41.2870765 ], [ 69.3139312, 41.2867328 ], [ 69.3139086, 41.2867267 ], [ 69.3139352, 41.2866315 ], [ 69.3143674, 41.2867229 ], [ 69.3141962, 41.287187 ], [ 69.3140454, 41.287161 ], [ 69.3139475, 41.2874474 ] ] ] } },
{ "type": "Feature", "properties": { "id": "way/1480780240", "@timestamp": "2026-02-19T17:07:16", "Площадь": 0.1, "Туман": "Яшнобод" }, "geometry": { "type": "Polygon", "coordinates": [ [ [ 69.3139053, 41.2860013 ], [ 69.3137062, 41.2864708 ], [ 69.31353, 41.2864343 ], [ 69.3136518, 41.285947 ], [ 69.3139053, 41.2860013 ] ] ] } },
{ "type": "Feature", "properties": { "id": "way/1481998520", "@timestamp": "2026-02-22T18:25:20", "Площадь": 0.04, "Туман": "Чилонзор" }, "geometry": { "type": "Polygon", "coordinates": [ [ [ 69.2109464, 41.2950957 ], [ 69.2106865, 41.2951008 ], [ 69.2106621, 41.2949526 ], [ 69.2109339, 41.2949213 ], [ 69.2109464, 41.2950957 ] ] ] } },
{ "type": "Feature", "properties": { "id": "way/1481998521", "@timestamp": "2026-02-22T18:25:20", "Площадь": 0.07, "Туман": "Чилонзор" }, "geometry": { "type": "Polygon", "coordinates": [ [ [ 69.2047278, 41.2954584 ], [ 69.2047625, 41.2955506 ], [ 69.2040464, 41.2957026 ], [ 69.2040117, 41.2956103 ], [ 69.2047278, 41.2954584 ] ] ] } },
{ "type": "Feature", "properties": { "id": "way/1482205661", "@timestamp": "2026-02-23T12:50:44", "Площадь": 0.07, "Туман": "Учтепа" }, "geometry": { "type": "Polygon", "coordinates": [ [ [ 69.1677946, 41.2831916 ], [ 69.1677655, 41.2828631 ], [ 69.1679629, 41.2828532 ], [ 69.1680814, 41.283089 ], [ 69.1678618, 41.2831882 ], [ 69.1677946, 41.2831916 ] ] ] } },
{ "type": "Feature", "properties": { "id": "way/1482205662", "@timestamp": "2026-02-23T12:50:44", "Площадь": 0.01, "Туман": "Учтепа" }, "geometry": { "type": "Polygon", "coordinates": [ [ [ 69.1699361, 41.282502 ], [ 69.1698628, 41.2824846 ], [ 69.1698294, 41.2823048 ], [ 69.1698911, 41.282271 ], [ 69.1699361, 41.282502 ] ] ] } },
{ "type": "Feature", "properties": { "id": "way/1482205664", "@timestamp": "2026-02-23T12:50:44", "Площадь": 0.27, "Туман": "Учтепа" }, "geometry": { "type": "Polygon", "coordinates": [ [ [ 69.165173, 41.2836427 ], [ 69.1656054, 41.2848537 ], [ 69.1653801, 41.2848991 ], [ 69.1649473, 41.2836882 ], [ 69.165173, 41.2836427 ] ] ] } },
{ "type": "Feature", "properties": { "id": "way/1482452459", "@timestamp": "2026-02-24T08:25:18", "Площадь": 0.04, "Туман": "Чилонзор" }, "geometry": { "type": "Polygon", "coordinates": [ [ [ 69.2158834, 41.2858884 ], [ 69.2157792, 41.2859502 ], [ 69.2155295, 41.2857041 ], [ 69.2155992, 41.2856586 ], [ 69.2156461, 41.2856729 ], [ 69.2158834, 41.2858884 ] ] ] } },
{ "type": "Feature", "properties": { "id": "way/1482452474", "@timestamp": "2026-02-24T08:25:18", "Площадь": 0.07, "Туман": "Чилонзор" }, "geometry": { "type": "Polygon", "coordinates": [ [ [ 69.2182195, 41.2906937 ], [ 69.2183512, 41.290806 ], [ 69.2179631, 41.291063 ], [ 69.2178314, 41.2909508 ], [ 69.2182195, 41.2906937 ] ] ] } },
{ "type": "Feature", "properties": { "id": "way/1482469753", "@timestamp": "2026-02-24T09:29:39", "Площадь": 0.04, "Туман": "Учтепа" }, "geometry": { "type": "Polygon", "coordinates": [ [ [ 69.1757353, 41.2891949 ], [ 69.1755242, 41.2893468 ], [ 69.1753727, 41.289218 ], [ 69.175609, 41.2890756 ], [ 69.1757353, 41.2891949 ] ] ] } },
{ "type": "Feature", "properties": { "id": "way/1482469754", "@timestamp": "2026-02-24T09:29:39", "Площадь": 0.08, "Туман": "Учтепа" }, "geometry": { "type": "Polygon", "coordinates": [ [ [ 69.1748447, 41.2893066 ], [ 69.1746003, 41.2890791 ], [ 69.1748647, 41.2889187 ], [ 69.1750643, 41.2891045 ], [ 69.174906, 41.2892005 ], [ 69.1749508, 41.2892422 ], [ 69.1748447, 41.2893066 ] ] ] } },
{ "type": "Feature", "properties": { "id": "way/1482796654", "@timestamp": "2026-02-25T07:56:41", "Площадь": 0.1, "Туман": "Янгиҳает" }, "geometry": { "type": "Polygon", "coordinates": [ [ [ 69.2343099, 41.1960441 ], [ 69.2344014, 41.195777 ], [ 69.2346024, 41.19519 ], [ 69.2347213, 41.1952147 ], [ 69.2344252, 41.1960647 ], [ 69.2343099, 41.1960441 ] ] ] } },
{ "type": "Feature", "properties": { "id": "way/1482796662", "@timestamp": "2026-02-25T07:56:41", "Площадь": 0.12, "Туман": "Янгиҳает" }, "geometry": { "type": "Polygon", "coordinates": [ [ [ 69.2299588, 41.194282 ], [ 69.2302434, 41.1944028 ], [ 69.2299872, 41.1947495 ], [ 69.229671, 41.1946157 ], [ 69.2296902, 41.1946207 ], [ 69.2297085, 41.1946205 ], [ 69.2297272, 41.1946147 ], [ 69.2297424, 41.1946051 ], [ 69.2299588, 41.194282 ] ] ] } },
{ "type": "Feature", "properties": { "id": "way/1482796675", "@timestamp": "2026-02-25T07:56:41", "Площадь": 0.03, "Туман": "Янгиҳает" }, "geometry": { "type": "Polygon", "coordinates": [ [ [ 69.2326481, 41.2065643 ], [ 69.2327022, 41.2064862 ], [ 69.2330041, 41.2066046 ], [ 69.23295, 41.2066826 ], [ 69.2326481, 41.2065643 ] ] ] } },
{ "type": "Feature", "properties": { "id": "way/1482796676", "@timestamp": "2026-02-25T07:56:41", "Площадь": 0.02, "Туман": "Янгиҳает" }, "geometry": { "type": "Polygon", "coordinates": [ [ [ 69.2322905, 41.2062725 ], [ 69.2322117, 41.2063884 ], [ 69.2320934, 41.2063429 ], [ 69.2321722, 41.206227 ], [ 69.2322905, 41.2062725 ] ] ] } },
{ "type": "Feature", "properties": { "id": "way/1482796678", "@timestamp": "2026-02-25T07:56:41", "Площадь": 0.2, "Туман": "Янгиҳает" }, "geometry": { "type": "Polygon", "coordinates": [ [ [ 69.2339615, 41.2051305 ], [ 69.2333838, 41.2048342 ], [ 69.2335273, 41.2046304 ], [ 69.2343258, 41.2049438 ], [ 69.2342429, 41.2050609 ], [ 69.2341055, 41.2050137 ], [ 69.2340727, 41.2050192 ], [ 69.2340465, 41.2050326 ], [ 69.2339615, 41.2051305 ] ] ] } },
{ "type": "Feature", "properties": { "id": "way/1484238617", "@timestamp": "2026-03-01T10:56:38", "Площадь": 0.05, "Туман": "Олмазор" }, "geometry": { "type": "Polygon", "coordinates": [ [ [ 69.2517021, 41.3331969 ], [ 69.2515132, 41.333303 ], [ 69.2513435, 41.3331327 ], [ 69.2515324, 41.3330266 ], [ 69.2517021, 41.3331969 ] ] ] } },
{ "type": "Feature", "properties": { "id": "way/1484362381", "@timestamp": "2026-03-01T19:01:42", "Площадь": 0.07, "Туман": "Чилонзор" }, "geometry": { "type": "Polygon", "coordinates": [ [ [ 69.2509776, 41.3081438 ], [ 69.2510627, 41.3080153 ], [ 69.2511968, 41.3082541 ], [ 69.2513735, 41.3085195 ], [ 69.2511687, 41.3084828 ], [ 69.2511382, 41.308385 ], [ 69.2510874, 41.3083972 ], [ 69.2509512, 41.3082049 ], [ 69.2509837, 41.3081942 ], [ 69.2509776, 41.3081438 ] ] ] } },
{ "type": "Feature", "properties": { "id": "way/1484701992", "@timestamp": "2026-03-02T18:38:14", "Площадь": 0.09, "Туман": "Мирзо Улуғбек" }, "geometry": { "type": "Polygon", "coordinates": [ [ [ 69.3249757, 41.3470565 ], [ 69.3252741, 41.3470454 ], [ 69.3253177, 41.3470217 ], [ 69.3254169, 41.3471139 ], [ 69.3251742, 41.3472639 ], [ 69.3250682, 41.3471728 ], [ 69.3248114, 41.3473308 ], [ 69.3247336, 41.3472221 ], [ 69.3249757, 41.3470565 ] ] ] } },
{ "type": "Feature", "properties": { "id": "way/1485043773", "@timestamp": "2026-03-03T18:08:13", "Площадь": 0.02, "Туман": "Мирзо Улуғбек" }, "geometry": { "type": "Polygon", "coordinates": [ [ [ 69.3705157, 41.3392959 ], [ 69.3705381, 41.33944 ], [ 69.3703666, 41.339455 ], [ 69.3703442, 41.3393109 ], [ 69.3705157, 41.3392959 ] ] ] } },
{ "type": "Feature", "properties": { "id": "way/1485318749", "@timestamp": "2026-03-04T10:16:11", "Площадь": 0.03, "Туман": "Юнусобод" }, "geometry": { "type": "Polygon", "coordinates": [ [ [ 69.3132508, 41.3771822 ], [ 69.3135233, 41.3774435 ], [ 69.3134366, 41.3774944 ], [ 69.3131641, 41.3772331 ], [ 69.3132508, 41.3771822 ] ] ] } },
{ "type": "Feature", "properties": { "id": "way/1485318756", "@timestamp": "2026-03-04T14:37:20", "Площадь": 0.05, "Туман": "Юнусобод" }, "geometry": { "type": "Polygon", "coordinates": [ [ [ 69.3155829, 41.380168 ], [ 69.315411, 41.3802674 ], [ 69.3152275, 41.3800887 ], [ 69.3153658, 41.3800088 ], [ 69.3153995, 41.3799893 ], [ 69.3155829, 41.380168 ] ] ] } },
{ "type": "Feature", "properties": { "id": "way/1485442075", "@timestamp": "2026-03-04T17:59:54", "Площадь": 0.16, "Туман": "Юнусобод" }, "geometry": { "type": "Polygon", "coordinates": [ [ [ 69.3098152, 41.3562554 ], [ 69.3098614, 41.3562927 ], [ 69.3097615, 41.3564512 ], [ 69.3098024, 41.356486 ], [ 69.3090098, 41.3569621 ], [ 69.3088911, 41.356866 ], [ 69.3098152, 41.3562554 ] ] ] } },
{ "type": "Feature", "properties": { "id": "way/1485442076", "@timestamp": "2026-03-04T17:59:54", "Площадь": 0.25, "Туман": "Юнусобод" }, "geometry": { "type": "Polygon", "coordinates": [ [ [ 69.3112381, 41.3553736 ], [ 69.3114097, 41.3555528 ], [ 69.3103878, 41.3561814 ], [ 69.3101129, 41.3560596 ], [ 69.3106936, 41.3557063 ], [ 69.3107935, 41.3556937 ], [ 69.3108599, 41.3557541 ], [ 69.3110436, 41.3556454 ], [ 69.3109853, 41.355584 ], [ 69.3110403, 41.3555498 ], [ 69.311055, 41.3554843 ], [ 69.3112381, 41.3553736 ] ] ] } },
{ "type": "Feature", "properties": { "id": "way/1485767409", "@timestamp": "2026-03-05T18:06:19", "Площадь": 0.04, "Туман": "Юнусобод" }, "geometry": { "type": "Polygon", "coordinates": [ [ [ 69.3200615, 41.372614 ], [ 69.3200283, 41.372675 ], [ 69.3193713, 41.3724738 ], [ 69.3194046, 41.3724126 ], [ 69.3200615, 41.372614 ] ] ] } },
{ "type": "Feature", "properties": { "id": "way/1485767410", "@timestamp": "2026-03-05T18:06:19", "Площадь": 0.03, "Туман": "Юнусобод" }, "geometry": { "type": "Polygon", "coordinates": [ [ [ 69.3191269, 41.3723432 ], [ 69.3191023, 41.3723832 ], [ 69.3185011, 41.3721754 ], [ 69.3185256, 41.3721355 ], [ 69.3191269, 41.3723432 ] ] ] } },
{ "type": "Feature", "properties": { "id": "way/1485767411", "@timestamp": "2026-03-05T18:06:19", "Площадь": 0.03, "Туман": "Юнусобод" }, "geometry": { "type": "Polygon", "coordinates": [ [ [ 69.3178577, 41.3719546 ], [ 69.3179049, 41.3718778 ], [ 69.3181586, 41.3719655 ], [ 69.3181312, 41.3720101 ], [ 69.3183835, 41.3720974 ], [ 69.3183386, 41.3721209 ], [ 69.3178577, 41.3719546 ] ] ] } },
{ "type": "Feature", "properties": { "id": "way/1485767413", "@timestamp": "2026-03-05T18:06:19", "Площадь": 0.06, "Туман": "Юнусобод" }, "geometry": { "type": "Polygon", "coordinates": [ [ [ 69.3147217, 41.371349 ], [ 69.3146531, 41.3714589 ], [ 69.3141962, 41.3712982 ], [ 69.3142648, 41.3711884 ], [ 69.3147217, 41.371349 ] ] ] } },
{ "type": "Feature", "properties": { "id": "way/1485910340", "@timestamp": "2026-03-06T06:14:51", "Площадь": 0.07, "Туман": "Юнусобод" }, "geometry": { "type": "Polygon", "coordinates": [ [ [ 69.2727924, 41.3739763 ], [ 69.2726118, 41.374155 ], [ 69.2723306, 41.373995 ], [ 69.2725113, 41.3738163 ], [ 69.2727924, 41.3739763 ] ] ] } },
{ "type": "Feature", "properties": { "id": "way/1486114013", "@timestamp": "2026-03-06T17:23:49", "Площадь": 0.01, "Туман": "Учтепа" }, "geometry": { "type": "Polygon", "coordinates": [ [ [ 69.1756909, 41.2904367 ], [ 69.1758763, 41.2905268 ], [ 69.1758335, 41.2905765 ], [ 69.1757002, 41.2905116 ], [ 69.1756779, 41.2905008 ], [ 69.1756481, 41.2904863 ], [ 69.1756909, 41.2904367 ] ] ] } },
{ "type": "Feature", "properties": { "id": "way/1486114014", "@timestamp": "2026-03-06T17:23:49", "Площадь": 0.04, "Туман": "Учтепа" }, "geometry": { "type": "Polygon", "coordinates": [ [ [ 69.1765935, 41.2908681 ], [ 69.1765539, 41.2909153 ], [ 69.1764404, 41.2908615 ], [ 69.176415, 41.2908494 ], [ 69.1760567, 41.2906796 ], [ 69.1760359, 41.2906697 ], [ 69.1759175, 41.2906136 ], [ 69.1759572, 41.2905663 ], [ 69.1765935, 41.2908681 ] ] ] } },
{ "type": "Feature", "properties": { "id": "way/1486114015", "@timestamp": "2026-03-06T17:23:49", "Площадь": 0.02, "Туман": "Учтепа" }, "geometry": { "type": "Polygon", "coordinates": [ [ [ 69.1774299, 41.2910535 ], [ 69.1771797, 41.2909355 ], [ 69.1772205, 41.2908867 ], [ 69.1774706, 41.2910047 ], [ 69.1774299, 41.2910535 ] ] ] } },
{ "type": "Feature", "properties": { "id": "way/1486114016", "@timestamp": "2026-03-06T17:23:49", "Площадь": 0.02, "Туман": "Учтепа" }, "geometry": { "type": "Polygon", "coordinates": [ [ [ 69.1732215, 41.2892041 ], [ 69.1731776, 41.2892376 ], [ 69.1728151, 41.2889696 ], [ 69.1728589, 41.2889362 ], [ 69.1732215, 41.2892041 ] ] ] } },
{ "type": "Feature", "properties": { "id": "way/1486122230", "@timestamp": "2026-03-06T17:58:52", "Площадь": 0.01, "Туман": "Учтепа" }, "geometry": { "type": "Polygon", "coordinates": [ [ [ 69.1721534, 41.2882914 ], [ 69.1722265, 41.2883836 ], [ 69.1723057, 41.2884665 ], [ 69.1722598, 41.2884942 ], [ 69.1721755, 41.2884047 ], [ 69.1721574, 41.2883837 ], [ 69.1721016, 41.2883147 ], [ 69.1721534, 41.2882914 ] ] ] } },
{ "type": "Feature", "properties": { "id": "way/1486122232", "@timestamp": "2026-03-06T17:58:52", "Площадь": 0.04, "Туман": "Учтепа" }, "geometry": { "type": "Polygon", "coordinates": [ [ [ 69.1712388, 41.2823609 ], [ 69.1711163, 41.28244 ], [ 69.1709117, 41.282261 ], [ 69.1710342, 41.2821819 ], [ 69.1712388, 41.2823609 ] ] ] } },
{ "type": "Feature", "properties": { "id": "way/1486122236", "@timestamp": "2026-03-06T17:58:52", "Площадь": 0.04, "Туман": "Учтепа" }, "geometry": { "type": "Polygon", "coordinates": [ [ [ 69.1720968, 41.2877503 ], [ 69.1721622, 41.2878826 ], [ 69.1721991, 41.2879475 ], [ 69.1722379, 41.2880111 ], [ 69.1722832, 41.2880746 ], [ 69.1723313, 41.2881365 ], [ 69.1724401, 41.2882522 ], [ 69.1723796, 41.2882884 ], [ 69.1722677, 41.2881672 ], [ 69.1722184, 41.2881037 ], [ 69.1721713, 41.2880393 ], [ 69.1721311, 41.287974 ], [ 69.1720928, 41.2879088 ], [ 69.1720245, 41.2877725 ], [ 69.1720968, 41.2877503 ] ] ] } },
{ "type": "Feature", "properties": { "id": "way/1486122248", "@timestamp": "2026-03-06T17:58:52", "Площадь": 0.04, "Туман": "Учтепа" }, "geometry": { "type": "Polygon", "coordinates": [ [ [ 69.1740147, 41.2894184 ], [ 69.1739776, 41.2894658 ], [ 69.1738043, 41.2893822 ], [ 69.1736369, 41.2892942 ], [ 69.1734686, 41.2891951 ], [ 69.1733053, 41.2890896 ], [ 69.1733505, 41.2890523 ], [ 69.1735121, 41.2891573 ], [ 69.1736721, 41.2892521 ], [ 69.1738425, 41.2893397 ], [ 69.1740147, 41.2894184 ] ] ] } },
{ "type": "Feature", "properties": { "id": "way/1486123755", "@timestamp": "2026-03-06T18:11:16", "Площадь": 0.03, "Туман": "Учтепа" }, "geometry": { "type": "Polygon", "coordinates": [ [ [ 69.1750054, 41.2787367 ], [ 69.1748586, 41.2788293 ], [ 69.1747206, 41.2787058 ], [ 69.1748673, 41.2786132 ], [ 69.1750054, 41.2787367 ] ] ] } },
{ "type": "Feature", "properties": { "id": "way/1486357506", "@timestamp": "2026-03-07T19:11:44", "Площадь": 0.03, "Туман": "Чилонзор" }, "geometry": { "type": "Polygon", "coordinates": [ [ [ 69.1958821, 41.2747374 ], [ 69.1957865, 41.2748207 ], [ 69.1957471, 41.274756 ], [ 69.1956992, 41.2747761 ], [ 69.1956829, 41.2747558 ], [ 69.1956192, 41.2747809 ], [ 69.1955727, 41.2747208 ], [ 69.1957548, 41.2746373 ], [ 69.1958821, 41.2747374 ] ] ] } },
{ "type": "Feature", "properties": { "id": "way/1486357510", "@timestamp": "2026-03-07T19:11:44", "Площадь": 0.04, "Туман": "Чилонзор" }, "geometry": { "type": "Polygon", "coordinates": [ [ [ 69.1961426, 41.2742832 ], [ 69.1960558, 41.2743448 ], [ 69.1957482, 41.2741003 ], [ 69.195835, 41.2740386 ], [ 69.1961426, 41.2742832 ] ] ] } },
{ "type": "Feature", "properties": { "id": "way/1486451162", "@timestamp": "2026-03-17T08:59:33", "Площадь": 0.09, "Туман": "Чилонзор" }, "geometry": { "type": "Polygon", "coordinates": [ [ [ 69.2273721, 41.294764 ], [ 69.2275944, 41.2949524 ], [ 69.2277216, 41.2950668 ], [ 69.2275685, 41.2951554 ], [ 69.2275328, 41.2951757 ], [ 69.2271969, 41.2948743 ], [ 69.2272845, 41.2948192 ], [ 69.2273721, 41.294764 ] ] ] } },
{ "type": "Feature", "properties": { "id": "way/1486451165", "@timestamp": "2026-03-08T09:03:19", "Площадь": 0.07, "Туман": "Чилонзор" }, "geometry": { "type": "Polygon", "coordinates": [ [ [ 69.2285582, 41.2947753 ], [ 69.2277983, 41.2952341 ], [ 69.2277402, 41.2951719 ], [ 69.2279348, 41.295052 ], [ 69.2284932, 41.2947079 ], [ 69.2285582, 41.2947753 ] ] ] } },
{ "type": "Feature", "properties": { "id": "way/1486479118", "@timestamp": "2026-03-08T11:49:27", "Площадь": 0.16, "Туман": "Яшнобод" }, "geometry": { "type": "Polygon", "coordinates": [ [ [ 69.3505694, 41.2737107 ], [ 69.3505512, 41.2738928 ], [ 69.3496513, 41.2738233 ], [ 69.3496683, 41.2736355 ], [ 69.3505694, 41.2737107 ] ] ] } },
{ "type": "Feature", "properties": { "id": "way/1486479137", "@timestamp": "2026-03-08T11:49:27", "Площадь": 0.02, "Туман": "Яшнобод" }, "geometry": { "type": "Polygon", "coordinates": [ [ [ 69.3431773, 41.2737855 ], [ 69.343116, 41.2740818 ], [ 69.3430338, 41.2740722 ], [ 69.3430951, 41.2737759 ], [ 69.3431773, 41.2737855 ] ] ] } },
{ "type": "Feature", "properties": { "id": "way/1486804256", "@timestamp": "2026-03-09T08:27:21", "Площадь": 0.16, "Туман": "Яшнобод" }, "geometry": { "type": "Polygon", "coordinates": [ [ [ 69.285223, 41.3090129 ], [ 69.2854534, 41.3092209 ], [ 69.2847257, 41.309432 ], [ 69.2846105, 41.3092589 ], [ 69.285223, 41.3090129 ] ] ] } },
{ "type": "Feature", "properties": { "id": "way/1487571330", "@timestamp": "2026-03-11T09:07:28", "Площадь": 0.09, "Туман": "Олмазор" }, "geometry": { "type": "Polygon", "coordinates": [ [ [ 69.2576158, 41.3411332 ], [ 69.2576415, 41.3408732 ], [ 69.2576834, 41.3405117 ], [ 69.2579813, 41.3405879 ], [ 69.2579716, 41.3406145 ], [ 69.2578138, 41.3407209 ], [ 69.2577349, 41.3411417 ], [ 69.2576158, 41.3411332 ] ] ] } },
{ "type": "Feature", "properties": { "id": "way/1487571332", "@timestamp": "2026-03-11T09:07:28", "Площадь": 0.03, "Туман": "Олмазор" }, "geometry": { "type": "Polygon", "coordinates": [ [ [ 69.2575503, 41.342363 ], [ 69.2575074, 41.3423623 ], [ 69.2575016, 41.3421573 ], [ 69.257499, 41.3419522 ], [ 69.2575095, 41.3417482 ], [ 69.2575308, 41.3415441 ], [ 69.2575736, 41.3415448 ], [ 69.2575537, 41.3417504 ], [ 69.2575418, 41.3419559 ], [ 69.2575415, 41.3421589 ], [ 69.2575503, 41.342363 ] ] ] } },
{ "type": "Feature", "properties": { "id": "way/1488529064", "@timestamp": "2026-03-13T09:17:49", "Площадь": 0.22, "Туман": "Олмазор" }, "geometry": { "type": "Polygon", "coordinates": [ [ [ 69.2451733, 41.3323922 ], [ 69.2445773, 41.3317985 ], [ 69.2448279, 41.3316567 ], [ 69.245424, 41.3322502 ], [ 69.2451733, 41.3323922 ] ] ] } },
{ "type": "Feature", "properties": { "id": "way/1488529065", "@timestamp": "2026-03-13T09:17:49", "Площадь": 0.06, "Туман": "Олмазор" }, "geometry": { "type": "Polygon", "coordinates": [ [ [ 69.2455257, 41.3323373 ], [ 69.2456042, 41.3324283 ], [ 69.2451809, 41.3326321 ], [ 69.2451058, 41.3326526 ], [ 69.24493, 41.3326552 ], [ 69.24493, 41.3326052 ], [ 69.2450307, 41.3325962 ], [ 69.2455257, 41.3323373 ] ] ] } },
{ "type": "Feature", "properties": { "id": "way/1488665963", "@timestamp": "2026-04-26T13:02:29", "Площадь": 0.18, "Туман": "Шайхонтоҳур" }, "geometry": { "type": "Polygon", "coordinates": [ [ [ 69.2150031, 41.3041714 ], [ 69.2147799, 41.3043339 ], [ 69.214372, 41.304033 ], [ 69.2143942, 41.3040163 ], [ 69.2142062, 41.3038685 ], [ 69.2144121, 41.3037155 ], [ 69.2150031, 41.3041714 ] ] ] } },
{ "type": "Feature", "properties": { "id": "way/1488960016", "@timestamp": "2026-03-14T20:29:41", "Площадь": 0.03, "Туман": "Учтепа" }, "geometry": { "type": "Polygon", "coordinates": [ [ [ 69.1717548, 41.2782382 ], [ 69.1717095, 41.2782224 ], [ 69.1720369, 41.2776957 ], [ 69.1720823, 41.2777116 ], [ 69.1717548, 41.2782382 ] ] ] } },
{ "type": "Feature", "properties": { "id": "way/1489389668", "@timestamp": "2026-03-16T09:40:20", "Площадь": 0.03, "Туман": "Юнусобод" }, "geometry": { "type": "Polygon", "coordinates": [ [ [ 69.3098044, 41.3739509 ], [ 69.3099996, 41.3741367 ], [ 69.3098809, 41.3742069 ], [ 69.3096857, 41.3740211 ], [ 69.3098044, 41.3739509 ] ] ] } },
{ "type": "Feature", "properties": { "id": "way/1489419350", "@timestamp": "2026-03-16T10:29:24", "Площадь": 0.05, "Туман": "Юнусобод" }, "geometry": { "type": "Polygon", "coordinates": [ [ [ 69.3156647, 41.3814889 ], [ 69.315689, 41.3820637 ], [ 69.3156457, 41.3820652 ], [ 69.315515, 41.3814912 ], [ 69.3156647, 41.3814889 ] ] ] } },
{ "type": "Feature", "properties": { "id": "way/1489419352", "@timestamp": "2026-03-16T10:29:24", "Площадь": 0.05, "Туман": "Юнусобод" }, "geometry": { "type": "Polygon", "coordinates": [ [ [ 69.3127689, 41.3812965 ], [ 69.312257, 41.3812657 ], [ 69.3122619, 41.3811486 ], [ 69.3124625, 41.3811499 ], [ 69.3126868, 41.3812079 ], [ 69.3127689, 41.3812965 ] ] ] } },
{ "type": "Feature", "properties": { "id": "way/1489556066", "@timestamp": "2026-03-16T18:50:07", "Площадь": 0.06, "Туман": "Чилонзор" }, "geometry": { "type": "Polygon", "coordinates": [ [ [ 69.214994, 41.2853802 ], [ 69.2150551, 41.2853418 ], [ 69.2151057, 41.28531 ], [ 69.2154604, 41.2856289 ], [ 69.2153486, 41.2856991 ], [ 69.214994, 41.2853802 ] ] ] } },
{ "type": "Feature", "properties": { "id": "way/1489688566", "@timestamp": "2026-03-17T08:59:33", "Площадь": 0.13, "Туман": "Чилонзор" }, "geometry": { "type": "Polygon", "coordinates": [ [ [ 69.226417, 41.2803279 ], [ 69.2260393, 41.2799945 ], [ 69.2261224, 41.2799512 ], [ 69.2263629, 41.2799425 ], [ 69.2264232, 41.2799065 ], [ 69.2267059, 41.2801561 ], [ 69.226417, 41.2803279 ] ] ] } },
{ "type": "Feature", "properties": { "id": "way/1490170190", "@timestamp": "2026-03-18T10:20:28", "Площадь": 0.08, "Туман": "Чилонзор" }, "geometry": { "type": "Polygon", "coordinates": [ [ [ 69.2073241, 41.2971838 ], [ 69.2070944, 41.297181 ], [ 69.2069048, 41.297075 ], [ 69.2069078, 41.2969408 ], [ 69.2073293, 41.296946 ], [ 69.2073241, 41.2971838 ] ] ] } },
{ "type": "Feature", "properties": { "id": "way/1490170196", "@timestamp": "2026-03-18T10:20:28", "Площадь": 0.09, "Туман": "Чилонзор" }, "geometry": { "type": "Polygon", "coordinates": [ [ [ 69.2122773, 41.2979804 ], [ 69.2120139, 41.2981398 ], [ 69.2117352, 41.2981336 ], [ 69.2117345, 41.2979759 ], [ 69.2119565, 41.2979681 ], [ 69.2119596, 41.2978703 ], [ 69.212182, 41.297861 ], [ 69.2122773, 41.2979804 ] ] ] } },
{ "type": "Feature", "properties": { "id": "way/1491161454", "@timestamp": "2026-03-21T08:35:21", "Площадь": 0.03, "Туман": "Чилонзор" }, "geometry": { "type": "Polygon", "coordinates": [ [ [ 69.218075, 41.2879738 ], [ 69.2181601, 41.2879216 ], [ 69.2184482, 41.2881868 ], [ 69.2183631, 41.288239 ], [ 69.218075, 41.2879738 ] ] ] } },
{ "type": "Feature", "properties": { "id": "way/1491161460", "@timestamp": "2026-03-21T08:35:21", "Площадь": 0.04, "Туман": "Чилонзор" }, "geometry": { "type": "Polygon", "coordinates": [ [ [ 69.2200457, 41.2876161 ], [ 69.2199747, 41.2876597 ], [ 69.2200109, 41.2876963 ], [ 69.2197483, 41.2878133 ], [ 69.2196655, 41.2877342 ], [ 69.2199718, 41.2875476 ], [ 69.2200457, 41.2876161 ] ] ] } },
{ "type": "Feature", "properties": { "id": "way/1491275177", "@timestamp": "2026-03-21T16:42:23", "Площадь": 0.06, "Туман": "Яшнобод" }, "geometry": { "type": "Polygon", "coordinates": [ [ [ 69.3366869, 41.2836065 ], [ 69.336589, 41.2837844 ], [ 69.336538, 41.2838463 ], [ 69.3364622, 41.2839008 ], [ 69.3363362, 41.283869 ], [ 69.3365266, 41.2835465 ], [ 69.3366869, 41.2836065 ] ] ] } },
{ "type": "Feature", "properties": { "id": "way/1491275207", "@timestamp": "2026-03-21T16:42:23", "Площадь": 0.07, "Туман": "Яшнобод" }, "geometry": { "type": "Polygon", "coordinates": [ [ [ 69.3039655, 41.2994171 ], [ 69.3039552, 41.2993637 ], [ 69.3044702, 41.2992871 ], [ 69.304558, 41.2994423 ], [ 69.3042863, 41.2995039 ], [ 69.3040918, 41.2994053 ], [ 69.3039655, 41.2994171 ] ] ] } },
{ "type": "Feature", "properties": { "id": "way/1491947615", "@timestamp": "2026-03-23T18:31:46", "Площадь": 0.08, "Туман": "Юнусобод" }, "geometry": { "type": "Polygon", "coordinates": [ [ [ 69.3049935, 41.3781627 ], [ 69.3046404, 41.3781826 ], [ 69.3046167, 41.3779461 ], [ 69.3049698, 41.3779262 ], [ 69.3049935, 41.3781627 ] ] ] } },
{ "type": "Feature", "properties": { "id": "way/1491947616", "@timestamp": "2026-03-23T18:31:46", "Площадь": 0.1, "Туман": "Юнусобод" }, "geometry": { "type": "Polygon", "coordinates": [ [ [ 69.304787, 41.3778255 ], [ 69.3047495, 41.3773968 ], [ 69.305024, 41.3773781 ], [ 69.3050362, 41.3777302 ], [ 69.304787, 41.3778255 ] ] ] } },
{ "type": "Feature", "properties": { "id": "way/1491957397", "@timestamp": "2026-03-23T19:00:23", "Площадь": 0.02, "Туман": "Юнусобод" }, "geometry": { "type": "Polygon", "coordinates": [ [ [ 69.3047279, 41.3740998 ], [ 69.3047512, 41.3741839 ], [ 69.3045173, 41.3742203 ], [ 69.304494, 41.3741362 ], [ 69.3047279, 41.3740998 ] ] ] } },
{ "type": "Feature", "properties": { "id": "way/1491957398", "@timestamp": "2026-03-23T19:00:23", "Площадь": 0.07, "Туман": "Юнусобод" }, "geometry": { "type": "Polygon", "coordinates": [ [ [ 69.3048307, 41.3741692 ], [ 69.3048024, 41.3740739 ], [ 69.305512, 41.3739549 ], [ 69.3055403, 41.3740503 ], [ 69.3048307, 41.3741692 ] ] ] } },
{ "type": "Feature", "properties": { "id": "way/1494602262", "@timestamp": "2026-03-31T12:59:44", "Площадь": 0.03, "Туман": "Юнусобод" }, "geometry": { "type": "Polygon", "coordinates": [ [ [ 69.2784304, 41.33159 ], [ 69.2783926, 41.3314265 ], [ 69.2785802, 41.3314021 ], [ 69.278618, 41.3315655 ], [ 69.2784304, 41.33159 ] ] ] } },
{ "type": "Feature", "properties": { "id": "way/1494692548", "@timestamp": "2026-03-31T18:28:55", "Площадь": 0.04, "Туман": "Олмазор" }, "geometry": { "type": "Polygon", "coordinates": [ [ [ 69.2032678, 41.3465083 ], [ 69.2038961, 41.3463099 ], [ 69.2039269, 41.3463653 ], [ 69.2033107, 41.3465702 ], [ 69.2032678, 41.3465083 ] ] ] } },
{ "type": "Feature", "properties": { "id": "way/1495149533", "@timestamp": "2026-04-01T15:39:15", "Площадь": 0.07, "Туман": "Яшнобод" }, "geometry": { "type": "Polygon", "coordinates": [ [ [ 69.339513, 41.2585223 ], [ 69.3393041, 41.2581238 ], [ 69.3396077, 41.2580988 ], [ 69.3396024, 41.2583681 ], [ 69.339513, 41.2585223 ] ] ] } },
{ "type": "Feature", "properties": { "id": "way/1495149538", "@timestamp": "2026-04-01T15:39:15", "Площадь": 0.27, "Туман": "Яшнобод" }, "geometry": { "type": "Polygon", "coordinates": [ [ [ 69.3395366, 41.2569684 ], [ 69.3392947, 41.2569786 ], [ 69.3392905, 41.25811 ], [ 69.3391319, 41.2576454 ], [ 69.3389146, 41.257009 ], [ 69.3391542, 41.2567876 ], [ 69.3393745, 41.2568602 ], [ 69.3395492, 41.2569224 ], [ 69.3395366, 41.2569684 ] ] ] } },
{ "type": "Feature", "properties": { "id": "way/1497757490", "@timestamp": "2026-04-08T18:59:19", "Площадь": 0.1, "Туман": "Чилонзор" }, "geometry": { "type": "Polygon", "coordinates": [ [ [ 69.2055718, 41.254687 ], [ 69.205374, 41.2546214 ], [ 69.2053036, 41.2545981 ], [ 69.2051198, 41.2545372 ], [ 69.2053314, 41.254319 ], [ 69.2057106, 41.2545445 ], [ 69.2055718, 41.254687 ] ] ] } },
{ "type": "Feature", "properties": { "id": "way/1498416995", "@timestamp": "2026-04-11T10:37:19", "Площадь": 0.32, "Туман": "Чилонзор" }, "geometry": { "type": "Polygon", "coordinates": [ [ [ 69.2576276, 41.3108553 ], [ 69.2576112, 41.3106018 ], [ 69.2576145, 41.3105806 ], [ 69.2576309, 41.3105631 ], [ 69.2576514, 41.3105475 ], [ 69.257681, 41.3105426 ], [ 69.2578689, 41.3105341 ], [ 69.2578137, 41.3099685 ], [ 69.2579379, 41.3099614 ], [ 69.2580549, 41.3103534 ], [ 69.2581211, 41.3103756 ], [ 69.2581778, 41.3104155 ], [ 69.258224, 41.3104572 ], [ 69.2582583, 41.3105077 ], [ 69.2582784, 41.3107269 ], [ 69.2584341, 41.3107224 ], [ 69.2584505, 41.310821 ], [ 69.2576276, 41.3108553 ] ] ] } },
{ "type": "Feature", "properties": { "id": "way/1501132713", "@timestamp": "2026-04-19T16:12:08", "Площадь": 0.05, "Туман": "Янгиҳает" }, "geometry": { "type": "Polygon", "coordinates": [ [ [ 69.2192175, 41.2050297 ], [ 69.2194241, 41.2050227 ], [ 69.2196163, 41.2050988 ], [ 69.219703, 41.2051347 ], [ 69.2196178, 41.2052487 ], [ 69.219188, 41.2050696 ], [ 69.2192175, 41.2050297 ] ] ] } },
{ "type": "Feature", "properties": { "id": "way/1501132746", "@timestamp": "2026-04-19T16:12:08", "Площадь": 0.3, "Туман": "Янгиҳает" }, "geometry": { "type": "Polygon", "coordinates": [ [ [ 69.2176895, 41.1912825 ], [ 69.2178441, 41.1913443 ], [ 69.2180254, 41.1914169 ], [ 69.2180789, 41.1914383 ], [ 69.2176223, 41.1920846 ], [ 69.2172329, 41.1919289 ], [ 69.2176895, 41.1912825 ] ] ] } },
{ "type": "Feature", "properties": { "id": "way/1502747205", "@timestamp": "2026-04-23T06:25:40", "Площадь": 0.11, "Туман": "Миробод" }, "geometry": { "type": "Polygon", "coordinates": [ [ [ 69.3032933, 41.2830443 ], [ 69.3035996, 41.282791 ], [ 69.3037237, 41.2827558 ], [ 69.3037543, 41.2827657 ], [ 69.3034858, 41.2832629 ], [ 69.3034326, 41.2832467 ], [ 69.3031486, 41.2831639 ], [ 69.3032933, 41.2830443 ] ] ] } },
{ "type": "Feature", "properties": { "id": "way/1505792095", "@timestamp": "2026-04-29T12:56:33", "Площадь": 0.01, "Туман": "Олмазор" }, "geometry": { "type": "Polygon", "coordinates": [ [ [ 69.2281274, 41.3483434 ], [ 69.2281218, 41.3486497 ], [ 69.2280729, 41.3486492 ], [ 69.2280785, 41.3483429 ], [ 69.2281274, 41.3483434 ] ] ] } },
{ "type": "Feature", "properties": { "id": "way/1507843380", "@timestamp": "2026-05-02T17:49:56", "Площадь": 0.03, "Туман": "Мирзо Улуғбек" }, "geometry": { "type": "Polygon", "coordinates": [ [ [ 69.40588, 41.3348808 ], [ 69.4058963, 41.3349275 ], [ 69.4051886, 41.3350668 ], [ 69.4051723, 41.3350201 ], [ 69.40588, 41.3348808 ] ] ] } },
{ "type": "Feature", "properties": { "id": "way/1508781217", "@timestamp": "2026-05-04T07:35:33", "Площадь": 0.06, "Туман": "Яшнобод" }, "geometry": { "type": "Polygon", "coordinates": [ [ [ 69.3269643, 41.3110334 ], [ 69.3265692, 41.3111786 ], [ 69.3264858, 41.3110363 ], [ 69.3267083, 41.3109131 ], [ 69.3269643, 41.3110334 ] ] ] } },
{ "type": "Feature", "properties": { "id": "way/1510177645", "@timestamp": "2026-05-07T04:17:12", "Площадь": 0.12, "Туман": "Мирзо Улуғбек" }, "geometry": { "type": "Polygon", "coordinates": [ [ [ 69.3327986, 41.3122438 ], [ 69.3326541, 41.3121355 ], [ 69.333229, 41.3117035 ], [ 69.3334529, 41.3117462 ], [ 69.3327986, 41.3122438 ] ] ] } },
{ "type": "Feature", "properties": { "id": "way/1510177647", "@timestamp": "2026-05-07T04:17:12", "Площадь": 0.04, "Туман": "Яшнобод" }, "geometry": { "type": "Polygon", "coordinates": [ [ [ 69.3334257, 41.3115532 ], [ 69.3340332, 41.3111113 ], [ 69.3340753, 41.3111439 ], [ 69.3334678, 41.3115858 ], [ 69.3334257, 41.3115532 ] ] ] } },
{ "type": "Feature", "properties": { "id": "way/1510199781", "@timestamp": "2026-05-07T07:27:55", "Площадь": 0.14, "Туман": "Яшнобод" }, "geometry": { "type": "Polygon", "coordinates": [ [ [ 69.3301436, 41.3120359 ], [ 69.3299748, 41.3121824 ], [ 69.3294199, 41.311901 ], [ 69.3296881, 41.3116997 ], [ 69.3301436, 41.3120359 ] ] ] } },
{ "type": "Feature", "properties": { "id": "way/1510326586", "@timestamp": "2026-05-07T16:33:03", "Площадь": 0.05, "Туман": "Яккасарой" }, "geometry": { "type": "Polygon", "coordinates": [ [ [ 69.2507319, 41.2833073 ], [ 69.25047, 41.283466 ], [ 69.2503491, 41.2833533 ], [ 69.250611, 41.2831946 ], [ 69.2507319, 41.2833073 ] ] ] } },
{ "type": "Feature", "properties": { "id": "way/1510921364", "@timestamp": "2026-05-09T10:43:31", "Площадь": 0.04, "Туман": "Яшнобод" }, "geometry": { "type": "Polygon", "coordinates": [ [ [ 69.3272582, 41.310828 ], [ 69.3274432, 41.310906 ], [ 69.3274171, 41.310941 ], [ 69.3277925, 41.3110993 ], [ 69.3277605, 41.3111421 ], [ 69.3272, 41.3109058 ], [ 69.3272582, 41.310828 ] ] ] } },
{ "type": "Feature", "properties": { "id": "way/1524751437", "@timestamp": "2026-05-30T19:49:04", "Площадь": 0.03, "Туман": "Чилонзор" }, "geometry": { "type": "Polygon", "coordinates": [ [ [ 69.2213196, 41.2777036 ], [ 69.2211894, 41.2775885 ], [ 69.2213425, 41.2774907 ], [ 69.2214727, 41.2776058 ], [ 69.2213196, 41.2777036 ] ] ] } },
{ "type": "Feature", "properties": { "id": "way/1528860743", "@timestamp": "2026-06-12T18:38:04", "Площадь": 0.41, "Туман": "Сергели" }, "geometry": { "type": "Polygon", "coordinates": [ [ [ 69.2745256, 41.2693416 ], [ 69.274717, 41.268655 ], [ 69.2748605, 41.2686822 ], [ 69.2749564, 41.2687004 ], [ 69.2749026, 41.2688596 ], [ 69.2750786, 41.2688932 ], [ 69.275083, 41.2688802 ], [ 69.2751867, 41.2689 ], [ 69.2752145, 41.2689053 ], [ 69.2751299, 41.2691879 ], [ 69.2755445, 41.2692547 ], [ 69.2754611, 41.2695103 ], [ 69.2745256, 41.2693416 ] ] ] } },
{ "type": "Feature", "properties": { "id": "way/1540856553", "@timestamp": "2026-07-19T21:15:47", "Площадь": 0.13, "Туман": "Сергели" }, "geometry": { "type": "Polygon", "coordinates": [ [ [ 69.259309, 41.2196875 ], [ 69.2590381, 41.2200729 ], [ 69.2589858, 41.2200608 ], [ 69.2588584, 41.2197602 ], [ 69.2587806, 41.219507 ], [ 69.259309, 41.2196875 ] ] ] } }
]
}
