{
"type": "FeatureCollection",
"name": "Телекомсофт",
"crs": { "type": "name", "properties": { "name": "urn:ogc:def:crs:OGC:1.3:CRS84" } },
"features": [
{ "type": "Feature", "properties": { "ID": "01-001", "?": "ИТС", "Tuman": null, "Adres": "Саракульская-Фитрат", "Tizimdako'": "Tizimdako'ringan", "Tadbirkorb": "ҳа", "Qurilishya": "Yakunlangan", "Ruxsatberi": null, "Faolgao'tg": null, "Kontroller": "Tizimdamavjud", "Y": "41.268397", "X": "69.296350", "Field14": null }, "geometry": { "type": "Point", "coordinates": [ 69.29635, 41.268397 ] } },
{ "type": "Feature", "properties": { "ID": "01-002", "?": "ИТС", "Tuman": "Мирободт.", "Adres": "ЭскиСаракульская-Талимарджан", "Tizimdako'": null, "Tadbirkorb": "ҳа", "Qurilishya": "yakunlanmagan", "Ruxsatberi": null, "Faolgao'tg": null, "Kontroller": null, "Y": "41.275137", "X": "69.300236", "Field14": null }, "geometry": { "type": "Point", "coordinates": [ 69.300236, 41.275137 ] } },
{ "type": "Feature", "properties": { "ID": "01-003", "?": "ИТС", "Tuman": null, "Adres": "ЭскиСаракульская-Фитрат", "Tizimdako'": "Tizimdako'ringan", "Tadbirkorb": "ҳа", "Qurilishya": "Yakunlangan", "Ruxsatberi": null, "Faolgao'tg": null, "Kontroller": "Tizimdamavjud", "Y": "41.295331", "X": "69.29149", "Field14": null }, "geometry": { "type": "Point", "coordinates": [ 69.29149, 41.295331 ] } },
{ "type": "Feature", "properties": { "ID": "01-004", "?": "ИТС", "Tuman": "Мирободт.", "Adres": "Банакотий-Саракульская", "Tizimdako'": null, "Tadbirkorb": "ҳа", "Qurilishya": "yakunlanmagan", "Ruxsatberi": null, "Faolgao'tg": null, "Kontroller": null, "Y": "41.277366", "X": "69.287693", "Field14": null }, "geometry": { "type": "Point", "coordinates": [ 69.287693, 41.277366 ] } },
{ "type": "Feature", "properties": { "ID": "01-005", "?": "ИТС", "Tuman": "Сергелит.", "Adres": "ЯнгиКуйлюкская-рынок", "Tizimdako'": null, "Tadbirkorb": "ҳа", "Qurilishya": "yakunlanmagan", "Ruxsatberi": null, "Faolgao'tg": null, "Kontroller": null, "Y": "41.246453", "X": "69.301631", "Field14": null }, "geometry": { "type": "Point", "coordinates": [ 69.301631, 41.246453 ] } },
{ "type": "Feature", "properties": { "ID": "01-006", "?": "ИТС", "Tuman": "Мирободт.", "Adres": "Туркистон-Ойбек", "Tizimdako'": null, "Tadbirkorb": "ҳа", "Qurilishya": "yakunlanmagan", "Ruxsatberi": null, "Faolgao'tg": null, "Kontroller": null, "Y": "41.291261", "X": "69.284359", "Field14": null }, "geometry": { "type": "Point", "coordinates": [ 69.284359, 41.291261 ] } },
{ "type": "Feature", "properties": { "ID": "01-007", "?": "ИТС", "Tuman": "Мирободт.", "Adres": "Туркистон-А.Темур", "Tizimdako'": null, "Tadbirkorb": "ҳа", "Qurilishya": "yakunlanmagan", "Ruxsatberi": null, "Faolgao'tg": null, "Kontroller": null, "Y": "41.294218", "X": "69.288910", "Field14": null }, "geometry": { "type": "Point", "coordinates": [ 69.28891, 41.294218 ] } },
{ "type": "Feature", "properties": { "ID": "01-008", "?": "ИТС", "Tuman": "Мирободт.", "Adres": "Туркистон-Шевченко", "Tizimdako'": null, "Tadbirkorb": "ҳа", "Qurilishya": "yakunlanmagan", "Ruxsatberi": null, "Faolgao'tg": null, "Kontroller": null, "Y": "41.292396", "X": "69.286252", "Field14": null }, "geometry": { "type": "Point", "coordinates": [ 69.286252, 41.292396 ] } },
{ "type": "Feature", "properties": { "ID": "01-012", "?": "ИТС", "Tuman": "Мирободт.", "Adres": "ТКАД-Мунис", "Tizimdako'": null, "Tadbirkorb": "йўқ", "Qurilishya": "Jarayonda", "Ruxsatberi": null, "Faolgao'tg": null, "Kontroller": null, "Y": "41.244319", "X": "69.309962", "Field14": null }, "geometry": { "type": "Point", "coordinates": [ 69.309962, 41.244319 ] } },
{ "type": "Feature", "properties": { "ID": "01-013", "?": "ИТС", "Tuman": "Мирободт.", "Adres": "Саракульская-Талимарджан", "Tizimdako'": null, "Tadbirkorb": "ҳа", "Qurilishya": "yakunlanmagan", "Ruxsatberi": null, "Faolgao'tg": null, "Kontroller": null, "Y": "41.272617", "X": "69.294574", "Field14": null }, "geometry": { "type": "Point", "coordinates": [ 69.294574, 41.272617 ] } },
{ "type": "Feature", "properties": { "ID": "01-014", "?": "ИТС", "Tuman": "Сергелит.", "Adres": "ТКАД-ЯнгиКуйлюкская", "Tizimdako'": null, "Tadbirkorb": "ҳа", "Qurilishya": "Jarayonda", "Ruxsatberi": null, "Faolgao'tg": null, "Kontroller": null, "Y": "41.244303", "X": "69.301563", "Field14": null }, "geometry": { "type": "Point", "coordinates": [ 69.301563, 41.244303 ] } },
{ "type": "Feature", "properties": { "ID": "01-015", "?": "ИТС", "Tuman": "Мирободт.", "Adres": "Азимова-выездсГУВД", "Tizimdako'": null, "Tadbirkorb": "ҳа", "Qurilishya": "yakunlanmagan", "Ruxsatberi": null, "Faolgao'tg": null, "Kontroller": null, "Y": "41.300585", "X": "69.283664", "Field14": null }, "geometry": { "type": "Point", "coordinates": [ 69.283664, 41.300585 ] } },
{ "type": "Feature", "properties": { "ID": "01-021", "?": "ИТС", "Tuman": "Мирободт.", "Adres": "Б.Турон-Афросиёб", "Tizimdako'": null, "Tadbirkorb": "йўқ", "Qurilishya": "yakunlanmagan", "Ruxsatberi": "ruxsatyoq", "Faolgao'tg": null, "Kontroller": null, "Y": "41.305073", "X": "69.265637", "Field14": null }, "geometry": { "type": "Point", "coordinates": [ 69.265637, 41.305073 ] } },
{ "type": "Feature", "properties": { "ID": "01-025", "?": "ИТС", "Tuman": "Мирободт.", "Adres": "Нукус-Фаргонайули(Қўқонйўли)", "Tizimdako'": null, "Tadbirkorb": "йўқ", "Qurilishya": "Jarayonda", "Ruxsatberi": "ruxsatyoq", "Faolgao'tg": null, "Kontroller": null, "Y": "41.300038", "X": "69.290896", "Field14": null }, "geometry": { "type": "Point", "coordinates": [ 69.290896, 41.300038 ] } },
{ "type": "Feature", "properties": { "ID": "01-028", "?": "ИТС", "Tuman": null, "Adres": "Б.Зокиров(автошохбекатгакириш)", "Tizimdako'": "mavjudemas", "Tadbirkorb": "йўқ", "Qurilishya": "Yakunlangan", "Ruxsatberi": null, "Faolgao'tg": null, "Kontroller": "Tizimdayo'q", "Y": "41.317689", "X": "69.254174", "Field14": null }, "geometry": { "type": "Point", "coordinates": [ 69.254174, 41.317689 ] } },
{ "type": "Feature", "properties": { "ID": "01-034", "?": "ИТС", "Tuman": "Мирободт.", "Adres": "Нукус-с/м\"Макро\"", "Tizimdako'": null, "Tadbirkorb": "йўқ", "Qurilishya": "Jarayonda", "Ruxsatberi": "ruxsatyoq", "Faolgao'tg": null, "Kontroller": null, "Y": "41.286813", "X": "69.271112", "Field14": null }, "geometry": { "type": "Point", "coordinates": [ 69.271112, 41.286813 ] } },
{ "type": "Feature", "properties": { "ID": "01-042", "?": "ИТС", "Tuman": null, "Adres": "Алиева-Миршарапова", "Tizimdako'": "Tizimdako'ringan", "Tadbirkorb": "ҳа", "Qurilishya": "Yakunlangan", "Ruxsatberi": null, "Faolgao'tg": null, "Kontroller": "Tizimdamavjud", "Y": "41.271993", "X": "69.279391", "Field14": null }, "geometry": { "type": "Point", "coordinates": [ 69.279391, 41.271993 ] } },
{ "type": "Feature", "properties": { "ID": "01-043", "?": "ИТС", "Tuman": "Яшнабодт.", "Adres": "М.Улугбек-С.Машходий", "Tizimdako'": null, "Tadbirkorb": "ҳа", "Qurilishya": "yakunlanmagan", "Ruxsatberi": null, "Faolgao'tg": null, "Kontroller": null, "Y": "41.312982", "X": "69.314063", "Field14": null }, "geometry": { "type": "Point", "coordinates": [ 69.314063, 41.312982 ] } },
{ "type": "Feature", "properties": { "ID": "01-044", "?": "ИТС", "Tuman": "Яшнабодт.", "Adres": "Иззат-Джаркурганский", "Tizimdako'": null, "Tadbirkorb": "ҳа", "Qurilishya": "yakunlanmagan", "Ruxsatberi": null, "Faolgao'tg": null, "Kontroller": null, "Y": "41.278580", "X": "69.341589", "Field14": null }, "geometry": { "type": "Point", "coordinates": [ 69.341589, 41.27858 ] } },
{ "type": "Feature", "properties": { "ID": "01-046", "?": "ИТС", "Tuman": null, "Adres": "Qorasuv–Kadisheva", "Tizimdako'": "Tizimdako'ringan", "Tadbirkorb": "йўқ", "Qurilishya": "Yakunlangan", "Ruxsatberi": null, "Faolgao'tg": null, "Kontroller": "Tizimdamavjud", "Y": "41.292150", "X": "69.339834", "Field14": null }, "geometry": { "type": "Point", "coordinates": [ 69.339834, 41.29215 ] } },
{ "type": "Feature", "properties": { "ID": "01-054", "?": "ИТС", "Tuman": "Яшнабодт.", "Adres": "Бешарик-бирлашган6-проезд", "Tizimdako'": null, "Tadbirkorb": "ҳа", "Qurilishya": "yakunlanmagan", "Ruxsatberi": null, "Faolgao'tg": null, "Kontroller": null, "Y": "41.287437", "X": "69.349108", "Field14": null }, "geometry": { "type": "Point", "coordinates": [ 69.349108, 41.287437 ] } },
{ "type": "Feature", "properties": { "ID": "01-055", "?": "ИТС", "Tuman": "Яшнабодт.", "Adres": "Авиасозлар-1-ауй", "Tizimdako'": null, "Tadbirkorb": "ҳа", "Qurilishya": "yakunlanmagan", "Ruxsatberi": null, "Faolgao'tg": null, "Kontroller": null, "Y": "41.282112", "X": "69.350217", "Field14": null }, "geometry": { "type": "Point", "coordinates": [ 69.350217, 41.282112 ] } },
{ "type": "Feature", "properties": { "ID": "01-059", "?": "ИТС", "Tuman": "Яшнабодт.", "Adres": "Бирлашган-Сивец", "Tizimdako'": null, "Tadbirkorb": "ҳа", "Qurilishya": "yakunlanmagan", "Ruxsatberi": null, "Faolgao'tg": null, "Kontroller": null, "Y": "41.289339", "X": "69.347457", "Field14": null }, "geometry": { "type": "Point", "coordinates": [ 69.347457, 41.289339 ] } },
{ "type": "Feature", "properties": { "ID": "01-061", "?": "ИТС", "Tuman": "Яшнабодт.", "Adres": "Ахангаранскоешоссе-кругРохат", "Tizimdako'": null, "Tadbirkorb": "ҳа", "Qurilishya": "Jarayonda", "Ruxsatberi": null, "Faolgao'tg": null, "Kontroller": null, "Y": "41.267806", "X": "69.366646", "Field14": null }, "geometry": { "type": "Point", "coordinates": [ 69.366646, 41.267806 ] } },
{ "type": "Feature", "properties": { "ID": "01-062", "?": "ИТС", "Tuman": null, "Adres": "Ohangaronshossesi–Valixonova.", "Tizimdako'": "Tizimdako'ringan", "Tadbirkorb": "ҳа", "Qurilishya": "Yakunlangan", "Ruxsatberi": null, "Faolgao'tg": null, "Kontroller": "Tizimdamavjud", "Y": "41.296097", "X": "69.35286", "Field14": null }, "geometry": { "type": "Point", "coordinates": [ 69.35286, 41.296097 ] } },
{ "type": "Feature", "properties": { "ID": "01-063", "?": "ИТС", "Tuman": null, "Adres": "Ashrafiy–Boysun.", "Tizimdako'": "Tizimdako'ringan", "Tadbirkorb": "ҳа", "Qurilishya": "Yakunlangan", "Ruxsatberi": null, "Faolgao'tg": null, "Kontroller": "Tizimdamavjud", "Y": "41.279033", "X": "69.323807", "Field14": null }, "geometry": { "type": "Point", "coordinates": [ 69.323807, 41.279033 ] } },
{ "type": "Feature", "properties": { "ID": "01-066", "?": "ИТС", "Tuman": "Яшнабодт.", "Adres": "Шохимардон-Зумрад", "Tizimdako'": null, "Tadbirkorb": "ҳа", "Qurilishya": "yakunlanmagan", "Ruxsatberi": null, "Faolgao'tg": null, "Kontroller": null, "Y": "41.274116", "X": "69.354489", "Field14": null }, "geometry": { "type": "Point", "coordinates": [ 69.354489, 41.274116 ] } },
{ "type": "Feature", "properties": { "ID": "01-068", "?": "ИТС", "Tuman": null, "Adres": "Maxtumquli-17uy", "Tizimdako'": "mavjudemas", "Tadbirkorb": "йўқ", "Qurilishya": "Yakunlangan", "Ruxsatberi": "ruxsatyoq", "Faolgao'tg": null, "Kontroller": "Tizimdayo'q", "Y": "41.304823", "X": "69.325876", "Field14": null }, "geometry": { "type": "Point", "coordinates": [ 69.325876, 41.304823 ] } },
{ "type": "Feature", "properties": { "ID": "01-070", "?": "ИТС", "Tuman": "Яшнабодт.", "Adres": "Асалобод-Жаркургон", "Tizimdako'": null, "Tadbirkorb": "ҳа", "Qurilishya": "yakunlanmagan", "Ruxsatberi": null, "Faolgao'tg": null, "Kontroller": null, "Y": "41.277853", "X": "69.340069", "Field14": null }, "geometry": { "type": "Point", "coordinates": [ 69.340069, 41.277853 ] } },
{ "type": "Feature", "properties": { "ID": "01-078", "?": "ИТС", "Tuman": "М.Улуғбект.", "Adres": "МКАД-Асака", "Tizimdako'": null, "Tadbirkorb": "йўқ", "Qurilishya": "yakunlanmagan", "Ruxsatberi": null, "Faolgao'tg": null, "Kontroller": null, "Y": "41.314248", "X": "69.308133", "Field14": null }, "geometry": { "type": "Point", "coordinates": [ 69.308133, 41.314248 ] } },
{ "type": "Feature", "properties": { "ID": "01-079", "?": "ИТС", "Tuman": null, "Adres": "4-etapКХАЙ-ЭскиТошмидарвозаси(Айбек-Зиёлилар)", "Tizimdako'": "Tizimdako'ringan", "Tadbirkorb": "ҳа", "Qurilishya": "Yakunlangan", "Ruxsatberi": null, "Faolgao'tg": null, "Kontroller": "Tizimdamavjud", "Y": "41.309488", "X": "69.304992", "Field14": null }, "geometry": { "type": "Point", "coordinates": [ 69.304992, 41.309488 ] } },
{ "type": "Feature", "properties": { "ID": "01-080", "?": "ИТС", "Tuman": "Сергелит.", "Adres": "ЯнгиСергели-Чоштепа", "Tizimdako'": null, "Tadbirkorb": "ҳа", "Qurilishya": "Yakunlangan", "Ruxsatberi": null, "Faolgao'tg": null, "Kontroller": "Tizimdayo'q", "Y": "41.253312", "X": "69.216729", "Field14": null }, "geometry": { "type": "Point", "coordinates": [ 69.216729, 41.253312 ] } },
{ "type": "Feature", "properties": { "ID": "01-083", "?": "ИТС", "Tuman": "Сергелит.", "Adres": "ЯнгиСергели-Ахматовой", "Tizimdako'": null, "Tadbirkorb": "йўқ", "Qurilishya": "Yakunlangan", "Ruxsatberi": null, "Faolgao'tg": null, "Kontroller": "Tizimdayo'q", "Y": "41.219336", "X": "69.224462", "Field14": null }, "geometry": { "type": "Point", "coordinates": [ 69.224462, 41.219336 ] } },
{ "type": "Feature", "properties": { "ID": "01-084", "?": "ИТС", "Tuman": "Сергелит.", "Adres": "ТКАД-55,4км", "Tizimdako'": null, "Tadbirkorb": "ҳа", "Qurilishya": "yakunlanmagan", "Ruxsatberi": null, "Faolgao'tg": null, "Kontroller": null, "Y": "41.244328", "X": "69.300686", "Field14": null }, "geometry": { "type": "Point", "coordinates": [ 69.300686, 41.244328 ] } },
{ "type": "Feature", "properties": { "ID": "01-085", "?": "ИТС", "Tuman": "Сергелит.", "Adres": "Толипова-Авиагородок", "Tizimdako'": null, "Tadbirkorb": "ҳа", "Qurilishya": "Jarayonda", "Ruxsatberi": null, "Faolgao'tg": null, "Kontroller": null, "Y": "41.269866", "X": "69.276482", "Field14": null }, "geometry": { "type": "Point", "coordinates": [ 69.276482, 41.269866 ] } },
{ "type": "Feature", "properties": { "ID": "01-086", "?": "ИТС", "Tuman": "Сергелит.", "Adres": "ЯнгиСергели-с/м\"Сандэй\"", "Tizimdako'": null, "Tadbirkorb": "ҳа", "Qurilishya": "Yakunlangan", "Ruxsatberi": null, "Faolgao'tg": null, "Kontroller": "Tizimdayo'q", "Y": "41.222314", "X": "69.222656", "Field14": null }, "geometry": { "type": "Point", "coordinates": [ 69.222656, 41.222314 ] } },
{ "type": "Feature", "properties": { "ID": "01-087", "?": "ИТС", "Tuman": "Сергелит.", "Adres": "ЯнгиСергели-Лутфикор", "Tizimdako'": null, "Tadbirkorb": "ҳа", "Qurilishya": "Jarayonda", "Ruxsatberi": null, "Faolgao'tg": null, "Kontroller": null, "Y": "41.214055", "X": "69.228365", "Field14": null }, "geometry": { "type": "Point", "coordinates": [ 69.228365, 41.214055 ] } },
{ "type": "Feature", "properties": { "ID": "01-088", "?": "ИТС", "Tuman": "Сергелит.", "Adres": "ЯнгиСергели-Узгариш", "Tizimdako'": null, "Tadbirkorb": "ҳа", "Qurilishya": "yakunlanmagan", "Ruxsatberi": null, "Faolgao'tg": null, "Kontroller": null, "Y": "41.248759", "X": "69.217871", "Field14": null }, "geometry": { "type": "Point", "coordinates": [ 69.217871, 41.248759 ] } },
{ "type": "Feature", "properties": { "ID": "01-089", "?": "ИТС", "Tuman": "Сергелит.", "Adres": "ТКАД-НугайКурган", "Tizimdako'": null, "Tadbirkorb": "ҳа", "Qurilishya": "Jarayonda", "Ruxsatberi": null, "Faolgao'tg": null, "Kontroller": null, "Y": "41.243847", "X": "69.224416", "Field14": null }, "geometry": { "type": "Point", "coordinates": [ 69.224416, 41.243847 ] } },
{ "type": "Feature", "properties": { "ID": "01-090", "?": "ИТС", "Tuman": "Сергелит.", "Adres": "Шокирарык-Жахонаро", "Tizimdako'": null, "Tadbirkorb": "ҳа", "Qurilishya": "yakunlanmagan", "Ruxsatberi": null, "Faolgao'tg": null, "Kontroller": null, "Y": "41.217160", "X": "69.218531", "Field14": null }, "geometry": { "type": "Point", "coordinates": [ 69.218531, 41.21716 ] } },
{ "type": "Feature", "properties": { "ID": "01-091", "?": "ИТС", "Tuman": null, "Adres": "ТКАД-Хонобод", "Tizimdako'": "mavjudemas", "Tadbirkorb": "ҳа", "Qurilishya": "Yakunlangan", "Ruxsatberi": null, "Faolgao'tg": null, "Kontroller": "Tizimdayo'q", "Y": "41.244204", "X": "69.276945", "Field14": null }, "geometry": { "type": "Point", "coordinates": [ 69.276945, 41.244204 ] } },
{ "type": "Feature", "properties": { "ID": "01-092", "?": "ИТС", "Tuman": "Сергелит.", "Adres": "ТКАД-Навоий", "Tizimdako'": null, "Tadbirkorb": "ҳа", "Qurilishya": "Jarayonda", "Ruxsatberi": null, "Faolgao'tg": null, "Kontroller": null, "Y": "41.248755", "X": "69.217829", "Field14": null }, "geometry": { "type": "Point", "coordinates": [ 69.217829, 41.248755 ] } },
{ "type": "Feature", "properties": { "ID": "01-096", "?": "ИТС", "Tuman": "Сергелит.", "Adres": "ТКАД-58км\"Қумариқ\"", "Tizimdako'": null, "Tadbirkorb": "ҳа", "Qurilishya": "yakunlanmagan", "Ruxsatberi": null, "Faolgao'tg": null, "Kontroller": null, "Y": "41.244590", "X": "69.256405", "Field14": null }, "geometry": { "type": "Point", "coordinates": [ 69.256405, 41.24459 ] } },
{ "type": "Feature", "properties": { "ID": "01-098", "?": "ИТС", "Tuman": null, "Adres": "Олимова-ПК18237-мактаб", "Tizimdako'": "mavjudemas", "Tadbirkorb": "йўқ", "Qurilishya": "Yakunlangan", "Ruxsatberi": null, "Faolgao'tg": null, "Kontroller": "Tizimdayo'q", "Y": "41.259744", "X": "69.255395", "Field14": null }, "geometry": { "type": "Point", "coordinates": [ 69.255395, 41.259744 ] } },
{ "type": "Feature", "properties": { "ID": "01-099", "?": "ИТС", "Tuman": null, "Adres": "Olimova–G40“Motorzavod”.", "Tizimdako'": "mavjudemas", "Tadbirkorb": "ҳа", "Qurilishya": "Yakunlangan", "Ruxsatberi": null, "Faolgao'tg": null, "Kontroller": "Tizimdayo'q", "Y": "41.244544", "X": "69.265106", "Field14": null }, "geometry": { "type": "Point", "coordinates": [ 69.265106, 41.244544 ] } },
{ "type": "Feature", "properties": { "ID": "01-100", "?": "ИТС", "Tuman": null, "Adres": "Оlimova-PK93-аvtokorxona", "Tizimdako'": "Voktortilgan", "Tadbirkorb": "ҳа", "Qurilishya": "Yakunlangan", "Ruxsatberi": null, "Faolgao'tg": null, "Kontroller": "Tizimdayo'q", "Y": "41.2446", "X": "69.2564", "Field14": null }, "geometry": { "type": "Point", "coordinates": [ 69.2564, 41.2446 ] } },
{ "type": "Feature", "properties": { "ID": "01-1003", "?": "ИТС", "Tuman": null, "Adres": "Махтумқули-Fathoil", "Tizimdako'": "mavjudemas", "Tadbirkorb": "йўқ", "Qurilishya": "Yakunlangan", "Ruxsatberi": "ruxsatyoq", "Faolgao'tg": null, "Kontroller": "Tizimdayo'q", "Y": "41.304063", "X": "69.312587", "Field14": null }, "geometry": { "type": "Point", "coordinates": [ 69.312587, 41.304063 ] } },
{ "type": "Feature", "properties": { "ID": "01-101", "?": "ИТС", "Tuman": "Сергелит.", "Adres": "Кумарик-269мактаб", "Tizimdako'": null, "Tadbirkorb": "йўқ", "Qurilishya": "Jarayonda", "Ruxsatberi": null, "Faolgao'tg": null, "Kontroller": null, "Y": "41.246757", "X": "69.256730", "Field14": null }, "geometry": { "type": "Point", "coordinates": [ 69.25673, 41.246757 ] } },
{ "type": "Feature", "properties": { "ID": "01-1014", "?": "ИТС", "Tuman": null, "Adres": "Lot11КХАЙ-468богчатараф", "Tizimdako'": "mavjudemas", "Tadbirkorb": "йўқ", "Qurilishya": "yakunlangan", "Ruxsatberi": null, "Faolgao'tg": null, "Kontroller": "Tizimdayo'q", "Y": "41.338049", "X": "69.205963", "Field14": null }, "geometry": { "type": "Point", "coordinates": [ 69.205963, 41.338049 ] } },
{ "type": "Feature", "properties": { "ID": "01-1015", "?": "ИТС", "Tuman": null, "Adres": "КХАЙ-АСРтуйхонасирупараси", "Tizimdako'": "mavjudemas", "Tadbirkorb": "ҳа", "Qurilishya": "Yakunlangan", "Ruxsatberi": null, "Faolgao'tg": null, "Kontroller": "Tizimdayo'q", "Y": "41.341133", "X": "69.209262", "Field14": null }, "geometry": { "type": "Point", "coordinates": [ 69.209262, 41.341133 ] } },
{ "type": "Feature", "properties": { "ID": "01-1016", "?": "ИТС", "Tuman": null, "Adres": "КХАЙ-Нукускинотеатри", "Tizimdako'": "Tizimdako'ringan", "Tadbirkorb": "ҳа", "Qurilishya": "Yakunlangan", "Ruxsatberi": null, "Faolgao'tg": null, "Kontroller": "Tizimdamavjud", "Y": "41.349836", "X": "69.218495", "Field14": null }, "geometry": { "type": "Point", "coordinates": [ 69.218495, 41.349836 ] } },
{ "type": "Feature", "properties": { "ID": "01-1019", "?": "ИТС", "Tuman": null, "Adres": "4-etapКХАЙ-Саларбуйикучасибиланёнма-ён(Айбек-Зиёлилар)", "Tizimdako'": "Tizimdako'ringan", "Tadbirkorb": "ҳа", "Qurilishya": "Yakunlangan", "Ruxsatberi": null, "Faolgao'tg": null, "Kontroller": "Tizimdamavjud", "Y": "41.3269985", "X": "69.3140918", "Field14": null }, "geometry": { "type": "Point", "coordinates": [ 69.3140918, 41.3269985 ] } },
{ "type": "Feature", "properties": { "ID": "01-1034", "?": "ИТС", "Tuman": null, "Adres": "lot2Бобур-А.Авлоний", "Tizimdako'": "optikamavjud", "Tadbirkorb": "ҳа", "Qurilishya": "Yakunlangan", "Ruxsatberi": null, "Faolgao'tg": null, "Kontroller": "Tizimdayo'q", "Y": "41.291628", "X": "69.250769", "Field14": null }, "geometry": { "type": "Point", "coordinates": [ 69.250769, 41.291628 ] } },
{ "type": "Feature", "properties": { "ID": "01-1038", "?": "ИТС", "Tuman": null, "Adres": "Оsiyo-QoriNiyoziy.", "Tizimdako'": "optikamavjud", "Tadbirkorb": "ҳа", "Qurilishya": "Yakunlangan", "Ruxsatberi": null, "Faolgao'tg": null, "Kontroller": "Tizimdayo'q", "Y": "41.3249245", "X": "69.2985227", "Field14": null }, "geometry": { "type": "Point", "coordinates": [ 69.2985227, 41.3249245 ] } },
{ "type": "Feature", "properties": { "ID": "01-1039", "?": "ИТС", "Tuman": null, "Adres": "Осиё-Халқабод", "Tizimdako'": "mavjudemas", "Tadbirkorb": "ҳа", "Qurilishya": "yakunlangan", "Ruxsatberi": null, "Faolgao'tg": null, "Kontroller": "Tizimdayo'q", "Y": "41.327368", "X": "69.286613", "Field14": null }, "geometry": { "type": "Point", "coordinates": [ 69.286613, 41.327368 ] } },
{ "type": "Feature", "properties": { "ID": "01-104", "?": "ИТС", "Tuman": "Сергелит.", "Adres": "ТКАД-ЯнгиКуйлюкская", "Tizimdako'": null, "Tadbirkorb": "ҳа", "Qurilishya": "yakunlanmagan", "Ruxsatberi": null, "Faolgao'tg": null, "Kontroller": null, "Y": "41.244498", "X": "69.301558", "Field14": null }, "geometry": { "type": "Point", "coordinates": [ 69.301558, 41.244498 ] } },
{ "type": "Feature", "properties": { "ID": "01-105", "?": "ИТС", "Tuman": "Сергелит.", "Adres": "ТКАД-Номданак", "Tizimdako'": null, "Tadbirkorb": "ҳа", "Qurilishya": "Jarayonda", "Ruxsatberi": null, "Faolgao'tg": null, "Kontroller": null, "Y": "41.244281", "X": "69.283734", "Field14": null }, "geometry": { "type": "Point", "coordinates": [ 69.283734, 41.244281 ] } },
{ "type": "Feature", "properties": { "ID": "01-1051", "?": "ИТС", "Tuman": null, "Adres": "Чинобод-55-уй", "Tizimdako'": "mavjudemas", "Tadbirkorb": "ҳа", "Qurilishya": "yakunlangan", "Ruxsatberi": null, "Faolgao'tg": null, "Kontroller": "Tizimdayo'q", "Y": "41.353881", "X": "69.300007", "Field14": null }, "geometry": { "type": "Point", "coordinates": [ 69.300007, 41.353881 ] } },
{ "type": "Feature", "properties": { "ID": "01-106", "?": "ИТС", "Tuman": "Бектемирт.", "Adres": "Ахангаранскоешоссе-Байкаро", "Tizimdako'": null, "Tadbirkorb": "ҳа", "Qurilishya": "yakunlanmagan", "Ruxsatberi": null, "Faolgao'tg": null, "Kontroller": null, "Y": "41.257690", "X": "69.379181", "Field14": null }, "geometry": { "type": "Point", "coordinates": [ 69.379181, 41.25769 ] } },
{ "type": "Feature", "properties": { "ID": "01-107", "?": "ИТС", "Tuman": "Бектемирт.", "Adres": "Х.Байкаро-Рохат", "Tizimdako'": null, "Tadbirkorb": "ҳа", "Qurilishya": "yakunlanmagan", "Ruxsatberi": null, "Faolgao'tg": null, "Kontroller": null, "Y": "41.251272", "X": "69.370181", "Field14": null }, "geometry": { "type": "Point", "coordinates": [ 69.370181, 41.251272 ] } },
{ "type": "Feature", "properties": { "ID": "01-109", "?": "ИТС", "Tuman": "Бектемирт.", "Adres": "Х.Бойқаро-Юқоричирчиқ", "Tizimdako'": null, "Tadbirkorb": "ҳа", "Qurilishya": "yakunlanmagan", "Ruxsatberi": null, "Faolgao'tg": null, "Kontroller": null, "Y": "41.241891", "X": "69.349664", "Field14": null }, "geometry": { "type": "Point", "coordinates": [ 69.349664, 41.241891 ] } },
{ "type": "Feature", "properties": { "ID": "01-111", "?": "ИТС", "Tuman": "Янгиҳаётт.", "Adres": "Давлатобад-Чинор", "Tizimdako'": null, "Tadbirkorb": "ҳа", "Qurilishya": "yakunlanmagan", "Ruxsatberi": null, "Faolgao'tg": null, "Kontroller": null, "Y": "41.203294", "X": "69.224358", "Field14": null }, "geometry": { "type": "Point", "coordinates": [ 69.224358, 41.203294 ] } },
{ "type": "Feature", "properties": { "ID": "01-112", "?": "ИТС", "Tuman": "Янгиҳаётт.", "Adres": "Қанора-Софдил", "Tizimdako'": null, "Tadbirkorb": "ҳа", "Qurilishya": "yakunlanmagan", "Ruxsatberi": null, "Faolgao'tg": null, "Kontroller": null, "Y": "41.204328", "X": "69.231424", "Field14": null }, "geometry": { "type": "Point", "coordinates": [ 69.231424, 41.204328 ] } },
{ "type": "Feature", "properties": { "ID": "01-1136", "?": "ИТС", "Tuman": null, "Adres": null, "Tizimdako'": "mavjudemas", "Tadbirkorb": "ҳа", "Qurilishya": "Yakunlangan", "Ruxsatberi": null, "Faolgao'tg": null, "Kontroller": "Tizimdayo'q", "Y": "41.345554", "X": "69.311012", "Field14": null }, "geometry": { "type": "Point", "coordinates": [ 69.311012, 41.345554 ] } },
{ "type": "Feature", "properties": { "ID": "01-1157", "?": "ИТС", "Tuman": null, "Adres": "Чинободсанаторий", "Tizimdako'": "mavjudemas", "Tadbirkorb": "ҳа", "Qurilishya": "Jarayonda", "Ruxsatberi": null, "Faolgao'tg": null, "Kontroller": "Tizimdayo'q", "Y": "41.339449", "X": "69.28915", "Field14": null }, "geometry": { "type": "Point", "coordinates": [ 69.28915, 41.339449 ] } },
{ "type": "Feature", "properties": { "ID": "01-120", "?": "ИТС", "Tuman": "Янгиҳаётт.", "Adres": "Қанора-Райхон-Чортоқ", "Tizimdako'": null, "Tadbirkorb": "ҳа", "Qurilishya": "yakunlanmagan", "Ruxsatberi": null, "Faolgao'tg": null, "Kontroller": null, "Y": "41.194592", "X": "69.234636", "Field14": null }, "geometry": { "type": "Point", "coordinates": [ 69.234636, 41.194592 ] } },
{ "type": "Feature", "properties": { "ID": "01-126", "?": "ИТС", "Tuman": "М.Улуғбект.", "Adres": "Белоножко-Колледж", "Tizimdako'": null, "Tadbirkorb": "ҳа", "Qurilishya": "yakunlanmagan", "Ruxsatberi": null, "Faolgao'tg": null, "Kontroller": null, "Y": "41.355808", "X": "69.377335", "Field14": null }, "geometry": { "type": "Point", "coordinates": [ 69.377335, 41.355808 ] } },
{ "type": "Feature", "properties": { "ID": "01-127", "?": "ИТС", "Tuman": null, "Adres": "lot1Buyukipakyo‘li–Turonko‘chalarikesishmasi", "Tizimdako'": "Tizimdako'ringan", "Tadbirkorb": "йўқ", "Qurilishya": "Yakunlangan", "Ruxsatberi": "ruxsatyoq", "Faolgao'tg": null, "Kontroller": "Tizimdamavjud", "Y": "41.342563", "X": "69.361140", "Field14": null }, "geometry": { "type": "Point", "coordinates": [ 69.36114, 41.342563 ] } },
{ "type": "Feature", "properties": { "ID": "01-128", "?": "ИТС", "Tuman": "М.Улуғбект.", "Adres": "Б.И.Й.-Шуртепа", "Tizimdako'": null, "Tadbirkorb": "йўқ", "Qurilishya": "Yakunlangan", "Ruxsatberi": "ruxsatyoq", "Faolgao'tg": null, "Kontroller": null, "Y": "41.346862", "X": "69.365676", "Field14": null }, "geometry": { "type": "Point", "coordinates": [ 69.365676, 41.346862 ] } },
{ "type": "Feature", "properties": { "ID": "01-129", "?": "ИТС", "Tuman": null, "Adres": "B.I.Y.–Burhanova.", "Tizimdako'": "Voktortilgan", "Tadbirkorb": "ҳа", "Qurilishya": "Yakunlangan", "Ruxsatberi": "ruxsatyoq", "Faolgao'tg": null, "Kontroller": "Tizimdayo'q", "Y": "41.337432", "X": "69.355725", "Field14": null }, "geometry": { "type": "Point", "coordinates": [ 69.355725, 41.337432 ] } },
{ "type": "Feature", "properties": { "ID": "01-130", "?": "ИТС", "Tuman": null, "Adres": "lot1Buyukipakyo‘li–Tantanako‘chalarikesishmasi", "Tizimdako'": "Tizimdako'ringan", "Tadbirkorb": "йўқ", "Qurilishya": "Yakunlangan", "Ruxsatberi": "ruxsatyoq", "Faolgao'tg": null, "Kontroller": "Tizimdamavjud", "Y": "41.350933", "X": "69.380944", "Field14": null }, "geometry": { "type": "Point", "coordinates": [ 69.380944, 41.350933 ] } },
{ "type": "Feature", "properties": { "ID": "01-132", "?": "ИТС", "Tuman": null, "Adres": "lot1Buyukipakyo‘li–Gulsanamko‘chalarikesishmasi", "Tizimdako'": "mavjudemas", "Tadbirkorb": "ҳа", "Qurilishya": "Yakunlangan", "Ruxsatberi": "ruxsatyoq", "Faolgao'tg": null, "Kontroller": "Tizimdayo'q", "Y": "41.353498", "X": "69.388332", "Field14": null }, "geometry": { "type": "Point", "coordinates": [ 69.388332, 41.353498 ] } },
{ "type": "Feature", "properties": { "ID": "01-133", "?": "ИТС", "Tuman": null, "Adres": "B.I.Y.–Ubaydullayeva+Mirishkor.", "Tizimdako'": "Tizimdako'ringan", "Tadbirkorb": "йўқ", "Qurilishya": "Yakunlangan", "Ruxsatberi": "ruxsatyoq", "Faolgao'tg": null, "Kontroller": "Tizimdamavjud", "Y": "41.32954", "X": "69.346544", "Field14": null }, "geometry": { "type": "Point", "coordinates": [ 69.346544, 41.32954 ] } },
{ "type": "Feature", "properties": { "ID": "01-134", "?": "ИТС", "Tuman": "М.Улуғбект.", "Adres": "Гульсанам-Юзрабад(Белонож.)", "Tizimdako'": null, "Tadbirkorb": "ҳа", "Qurilishya": "yakunlanmagan", "Ruxsatberi": null, "Faolgao'tg": null, "Kontroller": null, "Y": "41.358698", "X": "69.385908", "Field14": null }, "geometry": { "type": "Point", "coordinates": [ 69.385908, 41.358698 ] } },
{ "type": "Feature", "properties": { "ID": "01-137", "?": "ИТС", "Tuman": null, "Adres": "Parkentskaya–Parkensk.rynok", "Tizimdako'": "mavjudemas", "Tadbirkorb": "йўқ", "Qurilishya": "Yakunlangan", "Ruxsatberi": null, "Faolgao'tg": null, "Kontroller": "Tizimdayo'q", "Y": "41.315332", "X": "69.322324", "Field14": null }, "geometry": { "type": "Point", "coordinates": [ 69.322324, 41.315332 ] } },
{ "type": "Feature", "properties": { "ID": "01-139", "?": "ИТС", "Tuman": "М.Улуғбект.", "Adres": "М.Улугбек–Обувноймагазин", "Tizimdako'": null, "Tadbirkorb": "йўқ", "Qurilishya": "yakunlanmagan", "Ruxsatberi": "ruxsatyoq", "Faolgao'tg": null, "Kontroller": null, "Y": "41.347181", "X": "69.348542", "Field14": null }, "geometry": { "type": "Point", "coordinates": [ 69.348542, 41.347181 ] } },
{ "type": "Feature", "properties": { "ID": "01-140", "?": "ИТС", "Tuman": "М.Улуғбект.", "Adres": "М.Улугбек–Эндокринология", "Tizimdako'": null, "Tadbirkorb": "йўқ", "Qurilishya": "yakunlanmagan", "Ruxsatberi": "ruxsatyoq", "Faolgao'tg": null, "Kontroller": null, "Y": "41.339357", "X": "69.340157", "Field14": null }, "geometry": { "type": "Point", "coordinates": [ 69.340157, 41.339357 ] } },
{ "type": "Feature", "properties": { "ID": "01-141", "?": "ИТС", "Tuman": null, "Adres": "Xurshida–Akkurganskaya", "Tizimdako'": "mavjudemas", "Tadbirkorb": "ҳа", "Qurilishya": "Yakunlangan", "Ruxsatberi": null, "Faolgao'tg": null, "Kontroller": "Tizimdayo'q", "Y": "41.324965", "X": "69.304132", "Field14": null }, "geometry": { "type": "Point", "coordinates": [ 69.304132, 41.324965 ] } },
{ "type": "Feature", "properties": { "ID": "01-143", "?": "ИТС", "Tuman": null, "Adres": "MKAD–Akkurganskaya", "Tizimdako'": "Tizimdako'ringan", "Tadbirkorb": "йўқ", "Qurilishya": "Yakunlangan", "Ruxsatberi": "ruxsatyoq", "Faolgao'tg": null, "Kontroller": "Tizimdamavjud", "Y": "41.333638", "X": "69.30285", "Field14": null }, "geometry": { "type": "Point", "coordinates": [ 69.30285, 41.333638 ] } },
{ "type": "Feature", "properties": { "ID": "01-145", "?": "ИТС", "Tuman": "М.Улуғбект.", "Adres": "Муминова-Отаханова", "Tizimdako'": null, "Tadbirkorb": "ҳа", "Qurilishya": "yakunlanmagan", "Ruxsatberi": null, "Faolgao'tg": null, "Kontroller": null, "Y": "41.343149", "X": "69.338997", "Field14": null }, "geometry": { "type": "Point", "coordinates": [ 69.338997, 41.343149 ] } },
{ "type": "Feature", "properties": { "ID": "01-146", "?": "ИТС", "Tuman": null, "Adres": "Osiyo–Kardiologikmarkaz", "Tizimdako'": "mavjudemas", "Tadbirkorb": "ҳа", "Qurilishya": "Yakunlangan", "Ruxsatberi": null, "Faolgao'tg": null, "Kontroller": "Tizimdayo'q", "Y": "41.324926", "X": "69.299605", "Field14": null }, "geometry": { "type": "Point", "coordinates": [ 69.299605, 41.324926 ] } },
{ "type": "Feature", "properties": { "ID": "01-148", "?": "ИТС", "Tuman": null, "Adres": "Ziyolilar–Kalandar", "Tizimdako'": "mavjudemas", "Tadbirkorb": "ҳа", "Qurilishya": "Yakunlangan", "Ruxsatberi": "ruxsatyoq", "Faolgao'tg": null, "Kontroller": "Tizimdamavjud", "Y": "41.337541", "X": "69.330072", "Field14": null }, "geometry": { "type": "Point", "coordinates": [ 69.330072, 41.337541 ] } },
{ "type": "Feature", "properties": { "ID": "01-149", "?": "ИТС", "Tuman": null, "Adres": "“MKAD–Sadykova”", "Tizimdako'": "Voktortilgan", "Tadbirkorb": "ҳа", "Qurilishya": "Yakunlangan", "Ruxsatberi": null, "Faolgao'tg": null, "Kontroller": "Tizimdayo'q", "Y": "41.331781", "X": "69.312641", "Field14": null }, "geometry": { "type": "Point", "coordinates": [ 69.312641, 41.331781 ] } },
{ "type": "Feature", "properties": { "ID": "01-150", "?": "ИТС", "Tuman": null, "Adres": "“Ziyolilar–Sayram”", "Tizimdako'": "mavjudemas", "Tadbirkorb": "йўқ", "Qurilishya": "Yakunlangan", "Ruxsatberi": "ruxsatyoq", "Faolgao'tg": null, "Kontroller": "Tizimdamavjud", "Y": "41.336632", "X": "69.323681", "Field14": null }, "geometry": { "type": "Point", "coordinates": [ 69.323681, 41.336632 ] } },
{ "type": "Feature", "properties": { "ID": "01-151", "?": "ИТС", "Tuman": "М.Улуғбект.", "Adres": "ТКАД–Авайхон", "Tizimdako'": null, "Tadbirkorb": "ҳа", "Qurilishya": "yakunlanmagan", "Ruxsatberi": "ruxsatyoq", "Faolgao'tg": null, "Kontroller": null, "Y": "41.321081", "X": "69.361483", "Field14": null }, "geometry": { "type": "Point", "coordinates": [ 69.361483, 41.321081 ] } },
{ "type": "Feature", "properties": { "ID": "01-152", "?": "ИТС", "Tuman": null, "Adres": "“B.I.Y.–Xirmontepa”", "Tizimdako'": "Tizimdako'ringan", "Tadbirkorb": "ҳа", "Qurilishya": "Yakunlangan", "Ruxsatberi": "ruxsatyoq", "Faolgao'tg": null, "Kontroller": "Tizimdamavjud", "Y": "41.326576", "X": "69.332357", "Field14": null }, "geometry": { "type": "Point", "coordinates": [ 69.332357, 41.326576 ] } },
{ "type": "Feature", "properties": { "ID": "01-153", "?": "ИТС", "Tuman": "М.Улуғбект.", "Adres": "Мингбулок-Хамраева", "Tizimdako'": null, "Tadbirkorb": "ҳа", "Qurilishya": "yakunlanmagan", "Ruxsatberi": null, "Faolgao'tg": null, "Kontroller": null, "Y": "41.335213", "X": "69.369655", "Field14": null }, "geometry": { "type": "Point", "coordinates": [ 69.369655, 41.335213 ] } },
{ "type": "Feature", "properties": { "ID": "01-154", "?": "ИТС", "Tuman": null, "Adres": "Buyukipakyo‘liko‘chasi207-maktaboldidagipiyodalaro‘tishjoyi", "Tizimdako'": "Tizimdako'ringan", "Tadbirkorb": "йўқ", "Qurilishya": "Yakunlangan", "Ruxsatberi": "ruxsatyoq", "Faolgao'tg": null, "Kontroller": "Tizimdamavjud", "Y": "41.346513", "X": "69.365349", "Field14": null }, "geometry": { "type": "Point", "coordinates": [ 69.365349, 41.346513 ] } },
{ "type": "Feature", "properties": { "ID": "01-156", "?": "ИТС", "Tuman": "М.Улуғбект.", "Adres": "М.Юсуф-Бузбозор", "Tizimdako'": null, "Tadbirkorb": "ҳа", "Qurilishya": "yakunlanmagan", "Ruxsatberi": null, "Faolgao'tg": null, "Kontroller": null, "Y": "41.319282", "X": "69.327411", "Field14": null }, "geometry": { "type": "Point", "coordinates": [ 69.327411, 41.319282 ] } },
{ "type": "Feature", "properties": { "ID": "01-157", "?": "ИТС", "Tuman": "М.Улуғбект.", "Adres": "ДурмонЙули–Гульбаданбеги", "Tizimdako'": null, "Tadbirkorb": "ҳа", "Qurilishya": "Jarayonda", "Ruxsatberi": null, "Faolgao'tg": null, "Kontroller": null, "Y": "41.342263", "X": "69.332839", "Field14": null }, "geometry": { "type": "Point", "coordinates": [ 69.332839, 41.342263 ] } },
{ "type": "Feature", "properties": { "ID": "01-159", "?": "ИТС", "Tuman": "М.Улуғбект.", "Adres": "М.Улугбек–Художников", "Tizimdako'": null, "Tadbirkorb": "йўқ", "Qurilishya": "yakunlanmagan", "Ruxsatberi": "ruxsatyoq", "Faolgao'tg": null, "Kontroller": null, "Y": "41.329993", "X": "69.330282", "Field14": null }, "geometry": { "type": "Point", "coordinates": [ 69.330282, 41.329993 ] } },
{ "type": "Feature", "properties": { "ID": "01-160", "?": "ИТС", "Tuman": "М.Улуғбект.", "Adres": "Паркентская–ТВОКУ", "Tizimdako'": null, "Tadbirkorb": "йўқ", "Qurilishya": "yakunlanmagan", "Ruxsatberi": null, "Faolgao'tg": null, "Kontroller": null, "Y": "41.318962", "X": "69.310977", "Field14": null }, "geometry": { "type": "Point", "coordinates": [ 69.310977, 41.318962 ] } },
{ "type": "Feature", "properties": { "ID": "01-161", "?": "ИТС", "Tuman": "М.Улуғбект.", "Adres": "Мустакилик–НиёзбекЙули", "Tizimdako'": null, "Tadbirkorb": "йўқ", "Qurilishya": "yakunlanmagan", "Ruxsatberi": "ruxsatyoq", "Faolgao'tg": null, "Kontroller": null, "Y": "41.319748", "X": "69.299124", "Field14": null }, "geometry": { "type": "Point", "coordinates": [ 69.299124, 41.319748 ] } },
{ "type": "Feature", "properties": { "ID": "01-162", "?": "ИТС", "Tuman": "М.Улуғбект.", "Adres": "К.Ниязов-НиёзбекЙули", "Tizimdako'": null, "Tadbirkorb": "ҳа", "Qurilishya": "yakunlanmagan", "Ruxsatberi": null, "Faolgao'tg": null, "Kontroller": null, "Y": "41.321308", "X": "69.296747", "Field14": null }, "geometry": { "type": "Point", "coordinates": [ 69.296747, 41.321308 ] } },
{ "type": "Feature", "properties": { "ID": "01-163", "?": "ИТС", "Tuman": null, "Adres": "“O‘zbekiston–Ovozi–Azimova”", "Tizimdako'": "mavjudemas", "Tadbirkorb": "ҳа", "Qurilishya": "Yakunlangan", "Ruxsatberi": null, "Faolgao'tg": null, "Kontroller": "Tizimdayo'q", "Y": "41.31195", "X": "69.29181", "Field14": null }, "geometry": { "type": "Point", "coordinates": [ 69.29181, 41.31195 ] } },
{ "type": "Feature", "properties": { "ID": "01-164", "?": "ИТС", "Tuman": null, "Adres": "“Maxtumquli–Ya.G‘ulomov”", "Tizimdako'": "Voktortilgan", "Tadbirkorb": "ҳа", "Qurilishya": "Yakunlangan", "Ruxsatberi": "ruxsatyoq", "Faolgao'tg": null, "Kontroller": "Tizimdamavjud", "Y": "41.308499", "X": "69.289", "Field14": null }, "geometry": { "type": "Point", "coordinates": [ 69.289, 41.308499 ] } },
{ "type": "Feature", "properties": { "ID": "01-165", "?": "ИТС", "Tuman": "М.Улуғбект.", "Adres": "Олтентипа–Ламаносова", "Tizimdako'": null, "Tadbirkorb": "ҳа", "Qurilishya": "yakunlanmagan", "Ruxsatberi": null, "Faolgao'tg": null, "Kontroller": null, "Y": "41.317788", "X": "69.339181", "Field14": null }, "geometry": { "type": "Point", "coordinates": [ 69.339181, 41.317788 ] } },
{ "type": "Feature", "properties": { "ID": "01-167", "?": "ИТС", "Tuman": "М.Улуғбект.", "Adres": "А.Кадыри–М.Ганди", "Tizimdako'": null, "Tadbirkorb": "ҳа", "Qurilishya": "yakunlanmagan", "Ruxsatberi": null, "Faolgao'tg": null, "Kontroller": null, "Y": "41.314570", "X": "69.294634", "Field14": null }, "geometry": { "type": "Point", "coordinates": [ 69.294634, 41.31457 ] } },
{ "type": "Feature", "properties": { "ID": "01-172", "?": "ИТС", "Tuman": "М.Улуғбект.", "Adres": "Т.Малик–АЗС«Мустанк»", "Tizimdako'": null, "Tadbirkorb": "йўқ", "Qurilishya": "yakunlanmagan", "Ruxsatberi": "ruxsatyoq", "Faolgao'tg": null, "Kontroller": null, "Y": "41.310725", "X": "69.345307", "Field14": null }, "geometry": { "type": "Point", "coordinates": [ 69.345307, 41.310725 ] } },
{ "type": "Feature", "properties": { "ID": "01-173", "?": "ИТС", "Tuman": null, "Adres": "“Ziyolilar–Vestminsterskaya”", "Tizimdako'": "mavjudemas", "Tadbirkorb": "йўқ", "Qurilishya": "Yakunlangan", "Ruxsatberi": "ruxsatyoq", "Faolgao'tg": null, "Kontroller": "Tizimdamavjud", "Y": "41.336097", "X": "69.318106", "Field14": null }, "geometry": { "type": "Point", "coordinates": [ 69.318106, 41.336097 ] } },
{ "type": "Feature", "properties": { "ID": "01-175", "?": "ИТС", "Tuman": "М.Улуғбект.", "Adres": "ДурмонЙули–Бинокор", "Tizimdako'": null, "Tadbirkorb": "йўқ", "Qurilishya": "yakunlanmagan", "Ruxsatberi": "ruxsatyoq", "Faolgao'tg": null, "Kontroller": null, "Y": "41.323140", "X": "69.364434", "Field14": null }, "geometry": { "type": "Point", "coordinates": [ 69.364434, 41.32314 ] } },
{ "type": "Feature", "properties": { "ID": "01-176", "?": "ИТС", "Tuman": null, "Adres": "“B.I.Y.–171-maktab”", "Tizimdako'": "Tizimdako'ringan", "Tadbirkorb": "йўқ", "Qurilishya": "Yakunlangan", "Ruxsatberi": "ruxsatyoq", "Faolgao'tg": null, "Kontroller": "Tizimdamavjud", "Y": "41.327227", "X": "69.336363", "Field14": null }, "geometry": { "type": "Point", "coordinates": [ 69.336363, 41.327227 ] } },
{ "type": "Feature", "properties": { "ID": "01-177", "?": "ИТС", "Tuman": null, "Adres": "“B.I.Y.–turarjoybinolari216–214A”", "Tizimdako'": "Tizimdako'ringan", "Tadbirkorb": "йўқ", "Qurilishya": "Yakunlangan", "Ruxsatberi": "ruxsatyoq", "Faolgao'tg": null, "Kontroller": "Tizimdamavjud", "Y": "41.334049", "X": "69.352054", "Field14": null }, "geometry": { "type": "Point", "coordinates": [ 69.352054, 41.334049 ] } },
{ "type": "Feature", "properties": { "ID": "01-178", "?": "ИТС", "Tuman": null, "Adres": "“B.I.Y.–G‘ulirayxon”", "Tizimdako'": "Tizimdako'ringan", "Tadbirkorb": "йўқ", "Qurilishya": "Yakunlangan", "Ruxsatberi": "ruxsatyoq", "Faolgao'tg": null, "Kontroller": "Tizimdamavjud", "Y": "41.350048", "X": "69.374414", "Field14": null }, "geometry": { "type": "Point", "coordinates": [ 69.374414, 41.350048 ] } },
{ "type": "Feature", "properties": { "ID": "01-186", "?": "ИТС", "Tuman": null, "Adres": "“B.I.Y.–Mohlaroyim”", "Tizimdako'": "Modemalmashtirishkerak", "Tadbirkorb": "йўқ", "Qurilishya": "Yakunlangan", "Ruxsatberi": "ruxsatyoq", "Faolgao'tg": null, "Kontroller": "Tizimdayo'q", "Y": "41.338825", "X": "69.357124", "Field14": null }, "geometry": { "type": "Point", "coordinates": [ 69.357124, 41.338825 ] } },
{ "type": "Feature", "properties": { "ID": "01-188", "?": "ИТС", "Tuman": "Олмазорт.", "Adres": "Шифокор–Школа№29", "Tizimdako'": null, "Tadbirkorb": "ҳа", "Qurilishya": "yakunlanmagan", "Ruxsatberi": null, "Faolgao'tg": null, "Kontroller": null, "Y": "41.358566", "X": "69.183253", "Field14": null }, "geometry": { "type": "Point", "coordinates": [ 69.183253, 41.358566 ] } },
{ "type": "Feature", "properties": { "ID": "01-189", "?": "ИТС", "Tuman": "Олмазорт.", "Adres": "Бабаджанова-Мирпулатова", "Tizimdako'": null, "Tadbirkorb": "ҳа", "Qurilishya": "yakunlanmagan", "Ruxsatberi": null, "Faolgao'tg": null, "Kontroller": null, "Y": "41.350310", "X": "69.252474", "Field14": null }, "geometry": { "type": "Point", "coordinates": [ 69.252474, 41.35031 ] } },
{ "type": "Feature", "properties": { "ID": "01-190", "?": "ИТС", "Tuman": null, "Adres": "“Beruniy–Forobiy”", "Tizimdako'": "mavjudemas", "Tadbirkorb": "ҳа", "Qurilishya": "Yakunlangan", "Ruxsatberi": null, "Faolgao'tg": null, "Kontroller": "Tizimdayo'q", "Y": "41.345072", "X": "69.207024", "Field14": null }, "geometry": { "type": "Point", "coordinates": [ 69.207024, 41.345072 ] } },
{ "type": "Feature", "properties": { "ID": "01-191", "?": "ИТС", "Tuman": "Олмазорт.", "Adres": "Гафурова–Акрамова", "Tizimdako'": null, "Tadbirkorb": "йўқ", "Qurilishya": "Yakunlangan", "Ruxsatberi": null, "Faolgao'tg": null, "Kontroller": "Tizimdayo'q", "Y": "41.379680", "X": "69.219594", "Field14": null }, "geometry": { "type": "Point", "coordinates": [ 69.219594, 41.37968 ] } },
{ "type": "Feature", "properties": { "ID": "01-192", "?": "ИТС", "Tuman": "Олмазорт.", "Adres": "Гафурова–5прГафуроваС", "Tizimdako'": null, "Tadbirkorb": "йўқ", "Qurilishya": "Yakunlangan", "Ruxsatberi": null, "Faolgao'tg": null, "Kontroller": "Tizimdayo'q", "Y": "41.369314", "X": "69.225112", "Field14": null }, "geometry": { "type": "Point", "coordinates": [ 69.225112, 41.369314 ] } },
{ "type": "Feature", "properties": { "ID": "01-194", "?": "ИТС", "Tuman": null, "Adres": "“FarobiyTTA-2–Beltopa”", "Tizimdako'": "mavjudemas", "Tadbirkorb": "ҳа", "Qurilishya": "Yakunlangan", "Ruxsatberi": null, "Faolgao'tg": null, "Kontroller": "Tizimdayo'q", "Y": "41.348294", "X": "69.16999", "Field14": null }, "geometry": { "type": "Point", "coordinates": [ 69.16999, 41.348294 ] } },
{ "type": "Feature", "properties": { "ID": "01-195", "?": "ИТС", "Tuman": "Шайхонтохурт.", "Adres": "Заркайнар-Сагбан-Закирова", "Tizimdako'": null, "Tadbirkorb": "ҳа", "Qurilishya": "yakunlanmagan", "Ruxsatberi": null, "Faolgao'tg": null, "Kontroller": null, "Y": "41.329302", "X": "69.235807", "Field14": null }, "geometry": { "type": "Point", "coordinates": [ 69.235807, 41.329302 ] } },
{ "type": "Feature", "properties": { "ID": "01-196", "?": "ИТС", "Tuman": "Олмазорт.", "Adres": "Зиямова–шк№326", "Tizimdako'": null, "Tadbirkorb": "ҳа", "Qurilishya": "yakunlanmagan", "Ruxsatberi": null, "Faolgao'tg": null, "Kontroller": null, "Y": "41.355829", "X": "69.218458", "Field14": null }, "geometry": { "type": "Point", "coordinates": [ 69.218458, 41.355829 ] } },
{ "type": "Feature", "properties": { "ID": "01-197", "?": "ИТС", "Tuman": "Олмазорт.", "Adres": "Каланова–Таксинбаева", "Tizimdako'": null, "Tadbirkorb": "ҳа", "Qurilishya": "yakunlanmagan", "Ruxsatberi": null, "Faolgao'tg": null, "Kontroller": null, "Y": "41.364043", "X": "69.203981", "Field14": null }, "geometry": { "type": "Point", "coordinates": [ 69.203981, 41.364043 ] } },
{ "type": "Feature", "properties": { "ID": "01-198", "?": "ИТС", "Tuman": "Олмазорт.", "Adres": "Карасарайская-Мирпулатова", "Tizimdako'": null, "Tadbirkorb": "ҳа", "Qurilishya": "yakunlanmagan", "Ruxsatberi": null, "Faolgao'tg": null, "Kontroller": null, "Y": "41.351166", "X": "69.242078", "Field14": null }, "geometry": { "type": "Point", "coordinates": [ 69.242078, 41.351166 ] } },
{ "type": "Feature", "properties": { "ID": "01-199", "?": "ИТС", "Tuman": "Олмазорт.", "Adres": "Карасарайская–УШирин", "Tizimdako'": null, "Tadbirkorb": "ҳа", "Qurilishya": "Jarayonda", "Ruxsatberi": null, "Faolgao'tg": null, "Kontroller": null, "Y": "41.357191", "X": "69.242429", "Field14": null }, "geometry": { "type": "Point", "coordinates": [ 69.242429, 41.357191 ] } },
{ "type": "Feature", "properties": { "ID": "01-200", "?": "ИТС", "Tuman": "Олмазорт.", "Adres": "Каракамыш–3–Каракамыш-4", "Tizimdako'": null, "Tadbirkorb": "ҳа", "Qurilishya": "yakunlanmagan", "Ruxsatberi": null, "Faolgao'tg": null, "Kontroller": null, "Y": "41.370511", "X": "69.205057", "Field14": null }, "geometry": { "type": "Point", "coordinates": [ 69.205057, 41.370511 ] } },
{ "type": "Feature", "properties": { "ID": "01-203", "?": "ИТС", "Tuman": "Олмазорт.", "Adres": "Сагбан–Зиямова", "Tizimdako'": null, "Tadbirkorb": "ҳа", "Qurilishya": "yakunlanmagan", "Ruxsatberi": null, "Faolgao'tg": null, "Kontroller": null, "Y": "41.355675", "X": "69.226253", "Field14": null }, "geometry": { "type": "Point", "coordinates": [ 69.226253, 41.355675 ] } },
{ "type": "Feature", "properties": { "ID": "01-205", "?": "ИТС", "Tuman": "Олмазорт.", "Adres": "Сагбан–Фарфор.завод", "Tizimdako'": null, "Tadbirkorb": "ҳа", "Qurilishya": "yakunlanmagan", "Ruxsatberi": null, "Faolgao'tg": null, "Kontroller": null, "Y": "41.344956", "X": "69.229183", "Field14": null }, "geometry": { "type": "Point", "coordinates": [ 69.229183, 41.344956 ] } },
{ "type": "Feature", "properties": { "ID": "01-206", "?": "ИТС", "Tuman": "Олмазорт.", "Adres": "Сагбан–НабиХасанова", "Tizimdako'": null, "Tadbirkorb": "йўқ", "Qurilishya": "Yakunlangan", "Ruxsatberi": null, "Faolgao'tg": null, "Kontroller": "Tizimdayo'q", "Y": "41.361339", "X": "69.225384", "Field14": null }, "geometry": { "type": "Point", "coordinates": [ 69.225384, 41.361339 ] } },
{ "type": "Feature", "properties": { "ID": "01-207", "?": "ИТС", "Tuman": "Олмазорт.", "Adres": "Сагбан–Школа№24", "Tizimdako'": null, "Tadbirkorb": "ҳа", "Qurilishya": "yakunlanmagan", "Ruxsatberi": null, "Faolgao'tg": null, "Kontroller": null, "Y": "41.335900", "X": "69.233734", "Field14": null }, "geometry": { "type": "Point", "coordinates": [ 69.233734, 41.3359 ] } },
{ "type": "Feature", "properties": { "ID": "01-208", "?": "ИТС", "Tuman": "Олмазорт.", "Adres": "Гафурова–Дадабаева", "Tizimdako'": null, "Tadbirkorb": "йўқ", "Qurilishya": "Yakunlangan", "Ruxsatberi": null, "Faolgao'tg": null, "Kontroller": "Tizimdayo'q", "Y": "41.364551", "X": "69.225227", "Field14": null }, "geometry": { "type": "Point", "coordinates": [ 69.225227, 41.364551 ] } },
{ "type": "Feature", "properties": { "ID": "01-209", "?": "ИТС", "Tuman": "Олмазорт.", "Adres": "Карасарайская–Ташигрушка", "Tizimdako'": null, "Tadbirkorb": "ҳа", "Qurilishya": "Jarayonda", "Ruxsatberi": null, "Faolgao'tg": null, "Kontroller": null, "Y": "41.365241", "X": "69.240740", "Field14": null }, "geometry": { "type": "Point", "coordinates": [ 69.24074, 41.365241 ] } },
{ "type": "Feature", "properties": { "ID": "01-210", "?": "ИТС", "Tuman": "Олмазорт.", "Adres": "Уразбаева-Хасанова-Каланова", "Tizimdako'": null, "Tadbirkorb": "ҳа", "Qurilishya": "yakunlanmagan", "Ruxsatberi": null, "Faolgao'tg": null, "Kontroller": null, "Y": "41.363988", "X": "69.214724", "Field14": null }, "geometry": { "type": "Point", "coordinates": [ 69.214724, 41.363988 ] } },
{ "type": "Feature", "properties": { "ID": "01-211", "?": "ИТС", "Tuman": "Олмазорт.", "Adres": "У.Ширин–Широк", "Tizimdako'": null, "Tadbirkorb": "ҳа", "Qurilishya": "yakunlanmagan", "Ruxsatberi": null, "Faolgao'tg": null, "Kontroller": null, "Y": "41.356158", "X": "69.247919", "Field14": null }, "geometry": { "type": "Point", "coordinates": [ 69.247919, 41.356158 ] } },
{ "type": "Feature", "properties": { "ID": "01-212", "?": "ИТС", "Tuman": "Олмазорт.", "Adres": "Нурофшанпр-д–Фаробийдом1", "Tizimdako'": null, "Tadbirkorb": "ҳа", "Qurilishya": "yakunlanmagan", "Ruxsatberi": null, "Faolgao'tg": null, "Kontroller": null, "Y": "41.335588", "X": "69.221129", "Field14": null }, "geometry": { "type": "Point", "coordinates": [ 69.221129, 41.335588 ] } },
{ "type": "Feature", "properties": { "ID": "01-213", "?": "ИТС", "Tuman": null, "Adres": "“Forobiy–111-maktab”", "Tizimdako'": "Tizimdako'ringan", "Tadbirkorb": "ҳа", "Qurilishya": "Yakunlangan", "Ruxsatberi": null, "Faolgao'tg": null, "Kontroller": "Tizimdamavjud", "Y": "41.338842", "X": "69.222395", "Field14": null }, "geometry": { "type": "Point", "coordinates": [ 69.222395, 41.338842 ] } },
{ "type": "Feature", "properties": { "ID": "01-214", "?": "ИТС", "Tuman": "Олмазорт.", "Adres": "Карасарайская–Школа№28", "Tizimdako'": null, "Tadbirkorb": "ҳа", "Qurilishya": "yakunlanmagan", "Ruxsatberi": null, "Faolgao'tg": null, "Kontroller": null, "Y": "41.344570", "X": "69.241635", "Field14": null }, "geometry": { "type": "Point", "coordinates": [ 69.241635, 41.34457 ] } },
{ "type": "Feature", "properties": { "ID": "01-215", "?": "ИТС", "Tuman": null, "Adres": "“Forobiy–Jararik”", "Tizimdako'": "Voktortilgan", "Tadbirkorb": "йўқ", "Qurilishya": "Yakunlangan", "Ruxsatberi": null, "Faolgao'tg": null, "Kontroller": "Tizimdamavjud", "Y": "41.348491", "X": "69.174438", "Field14": null }, "geometry": { "type": "Point", "coordinates": [ 69.174438, 41.348491 ] } },
{ "type": "Feature", "properties": { "ID": "01-216", "?": "ИТС", "Tuman": "Олмазорт.", "Adres": "Сагбан–Шоший", "Tizimdako'": null, "Tadbirkorb": "ҳа", "Qurilishya": "yakunlanmagan", "Ruxsatberi": null, "Faolgao'tg": null, "Kontroller": null, "Y": "41.337322", "X": "69.233012", "Field14": null }, "geometry": { "type": "Point", "coordinates": [ 69.233012, 41.337322 ] } },
{ "type": "Feature", "properties": { "ID": "01-217", "?": "ИТС", "Tuman": "Шайхонтохурт.", "Adres": "Фаробий-М.Голиб", "Tizimdako'": null, "Tadbirkorb": "ҳа", "Qurilishya": "Jarayonda", "Ruxsatberi": null, "Faolgao'tg": null, "Kontroller": null, "Y": "41.348009", "X": "69.198067", "Field14": null }, "geometry": { "type": "Point", "coordinates": [ 69.198067, 41.348009 ] } },
{ "type": "Feature", "properties": { "ID": "01-218", "?": "ИТС", "Tuman": "Олмазорт.", "Adres": "Хамудханова–Саидова", "Tizimdako'": null, "Tadbirkorb": "ҳа", "Qurilishya": "yakunlanmagan", "Ruxsatberi": null, "Faolgao'tg": null, "Kontroller": null, "Y": "41.353802", "X": "69.219169", "Field14": null }, "geometry": { "type": "Point", "coordinates": [ 69.219169, 41.353802 ] } },
{ "type": "Feature", "properties": { "ID": "01-221", "?": "ИТС", "Tuman": "Олмазорт.", "Adres": "Талабалар–Мухбир", "Tizimdako'": null, "Tadbirkorb": "йўқ", "Qurilishya": "Jarayonda", "Ruxsatberi": null, "Faolgao'tg": null, "Kontroller": null, "Y": "41.360479", "X": "69.203958", "Field14": null }, "geometry": { "type": "Point", "coordinates": [ 69.203958, 41.360479 ] } },
{ "type": "Feature", "properties": { "ID": "01-222", "?": "ИТС", "Tuman": "Олмазорт.", "Adres": "Талабалар–Камарнисо", "Tizimdako'": null, "Tadbirkorb": "ҳа", "Qurilishya": "yakunlanmagan", "Ruxsatberi": null, "Faolgao'tg": null, "Kontroller": null, "Y": "41.357682", "X": "69.206426", "Field14": null }, "geometry": { "type": "Point", "coordinates": [ 69.206426, 41.357682 ] } },
{ "type": "Feature", "properties": { "ID": "01-223", "?": "ИТС", "Tuman": "Олмазорт.", "Adres": "Карасарайская–Хастимом", "Tizimdako'": null, "Tadbirkorb": "ҳа", "Qurilishya": "yakunlanmagan", "Ruxsatberi": null, "Faolgao'tg": null, "Kontroller": null, "Y": "41.338893", "X": "69.242104", "Field14": null }, "geometry": { "type": "Point", "coordinates": [ 69.242104, 41.338893 ] } },
{ "type": "Feature", "properties": { "ID": "01-224", "?": "ИТС", "Tuman": null, "Adres": "“Chimboy–Forobiy”", "Tizimdako'": "mavjudemas", "Tadbirkorb": "ҳа", "Qurilishya": "yakunlangan", "Ruxsatberi": null, "Faolgao'tg": null, "Kontroller": "Tizimdayo'q", "Y": "41.339322", "X": "69.220409", "Field14": null }, "geometry": { "type": "Point", "coordinates": [ 69.220409, 41.339322 ] } },
{ "type": "Feature", "properties": { "ID": "01-225", "?": "ИТС", "Tuman": "Шайхонтохурт.", "Adres": "Фаробий–Шифакор", "Tizimdako'": null, "Tadbirkorb": "ҳа", "Qurilishya": "Jarayonda", "Ruxsatberi": null, "Faolgao'tg": null, "Kontroller": null, "Y": "41.349316", "X": "69.178562", "Field14": null }, "geometry": { "type": "Point", "coordinates": [ 69.178562, 41.349316 ] } },
{ "type": "Feature", "properties": { "ID": "01-226", "?": "ИТС", "Tuman": "Олмазорт.", "Adres": "Фаробий-Озод", "Tizimdako'": null, "Tadbirkorb": "ҳа", "Qurilishya": "yakunlanmagan", "Ruxsatberi": null, "Faolgao'tg": null, "Kontroller": null, "Y": "41.330428", "X": "69.232783", "Field14": null }, "geometry": { "type": "Point", "coordinates": [ 69.232783, 41.330428 ] } },
{ "type": "Feature", "properties": { "ID": "01-229", "?": "ИТС", "Tuman": "Олмазорт.", "Adres": "КелесЙули–И.Рахимова", "Tizimdako'": null, "Tadbirkorb": "йўқ", "Qurilishya": "Yakunlangan", "Ruxsatberi": null, "Faolgao'tg": null, "Kontroller": "Tizimdayo'q", "Y": "41.381394", "X": "69.217831", "Field14": null }, "geometry": { "type": "Point", "coordinates": [ 69.217831, 41.381394 ] } },
{ "type": "Feature", "properties": { "ID": "01-230", "?": "ИТС", "Tuman": "Олмазорт.", "Adres": "Каримова–Шифокорлар", "Tizimdako'": null, "Tadbirkorb": "ҳа", "Qurilishya": "yakunlanmagan", "Ruxsatberi": null, "Faolgao'tg": null, "Kontroller": null, "Y": "41.356750", "X": "69.175960", "Field14": null }, "geometry": { "type": "Point", "coordinates": [ 69.17596, 41.35675 ] } },
{ "type": "Feature", "properties": { "ID": "01-233", "?": "ИТС", "Tuman": "Олмазорт.", "Adres": "Астана-Каракамыш", "Tizimdako'": null, "Tadbirkorb": "ҳа", "Qurilishya": "yakunlanmagan", "Ruxsatberi": null, "Faolgao'tg": null, "Kontroller": null, "Y": "41.370432", "X": "69.214752", "Field14": null }, "geometry": { "type": "Point", "coordinates": [ 69.214752, 41.370432 ] } },
{ "type": "Feature", "properties": { "ID": "01-234", "?": "ИТС", "Tuman": "Шайхонтохурт.", "Adres": "ТКАД–Фароби", "Tizimdako'": null, "Tadbirkorb": "ҳа", "Qurilishya": "yakunlanmagan", "Ruxsatberi": null, "Faolgao'tg": null, "Kontroller": null, "Y": "41.348305", "X": "69.165401", "Field14": null }, "geometry": { "type": "Point", "coordinates": [ 69.165401, 41.348305 ] } },
{ "type": "Feature", "properties": { "ID": "01-235", "?": "ИТС", "Tuman": "Олмазорт.", "Adres": "Камарнисо-Назимахонум", "Tizimdako'": null, "Tadbirkorb": "ҳа", "Qurilishya": "yakunlanmagan", "Ruxsatberi": null, "Faolgao'tg": null, "Kontroller": null, "Y": "41.358843", "X": "69.193381", "Field14": null }, "geometry": { "type": "Point", "coordinates": [ 69.193381, 41.358843 ] } },
{ "type": "Feature", "properties": { "ID": "01-237", "?": "ИТС", "Tuman": "Олмазорт.", "Adres": "Келесйули–Абдужалилота", "Tizimdako'": null, "Tadbirkorb": "йўқ", "Qurilishya": "Yakunlangan", "Ruxsatberi": null, "Faolgao'tg": null, "Kontroller": "Tizimdayo'q", "Y": "41.378677", "X": "69.220706", "Field14": null }, "geometry": { "type": "Point", "coordinates": [ 69.220706, 41.378677 ] } },
{ "type": "Feature", "properties": { "ID": "01-239", "?": "ИТС", "Tuman": null, "Adres": "“TKAD–TVTU”", "Tizimdako'": "mavjudemas", "Tadbirkorb": "ҳа", "Qurilishya": "Yakunlangan", "Ruxsatberi": null, "Faolgao'tg": null, "Kontroller": "Tizimdayo'q", "Y": "41.357735", "X": "69.170254", "Field14": null }, "geometry": { "type": "Point", "coordinates": [ 69.170254, 41.357735 ] } },
{ "type": "Feature", "properties": { "ID": "01-240", "?": "ИТС", "Tuman": "Олмазорт.", "Adres": "Каракамыш–Ж\\Д№17", "Tizimdako'": null, "Tadbirkorb": "ҳа", "Qurilishya": "yakunlanmagan", "Ruxsatberi": null, "Faolgao'tg": null, "Kontroller": null, "Y": "41.359966", "X": "69.214763", "Field14": null }, "geometry": { "type": "Point", "coordinates": [ 69.214763, 41.359966 ] } },
{ "type": "Feature", "properties": { "ID": "01-241", "?": "ИТС", "Tuman": "Олмазорт.", "Adres": "Н.Хасанова–З.Шамсутдинова", "Tizimdako'": null, "Tadbirkorb": "ҳа", "Qurilishya": "Jarayonda", "Ruxsatberi": null, "Faolgao'tg": null, "Kontroller": null, "Y": "41.361164", "X": "69.239085", "Field14": null }, "geometry": { "type": "Point", "coordinates": [ 69.239085, 41.361164 ] } },
{ "type": "Feature", "properties": { "ID": "01-242", "?": "ИТС", "Tuman": "Олмазорт.", "Adres": "Каракамыш3–Школа№242", "Tizimdako'": null, "Tadbirkorb": "ҳа", "Qurilishya": "yakunlanmagan", "Ruxsatberi": null, "Faolgao'tg": null, "Kontroller": null, "Y": "41.370498", "X": "69.210440", "Field14": null }, "geometry": { "type": "Point", "coordinates": [ 69.21044, 41.370498 ] } },
{ "type": "Feature", "properties": { "ID": "01-243", "?": "ИТС", "Tuman": "Олмазорт.", "Adres": "ТКАД–ГиламСарай", "Tizimdako'": null, "Tadbirkorb": "ҳа", "Qurilishya": "Jarayonda", "Ruxsatberi": null, "Faolgao'tg": null, "Kontroller": null, "Y": "41.363913", "X": "69.179010", "Field14": null }, "geometry": { "type": "Point", "coordinates": [ 69.17901, 41.363913 ] } },
{ "type": "Feature", "properties": { "ID": "01-244", "?": "ИТС", "Tuman": "Олмазорт.", "Adres": "Талабалар–ЁшликХокимият", "Tizimdako'": null, "Tadbirkorb": "ҳа", "Qurilishya": "yakunlanmagan", "Ruxsatberi": null, "Faolgao'tg": null, "Kontroller": null, "Y": "41.349995", "X": "69.213768", "Field14": null }, "geometry": { "type": "Point", "coordinates": [ 69.213768, 41.349995 ] } },
{ "type": "Feature", "properties": { "ID": "01-245", "?": "ИТС", "Tuman": null, "Adres": "lot6Нурафшон-Қорасарой", "Tizimdako'": "Tizimdako'ringan", "Tadbirkorb": "ҳа", "Qurilishya": "Yakunlangan", "Ruxsatberi": null, "Faolgao'tg": null, "Kontroller": "Tizimdamavjud", "Y": "41.3416976", "X": "69.2419617", "Field14": null }, "geometry": { "type": "Point", "coordinates": [ 69.2419617, 41.3416976 ] } },
{ "type": "Feature", "properties": { "ID": "01-246", "?": "ИТС", "Tuman": null, "Adres": "lot6Нурафшон-Сағбон", "Tizimdako'": "mavjudemas", "Tadbirkorb": "ҳа", "Qurilishya": "yakunlangan", "Ruxsatberi": null, "Faolgao'tg": null, "Kontroller": "Tizimdayo'q", "Y": "41.3410656", "X": "69.2311096", "Field14": null }, "geometry": { "type": "Point", "coordinates": [ 69.2311096, 41.3410656 ] } },
{ "type": "Feature", "properties": { "ID": "01-247", "?": "ИТС", "Tuman": null, "Adres": "“Karasarskaya–Nuravshon”", "Tizimdako'": "mavjudemas", "Tadbirkorb": "ҳа", "Qurilishya": "yakunlangan", "Ruxsatberi": null, "Faolgao'tg": null, "Kontroller": "Tizimdayo'q", "Y": "41.341686", "X": "69.242014", "Field14": null }, "geometry": { "type": "Point", "coordinates": [ 69.242014, 41.341686 ] } },
{ "type": "Feature", "properties": { "ID": "01-248", "?": "ИТС", "Tuman": "Олмазорт.", "Adres": "Каракамыш–Респ.панс.Ветиранов", "Tizimdako'": null, "Tadbirkorb": "ҳа", "Qurilishya": "yakunlanmagan", "Ruxsatberi": null, "Faolgao'tg": null, "Kontroller": null, "Y": "41.357540", "X": "69.215468", "Field14": null }, "geometry": { "type": "Point", "coordinates": [ 69.215468, 41.35754 ] } },
{ "type": "Feature", "properties": { "ID": "01-249", "?": "ИТС", "Tuman": "Олмазорт.", "Adres": "Шифокор–Центрурологии", "Tizimdako'": null, "Tadbirkorb": "ҳа", "Qurilishya": "yakunlanmagan", "Ruxsatberi": null, "Faolgao'tg": null, "Kontroller": null, "Y": "41.354870", "X": "69.179298", "Field14": null }, "geometry": { "type": "Point", "coordinates": [ 69.179298, 41.35487 ] } },
{ "type": "Feature", "properties": { "ID": "01-250", "?": "ИТС", "Tuman": "Олмазорт.", "Adres": "Сагбан–кафе«Туйчи-ота»", "Tizimdako'": null, "Tadbirkorb": "ҳа", "Qurilishya": "Jarayonda", "Ruxsatberi": null, "Faolgao'tg": null, "Kontroller": null, "Y": "41.358997", "X": "69.225884", "Field14": null }, "geometry": { "type": "Point", "coordinates": [ 69.225884, 41.358997 ] } },
{ "type": "Feature", "properties": { "ID": "01-256", "?": "ИТС", "Tuman": null, "Adres": "Dilsaroykoʼchasi(Prokuratura)", "Tizimdako'": "Tizimdako'ringan", "Tadbirkorb": "йўқ", "Qurilishya": "Yakunlangan", "Ruxsatberi": null, "Faolgao'tg": null, "Kontroller": "Tizimdamavjud", "Y": "41.350849", "X": "69.238551", "Field14": null }, "geometry": { "type": "Point", "coordinates": [ 69.238551, 41.350849 ] } },
{ "type": "Feature", "properties": { "ID": "01-261", "?": "ИТС", "Tuman": null, "Adres": "Рихсилий–р-нБиллур", "Tizimdako'": "Tizimdako'ringan", "Tadbirkorb": "йўқ", "Qurilishya": "Yakunlangan", "Ruxsatberi": null, "Faolgao'tg": null, "Kontroller": "Tizimdamavjud", "Y": "41.369222", "X": "69.280374", "Field14": null }, "geometry": { "type": "Point", "coordinates": [ 69.280374, 41.369222 ] } },
{ "type": "Feature", "properties": { "ID": "01-262", "?": "ИТС", "Tuman": "Юнусабодт.", "Adres": "Богишамол(Д.Абидовой)–Бодомзор(Мавлянова)", "Tizimdako'": null, "Tadbirkorb": "ҳа", "Qurilishya": "Jarayonda", "Ruxsatberi": null, "Faolgao'tg": null, "Kontroller": null, "Y": "41.340323", "X": "69.293535", "Field14": null }, "geometry": { "type": "Point", "coordinates": [ 69.293535, 41.340323 ] } },
{ "type": "Feature", "properties": { "ID": "01-263", "?": "ИТС", "Tuman": null, "Adres": "Богишамол(Д.Абидовой)–МингУрик", "Tizimdako'": "mavjudemas", "Tadbirkorb": "ҳа", "Qurilishya": "yakunlangan", "Ruxsatberi": null, "Faolgao'tg": null, "Kontroller": "Tizimdayo'q", "Y": "41.341314", "X": "69.299249", "Field14": null }, "geometry": { "type": "Point", "coordinates": [ 69.299249, 41.341314 ] } },
{ "type": "Feature", "properties": { "ID": "01-264", "?": "ИТС", "Tuman": "Юнусабодт.", "Adres": "Богишамол(Д.Абидовой)–ДурмонЙули", "Tizimdako'": null, "Tadbirkorb": "ҳа", "Qurilishya": "Yakunlangan", "Ruxsatberi": null, "Faolgao'tg": null, "Kontroller": "Tizimdayo'q", "Y": "41.349636", "X": "69.320335", "Field14": null }, "geometry": { "type": "Point", "coordinates": [ 69.320335, 41.349636 ] } },
{ "type": "Feature", "properties": { "ID": "01-265", "?": "ИТС", "Tuman": null, "Adres": "Богишамол(Д.Абидовой)–Наманганская", "Tizimdako'": "mavjudemas", "Tadbirkorb": "ҳа", "Qurilishya": "Yakunlangan", "Ruxsatberi": null, "Faolgao'tg": null, "Kontroller": "Tizimdayo'q", "Y": "41.351063", "X": "69.324449", "Field14": null }, "geometry": { "type": "Point", "coordinates": [ 69.324449, 41.351063 ] } },
{ "type": "Feature", "properties": { "ID": "01-266", "?": "ИТС", "Tuman": "Юнусабодт.", "Adres": "Богишамол(Д.Абидовой)–Чермет(Коратемир)", "Tizimdako'": null, "Tadbirkorb": "ҳа", "Qurilishya": "yakunlanmagan", "Ruxsatberi": null, "Faolgao'tg": null, "Kontroller": null, "Y": "41.351260", "X": "69.329505", "Field14": null }, "geometry": { "type": "Point", "coordinates": [ 69.329505, 41.35126 ] } },
{ "type": "Feature", "properties": { "ID": "01-267", "?": "ИТС", "Tuman": null, "Adres": "Богишамол(Д.Абидовой)–Общ.САМПИ(Чермет-обшСАМПИ)", "Tizimdako'": "mavjudemas", "Tadbirkorb": "ҳа", "Qurilishya": "Yakunlangan", "Ruxsatberi": null, "Faolgao'tg": null, "Kontroller": "Tizimdayo'q", "Y": "41.354518", "X": "69.333933", "Field14": null }, "geometry": { "type": "Point", "coordinates": [ 69.333933, 41.354518 ] } },
{ "type": "Feature", "properties": { "ID": "01-268", "?": "ИТС", "Tuman": "Юнусабодт.", "Adres": "Бодомзор(Мавлянова)–Шивли", "Tizimdako'": null, "Tadbirkorb": "ҳа", "Qurilishya": "yakunlanmagan", "Ruxsatberi": null, "Faolgao'tg": null, "Kontroller": null, "Y": "41.335582", "X": "69.292622", "Field14": null }, "geometry": { "type": "Point", "coordinates": [ 69.292622, 41.335582 ] } },
{ "type": "Feature", "properties": { "ID": "01-269", "?": "ИТС", "Tuman": null, "Adres": "“ChingizAytmatov(Mavlyanova)–Osiyo(Murtazaeva)”", "Tizimdako'": "mavjudemas", "Tadbirkorb": "ҳа", "Qurilishya": "Yakunlangan", "Ruxsatberi": null, "Faolgao'tg": null, "Kontroller": "Tizimdayo'q", "Y": "41.326891", "X": "69.291204", "Field14": null }, "geometry": { "type": "Point", "coordinates": [ 69.291204, 41.326891 ] } },
{ "type": "Feature", "properties": { "ID": "01-275", "?": "ИТС", "Tuman": null, "Adres": "МКАД–Козитарнов", "Tizimdako'": "Tizimdako'ringan", "Tadbirkorb": "йўқ", "Qurilishya": "Yakunlangan", "Ruxsatberi": "ruxsatyoq", "Faolgao'tg": null, "Kontroller": "Tizimdamavjud", "Y": "41.332919", "X": "69.298422", "Field14": null }, "geometry": { "type": "Point", "coordinates": [ 69.298422, 41.332919 ] } },
{ "type": "Feature", "properties": { "ID": "01-276", "?": "ИТС", "Tuman": null, "Adres": "МКАД-5прСандиккургон(avtosalon)", "Tizimdako'": "Tizimdako'ringan", "Tadbirkorb": "ҳа", "Qurilishya": "Yakunlangan", "Ruxsatberi": null, "Faolgao'tg": null, "Kontroller": "Tizimdamavjud", "Y": "41.337968", "X": "69.273998", "Field14": null }, "geometry": { "type": "Point", "coordinates": [ 69.273998, 41.337968 ] } },
{ "type": "Feature", "properties": { "ID": "01-277", "?": "ИТС", "Tuman": null, "Adres": "МКАД–Охунбобоеваколледж", "Tizimdako'": "Tizimdako'ringan", "Tadbirkorb": "ҳа", "Qurilishya": "Yakunlangan", "Ruxsatberi": null, "Faolgao'tg": null, "Kontroller": "Tizimdamavjud", "Y": "41.341832", "X": "69.267064", "Field14": null }, "geometry": { "type": "Point", "coordinates": [ 69.267064, 41.341832 ] } },
{ "type": "Feature", "properties": { "ID": "01-278", "?": "ИТС", "Tuman": null, "Adres": "МКАД–Тахтапул(Асомова-Рахимова-Юлдашева)", "Tizimdako'": "Tizimdako'ringan", "Tadbirkorb": "йўқ", "Qurilishya": "Yakunlangan", "Ruxsatberi": null, "Faolgao'tg": null, "Kontroller": "Tizimdamavjud", "Y": "41.340133", "X": "69.270001", "Field14": null }, "geometry": { "type": "Point", "coordinates": [ 69.270001, 41.340133 ] } },
{ "type": "Feature", "properties": { "ID": "01-285", "?": "ИТС", "Tuman": null, "Adres": "Хуршида–КХАЙ(selmashka)", "Tizimdako'": "Tizimdako'ringan", "Tadbirkorb": "йўқ", "Qurilishya": "Yakunlangan", "Ruxsatberi": null, "Faolgao'tg": null, "Kontroller": "Tizimdamavjud", "Y": "41.336051", "X": "69.277221", "Field14": null }, "geometry": { "type": "Point", "coordinates": [ 69.277221, 41.336051 ] } },
{ "type": "Feature", "properties": { "ID": "01-286", "?": "ИТС", "Tuman": "Юнусабодт.", "Adres": "Чинобод(О.Закирова,Гвардейская)–мечетьОзод(мах.Отчопар)", "Tizimdako'": null, "Tadbirkorb": "ҳа", "Qurilishya": "yakunlanmagan", "Ruxsatberi": null, "Faolgao'tg": null, "Kontroller": null, "Y": "41.354190", "X": "69.312665", "Field14": null }, "geometry": { "type": "Point", "coordinates": [ 69.312665, 41.35419 ] } },
{ "type": "Feature", "properties": { "ID": "01-287", "?": "ИТС", "Tuman": "Юнусабодт.", "Adres": "Чинобод(О.Закирова,Гвардейская)–Хитой", "Tizimdako'": null, "Tadbirkorb": "йўқ", "Qurilishya": "Jarayonda", "Ruxsatberi": null, "Faolgao'tg": null, "Kontroller": null, "Y": "41.353192", "X": "69.297227", "Field14": null }, "geometry": { "type": "Point", "coordinates": [ 69.297227, 41.353192 ] } },
{ "type": "Feature", "properties": { "ID": "01-290", "?": "ИТС", "Tuman": "Юнусабодт.", "Adres": "А.Темур–шк.271", "Tizimdako'": null, "Tadbirkorb": "йўқ", "Qurilishya": "yakunlanmagan", "Ruxsatberi": null, "Faolgao'tg": null, "Kontroller": null, "Y": "41.376198", "X": "69.288140", "Field14": null }, "geometry": { "type": "Point", "coordinates": [ 69.28814, 41.376198 ] } },
{ "type": "Feature", "properties": { "ID": "01-301", "?": "ИТС", "Tuman": null, "Adres": "“TKAD–SAMPI”", "Tizimdako'": "mavjudemas", "Tadbirkorb": "ҳа", "Qurilishya": "Yakunlangan", "Ruxsatberi": null, "Faolgao'tg": null, "Kontroller": "Tizimdamavjud", "Y": "41.35951", "X": "69.337838", "Field14": null }, "geometry": { "type": "Point", "coordinates": [ 69.337838, 41.35951 ] } },
{ "type": "Feature", "properties": { "ID": "01-306", "?": "ИТС", "Tuman": null, "Adres": "БогишамолЗоопарк", "Tizimdako'": "mavjudemas", "Tadbirkorb": "йўқ", "Qurilishya": "Yakunlangan", "Ruxsatberi": null, "Faolgao'tg": null, "Kontroller": "Tizimdayo'q", "Y": "41.3444", "X": "69.308702", "Field14": null }, "geometry": { "type": "Point", "coordinates": [ 69.308702, 41.3444 ] } },
{ "type": "Feature", "properties": { "ID": "01-310", "?": "ИТС", "Tuman": "Шайхонтохурт.", "Adres": "Алмазар(Абай)–Консерватория", "Tizimdako'": null, "Tadbirkorb": "йўқ", "Qurilishya": "Yakunlangan", "Ruxsatberi": null, "Faolgao'tg": null, "Kontroller": "Tizimdayo'q", "Y": "41.314352", "X": "69.253747", "Field14": null }, "geometry": { "type": "Point", "coordinates": [ 69.253747, 41.314352 ] } },
{ "type": "Feature", "properties": { "ID": "01-311", "?": "ИТС", "Tuman": "Шайхонтохурт.", "Adres": "Беруний–Алока", "Tizimdako'": null, "Tadbirkorb": "йўқ", "Qurilishya": "yakunlanmagan", "Ruxsatberi": null, "Faolgao'tg": null, "Kontroller": null, "Y": "41.335232", "X": "69.213828", "Field14": null }, "geometry": { "type": "Point", "coordinates": [ 69.213828, 41.335232 ] } },
{ "type": "Feature", "properties": { "ID": "01-312", "?": "ИТС", "Tuman": "Шайхонтохурт.", "Adres": "Беруний–Тинчлик", "Tizimdako'": null, "Tadbirkorb": "ҳа", "Qurilishya": "yakunlanmagan", "Ruxsatberi": null, "Faolgao'tg": null, "Kontroller": null, "Y": "41.337141", "X": "69.210616", "Field14": null }, "geometry": { "type": "Point", "coordinates": [ 69.210616, 41.337141 ] } },
{ "type": "Feature", "properties": { "ID": "01-313", "?": "ИТС", "Tuman": "Шайхонтохурт.", "Adres": "Беруний–к/тГунча", "Tizimdako'": null, "Tadbirkorb": "ҳа", "Qurilishya": "yakunlanmagan", "Ruxsatberi": null, "Faolgao'tg": null, "Kontroller": null, "Y": "41.330410", "X": "69.222459", "Field14": null }, "geometry": { "type": "Point", "coordinates": [ 69.222459, 41.33041 ] } },
{ "type": "Feature", "properties": { "ID": "01-314", "?": "ИТС", "Tuman": null, "Adres": "“Beruniy–Paxta”", "Tizimdako'": "mavjudemas", "Tadbirkorb": "йўқ", "Qurilishya": "Yakunlangan", "Ruxsatberi": null, "Faolgao'tg": null, "Kontroller": "Tizimdayo'q", "Y": "41.326693", "X": "69.228924", "Field14": null }, "geometry": { "type": "Point", "coordinates": [ 69.228924, 41.326693 ] } },
{ "type": "Feature", "properties": { "ID": "01-318", "?": "ИТС", "Tuman": "Шайхонтохурт.", "Adres": "ИбнСино–ЖарАрик", "Tizimdako'": null, "Tadbirkorb": "ҳа", "Qurilishya": "yakunlanmagan", "Ruxsatberi": null, "Faolgao'tg": null, "Kontroller": null, "Y": "41.335768", "X": "69.174932", "Field14": null }, "geometry": { "type": "Point", "coordinates": [ 69.174932, 41.335768 ] } },
{ "type": "Feature", "properties": { "ID": "01-320", "?": "ИТС", "Tuman": null, "Adres": "Кадирий–Карасарайская", "Tizimdako'": "Tizimdako'ringan", "Tadbirkorb": "йўқ", "Qurilishya": "Yakunlangan", "Ruxsatberi": null, "Faolgao'tg": null, "Kontroller": "Tizimdamavjud", "Y": "41.330840", "X": "69.242820", "Field14": null }, "geometry": { "type": "Point", "coordinates": [ 69.24282, 41.33084 ] } },
{ "type": "Feature", "properties": { "ID": "01-322", "?": "ИТС", "Tuman": "Шайхонтохурт.", "Adres": "Кургонча–Оксой", "Tizimdako'": null, "Tadbirkorb": "ҳа", "Qurilishya": "yakunlanmagan", "Ruxsatberi": null, "Faolgao'tg": null, "Kontroller": null, "Y": "41.324898", "X": "69.206240", "Field14": null }, "geometry": { "type": "Point", "coordinates": [ 69.20624, 41.324898 ] } },
{ "type": "Feature", "properties": { "ID": "01-323", "?": "ИТС", "Tuman": null, "Adres": "Furqatko'chasi,\"Istiqlol\"san'atsaroyi(Drujba)kassasiqarshisipiyodalaro'tishyo'lagiga", "Tizimdako'": "mavjudemas", "Tadbirkorb": "ҳа", "Qurilishya": "Yakunlangan", "Ruxsatberi": null, "Faolgao'tg": null, "Kontroller": "Tizimdayo'q", "Y": "41.309224", "X": "69.242662", "Field14": null }, "geometry": { "type": "Point", "coordinates": [ 69.242662, 41.309224 ] } },
{ "type": "Feature", "properties": { "ID": "01-325", "?": "ИТС", "Tuman": null, "Adres": "Buyukipakyo‘li–Zaytunko‘chalarikesishmasi", "Tizimdako'": "Tizimdako'ringan", "Tadbirkorb": "йўқ", "Qurilishya": "Yakunlangan", "Ruxsatberi": "ruxsatyoq", "Faolgao'tg": null, "Kontroller": "Tizimdamavjud", "Y": "41.330462", "X": "69.347847", "Field14": null }, "geometry": { "type": "Point", "coordinates": [ 69.347847, 41.330462 ] } },
{ "type": "Feature", "properties": { "ID": "01-328", "?": "ИТС", "Tuman": null, "Adres": "“Nurafshon–3-proyezdOklon(141-maktab)”", "Tizimdako'": "mavjudemas", "Tadbirkorb": "ҳа", "Qurilishya": "Yakunlangan", "Ruxsatberi": null, "Faolgao'tg": null, "Kontroller": "Tizimdayo'q", "Y": "41.315932", "X": "69.210079", "Field14": null }, "geometry": { "type": "Point", "coordinates": [ 69.210079, 41.315932 ] } },
{ "type": "Feature", "properties": { "ID": "01-329", "?": "ИТС", "Tuman": null, "Adres": "“Nurafshon–Xumdonsoy”", "Tizimdako'": "mavjudemas", "Tadbirkorb": "ҳа", "Qurilishya": "Yakunlangan", "Ruxsatberi": null, "Faolgao'tg": null, "Kontroller": "Tizimdayo'q", "Y": "41.304823", "X": "69.208146", "Field14": null }, "geometry": { "type": "Point", "coordinates": [ 69.208146, 41.304823 ] } },
{ "type": "Feature", "properties": { "ID": "01-332", "?": "ИТС", "Tuman": "Шайхонтохурт.", "Adres": "СамаркандДарвоза–Термизторкучалари", "Tizimdako'": null, "Tadbirkorb": "ҳа", "Qurilishya": "yakunlanmagan", "Ruxsatberi": null, "Faolgao'tg": null, "Kontroller": null, "Y": "41.309795", "X": "69.221729", "Field14": null }, "geometry": { "type": "Point", "coordinates": [ 69.221729, 41.309795 ] } },
{ "type": "Feature", "properties": { "ID": "01-333", "?": "ИТС", "Tuman": "Шайхонтохурт.", "Adres": "КукчаДарвоза-Кукчамечеть", "Tizimdako'": null, "Tadbirkorb": "ҳа", "Qurilishya": "Jarayonda", "Ruxsatberi": null, "Faolgao'tg": null, "Kontroller": null, "Y": "41.322208", "X": "69.206147", "Field14": null }, "geometry": { "type": "Point", "coordinates": [ 69.206147, 41.322208 ] } },
{ "type": "Feature", "properties": { "ID": "01-339", "?": "ИТС", "Tuman": "Шайхонтохурт.", "Adres": "Шейхантахур(Лабзак)–шк№10", "Tizimdako'": null, "Tadbirkorb": "ҳа", "Qurilishya": "yakunlanmagan", "Ruxsatberi": null, "Faolgao'tg": null, "Kontroller": null, "Y": "41.332522", "X": "69.263505", "Field14": null }, "geometry": { "type": "Point", "coordinates": [ 69.263505, 41.332522 ] } },
{ "type": "Feature", "properties": { "ID": "01-340", "?": "ИТС", "Tuman": null, "Adres": "lot6Нурафшон-КўкчаДарвоза", "Tizimdako'": "mavjudemas", "Tadbirkorb": "ҳа", "Qurilishya": "yakunlangan", "Ruxsatberi": null, "Faolgao'tg": null, "Kontroller": "Tizimdayo'q", "Y": "41.3221521", "X": "69.2100011", "Field14": null }, "geometry": { "type": "Point", "coordinates": [ 69.2100011, 41.3221521 ] } },
{ "type": "Feature", "properties": { "ID": "01-342", "?": "ИТС", "Tuman": null, "Adres": "lot6Нурафшон-Лабзак", "Tizimdako'": "Tizimdako'ringan", "Tadbirkorb": "ҳа", "Qurilishya": "Yakunlangan", "Ruxsatberi": null, "Faolgao'tg": null, "Kontroller": "Tizimdamavjud", "Y": "41.3346729", "X": "69.2643358", "Field14": null }, "geometry": { "type": "Point", "coordinates": [ 69.2643358, 41.3346729 ] } },
{ "type": "Feature", "properties": { "ID": "01-345", "?": "ИТС", "Tuman": "Шайхонтохурт.", "Adres": "СДарвоза-Капиталбанк", "Tizimdako'": null, "Tadbirkorb": "йўқ", "Qurilishya": "yakunlanmagan", "Ruxsatberi": null, "Faolgao'tg": null, "Kontroller": null, "Y": "41.320439", "X": "69.234070", "Field14": null }, "geometry": { "type": "Point", "coordinates": [ 69.23407, 41.320439 ] } },
{ "type": "Feature", "properties": { "ID": "01-346", "?": "ИТС", "Tuman": "Шайхонтохурт.", "Adres": "Себзор-Зулфияхоним", "Tizimdako'": null, "Tadbirkorb": "ҳа", "Qurilishya": "yakunlanmagan", "Ruxsatberi": null, "Faolgao'tg": null, "Kontroller": null, "Y": "41.332065", "X": "69.251705", "Field14": null }, "geometry": { "type": "Point", "coordinates": [ 69.251705, 41.332065 ] } },
{ "type": "Feature", "properties": { "ID": "01-347", "?": "ИТС", "Tuman": null, "Adres": "“Sebzor–Sebzormahallasi”", "Tizimdako'": "mavjudemas", "Tadbirkorb": "ҳа", "Qurilishya": "Yakunlangan", "Ruxsatberi": null, "Faolgao'tg": null, "Kontroller": "Tizimdayo'q", "Y": "41.332518", "X": "69.251251", "Field14": null }, "geometry": { "type": "Point", "coordinates": [ 69.251251, 41.332518 ] } },
{ "type": "Feature", "properties": { "ID": "01-349", "?": "ИТС", "Tuman": "Яккасаройт.", "Adres": "Афросиёб–Оксарой", "Tizimdako'": null, "Tadbirkorb": "йўқ", "Qurilishya": "yakunlanmagan", "Ruxsatberi": null, "Faolgao'tg": null, "Kontroller": null, "Y": "41.307085", "X": "69.258556", "Field14": null }, "geometry": { "type": "Point", "coordinates": [ 69.258556, 41.307085 ] } },
{ "type": "Feature", "properties": { "ID": "01-350", "?": "ИТС", "Tuman": "Мирободт.", "Adres": "Узбекистанская(И.Каримов)–пл.Мустакиллик", "Tizimdako'": null, "Tadbirkorb": "йўқ", "Qurilishya": "yakunlanmagan", "Ruxsatberi": "ruxsatyoq", "Faolgao'tg": null, "Kontroller": null, "Y": "41.312808", "X": "69.269050", "Field14": null }, "geometry": { "type": "Point", "coordinates": [ 69.26905, 41.312808 ] } },
{ "type": "Feature", "properties": { "ID": "01-351", "?": "ИТС", "Tuman": "Учтепат.", "Adres": "Алмоний–Саккокий", "Tizimdako'": null, "Tadbirkorb": "ҳа", "Qurilishya": "yakunlanmagan", "Ruxsatberi": null, "Faolgao'tg": null, "Kontroller": null, "Y": "41.296695", "X": "69.168983", "Field14": null }, "geometry": { "type": "Point", "coordinates": [ 69.168983, 41.296695 ] } },
{ "type": "Feature", "properties": { "ID": "01-352", "?": "ИТС", "Tuman": "Учтепат.", "Adres": "Алмоний–Учтепа", "Tizimdako'": null, "Tadbirkorb": "ҳа", "Qurilishya": "yakunlanmagan", "Ruxsatberi": null, "Faolgao'tg": null, "Kontroller": null, "Y": "41.298559", "X": "69.165469", "Field14": null }, "geometry": { "type": "Point", "coordinates": [ 69.165469, 41.298559 ] } },
{ "type": "Feature", "properties": { "ID": "01-353", "?": "ИТС", "Tuman": "Учтепат.", "Adres": "Бешкайрагач–Дилькаш", "Tizimdako'": null, "Tadbirkorb": "ҳа", "Qurilishya": "yakunlanmagan", "Ruxsatberi": null, "Faolgao'tg": null, "Kontroller": null, "Y": "41.320323", "X": "69.175599", "Field14": null }, "geometry": { "type": "Point", "coordinates": [ 69.175599, 41.320323 ] } },
{ "type": "Feature", "properties": { "ID": "01-355", "?": "ИТС", "Tuman": "Учтепат.", "Adres": "Бешкайрагач–Хамкор", "Tizimdako'": null, "Tadbirkorb": "ҳа", "Qurilishya": "yakunlanmagan", "Ruxsatberi": null, "Faolgao'tg": null, "Kontroller": null, "Y": "41.321663", "X": "69.178731", "Field14": null }, "geometry": { "type": "Point", "coordinates": [ 69.178731, 41.321663 ] } },
{ "type": "Feature", "properties": { "ID": "01-356", "?": "ИТС", "Tuman": "Учтепат.", "Adres": "Бешкайрагач–школа№106", "Tizimdako'": null, "Tadbirkorb": "ҳа", "Qurilishya": "yakunlanmagan", "Ruxsatberi": null, "Faolgao'tg": null, "Kontroller": null, "Y": "41.322612", "X": "69.188258", "Field14": null }, "geometry": { "type": "Point", "coordinates": [ 69.188258, 41.322612 ] } },
{ "type": "Feature", "properties": { "ID": "01-360", "?": "ИТС", "Tuman": null, "Adres": "Lot10КХАЙ-Жахонтилларуниверситет-2(Катартал-КукчаДарвоза)", "Tizimdako'": "Tizimdako'ringan", "Tadbirkorb": "ҳа", "Qurilishya": "Yakunlangan", "Ruxsatberi": null, "Faolgao'tg": null, "Kontroller": "Tizimdamavjud", "Y": "41.286979", "X": "69.194488", "Field14": null }, "geometry": { "type": "Point", "coordinates": [ 69.194488, 41.286979 ] } },
{ "type": "Feature", "properties": { "ID": "01-361", "?": "ИТС", "Tuman": null, "Adres": "МКАД–Налоговыйколледж", "Tizimdako'": "Tizimdako'ringan", "Tadbirkorb": "йўқ", "Qurilishya": "Yakunlangan", "Ruxsatberi": null, "Faolgao'tg": null, "Kontroller": "Tizimdamavjud", "Y": "41.300354", "X": "69.193798", "Field14": null }, "geometry": { "type": "Point", "coordinates": [ 69.193798, 41.300354 ] } },
{ "type": "Feature", "properties": { "ID": "01-362", "?": "ИТС", "Tuman": null, "Adres": "МКАД–Мерганча4пр", "Tizimdako'": "Tizimdako'ringan", "Tadbirkorb": "йўқ", "Qurilishya": "Yakunlangan", "Ruxsatberi": null, "Faolgao'tg": null, "Kontroller": "Tizimdamavjud", "Y": "41.308203", "X": "69.193485", "Field14": null }, "geometry": { "type": "Point", "coordinates": [ 69.193485, 41.308203 ] } },
{ "type": "Feature", "properties": { "ID": "01-365", "?": "ИТС", "Tuman": "Учтепат.", "Adres": "Хирмонтепа–Лутфий", "Tizimdako'": null, "Tadbirkorb": "ҳа", "Qurilishya": "yakunlanmagan", "Ruxsatberi": null, "Faolgao'tg": null, "Kontroller": null, "Y": "41.276722", "X": "69.172443", "Field14": null }, "geometry": { "type": "Point", "coordinates": [ 69.172443, 41.276722 ] } },
{ "type": "Feature", "properties": { "ID": "01-368", "?": "ИТС", "Tuman": null, "Adres": "“TKAD–Urikzor”", "Tizimdako'": "Voktortilgan", "Tadbirkorb": "ҳа", "Qurilishya": "Yakunlangan", "Ruxsatberi": null, "Faolgao'tg": null, "Kontroller": "Tizimdayo'q", "Y": "41.290276", "X": "69.149823", "Field14": null }, "geometry": { "type": "Point", "coordinates": [ 69.149823, 41.290276 ] } },
{ "type": "Feature", "properties": { "ID": "01-370", "?": "ИТС", "Tuman": "Учтепат.", "Adres": "КукчаДарвоза–Дилькаш", "Tizimdako'": null, "Tadbirkorb": "ҳа", "Qurilishya": "Jarayonda", "Ruxsatberi": null, "Faolgao'tg": null, "Kontroller": null, "Y": "41.312732", "X": "69.180831", "Field14": null }, "geometry": { "type": "Point", "coordinates": [ 69.180831, 41.312732 ] } },
{ "type": "Feature", "properties": { "ID": "01-371", "?": "ИТС", "Tuman": "Учтепат.", "Adres": "Кукчадарвоза–Тукимачи", "Tizimdako'": null, "Tadbirkorb": "ҳа", "Qurilishya": "Jarayonda", "Ruxsatberi": null, "Faolgao'tg": null, "Kontroller": null, "Y": "41.307368", "X": "69.161550", "Field14": null }, "geometry": { "type": "Point", "coordinates": [ 69.16155, 41.307368 ] } },
{ "type": "Feature", "properties": { "ID": "01-372", "?": "ИТС", "Tuman": "Учтепат.", "Adres": "КукчаДарвоза–Заковат", "Tizimdako'": null, "Tadbirkorb": "ҳа", "Qurilishya": "Jarayonda", "Ruxsatberi": null, "Faolgao'tg": null, "Kontroller": null, "Y": "41.314718", "X": "69.186611", "Field14": null }, "geometry": { "type": "Point", "coordinates": [ 69.186611, 41.314718 ] } },
{ "type": "Feature", "properties": { "ID": "01-375", "?": "ИТС", "Tuman": "Учтепат.", "Adres": "Фозилтепа–Изза", "Tizimdako'": null, "Tadbirkorb": "ҳа", "Qurilishya": "yakunlanmagan", "Ruxsatberi": null, "Faolgao'tg": null, "Kontroller": null, "Y": "41.283057", "X": "69.164505", "Field14": null }, "geometry": { "type": "Point", "coordinates": [ 69.164505, 41.283057 ] } },
{ "type": "Feature", "properties": { "ID": "01-377", "?": "ИТС", "Tuman": "Учтепат.", "Adres": "Ширин–Фозилтепа", "Tizimdako'": null, "Tadbirkorb": "ҳа", "Qurilishya": "yakunlanmagan", "Ruxsatberi": null, "Faolgao'tg": null, "Kontroller": null, "Y": "41.285229", "X": "69.165286", "Field14": null }, "geometry": { "type": "Point", "coordinates": [ 69.165286, 41.285229 ] } },
{ "type": "Feature", "properties": { "ID": "01-378", "?": "ИТС", "Tuman": "Учтепат.", "Adres": "Ширин–Хирмонтепа", "Tizimdako'": null, "Tadbirkorb": "ҳа", "Qurilishya": "yakunlanmagan", "Ruxsatberi": null, "Faolgao'tg": null, "Kontroller": null, "Y": "41.285114", "X": "69.171055", "Field14": null }, "geometry": { "type": "Point", "coordinates": [ 69.171055, 41.285114 ] } },
{ "type": "Feature", "properties": { "ID": "01-379", "?": "ИТС", "Tuman": "Учтепат.", "Adres": "Ширин–Лутфий", "Tizimdako'": null, "Tadbirkorb": "ҳа", "Qurilishya": "yakunlanmagan", "Ruxsatberi": null, "Faolgao'tg": null, "Kontroller": null, "Y": "41.281742", "X": "69.180473", "Field14": null }, "geometry": { "type": "Point", "coordinates": [ 69.180473, 41.281742 ] } },
{ "type": "Feature", "properties": { "ID": "01-384", "?": "ИТС", "Tuman": "Учтепат.", "Adres": "Тукимачи–Шарофа", "Tizimdako'": null, "Tadbirkorb": "ҳа", "Qurilishya": "yakunlanmagan", "Ruxsatberi": null, "Faolgao'tg": null, "Kontroller": null, "Y": "41.303476", "X": "69.163584", "Field14": null }, "geometry": { "type": "Point", "coordinates": [ 69.163584, 41.303476 ] } },
{ "type": "Feature", "properties": { "ID": "01-395", "?": "ИТС", "Tuman": null, "Adres": "“Al-Xorazmiy–Sug‘aliota”", "Tizimdako'": "Tizimdako'ringan", "Tadbirkorb": "ҳа", "Qurilishya": "Yakunlangan", "Ruxsatberi": null, "Faolgao'tg": null, "Kontroller": "Tizimdayo'q", "Y": "41.259946", "X": "69.188021", "Field14": null }, "geometry": { "type": "Point", "coordinates": [ 69.188021, 41.259946 ] } },
{ "type": "Feature", "properties": { "ID": "01-400", "?": "ИТС", "Tuman": "Чилонзорт.", "Adres": "Гавхар–воинскаячастьСНБ", "Tizimdako'": null, "Tadbirkorb": "йўқ", "Qurilishya": "yakunlanmagan", "Ruxsatberi": null, "Faolgao'tg": null, "Kontroller": null, "Y": "41.2581", "X": "69.211257", "Field14": null }, "geometry": { "type": "Point", "coordinates": [ 69.211257, 41.2581 ] } },
{ "type": "Feature", "properties": { "ID": "01-401", "?": "ИТС", "Tuman": "Учтепат.", "Adres": "Гулистанская-Суголиота", "Tizimdako'": null, "Tadbirkorb": "ҳа", "Qurilishya": "Jarayonda", "Ruxsatberi": null, "Faolgao'tg": null, "Kontroller": null, "Y": "41.2652525", "X": "69.160470", "Field14": null }, "geometry": { "type": "Point", "coordinates": [ 69.16047, 41.2652525 ] } },
{ "type": "Feature", "properties": { "ID": "01-410", "?": "ИТС", "Tuman": "Чилонзорт.", "Adres": "КаттаКони–школа№200", "Tizimdako'": null, "Tadbirkorb": "ҳа", "Qurilishya": "yakunlanmagan", "Ruxsatberi": null, "Faolgao'tg": null, "Kontroller": null, "Y": "41.262824", "X": "69.182512", "Field14": null }, "geometry": { "type": "Point", "coordinates": [ 69.182512, 41.262824 ] } },
{ "type": "Feature", "properties": { "ID": "01-411", "?": "ИТС", "Tuman": "Чилонзорт.", "Adres": "КаттаКони–школа№202", "Tizimdako'": null, "Tadbirkorb": "ҳа", "Qurilishya": "yakunlanmagan", "Ruxsatberi": null, "Faolgao'tg": null, "Kontroller": null, "Y": "41.271333", "X": "69.177055", "Field14": null }, "geometry": { "type": "Point", "coordinates": [ 69.177055, 41.271333 ] } },
{ "type": "Feature", "properties": { "ID": "01-420", "?": "ИТС", "Tuman": null, "Adres": "lot6Нурафшон-Сеул", "Tizimdako'": "mavjudemas", "Tadbirkorb": "йўқ", "Qurilishya": "yakunlangan", "Ruxsatberi": null, "Faolgao'tg": null, "Kontroller": "Tizimdayo'q", "Y": "41.3005631", "X": "69.2106831", "Field14": null }, "geometry": { "type": "Point", "coordinates": [ 69.2106831, 41.3005631 ] } },
{ "type": "Feature", "properties": { "ID": "01-424", "?": "ИТС", "Tuman": "Учтепат.", "Adres": "ТКАД–Эшонгузар", "Tizimdako'": null, "Tadbirkorb": "ҳа", "Qurilishya": "yakunlanmagan", "Ruxsatberi": null, "Faolgao'tg": null, "Kontroller": null, "Y": "41.290236", "X": "69.149884", "Field14": null }, "geometry": { "type": "Point", "coordinates": [ 69.149884, 41.290236 ] } },
{ "type": "Feature", "properties": { "ID": "01-425", "?": "ИТС", "Tuman": null, "Adres": "“Xirmontepa–Al-Xorazmiy”", "Tizimdako'": "mavjudemas", "Tadbirkorb": "ҳа", "Qurilishya": "Yakunlangan", "Ruxsatberi": null, "Faolgao'tg": null, "Kontroller": "Tizimdayo'q", "Y": "41.264795", "X": "69.188697", "Field14": null }, "geometry": { "type": "Point", "coordinates": [ 69.188697, 41.264795 ] } },
{ "type": "Feature", "properties": { "ID": "01-431", "?": "ИТС", "Tuman": null, "Adres": "“I.Karimov–Hokimiyat”", "Tizimdako'": "mavjudemas", "Tadbirkorb": "йўқ", "Qurilishya": "Yakunlangan", "Ruxsatberi": null, "Faolgao'tg": null, "Kontroller": "Tizimdayo'q", "Y": "41.311511", "X": "69.247567", "Field14": null }, "geometry": { "type": "Point", "coordinates": [ 69.247567, 41.311511 ] } },
{ "type": "Feature", "properties": { "ID": "01-433", "?": "ИТС", "Tuman": "Чилонзорт.", "Adres": "Бешёгоч–Хумоарена", "Tizimdako'": null, "Tadbirkorb": "йўқ", "Qurilishya": "yakunlanmagan", "Ruxsatberi": null, "Faolgao'tg": null, "Kontroller": null, "Y": "41.307718", "X": "69.255113", "Field14": null }, "geometry": { "type": "Point", "coordinates": [ 69.255113, 41.307718 ] } },
{ "type": "Feature", "properties": { "ID": "01-435", "?": "ИТС", "Tuman": "Чилонзорт.", "Adres": "Сеул-Дискавриинвест", "Tizimdako'": null, "Tadbirkorb": "йўқ", "Qurilishya": "yakunlanmagan", "Ruxsatberi": null, "Faolgao'tg": null, "Kontroller": null, "Y": "41.300093", "X": "69.246440", "Field14": null }, "geometry": { "type": "Point", "coordinates": [ 69.24644, 41.300093 ] } },
{ "type": "Feature", "properties": { "ID": "01-437", "?": "ИТС", "Tuman": null, "Adres": "КХАЙ–Груднаяхирургия", "Tizimdako'": "Tizimdako'ringan", "Tadbirkorb": "йўқ", "Qurilishya": "Yakunlangan", "Ruxsatberi": null, "Faolgao'tg": null, "Kontroller": "Tizimdamavjud", "Y": "41.272374", "X": "69.208192", "Field14": null }, "geometry": { "type": "Point", "coordinates": [ 69.208192, 41.272374 ] } },
{ "type": "Feature", "properties": { "ID": "01-438", "?": "ИТС", "Tuman": null, "Adres": "Чупонота-Нурхон", "Tizimdako'": "Tizimdako'ringan", "Tadbirkorb": "йўқ", "Qurilishya": "Yakunlangan", "Ruxsatberi": null, "Faolgao'tg": null, "Kontroller": "Tizimdamavjud", "Y": "41.27592", "X": "69.22237", "Field14": null }, "geometry": { "type": "Point", "coordinates": [ 69.22237, 41.27592 ] } },
{ "type": "Feature", "properties": { "ID": "01-439", "?": "ИТС", "Tuman": null, "Adres": "“Sug‘aliota–Diyor”", "Tizimdako'": "mavjudemas", "Tadbirkorb": "йўқ", "Qurilishya": "Yakunlangan", "Ruxsatberi": null, "Faolgao'tg": null, "Kontroller": "Tizimdayo'q", "Y": "41.260418", "X": "69.173281", "Field14": null }, "geometry": { "type": "Point", "coordinates": [ 69.173281, 41.260418 ] } },
{ "type": "Feature", "properties": { "ID": "01-440", "?": "ИТС", "Tuman": "Юнусабодт.", "Adres": "Богистон–1торЬогистон", "Tizimdako'": null, "Tadbirkorb": "ҳа", "Qurilishya": "yakunlanmagan", "Ruxsatberi": null, "Faolgao'tg": null, "Kontroller": null, "Y": "41.356783", "X": "69.325645", "Field14": null }, "geometry": { "type": "Point", "coordinates": [ 69.325645, 41.356783 ] } },
{ "type": "Feature", "properties": { "ID": "01-445", "?": "ИТС", "Tuman": "Яккасаройт.", "Adres": "Мукимий–Шохжохон", "Tizimdako'": null, "Tadbirkorb": "ҳа", "Qurilishya": "Jarayonda", "Ruxsatberi": null, "Faolgao'tg": null, "Kontroller": null, "Y": "41.282818", "X": "69.238098", "Field14": null }, "geometry": { "type": "Point", "coordinates": [ 69.238098, 41.282818 ] } },
{ "type": "Feature", "properties": { "ID": "01-446", "?": "ИТС", "Tuman": null, "Adres": "lot2Бобур-Муқимий", "Tizimdako'": "mavjudemas", "Tadbirkorb": "йўқ", "Qurilishya": "Yakunlangan", "Ruxsatberi": "ruxsatyoq", "Faolgao'tg": null, "Kontroller": "Tizimdayo'q", "Y": "41.2806875", "X": "69.2556571", "Field14": null }, "geometry": { "type": "Point", "coordinates": [ 69.2556571, 41.2806875 ] } },
{ "type": "Feature", "properties": { "ID": "01-447", "?": "ИТС", "Tuman": null, "Adres": "Нукус-АбдуллаКаххор", "Tizimdako'": "mavjudemas", "Tadbirkorb": "йўқ", "Qurilishya": "yakunlangan", "Ruxsatberi": "ruxsatyoq", "Faolgao'tg": null, "Kontroller": "Tizimdayo'q", "Y": "41.281829", "X": "69.259503", "Field14": null }, "geometry": { "type": "Point", "coordinates": [ 69.259503, 41.281829 ] } },
{ "type": "Feature", "properties": { "ID": "01-448", "?": "ИТС", "Tuman": null, "Adres": "lot5Nukus-Glinka", "Tizimdako'": "Tizimdako'ringan", "Tadbirkorb": "йўқ", "Qurilishya": "Yakunlangan", "Ruxsatberi": "ruxsatyoq", "Faolgao'tg": null, "Kontroller": "Tizimdayo'q", "Y": "41.284047", "X": "69.265208", "Field14": null }, "geometry": { "type": "Point", "coordinates": [ 69.265208, 41.284047 ] } },
{ "type": "Feature", "properties": { "ID": "01-449", "?": "ИТС", "Tuman": null, "Adres": "lot5Nukus-KichikBeshyogoch", "Tizimdako'": "Tizimdako'ringan", "Tadbirkorb": "йўқ", "Qurilishya": "Yakunlangan", "Ruxsatberi": "ruxsatyoq", "Faolgao'tg": null, "Kontroller": "Tizimdamavjud", "Y": "41.284347", "X": "69.265988", "Field14": null }, "geometry": { "type": "Point", "coordinates": [ 69.265988, 41.284347 ] } },
{ "type": "Feature", "properties": { "ID": "01-451", "?": "ИТС", "Tuman": null, "Adres": "4-etapКХАЙ-АбдуллаКаххор9-торкучаси(Ш.Руставелли-Айбек)", "Tizimdako'": "Transportmavjud", "Tadbirkorb": "ҳа", "Qurilishya": "Yakunlangan", "Ruxsatberi": null, "Faolgao'tg": null, "Kontroller": "Tizimdayo'q", "Y": "41.2703122", "X": "69.2646539", "Field14": null }, "geometry": { "type": "Point", "coordinates": [ 69.2646539, 41.2703122 ] } },
{ "type": "Feature", "properties": { "ID": "01-452", "?": "ИТС", "Tuman": null, "Adres": "4-etapКХАЙ-МассивБАШЛЫК(Ш.Руставелли-Айбек)", "Tizimdako'": "Tizimdako'ringan", "Tadbirkorb": "ҳа", "Qurilishya": "Yakunlangan", "Ruxsatberi": null, "Faolgao'tg": null, "Kontroller": "Tizimdamavjud", "Y": "41.2683205", "X": "69.2522788", "Field14": null }, "geometry": { "type": "Point", "coordinates": [ 69.2522788, 41.2683205 ] } },
{ "type": "Feature", "properties": { "ID": "01-454", "?": "ИТС", "Tuman": null, "Adres": "КХАЙ-1/1уйқаршиси", "Tizimdako'": "Tizimdako'ringan", "Tadbirkorb": "йўқ", "Qurilishya": "Yakunlangan", "Ruxsatberi": null, "Faolgao'tg": null, "Kontroller": "Tizimdamavjud", "Y": "41.265730", "X": "69.241702", "Field14": null }, "geometry": { "type": "Point", "coordinates": [ 69.241702, 41.26573 ] } },
{ "type": "Feature", "properties": { "ID": "01-456", "?": "ИТС", "Tuman": null, "Adres": "lot2Бобур-72-74буй", "Tizimdako'": "mavjudemas", "Tadbirkorb": "йўқ", "Qurilishya": "Yakunlangan", "Ruxsatberi": "ruxsatyoq", "Faolgao'tg": null, "Kontroller": "Tizimdayo'q", "Y": "41.272181", "X": "69.259381", "Field14": null }, "geometry": { "type": "Point", "coordinates": [ 69.259381, 41.272181 ] } },
{ "type": "Feature", "properties": { "ID": "01-465", "?": "ИТС", "Tuman": null, "Adres": "Ш.Руставели-К.Яшин", "Tizimdako'": "Tizimdako'ringan", "Tadbirkorb": "ҳа", "Qurilishya": "Yakunlangan", "Ruxsatberi": null, "Faolgao'tg": null, "Kontroller": "Tizimdamavjud", "Y": "41.274054", "X": "69.240920", "Field14": null }, "geometry": { "type": "Point", "coordinates": [ 69.24092, 41.274054 ] } },
{ "type": "Feature", "properties": { "ID": "01-466", "?": "ИТС", "Tuman": null, "Adres": "Ш.Руставели-59уй", "Tizimdako'": "Tizimdako'ringan", "Tadbirkorb": "йўқ", "Qurilishya": "Yakunlangan", "Ruxsatberi": null, "Faolgao'tg": null, "Kontroller": "Tizimdamavjud", "Y": "41.281399", "X": "69.249098", "Field14": null }, "geometry": { "type": "Point", "coordinates": [ 69.249098, 41.281399 ] } },
{ "type": "Feature", "properties": { "ID": "01-467", "?": "ИТС", "Tuman": null, "Adres": "“ShotaRustaveli–AbdullaQahhor”", "Tizimdako'": "Tizimdako'ringan", "Tadbirkorb": "йўқ", "Qurilishya": "Yakunlangan", "Ruxsatberi": null, "Faolgao'tg": null, "Kontroller": "Tizimdamavjud", "Y": "41.286707", "X": "69.255269", "Field14": null }, "geometry": { "type": "Point", "coordinates": [ 69.255269, 41.286707 ] } },
{ "type": "Feature", "properties": { "ID": "01-469", "?": "ИТС", "Tuman": null, "Adres": "Ш.Руставели-Боғидил", "Tizimdako'": "Tizimdako'ringan", "Tadbirkorb": "ҳа", "Qurilishya": "Yakunlangan", "Ruxsatberi": null, "Faolgao'tg": null, "Kontroller": "Tizimdamavjud", "Y": "41.292112", "X": "69.261729", "Field14": null }, "geometry": { "type": "Point", "coordinates": [ 69.261729, 41.292112 ] } },
{ "type": "Feature", "properties": { "ID": "01-470", "?": "ИТС", "Tuman": null, "Adres": "Ш.Руставели-Кичикмиробод", "Tizimdako'": "Tizimdako'ringan", "Tadbirkorb": "йўқ", "Qurilishya": "Yakunlangan", "Ruxsatberi": null, "Faolgao'tg": null, "Kontroller": "Tizimdamavjud", "Y": "41.292943", "X": "69.263538", "Field14": null }, "geometry": { "type": "Point", "coordinates": [ 69.263538, 41.292943 ] } },
{ "type": "Feature", "properties": { "ID": "01-471", "?": "ИТС", "Tuman": null, "Adres": "Ш.Руставели-Боғсарой", "Tizimdako'": "Tizimdako'ringan", "Tadbirkorb": "йўқ", "Qurilishya": "Yakunlangan", "Ruxsatberi": null, "Faolgao'tg": null, "Kontroller": "Tizimdamavjud", "Y": "41.293602", "X": "69.264815", "Field14": null }, "geometry": { "type": "Point", "coordinates": [ 69.264815, 41.293602 ] } },
{ "type": "Feature", "properties": { "ID": "01-472", "?": "ИТС", "Tuman": "Яккасаройт.", "Adres": "КичикБешёгоч–А.Қаххор", "Tizimdako'": null, "Tadbirkorb": "йўқ", "Qurilishya": "yakunlanmagan", "Ruxsatberi": null, "Faolgao'tg": null, "Kontroller": null, "Y": "41.280188", "X": "69.269041", "Field14": null }, "geometry": { "type": "Point", "coordinates": [ 69.269041, 41.280188 ] } },
{ "type": "Feature", "properties": { "ID": "01-473", "?": "ИТС", "Tuman": "Яккасаройт.", "Adres": "Яккасарой-Боғибўстон", "Tizimdako'": null, "Tadbirkorb": "йўқ", "Qurilishya": "yakunlanmagan", "Ruxsatberi": null, "Faolgao'tg": null, "Kontroller": null, "Y": "41.267809", "X": "69.227712", "Field14": null }, "geometry": { "type": "Point", "coordinates": [ 69.227712, 41.267809 ] } },
{ "type": "Feature", "properties": { "ID": "01-474", "?": "ИТС", "Tuman": "Яккасаройт.", "Adres": "Шохжахон-ИмомАтТермизий", "Tizimdako'": null, "Tadbirkorb": "ҳа", "Qurilishya": "yakunlanmagan", "Ruxsatberi": null, "Faolgao'tg": null, "Kontroller": null, "Y": "41.287101", "X": "69.243214", "Field14": null }, "geometry": { "type": "Point", "coordinates": [ 69.243214, 41.287101 ] } },
{ "type": "Feature", "properties": { "ID": "01-475", "?": "ИТС", "Tuman": "Яккасаройт.", "Adres": "Кушбеги-3Ауй", "Tizimdako'": null, "Tadbirkorb": "ҳа", "Qurilishya": "yakunlanmagan", "Ruxsatberi": null, "Faolgao'tg": null, "Kontroller": null, "Y": "41.268056", "X": "69.246004", "Field14": null }, "geometry": { "type": "Point", "coordinates": [ 69.246004, 41.268056 ] } },
{ "type": "Feature", "properties": { "ID": "01-476", "?": "ИТС", "Tuman": null, "Adres": "Боғибўстон-Чўпонота", "Tizimdako'": "Tizimdako'ringan", "Tadbirkorb": "йўқ", "Qurilishya": "Yakunlangan", "Ruxsatberi": null, "Faolgao'tg": null, "Kontroller": "Tizimdamavjud", "Y": "41.27046", "X": "69.23075", "Field14": null }, "geometry": { "type": "Point", "coordinates": [ 69.23075, 41.27046 ] } },
{ "type": "Feature", "properties": { "ID": "01-477", "?": "ИТС", "Tuman": null, "Adres": "“Bobur–Do‘stlikbog‘i”", "Tizimdako'": "mavjudemas", "Tadbirkorb": "йўқ", "Qurilishya": "Yakunlangan", "Ruxsatberi": null, "Faolgao'tg": null, "Kontroller": "Tizimdayo'q", "Y": "41.289297", "X": "69.251952", "Field14": null }, "geometry": { "type": "Point", "coordinates": [ 69.251952, 41.289297 ] } },
{ "type": "Feature", "properties": { "ID": "01-478", "?": "ИТС", "Tuman": null, "Adres": "“Farg‘onayo‘li–AbduraufFitrat”", "Tizimdako'": "mavjudemas", "Tadbirkorb": "ҳа", "Qurilishya": "Yakunlangan", "Ruxsatberi": null, "Faolgao'tg": null, "Kontroller": "Tizimdayo'q", "Y": "41.273135", "X": "69.310832", "Field14": null }, "geometry": { "type": "Point", "coordinates": [ 69.310832, 41.273135 ] } },
{ "type": "Feature", "properties": { "ID": "01-479", "?": "ИТС", "Tuman": null, "Adres": "“Farg‘onayo‘li–Norxo‘jaev”", "Tizimdako'": "mavjudemas", "Tadbirkorb": "ҳа", "Qurilishya": "Yakunlangan", "Ruxsatberi": null, "Faolgao'tg": null, "Kontroller": "Tizimdayo'q", "Y": "41.280323", "X": "69.306612", "Field14": null }, "geometry": { "type": "Point", "coordinates": [ 69.306612, 41.280323 ] } },
{ "type": "Feature", "properties": { "ID": "01-480", "?": "ИТС", "Tuman": null, "Adres": "Fargonayo`li-bakuko`chasi", "Tizimdako'": "Tizimdako'ringan", "Tadbirkorb": "йўқ", "Qurilishya": "Yakunlangan", "Ruxsatberi": null, "Faolgao'tg": null, "Kontroller": "Tizimdamavjud", "Y": "41.287205", "X": "69.303051", "Field14": null }, "geometry": { "type": "Point", "coordinates": [ 69.303051, 41.287205 ] } },
{ "type": "Feature", "properties": { "ID": "01-481", "?": "ИТС", "Tuman": null, "Adres": "“Farg‘onayo‘li–GeksanOil”", "Tizimdako'": "mavjudemas", "Tadbirkorb": "йўқ", "Qurilishya": "Yakunlangan", "Ruxsatberi": null, "Faolgao'tg": null, "Kontroller": "Tizimdayo'q", "Y": "41.288929", "X": "69.301801", "Field14": null }, "geometry": { "type": "Point", "coordinates": [ 69.301801, 41.288929 ] } },
{ "type": "Feature", "properties": { "ID": "01-483", "?": "ИТС", "Tuman": null, "Adres": "Nukus-TShevchenko", "Tizimdako'": "mavjudemas", "Tadbirkorb": "йўқ", "Qurilishya": "Yakunlangan", "Ruxsatberi": "ruxsatyoq", "Faolgao'tg": null, "Kontroller": "Tizimdayo'q", "Y": "41.2950113", "X": "69.2832443", "Field14": null }, "geometry": { "type": "Point", "coordinates": [ 69.2832443, 41.2950113 ] } },
{ "type": "Feature", "properties": { "ID": "01-485", "?": "ИТС", "Tuman": null, "Adres": "Nukus-Avliyoota", "Tizimdako'": "mavjudemas", "Tadbirkorb": "йўқ", "Qurilishya": "Yakunlangan", "Ruxsatberi": "ruxsatyoq", "Faolgao'tg": null, "Kontroller": "Tizimdayo'q", "Y": "41.291197", "X": "69.277080", "Field14": null }, "geometry": { "type": "Point", "coordinates": [ 69.27708, 41.291197 ] } },
{ "type": "Feature", "properties": { "ID": "01-486", "?": "ИТС", "Tuman": null, "Adres": "lot5Nukus-Mirobodk", "Tizimdako'": "Tizimdako'ringan", "Tadbirkorb": "йўқ", "Qurilishya": "Yakunlangan", "Ruxsatberi": "ruxsatyoq", "Faolgao'tg": null, "Kontroller": "Tizimdamavjud", "Y": "41.2895046", "X": "69.2747317", "Field14": null }, "geometry": { "type": "Point", "coordinates": [ 69.2747317, 41.2895046 ] } },
{ "type": "Feature", "properties": { "ID": "01-488", "?": "ИТС", "Tuman": null, "Adres": "Шахрисабз-Афросиёб", "Tizimdako'": "mavjudemas", "Tadbirkorb": "йўқ", "Qurilishya": "Jarayonda", "Ruxsatberi": "ruxsatyoq", "Faolgao'tg": null, "Kontroller": "Tizimdayo'q", "Y": "41.298683", "X": "69.273225", "Field14": null }, "geometry": { "type": "Point", "coordinates": [ 69.273225, 41.298683 ] } },
{ "type": "Feature", "properties": { "ID": "01-490", "?": "ИТС", "Tuman": "Мирободт.", "Adres": "Шахрисабз-А.Темур", "Tizimdako'": null, "Tadbirkorb": "йўқ", "Qurilishya": "yakunlanmagan", "Ruxsatberi": "ruxsatyoq", "Faolgao'tg": null, "Kontroller": null, "Y": "41.302769", "X": "69.279394", "Field14": null }, "geometry": { "type": "Point", "coordinates": [ 69.279394, 41.302769 ] } },
{ "type": "Feature", "properties": { "ID": "01-491", "?": "ИТС", "Tuman": "Мирободт.", "Adres": "Истиқбол-Шахрисабз", "Tizimdako'": null, "Tadbirkorb": "йўқ", "Qurilishya": "yakunlanmagan", "Ruxsatberi": "ruxsatyoq", "Faolgao'tg": null, "Kontroller": null, "Y": "41.306672", "X": "69.284228", "Field14": null }, "geometry": { "type": "Point", "coordinates": [ 69.284228, 41.306672 ] } },
{ "type": "Feature", "properties": { "ID": "01-492", "?": "ИТС", "Tuman": null, "Adres": "I.Karimov-A.Temur", "Tizimdako'": "mavjudemas", "Tadbirkorb": "йўқ", "Qurilishya": "Yakunlangan", "Ruxsatberi": null, "Faolgao'tg": null, "Kontroller": "Tizimdayo'q", "Y": "41.3053", "X": "69.2784", "Field14": null }, "geometry": { "type": "Point", "coordinates": [ 69.2784, 41.3053 ] } },
{ "type": "Feature", "properties": { "ID": "01-494", "?": "ИТС", "Tuman": null, "Adres": "lot4Махтумқули-Шахрисабз", "Tizimdako'": "Tizimdako'ringan", "Tadbirkorb": "йўқ", "Qurilishya": "Yakunlangan", "Ruxsatberi": "ruxsatyoq", "Faolgao'tg": null, "Kontroller": "Tizimdamavjud", "Y": "41.309276", "X": "69.2863428", "Field14": null }, "geometry": { "type": "Point", "coordinates": [ 69.2863428, 41.309276 ] } },
{ "type": "Feature", "properties": { "ID": "01-495", "?": "ИТС", "Tuman": "М.Улуғбект.", "Adres": "ЎзбекистонОвози-Шахрисабз", "Tizimdako'": null, "Tadbirkorb": "йўқ", "Qurilishya": "yakunlanmagan", "Ruxsatberi": "ruxsatyoq", "Faolgao'tg": null, "Kontroller": null, "Y": "41.311550", "X": "69.286956", "Field14": null }, "geometry": { "type": "Point", "coordinates": [ 69.286956, 41.31155 ] } },
{ "type": "Feature", "properties": { "ID": "01-496", "?": "ИТС", "Tuman": "М.Улуғбект.", "Adres": "Мустақиллик-Шахрисабз", "Tizimdako'": null, "Tadbirkorb": "йўқ", "Qurilishya": "yakunlanmagan", "Ruxsatberi": "ruxsatyoq", "Faolgao'tg": null, "Kontroller": null, "Y": "41.313769", "X": "69.286264", "Field14": null }, "geometry": { "type": "Point", "coordinates": [ 69.286264, 41.313769 ] } },
{ "type": "Feature", "properties": { "ID": "01-497", "?": "ИТС", "Tuman": "Юнусабодт.", "Adres": "А.Темур-Шахрисабз", "Tizimdako'": null, "Tadbirkorb": "йўқ", "Qurilishya": "yakunlanmagan", "Ruxsatberi": "ruxsatyoq", "Faolgao'tg": null, "Kontroller": null, "Y": "41.316753", "X": "69.280956", "Field14": null }, "geometry": { "type": "Point", "coordinates": [ 69.280956, 41.316753 ] } },
{ "type": "Feature", "properties": { "ID": "01-499", "?": "ИТС", "Tuman": "Юнусабодт.", "Adres": "Навоий-Хятт", "Tizimdako'": null, "Tadbirkorb": "йўқ", "Qurilishya": "yakunlanmagan", "Ruxsatberi": "ruxsatyoq", "Faolgao'tg": null, "Kontroller": null, "Y": "41.317688", "X": "69.276605", "Field14": null }, "geometry": { "type": "Point", "coordinates": [ 69.276605, 41.317688 ] } },
{ "type": "Feature", "properties": { "ID": "01-500", "?": "ИТС", "Tuman": "Юнусабодт.", "Adres": "Навоий-Ш.Рашидов", "Tizimdako'": null, "Tadbirkorb": "йўқ", "Qurilishya": "yakunlanmagan", "Ruxsatberi": "ruxsatyoq", "Faolgao'tg": null, "Kontroller": null, "Y": "41.318869", "X": "69.271713", "Field14": null }, "geometry": { "type": "Point", "coordinates": [ 69.271713, 41.318869 ] } },
{ "type": "Feature", "properties": { "ID": "01-501", "?": "ИТС", "Tuman": "Мирободт.", "Adres": "Ш.Рашидов-И.Каримов", "Tizimdako'": null, "Tadbirkorb": "ҳа", "Qurilishya": "yakunlanmagan", "Ruxsatberi": "ruxsatyoq", "Faolgao'tg": null, "Kontroller": null, "Y": "41.309480", "X": "69.267489", "Field14": null }, "geometry": { "type": "Point", "coordinates": [ 69.267489, 41.30948 ] } },
{ "type": "Feature", "properties": { "ID": "01-502", "?": "ИТС", "Tuman": "Мирободт.", "Adres": "И.Кримов-Сенат", "Tizimdako'": null, "Tadbirkorb": "йўқ", "Qurilishya": "yakunlanmagan", "Ruxsatberi": null, "Faolgao'tg": null, "Kontroller": null, "Y": "41.308477", "X": "69.271480", "Field14": null }, "geometry": { "type": "Point", "coordinates": [ 69.27148, 41.308477 ] } },
{ "type": "Feature", "properties": { "ID": "01-503", "?": "ИТС", "Tuman": "Яккасаройт.", "Adres": "Афросиёб-Раджаби", "Tizimdako'": null, "Tadbirkorb": "йўқ", "Qurilishya": "yakunlanmagan", "Ruxsatberi": null, "Faolgao'tg": null, "Kontroller": null, "Y": "41.305572", "X": "69.263729", "Field14": null }, "geometry": { "type": "Point", "coordinates": [ 69.263729, 41.305572 ] } },
{ "type": "Feature", "properties": { "ID": "01-504", "?": "ИТС", "Tuman": "Яккасаройт.", "Adres": "Миробод-СтоянкаМВД", "Tizimdako'": null, "Tadbirkorb": "йўқ", "Qurilishya": "yakunlanmagan", "Ruxsatberi": null, "Faolgao'tg": null, "Kontroller": null, "Y": "41.302199", "X": "69.266239", "Field14": null }, "geometry": { "type": "Point", "coordinates": [ 69.266239, 41.302199 ] } },
{ "type": "Feature", "properties": { "ID": "01-505", "?": "ИТС", "Tuman": "Чилонзорт.", "Adres": "И.Каримов-Бешёғоч", "Tizimdako'": null, "Tadbirkorb": "йўқ", "Qurilishya": "yakunlanmagan", "Ruxsatberi": null, "Faolgao'tg": null, "Kontroller": null, "Y": "41.311161", "X": "69.259293", "Field14": null }, "geometry": { "type": "Point", "coordinates": [ 69.259293, 41.311161 ] } },
{ "type": "Feature", "properties": { "ID": "01-507", "?": "ИТС", "Tuman": "Чилонзорт.", "Adres": "Фурқат-Бешёғоч", "Tizimdako'": null, "Tadbirkorb": "йўқ", "Qurilishya": "Jarayonda", "Ruxsatberi": null, "Faolgao'tg": null, "Kontroller": null, "Y": "41.304161", "X": "69.247211", "Field14": null }, "geometry": { "type": "Point", "coordinates": [ 69.247211, 41.304161 ] } },
{ "type": "Feature", "properties": { "ID": "01-508", "?": "ИТС", "Tuman": null, "Adres": "lot2Фурқат-Сеул", "Tizimdako'": "mavjudemas", "Tadbirkorb": "йўқ", "Qurilishya": "Yakunlangan", "Ruxsatberi": null, "Faolgao'tg": null, "Kontroller": "Tizimdayo'q", "Y": "41.302235", "X": "69.248238", "Field14": null }, "geometry": { "type": "Point", "coordinates": [ 69.248238, 41.302235 ] } },
{ "type": "Feature", "properties": { "ID": "01-509", "?": "ИТС", "Tuman": "Чилонзорт.", "Adres": "Муқумий-Арнасой", "Tizimdako'": null, "Tadbirkorb": "ҳа", "Qurilishya": "Jarayonda", "Ruxsatberi": null, "Faolgao'tg": null, "Kontroller": null, "Y": "41.285508", "X": "69.233406", "Field14": null }, "geometry": { "type": "Point", "coordinates": [ 69.233406, 41.285508 ] } },
{ "type": "Feature", "properties": { "ID": "01-510", "?": "ИТС", "Tuman": "Юнусабодт.", "Adres": null, "Tizimdako'": null, "Tadbirkorb": "ҳа", "Qurilishya": "yakunlanmagan", "Ruxsatberi": null, "Faolgao'tg": null, "Kontroller": null, "Y": "41.3747", "X": "69.2878", "Field14": null }, "geometry": { "type": "Point", "coordinates": [ 69.2878, 41.3747 ] } },
{ "type": "Feature", "properties": { "ID": "01-517", "?": "ИТС", "Tuman": "Шайхонтохурт.", "Adres": "А.Навоий-Беруний", "Tizimdako'": null, "Tadbirkorb": "ҳа", "Qurilishya": "Yakunlangan", "Ruxsatberi": null, "Faolgao'tg": null, "Kontroller": "Tizimdamavjud", "Y": "41.322496", "X": "69.236463", "Field14": null }, "geometry": { "type": "Point", "coordinates": [ 69.236463, 41.322496 ] } },
{ "type": "Feature", "properties": { "ID": "01-518", "?": "ИТС", "Tuman": null, "Adres": "А.Навоий-Доридармон", "Tizimdako'": "mavjudemas", "Tadbirkorb": "йўқ", "Qurilishya": "Yakunlangan", "Ruxsatberi": null, "Faolgao'tg": null, "Kontroller": "Tizimdayo'q", "Y": "41.322262", "X": "69.238961", "Field14": null }, "geometry": { "type": "Point", "coordinates": [ 69.238961, 41.322262 ] } },
{ "type": "Feature", "properties": { "ID": "01-519", "?": "ИТС", "Tuman": "Шайхонтохурт.", "Adres": "А.Навоий-Хадрамайдони", "Tizimdako'": null, "Tadbirkorb": "ҳа", "Qurilishya": "Yakunlangan", "Ruxsatberi": null, "Faolgao'tg": null, "Kontroller": "Tizimdayo'q", "Y": "41.322034", "X": "69.242759", "Field14": null }, "geometry": { "type": "Point", "coordinates": [ 69.242759, 41.322034 ] } },
{ "type": "Feature", "properties": { "ID": "01-520", "?": "ИТС", "Tuman": null, "Adres": "А.Навоий-Академиктеатр", "Tizimdako'": "mavjudemas", "Tadbirkorb": "ҳа", "Qurilishya": "Yakunlangan", "Ruxsatberi": null, "Faolgao'tg": null, "Kontroller": "Tizimdayo'q", "Y": "41.321773", "X": "69.246224", "Field14": null }, "geometry": { "type": "Point", "coordinates": [ 69.246224, 41.321773 ] } },
{ "type": "Feature", "properties": { "ID": "01-521", "?": "ИТС", "Tuman": null, "Adres": "А.Навоий-28А-уй", "Tizimdako'": "mavjudemas", "Tadbirkorb": "йўқ", "Qurilishya": "Yakunlangan", "Ruxsatberi": null, "Faolgao'tg": null, "Kontroller": "Tizimdayo'q", "Y": "41.321585", "X": "69.24863", "Field14": null }, "geometry": { "type": "Point", "coordinates": [ 69.24863, 41.321585 ] } },
{ "type": "Feature", "properties": { "ID": "01-523", "?": "ИТС", "Tuman": null, "Adres": "А.Навоий-22-уй", "Tizimdako'": "mavjudemas", "Tadbirkorb": "ҳа", "Qurilishya": "Yakunlangan", "Ruxsatberi": null, "Faolgao'tg": null, "Kontroller": "Tizimdayo'q", "Y": "41.321022", "X": "69.257143", "Field14": null }, "geometry": { "type": "Point", "coordinates": [ 69.257143, 41.321022 ] } },
{ "type": "Feature", "properties": { "ID": "01-525", "?": "ИТС", "Tuman": null, "Adres": "А.Навоий-Лабзак", "Tizimdako'": "mavjudemas", "Tadbirkorb": "ҳа", "Qurilishya": "Yakunlangan", "Ruxsatberi": "ruxsatyoq", "Faolgao'tg": null, "Kontroller": "Tizimdayo'q", "Y": "41.320512", "X": "69.264662", "Field14": null }, "geometry": { "type": "Point", "coordinates": [ 69.264662, 41.320512 ] } },
{ "type": "Feature", "properties": { "ID": "01-527", "?": "ИТС", "Tuman": null, "Adres": "ЯнгиСергели-М.Алавия", "Tizimdako'": "Tizimdako'ringan", "Tadbirkorb": "ҳа", "Qurilishya": "Yakunlangan", "Ruxsatberi": null, "Faolgao'tg": null, "Kontroller": "Tizimdamavjud", "Y": "41.2269", "X": "69.2197", "Field14": null }, "geometry": { "type": "Point", "coordinates": [ 69.2197, 41.2269 ] } },
{ "type": "Feature", "properties": { "ID": "01-528", "?": "ИТС", "Tuman": "Сергелит.", "Adres": "ЯнгиСергели-4уй", "Tizimdako'": null, "Tadbirkorb": "йўқ", "Qurilishya": "Yakunlangan", "Ruxsatberi": null, "Faolgao'tg": null, "Kontroller": "Tizimdayo'q", "Y": "41.224050", "X": "69.221572", "Field14": null }, "geometry": { "type": "Point", "coordinates": [ 69.221572, 41.22405 ] } },
{ "type": "Feature", "properties": { "ID": "01-530", "?": "ИТС", "Tuman": "Сергелит.", "Adres": "Бобур-Аэропорт", "Tizimdako'": null, "Tadbirkorb": "ҳа", "Qurilishya": "yakunlanmagan", "Ruxsatberi": "ruxsatyoq", "Faolgao'tg": null, "Kontroller": null, "Y": "41.264347", "X": "69.265058", "Field14": null }, "geometry": { "type": "Point", "coordinates": [ 69.265058, 41.264347 ] } },
{ "type": "Feature", "properties": { "ID": "01-531", "?": "ИТС", "Tuman": null, "Adres": "lot2Бобур-46-1уй", "Tizimdako'": "mavjudemas", "Tadbirkorb": "йўқ", "Qurilishya": "yakunlangan", "Ruxsatberi": "ruxsatyoq", "Faolgao'tg": null, "Kontroller": "Tizimdayo'q", "Y": "41.276686", "X": "69.257374", "Field14": null }, "geometry": { "type": "Point", "coordinates": [ 69.257374, 41.276686 ] } },
{ "type": "Feature", "properties": { "ID": "01-532", "?": "ИТС", "Tuman": "Чилонзорт.", "Adres": "Қоратош-И.Каримов", "Tizimdako'": null, "Tadbirkorb": "ҳа", "Qurilishya": "Jarayonda", "Ruxsatberi": null, "Faolgao'tg": null, "Kontroller": null, "Y": "41.311698", "X": "69.241722", "Field14": null }, "geometry": { "type": "Point", "coordinates": [ 69.241722, 41.311698 ] } },
{ "type": "Feature", "properties": { "ID": "01-534", "?": "ИТС", "Tuman": "Учтепат.", "Adres": "МКАД-Бешқайрағоч", "Tizimdako'": null, "Tadbirkorb": "йўқ", "Qurilishya": "Jarayonda", "Ruxsatberi": null, "Faolgao'tg": null, "Kontroller": null, "Y": "41.322303", "X": "69.193139", "Field14": null }, "geometry": { "type": "Point", "coordinates": [ 69.193139, 41.322303 ] } },
{ "type": "Feature", "properties": { "ID": "01-536", "?": "ИТС", "Tuman": "Шайхонтохурт.", "Adres": "Қоратош-Лайлитўғон", "Tizimdako'": null, "Tadbirkorb": "йўқ", "Qurilishya": "yakunlanmagan", "Ruxsatberi": null, "Faolgao'tg": null, "Kontroller": null, "Y": "41.320319", "X": "69.225306", "Field14": null }, "geometry": { "type": "Point", "coordinates": [ 69.225306, 41.320319 ] } },
{ "type": "Feature", "properties": { "ID": "01-537", "?": "ИТС", "Tuman": "Шайхонтохурт.", "Adres": "Қоратош-Сузукотамақбараси", "Tizimdako'": null, "Tadbirkorb": "йўқ", "Qurilishya": "Yakunlangan", "Ruxsatberi": null, "Faolgao'tg": null, "Kontroller": "Tizimdayo'q", "Y": "41.318707", "X": "69.228173", "Field14": null }, "geometry": { "type": "Point", "coordinates": [ 69.228173, 41.318707 ] } },
{ "type": "Feature", "properties": { "ID": "01-539", "?": "ИТС", "Tuman": null, "Adres": "lot4Махтумқули-С.Азимов", "Tizimdako'": "Tizimdako'ringan", "Tadbirkorb": "ҳа", "Qurilishya": "Yakunlangan", "Ruxsatberi": "ruxsatyoq", "Faolgao'tg": null, "Kontroller": "Tizimdamavjud", "Y": "41.3075674", "X": "69.292157", "Field14": null }, "geometry": { "type": "Point", "coordinates": [ 69.292157, 41.3075674 ] } },
{ "type": "Feature", "properties": { "ID": "01-540", "?": "ИТС", "Tuman": "Яшнабодт.", "Adres": "Тараққиёт-Тошми", "Tizimdako'": null, "Tadbirkorb": "ҳа", "Qurilishya": "yakunlanmagan", "Ruxsatberi": "ruxsatyoq", "Faolgao'tg": null, "Kontroller": null, "Y": "41.307622", "X": "69.299465", "Field14": null }, "geometry": { "type": "Point", "coordinates": [ 69.299465, 41.307622 ] } },
{ "type": "Feature", "properties": { "ID": "01-541", "?": "ИТС", "Tuman": "Яшнабодт.", "Adres": "Махтумқули-М.Улуғбек", "Tizimdako'": null, "Tadbirkorb": "йўқ", "Qurilishya": "yakunlanmagan", "Ruxsatberi": "ruxsatyoq", "Faolgao'tg": null, "Kontroller": null, "Y": "41.305375", "X": "69.306897", "Field14": null }, "geometry": { "type": "Point", "coordinates": [ 69.306897, 41.305375 ] } },
{ "type": "Feature", "properties": { "ID": "01-542", "?": "ИТС", "Tuman": null, "Adres": "lot4Махтумқули-Технопарк", "Tizimdako'": "Tizimdako'ringan", "Tadbirkorb": "йўқ", "Qurilishya": "Yakunlangan", "Ruxsatberi": "ruxsatyoq", "Faolgao'tg": null, "Kontroller": null, "Y": "41.3043581", "X": "69.3218352", "Field14": null }, "geometry": { "type": "Point", "coordinates": [ 69.3218352, 41.3043581 ] } },
{ "type": "Feature", "properties": { "ID": "01-543", "?": "ИТС", "Tuman": null, "Adres": "Махтумқули-Танхо", "Tizimdako'": "Tizimdako'ringan", "Tadbirkorb": "йўқ", "Qurilishya": "Yakunlangan", "Ruxsatberi": "ruxsatyoq", "Faolgao'tg": null, "Kontroller": "Tizimdamavjud", "Y": "41.320222", "X": "69.388454", "Field14": null }, "geometry": { "type": "Point", "coordinates": [ 69.388454, 41.320222 ] } },
{ "type": "Feature", "properties": { "ID": "01-544", "?": "ИТС", "Tuman": "Яшнабодт.", "Adres": "Махтумқули-Акфауниверситети", "Tizimdako'": null, "Tadbirkorb": "йўқ", "Qurilishya": "Yakunlangan", "Ruxsatberi": null, "Faolgao'tg": null, "Kontroller": "Tizimdamavjud", "Y": "41.326324", "X": "69.428799", "Field14": null }, "geometry": { "type": "Point", "coordinates": [ 69.428799, 41.326324 ] } },
{ "type": "Feature", "properties": { "ID": "01-545", "?": "ИТС", "Tuman": null, "Adres": "КХАЙ-Талабалар", "Tizimdako'": "Tizimdako'ringan", "Tadbirkorb": "ҳа", "Qurilishya": "Yakunlangan", "Ruxsatberi": null, "Faolgao'tg": null, "Kontroller": "Tizimdamavjud", "Y": "41.3474", "X": "69.2159", "Field14": null }, "geometry": { "type": "Point", "coordinates": [ 69.2159, 41.3474 ] } },
{ "type": "Feature", "properties": { "ID": "01-546", "?": "ИТС", "Tuman": null, "Adres": "КХАЙ-Фаробий", "Tizimdako'": "Tizimdako'ringan", "Tadbirkorb": "ҳа", "Qurilishya": "Yakunlangan", "Ruxsatberi": null, "Faolgao'tg": null, "Kontroller": "Tizimdamavjud", "Y": "41.3424", "X": "69.2108", "Field14": null }, "geometry": { "type": "Point", "coordinates": [ 69.2108, 41.3424 ] } },
{ "type": "Feature", "properties": { "ID": "01-547", "?": "ИТС", "Tuman": null, "Adres": "КХАЙ-Сағбон", "Tizimdako'": "Tizimdako'ringan", "Tadbirkorb": "ҳа", "Qurilishya": "Yakunlangan", "Ruxsatberi": null, "Faolgao'tg": null, "Kontroller": "Tizimdamavjud", "Y": "41.34957", "X": "69.22749", "Field14": null }, "geometry": { "type": "Point", "coordinates": [ 69.22749, 41.34957 ] } },
{ "type": "Feature", "properties": { "ID": "01-555", "?": "ИТС", "Tuman": "Учтепат.", "Adres": "Фарход-Лутфий", "Tizimdako'": null, "Tadbirkorb": "ҳа", "Qurilishya": "Yakunlangan", "Ruxsatberi": null, "Faolgao'tg": null, "Kontroller": "Tizimdayo'q", "Y": "41.286375", "X": "69.186006", "Field14": null }, "geometry": { "type": "Point", "coordinates": [ 69.186006, 41.286375 ] } },
{ "type": "Feature", "properties": { "ID": "01-557", "?": "ИТС", "Tuman": "Учтепат.", "Adres": "Фарход-Каттахирмонтепа", "Tizimdako'": null, "Tadbirkorb": "ҳа", "Qurilishya": "Yakunlangan", "Ruxsatberi": null, "Faolgao'tg": null, "Kontroller": "Tizimdayo'q", "Y": "41.291907", "X": "69.179012", "Field14": null }, "geometry": { "type": "Point", "coordinates": [ 69.179012, 41.291907 ] } },
{ "type": "Feature", "properties": { "ID": "01-558", "?": "ИТС", "Tuman": "Учтепат.", "Adres": "Журжоний-Махорат", "Tizimdako'": null, "Tadbirkorb": "ҳа", "Qurilishya": "yakunlanmagan", "Ruxsatberi": null, "Faolgao'tg": null, "Kontroller": null, "Y": "41.303894", "X": "69.170635", "Field14": null }, "geometry": { "type": "Point", "coordinates": [ 69.170635, 41.303894 ] } },
{ "type": "Feature", "properties": { "ID": "01-559", "?": "ИТС", "Tuman": "Учтепат.", "Adres": "Назарбек-М.Уйғур", "Tizimdako'": null, "Tadbirkorb": "ҳа", "Qurilishya": "Jarayonda", "Ruxsatberi": null, "Faolgao'tg": null, "Kontroller": null, "Y": "41.309227", "X": "69.167636", "Field14": null }, "geometry": { "type": "Point", "coordinates": [ 69.167636, 41.309227 ] } },
{ "type": "Feature", "properties": { "ID": "01-562", "?": "ИТС", "Tuman": null, "Adres": "КХАЙ-Аллонторкучаси", "Tizimdako'": "Tizimdako'ringan", "Tadbirkorb": "ҳа", "Qurilishya": "Yakunlangan", "Ruxsatberi": null, "Faolgao'tg": null, "Kontroller": "Tizimdamavjud", "Y": "41.345302", "X": "69.213756", "Field14": null }, "geometry": { "type": "Point", "coordinates": [ 69.213756, 41.345302 ] } },
{ "type": "Feature", "properties": { "ID": "01-563", "?": "ИТС", "Tuman": null, "Adres": "КХАЙ-Қорасарой", "Tizimdako'": "Tizimdako'ringan", "Tadbirkorb": "ҳа", "Qurilishya": "Yakunlangan", "Ruxsatberi": null, "Faolgao'tg": null, "Kontroller": "Tizimdamavjud", "Y": "41.34836", "X": "69.24154", "Field14": null }, "geometry": { "type": "Point", "coordinates": [ 69.24154, 41.34836 ] } },
{ "type": "Feature", "properties": { "ID": "01-564", "?": "ИТС", "Tuman": null, "Adres": "КХАY-Тахtapul", "Tizimdako'": "Voktortilgan", "Tadbirkorb": "ҳа", "Qurilishya": "Yakunlangan", "Ruxsatberi": null, "Faolgao'tg": null, "Kontroller": "Tizimdamavjud", "Y": "41.3441", "X": "69.263", "Field14": null }, "geometry": { "type": "Point", "coordinates": [ 69.263, 41.3441 ] } },
{ "type": "Feature", "properties": { "ID": "01-565", "?": "ИТС", "Tuman": null, "Adres": "КХАЙ-Ш.Рашидов", "Tizimdako'": "Tizimdako'ringan", "Tadbirkorb": "йўқ", "Qurilishya": "Yakunlangan", "Ruxsatberi": "ruxsatyoq", "Faolgao'tg": null, "Kontroller": "Tizimdamavjud", "Y": "41.334858", "X": "69.279453", "Field14": null }, "geometry": { "type": "Point", "coordinates": [ 69.279453, 41.334858 ] } },
{ "type": "Feature", "properties": { "ID": "01-566", "?": "ИТС", "Tuman": null, "Adres": "КХАЙ-Бодомзорйўли", "Tizimdako'": "Tizimdako'ringan", "Tadbirkorb": "йўқ", "Qurilishya": "Yakunlangan", "Ruxsatberi": "ruxsatyoq", "Faolgao'tg": null, "Kontroller": "Tizimdamavjud", "Y": "41.332567", "X": "69.292064", "Field14": null }, "geometry": { "type": "Point", "coordinates": [ 69.292064, 41.332567 ] } },
{ "type": "Feature", "properties": { "ID": "01-567", "?": "ИТС", "Tuman": null, "Adres": "Kichikhalqayo'li-Darxontepako'chasi(192bogcha)", "Tizimdako'": "Tizimdako'ringan", "Tadbirkorb": "йўқ", "Qurilishya": "Yakunlangan", "Ruxsatberi": "ruxsatyoq", "Faolgao'tg": null, "Kontroller": "Tizimdamavjud", "Y": "41.334056", "X": "69.305856", "Field14": null }, "geometry": { "type": "Point", "coordinates": [ 69.305856, 41.334056 ] } },
{ "type": "Feature", "properties": { "ID": "01-568", "?": "ИТС", "Tuman": "Мирободт.", "Adres": "Фарғонайўли-Қуйлиқота", "Tizimdako'": null, "Tadbirkorb": "йўқ", "Qurilishya": "yakunlanmagan", "Ruxsatberi": null, "Faolgao'tg": null, "Kontroller": null, "Y": "41.240926", "X": "69.329002", "Field14": null }, "geometry": { "type": "Point", "coordinates": [ 69.329002, 41.240926 ] } },
{ "type": "Feature", "properties": { "ID": "01-569", "?": "ИТС", "Tuman": null, "Adres": "Fargonayo`li-11uyqarshisi", "Tizimdako'": "mavjudemas", "Tadbirkorb": "йўқ", "Qurilishya": "Yakunlangan", "Ruxsatberi": null, "Faolgao'tg": null, "Kontroller": "Tizimdayo'q", "Y": "41.244167", "X": "69.327207", "Field14": null }, "geometry": { "type": "Point", "coordinates": [ 69.327207, 41.244167 ] } },
{ "type": "Feature", "properties": { "ID": "01-570", "?": "ИТС", "Tuman": null, "Adres": "Farg'onayo'li-Munis", "Tizimdako'": "mavjudemas", "Tadbirkorb": "йўқ", "Qurilishya": "Yakunlangan", "Ruxsatberi": null, "Faolgao'tg": null, "Kontroller": "Tizimdayo'q", "Y": "41.246286", "X": "69.325868", "Field14": null }, "geometry": { "type": "Point", "coordinates": [ 69.325868, 41.246286 ] } },
{ "type": "Feature", "properties": { "ID": "01-571", "?": "ИТС", "Tuman": null, "Adres": "Fargonayo`li-Munisk", "Tizimdako'": "mavjudemas", "Tadbirkorb": "йўқ", "Qurilishya": "Yakunlangan", "Ruxsatberi": null, "Faolgao'tg": null, "Kontroller": "Tizimdayo'q", "Y": "41.247659", "X": "69.325130", "Field14": null }, "geometry": { "type": "Point", "coordinates": [ 69.32513, 41.247659 ] } },
{ "type": "Feature", "properties": { "ID": "01-572", "?": "ИТС", "Tuman": null, "Adres": "Fargonayo`li-Uysozlark", "Tizimdako'": "mavjudemas", "Tadbirkorb": "ҳа", "Qurilishya": "Yakunlangan", "Ruxsatberi": null, "Faolgao'tg": null, "Kontroller": "Tizimdayo'q", "Y": "41.252593", "X": "69.322570", "Field14": null }, "geometry": { "type": "Point", "coordinates": [ 69.32257, 41.252593 ] } },
{ "type": "Feature", "properties": { "ID": "01-573", "?": "ИТС", "Tuman": null, "Adres": "Fargonayo`li-Yangiqoyliq", "Tizimdako'": "mavjudemas", "Tadbirkorb": "йўқ", "Qurilishya": "Yakunlangan", "Ruxsatberi": null, "Faolgao'tg": null, "Kontroller": "Tizimdayo'q", "Y": "41.255933", "X": "69.320458", "Field14": null }, "geometry": { "type": "Point", "coordinates": [ 69.320458, 41.255933 ] } },
{ "type": "Feature", "properties": { "ID": "01-574", "?": "ИТС", "Tuman": null, "Adres": "Fargonayo`li-Mo`ynoq", "Tizimdako'": "mavjudemas", "Tadbirkorb": "ҳа", "Qurilishya": "Yakunlangan", "Ruxsatberi": null, "Faolgao'tg": null, "Kontroller": "Tizimdayo'q", "Y": "41.259553", "X": "69.318623", "Field14": null }, "geometry": { "type": "Point", "coordinates": [ 69.318623, 41.259553 ] } },
{ "type": "Feature", "properties": { "ID": "01-575", "?": "ИТС", "Tuman": null, "Adres": "Fargonayo`li-285-uyqarshisida", "Tizimdako'": "mavjudemas", "Tadbirkorb": "ҳа", "Qurilishya": "Yakunlangan", "Ruxsatberi": null, "Faolgao'tg": null, "Kontroller": "Tizimdayo'q", "Y": "41.262283", "X": "69.317019", "Field14": null }, "geometry": { "type": "Point", "coordinates": [ 69.317019, 41.262283 ] } },
{ "type": "Feature", "properties": { "ID": "01-576", "?": "ИТС", "Tuman": null, "Adres": "Fargonayo`li-217uybqarshisida", "Tizimdako'": "mavjudemas", "Tadbirkorb": "ҳа", "Qurilishya": "Yakunlangan", "Ruxsatberi": null, "Faolgao'tg": null, "Kontroller": "Tizimdayo'q", "Y": "41.265501", "X": "69.315044", "Field14": null }, "geometry": { "type": "Point", "coordinates": [ 69.315044, 41.265501 ] } },
{ "type": "Feature", "properties": { "ID": "01-577", "?": "ИТС", "Tuman": null, "Adres": "Fargonayo`li-Sayxunk", "Tizimdako'": "mavjudemas", "Tadbirkorb": "йўқ", "Qurilishya": "Yakunlangan", "Ruxsatberi": null, "Faolgao'tg": null, "Kontroller": "Tizimdayo'q", "Y": "41.278019", "X": "69.308086", "Field14": null }, "geometry": { "type": "Point", "coordinates": [ 69.308086, 41.278019 ] } },
{ "type": "Feature", "properties": { "ID": "01-580", "?": "ИТС", "Tuman": null, "Adres": "Nurafshon-ShimoliyOlmazor.", "Tizimdako'": "mavjudemas", "Tadbirkorb": "йўқ", "Qurilishya": "Yakunlangan", "Ruxsatberi": null, "Faolgao'tg": null, "Kontroller": "Tizimdayo'q", "Y": "41.3400783", "X": "69.2508278", "Field14": null }, "geometry": { "type": "Point", "coordinates": [ 69.2508278, 41.3400783 ] } },
{ "type": "Feature", "properties": { "ID": "01-582", "?": "ИТС", "Tuman": null, "Adres": "Osiyo-Sh.Rashidov.", "Tizimdako'": "Voktortilgan", "Tadbirkorb": "йўқ", "Qurilishya": "Yakunlangan", "Ruxsatberi": "ruxsatyoq", "Faolgao'tg": null, "Kontroller": "Tizimdayo'q", "Y": "41.3286026", "X": "69.2743913", "Field14": null }, "geometry": { "type": "Point", "coordinates": [ 69.2743913, 41.3286026 ] } },
{ "type": "Feature", "properties": { "ID": "01-583", "?": "ИТС", "Tuman": null, "Adres": "Осиё-Оқтепалаваш", "Tizimdako'": "mavjudemas", "Tadbirkorb": "йўқ", "Qurilishya": "Yakunlangan", "Ruxsatberi": null, "Faolgao'tg": null, "Kontroller": "Tizimdayo'q", "Y": "41.3281845", "X": "69.2786016", "Field14": null }, "geometry": { "type": "Point", "coordinates": [ 69.2786016, 41.3281845 ] } },
{ "type": "Feature", "properties": { "ID": "01-586", "?": "ИТС", "Tuman": "Яшнабодт.", "Adres": "Паркент-М.Улуғбек", "Tizimdako'": null, "Tadbirkorb": "ҳа", "Qurilishya": "yakunlanmagan", "Ruxsatberi": null, "Faolgao'tg": null, "Kontroller": null, "Y": "41.316772", "X": "69.316494", "Field14": null }, "geometry": { "type": "Point", "coordinates": [ 69.316494, 41.316772 ] } },
{ "type": "Feature", "properties": { "ID": "01-588", "?": "ИТС", "Tuman": "М.Улуғбект.", "Adres": "М.Улуғбек-Мустақилликшох", "Tizimdako'": null, "Tadbirkorb": "йўқ", "Qurilishya": "yakunlanmagan", "Ruxsatberi": "ruxsatyoq", "Faolgao'tg": null, "Kontroller": null, "Y": "41.325713", "X": "69.325719", "Field14": null }, "geometry": { "type": "Point", "coordinates": [ 69.325719, 41.325713 ] } },
{ "type": "Feature", "properties": { "ID": "01-589", "?": "ИТС", "Tuman": "М.Улуғбект.", "Adres": "М.Улуғбек-Дўрмонйўли", "Tizimdako'": null, "Tadbirkorb": "йўқ", "Qurilishya": "Jarayonda", "Ruxsatberi": "ruxsatyoq", "Faolgao'tg": null, "Kontroller": null, "Y": "41.338498", "X": "69.339158", "Field14": null }, "geometry": { "type": "Point", "coordinates": [ 69.339158, 41.338498 ] } },
{ "type": "Feature", "properties": { "ID": "01-590", "?": "ИТС", "Tuman": "М.Улуғбект.", "Adres": "Дўрмонйўли-Зиёлилар", "Tizimdako'": null, "Tadbirkorb": "йўқ", "Qurilishya": "yakunlanmagan", "Ruxsatberi": "ruxsatyoq", "Faolgao'tg": null, "Kontroller": null, "Y": "41.340333", "X": "69.335942", "Field14": null }, "geometry": { "type": "Point", "coordinates": [ 69.335942, 41.340333 ] } },
{ "type": "Feature", "properties": { "ID": "01-591", "?": "ИТС", "Tuman": "М.Улуғбект.", "Adres": "М.УЛуғбек-Шахриобод", "Tizimdako'": null, "Tadbirkorb": "йўқ", "Qurilishya": "yakunlanmagan", "Ruxsatberi": "ruxsatyoq", "Faolgao'tg": null, "Kontroller": null, "Y": "41.344082", "X": "69.344974", "Field14": null }, "geometry": { "type": "Point", "coordinates": [ 69.344974, 41.344082 ] } },
{ "type": "Feature", "properties": { "ID": "01-592", "?": "ИТС", "Tuman": null, "Adres": "М.Улуғбек-Т.Малик", "Tizimdako'": "Tizimdako'ringan", "Tadbirkorb": "йўқ", "Qurilishya": "Yakunlangan", "Ruxsatberi": "ruxsatyoq", "Faolgao'tg": null, "Kontroller": "Tizimdamavjud", "Y": "41.350829", "X": "69.352225", "Field14": null }, "geometry": { "type": "Point", "coordinates": [ 69.352225, 41.350829 ] } },
{ "type": "Feature", "properties": { "ID": "01-594", "?": "ИТС", "Tuman": "М.Улуғбект.", "Adres": "Юзрабод-Дўрмонгазоил", "Tizimdako'": null, "Tadbirkorb": "ҳа", "Qurilishya": "yakunlanmagan", "Ruxsatberi": null, "Faolgao'tg": null, "Kontroller": null, "Y": "41.365211", "X": "69.394461", "Field14": null }, "geometry": { "type": "Point", "coordinates": [ 69.394461, 41.365211 ] } },
{ "type": "Feature", "properties": { "ID": "01-596", "?": "ИТС", "Tuman": "Чилонзорт.", "Adres": "Бунёдкор-Сеул", "Tizimdako'": null, "Tadbirkorb": "йўқ", "Qurilishya": "Yakunlangan", "Ruxsatberi": null, "Faolgao'tg": null, "Kontroller": "Tizimdayo'q", "Y": "41.299588", "X": "69.231671", "Field14": null }, "geometry": { "type": "Point", "coordinates": [ 69.231671, 41.299588 ] } },
{ "type": "Feature", "properties": { "ID": "01-597", "?": "ИТС", "Tuman": null, "Adres": "I.Karimov-Hisobpalatasi", "Tizimdako'": "mavjudemas", "Tadbirkorb": "йўқ", "Qurilishya": "Yakunlangan", "Ruxsatberi": "ruxsatyoq", "Faolgao'tg": null, "Kontroller": "Tizimdayo'q", "Y": "41.310746", "X": "69.263832", "Field14": null }, "geometry": { "type": "Point", "coordinates": [ 69.263832, 41.310746 ] } },
{ "type": "Feature", "properties": { "ID": "01-598", "?": "ИТС", "Tuman": "Мирободт.", "Adres": "ТХАЙ-Порлоқ", "Tizimdako'": null, "Tadbirkorb": "ҳа", "Qurilishya": "Jarayonda", "Ruxsatberi": null, "Faolgao'tg": null, "Kontroller": null, "Y": "41.237884", "X": "69.321527", "Field14": null }, "geometry": { "type": "Point", "coordinates": [ 69.321527, 41.237884 ] } },
{ "type": "Feature", "properties": { "ID": "01-600", "?": "ИТС", "Tuman": "Сергелит.", "Adres": "ТХАЙ-Массив6", "Tizimdako'": null, "Tadbirkorb": "ҳа", "Qurilishya": "Jarayonda", "Ruxsatberi": null, "Faolgao'tg": null, "Kontroller": null, "Y": "41.244361", "X": "69.289182", "Field14": null }, "geometry": { "type": "Point", "coordinates": [ 69.289182, 41.244361 ] } },
{ "type": "Feature", "properties": { "ID": "01-601", "?": "ИТС", "Tuman": "Сергелит.", "Adres": "ТХАЙ-Қумариқ", "Tizimdako'": null, "Tadbirkorb": "ҳа", "Qurilishya": "Jarayonda", "Ruxsatberi": null, "Faolgao'tg": null, "Kontroller": null, "Y": "41.244423", "X": "69.249673", "Field14": null }, "geometry": { "type": "Point", "coordinates": [ 69.249673, 41.244423 ] } },
{ "type": "Feature", "properties": { "ID": "01-608", "?": "ИТС", "Tuman": null, "Adres": "Охангарон-Чўлпон", "Tizimdako'": "Tizimdako'ringan", "Tadbirkorb": "ҳа", "Qurilishya": "Yakunlangan", "Ruxsatberi": null, "Faolgao'tg": null, "Kontroller": "Tizimdamavjud", "Y": "41.29278", "X": "69.35605", "Field14": null }, "geometry": { "type": "Point", "coordinates": [ 69.35605, 41.29278 ] } },
{ "type": "Feature", "properties": { "ID": "01-610", "?": "ИТС", "Tuman": "М.Улуғбект.", "Adres": "Паркент-Мустақиллик", "Tizimdako'": null, "Tadbirkorb": "йўқ", "Qurilishya": "yakunlanmagan", "Ruxsatberi": "ruxsatyoq", "Faolgao'tg": null, "Kontroller": null, "Y": "41.320914", "X": "69.309108", "Field14": null }, "geometry": { "type": "Point", "coordinates": [ 69.309108, 41.320914 ] } },
{ "type": "Feature", "properties": { "ID": "01-611", "?": "ИТС", "Tuman": "М.Улуғбект.", "Adres": "Мустақиллик-Оққурғон", "Tizimdako'": null, "Tadbirkorb": "йўқ", "Qurilishya": "yakunlanmagan", "Ruxsatberi": "ruxsatyoq", "Faolgao'tg": null, "Kontroller": null, "Y": "41.321046", "X": "69.303217", "Field14": null }, "geometry": { "type": "Point", "coordinates": [ 69.303217, 41.321046 ] } },
{ "type": "Feature", "properties": { "ID": "01-612", "?": "ИТС", "Tuman": "М.Улуғбект.", "Adres": "Дўрмонйўли-А.Маткабулов", "Tizimdako'": null, "Tadbirkorb": "йўқ", "Qurilishya": "yakunlanmagan", "Ruxsatberi": "ruxsatyoq", "Faolgao'tg": null, "Kontroller": null, "Y": "41.326676", "X": "69.358741", "Field14": null }, "geometry": { "type": "Point", "coordinates": [ 69.358741, 41.326676 ] } },
{ "type": "Feature", "properties": { "ID": "01-613", "?": "ИТС", "Tuman": "М.Улуғбект.", "Adres": "Дўрмонйўли-Ғазалкент", "Tizimdako'": null, "Tadbirkorb": "йўқ", "Qurilishya": "yakunlanmagan", "Ruxsatberi": "ruxsatyoq", "Faolgao'tg": null, "Kontroller": null, "Y": "41.329049", "X": "69.354746", "Field14": null }, "geometry": { "type": "Point", "coordinates": [ 69.354746, 41.329049 ] } },
{ "type": "Feature", "properties": { "ID": "01-615", "?": "ИТС", "Tuman": null, "Adres": "АхмадДониш-Янгишахар4", "Tizimdako'": "Tizimdako'ringan", "Tadbirkorb": "ҳа", "Qurilishya": "Yakunlangan", "Ruxsatberi": null, "Faolgao'tg": null, "Kontroller": "Tizimdamavjud", "Y": "41.366550", "X": "69.292112", "Field14": null }, "geometry": { "type": "Point", "coordinates": [ 69.292112, 41.36655 ] } },
{ "type": "Feature", "properties": { "ID": "01-623", "?": "ИТС", "Tuman": null, "Adres": "АхмадДониш-ToshkentParfumCosmetik", "Tizimdako'": "Tizimdako'ringan", "Tadbirkorb": "йўқ", "Qurilishya": "Yakunlangan", "Ruxsatberi": null, "Faolgao'tg": null, "Kontroller": "Tizimdamavjud", "Y": "41.360713", "X": "69.279884", "Field14": null }, "geometry": { "type": "Point", "coordinates": [ 69.279884, 41.360713 ] } },
{ "type": "Feature", "properties": { "ID": "01-624", "?": "ИТС", "Tuman": null, "Adres": "АхмадДониш-MaxSport", "Tizimdako'": "Tizimdako'ringan", "Tadbirkorb": "йўқ", "Qurilishya": "Yakunlangan", "Ruxsatberi": null, "Faolgao'tg": null, "Kontroller": "Tizimdamavjud", "Y": "41.359060", "X": "69.276340", "Field14": null }, "geometry": { "type": "Point", "coordinates": [ 69.27634, 41.35906 ] } },
{ "type": "Feature", "properties": { "ID": "01-625", "?": "ИТС", "Tuman": null, "Adres": "Sebzor-Korzinka.", "Tizimdako'": "Tizimdako'ringan", "Tadbirkorb": "ҳа", "Qurilishya": "Yakunlangan", "Ruxsatberi": null, "Faolgao'tg": null, "Kontroller": "Tizimdamavjud", "Y": "41.335970", "X": "69.255073", "Field14": null }, "geometry": { "type": "Point", "coordinates": [ 69.255073, 41.33597 ] } },
{ "type": "Feature", "properties": { "ID": "01-627", "?": "ИТС", "Tuman": "Чилонзорт.", "Adres": "Каттақани-Хилолмед", "Tizimdako'": null, "Tadbirkorb": "ҳа", "Qurilishya": "yakunlanmagan", "Ruxsatberi": null, "Faolgao'tg": null, "Kontroller": null, "Y": "41.263620", "X": "69.180237", "Field14": null }, "geometry": { "type": "Point", "coordinates": [ 69.180237, 41.26362 ] } },
{ "type": "Feature", "properties": { "ID": "01-630", "?": "ИТС", "Tuman": null, "Adres": "Т.Малик-Султония", "Tizimdako'": "Tizimdako'ringan", "Tadbirkorb": "йўқ", "Qurilishya": "Yakunlangan", "Ruxsatberi": "ruxsatyoq", "Faolgao'tg": null, "Kontroller": "Tizimdamavjud", "Y": "41.342237", "X": "69.366246", "Field14": null }, "geometry": { "type": "Point", "coordinates": [ 69.366246, 41.342237 ] } },
{ "type": "Feature", "properties": { "ID": "01-631", "?": "ИТС", "Tuman": "М.Улуғбект.", "Adres": "Т.Малик-Хамроева", "Tizimdako'": null, "Tadbirkorb": "йўқ", "Qurilishya": "yakunlanmagan", "Ruxsatberi": "ruxsatyoq", "Faolgao'tg": null, "Kontroller": null, "Y": "41.333600", "X": "69.377761", "Field14": null }, "geometry": { "type": "Point", "coordinates": [ 69.377761, 41.3336 ] } },
{ "type": "Feature", "properties": { "ID": "01-634", "?": "ИТС", "Tuman": "М.Улуғбект.", "Adres": "Мустақиллик-Сайрам7тор", "Tizimdako'": null, "Tadbirkorb": "йўқ", "Qurilishya": "yakunlanmagan", "Ruxsatberi": "ruxsatyoq", "Faolgao'tg": null, "Kontroller": null, "Y": "41.323866", "X": "69.317639", "Field14": null }, "geometry": { "type": "Point", "coordinates": [ 69.317639, 41.323866 ] } },
{ "type": "Feature", "properties": { "ID": "01-635", "?": "ИТС", "Tuman": null, "Adres": "Buyukipakyo‘li–Sayohatko‘chalarikesishmasi", "Tizimdako'": "Tizimdako'ringan", "Tadbirkorb": "йўқ", "Qurilishya": "Yakunlangan", "Ruxsatberi": "ruxsatyoq", "Faolgao'tg": null, "Kontroller": "Tizimdamavjud", "Y": "41.327447", "X": "69.338801", "Field14": null }, "geometry": { "type": "Point", "coordinates": [ 69.338801, 41.327447 ] } },
{ "type": "Feature", "properties": { "ID": "01-636", "?": "ИТС", "Tuman": null, "Adres": "Buyukipakyo‘li–Salomko‘chalarikesishmasi", "Tizimdako'": "Tizimdako'ringan", "Tadbirkorb": "йўқ", "Qurilishya": "Yakunlangan", "Ruxsatberi": "ruxsatyoq", "Faolgao'tg": null, "Kontroller": "Tizimdamavjud", "Y": "41.328123", "X": "69.343615", "Field14": null }, "geometry": { "type": "Point", "coordinates": [ 69.343615, 41.328123 ] } },
{ "type": "Feature", "properties": { "ID": "01-640", "?": "ИТС", "Tuman": "М.Улуғбект.", "Adres": "Мустақиллик-Шастри", "Tizimdako'": null, "Tadbirkorb": "йўқ", "Qurilishya": "yakunlanmagan", "Ruxsatberi": "ruxsatyoq", "Faolgao'tg": null, "Kontroller": null, "Y": "41.315659", "X": "69.290139", "Field14": null }, "geometry": { "type": "Point", "coordinates": [ 69.290139, 41.315659 ] } },
{ "type": "Feature", "properties": { "ID": "01-641", "?": "ИТС", "Tuman": "Юнусабодт.", "Adres": "А.Қодирий-Ш.Рашидов", "Tizimdako'": null, "Tadbirkorb": "йўқ", "Qurilishya": "yakunlanmagan", "Ruxsatberi": "ruxsatyoq", "Faolgao'tg": null, "Kontroller": null, "Y": "41.322744", "X": "69.272796", "Field14": null }, "geometry": { "type": "Point", "coordinates": [ 69.272796, 41.322744 ] } },
{ "type": "Feature", "properties": { "ID": "01-643", "?": "ИТС", "Tuman": null, "Adres": "Bunyodkor-Qatortolko'chasi.", "Tizimdako'": "mavjudemas", "Tadbirkorb": "ҳа", "Qurilishya": "Yakunlangan", "Ruxsatberi": null, "Faolgao'tg": null, "Kontroller": "Tizimdayo'q", "Y": "41.2683256", "X": "69.2009909", "Field14": null }, "geometry": { "type": "Point", "coordinates": [ 69.2009909, 41.2683256 ] } },
{ "type": "Feature", "properties": { "ID": "01-653", "?": "ИТС", "Tuman": "Мирободт.", "Adres": "Ойбек-Чехова", "Tizimdako'": null, "Tadbirkorb": "йўқ", "Qurilishya": "Yakunlangan", "Ruxsatberi": "ruxsatyoq", "Faolgao'tg": null, "Kontroller": "Tizimdayo'q", "Y": "41.296039", "X": "69.276266", "Field14": null }, "geometry": { "type": "Point", "coordinates": [ 69.276266, 41.296039 ] } },
{ "type": "Feature", "properties": { "ID": "01-654", "?": "ИТС", "Tuman": "Яккасаройт.", "Adres": "Миробод-17уй", "Tizimdako'": null, "Tadbirkorb": "йўқ", "Qurilishya": "yakunlanmagan", "Ruxsatberi": null, "Faolgao'tg": null, "Kontroller": null, "Y": "41.299634", "X": "69.267712", "Field14": null }, "geometry": { "type": "Point", "coordinates": [ 69.267712, 41.299634 ] } },
{ "type": "Feature", "properties": { "ID": "01-655", "?": "ИТС", "Tuman": "М.Улуғбект.", "Adres": "Т.Малик-Макров", "Tizimdako'": null, "Tadbirkorb": "йўқ", "Qurilishya": "yakunlanmagan", "Ruxsatberi": "ruxsatyoq", "Faolgao'tg": null, "Kontroller": null, "Y": "41.315706", "X": "69.354344", "Field14": null }, "geometry": { "type": "Point", "coordinates": [ 69.354344, 41.315706 ] } },
{ "type": "Feature", "properties": { "ID": "01-657", "?": "ИТС", "Tuman": "Мирободт.", "Adres": "Янгиқўйлиқ-2Поликлиника", "Tizimdako'": null, "Tadbirkorb": "ҳа", "Qurilishya": "yakunlanmagan", "Ruxsatberi": null, "Faolgao'tg": null, "Kontroller": null, "Y": "41.253292", "X": "69.312395", "Field14": null }, "geometry": { "type": "Point", "coordinates": [ 69.312395, 41.253292 ] } },
{ "type": "Feature", "properties": { "ID": "01-660", "?": "ИТС", "Tuman": "Учтепат.", "Adres": "М.Уйғур-Зулфизор", "Tizimdako'": null, "Tadbirkorb": "ҳа", "Qurilishya": "Jarayonda", "Ruxsatberi": null, "Faolgao'tg": null, "Kontroller": null, "Y": "41.305124", "X": "69.157696", "Field14": null }, "geometry": { "type": "Point", "coordinates": [ 69.157696, 41.305124 ] } },
{ "type": "Feature", "properties": { "ID": "01-663", "?": "ИТС", "Tuman": "Яшнабодт.", "Adres": "Авиасозлар-Бешариқ", "Tizimdako'": null, "Tadbirkorb": "ҳа", "Qurilishya": "yakunlanmagan", "Ruxsatberi": null, "Faolgao'tg": null, "Kontroller": null, "Y": "41.286123", "X": "69.346401", "Field14": null }, "geometry": { "type": "Point", "coordinates": [ 69.346401, 41.286123 ] } },
{ "type": "Feature", "properties": { "ID": "01-667", "?": "ИТС", "Tuman": null, "Adres": "М.Ашрафий-Слонима", "Tizimdako'": "Tizimdako'ringan", "Tadbirkorb": "ҳа", "Qurilishya": "Yakunlangan", "Ruxsatberi": null, "Faolgao'tg": null, "Kontroller": "Tizimdamavjud", "Y": "41.284199", "X": "69.336458", "Field14": null }, "geometry": { "type": "Point", "coordinates": [ 69.336458, 41.284199 ] } },
{ "type": "Feature", "properties": { "ID": "01-670", "?": "ИТС", "Tuman": "Чилонзорт.", "Adres": "КаттаХирмонтепа-ЦентралАсиа", "Tizimdako'": null, "Tadbirkorb": "ҳа", "Qurilishya": "yakunlanmagan", "Ruxsatberi": null, "Faolgao'tg": null, "Kontroller": null, "Y": "41.267723", "X": "69.182688", "Field14": null }, "geometry": { "type": "Point", "coordinates": [ 69.182688, 41.267723 ] } },
{ "type": "Feature", "properties": { "ID": "01-671", "?": "ИТС", "Tuman": "Чилонзорт.", "Adres": "КаттаҚани-А.Тўқай", "Tizimdako'": null, "Tadbirkorb": "ҳа", "Qurilishya": "yakunlanmagan", "Ruxsatberi": null, "Faolgao'tg": null, "Kontroller": null, "Y": "41.266935", "X": "69.174252", "Field14": null }, "geometry": { "type": "Point", "coordinates": [ 69.174252, 41.266935 ] } },
{ "type": "Feature", "properties": { "ID": "01-673", "?": "ИТС", "Tuman": "Учтепат.", "Adres": "М.Уйғур-Хондамир", "Tizimdako'": null, "Tadbirkorb": "ҳа", "Qurilishya": "Jarayonda", "Ruxsatberi": null, "Faolgao'tg": null, "Kontroller": null, "Y": "41.311218", "X": "69.176178", "Field14": null }, "geometry": { "type": "Point", "coordinates": [ 69.176178, 41.311218 ] } },
{ "type": "Feature", "properties": { "ID": "01-678", "?": "ИТС", "Tuman": "Чилонзорт.", "Adres": "Заргарлик-Сўгаллийота", "Tizimdako'": null, "Tadbirkorb": "ҳа", "Qurilishya": "yakunlanmagan", "Ruxsatberi": null, "Faolgao'tg": null, "Kontroller": null, "Y": "41.262973", "X": "69.162676", "Field14": null }, "geometry": { "type": "Point", "coordinates": [ 69.162676, 41.262973 ] } },
{ "type": "Feature", "properties": { "ID": "01-679", "?": "ИТС", "Tuman": "Шайхонтохурт.", "Adres": "С.Дарвоза-Урак", "Tizimdako'": null, "Tadbirkorb": "ҳа", "Qurilishya": "yakunlanmagan", "Ruxsatberi": null, "Faolgao'tg": null, "Kontroller": null, "Y": "41.313490", "X": "69.226135", "Field14": null }, "geometry": { "type": "Point", "coordinates": [ 69.226135, 41.31349 ] } },
{ "type": "Feature", "properties": { "ID": "01-684", "?": "ИТС", "Tuman": "М.Улуғбект.", "Adres": "Т.Малик-Қорасув6", "Tizimdako'": null, "Tadbirkorb": "йўқ", "Qurilishya": "yakunlanmagan", "Ruxsatberi": "ruxsatyoq", "Faolgao'tg": null, "Kontroller": null, "Y": "41.316521", "X": "69.355578", "Field14": null }, "geometry": { "type": "Point", "coordinates": [ 69.355578, 41.316521 ] } },
{ "type": "Feature", "properties": { "ID": "01-687", "?": "ИТС", "Tuman": "Шайхонтохурт.", "Adres": "А.Қодирий-ИсломАкадемияси", "Tizimdako'": null, "Tadbirkorb": "ҳа", "Qurilishya": "yakunlanmagan", "Ruxsatberi": null, "Faolgao'tg": null, "Kontroller": null, "Y": "41.324326", "X": "69.259742", "Field14": null }, "geometry": { "type": "Point", "coordinates": [ 69.259742, 41.324326 ] } },
{ "type": "Feature", "properties": { "ID": "01-691", "?": "ИТС", "Tuman": "Юнусабодт.", "Adres": "Чинобод-Чинободтор", "Tizimdako'": null, "Tadbirkorb": "йўқ", "Qurilishya": "Jarayonda", "Ruxsatberi": null, "Faolgao'tg": null, "Kontroller": null, "Y": "41.354220", "X": "69.301426", "Field14": null }, "geometry": { "type": "Point", "coordinates": [ 69.301426, 41.35422 ] } },
{ "type": "Feature", "properties": { "ID": "01-693", "?": "ИТС", "Tuman": "Бектемирт.", "Adres": "Охангарон-Артел", "Tizimdako'": null, "Tadbirkorb": "ҳа", "Qurilishya": "yakunlanmagan", "Ruxsatberi": null, "Faolgao'tg": null, "Kontroller": null, "Y": "41.266335", "X": "69.368639", "Field14": null }, "geometry": { "type": "Point", "coordinates": [ 69.368639, 41.266335 ] } },
{ "type": "Feature", "properties": { "ID": "01-694", "?": "ИТС", "Tuman": null, "Adres": "Fargonayo`li-Jarqo`rgonk", "Tizimdako'": "mavjudemas", "Tadbirkorb": "ҳа", "Qurilishya": "yakunlangan", "Ruxsatberi": null, "Faolgao'tg": null, "Kontroller": "Tizimdayo'q", "Y": "41.266490", "X": "69.314685", "Field14": null }, "geometry": { "type": "Point", "coordinates": [ 69.314685, 41.26649 ] } },
{ "type": "Feature", "properties": { "ID": "01-696", "?": "ИТС", "Tuman": "Мирободт.", "Adres": "С.Азимов-ГУВД", "Tizimdako'": null, "Tadbirkorb": "ҳа", "Qurilishya": "yakunlanmagan", "Ruxsatberi": null, "Faolgao'tg": null, "Kontroller": null, "Y": "41.301216", "X": "69.284663", "Field14": null }, "geometry": { "type": "Point", "coordinates": [ 69.284663, 41.301216 ] } },
{ "type": "Feature", "properties": { "ID": "01-697", "?": "ИТС", "Tuman": "Сергелит.", "Adres": "Қўйлиқ5бозорча", "Tizimdako'": null, "Tadbirkorb": "ҳа", "Qurilishya": "yakunlanmagan", "Ruxsatberi": null, "Faolgao'tg": null, "Kontroller": null, "Y": "41.249040", "X": "69.301654", "Field14": null }, "geometry": { "type": "Point", "coordinates": [ 69.301654, 41.24904 ] } },
{ "type": "Feature", "properties": { "ID": "01-699", "?": "ИТС", "Tuman": "Яккасаройт.", "Adres": "А.Термизий-Шохжахон", "Tizimdako'": null, "Tadbirkorb": "йўқ", "Qurilishya": "Jarayonda", "Ruxsatberi": null, "Faolgao'tg": null, "Kontroller": null, "Y": "41.284259", "X": "69.244390", "Field14": null }, "geometry": { "type": "Point", "coordinates": [ 69.24439, 41.284259 ] } },
{ "type": "Feature", "properties": { "ID": "01-702", "?": "ИТС", "Tuman": null, "Adres": "Buyukipakyo‘liko‘chasi101-maktab-internatioldidagipiyodalaro‘tishjoyi", "Tizimdako'": "transportbor", "Tadbirkorb": "ҳа", "Qurilishya": "Yakunlangan", "Ruxsatberi": "ruxsatyoq", "Faolgao'tg": null, "Kontroller": "Tizimdamavjud", "Y": "41.335287", "X": "69.353387", "Field14": null }, "geometry": { "type": "Point", "coordinates": [ 69.353387, 41.335287 ] } },
{ "type": "Feature", "properties": { "ID": "01-703", "?": "ИТС", "Tuman": "Олмазорт.", "Adres": "А.Дониш-ширин", "Tizimdako'": null, "Tadbirkorb": "ҳа", "Qurilishya": "yakunlanmagan", "Ruxsatberi": null, "Faolgao'tg": null, "Kontroller": null, "Y": "41.349448", "X": "69.262873", "Field14": null }, "geometry": { "type": "Point", "coordinates": [ 69.262873, 41.349448 ] } },
{ "type": "Feature", "properties": { "ID": "01-705", "?": "ИТС", "Tuman": null, "Adres": "Gulsanamko‘chasi,12-uyoldidagichorraha(“Navro‘z”bozorioldi)", "Tizimdako'": "mavjudemas", "Tadbirkorb": "йўқ", "Qurilishya": "Yakunlangan", "Ruxsatberi": null, "Faolgao'tg": null, "Kontroller": "Tizimdayo'q", "Y": "41.355068", "X": "69.387442", "Field14": null }, "geometry": { "type": "Point", "coordinates": [ 69.387442, 41.355068 ] } },
{ "type": "Feature", "properties": { "ID": "01-706", "?": "ИТС", "Tuman": null, "Adres": "lot2Бобуркўчаси(“Некс”–Сеулкўчалароралиғи)", "Tizimdako'": "mavjudemas", "Tadbirkorb": "ҳа", "Qurilishya": "Yakunlangan", "Ruxsatberi": null, "Faolgao'tg": null, "Kontroller": "Tizimdayo'q", "Y": "41.299987", "X": "69.249097", "Field14": null }, "geometry": { "type": "Point", "coordinates": [ 69.249097, 41.299987 ] } },
{ "type": "Feature", "properties": { "ID": "01-707", "?": "ИТС", "Tuman": null, "Adres": "улицаУсманаНосира(58-поликлиника)", "Tizimdako'": "transportbor", "Tadbirkorb": "йўқ", "Qurilishya": "Yakunlangan", "Ruxsatberi": null, "Faolgao'tg": null, "Kontroller": "Tizimdamavjud", "Y": "41.271167", "X": "69.237872", "Field14": null }, "geometry": { "type": "Point", "coordinates": [ 69.237872, 41.271167 ] } },
{ "type": "Feature", "properties": { "ID": "01-709", "?": "ИТС", "Tuman": "Юнусабодт.", "Adres": "проспектАмираТемура(возлемагазинаУно)", "Tizimdako'": null, "Tadbirkorb": "ҳа", "Qurilishya": "yakunlanmagan", "Ruxsatberi": null, "Faolgao'tg": null, "Kontroller": null, "Y": "41.369762", "X": "69.286294", "Field14": null }, "geometry": { "type": "Point", "coordinates": [ 69.286294, 41.369762 ] } },
{ "type": "Feature", "properties": { "ID": "01-713", "?": "ИТС", "Tuman": "Юнусабодт.", "Adres": "ПроспектНавоивозлеминистерствасельскогоиводногохозяйства", "Tizimdako'": null, "Tadbirkorb": "йўқ", "Qurilishya": "yakunlanmagan", "Ruxsatberi": "ruxsatyoq", "Faolgao'tg": null, "Kontroller": null, "Y": "41.319935", "X": "69.267039", "Field14": null }, "geometry": { "type": "Point", "coordinates": [ 69.267039, 41.319935 ] } },
{ "type": "Feature", "properties": { "ID": "01-716", "?": "ИТС", "Tuman": null, "Adres": "Tarrqiyotko'chasi(Travmatalogiyainstituti.", "Tizimdako'": "mavjudemas", "Tadbirkorb": "йўқ", "Qurilishya": "Yakunlangan", "Ruxsatberi": "ruxsatyoq", "Faolgao'tg": null, "Kontroller": "Tizimdayo'q", "Y": "41.306940", "X": "69.295651", "Field14": null }, "geometry": { "type": "Point", "coordinates": [ 69.295651, 41.30694 ] } },
{ "type": "Feature", "properties": { "ID": "01-718", "?": "ИТС", "Tuman": "Олмазорт.", "Adres": "ПересечениеулицКелесЙулииСайхун", "Tizimdako'": null, "Tadbirkorb": "йўқ", "Qurilishya": "Yakunlangan", "Ruxsatberi": null, "Faolgao'tg": null, "Kontroller": "Tizimdayo'q", "Y": "41.377029", "X": "69.222595", "Field14": null }, "geometry": { "type": "Point", "coordinates": [ 69.222595, 41.377029 ] } },
{ "type": "Feature", "properties": { "ID": "01-722", "?": "ИТС", "Tuman": null, "Adres": "МКАД", "Tizimdako'": "transportbor", "Tadbirkorb": "йўқ", "Qurilishya": "Yakunlangan", "Ruxsatberi": null, "Faolgao'tg": null, "Kontroller": "Tizimdamavjud", "Y": "41.312317", "X": "69.193456", "Field14": null }, "geometry": { "type": "Point", "coordinates": [ 69.193456, 41.312317 ] } },
{ "type": "Feature", "properties": { "ID": "01-725", "?": "ИТС", "Tuman": null, "Adres": "перекрестокулицМКАДиУмид", "Tizimdako'": "transportbor", "Tadbirkorb": "йўқ", "Qurilishya": "Yakunlangan", "Ruxsatberi": null, "Faolgao'tg": null, "Kontroller": "Tizimdamavjud", "Y": "41.3499", "X": "69.2233", "Field14": null }, "geometry": { "type": "Point", "coordinates": [ 69.2233, 41.3499 ] } },
{ "type": "Feature", "properties": { "ID": "01-729", "?": "ИТС", "Tuman": "Шайхонтохурт.", "Adres": "улицаНурафшонвозле\"АвторитНурафшон\"", "Tizimdako'": null, "Tadbirkorb": "ҳа", "Qurilishya": "yakunlanmagan", "Ruxsatberi": null, "Faolgao'tg": null, "Kontroller": null, "Y": "41.312287", "X": "69.208524", "Field14": null }, "geometry": { "type": "Point", "coordinates": [ 69.208524, 41.312287 ] } },
{ "type": "Feature", "properties": { "ID": "01-730", "?": "ИТС", "Tuman": null, "Adres": "Nurafshon-1-uy", "Tizimdako'": "optikamavjud", "Tadbirkorb": "йўқ", "Qurilishya": "Yakunlangan", "Ruxsatberi": null, "Faolgao'tg": null, "Kontroller": "Tizimdayo'q", "Y": "41.325323", "X": "69.211878", "Field14": null }, "geometry": { "type": "Point", "coordinates": [ 69.211878, 41.325323 ] } },
{ "type": "Feature", "properties": { "ID": "01-732", "?": "ИТС", "Tuman": null, "Adres": "lot6Нурафшон-Зулфияхоним", "Tizimdako'": "mavjudemas", "Tadbirkorb": "йўқ", "Qurilishya": "yakunlangan", "Ruxsatberi": null, "Faolgao'tg": null, "Kontroller": "Tizimdayo'q", "Y": "41.331785", "X": "69.269554", "Field14": null }, "geometry": { "type": "Point", "coordinates": [ 69.269554, 41.331785 ] } },
{ "type": "Feature", "properties": { "ID": "01-748", "?": "ИТС", "Tuman": "М.Улуғбект.", "Adres": "Дурмонйули-выездулицыШуртепа", "Tizimdako'": null, "Tadbirkorb": "йўқ", "Qurilishya": "yakunlanmagan", "Ruxsatberi": "ruxsatyoq", "Faolgao'tg": null, "Kontroller": null, "Y": "41.334146", "X": "69.346267", "Field14": null }, "geometry": { "type": "Point", "coordinates": [ 69.346267, 41.334146 ] } },
{ "type": "Feature", "properties": { "ID": "01-749", "?": "ИТС", "Tuman": null, "Adres": "AxmadDonish-Chinorkafe.", "Tizimdako'": "transportbor", "Tadbirkorb": "ҳа", "Qurilishya": "Yakunlangan", "Ruxsatberi": null, "Faolgao'tg": null, "Kontroller": "Tizimdamavjud", "Y": "41.370149", "X": "69.293915", "Field14": null }, "geometry": { "type": "Point", "coordinates": [ 69.293915, 41.370149 ] } },
{ "type": "Feature", "properties": { "ID": "01-750", "?": "ИТС", "Tuman": null, "Adres": "AxmadDonish-Intranservis", "Tizimdako'": "transportbor", "Tadbirkorb": "ҳа", "Qurilishya": "Yakunlangan", "Ruxsatberi": null, "Faolgao'tg": null, "Kontroller": "Tizimdamavjud", "Y": "41.362388", "X": "69.283756", "Field14": null }, "geometry": { "type": "Point", "coordinates": [ 69.283756, 41.362388 ] } },
{ "type": "Feature", "properties": { "ID": "01-767", "?": "ИТС", "Tuman": "Учтепат.", "Adres": "ТКАД(Д-МАХцентр)", "Tizimdako'": null, "Tadbirkorb": "ҳа", "Qurilishya": "yakunlanmagan", "Ruxsatberi": null, "Faolgao'tg": null, "Kontroller": null, "Y": "41.310831", "X": "69.152667", "Field14": null }, "geometry": { "type": "Point", "coordinates": [ 69.152667, 41.310831 ] } },
{ "type": "Feature", "properties": { "ID": "01-769", "?": "ИТС", "Tuman": "М.Улуғбект.", "Adres": "улицаТ.Малика(3-хэтажныймост)", "Tizimdako'": null, "Tadbirkorb": "йўқ", "Qurilishya": "yakunlanmagan", "Ruxsatberi": "ruxsatyoq", "Faolgao'tg": null, "Kontroller": null, "Y": "41.307364", "X": "69.340919", "Field14": null }, "geometry": { "type": "Point", "coordinates": [ 69.340919, 41.307364 ] } },
{ "type": "Feature", "properties": { "ID": "01-770", "?": "ИТС", "Tuman": "М.Улуғбект.", "Adres": "улицаТ.Маликанапротивдома№45", "Tizimdako'": null, "Tadbirkorb": "йўқ", "Qurilishya": "yakunlanmagan", "Ruxsatberi": "ruxsatyoq", "Faolgao'tg": null, "Kontroller": null, "Y": "41.338116", "X": "69.378290", "Field14": null }, "geometry": { "type": "Point", "coordinates": [ 69.37829, 41.338116 ] } },
{ "type": "Feature", "properties": { "ID": "01-771", "?": "ИТС", "Tuman": "М.Улуғбект.", "Adres": "улицаТемураМалика", "Tizimdako'": null, "Tadbirkorb": "йўқ", "Qurilishya": "yakunlanmagan", "Ruxsatberi": "ruxsatyoq", "Faolgao'tg": null, "Kontroller": null, "Y": "41.346946", "X": "69.358562", "Field14": null }, "geometry": { "type": "Point", "coordinates": [ 69.358562, 41.346946 ] } },
{ "type": "Feature", "properties": { "ID": "01-772", "?": "ИТС", "Tuman": null, "Adres": "M.Ashrafi-A.Yassaviyko'chasi.", "Tizimdako'": "transportbor", "Tadbirkorb": "йўқ", "Qurilishya": "Yakunlangan", "Ruxsatberi": null, "Faolgao'tg": null, "Kontroller": "Tizimdamavjud", "Y": "41.281853", "X": "69.330884", "Field14": null }, "geometry": { "type": "Point", "coordinates": [ 69.330884, 41.281853 ] } },
{ "type": "Feature", "properties": { "ID": "01-775", "?": "ИТС", "Tuman": "Мирободт.", "Adres": "Г.Алиева-кафеБухаор", "Tizimdako'": null, "Tadbirkorb": "ҳа", "Qurilishya": "yakunlanmagan", "Ruxsatberi": null, "Faolgao'tg": null, "Kontroller": null, "Y": "41.273499", "X": "69.277878", "Field14": null }, "geometry": { "type": "Point", "coordinates": [ 69.277878, 41.273499 ] } },
{ "type": "Feature", "properties": { "ID": "01-790", "?": "ИТС", "Tuman": "Юнусабодт.", "Adres": "улицаБогишамол(ДОУ255)", "Tizimdako'": null, "Tadbirkorb": "йўқ", "Qurilishya": "Jarayonda", "Ruxsatberi": null, "Faolgao'tg": null, "Kontroller": null, "Y": "41.340597", "X": "69.297081", "Field14": null }, "geometry": { "type": "Point", "coordinates": [ 69.297081, 41.340597 ] } },
{ "type": "Feature", "properties": { "ID": "01-801", "?": "ИТС", "Tuman": "Учтепат.", "Adres": "Фарҳод–Фозıлтепа", "Tizimdako'": null, "Tadbirkorb": "ҳа", "Qurilishya": "Yakunlangan", "Ruxsatberi": null, "Faolgao'tg": null, "Kontroller": "Tizimdayo'q", "Y": "41.295362", "X": "69.176408", "Field14": null }, "geometry": { "type": "Point", "coordinates": [ 69.176408, 41.295362 ] } },
{ "type": "Feature", "properties": { "ID": "01-802", "?": "ИТС", "Tuman": null, "Adres": "Buyukipakyo‘li–AhmadYugnakiyko‘chalarikesishmasi", "Tizimdako'": "mavjudemas", "Tadbirkorb": "ҳа", "Qurilishya": "Yakunlangan", "Ruxsatberi": "ruxsatyoq", "Faolgao'tg": null, "Kontroller": "Tizimdayo'q", "Y": "41.352991", "X": "69.387219", "Field14": null }, "geometry": { "type": "Point", "coordinates": [ 69.387219, 41.352991 ] } },
{ "type": "Feature", "properties": { "ID": "01-873", "?": "ИТС", "Tuman": null, "Adres": "MKAD-Spidsentrro'parasi", "Tizimdako'": "transportbor", "Tadbirkorb": "йўқ", "Qurilishya": "Yakunlangan", "Ruxsatberi": null, "Faolgao'tg": null, "Kontroller": "Tizimdamavjud", "Y": "41.276081", "X": "69.202281", "Field14": null }, "geometry": { "type": "Point", "coordinates": [ 69.202281, 41.276081 ] } },
{ "type": "Feature", "properties": { "ID": "01-877", "?": "ИТС", "Tuman": "Сергелит.", "Adres": "Сергелишохкўчаси(АннаАхматовакўчаси)", "Tizimdako'": null, "Tadbirkorb": "ҳа", "Qurilishya": "Jarayonda", "Ruxsatberi": null, "Faolgao'tg": null, "Kontroller": null, "Y": "41.232950", "X": "69.242461", "Field14": null }, "geometry": { "type": "Point", "coordinates": [ 69.242461, 41.23295 ] } },
{ "type": "Feature", "properties": { "ID": "01-883", "?": "ИТС", "Tuman": null, "Adres": "Oltinsayko'chasiDilsaroymuyulishichorrahasi", "Tizimdako'": "transportbor", "Tadbirkorb": "ҳа", "Qurilishya": "Yakunlangan", "Ruxsatberi": null, "Faolgao'tg": null, "Kontroller": "Tizimdamavjud", "Y": "41.356052", "X": "69.238919", "Field14": null }, "geometry": { "type": "Point", "coordinates": [ 69.238919, 41.356052 ] } },
{ "type": "Feature", "properties": { "ID": "01-890", "?": "ИТС", "Tuman": null, "Adres": "Ziyolilarko'chasi–Inhauniversitetioldi", "Tizimdako'": "transportbor", "Tadbirkorb": "ҳа", "Qurilishya": "Yakunlangan", "Ruxsatberi": "ruxsatyoq", "Faolgao'tg": null, "Kontroller": "Tizimdamavjud", "Y": "41.338494", "X": "69.334099", "Field14": null }, "geometry": { "type": "Point", "coordinates": [ 69.334099, 41.338494 ] } },
{ "type": "Feature", "properties": { "ID": "01-901", "?": "ИТС", "Tuman": null, "Adres": "KXAY-SeverniyOlmazor", "Tizimdako'": "Tizimdako'ringan", "Tadbirkorb": "ҳа", "Qurilishya": "Yakunlangan", "Ruxsatberi": null, "Faolgao'tg": null, "Kontroller": "Tizimdamavjud", "Y": "41.34817", "X": "69.25207", "Field14": null }, "geometry": { "type": "Point", "coordinates": [ 69.25207, 41.34817 ] } },
{ "type": "Feature", "properties": { "ID": "01-902", "?": "ИТС", "Tuman": null, "Adres": "Beruniy-Versalpiyodalaro'tishjoyi.", "Tizimdako'": "mavjudemas", "Tadbirkorb": "ҳа", "Qurilishya": "Yakunlangan", "Ruxsatberi": null, "Faolgao'tg": null, "Kontroller": "Tizimdayo'q", "Y": "41.328316", "X": "69.226165", "Field14": null }, "geometry": { "type": "Point", "coordinates": [ 69.226165, 41.328316 ] } },
{ "type": "Feature", "properties": { "ID": "01-904", "?": "ИТС", "Tuman": null, "Adres": "lot1Buyukipakyo‘li–Intizorko‘chalarikesishmasi", "Tizimdako'": "Tizimdako'ringan", "Tadbirkorb": "ҳа", "Qurilishya": "Yakunlangan", "Ruxsatberi": "ruxsatyoq", "Faolgao'tg": null, "Kontroller": "Tizimdamavjud", "Y": "41.336140", "X": "69.354229", "Field14": null }, "geometry": { "type": "Point", "coordinates": [ 69.354229, 41.33614 ] } },
{ "type": "Feature", "properties": { "ID": "01-911", "?": "ИТС", "Tuman": null, "Adres": "ТКАD–GilamSaroy.", "Tizimdako'": "mavjudemas", "Tadbirkorb": "ҳа", "Qurilishya": "Yakunlangan", "Ruxsatberi": null, "Faolgao'tg": null, "Kontroller": "Tizimdayo'q", "Y": "41.363755", "X": "69.178587", "Field14": null }, "geometry": { "type": "Point", "coordinates": [ 69.178587, 41.363755 ] } },
{ "type": "Feature", "properties": { "ID": "01-912", "?": "ИТС", "Tuman": null, "Adres": "ArchaMKADShayxZayniddinko'chalari.", "Tizimdako'": "transportbor", "Tadbirkorb": "ҳа", "Qurilishya": "Yakunlangan", "Ruxsatberi": null, "Faolgao'tg": null, "Kontroller": "Tizimdamavjud", "Y": "41.333755", "X": "69.201792", "Field14": null }, "geometry": { "type": "Point", "coordinates": [ 69.201792, 41.333755 ] } },
{ "type": "Feature", "properties": { "ID": "01-916", "?": "ИТС", "Tuman": null, "Adres": "ArchaMKADBeshqayrag'ochko'chalarikesishmasi.", "Tizimdako'": "transportbor", "Tadbirkorb": "ҳа", "Qurilishya": "Yakunlangan", "Ruxsatberi": null, "Faolgao'tg": "фаолэмас", "Kontroller": "Tizimdamavjud", "Y": "41.322386", "X": "69.193069", "Field14": null }, "geometry": { "type": "Point", "coordinates": [ 69.193069, 41.322386 ] } },
{ "type": "Feature", "properties": { "ID": "01-918", "?": "ИТС", "Tuman": null, "Adres": "Sh.Rustavelli(Razvarot)", "Tizimdako'": "transportbor", "Tadbirkorb": "ҳа", "Qurilishya": "Yakunlangan", "Ruxsatberi": null, "Faolgao'tg": null, "Kontroller": "Tizimdamavjud", "Y": "41.28007", "X": "69.24766", "Field14": null }, "geometry": { "type": "Point", "coordinates": [ 69.24766, 41.28007 ] } },
{ "type": "Feature", "properties": { "ID": "01-921", "?": "ИТС", "Tuman": null, "Adres": "Sh.Rustavelli(Qonmarkazi)", "Tizimdako'": "transportbor", "Tadbirkorb": "ҳа", "Qurilishya": "Yakunlangan", "Ruxsatberi": null, "Faolgao'tg": null, "Kontroller": "Tizimdamavjud", "Y": "41.26408", "X": "69.22990", "Field14": null }, "geometry": { "type": "Point", "coordinates": [ 69.2299, 41.26408 ] } },
{ "type": "Feature", "properties": { "ID": "01-923", "?": "ИТС", "Tuman": null, "Adres": "Maftumquliko'chas", "Tizimdako'": "mavjudemas", "Tadbirkorb": "ҳа", "Qurilishya": "Yakunlangan", "Ruxsatberi": "ruxsatyoq", "Faolgao'tg": null, "Kontroller": "Tizimdayo'q", "Y": "41.303768", "X": "69.319172", "Field14": null }, "geometry": { "type": "Point", "coordinates": [ 69.319172, 41.303768 ] } },
{ "type": "Feature", "properties": { "ID": "01-924", "?": "ИТС", "Tuman": null, "Adres": "Maftumquliko'chasi", "Tizimdako'": "transportbor", "Tadbirkorb": "ҳа", "Qurilishya": "Yakunlangan", "Ruxsatberi": "ruxsatyoq", "Faolgao'tg": null, "Kontroller": "Tizimdamavjud", "Y": "41.305079", "X": "69.330807", "Field14": null }, "geometry": { "type": "Point", "coordinates": [ 69.330807, 41.305079 ] } },
{ "type": "Feature", "properties": { "ID": "01-926", "?": "ИТС", "Tuman": null, "Adres": "Buyukipakyo‘li–Binokorko‘chalarikesishmasi", "Tizimdako'": "transportbor", "Tadbirkorb": "ҳа", "Qurilishya": "Yakunlangan", "Ruxsatberi": "ruxsatyoq", "Faolgao'tg": null, "Kontroller": "Tizimdamavjud", "Y": "41.340189", "X": "69.358573", "Field14": null }, "geometry": { "type": "Point", "coordinates": [ 69.358573, 41.340189 ] } },
{ "type": "Feature", "properties": { "ID": "01-928", "?": "ИТС", "Tuman": null, "Adres": "Beruniyko'chasiIpotekabankoldi", "Tizimdako'": "transportbor", "Tadbirkorb": "ҳа", "Qurilishya": "Yakunlangan", "Ruxsatberi": null, "Faolgao'tg": null, "Kontroller": "Tizimdamavjud", "Y": "41.343422", "X": "69.206339", "Field14": null }, "geometry": { "type": "Point", "coordinates": [ 69.206339, 41.343422 ] } },
{ "type": "Feature", "properties": { "ID": "01-930", "?": "ИТС", "Tuman": null, "Adres": "Farobiyko'chasiYangitashmiro'parasi", "Tizimdako'": "mavjudemas", "Tadbirkorb": "ҳа", "Qurilishya": "Yakunlangan", "Ruxsatberi": null, "Faolgao'tg": null, "Kontroller": "Tizimdayo'q", "Y": "41.348365", "X": "69.170538", "Field14": null }, "geometry": { "type": "Point", "coordinates": [ 69.170538, 41.348365 ] } },
{ "type": "Feature", "properties": { "ID": "01-931", "?": "ИТС", "Tuman": null, "Adres": "Qumariqko'chasi", "Tizimdako'": "kabeltortilgan", "Tadbirkorb": "ҳа", "Qurilishya": "Yakunlangan", "Ruxsatberi": null, "Faolgao'tg": null, "Kontroller": "Tizimdayo'q", "Y": "41.252174", "X": "69.252597", "Field14": null }, "geometry": { "type": "Point", "coordinates": [ 69.252597, 41.252174 ] } },
{ "type": "Feature", "properties": { "ID": "01-932", "?": "ИТС", "Tuman": null, "Adres": "СодиқжонТолиповкўчаси(АсиаАлиянсбанколди)", "Tizimdako'": "mavjudemas", "Tadbirkorb": "ҳа", "Qurilishya": "Yakunlangan", "Ruxsatberi": null, "Faolgao'tg": null, "Kontroller": "Tizimdayo'q", "Y": "41.268434", "X": "69.268333", "Field14": null }, "geometry": { "type": "Point", "coordinates": [ 69.268333, 41.268434 ] } },
{ "type": "Feature", "properties": { "ID": "01-933", "?": "ИТС", "Tuman": null, "Adres": "AbduraufFitratko'cha", "Tizimdako'": "transportbor", "Tadbirkorb": "ҳа", "Qurilishya": "Yakunlangan", "Ruxsatberi": null, "Faolgao'tg": null, "Kontroller": "Tizimdamavjud", "Y": "41.272521", "X": "69.284240", "Field14": null }, "geometry": { "type": "Point", "coordinates": [ 69.28424, 41.272521 ] } },
{ "type": "Feature", "properties": { "ID": "01-934", "?": "ИТС", "Tuman": null, "Adres": "AbduraufFitratko'chasi", "Tizimdako'": "transportbor", "Tadbirkorb": "ҳа", "Qurilishya": "Yakunlangan", "Ruxsatberi": null, "Faolgao'tg": null, "Kontroller": "Tizimdamavjud", "Y": "41.271739", "X": "69.285923", "Field14": null }, "geometry": { "type": "Point", "coordinates": [ 69.285923, 41.271739 ] } },
{ "type": "Feature", "properties": { "ID": "01-935", "?": "ИТС", "Tuman": null, "Adres": "AbduraufFitratko'chasi3bolnisa", "Tizimdako'": "transportbor", "Tadbirkorb": "ҳа", "Qurilishya": "Yakunlangan", "Ruxsatberi": null, "Faolgao'tg": null, "Kontroller": "Tizimdamavjud", "Y": "41.271741", "X": "69.306237", "Field14": null }, "geometry": { "type": "Point", "coordinates": [ 69.306237, 41.271741 ] } },
{ "type": "Feature", "properties": { "ID": "01-936", "?": "ИТС", "Tuman": null, "Adres": "Ashrafiyko'chasi", "Tizimdako'": "transportbor", "Tadbirkorb": "ҳа", "Qurilishya": "Yakunlangan", "Ruxsatberi": null, "Faolgao'tg": null, "Kontroller": "Tizimdamavjud", "Y": "41.274898", "X": "69.314969", "Field14": null }, "geometry": { "type": "Point", "coordinates": [ 69.314969, 41.274898 ] } },
{ "type": "Feature", "properties": { "ID": "01-937", "?": "ИТС", "Tuman": null, "Adres": "Ashrafiyko'chasipochtaoldi", "Tizimdako'": "transportbor", "Tadbirkorb": "ҳа", "Qurilishya": "Yakunlangan", "Ruxsatberi": null, "Faolgao'tg": null, "Kontroller": "Tizimdamavjud", "Y": "41.275346", "X": "69.316034", "Field14": null }, "geometry": { "type": "Point", "coordinates": [ 69.316034, 41.275346 ] } },
{ "type": "Feature", "properties": { "ID": "01-938", "?": "ИТС", "Tuman": null, "Adres": "Ashrafiyko'chasiParvozRestorani", "Tizimdako'": "transportbor", "Tadbirkorb": "ҳа", "Qurilishya": "Yakunlangan", "Ruxsatberi": null, "Faolgao'tg": null, "Kontroller": "Tizimdamavjud", "Y": "41.289729", "X": "69.338642", "Field14": null }, "geometry": { "type": "Point", "coordinates": [ 69.338642, 41.289729 ] } },
{ "type": "Feature", "properties": { "ID": "01-955", "?": "ИТС", "Tuman": null, "Adres": "Jasorat-Binokorko'chalarikesishmasi(YangiO'zbekiston)", "Tizimdako'": "transportbor", "Tadbirkorb": "ҳа", "Qurilishya": "Yakunlangan", "Ruxsatberi": "ruxsatyoq", "Faolgao'tg": null, "Kontroller": "Tizimdamavjud", "Y": "41.324655", "X": "69.388263", "Field14": null }, "geometry": { "type": "Point", "coordinates": [ 69.388263, 41.324655 ] } },
{ "type": "Feature", "properties": { "ID": "01-956", "?": "ИТС", "Tuman": null, "Adres": "Lutfiy-1torko'chasichorrahasi", "Tizimdako'": "transportbor", "Tadbirkorb": "ҳа", "Qurilishya": "Yakunlangan", "Ruxsatberi": null, "Faolgao'tg": null, "Kontroller": "Tizimdamavjud", "Y": "41.299782", "X": "69.202273", "Field14": null }, "geometry": { "type": "Point", "coordinates": [ 69.202273, 41.299782 ] } },
{ "type": "Feature", "properties": { "ID": "01-962", "?": "ИТС", "Tuman": null, "Adres": "Milliybog'ko'chasiDo'stlikko'chasi(QIBRAYTUMANITIBBIYOTBIRLASHMASI)", "Tizimdako'": "transportbor", "Tadbirkorb": "ҳа", "Qurilishya": "Yakunlangan", "Ruxsatberi": "ruxsatyoq", "Faolgao'tg": null, "Kontroller": "Tizimdamavjud", "Y": "41.336618", "X": "69.398020", "Field14": null }, "geometry": { "type": "Point", "coordinates": [ 69.39802, 41.336618 ] } },
{ "type": "Feature", "properties": { "ID": "01-963", "?": "ИТС", "Tuman": null, "Adres": "Milliybog'ko'chasiXislatko'chalarikesishmasi", "Tizimdako'": "transportbor", "Tadbirkorb": "ҳа", "Qurilishya": "Yakunlangan", "Ruxsatberi": "ruxsatyoq", "Faolgao'tg": null, "Kontroller": "Tizimdamavjud", "Y": "41.337802", "X": "69.389940", "Field14": null }, "geometry": { "type": "Point", "coordinates": [ 69.38994, 41.337802 ] } },
{ "type": "Feature", "properties": { "ID": "01-964", "?": "ИТС", "Tuman": null, "Adres": "Milliybog'ko'chasiDo'stlikko'chasikesishmasi(Garantbankoldi)", "Tizimdako'": "transportbor", "Tadbirkorb": "ҳа", "Qurilishya": "Yakunlangan", "Ruxsatberi": "ruxsatyoq", "Faolgao'tg": null, "Kontroller": "Tizimdamavjud", "Y": "41.338558", "X": "69.385494", "Field14": null }, "geometry": { "type": "Point", "coordinates": [ 69.385494, 41.338558 ] } },
{ "type": "Feature", "properties": { "ID": "01-966", "?": "ИТС", "Tuman": null, "Adres": "Rixsiliko'chasi(Korzinka).", "Tizimdako'": "transportbor", "Tadbirkorb": "ҳа", "Qurilishya": "Yakunlangan", "Ruxsatberi": null, "Faolgao'tg": null, "Kontroller": "Tizimdayo'q", "Y": "41.373583", "X": "69.273371", "Field14": null }, "geometry": { "type": "Point", "coordinates": [ 69.273371, 41.373583 ] } },
{ "type": "Feature", "properties": { "ID": "01-975", "?": "ИТС", "Tuman": null, "Adres": "Buyukipakyo‘li–Jasoratko‘chalarikesishmasi", "Tizimdako'": "transportbor", "Tadbirkorb": "ҳа", "Qurilishya": "Yakunlangan", "Ruxsatberi": "ruxsatyoq", "Faolgao'tg": null, "Kontroller": "Tizimdamavjud", "Y": "41.341515", "X": "69.360014", "Field14": null }, "geometry": { "type": "Point", "coordinates": [ 69.360014, 41.341515 ] } },
{ "type": "Feature", "properties": { "ID": "01-976", "?": "ИТС", "Tuman": null, "Adres": "Buyukipakyo‘li–Sho‘rtepa2-torko‘chalarikesishmasi", "Tizimdako'": "transportbor", "Tadbirkorb": "ҳа", "Qurilishya": "Yakunlangan", "Ruxsatberi": "ruxsatyoq", "Faolgao'tg": null, "Kontroller": "Tizimdamavjud", "Y": "41.345639", "X": "69.364389", "Field14": null }, "geometry": { "type": "Point", "coordinates": [ 69.364389, 41.345639 ] } },
{ "type": "Feature", "properties": { "ID": "01-992", "?": "ИТС", "Tuman": null, "Adres": "Buyukipakyo‘li–Sultoniya5-torko‘chalarikesishmasi", "Tizimdako'": "transportbor", "Tadbirkorb": "ҳа", "Qurilishya": "Yakunlangan", "Ruxsatberi": "ruxsatyoq", "Faolgao'tg": null, "Kontroller": "Tizimdamavjud", "Y": "41.348477", "X": "69.367533", "Field14": null }, "geometry": { "type": "Point", "coordinates": [ 69.367533, 41.348477 ] } },
{ "type": "Feature", "properties": { "ID": "01-993", "?": "ИТС", "Tuman": null, "Adres": "Buyukipakyo‘liToraBuvajomemasjidioldipiyodalaro‘tishjoyi", "Tizimdako'": "transportbor", "Tadbirkorb": "ҳа", "Qurilishya": "Yakunlangan", "Ruxsatberi": "ruxsatyoq", "Faolgao'tg": null, "Kontroller": "Tizimdamavjud", "Y": "41.350212", "X": "69.376715", "Field14": null }, "geometry": { "type": "Point", "coordinates": [ 69.376715, 41.350212 ] } },
{ "type": "Feature", "properties": { "ID": "01-994", "?": "ИТС", "Tuman": null, "Adres": "Buyukipakyo‘li–Sultoniyako‘chalarikesishmasi", "Tizimdako'": "Tizimdako'ringan", "Tadbirkorb": "ҳа", "Qurilishya": "Yakunlangan", "Ruxsatberi": "ruxsatyoq", "Faolgao'tg": null, "Kontroller": "Tizimdayo'q", "Y": "41.350442", "X": "69.378894", "Field14": null }, "geometry": { "type": "Point", "coordinates": [ 69.378894, 41.350442 ] } },
{ "type": "Feature", "properties": { "ID": "01-917", "?": "ИТС", "Tuman": null, "Adres": "Ш.Руставели", "Tizimdako'": null, "Tadbirkorb": "йўқ", "Qurilishya": "Yakunlangan", "Ruxsatberi": null, "Faolgao'tg": null, "Kontroller": "Tizimdamavjud", "Y": "41.28307", "X": "69.25096", "Field14": null }, "geometry": { "type": "Point", "coordinates": [ 69.25096, 41.28307 ] } },
{ "type": "Feature", "properties": { "ID": "01-884", "?": "ИТС", "Tuman": null, "Adres": "Oltinsoy-Dilsaroyko'chasichorahalari", "Tizimdako'": null, "Tadbirkorb": "йўқ", "Qurilishya": "Yakunlangan", "Ruxsatberi": null, "Faolgao'tg": null, "Kontroller": "Tizimdamavjud", "Y": "41.351913", "X": "69.238631", "Field14": null }, "geometry": { "type": "Point", "coordinates": [ 69.238631, 41.351913 ] } }
]
}
